
  .   ____          _            __ _ _
 /\\ / ___'_ __ _ _(_)_ __  __ _ \ \ \ \
( ( )\___ | '_ | '_| | '_ \/ _` | \ \ \ \
 \\/  ___)| |_)| | | | | || (_| |  ) ) ) )
  '  |____| .__|_| |_|_| |_\__, | / / / /
 =========|_|==============|___/=/_/_/_/
 :: Spring Boot ::                (v3.2.2)

2026-09-14T16:17:05.156+08:00  INFO 79744 --- [ecos-gateway] [           main] c.c.gzcm.gateway.GatewayApplication      : Starting GatewayApplication using Java 17.0.10 with PID 79744 (D:\workspace\javaprojects\ECOS\ecos_backend\gateway\target\gateway-1.0.0-SNAPSHOT.jar started by guoro in D:\workspace\javaprojects\ECOS)
2026-09-14T16:17:05.173+08:00 DEBUG 79744 --- [ecos-gateway] [           main] c.c.gzcm.gateway.GatewayApplication      : Running with Spring Boot v3.2.2, Spring v6.1.3
2026-09-14T16:17:05.178+08:00  INFO 79744 --- [ecos-gateway] [           main] c.c.gzcm.gateway.GatewayApplication      : The following 1 profile is active: "enterprise"
2026-09-14T16:17:22.253+08:00  WARN 79744 --- [ecos-gateway] [           main] o.m.s.mapper.ClassPathMapperScanner      : Skipping MapperFactoryBean with name 'dqRuleMapper' and 'com.chinacreator.gzcm.engine.data.quality.mapper.DqRuleMapper' mapperInterface. Bean already defined with the same name!
2026-09-14T16:17:22.255+08:00  WARN 79744 --- [ecos-gateway] [           main] o.m.s.mapper.ClassPathMapperScanner      : Skipping MapperFactoryBean with name 'dqScheduleMapper' and 'com.chinacreator.gzcm.engine.data.quality.mapper.DqScheduleMapper' mapperInterface. Bean already defined with the same name!
2026-09-14T16:17:34.688+08:00  INFO 79744 --- [ecos-gateway] [           main] o.s.b.w.embedded.tomcat.TomcatWebServer  : Tomcat initialized with port 8080 (http)
2026-09-14T16:17:34.764+08:00  INFO 79744 --- [ecos-gateway] [           main] o.apache.catalina.core.StandardService   : Starting service [Tomcat]
2026-09-14T16:17:34.768+08:00  INFO 79744 --- [ecos-gateway] [           main] o.apache.catalina.core.StandardEngine    : Starting Servlet engine: [Apache Tomcat/10.1.18]
2026-09-14T16:17:35.073+08:00  INFO 79744 --- [ecos-gateway] [           main] o.a.c.c.C.[Tomcat].[localhost].[/]       : Initializing Spring embedded WebApplicationContext
2026-09-14T16:17:35.080+08:00  INFO 79744 --- [ecos-gateway] [           main] w.s.c.ServletWebServerApplicationContext : Root WebApplicationContext: initialization completed in 29269 ms
2026-09-14T16:17:40.661+08:00  INFO 79744 --- [ecos-gateway] [           main] c.c.g.sysman.security.JwtTokenProvider   : JwtTokenProvider initialized with RS256 keys
2026-09-14T16:17:41.357+08:00 DEBUG 79744 --- [ecos-gateway] [           main] c.c.g.s.s.JwtAuthenticationFilter        : Filter 'jwtAuthenticationFilter' configured for use
2026-09-14T16:17:41.369+08:00 DEBUG 79744 --- [ecos-gateway] [           main] c.c.gzcm.gateway.filter.QuotaFilter      : Filter 'quotaFilter' configured for use
2026-09-14T16:17:41.371+08:00 DEBUG 79744 --- [ecos-gateway] [           main] c.c.gzcm.gateway.filter.RateLimitFilter  : Filter 'rateLimitFilter' configured for use
2026-09-14T16:17:41.373+08:00 DEBUG 79744 --- [ecos-gateway] [           main] c.c.g.g.f.VersionPrefixRewriteFilter     : Filter 'versionPrefixRewriteFilter' configured for use
2026-09-14T16:17:41.375+08:00 DEBUG 79744 --- [ecos-gateway] [           main] c.c.g.g.filter.SecurityHeadersFilter     : Filter 'securityHeadersFilter' configured for use
2026-09-14T16:17:41.897+08:00  INFO 79744 --- [ecos-gateway] [           main] c.c.g.gateway.twin.DigitalTwinService    : P3-4 DigitalTwinService initialized with 5 devices
2026-09-14T16:17:42.070+08:00  INFO 79744 --- [ecos-gateway] [           main] i.opentelemetry.api.GlobalOpenTelemetry  : AutoConfiguredOpenTelemetrySdk found on classpath but automatic configuration is disabled. To enable, run your JVM with -Dotel.java.global-autoconfigure.enabled=true
2026-09-14T16:17:42.762+08:00  INFO 79744 --- [ecos-gateway] [           main] c.c.g.gateway.oag.OagForwardController   : [OAG-FWD] OAG 转发控制器已初始化, 目标 http://localhost:18084
2026-09-14T16:17:42.904+08:00  INFO 79744 --- [ecos-gateway] [           main] c.c.g.gateway.telemetry.UsageCollector   : A7 租户用量聚合任务已注册到 runtime-task: taskType=USAGE_AGGREGATION, scheduleId=8f3c919e-a8a3-4b67-9598-51466ecab501
2026-09-14T16:17:42.922+08:00  INFO 79744 --- [ecos-gateway] [pool-2-thread-1] .c.g.r.c.t.s.i.TaskManagementServiceImpl : 任务已提交: taskId=f169e154-354f-4941-b5e2-99ea59353c6f, taskName=usage-aggregation
2026-09-14T16:17:42.942+08:00  INFO 79744 --- [ecos-gateway] [pool-2-thread-1] .c.g.r.c.t.s.i.TaskManagementServiceImpl : 任务已解析: taskId=f169e154-354f-4941-b5e2-99ea59353c6f
2026-09-14T16:17:42.946+08:00 DEBUG 79744 --- [ecos-gateway] [pool-2-thread-1] c.c.g.r.c.t.c.AgentCronTaskExecutor      : AgentCronTaskExecutor.onStatusUpdate: taskId=f169e154-354f-4941-b5e2-99ea59353c6f, status=RUNNING
2026-09-14T16:17:42.959+08:00 DEBUG 79744 --- [ecos-gateway] [pool-2-thread-1] c.c.g.g.jdbc.TenantAwareJdbcTemplate     : Executing prepared SQL update
2026-09-14T16:17:42.967+08:00 DEBUG 79744 --- [ecos-gateway] [pool-2-thread-1] c.c.g.g.jdbc.TenantAwareJdbcTemplate     : Executing prepared SQL statement [INSERT INTO ecos_tenant_usage (tenant_id, usage_date, quota_type, used_count, updated_at) SELECT 'unknown' AS tenant_id, ?::date, 'API_CALLS', COUNT(*) AS used_count, NOW() FROM ecos_spans s WHERE s.created_at::date = ?::date ON CONFLICT (tenant_id, usage_date, quota_type) DO UPDATE SET used_count = EXCLUDED.used_count, updated_at = NOW()]
2026-09-14T16:17:43.024+08:00  INFO 79744 --- [ecos-gateway] [pool-2-thread-1] com.zaxxer.hikari.HikariDataSource       : SysManHikariCP - Starting...
2026-09-14T16:17:43.125+08:00 DEBUG 79744 --- [ecos-gateway] [           main] c.c.g.g.jdbc.TenantAwareJdbcTemplate     : Executing SQL statement [ALTER TABLE sys_config ADD COLUMN IF NOT EXISTS config_group VARCHAR(50) DEFAULT 'general']
2026-09-14T16:17:44.399+08:00  INFO 79744 --- [ecos-gateway] [pool-2-thread-1] com.zaxxer.hikari.pool.HikariPool        : SysManHikariCP - Added connection org.postgresql.jdbc.PgConnection@419e52b6
2026-09-14T16:17:44.411+08:00  INFO 79744 --- [ecos-gateway] [pool-2-thread-1] com.zaxxer.hikari.HikariDataSource       : SysManHikariCP - Start completed.
2026-09-14T16:17:44.462+08:00 DEBUG 79744 --- [ecos-gateway] [           main] c.c.g.g.jdbc.TenantAwareJdbcTemplate     : SQLWarning ignored: SQL state '42701', error code '0', message [column "config_group" of relation "sys_config" already exists, skipping]
2026-09-14T16:17:44.550+08:00 DEBUG 79744 --- [ecos-gateway] [           main] c.c.g.g.jdbc.TenantAwareJdbcTemplate     : Executing SQL statement [ALTER TABLE sys_config ADD COLUMN IF NOT EXISTS description TEXT]
2026-09-14T16:17:44.597+08:00 DEBUG 79744 --- [ecos-gateway] [           main] c.c.g.g.jdbc.TenantAwareJdbcTemplate     : SQLWarning ignored: SQL state '42701', error code '0', message [column "description" of relation "sys_config" already exists, skipping]
2026-09-14T16:17:44.600+08:00 DEBUG 79744 --- [ecos-gateway] [           main] c.c.g.g.jdbc.TenantAwareJdbcTemplate     : Executing SQL statement [ALTER TABLE sys_config ADD COLUMN IF NOT EXISTS config_type VARCHAR(20) DEFAULT 'string']
2026-09-14T16:17:44.632+08:00 DEBUG 79744 --- [ecos-gateway] [pool-2-thread-1] c.c.g.g.jdbc.TenantAwareJdbcTemplate     : Executing prepared SQL update
2026-09-14T16:17:44.634+08:00 DEBUG 79744 --- [ecos-gateway] [pool-2-thread-1] c.c.g.g.jdbc.TenantAwareJdbcTemplate     : Executing prepared SQL statement [INSERT INTO ecos_tenant_usage (tenant_id, usage_date, quota_type, used_count, updated_at) SELECT 'unknown' AS tenant_id, ?::date, 'TOKENS', COALESCE(SUM(total_tokens), 0) AS used_count, NOW() FROM ecos_token_usage WHERE created_at::date = ?::date ON CONFLICT (tenant_id, usage_date, quota_type) DO UPDATE SET used_count = EXCLUDED.used_count, updated_at = NOW()]
2026-09-14T16:17:44.643+08:00 DEBUG 79744 --- [ecos-gateway] [           main] c.c.g.g.jdbc.TenantAwareJdbcTemplate     : SQLWarning ignored: SQL state '42701', error code '0', message [column "config_type" of relation "sys_config" already exists, skipping]
2026-09-14T16:17:44.645+08:00 DEBUG 79744 --- [ecos-gateway] [           main] c.c.g.g.jdbc.TenantAwareJdbcTemplate     : Executing SQL statement [CREATE TABLE IF NOT EXISTS ecos_pipeline_function (  id VARCHAR(36) PRIMARY KEY, name VARCHAR(100) NOT NULL UNIQUE,  category VARCHAR(50) NOT NULL, signature TEXT, return_type VARCHAR(50),  description TEXT, example TEXT, is_builtin BOOLEAN DEFAULT true,  created_at TIMESTAMP DEFAULT CURRENT_TIMESTAMP)]
2026-09-14T16:17:44.651+08:00 DEBUG 79744 --- [ecos-gateway] [           main] c.c.g.g.jdbc.TenantAwareJdbcTemplate     : SQLWarning ignored: SQL state '42P07', error code '0', message [relation "ecos_pipeline_function" already exists, skipping]
2026-09-14T16:17:44.652+08:00 DEBUG 79744 --- [ecos-gateway] [           main] c.c.g.g.jdbc.TenantAwareJdbcTemplate     : Executing SQL statement [CREATE TABLE IF NOT EXISTS ecos_pipeline_udf (  id VARCHAR(36) PRIMARY KEY, name VARCHAR(200) NOT NULL UNIQUE,  category VARCHAR(50), language VARCHAR(20) DEFAULT 'python',  signature TEXT, source_code TEXT NOT NULL, compiled_path VARCHAR(500),  version INTEGER DEFAULT 1, author VARCHAR(100), is_shared BOOLEAN DEFAULT false,  description TEXT, created_at TIMESTAMP DEFAULT CURRENT_TIMESTAMP, updated_at TIMESTAMP)]
2026-09-14T16:17:44.664+08:00 DEBUG 79744 --- [ecos-gateway] [           main] c.c.g.g.jdbc.TenantAwareJdbcTemplate     : SQLWarning ignored: SQL state '42P07', error code '0', message [relation "ecos_pipeline_udf" already exists, skipping]
2026-09-14T16:17:44.665+08:00 DEBUG 79744 --- [ecos-gateway] [pool-2-thread-1] c.c.g.gateway.telemetry.UsageCollector   : A7 UsageCollector aggregated 1 API + 1 token usage records for 2026-09-14 on today=2026-09-14
2026-09-14T16:17:44.666+08:00 DEBUG 79744 --- [ecos-gateway] [           main] c.c.g.g.jdbc.TenantAwareJdbcTemplate     : Executing prepared SQL update
2026-09-14T16:17:44.667+08:00 DEBUG 79744 --- [ecos-gateway] [pool-2-thread-1] c.c.g.r.c.t.c.AgentCronTaskExecutor      : AgentCronTaskExecutor.onStatusUpdate: taskId=f169e154-354f-4941-b5e2-99ea59353c6f, status=SUCCEEDED
2026-09-14T16:17:44.668+08:00 DEBUG 79744 --- [ecos-gateway] [           main] c.c.g.g.jdbc.TenantAwareJdbcTemplate     : Executing prepared SQL statement [INSERT INTO sys_config (id, config_key, config_value, config_group, config_type, config_label, description, sort_order, status, edition) VALUES (gen_random_uuid(), ?, ?, ?, ?, ?, ?, 100, 'active', 'all') ON CONFLICT (config_key) DO UPDATE SET description = EXCLUDED.description]
2026-09-14T16:17:44.675+08:00  INFO 79744 --- [ecos-gateway] [pool-2-thread-1] .c.g.r.c.t.s.i.TaskManagementServiceImpl : 任务执行完成: taskId=f169e154-354f-4941-b5e2-99ea59353c6f, status=SUCCEEDED
2026-09-14T16:17:44.677+08:00  INFO 79744 --- [ecos-gateway] [pool-2-thread-1] c.c.g.r.c.t.s.TaskSchedulerServiceImpl   : 定时任务已提交执行 task=f169e154-354f-4941-b5e2-99ea59353c6f taskType=USAGE_AGGREGATION
2026-09-14T16:17:44.694+08:00 DEBUG 79744 --- [ecos-gateway] [           main] c.c.g.g.jdbc.TenantAwareJdbcTemplate     : Executing prepared SQL update
2026-09-14T16:17:44.696+08:00 DEBUG 79744 --- [ecos-gateway] [           main] c.c.g.g.jdbc.TenantAwareJdbcTemplate     : Executing prepared SQL statement [INSERT INTO sys_config (id, config_key, config_value, config_group, config_type, config_label, description, sort_order, status, edition) VALUES (gen_random_uuid(), ?, ?, ?, ?, ?, ?, 100, 'active', 'all') ON CONFLICT (config_key) DO UPDATE SET description = EXCLUDED.description]
2026-09-14T16:17:44.709+08:00 DEBUG 79744 --- [ecos-gateway] [           main] c.c.g.g.jdbc.TenantAwareJdbcTemplate     : Executing prepared SQL update
2026-09-14T16:17:44.711+08:00 DEBUG 79744 --- [ecos-gateway] [           main] c.c.g.g.jdbc.TenantAwareJdbcTemplate     : Executing prepared SQL statement [INSERT INTO sys_config (id, config_key, config_value, config_group, config_type, config_label, description, sort_order, status, edition) VALUES (gen_random_uuid(), ?, ?, ?, ?, ?, ?, 100, 'active', 'all') ON CONFLICT (config_key) DO UPDATE SET description = EXCLUDED.description]
2026-09-14T16:17:44.721+08:00 DEBUG 79744 --- [ecos-gateway] [           main] c.c.g.g.jdbc.TenantAwareJdbcTemplate     : Executing prepared SQL update
2026-09-14T16:17:44.722+08:00 DEBUG 79744 --- [ecos-gateway] [           main] c.c.g.g.jdbc.TenantAwareJdbcTemplate     : Executing prepared SQL statement [INSERT INTO sys_config (id, config_key, config_value, config_group, config_type, config_label, description, sort_order, status, edition) VALUES (gen_random_uuid(), ?, ?, ?, ?, ?, ?, 100, 'active', 'all') ON CONFLICT (config_key) DO UPDATE SET description = EXCLUDED.description]
2026-09-14T16:17:44.734+08:00 DEBUG 79744 --- [ecos-gateway] [           main] c.c.g.g.jdbc.TenantAwareJdbcTemplate     : Executing prepared SQL update
2026-09-14T16:17:44.735+08:00 DEBUG 79744 --- [ecos-gateway] [           main] c.c.g.g.jdbc.TenantAwareJdbcTemplate     : Executing prepared SQL statement [INSERT INTO sys_config (id, config_key, config_value, config_group, config_type, config_label, description, sort_order, status, edition) VALUES (gen_random_uuid(), ?, ?, ?, ?, ?, ?, 100, 'active', 'all') ON CONFLICT (config_key) DO UPDATE SET description = EXCLUDED.description]
2026-09-14T16:17:44.750+08:00 DEBUG 79744 --- [ecos-gateway] [           main] c.c.g.g.jdbc.TenantAwareJdbcTemplate     : Executing prepared SQL update
2026-09-14T16:17:44.751+08:00 DEBUG 79744 --- [ecos-gateway] [           main] c.c.g.g.jdbc.TenantAwareJdbcTemplate     : Executing prepared SQL statement [INSERT INTO sys_config (id, config_key, config_value, config_group, config_type, config_label, description, sort_order, status, edition) VALUES (gen_random_uuid(), ?, ?, ?, ?, ?, ?, 100, 'active', 'all') ON CONFLICT (config_key) DO UPDATE SET description = EXCLUDED.description]
2026-09-14T16:17:44.758+08:00 DEBUG 79744 --- [ecos-gateway] [           main] c.c.g.g.jdbc.TenantAwareJdbcTemplate     : Executing prepared SQL update
2026-09-14T16:17:44.761+08:00 DEBUG 79744 --- [ecos-gateway] [           main] c.c.g.g.jdbc.TenantAwareJdbcTemplate     : Executing prepared SQL statement [INSERT INTO sys_config (id, config_key, config_value, config_group, config_type, config_label, description, sort_order, status, edition) VALUES (gen_random_uuid(), ?, ?, ?, ?, ?, ?, 100, 'active', 'all') ON CONFLICT (config_key) DO UPDATE SET description = EXCLUDED.description]
2026-09-14T16:17:44.768+08:00 DEBUG 79744 --- [ecos-gateway] [           main] c.c.g.g.jdbc.TenantAwareJdbcTemplate     : Executing prepared SQL update
2026-09-14T16:17:44.769+08:00 DEBUG 79744 --- [ecos-gateway] [           main] c.c.g.g.jdbc.TenantAwareJdbcTemplate     : Executing prepared SQL statement [INSERT INTO sys_config (id, config_key, config_value, config_group, config_type, config_label, description, sort_order, status, edition) VALUES (gen_random_uuid(), ?, ?, ?, ?, ?, ?, 100, 'active', 'all') ON CONFLICT (config_key) DO UPDATE SET description = EXCLUDED.description]
2026-09-14T16:17:44.777+08:00 DEBUG 79744 --- [ecos-gateway] [           main] c.c.g.g.jdbc.TenantAwareJdbcTemplate     : Executing prepared SQL update
2026-09-14T16:17:44.778+08:00 DEBUG 79744 --- [ecos-gateway] [           main] c.c.g.g.jdbc.TenantAwareJdbcTemplate     : Executing prepared SQL statement [INSERT INTO sys_config (id, config_key, config_value, config_group, config_type, config_label, description, sort_order, status, edition) VALUES (gen_random_uuid(), ?, ?, ?, ?, ?, ?, 100, 'active', 'all') ON CONFLICT (config_key) DO UPDATE SET description = EXCLUDED.description]
2026-09-14T16:17:44.787+08:00 DEBUG 79744 --- [ecos-gateway] [           main] c.c.g.g.jdbc.TenantAwareJdbcTemplate     : Executing prepared SQL update
2026-09-14T16:17:44.788+08:00 DEBUG 79744 --- [ecos-gateway] [           main] c.c.g.g.jdbc.TenantAwareJdbcTemplate     : Executing prepared SQL statement [INSERT INTO sys_config (id, config_key, config_value, config_group, config_type, config_label, description, sort_order, status, edition) VALUES (gen_random_uuid(), ?, ?, ?, ?, ?, ?, 100, 'active', 'all') ON CONFLICT (config_key) DO UPDATE SET description = EXCLUDED.description]
2026-09-14T16:17:44.802+08:00 DEBUG 79744 --- [ecos-gateway] [           main] c.c.g.g.jdbc.TenantAwareJdbcTemplate     : Executing prepared SQL update
2026-09-14T16:17:44.803+08:00 DEBUG 79744 --- [ecos-gateway] [           main] c.c.g.g.jdbc.TenantAwareJdbcTemplate     : Executing prepared SQL statement [INSERT INTO sys_config (id, config_key, config_value, config_group, config_type, config_label, description, sort_order, status, edition) VALUES (gen_random_uuid(), ?, ?, ?, ?, ?, ?, 100, 'active', 'all') ON CONFLICT (config_key) DO UPDATE SET description = EXCLUDED.description]
2026-09-14T16:17:44.811+08:00 DEBUG 79744 --- [ecos-gateway] [           main] c.c.g.g.jdbc.TenantAwareJdbcTemplate     : Executing prepared SQL update
2026-09-14T16:17:44.813+08:00 DEBUG 79744 --- [ecos-gateway] [           main] c.c.g.g.jdbc.TenantAwareJdbcTemplate     : Executing prepared SQL statement [INSERT INTO sys_config (id, config_key, config_value, config_group, config_type, config_label, description, sort_order, status, edition) VALUES (gen_random_uuid(), ?, ?, ?, ?, ?, ?, 100, 'active', 'all') ON CONFLICT (config_key) DO UPDATE SET description = EXCLUDED.description]
2026-09-14T16:17:44.819+08:00 DEBUG 79744 --- [ecos-gateway] [           main] c.c.g.g.jdbc.TenantAwareJdbcTemplate     : Executing prepared SQL update
2026-09-14T16:17:44.821+08:00 DEBUG 79744 --- [ecos-gateway] [           main] c.c.g.g.jdbc.TenantAwareJdbcTemplate     : Executing prepared SQL statement [INSERT INTO sys_config (id, config_key, config_value, config_group, config_type, config_label, description, sort_order, status, edition) VALUES (gen_random_uuid(), ?, ?, ?, ?, ?, ?, 100, 'active', 'all') ON CONFLICT (config_key) DO UPDATE SET description = EXCLUDED.description]
2026-09-14T16:17:44.828+08:00 DEBUG 79744 --- [ecos-gateway] [           main] c.c.g.g.jdbc.TenantAwareJdbcTemplate     : Executing prepared SQL update
2026-09-14T16:17:44.829+08:00 DEBUG 79744 --- [ecos-gateway] [           main] c.c.g.g.jdbc.TenantAwareJdbcTemplate     : Executing prepared SQL statement [INSERT INTO sys_config (id, config_key, config_value, config_group, config_type, config_label, description, sort_order, status, edition) VALUES (gen_random_uuid(), ?, ?, ?, ?, ?, ?, 100, 'active', 'all') ON CONFLICT (config_key) DO UPDATE SET description = EXCLUDED.description]
2026-09-14T16:17:44.835+08:00 DEBUG 79744 --- [ecos-gateway] [           main] c.c.g.g.jdbc.TenantAwareJdbcTemplate     : Executing prepared SQL update
2026-09-14T16:17:44.836+08:00 DEBUG 79744 --- [ecos-gateway] [           main] c.c.g.g.jdbc.TenantAwareJdbcTemplate     : Executing prepared SQL statement [INSERT INTO sys_config (id, config_key, config_value, config_group, config_type, config_label, description, sort_order, status, edition) VALUES (gen_random_uuid(), ?, ?, ?, ?, ?, ?, 100, 'active', 'all') ON CONFLICT (config_key) DO UPDATE SET description = EXCLUDED.description]
2026-09-14T16:17:44.843+08:00 DEBUG 79744 --- [ecos-gateway] [           main] c.c.g.g.jdbc.TenantAwareJdbcTemplate     : Executing prepared SQL update
2026-09-14T16:17:44.844+08:00 DEBUG 79744 --- [ecos-gateway] [           main] c.c.g.g.jdbc.TenantAwareJdbcTemplate     : Executing prepared SQL statement [INSERT INTO sys_config (id, config_key, config_value, config_group, config_type, config_label, description, sort_order, status, edition) VALUES (gen_random_uuid(), ?, ?, ?, ?, ?, ?, 100, 'active', 'all') ON CONFLICT (config_key) DO UPDATE SET description = EXCLUDED.description]
2026-09-14T16:17:44.858+08:00 DEBUG 79744 --- [ecos-gateway] [           main] c.c.g.g.jdbc.TenantAwareJdbcTemplate     : Executing prepared SQL update
2026-09-14T16:17:44.860+08:00 DEBUG 79744 --- [ecos-gateway] [           main] c.c.g.g.jdbc.TenantAwareJdbcTemplate     : Executing prepared SQL statement [INSERT INTO sys_config (id, config_key, config_value, config_group, config_type, config_label, description, sort_order, status, edition) VALUES (gen_random_uuid(), ?, ?, ?, ?, ?, ?, 100, 'active', 'all') ON CONFLICT (config_key) DO UPDATE SET description = EXCLUDED.description]
2026-09-14T16:17:44.868+08:00 DEBUG 79744 --- [ecos-gateway] [           main] c.c.g.g.jdbc.TenantAwareJdbcTemplate     : Executing prepared SQL update
2026-09-14T16:17:44.869+08:00 DEBUG 79744 --- [ecos-gateway] [           main] c.c.g.g.jdbc.TenantAwareJdbcTemplate     : Executing prepared SQL statement [INSERT INTO sys_config (id, config_key, config_value, config_group, config_type, config_label, description, sort_order, status, edition) VALUES (gen_random_uuid(), ?, ?, ?, ?, ?, ?, 100, 'active', 'all') ON CONFLICT (config_key) DO UPDATE SET description = EXCLUDED.description]
2026-09-14T16:17:44.875+08:00 DEBUG 79744 --- [ecos-gateway] [           main] c.c.g.g.jdbc.TenantAwareJdbcTemplate     : Executing prepared SQL update
2026-09-14T16:17:44.877+08:00 DEBUG 79744 --- [ecos-gateway] [           main] c.c.g.g.jdbc.TenantAwareJdbcTemplate     : Executing prepared SQL statement [INSERT INTO sys_config (id, config_key, config_value, config_group, config_type, config_label, description, sort_order, status, edition) VALUES (gen_random_uuid(), ?, ?, ?, ?, ?, ?, 100, 'active', 'all') ON CONFLICT (config_key) DO UPDATE SET description = EXCLUDED.description]
2026-09-14T16:17:44.884+08:00 DEBUG 79744 --- [ecos-gateway] [           main] c.c.g.g.jdbc.TenantAwareJdbcTemplate     : Executing prepared SQL update
2026-09-14T16:17:44.886+08:00 DEBUG 79744 --- [ecos-gateway] [           main] c.c.g.g.jdbc.TenantAwareJdbcTemplate     : Executing prepared SQL statement [INSERT INTO sys_config (id, config_key, config_value, config_group, config_type, config_label, description, sort_order, status, edition) VALUES (gen_random_uuid(), ?, ?, ?, ?, ?, ?, 100, 'active', 'all') ON CONFLICT (config_key) DO UPDATE SET description = EXCLUDED.description]
2026-09-14T16:17:44.891+08:00 DEBUG 79744 --- [ecos-gateway] [           main] c.c.g.g.jdbc.TenantAwareJdbcTemplate     : Executing prepared SQL update
2026-09-14T16:17:44.893+08:00 DEBUG 79744 --- [ecos-gateway] [           main] c.c.g.g.jdbc.TenantAwareJdbcTemplate     : Executing prepared SQL statement [INSERT INTO sys_config (id, config_key, config_value, config_group, config_type, config_label, description, sort_order, status, edition) VALUES (gen_random_uuid(), ?, ?, ?, ?, ?, ?, 100, 'active', 'all') ON CONFLICT (config_key) DO UPDATE SET description = EXCLUDED.description]
2026-09-14T16:17:44.900+08:00 DEBUG 79744 --- [ecos-gateway] [           main] c.c.g.g.jdbc.TenantAwareJdbcTemplate     : Executing prepared SQL update
2026-09-14T16:17:44.903+08:00 DEBUG 79744 --- [ecos-gateway] [           main] c.c.g.g.jdbc.TenantAwareJdbcTemplate     : Executing prepared SQL statement [INSERT INTO sys_config (id, config_key, config_value, config_group, config_type, config_label, description, sort_order, status, edition) VALUES (gen_random_uuid(), ?, ?, ?, ?, ?, ?, 100, 'active', 'all') ON CONFLICT (config_key) DO UPDATE SET description = EXCLUDED.description]
2026-09-14T16:17:44.910+08:00 DEBUG 79744 --- [ecos-gateway] [           main] c.c.g.g.jdbc.TenantAwareJdbcTemplate     : Executing prepared SQL update
2026-09-14T16:17:44.911+08:00 DEBUG 79744 --- [ecos-gateway] [           main] c.c.g.g.jdbc.TenantAwareJdbcTemplate     : Executing prepared SQL statement [INSERT INTO sys_config (id, config_key, config_value, config_group, config_type, config_label, description, sort_order, status, edition) VALUES (gen_random_uuid(), ?, ?, ?, ?, ?, ?, 100, 'active', 'all') ON CONFLICT (config_key) DO UPDATE SET description = EXCLUDED.description]
2026-09-14T16:17:44.923+08:00 DEBUG 79744 --- [ecos-gateway] [           main] c.c.g.g.jdbc.TenantAwareJdbcTemplate     : Executing prepared SQL update
2026-09-14T16:17:44.924+08:00 DEBUG 79744 --- [ecos-gateway] [           main] c.c.g.g.jdbc.TenantAwareJdbcTemplate     : Executing prepared SQL statement [INSERT INTO sys_config (id, config_key, config_value, config_group, config_type, config_label, description, sort_order, status, edition) VALUES (gen_random_uuid(), ?, ?, ?, ?, ?, ?, 100, 'active', 'all') ON CONFLICT (config_key) DO UPDATE SET description = EXCLUDED.description]
2026-09-14T16:17:44.935+08:00 DEBUG 79744 --- [ecos-gateway] [           main] c.c.g.g.jdbc.TenantAwareJdbcTemplate     : Executing prepared SQL update
2026-09-14T16:17:44.936+08:00 DEBUG 79744 --- [ecos-gateway] [           main] c.c.g.g.jdbc.TenantAwareJdbcTemplate     : Executing prepared SQL statement [INSERT INTO sys_config (id, config_key, config_value, config_group, config_type, config_label, description, sort_order, status, edition) VALUES (gen_random_uuid(), ?, ?, ?, ?, ?, ?, 100, 'active', 'all') ON CONFLICT (config_key) DO UPDATE SET description = EXCLUDED.description]
2026-09-14T16:17:44.942+08:00 DEBUG 79744 --- [ecos-gateway] [           main] c.c.g.g.jdbc.TenantAwareJdbcTemplate     : Executing prepared SQL update
2026-09-14T16:17:44.946+08:00 DEBUG 79744 --- [ecos-gateway] [           main] c.c.g.g.jdbc.TenantAwareJdbcTemplate     : Executing prepared SQL statement [INSERT INTO sys_config (id, config_key, config_value, config_group, config_type, config_label, description, sort_order, status, edition) VALUES (gen_random_uuid(), ?, ?, ?, ?, ?, ?, 100, 'active', 'all') ON CONFLICT (config_key) DO UPDATE SET description = EXCLUDED.description]
2026-09-14T16:17:44.954+08:00 DEBUG 79744 --- [ecos-gateway] [           main] c.c.g.g.jdbc.TenantAwareJdbcTemplate     : Executing prepared SQL update
2026-09-14T16:17:44.956+08:00 DEBUG 79744 --- [ecos-gateway] [           main] c.c.g.g.jdbc.TenantAwareJdbcTemplate     : Executing prepared SQL statement [INSERT INTO sys_config (id, config_key, config_value, config_group, config_type, config_label, description, sort_order, status, edition) VALUES (gen_random_uuid(), ?, ?, ?, ?, ?, ?, 100, 'active', 'all') ON CONFLICT (config_key) DO UPDATE SET description = EXCLUDED.description]
2026-09-14T16:17:44.963+08:00 DEBUG 79744 --- [ecos-gateway] [           main] c.c.g.g.jdbc.TenantAwareJdbcTemplate     : Executing prepared SQL update
2026-09-14T16:17:44.964+08:00 DEBUG 79744 --- [ecos-gateway] [           main] c.c.g.g.jdbc.TenantAwareJdbcTemplate     : Executing prepared SQL statement [INSERT INTO sys_config (id, config_key, config_value, config_group, config_type, config_label, description, sort_order, status, edition) VALUES (gen_random_uuid(), ?, ?, ?, ?, ?, ?, 100, 'active', 'all') ON CONFLICT (config_key) DO UPDATE SET description = EXCLUDED.description]
2026-09-14T16:17:44.973+08:00 DEBUG 79744 --- [ecos-gateway] [           main] c.c.g.g.jdbc.TenantAwareJdbcTemplate     : Executing prepared SQL update
2026-09-14T16:17:44.974+08:00 DEBUG 79744 --- [ecos-gateway] [           main] c.c.g.g.jdbc.TenantAwareJdbcTemplate     : Executing prepared SQL statement [INSERT INTO sys_config (id, config_key, config_value, config_group, config_type, config_label, description, sort_order, status, edition) VALUES (gen_random_uuid(), ?, ?, ?, ?, ?, ?, 100, 'active', 'all') ON CONFLICT (config_key) DO UPDATE SET description = EXCLUDED.description]
2026-09-14T16:17:44.981+08:00 DEBUG 79744 --- [ecos-gateway] [           main] c.c.g.g.jdbc.TenantAwareJdbcTemplate     : Executing prepared SQL update
2026-09-14T16:17:44.983+08:00 DEBUG 79744 --- [ecos-gateway] [           main] c.c.g.g.jdbc.TenantAwareJdbcTemplate     : Executing prepared SQL statement [INSERT INTO sys_config (id, config_key, config_value, config_group, config_type, config_label, description, sort_order, status, edition) VALUES (gen_random_uuid(), ?, ?, ?, ?, ?, ?, 100, 'active', 'all') ON CONFLICT (config_key) DO UPDATE SET description = EXCLUDED.description]
2026-09-14T16:17:44.991+08:00 DEBUG 79744 --- [ecos-gateway] [           main] c.c.g.g.jdbc.TenantAwareJdbcTemplate     : Executing prepared SQL update
2026-09-14T16:17:44.992+08:00 DEBUG 79744 --- [ecos-gateway] [           main] c.c.g.g.jdbc.TenantAwareJdbcTemplate     : Executing prepared SQL statement [INSERT INTO sys_config (id, config_key, config_value, config_group, config_type, config_label, description, sort_order, status, edition) VALUES (gen_random_uuid(), ?, ?, ?, ?, ?, ?, 100, 'active', 'all') ON CONFLICT (config_key) DO UPDATE SET description = EXCLUDED.description]
2026-09-14T16:17:45.017+08:00 DEBUG 79744 --- [ecos-gateway] [           main] c.c.g.g.jdbc.TenantAwareJdbcTemplate     : Executing prepared SQL update
2026-09-14T16:17:45.019+08:00 DEBUG 79744 --- [ecos-gateway] [           main] c.c.g.g.jdbc.TenantAwareJdbcTemplate     : Executing prepared SQL statement [INSERT INTO sys_config (id, config_key, config_value, config_group, config_type, config_label, description, sort_order, status, edition) VALUES (gen_random_uuid(), ?, ?, ?, ?, ?, ?, 100, 'active', 'all') ON CONFLICT (config_key) DO UPDATE SET description = EXCLUDED.description]
2026-09-14T16:17:45.040+08:00 DEBUG 79744 --- [ecos-gateway] [           main] c.c.g.g.jdbc.TenantAwareJdbcTemplate     : Executing prepared SQL update
2026-09-14T16:17:45.041+08:00 DEBUG 79744 --- [ecos-gateway] [           main] c.c.g.g.jdbc.TenantAwareJdbcTemplate     : Executing prepared SQL statement [INSERT INTO sys_config (id, config_key, config_value, config_group, config_type, config_label, description, sort_order, status, edition) VALUES (gen_random_uuid(), ?, ?, ?, ?, ?, ?, 100, 'active', 'all') ON CONFLICT (config_key) DO UPDATE SET description = EXCLUDED.description]
2026-09-14T16:17:45.052+08:00 DEBUG 79744 --- [ecos-gateway] [           main] c.c.g.g.jdbc.TenantAwareJdbcTemplate     : Executing prepared SQL update
2026-09-14T16:17:45.055+08:00 DEBUG 79744 --- [ecos-gateway] [           main] c.c.g.g.jdbc.TenantAwareJdbcTemplate     : Executing prepared SQL statement [INSERT INTO sys_config (id, config_key, config_value, config_group, config_type, config_label, description, sort_order, status, edition) VALUES (gen_random_uuid(), ?, ?, ?, ?, ?, ?, 100, 'active', 'all') ON CONFLICT (config_key) DO UPDATE SET description = EXCLUDED.description]
2026-09-14T16:17:45.064+08:00 DEBUG 79744 --- [ecos-gateway] [           main] c.c.g.g.jdbc.TenantAwareJdbcTemplate     : Executing prepared SQL update
2026-09-14T16:17:45.066+08:00 DEBUG 79744 --- [ecos-gateway] [           main] c.c.g.g.jdbc.TenantAwareJdbcTemplate     : Executing prepared SQL statement [INSERT INTO sys_config (id, config_key, config_value, config_group, config_type, config_label, description, sort_order, status, edition) VALUES (gen_random_uuid(), ?, ?, ?, ?, ?, ?, 100, 'active', 'all') ON CONFLICT (config_key) DO UPDATE SET description = EXCLUDED.description]
2026-09-14T16:17:45.075+08:00 DEBUG 79744 --- [ecos-gateway] [           main] c.c.g.g.jdbc.TenantAwareJdbcTemplate     : Executing prepared SQL update
2026-09-14T16:17:45.076+08:00 DEBUG 79744 --- [ecos-gateway] [           main] c.c.g.g.jdbc.TenantAwareJdbcTemplate     : Executing prepared SQL statement [INSERT INTO sys_config (id, config_key, config_value, config_group, config_type, config_label, description, sort_order, status, edition) VALUES (gen_random_uuid(), ?, ?, ?, ?, ?, ?, 100, 'active', 'all') ON CONFLICT (config_key) DO UPDATE SET description = EXCLUDED.description]
2026-09-14T16:17:45.088+08:00 DEBUG 79744 --- [ecos-gateway] [           main] c.c.g.g.jdbc.TenantAwareJdbcTemplate     : Executing prepared SQL update
2026-09-14T16:17:45.090+08:00 DEBUG 79744 --- [ecos-gateway] [           main] c.c.g.g.jdbc.TenantAwareJdbcTemplate     : Executing prepared SQL statement [INSERT INTO sys_config (id, config_key, config_value, config_group, config_type, config_label, description, sort_order, status, edition) VALUES (gen_random_uuid(), ?, ?, ?, ?, ?, ?, 100, 'active', 'all') ON CONFLICT (config_key) DO UPDATE SET description = EXCLUDED.description]
2026-09-14T16:17:45.101+08:00 DEBUG 79744 --- [ecos-gateway] [           main] c.c.g.g.jdbc.TenantAwareJdbcTemplate     : Executing prepared SQL update
2026-09-14T16:17:45.103+08:00 DEBUG 79744 --- [ecos-gateway] [           main] c.c.g.g.jdbc.TenantAwareJdbcTemplate     : Executing prepared SQL statement [INSERT INTO sys_config (id, config_key, config_value, config_group, config_type, config_label, description, sort_order, status, edition) VALUES (gen_random_uuid(), ?, ?, ?, ?, ?, ?, 100, 'active', 'all') ON CONFLICT (config_key) DO UPDATE SET description = EXCLUDED.description]
2026-09-14T16:17:45.109+08:00 DEBUG 79744 --- [ecos-gateway] [           main] c.c.g.g.jdbc.TenantAwareJdbcTemplate     : Executing prepared SQL update
2026-09-14T16:17:45.110+08:00 DEBUG 79744 --- [ecos-gateway] [           main] c.c.g.g.jdbc.TenantAwareJdbcTemplate     : Executing prepared SQL statement [INSERT INTO sys_config (id, config_key, config_value, config_group, config_type, config_label, description, sort_order, status, edition) VALUES (gen_random_uuid(), ?, ?, ?, ?, ?, ?, 100, 'active', 'all') ON CONFLICT (config_key) DO UPDATE SET description = EXCLUDED.description]
2026-09-14T16:17:45.120+08:00 DEBUG 79744 --- [ecos-gateway] [           main] c.c.g.g.jdbc.TenantAwareJdbcTemplate     : Executing prepared SQL update
2026-09-14T16:17:45.120+08:00 DEBUG 79744 --- [ecos-gateway] [           main] c.c.g.g.jdbc.TenantAwareJdbcTemplate     : Executing prepared SQL statement [INSERT INTO sys_config (id, config_key, config_value, config_group, config_type, config_label, description, sort_order, status, edition) VALUES (gen_random_uuid(), ?, ?, ?, ?, ?, ?, 100, 'active', 'all') ON CONFLICT (config_key) DO UPDATE SET description = EXCLUDED.description]
2026-09-14T16:17:45.127+08:00 DEBUG 79744 --- [ecos-gateway] [           main] c.c.g.g.jdbc.TenantAwareJdbcTemplate     : Executing prepared SQL update
2026-09-14T16:17:45.129+08:00 DEBUG 79744 --- [ecos-gateway] [           main] c.c.g.g.jdbc.TenantAwareJdbcTemplate     : Executing prepared SQL statement [INSERT INTO sys_config (id, config_key, config_value, config_group, config_type, config_label, description, sort_order, status, edition) VALUES (gen_random_uuid(), ?, ?, ?, ?, ?, ?, 100, 'active', 'all') ON CONFLICT (config_key) DO UPDATE SET description = EXCLUDED.description]
2026-09-14T16:17:45.137+08:00 DEBUG 79744 --- [ecos-gateway] [           main] c.c.g.g.jdbc.TenantAwareJdbcTemplate     : Executing prepared SQL update
2026-09-14T16:17:45.139+08:00 DEBUG 79744 --- [ecos-gateway] [           main] c.c.g.g.jdbc.TenantAwareJdbcTemplate     : Executing prepared SQL statement [INSERT INTO sys_config (id, config_key, config_value, config_group, config_type, config_label, description, sort_order, status, edition) VALUES (gen_random_uuid(), ?, ?, ?, ?, ?, ?, 100, 'active', 'all') ON CONFLICT (config_key) DO UPDATE SET description = EXCLUDED.description]
2026-09-14T16:17:45.150+08:00 DEBUG 79744 --- [ecos-gateway] [           main] c.c.g.g.jdbc.TenantAwareJdbcTemplate     : Executing prepared SQL update
2026-09-14T16:17:45.151+08:00 DEBUG 79744 --- [ecos-gateway] [           main] c.c.g.g.jdbc.TenantAwareJdbcTemplate     : Executing prepared SQL statement [INSERT INTO sys_config (id, config_key, config_value, config_group, config_type, config_label, description, sort_order, status, edition) VALUES (gen_random_uuid(), ?, ?, ?, ?, ?, ?, 100, 'active', 'all') ON CONFLICT (config_key) DO UPDATE SET description = EXCLUDED.description]
2026-09-14T16:17:45.160+08:00 DEBUG 79744 --- [ecos-gateway] [           main] c.c.g.g.jdbc.TenantAwareJdbcTemplate     : Executing prepared SQL update
2026-09-14T16:17:45.162+08:00 DEBUG 79744 --- [ecos-gateway] [           main] c.c.g.g.jdbc.TenantAwareJdbcTemplate     : Executing prepared SQL statement [INSERT INTO sys_config (id, config_key, config_value, config_group, config_type, config_label, description, sort_order, status, edition) VALUES (gen_random_uuid(), ?, ?, ?, ?, ?, ?, 100, 'active', 'all') ON CONFLICT (config_key) DO UPDATE SET description = EXCLUDED.description]
2026-09-14T16:17:45.169+08:00 DEBUG 79744 --- [ecos-gateway] [           main] c.c.g.g.jdbc.TenantAwareJdbcTemplate     : Executing prepared SQL update
2026-09-14T16:17:45.171+08:00 DEBUG 79744 --- [ecos-gateway] [           main] c.c.g.g.jdbc.TenantAwareJdbcTemplate     : Executing prepared SQL statement [INSERT INTO sys_config (id, config_key, config_value, config_group, config_type, config_label, description, sort_order, status, edition) VALUES (gen_random_uuid(), ?, ?, ?, ?, ?, ?, 100, 'active', 'all') ON CONFLICT (config_key) DO UPDATE SET description = EXCLUDED.description]
2026-09-14T16:17:45.189+08:00 DEBUG 79744 --- [ecos-gateway] [           main] c.c.g.g.jdbc.TenantAwareJdbcTemplate     : Executing prepared SQL update
2026-09-14T16:17:45.191+08:00 DEBUG 79744 --- [ecos-gateway] [           main] c.c.g.g.jdbc.TenantAwareJdbcTemplate     : Executing prepared SQL statement [INSERT INTO sys_config (id, config_key, config_value, config_group, config_type, config_label, description, sort_order, status, edition) VALUES (gen_random_uuid(), ?, ?, ?, ?, ?, ?, 100, 'active', 'all') ON CONFLICT (config_key) DO UPDATE SET description = EXCLUDED.description]
2026-09-14T16:17:45.202+08:00 DEBUG 79744 --- [ecos-gateway] [           main] c.c.g.g.jdbc.TenantAwareJdbcTemplate     : Executing prepared SQL update
2026-09-14T16:17:45.203+08:00 DEBUG 79744 --- [ecos-gateway] [           main] c.c.g.g.jdbc.TenantAwareJdbcTemplate     : Executing prepared SQL statement [INSERT INTO sys_config (id, config_key, config_value, config_group, config_type, config_label, description, sort_order, status, edition) VALUES (gen_random_uuid(), ?, ?, ?, ?, ?, ?, 100, 'active', 'all') ON CONFLICT (config_key) DO UPDATE SET description = EXCLUDED.description]
2026-09-14T16:17:45.209+08:00 DEBUG 79744 --- [ecos-gateway] [           main] c.c.g.g.jdbc.TenantAwareJdbcTemplate     : Executing prepared SQL update
2026-09-14T16:17:45.211+08:00 DEBUG 79744 --- [ecos-gateway] [           main] c.c.g.g.jdbc.TenantAwareJdbcTemplate     : Executing prepared SQL statement [INSERT INTO sys_config (id, config_key, config_value, config_group, config_type, config_label, description, sort_order, status, edition) VALUES (gen_random_uuid(), ?, ?, ?, ?, ?, ?, 100, 'active', 'all') ON CONFLICT (config_key) DO UPDATE SET description = EXCLUDED.description]
2026-09-14T16:17:45.217+08:00 DEBUG 79744 --- [ecos-gateway] [           main] c.c.g.g.jdbc.TenantAwareJdbcTemplate     : Executing prepared SQL update
2026-09-14T16:17:45.220+08:00 DEBUG 79744 --- [ecos-gateway] [           main] c.c.g.g.jdbc.TenantAwareJdbcTemplate     : Executing prepared SQL statement [INSERT INTO sys_config (id, config_key, config_value, config_group, config_type, config_label, description, sort_order, status, edition) VALUES (gen_random_uuid(), ?, ?, ?, ?, ?, ?, 100, 'active', 'all') ON CONFLICT (config_key) DO UPDATE SET description = EXCLUDED.description]
2026-09-14T16:17:45.228+08:00 DEBUG 79744 --- [ecos-gateway] [           main] c.c.g.g.jdbc.TenantAwareJdbcTemplate     : Executing prepared SQL query
2026-09-14T16:17:45.232+08:00 DEBUG 79744 --- [ecos-gateway] [           main] c.c.g.g.jdbc.TenantAwareJdbcTemplate     : Executing prepared SQL statement [SELECT config_key, config_value FROM sys_config WHERE status = 'active']
2026-09-14T16:17:45.282+08:00  INFO 79744 --- [ecos-gateway] [           main] c.c.g.s.c.service.impl.SysConfigService  : 缓存刷新完成，当前 142 条配置
2026-09-14T16:17:45.288+08:00  INFO 79744 --- [ecos-gateway] [           main] c.c.g.s.c.service.impl.SysConfigService  : SysConfigService 初始化完成，已加载 142 条配置
2026-09-14T16:17:45.760+08:00  INFO 79744 --- [ecos-gateway] [           main] c.c.g.s.controller.CausalController      : CausalController 初始化完成，已加载 8 个节点, 10 条边
2026-09-14T16:17:45.908+08:00 DEBUG 79744 --- [ecos-gateway] [           main] c.c.g.g.jdbc.TenantAwareJdbcTemplate     : Executing SQL statement [ALTER TABLE sys_dict ADD COLUMN IF NOT EXISTS subsystem VARCHAR(20)]
2026-09-14T16:17:45.922+08:00 DEBUG 79744 --- [ecos-gateway] [           main] c.c.g.g.jdbc.TenantAwareJdbcTemplate     : SQLWarning ignored: SQL state '42701', error code '0', message [column "subsystem" of relation "sys_dict" already exists, skipping]
2026-09-14T16:17:45.923+08:00 DEBUG 79744 --- [ecos-gateway] [           main] c.c.g.g.jdbc.TenantAwareJdbcTemplate     : Executing prepared SQL query
2026-09-14T16:17:45.925+08:00 DEBUG 79744 --- [ecos-gateway] [           main] c.c.g.g.jdbc.TenantAwareJdbcTemplate     : Executing prepared SQL statement [SELECT id, dict_type, dict_code, dict_label, dict_label_en, sort_order, status, parent_code, ext_value, subsystem, created_at, updated_at FROM sys_dict WHERE status = 'active' ORDER BY dict_type, sort_order]
2026-09-14T16:17:45.966+08:00  INFO 79744 --- [ecos-gateway] [           main] c.c.g.s.dict.service.impl.DictService    : Dict cache refreshed: 18 types, 76 items in 43ms
2026-09-14T16:17:46.040+08:00 DEBUG 79744 --- [ecos-gateway] [           main] c.c.g.g.jdbc.TenantAwareJdbcTemplate     : Executing SQL statement [CREATE TABLE IF NOT EXISTS dict_table (  id VARCHAR(36) PRIMARY KEY,  code VARCHAR(200),  name VARCHAR(200) NOT NULL,  name_zh VARCHAR(200),  schema_name VARCHAR(200),  description TEXT,  status VARCHAR(32) DEFAULT 'DRAFT',  source VARCHAR(100),  row_count BIGINT,  storage_size VARCHAR(50),  owner VARCHAR(100),  tags TEXT,  created_by VARCHAR(100),  created_at TIMESTAMP DEFAULT NOW(),  updated_at TIMESTAMP DEFAULT NOW())]
2026-09-14T16:17:46.050+08:00 DEBUG 79744 --- [ecos-gateway] [           main] c.c.g.g.jdbc.TenantAwareJdbcTemplate     : SQLWarning ignored: SQL state '42P07', error code '0', message [relation "dict_table" already exists, skipping]
2026-09-14T16:17:46.052+08:00 DEBUG 79744 --- [ecos-gateway] [           main] c.c.g.g.jdbc.TenantAwareJdbcTemplate     : Executing SQL statement [CREATE TABLE IF NOT EXISTS dict_column (  id VARCHAR(36) PRIMARY KEY,  table_id VARCHAR(36) NOT NULL REFERENCES dict_table(id) ON DELETE CASCADE,  name VARCHAR(200) NOT NULL,  type VARCHAR(100) NOT NULL,  length INT,  precision_val INT,  scale INT,  nullable BOOLEAN DEFAULT true,  primary_key BOOLEAN DEFAULT false,  default_value VARCHAR(500),  description TEXT,  sort_order INT DEFAULT 0,  created_at TIMESTAMP DEFAULT NOW(),  updated_at TIMESTAMP DEFAULT NOW())]
2026-09-14T16:17:46.057+08:00 DEBUG 79744 --- [ecos-gateway] [           main] c.c.g.g.jdbc.TenantAwareJdbcTemplate     : SQLWarning ignored: SQL state '42P07', error code '0', message [relation "dict_column" already exists, skipping]
2026-09-14T16:17:46.058+08:00 DEBUG 79744 --- [ecos-gateway] [           main] c.c.g.g.jdbc.TenantAwareJdbcTemplate     : Executing SQL statement [CREATE INDEX IF NOT EXISTS idx_dict_column_table_id ON dict_column(table_id)]
2026-09-14T16:17:46.067+08:00 DEBUG 79744 --- [ecos-gateway] [           main] c.c.g.g.jdbc.TenantAwareJdbcTemplate     : SQLWarning ignored: SQL state '42P07', error code '0', message [relation "idx_dict_column_table_id" already exists, skipping]
2026-09-14T16:17:46.068+08:00 DEBUG 79744 --- [ecos-gateway] [           main] c.c.g.g.jdbc.TenantAwareJdbcTemplate     : Executing SQL statement [CREATE INDEX IF NOT EXISTS idx_dict_table_status ON dict_table(status)]
2026-09-14T16:17:46.075+08:00 DEBUG 79744 --- [ecos-gateway] [           main] c.c.g.g.jdbc.TenantAwareJdbcTemplate     : SQLWarning ignored: SQL state '42P07', error code '0', message [relation "idx_dict_table_status" already exists, skipping]
2026-09-14T16:17:46.169+08:00  INFO 79744 --- [ecos-gateway] [           main] c.c.g.s.c.MarketplaceController          : MarketplaceController 初始化完成，已加载 5 条种子数据
2026-09-14T16:17:46.514+08:00  INFO 79744 --- [ecos-gateway] [           main] c.c.g.s.controller.ScenarioController    : ScenarioController 初始化完成，已加载默认场景
2026-09-14T16:17:46.893+08:00  INFO 79744 --- [ecos-gateway] [           main] c.c.g.s.c.WorldModelGraphController      : WorldModelGraphController 初始化完成，已加载 2 个默认目标 (fallback)
2026-09-14T16:17:47.273+08:00 DEBUG 79744 --- [ecos-gateway] [           main] c.c.g.g.jdbc.TenantAwareJdbcTemplate     : Executing SQL statement [CREATE TABLE IF NOT EXISTS sys_token_blacklist (  token TEXT PRIMARY KEY,  expire_at BIGINT NOT NULL)]
2026-09-14T16:17:47.281+08:00 DEBUG 79744 --- [ecos-gateway] [           main] c.c.g.g.jdbc.TenantAwareJdbcTemplate     : SQLWarning ignored: SQL state '42P07', error code '0', message [relation "sys_token_blacklist" already exists, skipping]
2026-09-14T16:17:47.283+08:00 DEBUG 79744 --- [ecos-gateway] [           main] c.c.g.g.jdbc.TenantAwareJdbcTemplate     : Executing prepared SQL update
2026-09-14T16:17:47.285+08:00 DEBUG 79744 --- [ecos-gateway] [           main] c.c.g.g.jdbc.TenantAwareJdbcTemplate     : Executing prepared SQL statement [DELETE FROM sys_token_blacklist WHERE expire_at <= ?]
2026-09-14T16:17:47.294+08:00  INFO 79744 --- [ecos-gateway] [           main] c.c.g.s.i.service.impl.DbBlacklistStore  : DbBlacklistStore 初始化完成，sys_token_blacklist 表已就绪
2026-09-14T16:17:47.300+08:00 DEBUG 79744 --- [ecos-gateway] [           main] c.c.g.g.jdbc.TenantAwareJdbcTemplate     : Executing prepared SQL query
2026-09-14T16:17:47.301+08:00 DEBUG 79744 --- [ecos-gateway] [           main] c.c.g.g.jdbc.TenantAwareJdbcTemplate     : Executing prepared SQL statement [SELECT token, expire_at FROM sys_token_blacklist WHERE expire_at > ?]
2026-09-14T16:17:47.754+08:00  INFO 79744 --- [ecos-gateway] [           main] c.c.g.e.c.config.CognitiveMentalConfig   : [CognitiveMental] Kafka producer 已装配 (host 缺口补强): bootstrap=localhost:9092
2026-09-14T16:17:48.714+08:00  INFO 79744 --- [ecos-gateway] [           main] c.c.g.r.e.KafkaEventBusServiceImpl       : [EventBus][KAFKA] activated — broker 在/不在都能发, 失败仅记 WARN 不阻塞主流程
2026-09-14T16:17:48.808+08:00  INFO 79744 --- [ecos-gateway] [           main] c.c.g.r.l.c.LLMGatewayAutoConfiguration  : Hermes Engine auto-configuration initialized: enabled=false, defaultProvider=openrouter, defaultModel=deepseek/deepseek-chat
2026-09-14T16:17:49.396+08:00  INFO 79744 --- [ecos-gateway] [           main] c.c.g.r.l.c.LLMGatewayAutoConfiguration  : Hermes OkHttpClient created: timeout=PT1M, retryMaxAttempts=3
2026-09-14T16:17:51.454+08:00  INFO 79744 --- [ecos-gateway] [           main] c.c.g.r.access.olap.DuckDBQueryService   : DuckDBQueryService downgraded (DuckDB migrated to Doris) — all operations are no-ops
2026-09-14T16:17:53.720+08:00  INFO 79744 --- [ecos-gateway] [           main] c.c.g.runtime.access.config.Neo4jConfig  : Neo4j Driver created: uri=bolt://localhost:7687, database=neo4j, poolSize=10, timeout=5s
2026-09-14T16:17:53.737+08:00  INFO 79744 --- [ecos-gateway] [           main] c.c.g.w.service.ObjectKgSyncService      : ObjectKgSyncService init: 使用 runtime-access 统一 Driver
2026-09-14T16:17:53.785+08:00  INFO 79744 --- [ecos-gateway] [           main] c.c.gzcm.workspace.workbook.RRuntime     : R runtime probe failed: Cannot run program "which": CreateProcess error=2, 系统找不到指定的文件。. Install with: sudo apt install r-base
2026-09-14T16:17:53.891+08:00  INFO 79744 --- [ecos-gateway] [           main] c.c.g.e.s.c.CryptoAuditController        : CryptoAuditController 初始化完成
2026-09-14T16:17:53.991+08:00  INFO 79744 --- [ecos-gateway] [           main] c.c.g.e.security.SecurityEngineImpl      : Security engine started (was STOPPED)
2026-09-14T16:17:53.993+08:00  INFO 79744 --- [ecos-gateway] [           main] c.c.g.e.security.SecurityEngineImpl      : Security engine auto-started on boot
2026-09-14T16:17:54.715+08:00 DEBUG 79744 --- [ecos-gateway] [           main] c.c.g.g.jdbc.TenantAwareJdbcTemplate     : Executing prepared SQL query
2026-09-14T16:17:54.725+08:00 DEBUG 79744 --- [ecos-gateway] [           main] c.c.g.g.jdbc.TenantAwareJdbcTemplate     : Executing prepared SQL statement [SELECT COUNT(*) FROM sys_config WHERE config_key = ?]
2026-09-14T16:17:54.738+08:00 DEBUG 79744 --- [ecos-gateway] [           main] c.c.g.g.jdbc.TenantAwareJdbcTemplate     : Executing prepared SQL update
2026-09-14T16:17:54.739+08:00 DEBUG 79744 --- [ecos-gateway] [           main] c.c.g.g.jdbc.TenantAwareJdbcTemplate     : Executing prepared SQL statement [UPDATE sys_config SET config_value = ?, updated_at = NOW() WHERE config_key = ?]
2026-09-14T16:17:54.764+08:00 DEBUG 79744 --- [ecos-gateway] [           main] c.c.g.g.jdbc.TenantAwareJdbcTemplate     : Executing prepared SQL query
2026-09-14T16:17:54.765+08:00 DEBUG 79744 --- [ecos-gateway] [           main] c.c.g.g.jdbc.TenantAwareJdbcTemplate     : Executing prepared SQL statement [SELECT COUNT(*) FROM sys_config WHERE config_key = ?]
2026-09-14T16:17:54.768+08:00 DEBUG 79744 --- [ecos-gateway] [           main] c.c.g.g.jdbc.TenantAwareJdbcTemplate     : Executing prepared SQL update
2026-09-14T16:17:54.768+08:00 DEBUG 79744 --- [ecos-gateway] [           main] c.c.g.g.jdbc.TenantAwareJdbcTemplate     : Executing prepared SQL statement [UPDATE sys_config SET config_value = ?, updated_at = NOW() WHERE config_key = ?]
2026-09-14T16:17:54.772+08:00 DEBUG 79744 --- [ecos-gateway] [           main] c.c.g.g.jdbc.TenantAwareJdbcTemplate     : Executing prepared SQL query
2026-09-14T16:17:54.773+08:00 DEBUG 79744 --- [ecos-gateway] [           main] c.c.g.g.jdbc.TenantAwareJdbcTemplate     : Executing prepared SQL statement [SELECT COUNT(*) FROM sys_config WHERE config_key = ?]
2026-09-14T16:17:54.775+08:00 DEBUG 79744 --- [ecos-gateway] [           main] c.c.g.g.jdbc.TenantAwareJdbcTemplate     : Executing prepared SQL update
2026-09-14T16:17:54.776+08:00 DEBUG 79744 --- [ecos-gateway] [           main] c.c.g.g.jdbc.TenantAwareJdbcTemplate     : Executing prepared SQL statement [UPDATE sys_config SET config_value = ?, updated_at = NOW() WHERE config_key = ?]
2026-09-14T16:17:54.781+08:00 DEBUG 79744 --- [ecos-gateway] [           main] c.c.g.g.jdbc.TenantAwareJdbcTemplate     : Executing prepared SQL query
2026-09-14T16:17:54.782+08:00 DEBUG 79744 --- [ecos-gateway] [           main] c.c.g.g.jdbc.TenantAwareJdbcTemplate     : Executing prepared SQL statement [SELECT COUNT(*) FROM sys_config WHERE config_key = ?]
2026-09-14T16:17:54.785+08:00 DEBUG 79744 --- [ecos-gateway] [           main] c.c.g.g.jdbc.TenantAwareJdbcTemplate     : Executing prepared SQL update
2026-09-14T16:17:54.786+08:00 DEBUG 79744 --- [ecos-gateway] [           main] c.c.g.g.jdbc.TenantAwareJdbcTemplate     : Executing prepared SQL statement [UPDATE sys_config SET config_value = ?, updated_at = NOW() WHERE config_key = ?]
2026-09-14T16:17:54.789+08:00 DEBUG 79744 --- [ecos-gateway] [           main] c.c.g.g.jdbc.TenantAwareJdbcTemplate     : Executing prepared SQL query
2026-09-14T16:17:54.790+08:00 DEBUG 79744 --- [ecos-gateway] [           main] c.c.g.g.jdbc.TenantAwareJdbcTemplate     : Executing prepared SQL statement [SELECT COUNT(*) FROM sys_config WHERE config_key = ?]
2026-09-14T16:17:54.792+08:00 DEBUG 79744 --- [ecos-gateway] [           main] c.c.g.g.jdbc.TenantAwareJdbcTemplate     : Executing prepared SQL update
2026-09-14T16:17:54.793+08:00 DEBUG 79744 --- [ecos-gateway] [           main] c.c.g.g.jdbc.TenantAwareJdbcTemplate     : Executing prepared SQL statement [UPDATE sys_config SET config_value = ?, updated_at = NOW() WHERE config_key = ?]
2026-09-14T16:17:54.797+08:00 DEBUG 79744 --- [ecos-gateway] [           main] c.c.g.g.jdbc.TenantAwareJdbcTemplate     : Executing prepared SQL query
2026-09-14T16:17:54.798+08:00 DEBUG 79744 --- [ecos-gateway] [           main] c.c.g.g.jdbc.TenantAwareJdbcTemplate     : Executing prepared SQL statement [SELECT COUNT(*) FROM sys_config WHERE config_key = ?]
2026-09-14T16:17:54.800+08:00 DEBUG 79744 --- [ecos-gateway] [           main] c.c.g.g.jdbc.TenantAwareJdbcTemplate     : Executing prepared SQL update
2026-09-14T16:17:54.800+08:00 DEBUG 79744 --- [ecos-gateway] [           main] c.c.g.g.jdbc.TenantAwareJdbcTemplate     : Executing prepared SQL statement [UPDATE sys_config SET config_value = ?, updated_at = NOW() WHERE config_key = ?]
2026-09-14T16:17:54.803+08:00 DEBUG 79744 --- [ecos-gateway] [           main] c.c.g.g.jdbc.TenantAwareJdbcTemplate     : Executing prepared SQL query
2026-09-14T16:17:54.805+08:00 DEBUG 79744 --- [ecos-gateway] [           main] c.c.g.g.jdbc.TenantAwareJdbcTemplate     : Executing prepared SQL statement [SELECT COUNT(*) FROM sys_config WHERE config_key = ?]
2026-09-14T16:17:54.807+08:00 DEBUG 79744 --- [ecos-gateway] [           main] c.c.g.g.jdbc.TenantAwareJdbcTemplate     : Executing prepared SQL update
2026-09-14T16:17:54.807+08:00 DEBUG 79744 --- [ecos-gateway] [           main] c.c.g.g.jdbc.TenantAwareJdbcTemplate     : Executing prepared SQL statement [UPDATE sys_config SET config_value = ?, updated_at = NOW() WHERE config_key = ?]
2026-09-14T16:17:54.810+08:00 DEBUG 79744 --- [ecos-gateway] [           main] c.c.g.g.jdbc.TenantAwareJdbcTemplate     : Executing prepared SQL query
2026-09-14T16:17:54.812+08:00 DEBUG 79744 --- [ecos-gateway] [           main] c.c.g.g.jdbc.TenantAwareJdbcTemplate     : Executing prepared SQL statement [SELECT COUNT(*) FROM sys_config WHERE config_key = ?]
2026-09-14T16:17:54.814+08:00 DEBUG 79744 --- [ecos-gateway] [           main] c.c.g.g.jdbc.TenantAwareJdbcTemplate     : Executing prepared SQL update
2026-09-14T16:17:54.815+08:00 DEBUG 79744 --- [ecos-gateway] [           main] c.c.g.g.jdbc.TenantAwareJdbcTemplate     : Executing prepared SQL statement [UPDATE sys_config SET config_value = ?, updated_at = NOW() WHERE config_key = ?]
2026-09-14T16:17:54.819+08:00 DEBUG 79744 --- [ecos-gateway] [           main] c.c.g.g.jdbc.TenantAwareJdbcTemplate     : Executing prepared SQL query
2026-09-14T16:17:54.819+08:00 DEBUG 79744 --- [ecos-gateway] [           main] c.c.g.g.jdbc.TenantAwareJdbcTemplate     : Executing prepared SQL statement [SELECT COUNT(*) FROM sys_config WHERE config_key = ?]
2026-09-14T16:17:54.821+08:00 DEBUG 79744 --- [ecos-gateway] [           main] c.c.g.g.jdbc.TenantAwareJdbcTemplate     : Executing prepared SQL update
2026-09-14T16:17:54.822+08:00 DEBUG 79744 --- [ecos-gateway] [           main] c.c.g.g.jdbc.TenantAwareJdbcTemplate     : Executing prepared SQL statement [UPDATE sys_config SET config_value = ?, updated_at = NOW() WHERE config_key = ?]
2026-09-14T16:17:54.826+08:00 DEBUG 79744 --- [ecos-gateway] [           main] c.c.g.g.jdbc.TenantAwareJdbcTemplate     : Executing prepared SQL query
2026-09-14T16:17:54.826+08:00 DEBUG 79744 --- [ecos-gateway] [           main] c.c.g.g.jdbc.TenantAwareJdbcTemplate     : Executing prepared SQL statement [SELECT COUNT(*) FROM sys_config WHERE config_key = ?]
2026-09-14T16:17:54.829+08:00 DEBUG 79744 --- [ecos-gateway] [           main] c.c.g.g.jdbc.TenantAwareJdbcTemplate     : Executing prepared SQL update
2026-09-14T16:17:54.830+08:00 DEBUG 79744 --- [ecos-gateway] [           main] c.c.g.g.jdbc.TenantAwareJdbcTemplate     : Executing prepared SQL statement [UPDATE sys_config SET config_value = ?, updated_at = NOW() WHERE config_key = ?]
2026-09-14T16:17:54.834+08:00 DEBUG 79744 --- [ecos-gateway] [           main] c.c.g.g.jdbc.TenantAwareJdbcTemplate     : Executing prepared SQL query
2026-09-14T16:17:54.834+08:00 DEBUG 79744 --- [ecos-gateway] [           main] c.c.g.g.jdbc.TenantAwareJdbcTemplate     : Executing prepared SQL statement [SELECT COUNT(*) FROM sys_config WHERE config_key = ?]
2026-09-14T16:17:54.837+08:00 DEBUG 79744 --- [ecos-gateway] [           main] c.c.g.g.jdbc.TenantAwareJdbcTemplate     : Executing prepared SQL update
2026-09-14T16:17:54.838+08:00 DEBUG 79744 --- [ecos-gateway] [           main] c.c.g.g.jdbc.TenantAwareJdbcTemplate     : Executing prepared SQL statement [UPDATE sys_config SET config_value = ?, updated_at = NOW() WHERE config_key = ?]
2026-09-14T16:17:54.842+08:00 DEBUG 79744 --- [ecos-gateway] [           main] c.c.g.g.jdbc.TenantAwareJdbcTemplate     : Executing prepared SQL query
2026-09-14T16:17:54.843+08:00 DEBUG 79744 --- [ecos-gateway] [           main] c.c.g.g.jdbc.TenantAwareJdbcTemplate     : Executing prepared SQL statement [SELECT COUNT(*) FROM sys_config WHERE config_key = ?]
2026-09-14T16:17:54.846+08:00 DEBUG 79744 --- [ecos-gateway] [           main] c.c.g.g.jdbc.TenantAwareJdbcTemplate     : Executing prepared SQL update
2026-09-14T16:17:54.846+08:00 DEBUG 79744 --- [ecos-gateway] [           main] c.c.g.g.jdbc.TenantAwareJdbcTemplate     : Executing prepared SQL statement [UPDATE sys_config SET config_value = ?, updated_at = NOW() WHERE config_key = ?]
2026-09-14T16:17:54.851+08:00  INFO 79744 --- [ecos-gateway] [           main] c.c.g.e.o.c.OntologyConfigController     : Ontology engine defaults loaded (12 items)
2026-09-14T16:17:55.046+08:00  INFO 79744 --- [ecos-gateway] [           main] c.c.g.e.ontology.OntologyEngineImpl      : Ontology engine started (was STOPPED)
2026-09-14T16:17:55.050+08:00  INFO 79744 --- [ecos-gateway] [           main] c.c.g.e.ontology.OntologyEngineImpl      : Ontology engine auto-started on boot
2026-09-14T16:17:55.144+08:00  INFO 79744 --- [ecos-gateway] [           main] c.c.g.e.o.service.Neo4jGraphService      : Neo4jGraphService init: 使用 runtime-access 统一 Driver
2026-09-14T16:17:57.015+08:00  INFO 79744 --- [ecos-gateway] [           main] c.c.g.e.a.a.m.k.Neo4jQueryService        : Neo4jQueryService 已连接 (database: neo4j), 使用 runtime-access 统一 Driver
2026-09-14T16:17:57.088+08:00  INFO 79744 --- [ecos-gateway] [           main] c.c.gzcm.engine.ai.AiEngineImpl          : Cognitive engine started (was STOPPED)
2026-09-14T16:17:57.090+08:00  INFO 79744 --- [ecos-gateway] [           main] c.c.gzcm.engine.ai.AiEngineImpl          : Cognitive engine auto-started on boot
2026-09-14T16:17:57.349+08:00  INFO 79744 --- [ecos-gateway] [           main] c.c.gzcm.engine.ai.service.ToolRegistry  : [ToolRegistry] Registered tool: query_db
2026-09-14T16:17:57.352+08:00  INFO 79744 --- [ecos-gateway] [           main] c.c.gzcm.engine.ai.service.ToolRegistry  : [ToolRegistry] Registered tool: invoke_rest
2026-09-14T16:17:57.354+08:00  INFO 79744 --- [ecos-gateway] [           main] c.c.gzcm.engine.ai.service.ToolRegistry  : [ToolRegistry] Registered tool: delegate_to_agent
2026-09-14T16:17:57.355+08:00  INFO 79744 --- [ecos-gateway] [           main] c.c.gzcm.engine.ai.service.ToolRegistry  : [ToolRegistry] Registered tool: read_file
2026-09-14T16:17:57.356+08:00  INFO 79744 --- [ecos-gateway] [           main] c.c.gzcm.engine.ai.service.ToolRegistry  : [ToolRegistry] Registered tool: write_file
2026-09-14T16:17:57.358+08:00  INFO 79744 --- [ecos-gateway] [           main] c.c.gzcm.engine.ai.service.ToolRegistry  : [ToolRegistry] Registered tool: search_files
2026-09-14T16:17:57.360+08:00  INFO 79744 --- [ecos-gateway] [           main] c.c.gzcm.engine.ai.service.ToolRegistry  : [ToolRegistry] Registered tool: patch
2026-09-14T16:17:57.409+08:00 DEBUG 79744 --- [ecos-gateway] [           main] c.c.g.g.jdbc.TenantAwareJdbcTemplate     : Executing SQL statement [CREATE TABLE IF NOT EXISTS ecos_agent_metrics (
    id BIGSERIAL PRIMARY KEY,
    agent_id VARCHAR(64),
    action VARCHAR(32),
    success BOOLEAN,
    elapsed_ms BIGINT,
    tokens_in INT DEFAULT 0,
    tokens_out INT DEFAULT 0,
    trace_id VARCHAR(16),
    created_at TIMESTAMP DEFAULT NOW()
)]
2026-09-14T16:17:57.414+08:00 DEBUG 79744 --- [ecos-gateway] [           main] c.c.g.g.jdbc.TenantAwareJdbcTemplate     : SQLWarning ignored: SQL state '42P07', error code '0', message [relation "ecos_agent_metrics" already exists, skipping]
2026-09-14T16:17:57.416+08:00 DEBUG 79744 --- [ecos-gateway] [           main] c.c.g.g.jdbc.TenantAwareJdbcTemplate     : Executing SQL statement [CREATE INDEX IF NOT EXISTS idx_agent_metrics_agent ON ecos_agent_metrics(agent_id, created_at DESC)]
2026-09-14T16:17:57.420+08:00 DEBUG 79744 --- [ecos-gateway] [           main] c.c.g.g.jdbc.TenantAwareJdbcTemplate     : SQLWarning ignored: SQL state '42P07', error code '0', message [relation "idx_agent_metrics_agent" already exists, skipping]
2026-09-14T16:17:57.421+08:00 DEBUG 79744 --- [ecos-gateway] [           main] c.c.g.g.jdbc.TenantAwareJdbcTemplate     : Executing SQL statement [CREATE TABLE IF NOT EXISTS ecos_agent_alert (
    id BIGSERIAL PRIMARY KEY,
    trace_id VARCHAR(16),
    agent_id VARCHAR(64),
    alert_type VARCHAR(32),
    message TEXT,
    created_at TIMESTAMP DEFAULT NOW()
)]
2026-09-14T16:17:57.423+08:00 DEBUG 79744 --- [ecos-gateway] [           main] c.c.g.g.jdbc.TenantAwareJdbcTemplate     : SQLWarning ignored: SQL state '42P07', error code '0', message [relation "ecos_agent_alert" already exists, skipping]
2026-09-14T16:17:57.424+08:00  INFO 79744 --- [ecos-gateway] [           main] c.c.g.e.a.service.AgentMetricsCollector  : [AgentMetrics] Tables ensured
2026-09-14T16:17:57.452+08:00  WARN 79744 --- [ecos-gateway] [           main] c.c.g.e.ai.service.DeepSeekProvider      : [DeepSeekProvider] api-key is empty — provider will be unavailable
2026-09-14T16:17:57.500+08:00  INFO 79744 --- [ecos-gateway] [           main] c.c.g.e.a.c.AgentProviderController      : [AgentProviderController] 1 LLM providers registered
2026-09-14T16:17:57.501+08:00  INFO 79744 --- [ecos-gateway] [           main] c.c.g.e.a.c.AgentProviderController      : [AgentProviderController]   - deepseek (priority=10, functionCalling=true, available=false)
2026-09-14T16:17:57.585+08:00  INFO 79744 --- [ecos-gateway] [           main] c.c.g.e.ai.service.AgentTemplateService  : Loaded agent template: AI编排Agent (id=builtin-ai-agent)
2026-09-14T16:17:57.589+08:00  INFO 79744 --- [ecos-gateway] [           main] c.c.g.e.ai.service.AgentTemplateService  : Loaded agent template: 认知引擎Agent (id=builtin-cognitive-agent)
2026-09-14T16:17:57.591+08:00  INFO 79744 --- [ecos-gateway] [           main] c.c.g.e.ai.service.AgentTemplateService  : Loaded agent template: 数据引擎Agent (id=builtin-data-agent)
2026-09-14T16:17:57.593+08:00  INFO 79744 --- [ecos-gateway] [           main] c.c.g.e.ai.service.AgentTemplateService  : Loaded agent template: 知识库Agent (id=builtin-kb-agent)
2026-09-14T16:17:57.595+08:00  INFO 79744 --- [ecos-gateway] [           main] c.c.g.e.ai.service.AgentTemplateService  : Loaded agent template: 本体引擎Agent (id=builtin-ontology-agent)
2026-09-14T16:17:57.597+08:00  INFO 79744 --- [ecos-gateway] [           main] c.c.g.e.ai.service.AgentTemplateService  : Loaded agent template: 安全引擎Agent (id=builtin-security-agent)
2026-09-14T16:17:57.598+08:00  INFO 79744 --- [ecos-gateway] [           main] c.c.g.e.ai.service.AgentTemplateService  : AgentTemplateService initialized with 6 templates
2026-09-14T16:17:57.766+08:00  INFO 79744 --- [ecos-gateway] [           main] c.c.g.e.c.config.CognitiveMentalConfig   : [CognitiveMental] IWarnLogService 已按 PMO-59 授权例外补装配 (runtime-monitor 缺口补强)
2026-09-14T16:17:58.033+08:00 DEBUG 79744 --- [ecos-gateway] [           main] c.c.g.g.jdbc.TenantAwareJdbcTemplate     : Executing prepared SQL query
2026-09-14T16:17:58.034+08:00 DEBUG 79744 --- [ecos-gateway] [           main] c.c.g.g.jdbc.TenantAwareJdbcTemplate     : Executing prepared SQL statement [SELECT extname, extversion FROM pg_extension WHERE extname = 'vector']
2026-09-14T16:17:58.040+08:00  WARN 79744 --- [ecos-gateway] [           main] .c.g.e.k.s.KnowledgeRetrievalServiceImpl : ??  pgvector extension NOT available — vector search disabled. Error: Incorrect result size: expected 1, actual 0
2026-09-14T16:17:58.170+08:00  INFO 79744 --- [ecos-gateway] [pool-2-thread-1] .c.g.r.c.t.s.i.TaskManagementServiceImpl : 任务已提交: taskId=be80e6da-b008-4613-86d1-9b1d02a2c5f2, taskName=cognitive-mental-scan
2026-09-14T16:17:58.170+08:00  INFO 79744 --- [ecos-gateway] [           main] c.c.g.e.c.service.mental.MentalScanTask  : PMO-59 心智层补算任务已注册到 runtime-task: taskType=COGNITIVE_MENTAL_SCAN, scheduleId=78685b47-7c96-46e8-9653-2dbf5eafa2d5, periodMillis=600000
2026-09-14T16:17:58.172+08:00  INFO 79744 --- [ecos-gateway] [pool-2-thread-1] .c.g.r.c.t.s.i.TaskManagementServiceImpl : 任务已解析: taskId=be80e6da-b008-4613-86d1-9b1d02a2c5f2
2026-09-14T16:17:58.173+08:00 DEBUG 79744 --- [ecos-gateway] [pool-2-thread-1] c.c.g.r.c.t.c.AgentCronTaskExecutor      : AgentCronTaskExecutor.onStatusUpdate: taskId=be80e6da-b008-4613-86d1-9b1d02a2c5f2, status=RUNNING
2026-09-14T16:17:58.174+08:00 DEBUG 79744 --- [ecos-gateway] [pool-2-thread-1] c.c.g.g.jdbc.TenantAwareJdbcTemplate     : Executing prepared SQL query
2026-09-14T16:17:58.175+08:00 DEBUG 79744 --- [ecos-gateway] [pool-2-thread-1] c.c.g.g.jdbc.TenantAwareJdbcTemplate     : Executing prepared SQL statement [SELECT id, evidence_code, tenant_scope, source_type, source_ref, blob, confidence, is_conflict, refuting_evidence_ids, effective_time, expire_time, status, create_time, update_time, create_by, update_by FROM ecos_cognitive_evidence WHERE is_deleted = 0 ORDER BY create_time DESC, id]
2026-09-14T16:17:58.243+08:00 DEBUG 79744 --- [ecos-gateway] [pool-2-thread-1] c.c.g.g.jdbc.TenantAwareJdbcTemplate     : Executing prepared SQL query
2026-09-14T16:17:58.243+08:00 DEBUG 79744 --- [ecos-gateway] [pool-2-thread-1] c.c.g.g.jdbc.TenantAwareJdbcTemplate     : Executing prepared SQL statement [SELECT id, hypothesis_code, tenant_scope, statement, domain, metric_ref, evidence_ids, is_valid, invalid_at, invalid_reason, status, create_time, update_time, create_by, update_by FROM ecos_cognitive_hypothesis WHERE is_deleted = 0 AND status = ? ORDER BY update_time DESC, id]
2026-09-14T16:17:58.248+08:00 DEBUG 79744 --- [ecos-gateway] [pool-2-thread-1] c.c.g.g.jdbc.TenantAwareJdbcTemplate     : Executing prepared SQL query
2026-09-14T16:17:58.250+08:00 DEBUG 79744 --- [ecos-gateway] [pool-2-thread-1] c.c.g.g.jdbc.TenantAwareJdbcTemplate     : Executing prepared SQL statement [SELECT id, hypothesis_code, tenant_scope, statement, domain, metric_ref, evidence_ids, is_valid, invalid_at, invalid_reason, status, create_time, update_time, create_by, update_by FROM ecos_cognitive_hypothesis WHERE is_deleted = 0 AND status = ? ORDER BY update_time DESC, id]
2026-09-14T16:17:58.254+08:00 DEBUG 79744 --- [ecos-gateway] [pool-2-thread-1] c.c.g.g.jdbc.TenantAwareJdbcTemplate     : Executing prepared SQL query
2026-09-14T16:17:58.255+08:00 DEBUG 79744 --- [ecos-gateway] [pool-2-thread-1] c.c.g.g.jdbc.TenantAwareJdbcTemplate     : Executing prepared SQL statement [SELECT id, hypothesis_code, tenant_scope, statement, domain, metric_ref, evidence_ids, is_valid, invalid_at, invalid_reason, status, create_time, update_time, create_by, update_by FROM ecos_cognitive_hypothesis WHERE is_deleted = 0 AND status = ? ORDER BY update_time DESC, id]
2026-09-14T16:17:58.261+08:00 DEBUG 79744 --- [ecos-gateway] [pool-2-thread-1] c.c.g.g.jdbc.TenantAwareJdbcTemplate     : Executing prepared SQL query
2026-09-14T16:17:58.261+08:00 DEBUG 79744 --- [ecos-gateway] [pool-2-thread-1] c.c.g.g.jdbc.TenantAwareJdbcTemplate     : Executing prepared SQL statement [SELECT id, hypothesis_code, tenant_scope, statement, domain, metric_ref, evidence_ids, is_valid, invalid_at, invalid_reason, status, create_time, update_time, create_by, update_by FROM ecos_cognitive_hypothesis WHERE is_deleted = 0 AND status = ? ORDER BY update_time DESC, id]
2026-09-14T16:17:58.265+08:00 DEBUG 79744 --- [ecos-gateway] [pool-2-thread-1] c.c.g.g.jdbc.TenantAwareJdbcTemplate     : Executing prepared SQL query
2026-09-14T16:17:58.268+08:00 DEBUG 79744 --- [ecos-gateway] [pool-2-thread-1] c.c.g.g.jdbc.TenantAwareJdbcTemplate     : Executing prepared SQL statement [SELECT id, hypothesis_code, tenant_scope, statement, domain, metric_ref, evidence_ids, is_valid, invalid_at, invalid_reason, status, create_time, update_time, create_by, update_by FROM ecos_cognitive_hypothesis WHERE is_deleted = 0 AND status = ? ORDER BY update_time DESC, id]
2026-09-14T16:17:58.270+08:00  INFO 79744 --- [ecos-gateway] [pool-2-thread-1] c.c.g.e.c.service.mental.MentalScanTask  : PMO-59 心智层补算一代完成: scanned=5 invalidated=0
2026-09-14T16:17:58.270+08:00  INFO 79744 --- [ecos-gateway] [           main] c.c.g.engine.kb.service.KGWriterService  : ? KGWriterService init: 使用 runtime-access 统一 Driver (pool≈10 connections)
2026-09-14T16:17:58.271+08:00 DEBUG 79744 --- [ecos-gateway] [pool-2-thread-1] c.c.g.r.c.t.c.AgentCronTaskExecutor      : AgentCronTaskExecutor.onStatusUpdate: taskId=be80e6da-b008-4613-86d1-9b1d02a2c5f2, status=SUCCEEDED
2026-09-14T16:17:58.273+08:00  INFO 79744 --- [ecos-gateway] [pool-2-thread-1] .c.g.r.c.t.s.i.TaskManagementServiceImpl : 任务执行完成: taskId=be80e6da-b008-4613-86d1-9b1d02a2c5f2, status=SUCCEEDED
2026-09-14T16:17:58.274+08:00  INFO 79744 --- [ecos-gateway] [pool-2-thread-1] c.c.g.r.c.t.s.TaskSchedulerServiceImpl   : 定时任务已提交执行 task=be80e6da-b008-4613-86d1-9b1d02a2c5f2 taskType=COGNITIVE_MENTAL_SCAN
2026-09-14T16:17:58.325+08:00 DEBUG 79744 --- [ecos-gateway] [           main] c.c.g.g.jdbc.TenantAwareJdbcTemplate     : Executing SQL statement [ALTER TABLE extraction_drafts ADD COLUMN IF NOT EXISTS extracted_links_json TEXT]
2026-09-14T16:17:58.330+08:00 DEBUG 79744 --- [ecos-gateway] [           main] c.c.g.g.jdbc.TenantAwareJdbcTemplate     : SQLWarning ignored: SQL state '42701', error code '0', message [column "extracted_links_json" of relation "extraction_drafts" already exists, skipping]
2026-09-14T16:17:58.331+08:00 DEBUG 79744 --- [ecos-gateway] [           main] c.c.g.g.jdbc.TenantAwareJdbcTemplate     : Executing SQL statement [ALTER TABLE extraction_drafts ADD COLUMN IF NOT EXISTS rejected_reason TEXT]
2026-09-14T16:17:58.336+08:00 DEBUG 79744 --- [ecos-gateway] [           main] c.c.g.g.jdbc.TenantAwareJdbcTemplate     : SQLWarning ignored: SQL state '42701', error code '0', message [column "rejected_reason" of relation "extraction_drafts" already exists, skipping]
2026-09-14T16:17:58.340+08:00  INFO 79744 --- [ecos-gateway] [           main] c.c.g.e.k.s.KnowledgeExtractionService   : KnowledgeExtractionService initialized
2026-09-14T16:17:58.372+08:00  INFO 79744 --- [ecos-gateway] [           main] c.c.gzcm.engine.kb.KbEngineImpl          : Knowledge engine started (was STOPPED)
2026-09-14T16:17:58.373+08:00  INFO 79744 --- [ecos-gateway] [           main] c.c.gzcm.engine.kb.KbEngineImpl          : Knowledge engine auto-started on boot
2026-09-14T16:17:58.407+08:00 DEBUG 79744 --- [ecos-gateway] [           main] c.c.g.g.jdbc.TenantAwareJdbcTemplate     : Executing prepared SQL query
2026-09-14T16:17:58.408+08:00 DEBUG 79744 --- [ecos-gateway] [           main] c.c.g.g.jdbc.TenantAwareJdbcTemplate     : Executing prepared SQL statement [SELECT COUNT(*) FROM sys_config WHERE config_key = ?]
2026-09-14T16:17:58.411+08:00 DEBUG 79744 --- [ecos-gateway] [           main] c.c.g.g.jdbc.TenantAwareJdbcTemplate     : Executing prepared SQL update
2026-09-14T16:17:58.413+08:00 DEBUG 79744 --- [ecos-gateway] [           main] c.c.g.g.jdbc.TenantAwareJdbcTemplate     : Executing prepared SQL statement [UPDATE sys_config SET config_value = ?, updated_at = NOW() WHERE config_key = ?]
2026-09-14T16:17:58.418+08:00 DEBUG 79744 --- [ecos-gateway] [           main] c.c.g.g.jdbc.TenantAwareJdbcTemplate     : Executing prepared SQL query
2026-09-14T16:17:58.419+08:00 DEBUG 79744 --- [ecos-gateway] [           main] c.c.g.g.jdbc.TenantAwareJdbcTemplate     : Executing prepared SQL statement [SELECT COUNT(*) FROM sys_config WHERE config_key = ?]
2026-09-14T16:17:58.420+08:00 DEBUG 79744 --- [ecos-gateway] [           main] c.c.g.g.jdbc.TenantAwareJdbcTemplate     : Executing prepared SQL update
2026-09-14T16:17:58.422+08:00 DEBUG 79744 --- [ecos-gateway] [           main] c.c.g.g.jdbc.TenantAwareJdbcTemplate     : Executing prepared SQL statement [UPDATE sys_config SET config_value = ?, updated_at = NOW() WHERE config_key = ?]
2026-09-14T16:17:58.427+08:00 DEBUG 79744 --- [ecos-gateway] [           main] c.c.g.g.jdbc.TenantAwareJdbcTemplate     : Executing prepared SQL query
2026-09-14T16:17:58.428+08:00 DEBUG 79744 --- [ecos-gateway] [           main] c.c.g.g.jdbc.TenantAwareJdbcTemplate     : Executing prepared SQL statement [SELECT COUNT(*) FROM sys_config WHERE config_key = ?]
2026-09-14T16:17:58.430+08:00 DEBUG 79744 --- [ecos-gateway] [           main] c.c.g.g.jdbc.TenantAwareJdbcTemplate     : Executing prepared SQL update
2026-09-14T16:17:58.431+08:00 DEBUG 79744 --- [ecos-gateway] [           main] c.c.g.g.jdbc.TenantAwareJdbcTemplate     : Executing prepared SQL statement [UPDATE sys_config SET config_value = ?, updated_at = NOW() WHERE config_key = ?]
2026-09-14T16:17:58.435+08:00 DEBUG 79744 --- [ecos-gateway] [           main] c.c.g.g.jdbc.TenantAwareJdbcTemplate     : Executing prepared SQL query
2026-09-14T16:17:58.437+08:00 DEBUG 79744 --- [ecos-gateway] [           main] c.c.g.g.jdbc.TenantAwareJdbcTemplate     : Executing prepared SQL statement [SELECT COUNT(*) FROM sys_config WHERE config_key = ?]
2026-09-14T16:17:58.439+08:00 DEBUG 79744 --- [ecos-gateway] [           main] c.c.g.g.jdbc.TenantAwareJdbcTemplate     : Executing prepared SQL update
2026-09-14T16:17:58.440+08:00 DEBUG 79744 --- [ecos-gateway] [           main] c.c.g.g.jdbc.TenantAwareJdbcTemplate     : Executing prepared SQL statement [UPDATE sys_config SET config_value = ?, updated_at = NOW() WHERE config_key = ?]
2026-09-14T16:17:58.445+08:00 DEBUG 79744 --- [ecos-gateway] [           main] c.c.g.g.jdbc.TenantAwareJdbcTemplate     : Executing prepared SQL query
2026-09-14T16:17:58.446+08:00 DEBUG 79744 --- [ecos-gateway] [           main] c.c.g.g.jdbc.TenantAwareJdbcTemplate     : Executing prepared SQL statement [SELECT COUNT(*) FROM sys_config WHERE config_key = ?]
2026-09-14T16:17:58.450+08:00 DEBUG 79744 --- [ecos-gateway] [           main] c.c.g.g.jdbc.TenantAwareJdbcTemplate     : Executing prepared SQL update
2026-09-14T16:17:58.451+08:00 DEBUG 79744 --- [ecos-gateway] [           main] c.c.g.g.jdbc.TenantAwareJdbcTemplate     : Executing prepared SQL statement [UPDATE sys_config SET config_value = ?, updated_at = NOW() WHERE config_key = ?]
2026-09-14T16:17:58.455+08:00 DEBUG 79744 --- [ecos-gateway] [           main] c.c.g.g.jdbc.TenantAwareJdbcTemplate     : Executing prepared SQL query
2026-09-14T16:17:58.456+08:00 DEBUG 79744 --- [ecos-gateway] [           main] c.c.g.g.jdbc.TenantAwareJdbcTemplate     : Executing prepared SQL statement [SELECT COUNT(*) FROM sys_config WHERE config_key = ?]
2026-09-14T16:17:58.458+08:00 DEBUG 79744 --- [ecos-gateway] [           main] c.c.g.g.jdbc.TenantAwareJdbcTemplate     : Executing prepared SQL update
2026-09-14T16:17:58.460+08:00 DEBUG 79744 --- [ecos-gateway] [           main] c.c.g.g.jdbc.TenantAwareJdbcTemplate     : Executing prepared SQL statement [UPDATE sys_config SET config_value = ?, updated_at = NOW() WHERE config_key = ?]
2026-09-14T16:17:58.465+08:00 DEBUG 79744 --- [ecos-gateway] [           main] c.c.g.g.jdbc.TenantAwareJdbcTemplate     : Executing prepared SQL query
2026-09-14T16:17:58.466+08:00 DEBUG 79744 --- [ecos-gateway] [           main] c.c.g.g.jdbc.TenantAwareJdbcTemplate     : Executing prepared SQL statement [SELECT COUNT(*) FROM sys_config WHERE config_key = ?]
2026-09-14T16:17:58.469+08:00 DEBUG 79744 --- [ecos-gateway] [           main] c.c.g.g.jdbc.TenantAwareJdbcTemplate     : Executing prepared SQL update
2026-09-14T16:17:58.471+08:00 DEBUG 79744 --- [ecos-gateway] [           main] c.c.g.g.jdbc.TenantAwareJdbcTemplate     : Executing prepared SQL statement [UPDATE sys_config SET config_value = ?, updated_at = NOW() WHERE config_key = ?]
2026-09-14T16:17:58.475+08:00 DEBUG 79744 --- [ecos-gateway] [           main] c.c.g.g.jdbc.TenantAwareJdbcTemplate     : Executing prepared SQL query
2026-09-14T16:17:58.476+08:00 DEBUG 79744 --- [ecos-gateway] [           main] c.c.g.g.jdbc.TenantAwareJdbcTemplate     : Executing prepared SQL statement [SELECT COUNT(*) FROM sys_config WHERE config_key = ?]
2026-09-14T16:17:58.478+08:00 DEBUG 79744 --- [ecos-gateway] [           main] c.c.g.g.jdbc.TenantAwareJdbcTemplate     : Executing prepared SQL update
2026-09-14T16:17:58.480+08:00 DEBUG 79744 --- [ecos-gateway] [           main] c.c.g.g.jdbc.TenantAwareJdbcTemplate     : Executing prepared SQL statement [UPDATE sys_config SET config_value = ?, updated_at = NOW() WHERE config_key = ?]
2026-09-14T16:17:58.484+08:00  INFO 79744 --- [ecos-gateway] [           main] c.c.g.e.k.c.KnowledgeSettingsController  : Knowledge settings defaults loaded (8 items)
2026-09-14T16:17:58.523+08:00  INFO 79744 --- [ecos-gateway] [           main] c.c.g.e.kb.repo.AnswerGenerationHelper   : AnswerGenerationHelper init: base=http://localhost:8080, model=deepseek/deepseek-chat
2026-09-14T16:17:58.540+08:00  INFO 79744 --- [ecos-gateway] [           main] c.c.g.e.kb.service.RuleGraphService      : RuleGraphService init: 使用 runtime-access 统一 Driver, switchOnWrite=true
2026-09-14T16:17:58.619+08:00  INFO 79744 --- [ecos-gateway] [           main] c.c.g.e.kb.service.RuleGraphService      : Neo4j constraints ensured
2026-09-14T16:17:58.654+08:00 DEBUG 79744 --- [ecos-gateway] [           main] c.c.g.g.jdbc.TenantAwareJdbcTemplate     : Executing SQL statement [CREATE TABLE IF NOT EXISTS ecos_data.td_data_category (
    category_id   VARCHAR(36) PRIMARY KEY,
    category_name VARCHAR(200) NOT NULL,
    parent_id     VARCHAR(36),
    path          VARCHAR(500),
    level         INT DEFAULT 1,
    sort_order    INT DEFAULT 0,
    description   TEXT,
    status        VARCHAR(20) DEFAULT 'ACTIVE',
    tenant_id     VARCHAR(64),
    create_by     VARCHAR(64),
    create_time   TIMESTAMP DEFAULT NOW(),
    update_by     VARCHAR(64),
    update_time   TIMESTAMP DEFAULT NOW()
)
]
2026-09-14T16:17:58.657+08:00 DEBUG 79744 --- [ecos-gateway] [           main] c.c.g.g.jdbc.TenantAwareJdbcTemplate     : SQLWarning ignored: SQL state '42P07', error code '0', message [relation "td_data_category" already exists, skipping]
2026-09-14T16:17:58.659+08:00 DEBUG 79744 --- [ecos-gateway] [           main] c.c.g.g.jdbc.TenantAwareJdbcTemplate     : Executing SQL statement [CREATE INDEX IF NOT EXISTS idx_category_parent ON ecos_data.td_data_category(parent_id)]
2026-09-14T16:17:58.663+08:00 DEBUG 79744 --- [ecos-gateway] [           main] c.c.g.g.jdbc.TenantAwareJdbcTemplate     : SQLWarning ignored: SQL state '42P07', error code '0', message [relation "idx_category_parent" already exists, skipping]
2026-09-14T16:17:58.664+08:00  INFO 79744 --- [ecos-gateway] [           main] c.c.g.e.d.service.StubCategoryService    : CategoryService table ready: ecos_data.td_data_category
2026-09-14T16:17:58.687+08:00  INFO 79744 --- [ecos-gateway] [           main] c.c.gzcm.engine.data.DataEngineImpl      : Data engine started (was STOPPED)
2026-09-14T16:17:58.688+08:00  INFO 79744 --- [ecos-gateway] [           main] c.c.gzcm.engine.data.DataEngineImpl      : Data engine auto-started on boot
2026-09-14T16:17:58.717+08:00 DEBUG 79744 --- [ecos-gateway] [           main] c.c.g.g.jdbc.TenantAwareJdbcTemplate     : Executing SQL statement [CREATE TABLE IF NOT EXISTS ecos_data.ecos_data_lineage_node (
    id VARCHAR(64) PRIMARY KEY,
    node_type VARCHAR(20) NOT NULL,
    name VARCHAR(200) NOT NULL,
    schema_name VARCHAR(100),
    table_name VARCHAR(200),
    datasource_id VARCHAR(64),
    layer VARCHAR(20),
    properties JSONB DEFAULT '{}',
    created_at TIMESTAMP DEFAULT CURRENT_TIMESTAMP,
    updated_at TIMESTAMP DEFAULT CURRENT_TIMESTAMP
)
]
2026-09-14T16:17:58.719+08:00 DEBUG 79744 --- [ecos-gateway] [           main] c.c.g.g.jdbc.TenantAwareJdbcTemplate     : SQLWarning ignored: SQL state '42P07', error code '0', message [relation "ecos_data_lineage_node" already exists, skipping]
2026-09-14T16:17:58.720+08:00 DEBUG 79744 --- [ecos-gateway] [           main] c.c.g.g.jdbc.TenantAwareJdbcTemplate     : Executing SQL statement [CREATE TABLE IF NOT EXISTS ecos_data.ecos_data_lineage_edge (
    id VARCHAR(64) PRIMARY KEY,
    source_node_id VARCHAR(64) NOT NULL,
    target_node_id VARCHAR(64) NOT NULL,
    edge_type VARCHAR(30) NOT NULL,
    pipeline_task_id VARCHAR(64),
    transformation VARCHAR(500),
    properties JSONB DEFAULT '{}',
    created_at TIMESTAMP DEFAULT CURRENT_TIMESTAMP
)
]
2026-09-14T16:17:58.724+08:00 DEBUG 79744 --- [ecos-gateway] [           main] c.c.g.g.jdbc.TenantAwareJdbcTemplate     : SQLWarning ignored: SQL state '42P07', error code '0', message [relation "ecos_data_lineage_edge" already exists, skipping]
2026-09-14T16:17:58.725+08:00  INFO 79744 --- [ecos-gateway] [           main] c.c.g.e.data.service.DataLineageService  : Data Lineage tables ready
2026-09-14T16:17:58.869+08:00 DEBUG 79744 --- [ecos-gateway] [           main] c.c.g.g.jdbc.TenantAwareJdbcTemplate     : Executing SQL statement [CREATE TABLE IF NOT EXISTS ecos_pipeline_task (
    id VARCHAR(36) PRIMARY KEY,
    name VARCHAR(200) NOT NULL,
    description TEXT,
    yaml_content TEXT NOT NULL,
    git_url VARCHAR(500),
    git_branch VARCHAR(100) DEFAULT 'main',
    git_commit_id VARCHAR(40),
    status VARCHAR(20) DEFAULT 'DRAFT',
    cron_expression VARCHAR(100),
    config_json JSONB DEFAULT '{}',
    enabled BOOLEAN DEFAULT true,
    created_by VARCHAR(100),
    created_at TIMESTAMP DEFAULT CURRENT_TIMESTAMP,
    updated_at TIMESTAMP DEFAULT CURRENT_TIMESTAMP
)
]
2026-09-14T16:17:58.873+08:00 DEBUG 79744 --- [ecos-gateway] [           main] c.c.g.g.jdbc.TenantAwareJdbcTemplate     : SQLWarning ignored: SQL state '42P07', error code '0', message [relation "ecos_pipeline_task" already exists, skipping]
2026-09-14T16:17:58.873+08:00 DEBUG 79744 --- [ecos-gateway] [           main] c.c.g.g.jdbc.TenantAwareJdbcTemplate     : Executing SQL statement [ALTER TABLE ecos_pipeline_task ADD COLUMN IF NOT EXISTS enabled BOOLEAN DEFAULT true]
2026-09-14T16:17:58.878+08:00 DEBUG 79744 --- [ecos-gateway] [           main] c.c.g.g.jdbc.TenantAwareJdbcTemplate     : SQLWarning ignored: SQL state '42701', error code '0', message [column "enabled" of relation "ecos_pipeline_task" already exists, skipping]
2026-09-14T16:17:58.879+08:00 DEBUG 79744 --- [ecos-gateway] [           main] c.c.g.g.jdbc.TenantAwareJdbcTemplate     : Executing SQL statement [ALTER TABLE ecos_pipeline_task ADD COLUMN IF NOT EXISTS task_type VARCHAR(20) DEFAULT 'TRANSFORM']
2026-09-14T16:17:58.884+08:00 DEBUG 79744 --- [ecos-gateway] [           main] c.c.g.g.jdbc.TenantAwareJdbcTemplate     : SQLWarning ignored: SQL state '42701', error code '0', message [column "task_type" of relation "ecos_pipeline_task" already exists, skipping]
2026-09-14T16:17:58.885+08:00 DEBUG 79744 --- [ecos-gateway] [           main] c.c.g.g.jdbc.TenantAwareJdbcTemplate     : Executing SQL statement [CREATE TABLE IF NOT EXISTS ecos_pipeline_step (
    id VARCHAR(36) PRIMARY KEY,
    task_id VARCHAR(36) NOT NULL,
    step_order INTEGER NOT NULL,
    node_id VARCHAR(100) NOT NULL,
    node_type VARCHAR(50) NOT NULL,
    config_json JSONB DEFAULT '{}',
    depends_on JSONB DEFAULT '[]',
    position_x FLOAT DEFAULT 0,
    position_y FLOAT DEFAULT 0,
    created_at TIMESTAMP DEFAULT CURRENT_TIMESTAMP
)
]
2026-09-14T16:17:58.887+08:00 DEBUG 79744 --- [ecos-gateway] [           main] c.c.g.g.jdbc.TenantAwareJdbcTemplate     : SQLWarning ignored: SQL state '42P07', error code '0', message [relation "ecos_pipeline_step" already exists, skipping]
2026-09-14T16:17:58.890+08:00 DEBUG 79744 --- [ecos-gateway] [           main] c.c.g.g.jdbc.TenantAwareJdbcTemplate     : Executing SQL statement [CREATE TABLE IF NOT EXISTS ecos_pipeline_run (
    id VARCHAR(36) PRIMARY KEY,
    task_id VARCHAR(36) NOT NULL,
    status VARCHAR(20) DEFAULT 'QUEUED',
    triggered_by VARCHAR(50) DEFAULT 'manual',
    total_steps INTEGER DEFAULT 0,
    completed_steps INTEGER DEFAULT 0,
    started_at TIMESTAMP,
    finished_at TIMESTAMP,
    elapsed_ms INTEGER DEFAULT 0,
    error_msg TEXT,
    log_json JSONB DEFAULT '[]',
    created_at TIMESTAMP DEFAULT CURRENT_TIMESTAMP
)
]
2026-09-14T16:17:58.893+08:00 DEBUG 79744 --- [ecos-gateway] [           main] c.c.g.g.jdbc.TenantAwareJdbcTemplate     : SQLWarning ignored: SQL state '42P07', error code '0', message [relation "ecos_pipeline_run" already exists, skipping]
2026-09-14T16:17:58.894+08:00 DEBUG 79744 --- [ecos-gateway] [           main] c.c.g.g.jdbc.TenantAwareJdbcTemplate     : Executing SQL statement [CREATE TABLE IF NOT EXISTS ecos_pipeline_step_run (
    id VARCHAR(36) PRIMARY KEY,
    run_id VARCHAR(36) NOT NULL,
    step_id VARCHAR(36) NOT NULL,
    node_id VARCHAR(100) NOT NULL,
    status VARCHAR(20) DEFAULT 'QUEUED',
    rows_input INTEGER DEFAULT 0,
    rows_output INTEGER DEFAULT 0,
    started_at TIMESTAMP,
    finished_at TIMESTAMP,
    elapsed_ms INTEGER DEFAULT 0,
    error_msg TEXT,
    created_at TIMESTAMP DEFAULT CURRENT_TIMESTAMP
)
]
2026-09-14T16:17:58.897+08:00 DEBUG 79744 --- [ecos-gateway] [           main] c.c.g.g.jdbc.TenantAwareJdbcTemplate     : SQLWarning ignored: SQL state '42P07', error code '0', message [relation "ecos_pipeline_step_run" already exists, skipping]
2026-09-14T16:17:58.898+08:00  INFO 79744 --- [ecos-gateway] [           main] c.c.g.e.d.s.PipelineTaskServiceImpl      : Pipeline Task 表已就绪
2026-09-14T16:17:59.000+08:00 DEBUG 79744 --- [ecos-gateway] [           main] c.c.g.g.jdbc.TenantAwareJdbcTemplate     : Executing SQL statement [CREATE TABLE IF NOT EXISTS ecos_pipeline_function (
    id VARCHAR(36) PRIMARY KEY,
    name VARCHAR(100) NOT NULL UNIQUE,
    category VARCHAR(50) NOT NULL,
    signature TEXT NOT NULL,
    return_type VARCHAR(50),
    description TEXT,
    example TEXT,
    is_builtin BOOLEAN DEFAULT true,
    created_at TIMESTAMP DEFAULT CURRENT_TIMESTAMP
)
]
2026-09-14T16:17:59.005+08:00 DEBUG 79744 --- [ecos-gateway] [           main] c.c.g.g.jdbc.TenantAwareJdbcTemplate     : SQLWarning ignored: SQL state '42P07', error code '0', message [relation "ecos_pipeline_function" already exists, skipping]
2026-09-14T16:17:59.006+08:00  INFO 79744 --- [ecos-gateway] [           main] c.c.g.e.d.s.PipelineFunctionServiceImpl  : ecos_pipeline_function 表已就绪
2026-09-14T16:17:59.007+08:00 DEBUG 79744 --- [ecos-gateway] [           main] c.c.g.g.jdbc.TenantAwareJdbcTemplate     : Executing prepared SQL query
2026-09-14T16:17:59.008+08:00 DEBUG 79744 --- [ecos-gateway] [           main] c.c.g.g.jdbc.TenantAwareJdbcTemplate     : Executing prepared SQL statement [SELECT COUNT(*) FROM ecos_pipeline_function WHERE is_builtin = true]
2026-09-14T16:17:59.011+08:00  INFO 79744 --- [ecos-gateway] [           main] c.c.g.e.d.s.PipelineFunctionServiceImpl  : PB 函数种子数据已存在 (120 条)，跳过初始化
2026-09-14T16:17:59.074+08:00 DEBUG 79744 --- [ecos-gateway] [           main] c.c.g.g.jdbc.TenantAwareJdbcTemplate     : Executing SQL statement [CREATE TABLE IF NOT EXISTS ecos_quality_rule (
    rule_id VARCHAR(64) PRIMARY KEY,
    rule_name VARCHAR(200) NOT NULL,
    rule_type VARCHAR(30) NOT NULL,
    target VARCHAR(200) NOT NULL,
    dataset_id VARCHAR(100),
    parameters JSONB,
    severity VARCHAR(10) DEFAULT 'WARN',
    enabled BOOLEAN DEFAULT true,
    description TEXT,
    created_at TIMESTAMP DEFAULT CURRENT_TIMESTAMP,
    updated_at TIMESTAMP DEFAULT CURRENT_TIMESTAMP
)
]
2026-09-14T16:17:59.078+08:00 DEBUG 79744 --- [ecos-gateway] [           main] c.c.g.g.jdbc.TenantAwareJdbcTemplate     : SQLWarning ignored: SQL state '42P07', error code '0', message [relation "ecos_quality_rule" already exists, skipping]
2026-09-14T16:17:59.079+08:00 DEBUG 79744 --- [ecos-gateway] [           main] c.c.g.g.jdbc.TenantAwareJdbcTemplate     : Executing SQL statement [CREATE TABLE IF NOT EXISTS ecos_quality_evaluation (
    id VARCHAR(36) PRIMARY KEY,
    dataset_id VARCHAR(100),
    rule_id VARCHAR(64),
    passed BOOLEAN,
    total_rows BIGINT,
    failed_rows BIGINT,
    pass_rate DOUBLE PRECISION,
    sample_size INTEGER,
    sample_failures JSONB,
    severity VARCHAR(10),
    message TEXT,
    evaluated_at TIMESTAMP DEFAULT CURRENT_TIMESTAMP
)
]
2026-09-14T16:17:59.083+08:00 DEBUG 79744 --- [ecos-gateway] [           main] c.c.g.g.jdbc.TenantAwareJdbcTemplate     : SQLWarning ignored: SQL state '42P07', error code '0', message [relation "ecos_quality_evaluation" already exists, skipping]
2026-09-14T16:17:59.084+08:00  INFO 79744 --- [ecos-gateway] [           main] c.c.g.e.data.service.QualityServiceImpl  : ecos_quality_rule / ecos_quality_evaluation 表已就绪
2026-09-14T16:17:59.138+08:00 DEBUG 79744 --- [ecos-gateway] [           main] c.c.g.g.jdbc.TenantAwareJdbcTemplate     : Executing SQL statement [CREATE TABLE IF NOT EXISTS ecos_pipeline_udf (
    id VARCHAR(36) PRIMARY KEY,
    name VARCHAR(200) NOT NULL UNIQUE,
    category VARCHAR(50),
    language VARCHAR(20) DEFAULT 'python',
    signature TEXT,
    source_code TEXT NOT NULL,
    compiled_path VARCHAR(500),
    version INTEGER DEFAULT 1,
    author VARCHAR(100),
    is_shared BOOLEAN DEFAULT false,
    description TEXT,
    created_at TIMESTAMP DEFAULT CURRENT_TIMESTAMP,
    updated_at TIMESTAMP DEFAULT CURRENT_TIMESTAMP
)
]
2026-09-14T16:17:59.141+08:00 DEBUG 79744 --- [ecos-gateway] [           main] c.c.g.g.jdbc.TenantAwareJdbcTemplate     : SQLWarning ignored: SQL state '42P07', error code '0', message [relation "ecos_pipeline_udf" already exists, skipping]
2026-09-14T16:17:59.143+08:00  INFO 79744 --- [ecos-gateway] [           main] c.c.g.e.data.service.UdfServiceImpl      : ecos_pipeline_udf 表已就绪
2026-09-14T16:17:59.189+08:00  INFO 79744 --- [ecos-gateway] [           main] c.c.g.e.d.m.MetadataCollectTaskRegistrar : METADATA_COLLECT runtime-task registered: taskType=METADATA_COLLECT
2026-09-14T16:17:59.209+08:00 DEBUG 79744 --- [ecos-gateway] [           main] c.c.g.g.jdbc.TenantAwareJdbcTemplate     : Executing SQL statement [ALTER TABLE ecos_pipeline_node ADD COLUMN IF NOT EXISTS depends_on jsonb]
2026-09-14T16:17:59.215+08:00 DEBUG 79744 --- [ecos-gateway] [           main] c.c.g.g.jdbc.TenantAwareJdbcTemplate     : SQLWarning ignored: SQL state '42701', error code '0', message [column "depends_on" of relation "ecos_pipeline_node" already exists, skipping]
2026-09-14T16:17:59.216+08:00  INFO 79744 --- [ecos-gateway] [           main] c.c.g.e.d.pipeline.PipelineRepository    : PipelineRepository: ensured depends_on column on ecos_pipeline_node
2026-09-14T16:17:59.363+08:00  INFO 79744 --- [ecos-gateway] [           main] c.c.g.e.d.p.PipelineTaskRegistrar        : Pipeline runtime-task registered: executorType=PIPELINE, parserType=PIPELINE
2026-09-14T16:17:59.832+08:00  WARN 79744 --- [ecos-gateway] [           main] c.c.g.r.c.t.s.TaskSchedulerServiceImpl   : 排定 cron 触发失败 scheduleId=49500a43-4a8f-41b8-a505-9cd88a54fe55: Unsupported field: DayOfWeek
2026-09-14T16:17:59.834+08:00  INFO 79744 --- [ecos-gateway] [           main] c.c.g.r.c.t.s.TaskSchedulerServiceImpl   : 定时任务已注册 scheduleId=49500a43-4a8f-41b8-a505-9cd88a54fe55 cron=0 0 8 * * ? taskId=dq-daily-scan
2026-09-14T16:17:59.834+08:00  INFO 79744 --- [ecos-gateway] [           main] c.c.g.e.data.scheduler.DqScheduledTask   : DQ定时巡检已注册到runtime-task: cron=0 0 8 * * ?
2026-09-14T16:17:59.850+08:00 DEBUG 79744 --- [ecos-gateway] [           main] c.c.g.g.jdbc.TenantAwareJdbcTemplate     : Executing SQL statement [CREATE TABLE IF NOT EXISTS schema_snapshots (
    id          BIGSERIAL PRIMARY KEY,
    datasource_id VARCHAR(128) NOT NULL,
    table_name  VARCHAR(256) NOT NULL,
    column_hash VARCHAR(64)  NOT NULL,
    col_sig     TEXT,
    snapshot_at TIMESTAMP    NOT NULL DEFAULT NOW()
)
]
2026-09-14T16:17:59.855+08:00 DEBUG 79744 --- [ecos-gateway] [           main] c.c.g.g.jdbc.TenantAwareJdbcTemplate     : SQLWarning ignored: SQL state '42P07', error code '0', message [relation "schema_snapshots" already exists, skipping]
2026-09-14T16:17:59.856+08:00 DEBUG 79744 --- [ecos-gateway] [           main] c.c.g.g.jdbc.TenantAwareJdbcTemplate     : Executing SQL statement [CREATE TABLE IF NOT EXISTS schema_changes (
    id            BIGSERIAL PRIMARY KEY,
    datasource_id VARCHAR(128) NOT NULL,
    table_name    VARCHAR(256) NOT NULL,
    change_type   VARCHAR(32)  NOT NULL,
    detail_json   TEXT,
    detected_at   TIMESTAMP    NOT NULL DEFAULT NOW(),
    acknowledged  BOOLEAN      NOT NULL DEFAULT FALSE
)
]
2026-09-14T16:17:59.860+08:00 DEBUG 79744 --- [ecos-gateway] [           main] c.c.g.g.jdbc.TenantAwareJdbcTemplate     : SQLWarning ignored: SQL state '42P07', error code '0', message [relation "schema_changes" already exists, skipping]
2026-09-14T16:17:59.861+08:00 DEBUG 79744 --- [ecos-gateway] [           main] c.c.g.g.jdbc.TenantAwareJdbcTemplate     : Executing SQL statement [CREATE INDEX IF NOT EXISTS idx_schema_changes_ack
    ON schema_changes (acknowledged, detected_at)
]
2026-09-14T16:17:59.865+08:00 DEBUG 79744 --- [ecos-gateway] [           main] c.c.g.g.jdbc.TenantAwareJdbcTemplate     : SQLWarning ignored: SQL state '42P07', error code '0', message [relation "idx_schema_changes_ack" already exists, skipping]
2026-09-14T16:17:59.867+08:00  WARN 79744 --- [ecos-gateway] [           main] c.c.g.r.c.t.s.TaskSchedulerServiceImpl   : 排定 cron 触发失败 scheduleId=598dff57-4ca3-440e-a0de-45c6a17eca57: Unsupported field: DayOfWeek
2026-09-14T16:17:59.868+08:00  INFO 79744 --- [ecos-gateway] [           main] c.c.g.r.c.t.s.TaskSchedulerServiceImpl   : 定时任务已注册 scheduleId=598dff57-4ca3-440e-a0de-45c6a17eca57 cron=0 0 * * * ? taskId=schema-change-detector
2026-09-14T16:17:59.869+08:00  INFO 79744 --- [ecos-gateway] [           main] c.c.g.e.d.s.SchemaChangeDetector         : SchemaChangeDetector registered with runtime-task: cron=0 0 * * * ?
2026-09-14T16:18:01.209+08:00  WARN 79744 --- [ecos-gateway] [           main] .s.s.UserDetailsServiceAutoConfiguration : 

Using generated security password: 665a8194-6ea2-4fd2-865d-35493085b1e4

This generated password is for development use only. Your security configuration must be updated before running your application in production.

2026-09-14T16:18:04.671+08:00  INFO 79744 --- [ecos-gateway] [           main] o.s.b.a.e.web.EndpointLinksResolver      : Exposing 3 endpoint(s) beneath base path '/actuator'
2026-09-14T16:18:05.205+08:00  INFO 79744 --- [ecos-gateway] [           main] o.s.s.web.DefaultSecurityFilterChain     : Will secure any request with [org.springframework.security.web.session.DisableEncodeUrlFilter@2a0a5865, org.springframework.security.web.context.request.async.WebAsyncManagerIntegrationFilter@3f92977a, org.springframework.security.web.context.SecurityContextHolderFilter@53b1a09f, org.springframework.security.web.header.HeaderWriterFilter@24bd88df, org.springframework.web.filter.CorsFilter@4f836d9, org.springframework.security.web.authentication.logout.LogoutFilter@5f83fdf6, com.chinacreator.gzcm.sysman.security.JwtAuthenticationFilter@75b25ec3, org.springframework.security.web.savedrequest.RequestCacheAwareFilter@3e8742de, org.springframework.security.web.servletapi.SecurityContextHolderAwareRequestFilter@61668c05, org.springframework.security.web.authentication.AnonymousAuthenticationFilter@1330d15e, org.springframework.security.web.session.SessionManagementFilter@58084f58, org.springframework.security.web.access.ExceptionTranslationFilter@148a581e, org.springframework.security.web.access.intercept.AuthorizationFilter@6fb94c36]
2026-09-14T16:18:07.872+08:00  INFO 79744 --- [ecos-gateway] [           main] o.s.b.w.embedded.tomcat.TomcatWebServer  : Tomcat started on port 8080 (http) with context path ''
2026-09-14T16:18:07.985+08:00  INFO 79744 --- [ecos-gateway] [           main] o.a.k.clients.consumer.ConsumerConfig    : ConsumerConfig values: 
	allow.auto.create.topics = true
	auto.commit.interval.ms = 5000
	auto.include.jmx.reporter = true
	auto.offset.reset = earliest
	bootstrap.servers = [localhost:9092]
	check.crcs = true
	client.dns.lookup = use_all_dns_ips
	client.id = consumer-dccheng-cognitive-group-1
	client.rack = 
	connections.max.idle.ms = 540000
	default.api.timeout.ms = 60000
	enable.auto.commit = false
	exclude.internal.topics = true
	fetch.max.bytes = 52428800
	fetch.max.wait.ms = 500
	fetch.min.bytes = 1
	group.id = dccheng-cognitive-group
	group.instance.id = null
	heartbeat.interval.ms = 3000
	interceptor.classes = []
	internal.leave.group.on.close = true
	internal.throw.on.fetch.stable.offset.unsupported = false
	isolation.level = read_uncommitted
	key.deserializer = class org.apache.kafka.common.serialization.StringDeserializer
	max.partition.fetch.bytes = 1048576
	max.poll.interval.ms = 300000
	max.poll.records = 500
	metadata.max.age.ms = 300000
	metric.reporters = []
	metrics.num.samples = 2
	metrics.recording.level = INFO
	metrics.sample.window.ms = 30000
	partition.assignment.strategy = [class org.apache.kafka.clients.consumer.RangeAssignor, class org.apache.kafka.clients.consumer.CooperativeStickyAssignor]
	receive.buffer.bytes = 65536
	reconnect.backoff.max.ms = 1000
	reconnect.backoff.ms = 50
	request.timeout.ms = 30000
	retry.backoff.ms = 100
	sasl.client.callback.handler.class = null
	sasl.jaas.config = null
	sasl.kerberos.kinit.cmd = /usr/bin/kinit
	sasl.kerberos.min.time.before.relogin = 60000
	sasl.kerberos.service.name = null
	sasl.kerberos.ticket.renew.jitter = 0.05
	sasl.kerberos.ticket.renew.window.factor = 0.8
	sasl.login.callback.handler.class = null
	sasl.login.class = null
	sasl.login.connect.timeout.ms = null
	sasl.login.read.timeout.ms = null
	sasl.login.refresh.buffer.seconds = 300
	sasl.login.refresh.min.period.seconds = 60
	sasl.login.refresh.window.factor = 0.8
	sasl.login.refresh.window.jitter = 0.05
	sasl.login.retry.backoff.max.ms = 10000
	sasl.login.retry.backoff.ms = 100
	sasl.mechanism = GSSAPI
	sasl.oauthbearer.clock.skew.seconds = 30
	sasl.oauthbearer.expected.audience = null
	sasl.oauthbearer.expected.issuer = null
	sasl.oauthbearer.jwks.endpoint.refresh.ms = 3600000
	sasl.oauthbearer.jwks.endpoint.retry.backoff.max.ms = 10000
	sasl.oauthbearer.jwks.endpoint.retry.backoff.ms = 100
	sasl.oauthbearer.jwks.endpoint.url = null
	sasl.oauthbearer.scope.claim.name = scope
	sasl.oauthbearer.sub.claim.name = sub
	sasl.oauthbearer.token.endpoint.url = null
	security.protocol = PLAINTEXT
	security.providers = null
	send.buffer.bytes = 131072
	session.timeout.ms = 45000
	socket.connection.setup.timeout.max.ms = 30000
	socket.connection.setup.timeout.ms = 10000
	ssl.cipher.suites = null
	ssl.enabled.protocols = [TLSv1.2, TLSv1.3]
	ssl.endpoint.identification.algorithm = https
	ssl.engine.factory.class = null
	ssl.key.password = null
	ssl.keymanager.algorithm = SunX509
	ssl.keystore.certificate.chain = null
	ssl.keystore.key = null
	ssl.keystore.location = null
	ssl.keystore.password = null
	ssl.keystore.type = JKS
	ssl.protocol = TLSv1.3
	ssl.provider = null
	ssl.secure.random.implementation = null
	ssl.trustmanager.algorithm = PKIX
	ssl.truststore.certificates = null
	ssl.truststore.location = null
	ssl.truststore.password = null
	ssl.truststore.type = JKS
	value.deserializer = class org.apache.kafka.common.serialization.StringDeserializer

2026-09-14T16:18:08.188+08:00  INFO 79744 --- [ecos-gateway] [nio-8080-exec-1] o.a.c.c.C.[Tomcat].[localhost].[/]       : Initializing Spring DispatcherServlet 'dispatcherServlet'
2026-09-14T16:18:08.190+08:00  INFO 79744 --- [ecos-gateway] [nio-8080-exec-1] o.s.web.servlet.DispatcherServlet        : Initializing Servlet 'dispatcherServlet'
2026-09-14T16:18:08.195+08:00  INFO 79744 --- [ecos-gateway] [nio-8080-exec-1] o.s.web.servlet.DispatcherServlet        : Completed initialization in 5 ms
2026-09-14T16:18:08.415+08:00  INFO 79744 --- [ecos-gateway] [           main] o.a.kafka.common.utils.AppInfoParser     : Kafka version: 3.6.1
2026-09-14T16:18:08.417+08:00  INFO 79744 --- [ecos-gateway] [           main] o.a.kafka.common.utils.AppInfoParser     : Kafka commitId: 5e3c2b738d253ff5
2026-09-14T16:18:08.417+08:00  INFO 79744 --- [ecos-gateway] [           main] o.a.kafka.common.utils.AppInfoParser     : Kafka startTimeMs: 1789373888411
2026-09-14T16:18:08.455+08:00  INFO 79744 --- [ecos-gateway] [           main] fkaConsumerFactory$ExtendedKafkaConsumer : [Consumer clientId=consumer-dccheng-cognitive-group-1, groupId=dccheng-cognitive-group] Subscribed to topic(s): ecos.cognitive
2026-09-14T16:18:08.472+08:00  INFO 79744 --- [ecos-gateway] [           main] o.a.k.clients.consumer.ConsumerConfig    : ConsumerConfig values: 
	allow.auto.create.topics = true
	auto.commit.interval.ms = 5000
	auto.include.jmx.reporter = true
	auto.offset.reset = earliest
	bootstrap.servers = [localhost:9092]
	check.crcs = true
	client.dns.lookup = use_all_dns_ips
	client.id = consumer-dccheng-ontology-consumer-2
	client.rack = 
	connections.max.idle.ms = 540000
	default.api.timeout.ms = 60000
	enable.auto.commit = false
	exclude.internal.topics = true
	fetch.max.bytes = 52428800
	fetch.max.wait.ms = 500
	fetch.min.bytes = 1
	group.id = dccheng-ontology-consumer
	group.instance.id = null
	heartbeat.interval.ms = 3000
	interceptor.classes = []
	internal.leave.group.on.close = true
	internal.throw.on.fetch.stable.offset.unsupported = false
	isolation.level = read_uncommitted
	key.deserializer = class org.apache.kafka.common.serialization.StringDeserializer
	max.partition.fetch.bytes = 1048576
	max.poll.interval.ms = 300000
	max.poll.records = 500
	metadata.max.age.ms = 300000
	metric.reporters = []
	metrics.num.samples = 2
	metrics.recording.level = INFO
	metrics.sample.window.ms = 30000
	partition.assignment.strategy = [class org.apache.kafka.clients.consumer.RangeAssignor, class org.apache.kafka.clients.consumer.CooperativeStickyAssignor]
	receive.buffer.bytes = 65536
	reconnect.backoff.max.ms = 1000
	reconnect.backoff.ms = 50
	request.timeout.ms = 30000
	retry.backoff.ms = 100
	sasl.client.callback.handler.class = null
	sasl.jaas.config = null
	sasl.kerberos.kinit.cmd = /usr/bin/kinit
	sasl.kerberos.min.time.before.relogin = 60000
	sasl.kerberos.service.name = null
	sasl.kerberos.ticket.renew.jitter = 0.05
	sasl.kerberos.ticket.renew.window.factor = 0.8
	sasl.login.callback.handler.class = null
	sasl.login.class = null
	sasl.login.connect.timeout.ms = null
	sasl.login.read.timeout.ms = null
	sasl.login.refresh.buffer.seconds = 300
	sasl.login.refresh.min.period.seconds = 60
	sasl.login.refresh.window.factor = 0.8
	sasl.login.refresh.window.jitter = 0.05
	sasl.login.retry.backoff.max.ms = 10000
	sasl.login.retry.backoff.ms = 100
	sasl.mechanism = GSSAPI
	sasl.oauthbearer.clock.skew.seconds = 30
	sasl.oauthbearer.expected.audience = null
	sasl.oauthbearer.expected.issuer = null
	sasl.oauthbearer.jwks.endpoint.refresh.ms = 3600000
	sasl.oauthbearer.jwks.endpoint.retry.backoff.max.ms = 10000
	sasl.oauthbearer.jwks.endpoint.retry.backoff.ms = 100
	sasl.oauthbearer.jwks.endpoint.url = null
	sasl.oauthbearer.scope.claim.name = scope
	sasl.oauthbearer.sub.claim.name = sub
	sasl.oauthbearer.token.endpoint.url = null
	security.protocol = PLAINTEXT
	security.providers = null
	send.buffer.bytes = 131072
	session.timeout.ms = 45000
	socket.connection.setup.timeout.max.ms = 30000
	socket.connection.setup.timeout.ms = 10000
	ssl.cipher.suites = null
	ssl.enabled.protocols = [TLSv1.2, TLSv1.3]
	ssl.endpoint.identification.algorithm = https
	ssl.engine.factory.class = null
	ssl.key.password = null
	ssl.keymanager.algorithm = SunX509
	ssl.keystore.certificate.chain = null
	ssl.keystore.key = null
	ssl.keystore.location = null
	ssl.keystore.password = null
	ssl.keystore.type = JKS
	ssl.protocol = TLSv1.3
	ssl.provider = null
	ssl.secure.random.implementation = null
	ssl.trustmanager.algorithm = PKIX
	ssl.truststore.certificates = null
	ssl.truststore.location = null
	ssl.truststore.password = null
	ssl.truststore.type = JKS
	value.deserializer = class org.apache.kafka.common.serialization.StringDeserializer

2026-09-14T16:18:08.488+08:00  INFO 79744 --- [ecos-gateway] [           main] o.a.kafka.common.utils.AppInfoParser     : Kafka version: 3.6.1
2026-09-14T16:18:08.489+08:00  INFO 79744 --- [ecos-gateway] [           main] o.a.kafka.common.utils.AppInfoParser     : Kafka commitId: 5e3c2b738d253ff5
2026-09-14T16:18:08.489+08:00  INFO 79744 --- [ecos-gateway] [           main] o.a.kafka.common.utils.AppInfoParser     : Kafka startTimeMs: 1789373888488
2026-09-14T16:18:08.496+08:00  INFO 79744 --- [ecos-gateway] [           main] fkaConsumerFactory$ExtendedKafkaConsumer : [Consumer clientId=consumer-dccheng-ontology-consumer-2, groupId=dccheng-ontology-consumer] Subscribed to topic(s): ecos.ontology.published
2026-09-14T16:18:08.501+08:00  INFO 79744 --- [ecos-gateway] [           main] o.s.m.s.b.SimpleBrokerMessageHandler     : Starting...
2026-09-14T16:18:08.504+08:00  INFO 79744 --- [ecos-gateway] [           main] o.s.m.s.b.SimpleBrokerMessageHandler     : BrokerAvailabilityEvent[available=true, SimpleBrokerMessageHandler [org.springframework.messaging.simp.broker.DefaultSubscriptionRegistry@4aebeda8]]
2026-09-14T16:18:08.504+08:00  INFO 79744 --- [ecos-gateway] [           main] o.s.m.s.b.SimpleBrokerMessageHandler     : Started.
2026-09-14T16:18:08.583+08:00 DEBUG 79744 --- [ecos-gateway] [MessageBroker-2] c.c.g.engine.kb.service.KGWriterService  : Neo4j health OK — node count: 44
2026-09-14T16:18:09.130+08:00 ERROR 79744 --- [ecos-gateway] [           main] c.c.g.g.t.OpenTelemetryInitializer       : Failed to initialize OpenTelemetry SDK: GlobalOpenTelemetry.set has already been called. GlobalOpenTelemetry.set must be called only once before any calls to GlobalOpenTelemetry.get. If you are using the OpenTelemetrySdk, use OpenTelemetrySdkBuilder.buildAndRegisterGlobal instead. Previous invocation set to cause of this exception.

java.lang.IllegalStateException: GlobalOpenTelemetry.set has already been called. GlobalOpenTelemetry.set must be called only once before any calls to GlobalOpenTelemetry.get. If you are using the OpenTelemetrySdk, use OpenTelemetrySdkBuilder.buildAndRegisterGlobal instead. Previous invocation set to cause of this exception.
	at io.opentelemetry.api.GlobalOpenTelemetry.set(GlobalOpenTelemetry.java:107) ~[opentelemetry-api-1.40.0.jar!/:1.40.0]
	at io.opentelemetry.sdk.OpenTelemetrySdkBuilder.buildAndRegisterGlobal(OpenTelemetrySdkBuilder.java:85) ~[opentelemetry-sdk-1.40.0.jar!/:1.40.0]
	at com.chinacreator.gzcm.gateway.telemetry.OpenTelemetryInitializer.initOpenTelemetry(OpenTelemetryInitializer.java:63) ~[!/:na]
	at java.base/jdk.internal.reflect.NativeMethodAccessorImpl.invoke0(Native Method) ~[na:na]
	at java.base/jdk.internal.reflect.NativeMethodAccessorImpl.invoke(NativeMethodAccessorImpl.java:77) ~[na:na]
	at java.base/jdk.internal.reflect.DelegatingMethodAccessorImpl.invoke(DelegatingMethodAccessorImpl.java:43) ~[na:na]
	at java.base/java.lang.reflect.Method.invoke(Method.java:568) ~[na:na]
	at org.springframework.context.event.ApplicationListenerMethodAdapter.doInvoke(ApplicationListenerMethodAdapter.java:365) ~[spring-context-6.1.3.jar!/:6.1.3]
	at org.springframework.context.event.ApplicationListenerMethodAdapter.processEvent(ApplicationListenerMethodAdapter.java:237) ~[spring-context-6.1.3.jar!/:6.1.3]
	at org.springframework.context.event.ApplicationListenerMethodAdapter.onApplicationEvent(ApplicationListenerMethodAdapter.java:168) ~[spring-context-6.1.3.jar!/:6.1.3]
	at org.springframework.context.event.SimpleApplicationEventMulticaster.doInvokeListener(SimpleApplicationEventMulticaster.java:178) ~[spring-context-6.1.3.jar!/:6.1.3]
	at org.springframework.context.event.SimpleApplicationEventMulticaster.invokeListener(SimpleApplicationEventMulticaster.java:171) ~[spring-context-6.1.3.jar!/:6.1.3]
	at org.springframework.context.event.SimpleApplicationEventMulticaster.multicastEvent(SimpleApplicationEventMulticaster.java:149) ~[spring-context-6.1.3.jar!/:6.1.3]
	at org.springframework.context.support.AbstractApplicationContext.publishEvent(AbstractApplicationContext.java:451) ~[spring-context-6.1.3.jar!/:6.1.3]
	at org.springframework.context.support.AbstractApplicationContext.publishEvent(AbstractApplicationContext.java:384) ~[spring-context-6.1.3.jar!/:6.1.3]
	at org.springframework.context.support.AbstractApplicationContext.finishRefresh(AbstractApplicationContext.java:981) ~[spring-context-6.1.3.jar!/:6.1.3]
	at org.springframework.context.support.AbstractApplicationContext.refresh(AbstractApplicationContext.java:627) ~[spring-context-6.1.3.jar!/:6.1.3]
	at org.springframework.boot.web.servlet.context.ServletWebServerApplicationContext.refresh(ServletWebServerApplicationContext.java:146) ~[spring-boot-3.2.2.jar!/:3.2.2]
	at org.springframework.boot.SpringApplication.refresh(SpringApplication.java:754) ~[spring-boot-3.2.2.jar!/:3.2.2]
	at org.springframework.boot.SpringApplication.refreshContext(SpringApplication.java:456) ~[spring-boot-3.2.2.jar!/:3.2.2]
	at org.springframework.boot.SpringApplication.run(SpringApplication.java:334) ~[spring-boot-3.2.2.jar!/:3.2.2]
	at org.springframework.boot.SpringApplication.run(SpringApplication.java:1354) ~[spring-boot-3.2.2.jar!/:3.2.2]
	at org.springframework.boot.SpringApplication.run(SpringApplication.java:1343) ~[spring-boot-3.2.2.jar!/:3.2.2]
	at com.chinacreator.gzcm.gateway.GatewayApplication.main(GatewayApplication.java:139) ~[!/:na]
	at java.base/jdk.internal.reflect.NativeMethodAccessorImpl.invoke0(Native Method) ~[na:na]
	at java.base/jdk.internal.reflect.NativeMethodAccessorImpl.invoke(NativeMethodAccessorImpl.java:77) ~[na:na]
	at java.base/jdk.internal.reflect.DelegatingMethodAccessorImpl.invoke(DelegatingMethodAccessorImpl.java:43) ~[na:na]
	at java.base/java.lang.reflect.Method.invoke(Method.java:568) ~[na:na]
	at org.springframework.boot.loader.launch.Launcher.launch(Launcher.java:91) ~[gateway-1.0.0-SNAPSHOT.jar:na]
	at org.springframework.boot.loader.launch.Launcher.launch(Launcher.java:53) ~[gateway-1.0.0-SNAPSHOT.jar:na]
	at org.springframework.boot.loader.launch.JarLauncher.main(JarLauncher.java:58) ~[gateway-1.0.0-SNAPSHOT.jar:na]
Caused by: java.lang.Throwable: null
	at io.opentelemetry.api.GlobalOpenTelemetry.set(GlobalOpenTelemetry.java:115) ~[opentelemetry-api-1.40.0.jar!/:1.40.0]
	at io.opentelemetry.api.GlobalOpenTelemetry.get(GlobalOpenTelemetry.java:85) ~[opentelemetry-api-1.40.0.jar!/:1.40.0]
	at com.chinacreator.gzcm.gateway.interceptor.TelemetryInterceptor.<init>(TelemetryInterceptor.java:53) ~[!/:na]
	at java.base/jdk.internal.reflect.NativeConstructorAccessorImpl.newInstance0(Native Method) ~[na:na]
	at java.base/jdk.internal.reflect.NativeConstructorAccessorImpl.newInstance(NativeConstructorAccessorImpl.java:77) ~[na:na]
	at java.base/jdk.internal.reflect.DelegatingConstructorAccessorImpl.newInstance(DelegatingConstructorAccessorImpl.java:45) ~[na:na]
	at java.base/java.lang.reflect.Constructor.newInstanceWithCaller(Constructor.java:499) ~[na:na]
	at java.base/java.lang.reflect.Constructor.newInstance(Constructor.java:480) ~[na:na]
	at org.springframework.beans.BeanUtils.instantiateClass(BeanUtils.java:197) ~[spring-beans-6.1.3.jar!/:6.1.3]
	at org.springframework.beans.factory.support.SimpleInstantiationStrategy.instantiate(SimpleInstantiationStrategy.java:88) ~[spring-beans-6.1.3.jar!/:6.1.3]
	at org.springframework.beans.factory.support.AbstractAutowireCapableBeanFactory.instantiateBean(AbstractAutowireCapableBeanFactory.java:1310) ~[spring-beans-6.1.3.jar!/:6.1.3]
	at org.springframework.beans.factory.support.AbstractAutowireCapableBeanFactory.createBeanInstance(AbstractAutowireCapableBeanFactory.java:1201) ~[spring-beans-6.1.3.jar!/:6.1.3]
	at org.springframework.beans.factory.support.AbstractAutowireCapableBeanFactory.doCreateBean(AbstractAutowireCapableBeanFactory.java:561) ~[spring-beans-6.1.3.jar!/:6.1.3]
	at org.springframework.beans.factory.support.AbstractAutowireCapableBeanFactory.createBean(AbstractAutowireCapableBeanFactory.java:521) ~[spring-beans-6.1.3.jar!/:6.1.3]
	at org.springframework.beans.factory.support.AbstractBeanFactory.lambda$doGetBean$0(AbstractBeanFactory.java:325) ~[spring-beans-6.1.3.jar!/:6.1.3]
	at org.springframework.beans.factory.support.DefaultSingletonBeanRegistry.getSingleton(DefaultSingletonBeanRegistry.java:234) ~[spring-beans-6.1.3.jar!/:6.1.3]
	at org.springframework.beans.factory.support.AbstractBeanFactory.doGetBean(AbstractBeanFactory.java:323) ~[spring-beans-6.1.3.jar!/:6.1.3]
	at org.springframework.beans.factory.support.AbstractBeanFactory.getBean(AbstractBeanFactory.java:199) ~[spring-beans-6.1.3.jar!/:6.1.3]
	at org.springframework.beans.factory.support.DefaultListableBeanFactory.preInstantiateSingletons(DefaultListableBeanFactory.java:975) ~[spring-beans-6.1.3.jar!/:6.1.3]
	at org.springframework.context.support.AbstractApplicationContext.finishBeanFactoryInitialization(AbstractApplicationContext.java:959) ~[spring-context-6.1.3.jar!/:6.1.3]
	at org.springframework.context.support.AbstractApplicationContext.refresh(AbstractApplicationContext.java:624) ~[spring-context-6.1.3.jar!/:6.1.3]
	... 14 common frames omitted

2026-09-14T16:18:09.178+08:00  INFO 79744 --- [ecos-gateway] [           main] c.c.gzcm.gateway.GatewayApplication      : Started GatewayApplication in 67.024 seconds (process running for 70.923)
2026-09-14T16:18:09.222+08:00 DEBUG 79744 --- [ecos-gateway] [           main] c.c.g.g.jdbc.TenantAwareJdbcTemplate     : Executing SQL statement [CREATE TABLE IF NOT EXISTS ecos_cron_job (
    id              BIGSERIAL       PRIMARY KEY,
    name            VARCHAR(255)    NOT NULL,
    cron_expression VARCHAR(100),
    description     TEXT,
    enabled         BOOLEAN         DEFAULT TRUE,
    last_run_at     TIMESTAMP,
    next_run_at     TIMESTAMP,
    status          VARCHAR(50)     DEFAULT 'IDLE',
    created_by      VARCHAR(100),
    created_at      TIMESTAMP       DEFAULT NOW(),
    updated_at      TIMESTAMP       DEFAULT NOW()
)
]
2026-09-14T16:18:09.227+08:00 DEBUG 79744 --- [ecos-gateway] [           main] c.c.g.g.jdbc.TenantAwareJdbcTemplate     : SQLWarning ignored: SQL state '42P07', error code '0', message [relation "ecos_cron_job" already exists, skipping]
2026-09-14T16:18:09.229+08:00  INFO 79744 --- [ecos-gateway] [           main] c.c.g.e.ai.repository.CronJobRepository  : Table ecos_cron_job ensured
2026-09-14T16:18:09.230+08:00 DEBUG 79744 --- [ecos-gateway] [           main] c.c.g.g.jdbc.TenantAwareJdbcTemplate     : Executing SQL statement [CREATE TABLE IF NOT EXISTS ecos_cron_job_execution (
    id              BIGSERIAL       PRIMARY KEY,
    cron_job_id     BIGINT          NOT NULL,
    started_at      TIMESTAMP,
    finished_at     TIMESTAMP,
    status          VARCHAR(50)     DEFAULT 'RUNNING',
    result          TEXT,
    error_message   TEXT,
    created_at      TIMESTAMP       DEFAULT NOW()
)
]
2026-09-14T16:18:09.234+08:00 DEBUG 79744 --- [ecos-gateway] [           main] c.c.g.g.jdbc.TenantAwareJdbcTemplate     : SQLWarning ignored: SQL state '42P07', error code '0', message [relation "ecos_cron_job_execution" already exists, skipping]
2026-09-14T16:18:09.235+08:00  INFO 79744 --- [ecos-gateway] [           main] c.c.g.e.a.r.CronJobExecutionRepository   : Table ecos_cron_job_execution ensured
2026-09-14T16:18:09.236+08:00 DEBUG 79744 --- [ecos-gateway] [           main] c.c.g.g.jdbc.TenantAwareJdbcTemplate     : Executing SQL statement [CREATE TABLE IF NOT EXISTS ecos_skill (
    id              BIGSERIAL       PRIMARY KEY,
    name            VARCHAR(255)    NOT NULL,
    description     TEXT,
    version         VARCHAR(50)     DEFAULT '1.0.0',
    enabled         BOOLEAN         DEFAULT TRUE,
    category        VARCHAR(100),
    package_info    TEXT,
    created_by      VARCHAR(100),
    created_at      TIMESTAMP       DEFAULT NOW(),
    updated_at      TIMESTAMP       DEFAULT NOW()
)
]
2026-09-14T16:18:09.239+08:00 DEBUG 79744 --- [ecos-gateway] [           main] c.c.g.g.jdbc.TenantAwareJdbcTemplate     : SQLWarning ignored: SQL state '42P07', error code '0', message [relation "ecos_skill" already exists, skipping]
2026-09-14T16:18:09.241+08:00  INFO 79744 --- [ecos-gateway] [           main] c.c.g.e.ai.repository.SkillRepository    : Table ecos_skill ensured
2026-09-14T16:18:09.241+08:00 DEBUG 79744 --- [ecos-gateway] [           main] c.c.g.g.jdbc.TenantAwareJdbcTemplate     : Executing prepared SQL query
2026-09-14T16:18:09.242+08:00 DEBUG 79744 --- [ecos-gateway] [           main] c.c.g.g.jdbc.TenantAwareJdbcTemplate     : Executing prepared SQL statement [SELECT COUNT(*) FROM td_role]
2026-09-14T16:18:09.247+08:00  INFO 79744 --- [ecos-gateway] [           main] c.c.g.engine.ai.config.DataInitializer   : td_role table already has 11 records, skip seeding
2026-09-14T16:18:09.248+08:00 DEBUG 79744 --- [ecos-gateway] [           main] c.c.g.g.jdbc.TenantAwareJdbcTemplate     : Executing prepared SQL query
2026-09-14T16:18:09.248+08:00 DEBUG 79744 --- [ecos-gateway] [nio-8080-exec-1] c.c.g.g.i.TelemetryInterceptor           : OTel Span: traceId=00000000000000000000000000000000, GET /api/health → 200
2026-09-14T16:18:09.249+08:00 DEBUG 79744 --- [ecos-gateway] [           main] c.c.g.g.jdbc.TenantAwareJdbcTemplate     : Executing prepared SQL statement [SELECT COUNT(*) FROM ecos_cron_job]
2026-09-14T16:18:09.255+08:00  INFO 79744 --- [ecos-gateway] [           main] c.c.g.engine.ai.config.DataInitializer   : CronJob table already has 2 records, skip seeding
2026-09-14T16:18:09.256+08:00 DEBUG 79744 --- [ecos-gateway] [           main] c.c.g.g.jdbc.TenantAwareJdbcTemplate     : Executing prepared SQL query
2026-09-14T16:18:09.257+08:00 DEBUG 79744 --- [ecos-gateway] [           main] c.c.g.g.jdbc.TenantAwareJdbcTemplate     : Executing prepared SQL statement [SELECT COUNT(*) FROM ecos_skill]
2026-09-14T16:18:09.260+08:00  INFO 79744 --- [ecos-gateway] [           main] c.c.g.engine.ai.config.DataInitializer   : Skill table already has 3 records, skip seeding
2026-09-14T16:18:09.372+08:00 DEBUG 79744 --- [ecos-gateway] [           main] c.c.g.e.a.a.m.r.A.findById               : ==>  Preparing: SELECT id, name, role, capability, status, endpoint, metadata, created_at AS createdAt, updated_at AS updatedAt FROM ecos_agent_registry WHERE id = ?
2026-09-14T16:18:09.401+08:00 DEBUG 79744 --- [ecos-gateway] [           main] c.c.g.e.a.a.m.r.A.findById               : ==> Parameters: builtin-data-agent(String)
2026-09-14T16:18:09.498+08:00 DEBUG 79744 --- [ecos-gateway] [           main] c.c.g.e.a.a.m.r.A.findById               : <==      Total: 1
2026-09-14T16:18:09.543+08:00 DEBUG 79744 --- [ecos-gateway] [           main] c.c.g.engine.ai.config.DataInitializer   : Built-in agent builtin-data-agent already exists, skip seeding
2026-09-14T16:18:09.545+08:00 DEBUG 79744 --- [ecos-gateway] [           main] c.c.g.e.a.a.m.r.A.findById               : ==>  Preparing: SELECT id, name, role, capability, status, endpoint, metadata, created_at AS createdAt, updated_at AS updatedAt FROM ecos_agent_registry WHERE id = ?
2026-09-14T16:18:09.546+08:00 DEBUG 79744 --- [ecos-gateway] [           main] c.c.g.e.a.a.m.r.A.findById               : ==> Parameters: builtin-ontology-agent(String)
2026-09-14T16:18:09.550+08:00 DEBUG 79744 --- [ecos-gateway] [           main] c.c.g.e.a.a.m.r.A.findById               : <==      Total: 1
2026-09-14T16:18:09.550+08:00 DEBUG 79744 --- [ecos-gateway] [           main] c.c.g.engine.ai.config.DataInitializer   : Built-in agent builtin-ontology-agent already exists, skip seeding
2026-09-14T16:18:09.551+08:00 DEBUG 79744 --- [ecos-gateway] [           main] c.c.g.e.a.a.m.r.A.findById               : ==>  Preparing: SELECT id, name, role, capability, status, endpoint, metadata, created_at AS createdAt, updated_at AS updatedAt FROM ecos_agent_registry WHERE id = ?
2026-09-14T16:18:09.552+08:00 DEBUG 79744 --- [ecos-gateway] [           main] c.c.g.e.a.a.m.r.A.findById               : ==> Parameters: builtin-cognitive-agent(String)
2026-09-14T16:18:09.556+08:00 DEBUG 79744 --- [ecos-gateway] [           main] c.c.g.e.a.a.m.r.A.findById               : <==      Total: 1
2026-09-14T16:18:09.557+08:00 DEBUG 79744 --- [ecos-gateway] [           main] c.c.g.engine.ai.config.DataInitializer   : Built-in agent builtin-cognitive-agent already exists, skip seeding
2026-09-14T16:18:09.559+08:00 DEBUG 79744 --- [ecos-gateway] [           main] c.c.g.e.a.a.m.r.A.findById               : ==>  Preparing: SELECT id, name, role, capability, status, endpoint, metadata, created_at AS createdAt, updated_at AS updatedAt FROM ecos_agent_registry WHERE id = ?
2026-09-14T16:18:09.560+08:00 DEBUG 79744 --- [ecos-gateway] [           main] c.c.g.e.a.a.m.r.A.findById               : ==> Parameters: builtin-security-agent(String)
2026-09-14T16:18:09.563+08:00 DEBUG 79744 --- [ecos-gateway] [           main] c.c.g.e.a.a.m.r.A.findById               : <==      Total: 1
2026-09-14T16:18:09.565+08:00 DEBUG 79744 --- [ecos-gateway] [           main] c.c.g.engine.ai.config.DataInitializer   : Built-in agent builtin-security-agent already exists, skip seeding
2026-09-14T16:18:09.565+08:00 DEBUG 79744 --- [ecos-gateway] [           main] c.c.g.e.a.a.m.r.A.findById               : ==>  Preparing: SELECT id, name, role, capability, status, endpoint, metadata, created_at AS createdAt, updated_at AS updatedAt FROM ecos_agent_registry WHERE id = ?
2026-09-14T16:18:09.567+08:00 DEBUG 79744 --- [ecos-gateway] [           main] c.c.g.e.a.a.m.r.A.findById               : ==> Parameters: builtin-kb-agent(String)
2026-09-14T16:18:09.570+08:00 DEBUG 79744 --- [ecos-gateway] [           main] c.c.g.e.a.a.m.r.A.findById               : <==      Total: 1
2026-09-14T16:18:09.571+08:00 DEBUG 79744 --- [ecos-gateway] [           main] c.c.g.engine.ai.config.DataInitializer   : Built-in agent builtin-kb-agent already exists, skip seeding
2026-09-14T16:18:09.572+08:00 DEBUG 79744 --- [ecos-gateway] [           main] c.c.g.e.a.a.m.r.A.findById               : ==>  Preparing: SELECT id, name, role, capability, status, endpoint, metadata, created_at AS createdAt, updated_at AS updatedAt FROM ecos_agent_registry WHERE id = ?
2026-09-14T16:18:09.573+08:00 DEBUG 79744 --- [ecos-gateway] [           main] c.c.g.e.a.a.m.r.A.findById               : ==> Parameters: builtin-ai-agent(String)
2026-09-14T16:18:09.586+08:00 DEBUG 79744 --- [ecos-gateway] [           main] c.c.g.e.a.a.m.r.A.findById               : <==      Total: 1
2026-09-14T16:18:09.587+08:00 DEBUG 79744 --- [ecos-gateway] [           main] c.c.g.engine.ai.config.DataInitializer   : Built-in agent builtin-ai-agent already exists, skip seeding
2026-09-14T16:18:09.588+08:00  INFO 79744 --- [ecos-gateway] [           main] c.c.g.engine.ai.config.DataInitializer   : Seeded 6 built-in Agents
2026-09-14T16:18:09.590+08:00 DEBUG 79744 --- [ecos-gateway] [           main] c.c.g.g.jdbc.TenantAwareJdbcTemplate     : Executing SQL statement [CREATE TABLE IF NOT EXISTS ecos_spans (
    span_id VARCHAR(64) PRIMARY KEY,
    trace_id VARCHAR(64) NOT NULL,
    parent_span_id VARCHAR(64),
    operation_name VARCHAR(512),
    service_name VARCHAR(128),
    http_method VARCHAR(16),
    http_path VARCHAR(512),
    http_status INT DEFAULT 0,
    start_time TIMESTAMP NOT NULL DEFAULT NOW(),
    end_time TIMESTAMP,
    duration_ms BIGINT DEFAULT 0,
    status VARCHAR(16) DEFAULT 'OK',
    attributes JSONB,
    created_at TIMESTAMP DEFAULT NOW()
)
]
2026-09-14T16:18:09.594+08:00 DEBUG 79744 --- [ecos-gateway] [           main] c.c.g.g.jdbc.TenantAwareJdbcTemplate     : SQLWarning ignored: SQL state '42P07', error code '0', message [relation "ecos_spans" already exists, skipping]
2026-09-14T16:18:09.595+08:00 DEBUG 79744 --- [ecos-gateway] [           main] c.c.g.g.jdbc.TenantAwareJdbcTemplate     : Executing SQL statement [CREATE INDEX IF NOT EXISTS idx_spans_trace ON ecos_spans(trace_id)]
2026-09-14T16:18:09.598+08:00 DEBUG 79744 --- [ecos-gateway] [           main] c.c.g.g.jdbc.TenantAwareJdbcTemplate     : SQLWarning ignored: SQL state '42P07', error code '0', message [relation "idx_spans_trace" already exists, skipping]
2026-09-14T16:18:09.600+08:00 DEBUG 79744 --- [ecos-gateway] [           main] c.c.g.g.jdbc.TenantAwareJdbcTemplate     : Executing SQL statement [CREATE INDEX IF NOT EXISTS idx_spans_created ON ecos_spans(created_at DESC)]
2026-09-14T16:18:09.603+08:00 DEBUG 79744 --- [ecos-gateway] [           main] c.c.g.g.jdbc.TenantAwareJdbcTemplate     : SQLWarning ignored: SQL state '42P07', error code '0', message [relation "idx_spans_created" already exists, skipping]
2026-09-14T16:18:09.604+08:00 DEBUG 79744 --- [ecos-gateway] [           main] c.c.g.g.jdbc.TenantAwareJdbcTemplate     : Executing SQL statement [CREATE INDEX IF NOT EXISTS idx_spans_path ON ecos_spans(http_path)]
2026-09-14T16:18:09.607+08:00 DEBUG 79744 --- [ecos-gateway] [           main] c.c.g.g.jdbc.TenantAwareJdbcTemplate     : SQLWarning ignored: SQL state '42P07', error code '0', message [relation "idx_spans_path" already exists, skipping]
2026-09-14T16:18:09.609+08:00 DEBUG 79744 --- [ecos-gateway] [           main] c.c.g.g.jdbc.TenantAwareJdbcTemplate     : Executing SQL statement [CREATE TABLE IF NOT EXISTS ecos_token_usage (
    id BIGSERIAL PRIMARY KEY,
    trace_id VARCHAR(64),
    model VARCHAR(64),
    operation VARCHAR(256),
    prompt_tokens INT DEFAULT 0,
    completion_tokens INT DEFAULT 0,
    total_tokens INT DEFAULT 0,
    cost_estimate DECIMAL(10,6) DEFAULT 0,
    latency_ms BIGINT DEFAULT 0,
    created_at TIMESTAMP DEFAULT NOW()
)
]
2026-09-14T16:18:09.612+08:00 DEBUG 79744 --- [ecos-gateway] [           main] c.c.g.g.jdbc.TenantAwareJdbcTemplate     : SQLWarning ignored: SQL state '42P07', error code '0', message [relation "ecos_token_usage" already exists, skipping]
2026-09-14T16:18:09.614+08:00 DEBUG 79744 --- [ecos-gateway] [           main] c.c.g.g.jdbc.TenantAwareJdbcTemplate     : Executing SQL statement [CREATE INDEX IF NOT EXISTS idx_token_usage_trace ON ecos_token_usage(trace_id)]
2026-09-14T16:18:09.616+08:00 DEBUG 79744 --- [ecos-gateway] [           main] c.c.g.g.jdbc.TenantAwareJdbcTemplate     : SQLWarning ignored: SQL state '42P07', error code '0', message [relation "idx_token_usage_trace" already exists, skipping]
2026-09-14T16:18:09.618+08:00 DEBUG 79744 --- [ecos-gateway] [           main] c.c.g.g.jdbc.TenantAwareJdbcTemplate     : Executing SQL statement [CREATE INDEX IF NOT EXISTS idx_token_usage_created ON ecos_token_usage(created_at DESC)]
2026-09-14T16:18:09.621+08:00 DEBUG 79744 --- [ecos-gateway] [           main] c.c.g.g.jdbc.TenantAwareJdbcTemplate     : SQLWarning ignored: SQL state '42P07', error code '0', message [relation "idx_token_usage_created" already exists, skipping]
2026-09-14T16:18:09.622+08:00  INFO 79744 --- [ecos-gateway] [           main] c.c.g.g.t.TelemetryTableInitializer      : P3-5 telemetry tables initialized successfully
2026-09-14T16:18:10.187+08:00  INFO 79744 --- [ecos-gateway] [ntainer#1-0-C-1] org.apache.kafka.clients.Metadata        : [Consumer clientId=consumer-dccheng-ontology-consumer-2, groupId=dccheng-ontology-consumer] Cluster ID: pN5lcUxeTIyFSETjOomjgQ
2026-09-14T16:18:10.187+08:00  INFO 79744 --- [ecos-gateway] [ntainer#0-0-C-1] org.apache.kafka.clients.Metadata        : [Consumer clientId=consumer-dccheng-cognitive-group-1, groupId=dccheng-cognitive-group] Cluster ID: pN5lcUxeTIyFSETjOomjgQ
2026-09-14T16:18:10.191+08:00  INFO 79744 --- [ecos-gateway] [ntainer#0-0-C-1] o.a.k.c.c.internals.ConsumerCoordinator  : [Consumer clientId=consumer-dccheng-cognitive-group-1, groupId=dccheng-cognitive-group] Discovered group coordinator localhost:9092 (id: 2147483646 rack: null)
2026-09-14T16:18:10.193+08:00  INFO 79744 --- [ecos-gateway] [ntainer#1-0-C-1] o.a.k.c.c.internals.ConsumerCoordinator  : [Consumer clientId=consumer-dccheng-ontology-consumer-2, groupId=dccheng-ontology-consumer] Discovered group coordinator localhost:9092 (id: 2147483646 rack: null)
2026-09-14T16:18:10.197+08:00  INFO 79744 --- [ecos-gateway] [ntainer#0-0-C-1] o.a.k.c.c.internals.ConsumerCoordinator  : [Consumer clientId=consumer-dccheng-cognitive-group-1, groupId=dccheng-cognitive-group] (Re-)joining group
2026-09-14T16:18:10.198+08:00  INFO 79744 --- [ecos-gateway] [ntainer#1-0-C-1] o.a.k.c.c.internals.ConsumerCoordinator  : [Consumer clientId=consumer-dccheng-ontology-consumer-2, groupId=dccheng-ontology-consumer] (Re-)joining group
2026-09-14T16:18:10.234+08:00  INFO 79744 --- [ecos-gateway] [ntainer#1-0-C-1] o.a.k.c.c.internals.ConsumerCoordinator  : [Consumer clientId=consumer-dccheng-ontology-consumer-2, groupId=dccheng-ontology-consumer] Request joining group due to: need to re-join with the given member-id: consumer-dccheng-ontology-consumer-2-1836a843-6a4e-4c42-93b1-955f3cb1abc1
2026-09-14T16:18:10.234+08:00  INFO 79744 --- [ecos-gateway] [ntainer#0-0-C-1] o.a.k.c.c.internals.ConsumerCoordinator  : [Consumer clientId=consumer-dccheng-cognitive-group-1, groupId=dccheng-cognitive-group] Request joining group due to: need to re-join with the given member-id: consumer-dccheng-cognitive-group-1-b279d789-9180-4def-831e-41302b000f6f
2026-09-14T16:18:10.235+08:00  INFO 79744 --- [ecos-gateway] [ntainer#1-0-C-1] o.a.k.c.c.internals.ConsumerCoordinator  : [Consumer clientId=consumer-dccheng-ontology-consumer-2, groupId=dccheng-ontology-consumer] Request joining group due to: rebalance failed due to 'The group member needs to have a valid member id before actually entering a consumer group.' (MemberIdRequiredException)
2026-09-14T16:18:10.235+08:00  INFO 79744 --- [ecos-gateway] [ntainer#0-0-C-1] o.a.k.c.c.internals.ConsumerCoordinator  : [Consumer clientId=consumer-dccheng-cognitive-group-1, groupId=dccheng-cognitive-group] Request joining group due to: rebalance failed due to 'The group member needs to have a valid member id before actually entering a consumer group.' (MemberIdRequiredException)
2026-09-14T16:18:10.235+08:00  INFO 79744 --- [ecos-gateway] [ntainer#1-0-C-1] o.a.k.c.c.internals.ConsumerCoordinator  : [Consumer clientId=consumer-dccheng-ontology-consumer-2, groupId=dccheng-ontology-consumer] (Re-)joining group
2026-09-14T16:18:10.236+08:00  INFO 79744 --- [ecos-gateway] [ntainer#0-0-C-1] o.a.k.c.c.internals.ConsumerCoordinator  : [Consumer clientId=consumer-dccheng-cognitive-group-1, groupId=dccheng-cognitive-group] (Re-)joining group
2026-09-14T16:18:13.246+08:00  INFO 79744 --- [ecos-gateway] [ntainer#1-0-C-1] o.a.k.c.c.internals.ConsumerCoordinator  : [Consumer clientId=consumer-dccheng-ontology-consumer-2, groupId=dccheng-ontology-consumer] Successfully joined group with generation Generation{generationId=23, memberId='consumer-dccheng-ontology-consumer-2-1836a843-6a4e-4c42-93b1-955f3cb1abc1', protocol='range'}
2026-09-14T16:18:13.246+08:00  INFO 79744 --- [ecos-gateway] [ntainer#0-0-C-1] o.a.k.c.c.internals.ConsumerCoordinator  : [Consumer clientId=consumer-dccheng-cognitive-group-1, groupId=dccheng-cognitive-group] Successfully joined group with generation Generation{generationId=5, memberId='consumer-dccheng-cognitive-group-1-b279d789-9180-4def-831e-41302b000f6f', protocol='range'}
2026-09-14T16:18:13.257+08:00  INFO 79744 --- [ecos-gateway] [ntainer#1-0-C-1] o.a.k.c.c.internals.ConsumerCoordinator  : [Consumer clientId=consumer-dccheng-ontology-consumer-2, groupId=dccheng-ontology-consumer] Finished assignment for group at generation 23: {consumer-dccheng-ontology-consumer-2-1836a843-6a4e-4c42-93b1-955f3cb1abc1=Assignment(partitions=[ecos.ontology.published-0])}
2026-09-14T16:18:13.257+08:00  INFO 79744 --- [ecos-gateway] [ntainer#0-0-C-1] o.a.k.c.c.internals.ConsumerCoordinator  : [Consumer clientId=consumer-dccheng-cognitive-group-1, groupId=dccheng-cognitive-group] Finished assignment for group at generation 5: {consumer-dccheng-cognitive-group-1-b279d789-9180-4def-831e-41302b000f6f=Assignment(partitions=[ecos.cognitive-0])}
2026-09-14T16:18:13.269+08:00  INFO 79744 --- [ecos-gateway] [ntainer#1-0-C-1] o.a.k.c.c.internals.ConsumerCoordinator  : [Consumer clientId=consumer-dccheng-ontology-consumer-2, groupId=dccheng-ontology-consumer] Successfully synced group in generation Generation{generationId=23, memberId='consumer-dccheng-ontology-consumer-2-1836a843-6a4e-4c42-93b1-955f3cb1abc1', protocol='range'}
2026-09-14T16:18:13.269+08:00  INFO 79744 --- [ecos-gateway] [ntainer#0-0-C-1] o.a.k.c.c.internals.ConsumerCoordinator  : [Consumer clientId=consumer-dccheng-cognitive-group-1, groupId=dccheng-cognitive-group] Successfully synced group in generation Generation{generationId=5, memberId='consumer-dccheng-cognitive-group-1-b279d789-9180-4def-831e-41302b000f6f', protocol='range'}
2026-09-14T16:18:13.270+08:00  INFO 79744 --- [ecos-gateway] [ntainer#0-0-C-1] o.a.k.c.c.internals.ConsumerCoordinator  : [Consumer clientId=consumer-dccheng-cognitive-group-1, groupId=dccheng-cognitive-group] Notifying assignor about the new Assignment(partitions=[ecos.cognitive-0])
2026-09-14T16:18:13.270+08:00  INFO 79744 --- [ecos-gateway] [ntainer#1-0-C-1] o.a.k.c.c.internals.ConsumerCoordinator  : [Consumer clientId=consumer-dccheng-ontology-consumer-2, groupId=dccheng-ontology-consumer] Notifying assignor about the new Assignment(partitions=[ecos.ontology.published-0])
2026-09-14T16:18:13.273+08:00  INFO 79744 --- [ecos-gateway] [ntainer#1-0-C-1] o.a.k.c.c.internals.ConsumerCoordinator  : [Consumer clientId=consumer-dccheng-ontology-consumer-2, groupId=dccheng-ontology-consumer] Adding newly assigned partitions: ecos.ontology.published-0
2026-09-14T16:18:13.273+08:00  INFO 79744 --- [ecos-gateway] [ntainer#0-0-C-1] o.a.k.c.c.internals.ConsumerCoordinator  : [Consumer clientId=consumer-dccheng-cognitive-group-1, groupId=dccheng-cognitive-group] Adding newly assigned partitions: ecos.cognitive-0
2026-09-14T16:18:13.290+08:00  INFO 79744 --- [ecos-gateway] [ntainer#0-0-C-1] o.a.k.c.c.internals.ConsumerCoordinator  : [Consumer clientId=consumer-dccheng-cognitive-group-1, groupId=dccheng-cognitive-group] Setting offset for partition ecos.cognitive-0 to the committed offset FetchPosition{offset=7, offsetEpoch=Optional.empty, currentLeader=LeaderAndEpoch{leader=Optional[localhost:9092 (id: 1 rack: null)], epoch=0}}
2026-09-14T16:18:13.290+08:00  INFO 79744 --- [ecos-gateway] [ntainer#1-0-C-1] o.a.k.c.c.internals.ConsumerCoordinator  : [Consumer clientId=consumer-dccheng-ontology-consumer-2, groupId=dccheng-ontology-consumer] Setting offset for partition ecos.ontology.published-0 to the committed offset FetchPosition{offset=0, offsetEpoch=Optional.empty, currentLeader=LeaderAndEpoch{leader=Optional[localhost:9092 (id: 1 rack: null)], epoch=0}}
2026-09-14T16:18:13.292+08:00  INFO 79744 --- [ecos-gateway] [ntainer#0-0-C-1] o.s.k.l.KafkaMessageListenerContainer    : dccheng-cognitive-group: partitions assigned: [ecos.cognitive-0]
2026-09-14T16:18:13.292+08:00  INFO 79744 --- [ecos-gateway] [ntainer#1-0-C-1] o.s.k.l.KafkaMessageListenerContainer    : dccheng-ontology-consumer: partitions assigned: [ecos.ontology.published-0]
2026-09-14T16:18:13.905+08:00 DEBUG 79744 --- [ecos-gateway] [nio-8080-exec-2] c.c.g.g.i.TelemetryInterceptor           : OTel Span: traceId=00000000000000000000000000000000, GET /api/health → 200
2026-09-14T16:18:38.565+08:00 DEBUG 79744 --- [ecos-gateway] [MessageBroker-8] c.c.g.e.d.r.D.findAll                    : ==>  Preparing: SELECT * FROM td_datasource ORDER BY create_time DESC
2026-09-14T16:18:38.567+08:00 DEBUG 79744 --- [ecos-gateway] [MessageBroker-3] c.c.g.engine.kb.service.KGWriterService  : Neo4j health OK — node count: 44
2026-09-14T16:18:38.577+08:00 DEBUG 79744 --- [ecos-gateway] [MessageBroker-8] c.c.g.e.d.r.D.findAll                    : ==> Parameters: 
2026-09-14T16:18:38.585+08:00 DEBUG 79744 --- [ecos-gateway] [MessageBroker-8] c.c.g.e.d.r.D.findAll                    : <==      Total: 4
2026-09-14T16:18:38.826+08:00  INFO 79744 --- [ecos-gateway] [nio-8080-exec-4] c.c.g.e.c.c.CounterfactualController     : 反事实推演请求: domain=aviation, variable=fuel_price_level, N=1000, seed=42
2026-09-14T16:18:38.827+08:00 DEBUG 79744 --- [ecos-gateway] [nio-8080-exec-4] c.c.g.g.jdbc.TenantAwareJdbcTemplate     : Executing prepared SQL query
2026-09-14T16:18:38.828+08:00 DEBUG 79744 --- [ecos-gateway] [nio-8080-exec-4] c.c.g.g.jdbc.TenantAwareJdbcTemplate     : Executing prepared SQL statement [SELECT id, variable_name, tenant_scope, domain, distribution, version, snapshot_version, is_manual_override, override_reason, last_evidence_id, status, create_time, update_time, create_by, update_by FROM ecos_cognitive_belief WHERE variable_name = ? AND domain = ? AND is_deleted = 0 ORDER BY version DESC LIMIT 1]
2026-09-14T16:18:38.846+08:00 DEBUG 79744 --- [ecos-gateway] [nio-8080-exec-4] c.c.g.g.jdbc.TenantAwareJdbcTemplate     : Executing prepared SQL query
2026-09-14T16:18:38.847+08:00 DEBUG 79744 --- [ecos-gateway] [nio-8080-exec-4] c.c.g.g.jdbc.TenantAwareJdbcTemplate     : Executing prepared SQL statement [SELECT id, hypothesis_code, tenant_scope, statement, domain, metric_ref, evidence_ids, is_valid, invalid_at, invalid_reason, status, create_time, update_time, create_by, update_by FROM ecos_cognitive_hypothesis WHERE is_deleted = 0 AND domain = ? ORDER BY update_time DESC, id]
2026-09-14T16:18:38.869+08:00  INFO 79744 --- [ecos-gateway] [nio-8080-exec-4] c.c.g.e.c.s.m.CounterfactualSimulator    : 反事实推演完成: domain=aviation variable=fuel_price_level interventions=1 N=1000 seed=42 benefit=0.14999999999999636
2026-09-14T16:18:38.925+08:00  INFO 79744 --- [ecos-gateway] [nio-8080-exec-4] o.a.k.clients.producer.ProducerConfig    : Idempotence will be disabled because acks is set to 1, not set to 'all'.
2026-09-14T16:18:38.927+08:00  INFO 79744 --- [ecos-gateway] [nio-8080-exec-4] o.a.k.clients.producer.ProducerConfig    : ProducerConfig values: 
	acks = 1
	auto.include.jmx.reporter = true
	batch.size = 16384
	bootstrap.servers = [localhost:9092]
	buffer.memory = 33554432
	client.dns.lookup = use_all_dns_ips
	client.id = producer-1
	compression.type = none
	connections.max.idle.ms = 540000
	delivery.timeout.ms = 120000
	enable.idempotence = false
	interceptor.classes = []
	key.serializer = class org.apache.kafka.common.serialization.StringSerializer
	linger.ms = 0
	max.block.ms = 60000
	max.in.flight.requests.per.connection = 5
	max.request.size = 1048576
	metadata.max.age.ms = 300000
	metadata.max.idle.ms = 300000
	metric.reporters = []
	metrics.num.samples = 2
	metrics.recording.level = INFO
	metrics.sample.window.ms = 30000
	partitioner.adaptive.partitioning.enable = true
	partitioner.availability.timeout.ms = 0
	partitioner.class = null
	partitioner.ignore.keys = false
	receive.buffer.bytes = 32768
	reconnect.backoff.max.ms = 1000
	reconnect.backoff.ms = 50
	request.timeout.ms = 30000
	retries = 2147483647
	retry.backoff.ms = 100
	sasl.client.callback.handler.class = null
	sasl.jaas.config = null
	sasl.kerberos.kinit.cmd = /usr/bin/kinit
	sasl.kerberos.min.time.before.relogin = 60000
	sasl.kerberos.service.name = null
	sasl.kerberos.ticket.renew.jitter = 0.05
	sasl.kerberos.ticket.renew.window.factor = 0.8
	sasl.login.callback.handler.class = null
	sasl.login.class = null
	sasl.login.connect.timeout.ms = null
	sasl.login.read.timeout.ms = null
	sasl.login.refresh.buffer.seconds = 300
	sasl.login.refresh.min.period.seconds = 60
	sasl.login.refresh.window.factor = 0.8
	sasl.login.refresh.window.jitter = 0.05
	sasl.login.retry.backoff.max.ms = 10000
	sasl.login.retry.backoff.ms = 100
	sasl.mechanism = GSSAPI
	sasl.oauthbearer.clock.skew.seconds = 30
	sasl.oauthbearer.expected.audience = null
	sasl.oauthbearer.expected.issuer = null
	sasl.oauthbearer.jwks.endpoint.refresh.ms = 3600000
	sasl.oauthbearer.jwks.endpoint.retry.backoff.max.ms = 10000
	sasl.oauthbearer.jwks.endpoint.retry.backoff.ms = 100
	sasl.oauthbearer.jwks.endpoint.url = null
	sasl.oauthbearer.scope.claim.name = scope
	sasl.oauthbearer.sub.claim.name = sub
	sasl.oauthbearer.token.endpoint.url = null
	security.protocol = PLAINTEXT
	security.providers = null
	send.buffer.bytes = 131072
	socket.connection.setup.timeout.max.ms = 30000
	socket.connection.setup.timeout.ms = 10000
	ssl.cipher.suites = null
	ssl.enabled.protocols = [TLSv1.2, TLSv1.3]
	ssl.endpoint.identification.algorithm = https
	ssl.engine.factory.class = null
	ssl.key.password = null
	ssl.keymanager.algorithm = SunX509
	ssl.keystore.certificate.chain = null
	ssl.keystore.key = null
	ssl.keystore.location = null
	ssl.keystore.password = null
	ssl.keystore.type = JKS
	ssl.protocol = TLSv1.3
	ssl.provider = null
	ssl.secure.random.implementation = null
	ssl.trustmanager.algorithm = PKIX
	ssl.truststore.certificates = null
	ssl.truststore.location = null
	ssl.truststore.password = null
	ssl.truststore.type = JKS
	transaction.timeout.ms = 60000
	transactional.id = null
	value.serializer = class org.apache.kafka.common.serialization.StringSerializer

2026-09-14T16:18:39.001+08:00  INFO 79744 --- [ecos-gateway] [nio-8080-exec-4] o.a.kafka.common.utils.AppInfoParser     : Kafka version: 3.6.1
2026-09-14T16:18:39.002+08:00  INFO 79744 --- [ecos-gateway] [nio-8080-exec-4] o.a.kafka.common.utils.AppInfoParser     : Kafka commitId: 5e3c2b738d253ff5
2026-09-14T16:18:39.004+08:00  INFO 79744 --- [ecos-gateway] [nio-8080-exec-4] o.a.kafka.common.utils.AppInfoParser     : Kafka startTimeMs: 1789373919001
2026-09-14T16:18:39.015+08:00  INFO 79744 --- [ecos-gateway] [ad | producer-1] org.apache.kafka.clients.Metadata        : [Producer clientId=producer-1] Cluster ID: pN5lcUxeTIyFSETjOomjgQ
2026-09-14T16:18:39.175+08:00 DEBUG 79744 --- [ecos-gateway] [nio-8080-exec-4] c.c.g.g.i.TelemetryInterceptor           : OTel Span: traceId=00000000000000000000000000000000, POST /api/v1/cognitive/counterfactual → 200
2026-09-14T16:18:42.905+08:00  INFO 79744 --- [ecos-gateway] [pool-2-thread-2] .c.g.r.c.t.s.i.TaskManagementServiceImpl : 任务已提交: taskId=f169e154-354f-4941-b5e2-99ea59353c6f, taskName=usage-aggregation
2026-09-14T16:18:42.905+08:00  INFO 79744 --- [ecos-gateway] [pool-2-thread-2] .c.g.r.c.t.s.i.TaskManagementServiceImpl : 任务已解析: taskId=f169e154-354f-4941-b5e2-99ea59353c6f
2026-09-14T16:18:42.907+08:00 DEBUG 79744 --- [ecos-gateway] [pool-2-thread-2] c.c.g.r.c.t.c.AgentCronTaskExecutor      : AgentCronTaskExecutor.onStatusUpdate: taskId=f169e154-354f-4941-b5e2-99ea59353c6f, status=RUNNING
2026-09-14T16:18:42.907+08:00 DEBUG 79744 --- [ecos-gateway] [pool-2-thread-2] c.c.g.g.jdbc.TenantAwareJdbcTemplate     : Executing prepared SQL update
2026-09-14T16:18:42.908+08:00 DEBUG 79744 --- [ecos-gateway] [pool-2-thread-2] c.c.g.g.jdbc.TenantAwareJdbcTemplate     : Executing prepared SQL statement [INSERT INTO ecos_tenant_usage (tenant_id, usage_date, quota_type, used_count, updated_at) SELECT 'unknown' AS tenant_id, ?::date, 'API_CALLS', COUNT(*) AS used_count, NOW() FROM ecos_spans s WHERE s.created_at::date = ?::date ON CONFLICT (tenant_id, usage_date, quota_type) DO UPDATE SET used_count = EXCLUDED.used_count, updated_at = NOW()]
2026-09-14T16:18:42.915+08:00 DEBUG 79744 --- [ecos-gateway] [pool-2-thread-2] c.c.g.g.jdbc.TenantAwareJdbcTemplate     : Executing prepared SQL update
2026-09-14T16:18:42.916+08:00 DEBUG 79744 --- [ecos-gateway] [pool-2-thread-2] c.c.g.g.jdbc.TenantAwareJdbcTemplate     : Executing prepared SQL statement [INSERT INTO ecos_tenant_usage (tenant_id, usage_date, quota_type, used_count, updated_at) SELECT 'unknown' AS tenant_id, ?::date, 'TOKENS', COALESCE(SUM(total_tokens), 0) AS used_count, NOW() FROM ecos_token_usage WHERE created_at::date = ?::date ON CONFLICT (tenant_id, usage_date, quota_type) DO UPDATE SET used_count = EXCLUDED.used_count, updated_at = NOW()]
2026-09-14T16:18:42.920+08:00 DEBUG 79744 --- [ecos-gateway] [pool-2-thread-2] c.c.g.gateway.telemetry.UsageCollector   : A7 UsageCollector aggregated 1 API + 1 token usage records for 2026-09-14 on today=2026-09-14
2026-09-14T16:18:42.921+08:00 DEBUG 79744 --- [ecos-gateway] [pool-2-thread-2] c.c.g.r.c.t.c.AgentCronTaskExecutor      : AgentCronTaskExecutor.onStatusUpdate: taskId=f169e154-354f-4941-b5e2-99ea59353c6f, status=SUCCEEDED
2026-09-14T16:18:42.923+08:00  INFO 79744 --- [ecos-gateway] [pool-2-thread-2] .c.g.r.c.t.s.i.TaskManagementServiceImpl : 任务执行完成: taskId=f169e154-354f-4941-b5e2-99ea59353c6f, status=SUCCEEDED
2026-09-14T16:18:42.923+08:00  INFO 79744 --- [ecos-gateway] [pool-2-thread-2] c.c.g.r.c.t.s.TaskSchedulerServiceImpl   : 定时任务已提交执行 task=f169e154-354f-4941-b5e2-99ea59353c6f taskType=USAGE_AGGREGATION
2026-09-14T16:19:07.612+08:00  INFO 79744 --- [ecos-gateway] [essageBroker-14] o.s.w.s.c.WebSocketMessageBrokerStats    : WebSocketSession[0 current WS(0)-HttpStream(0)-HttpPoll(0), 0 total, 0 closed abnormally (0 connect failure, 0 send limit, 0 transport error)], stompSubProtocol[processed CONNECT(0)-CONNECTED(0)-DISCONNECT(0)], stompBrokerRelay[null], inboundChannel[pool size = 0, active threads = 0, queued tasks = 0, completed tasks = 0], outboundChannel[pool size = 0, active threads = 0, queued tasks = 0, completed tasks = 0], sockJsScheduler[pool size = 16, active threads = 1, queued tasks = 6, completed tasks = 16]
2026-09-14T16:19:08.569+08:00 DEBUG 79744 --- [ecos-gateway] [MessageBroker-9] c.c.g.engine.kb.service.KGWriterService  : Neo4j health OK — node count: 44
2026-09-14T16:19:38.563+08:00 DEBUG 79744 --- [ecos-gateway] [MessageBroker-2] c.c.g.engine.kb.service.KGWriterService  : Neo4j health OK — node count: 44
2026-09-14T16:19:38.652+08:00 DEBUG 79744 --- [ecos-gateway] [essageBroker-11] c.c.g.e.d.r.D.findAll                    : ==>  Preparing: SELECT * FROM td_datasource ORDER BY create_time DESC
2026-09-14T16:19:38.654+08:00 DEBUG 79744 --- [ecos-gateway] [essageBroker-11] c.c.g.e.d.r.D.findAll                    : ==> Parameters: 
2026-09-14T16:19:38.658+08:00 DEBUG 79744 --- [ecos-gateway] [essageBroker-11] c.c.g.e.d.r.D.findAll                    : <==      Total: 4
2026-09-14T16:19:42.905+08:00  INFO 79744 --- [ecos-gateway] [pool-2-thread-1] .c.g.r.c.t.s.i.TaskManagementServiceImpl : 任务已提交: taskId=f169e154-354f-4941-b5e2-99ea59353c6f, taskName=usage-aggregation
2026-09-14T16:19:42.908+08:00  INFO 79744 --- [ecos-gateway] [pool-2-thread-1] .c.g.r.c.t.s.i.TaskManagementServiceImpl : 任务已解析: taskId=f169e154-354f-4941-b5e2-99ea59353c6f
2026-09-14T16:19:42.909+08:00 DEBUG 79744 --- [ecos-gateway] [pool-2-thread-1] c.c.g.r.c.t.c.AgentCronTaskExecutor      : AgentCronTaskExecutor.onStatusUpdate: taskId=f169e154-354f-4941-b5e2-99ea59353c6f, status=RUNNING
2026-09-14T16:19:42.910+08:00 DEBUG 79744 --- [ecos-gateway] [pool-2-thread-1] c.c.g.g.jdbc.TenantAwareJdbcTemplate     : Executing prepared SQL update
2026-09-14T16:19:42.910+08:00 DEBUG 79744 --- [ecos-gateway] [pool-2-thread-1] c.c.g.g.jdbc.TenantAwareJdbcTemplate     : Executing prepared SQL statement [INSERT INTO ecos_tenant_usage (tenant_id, usage_date, quota_type, used_count, updated_at) SELECT 'unknown' AS tenant_id, ?::date, 'API_CALLS', COUNT(*) AS used_count, NOW() FROM ecos_spans s WHERE s.created_at::date = ?::date ON CONFLICT (tenant_id, usage_date, quota_type) DO UPDATE SET used_count = EXCLUDED.used_count, updated_at = NOW()]
2026-09-14T16:19:42.917+08:00 DEBUG 79744 --- [ecos-gateway] [pool-2-thread-1] c.c.g.g.jdbc.TenantAwareJdbcTemplate     : Executing prepared SQL update
2026-09-14T16:19:42.918+08:00 DEBUG 79744 --- [ecos-gateway] [pool-2-thread-1] c.c.g.g.jdbc.TenantAwareJdbcTemplate     : Executing prepared SQL statement [INSERT INTO ecos_tenant_usage (tenant_id, usage_date, quota_type, used_count, updated_at) SELECT 'unknown' AS tenant_id, ?::date, 'TOKENS', COALESCE(SUM(total_tokens), 0) AS used_count, NOW() FROM ecos_token_usage WHERE created_at::date = ?::date ON CONFLICT (tenant_id, usage_date, quota_type) DO UPDATE SET used_count = EXCLUDED.used_count, updated_at = NOW()]
2026-09-14T16:19:42.924+08:00 DEBUG 79744 --- [ecos-gateway] [pool-2-thread-1] c.c.g.gateway.telemetry.UsageCollector   : A7 UsageCollector aggregated 1 API + 1 token usage records for 2026-09-14 on today=2026-09-14
2026-09-14T16:19:42.925+08:00 DEBUG 79744 --- [ecos-gateway] [pool-2-thread-1] c.c.g.r.c.t.c.AgentCronTaskExecutor      : AgentCronTaskExecutor.onStatusUpdate: taskId=f169e154-354f-4941-b5e2-99ea59353c6f, status=SUCCEEDED
2026-09-14T16:19:42.926+08:00  INFO 79744 --- [ecos-gateway] [pool-2-thread-1] .c.g.r.c.t.s.i.TaskManagementServiceImpl : 任务执行完成: taskId=f169e154-354f-4941-b5e2-99ea59353c6f, status=SUCCEEDED
2026-09-14T16:19:42.926+08:00  INFO 79744 --- [ecos-gateway] [pool-2-thread-1] c.c.g.r.c.t.s.TaskSchedulerServiceImpl   : 定时任务已提交执行 task=f169e154-354f-4941-b5e2-99ea59353c6f taskType=USAGE_AGGREGATION
2026-09-14T16:20:08.562+08:00 DEBUG 79744 --- [ecos-gateway] [MessageBroker-1] c.c.g.engine.kb.service.KGWriterService  : Neo4j health OK — node count: 44
2026-09-14T16:20:38.565+08:00 DEBUG 79744 --- [ecos-gateway] [MessageBroker-4] c.c.g.engine.kb.service.KGWriterService  : Neo4j health OK — node count: 44
2026-09-14T16:20:38.679+08:00 DEBUG 79744 --- [ecos-gateway] [MessageBroker-3] c.c.g.e.d.r.D.findAll                    : ==>  Preparing: SELECT * FROM td_datasource ORDER BY create_time DESC
2026-09-14T16:20:38.680+08:00 DEBUG 79744 --- [ecos-gateway] [MessageBroker-3] c.c.g.e.d.r.D.findAll                    : ==> Parameters: 
2026-09-14T16:20:38.688+08:00 DEBUG 79744 --- [ecos-gateway] [MessageBroker-3] c.c.g.e.d.r.D.findAll                    : <==      Total: 4
2026-09-14T16:20:42.919+08:00  INFO 79744 --- [ecos-gateway] [pool-2-thread-3] .c.g.r.c.t.s.i.TaskManagementServiceImpl : 任务已提交: taskId=f169e154-354f-4941-b5e2-99ea59353c6f, taskName=usage-aggregation
2026-09-14T16:20:42.930+08:00  INFO 79744 --- [ecos-gateway] [pool-2-thread-3] .c.g.r.c.t.s.i.TaskManagementServiceImpl : 任务已解析: taskId=f169e154-354f-4941-b5e2-99ea59353c6f
2026-09-14T16:20:42.932+08:00 DEBUG 79744 --- [ecos-gateway] [pool-2-thread-3] c.c.g.r.c.t.c.AgentCronTaskExecutor      : AgentCronTaskExecutor.onStatusUpdate: taskId=f169e154-354f-4941-b5e2-99ea59353c6f, status=RUNNING
2026-09-14T16:20:42.933+08:00 DEBUG 79744 --- [ecos-gateway] [pool-2-thread-3] c.c.g.g.jdbc.TenantAwareJdbcTemplate     : Executing prepared SQL update
2026-09-14T16:20:42.933+08:00 DEBUG 79744 --- [ecos-gateway] [pool-2-thread-3] c.c.g.g.jdbc.TenantAwareJdbcTemplate     : Executing prepared SQL statement [INSERT INTO ecos_tenant_usage (tenant_id, usage_date, quota_type, used_count, updated_at) SELECT 'unknown' AS tenant_id, ?::date, 'API_CALLS', COUNT(*) AS used_count, NOW() FROM ecos_spans s WHERE s.created_at::date = ?::date ON CONFLICT (tenant_id, usage_date, quota_type) DO UPDATE SET used_count = EXCLUDED.used_count, updated_at = NOW()]
2026-09-14T16:20:42.952+08:00 DEBUG 79744 --- [ecos-gateway] [pool-2-thread-3] c.c.g.g.jdbc.TenantAwareJdbcTemplate     : Executing prepared SQL update
2026-09-14T16:20:42.954+08:00 DEBUG 79744 --- [ecos-gateway] [pool-2-thread-3] c.c.g.g.jdbc.TenantAwareJdbcTemplate     : Executing prepared SQL statement [INSERT INTO ecos_tenant_usage (tenant_id, usage_date, quota_type, used_count, updated_at) SELECT 'unknown' AS tenant_id, ?::date, 'TOKENS', COALESCE(SUM(total_tokens), 0) AS used_count, NOW() FROM ecos_token_usage WHERE created_at::date = ?::date ON CONFLICT (tenant_id, usage_date, quota_type) DO UPDATE SET used_count = EXCLUDED.used_count, updated_at = NOW()]
2026-09-14T16:20:42.969+08:00 DEBUG 79744 --- [ecos-gateway] [pool-2-thread-3] c.c.g.gateway.telemetry.UsageCollector   : A7 UsageCollector aggregated 1 API + 1 token usage records for 2026-09-14 on today=2026-09-14
2026-09-14T16:20:42.970+08:00 DEBUG 79744 --- [ecos-gateway] [pool-2-thread-3] c.c.g.r.c.t.c.AgentCronTaskExecutor      : AgentCronTaskExecutor.onStatusUpdate: taskId=f169e154-354f-4941-b5e2-99ea59353c6f, status=SUCCEEDED
2026-09-14T16:20:42.971+08:00  INFO 79744 --- [ecos-gateway] [pool-2-thread-3] .c.g.r.c.t.s.i.TaskManagementServiceImpl : 任务执行完成: taskId=f169e154-354f-4941-b5e2-99ea59353c6f, status=SUCCEEDED
2026-09-14T16:20:42.972+08:00  INFO 79744 --- [ecos-gateway] [pool-2-thread-3] c.c.g.r.c.t.s.TaskSchedulerServiceImpl   : 定时任务已提交执行 task=f169e154-354f-4941-b5e2-99ea59353c6f taskType=USAGE_AGGREGATION
2026-09-14T16:21:08.579+08:00 DEBUG 79744 --- [ecos-gateway] [MessageBroker-6] c.c.g.engine.kb.service.KGWriterService  : Neo4j health OK — node count: 44
2026-09-14T16:21:38.569+08:00 DEBUG 79744 --- [ecos-gateway] [MessageBroker-2] c.c.g.engine.kb.service.KGWriterService  : Neo4j health OK — node count: 44
2026-09-14T16:21:38.699+08:00 DEBUG 79744 --- [ecos-gateway] [essageBroker-12] c.c.g.e.d.r.D.findAll                    : ==>  Preparing: SELECT * FROM td_datasource ORDER BY create_time DESC
2026-09-14T16:21:38.701+08:00 DEBUG 79744 --- [ecos-gateway] [essageBroker-12] c.c.g.e.d.r.D.findAll                    : ==> Parameters: 
2026-09-14T16:21:38.718+08:00 DEBUG 79744 --- [ecos-gateway] [essageBroker-12] c.c.g.e.d.r.D.findAll                    : <==      Total: 4
2026-09-14T16:21:42.913+08:00  INFO 79744 --- [ecos-gateway] [pool-2-thread-3] .c.g.r.c.t.s.i.TaskManagementServiceImpl : 任务已提交: taskId=f169e154-354f-4941-b5e2-99ea59353c6f, taskName=usage-aggregation
2026-09-14T16:21:42.916+08:00  INFO 79744 --- [ecos-gateway] [pool-2-thread-3] .c.g.r.c.t.s.i.TaskManagementServiceImpl : 任务已解析: taskId=f169e154-354f-4941-b5e2-99ea59353c6f
2026-09-14T16:21:42.919+08:00 DEBUG 79744 --- [ecos-gateway] [pool-2-thread-3] c.c.g.r.c.t.c.AgentCronTaskExecutor      : AgentCronTaskExecutor.onStatusUpdate: taskId=f169e154-354f-4941-b5e2-99ea59353c6f, status=RUNNING
2026-09-14T16:21:42.921+08:00 DEBUG 79744 --- [ecos-gateway] [pool-2-thread-3] c.c.g.g.jdbc.TenantAwareJdbcTemplate     : Executing prepared SQL update
2026-09-14T16:21:42.925+08:00 DEBUG 79744 --- [ecos-gateway] [pool-2-thread-3] c.c.g.g.jdbc.TenantAwareJdbcTemplate     : Executing prepared SQL statement [INSERT INTO ecos_tenant_usage (tenant_id, usage_date, quota_type, used_count, updated_at) SELECT 'unknown' AS tenant_id, ?::date, 'API_CALLS', COUNT(*) AS used_count, NOW() FROM ecos_spans s WHERE s.created_at::date = ?::date ON CONFLICT (tenant_id, usage_date, quota_type) DO UPDATE SET used_count = EXCLUDED.used_count, updated_at = NOW()]
2026-09-14T16:21:42.999+08:00 DEBUG 79744 --- [ecos-gateway] [pool-2-thread-3] c.c.g.g.jdbc.TenantAwareJdbcTemplate     : Executing prepared SQL update
2026-09-14T16:21:43.000+08:00 DEBUG 79744 --- [ecos-gateway] [pool-2-thread-3] c.c.g.g.jdbc.TenantAwareJdbcTemplate     : Executing prepared SQL statement [INSERT INTO ecos_tenant_usage (tenant_id, usage_date, quota_type, used_count, updated_at) SELECT 'unknown' AS tenant_id, ?::date, 'TOKENS', COALESCE(SUM(total_tokens), 0) AS used_count, NOW() FROM ecos_token_usage WHERE created_at::date = ?::date ON CONFLICT (tenant_id, usage_date, quota_type) DO UPDATE SET used_count = EXCLUDED.used_count, updated_at = NOW()]
2026-09-14T16:21:43.057+08:00 DEBUG 79744 --- [ecos-gateway] [pool-2-thread-3] c.c.g.gateway.telemetry.UsageCollector   : A7 UsageCollector aggregated 1 API + 1 token usage records for 2026-09-14 on today=2026-09-14
2026-09-14T16:21:43.059+08:00 DEBUG 79744 --- [ecos-gateway] [pool-2-thread-3] c.c.g.r.c.t.c.AgentCronTaskExecutor      : AgentCronTaskExecutor.onStatusUpdate: taskId=f169e154-354f-4941-b5e2-99ea59353c6f, status=SUCCEEDED
2026-09-14T16:21:43.061+08:00  INFO 79744 --- [ecos-gateway] [pool-2-thread-3] .c.g.r.c.t.s.i.TaskManagementServiceImpl : 任务执行完成: taskId=f169e154-354f-4941-b5e2-99ea59353c6f, status=SUCCEEDED
2026-09-14T16:21:43.063+08:00  INFO 79744 --- [ecos-gateway] [pool-2-thread-3] c.c.g.r.c.t.s.TaskSchedulerServiceImpl   : 定时任务已提交执行 task=f169e154-354f-4941-b5e2-99ea59353c6f taskType=USAGE_AGGREGATION
2026-09-14T16:22:08.575+08:00 DEBUG 79744 --- [ecos-gateway] [essageBroker-11] c.c.g.engine.kb.service.KGWriterService  : Neo4j health OK — node count: 44
2026-09-14T16:22:38.572+08:00 DEBUG 79744 --- [ecos-gateway] [MessageBroker-2] c.c.g.engine.kb.service.KGWriterService  : Neo4j health OK — node count: 44
2026-09-14T16:22:38.739+08:00 DEBUG 79744 --- [ecos-gateway] [MessageBroker-7] c.c.g.e.d.r.D.findAll                    : ==>  Preparing: SELECT * FROM td_datasource ORDER BY create_time DESC
2026-09-14T16:22:38.742+08:00 DEBUG 79744 --- [ecos-gateway] [MessageBroker-7] c.c.g.e.d.r.D.findAll                    : ==> Parameters: 
2026-09-14T16:22:38.755+08:00 DEBUG 79744 --- [ecos-gateway] [MessageBroker-7] c.c.g.e.d.r.D.findAll                    : <==      Total: 4
2026-09-14T16:22:42.920+08:00  INFO 79744 --- [ecos-gateway] [pool-2-thread-1] .c.g.r.c.t.s.i.TaskManagementServiceImpl : 任务已提交: taskId=f169e154-354f-4941-b5e2-99ea59353c6f, taskName=usage-aggregation
2026-09-14T16:22:42.923+08:00  INFO 79744 --- [ecos-gateway] [pool-2-thread-1] .c.g.r.c.t.s.i.TaskManagementServiceImpl : 任务已解析: taskId=f169e154-354f-4941-b5e2-99ea59353c6f
2026-09-14T16:22:42.925+08:00 DEBUG 79744 --- [ecos-gateway] [pool-2-thread-1] c.c.g.r.c.t.c.AgentCronTaskExecutor      : AgentCronTaskExecutor.onStatusUpdate: taskId=f169e154-354f-4941-b5e2-99ea59353c6f, status=RUNNING
2026-09-14T16:22:42.926+08:00 DEBUG 79744 --- [ecos-gateway] [pool-2-thread-1] c.c.g.g.jdbc.TenantAwareJdbcTemplate     : Executing prepared SQL update
2026-09-14T16:22:42.927+08:00 DEBUG 79744 --- [ecos-gateway] [pool-2-thread-1] c.c.g.g.jdbc.TenantAwareJdbcTemplate     : Executing prepared SQL statement [INSERT INTO ecos_tenant_usage (tenant_id, usage_date, quota_type, used_count, updated_at) SELECT 'unknown' AS tenant_id, ?::date, 'API_CALLS', COUNT(*) AS used_count, NOW() FROM ecos_spans s WHERE s.created_at::date = ?::date ON CONFLICT (tenant_id, usage_date, quota_type) DO UPDATE SET used_count = EXCLUDED.used_count, updated_at = NOW()]
2026-09-14T16:22:42.937+08:00 DEBUG 79744 --- [ecos-gateway] [pool-2-thread-1] c.c.g.g.jdbc.TenantAwareJdbcTemplate     : Executing prepared SQL update
2026-09-14T16:22:42.938+08:00 DEBUG 79744 --- [ecos-gateway] [pool-2-thread-1] c.c.g.g.jdbc.TenantAwareJdbcTemplate     : Executing prepared SQL statement [INSERT INTO ecos_tenant_usage (tenant_id, usage_date, quota_type, used_count, updated_at) SELECT 'unknown' AS tenant_id, ?::date, 'TOKENS', COALESCE(SUM(total_tokens), 0) AS used_count, NOW() FROM ecos_token_usage WHERE created_at::date = ?::date ON CONFLICT (tenant_id, usage_date, quota_type) DO UPDATE SET used_count = EXCLUDED.used_count, updated_at = NOW()]
2026-09-14T16:22:42.945+08:00 DEBUG 79744 --- [ecos-gateway] [pool-2-thread-1] c.c.g.gateway.telemetry.UsageCollector   : A7 UsageCollector aggregated 1 API + 1 token usage records for 2026-09-14 on today=2026-09-14
2026-09-14T16:22:42.947+08:00 DEBUG 79744 --- [ecos-gateway] [pool-2-thread-1] c.c.g.r.c.t.c.AgentCronTaskExecutor      : AgentCronTaskExecutor.onStatusUpdate: taskId=f169e154-354f-4941-b5e2-99ea59353c6f, status=SUCCEEDED
2026-09-14T16:22:42.948+08:00  INFO 79744 --- [ecos-gateway] [pool-2-thread-1] .c.g.r.c.t.s.i.TaskManagementServiceImpl : 任务执行完成: taskId=f169e154-354f-4941-b5e2-99ea59353c6f, status=SUCCEEDED
2026-09-14T16:22:42.948+08:00  INFO 79744 --- [ecos-gateway] [pool-2-thread-1] c.c.g.r.c.t.s.TaskSchedulerServiceImpl   : 定时任务已提交执行 task=f169e154-354f-4941-b5e2-99ea59353c6f taskType=USAGE_AGGREGATION
2026-09-14T16:23:08.565+08:00 DEBUG 79744 --- [ecos-gateway] [MessageBroker-9] c.c.g.engine.kb.service.KGWriterService  : Neo4j health OK — node count: 44
2026-09-14T16:23:38.634+08:00 DEBUG 79744 --- [ecos-gateway] [essageBroker-12] c.c.g.engine.kb.service.KGWriterService  : Neo4j health OK — node count: 44
2026-09-14T16:23:38.871+08:00 DEBUG 79744 --- [ecos-gateway] [MessageBroker-1] c.c.g.e.d.r.D.findAll                    : ==>  Preparing: SELECT * FROM td_datasource ORDER BY create_time DESC
2026-09-14T16:23:38.874+08:00 DEBUG 79744 --- [ecos-gateway] [MessageBroker-1] c.c.g.e.d.r.D.findAll                    : ==> Parameters: 
2026-09-14T16:23:38.899+08:00 DEBUG 79744 --- [ecos-gateway] [MessageBroker-1] c.c.g.e.d.r.D.findAll                    : <==      Total: 4
2026-09-14T16:23:43.020+08:00  INFO 79744 --- [ecos-gateway] [pool-2-thread-2] .c.g.r.c.t.s.i.TaskManagementServiceImpl : 任务已提交: taskId=f169e154-354f-4941-b5e2-99ea59353c6f, taskName=usage-aggregation
2026-09-14T16:23:43.041+08:00  INFO 79744 --- [ecos-gateway] [pool-2-thread-2] .c.g.r.c.t.s.i.TaskManagementServiceImpl : 任务已解析: taskId=f169e154-354f-4941-b5e2-99ea59353c6f
2026-09-14T16:23:43.044+08:00 DEBUG 79744 --- [ecos-gateway] [pool-2-thread-2] c.c.g.r.c.t.c.AgentCronTaskExecutor      : AgentCronTaskExecutor.onStatusUpdate: taskId=f169e154-354f-4941-b5e2-99ea59353c6f, status=RUNNING
2026-09-14T16:23:43.047+08:00 DEBUG 79744 --- [ecos-gateway] [pool-2-thread-2] c.c.g.g.jdbc.TenantAwareJdbcTemplate     : Executing prepared SQL update
2026-09-14T16:23:43.049+08:00 DEBUG 79744 --- [ecos-gateway] [pool-2-thread-2] c.c.g.g.jdbc.TenantAwareJdbcTemplate     : Executing prepared SQL statement [INSERT INTO ecos_tenant_usage (tenant_id, usage_date, quota_type, used_count, updated_at) SELECT 'unknown' AS tenant_id, ?::date, 'API_CALLS', COUNT(*) AS used_count, NOW() FROM ecos_spans s WHERE s.created_at::date = ?::date ON CONFLICT (tenant_id, usage_date, quota_type) DO UPDATE SET used_count = EXCLUDED.used_count, updated_at = NOW()]
2026-09-14T16:23:43.202+08:00 DEBUG 79744 --- [ecos-gateway] [pool-2-thread-2] c.c.g.g.jdbc.TenantAwareJdbcTemplate     : Executing prepared SQL update
2026-09-14T16:23:43.206+08:00 DEBUG 79744 --- [ecos-gateway] [pool-2-thread-2] c.c.g.g.jdbc.TenantAwareJdbcTemplate     : Executing prepared SQL statement [INSERT INTO ecos_tenant_usage (tenant_id, usage_date, quota_type, used_count, updated_at) SELECT 'unknown' AS tenant_id, ?::date, 'TOKENS', COALESCE(SUM(total_tokens), 0) AS used_count, NOW() FROM ecos_token_usage WHERE created_at::date = ?::date ON CONFLICT (tenant_id, usage_date, quota_type) DO UPDATE SET used_count = EXCLUDED.used_count, updated_at = NOW()]
2026-09-14T16:23:43.313+08:00 DEBUG 79744 --- [ecos-gateway] [pool-2-thread-2] c.c.g.gateway.telemetry.UsageCollector   : A7 UsageCollector aggregated 1 API + 1 token usage records for 2026-09-14 on today=2026-09-14
2026-09-14T16:23:43.315+08:00 DEBUG 79744 --- [ecos-gateway] [pool-2-thread-2] c.c.g.r.c.t.c.AgentCronTaskExecutor      : AgentCronTaskExecutor.onStatusUpdate: taskId=f169e154-354f-4941-b5e2-99ea59353c6f, status=SUCCEEDED
2026-09-14T16:23:43.319+08:00  INFO 79744 --- [ecos-gateway] [pool-2-thread-2] .c.g.r.c.t.s.i.TaskManagementServiceImpl : 任务执行完成: taskId=f169e154-354f-4941-b5e2-99ea59353c6f, status=SUCCEEDED
2026-09-14T16:23:43.320+08:00  INFO 79744 --- [ecos-gateway] [pool-2-thread-2] c.c.g.r.c.t.s.TaskSchedulerServiceImpl   : 定时任务已提交执行 task=f169e154-354f-4941-b5e2-99ea59353c6f taskType=USAGE_AGGREGATION
2026-09-14T16:24:08.673+08:00 DEBUG 79744 --- [ecos-gateway] [essageBroker-11] c.c.g.engine.kb.service.KGWriterService  : Neo4j health OK — node count: 44
2026-09-14T16:24:38.578+08:00 DEBUG 79744 --- [ecos-gateway] [MessageBroker-4] c.c.g.engine.kb.service.KGWriterService  : Neo4j health OK — node count: 44
2026-09-14T16:24:38.924+08:00 DEBUG 79744 --- [ecos-gateway] [MessageBroker-5] c.c.g.e.d.r.D.findAll                    : ==>  Preparing: SELECT * FROM td_datasource ORDER BY create_time DESC
2026-09-14T16:24:38.928+08:00 DEBUG 79744 --- [ecos-gateway] [MessageBroker-5] c.c.g.e.d.r.D.findAll                    : ==> Parameters: 
2026-09-14T16:24:38.943+08:00 DEBUG 79744 --- [ecos-gateway] [MessageBroker-5] c.c.g.e.d.r.D.findAll                    : <==      Total: 4
2026-09-14T16:24:42.918+08:00  INFO 79744 --- [ecos-gateway] [pool-2-thread-7] .c.g.r.c.t.s.i.TaskManagementServiceImpl : 任务已提交: taskId=f169e154-354f-4941-b5e2-99ea59353c6f, taskName=usage-aggregation
2026-09-14T16:24:42.919+08:00  INFO 79744 --- [ecos-gateway] [pool-2-thread-7] .c.g.r.c.t.s.i.TaskManagementServiceImpl : 任务已解析: taskId=f169e154-354f-4941-b5e2-99ea59353c6f
2026-09-14T16:24:42.919+08:00 DEBUG 79744 --- [ecos-gateway] [pool-2-thread-7] c.c.g.r.c.t.c.AgentCronTaskExecutor      : AgentCronTaskExecutor.onStatusUpdate: taskId=f169e154-354f-4941-b5e2-99ea59353c6f, status=RUNNING
2026-09-14T16:24:42.921+08:00 DEBUG 79744 --- [ecos-gateway] [pool-2-thread-7] c.c.g.g.jdbc.TenantAwareJdbcTemplate     : Executing prepared SQL update
2026-09-14T16:24:42.923+08:00 DEBUG 79744 --- [ecos-gateway] [pool-2-thread-7] c.c.g.g.jdbc.TenantAwareJdbcTemplate     : Executing prepared SQL statement [INSERT INTO ecos_tenant_usage (tenant_id, usage_date, quota_type, used_count, updated_at) SELECT 'unknown' AS tenant_id, ?::date, 'API_CALLS', COUNT(*) AS used_count, NOW() FROM ecos_spans s WHERE s.created_at::date = ?::date ON CONFLICT (tenant_id, usage_date, quota_type) DO UPDATE SET used_count = EXCLUDED.used_count, updated_at = NOW()]
2026-09-14T16:24:42.930+08:00 DEBUG 79744 --- [ecos-gateway] [pool-2-thread-7] c.c.g.g.jdbc.TenantAwareJdbcTemplate     : Executing prepared SQL update
2026-09-14T16:24:42.932+08:00 DEBUG 79744 --- [ecos-gateway] [pool-2-thread-7] c.c.g.g.jdbc.TenantAwareJdbcTemplate     : Executing prepared SQL statement [INSERT INTO ecos_tenant_usage (tenant_id, usage_date, quota_type, used_count, updated_at) SELECT 'unknown' AS tenant_id, ?::date, 'TOKENS', COALESCE(SUM(total_tokens), 0) AS used_count, NOW() FROM ecos_token_usage WHERE created_at::date = ?::date ON CONFLICT (tenant_id, usage_date, quota_type) DO UPDATE SET used_count = EXCLUDED.used_count, updated_at = NOW()]
2026-09-14T16:24:42.939+08:00 DEBUG 79744 --- [ecos-gateway] [pool-2-thread-7] c.c.g.gateway.telemetry.UsageCollector   : A7 UsageCollector aggregated 1 API + 1 token usage records for 2026-09-14 on today=2026-09-14
2026-09-14T16:24:42.940+08:00 DEBUG 79744 --- [ecos-gateway] [pool-2-thread-7] c.c.g.r.c.t.c.AgentCronTaskExecutor      : AgentCronTaskExecutor.onStatusUpdate: taskId=f169e154-354f-4941-b5e2-99ea59353c6f, status=SUCCEEDED
2026-09-14T16:24:42.942+08:00  INFO 79744 --- [ecos-gateway] [pool-2-thread-7] .c.g.r.c.t.s.i.TaskManagementServiceImpl : 任务执行完成: taskId=f169e154-354f-4941-b5e2-99ea59353c6f, status=SUCCEEDED
2026-09-14T16:24:42.942+08:00  INFO 79744 --- [ecos-gateway] [pool-2-thread-7] c.c.g.r.c.t.s.TaskSchedulerServiceImpl   : 定时任务已提交执行 task=f169e154-354f-4941-b5e2-99ea59353c6f taskType=USAGE_AGGREGATION
2026-09-14T16:25:08.581+08:00 DEBUG 79744 --- [ecos-gateway] [MessageBroker-8] c.c.g.engine.kb.service.KGWriterService  : Neo4j health OK — node count: 44
2026-09-14T16:25:38.612+08:00 DEBUG 79744 --- [ecos-gateway] [MessageBroker-2] c.c.g.engine.kb.service.KGWriterService  : Neo4j health OK — node count: 44
2026-09-14T16:25:38.988+08:00 DEBUG 79744 --- [ecos-gateway] [MessageBroker-5] c.c.g.e.d.r.D.findAll                    : ==>  Preparing: SELECT * FROM td_datasource ORDER BY create_time DESC
2026-09-14T16:25:38.989+08:00 DEBUG 79744 --- [ecos-gateway] [MessageBroker-5] c.c.g.e.d.r.D.findAll                    : ==> Parameters: 
2026-09-14T16:25:39.011+08:00 DEBUG 79744 --- [ecos-gateway] [MessageBroker-5] c.c.g.e.d.r.D.findAll                    : <==      Total: 4
2026-09-14T16:25:42.910+08:00  INFO 79744 --- [ecos-gateway] [pool-2-thread-7] .c.g.r.c.t.s.i.TaskManagementServiceImpl : 任务已提交: taskId=f169e154-354f-4941-b5e2-99ea59353c6f, taskName=usage-aggregation
2026-09-14T16:25:42.917+08:00  INFO 79744 --- [ecos-gateway] [pool-2-thread-7] .c.g.r.c.t.s.i.TaskManagementServiceImpl : 任务已解析: taskId=f169e154-354f-4941-b5e2-99ea59353c6f
2026-09-14T16:25:42.922+08:00 DEBUG 79744 --- [ecos-gateway] [pool-2-thread-7] c.c.g.r.c.t.c.AgentCronTaskExecutor      : AgentCronTaskExecutor.onStatusUpdate: taskId=f169e154-354f-4941-b5e2-99ea59353c6f, status=RUNNING
2026-09-14T16:25:42.925+08:00 DEBUG 79744 --- [ecos-gateway] [pool-2-thread-7] c.c.g.g.jdbc.TenantAwareJdbcTemplate     : Executing prepared SQL update
2026-09-14T16:25:42.928+08:00 DEBUG 79744 --- [ecos-gateway] [pool-2-thread-7] c.c.g.g.jdbc.TenantAwareJdbcTemplate     : Executing prepared SQL statement [INSERT INTO ecos_tenant_usage (tenant_id, usage_date, quota_type, used_count, updated_at) SELECT 'unknown' AS tenant_id, ?::date, 'API_CALLS', COUNT(*) AS used_count, NOW() FROM ecos_spans s WHERE s.created_at::date = ?::date ON CONFLICT (tenant_id, usage_date, quota_type) DO UPDATE SET used_count = EXCLUDED.used_count, updated_at = NOW()]
2026-09-14T16:25:43.038+08:00 DEBUG 79744 --- [ecos-gateway] [pool-2-thread-7] c.c.g.g.jdbc.TenantAwareJdbcTemplate     : Executing prepared SQL update
2026-09-14T16:25:43.040+08:00 DEBUG 79744 --- [ecos-gateway] [pool-2-thread-7] c.c.g.g.jdbc.TenantAwareJdbcTemplate     : Executing prepared SQL statement [INSERT INTO ecos_tenant_usage (tenant_id, usage_date, quota_type, used_count, updated_at) SELECT 'unknown' AS tenant_id, ?::date, 'TOKENS', COALESCE(SUM(total_tokens), 0) AS used_count, NOW() FROM ecos_token_usage WHERE created_at::date = ?::date ON CONFLICT (tenant_id, usage_date, quota_type) DO UPDATE SET used_count = EXCLUDED.used_count, updated_at = NOW()]
2026-09-14T16:25:43.202+08:00 DEBUG 79744 --- [ecos-gateway] [pool-2-thread-7] c.c.g.gateway.telemetry.UsageCollector   : A7 UsageCollector aggregated 1 API + 1 token usage records for 2026-09-14 on today=2026-09-14
2026-09-14T16:25:43.204+08:00 DEBUG 79744 --- [ecos-gateway] [pool-2-thread-7] c.c.g.r.c.t.c.AgentCronTaskExecutor      : AgentCronTaskExecutor.onStatusUpdate: taskId=f169e154-354f-4941-b5e2-99ea59353c6f, status=SUCCEEDED
2026-09-14T16:25:43.204+08:00  INFO 79744 --- [ecos-gateway] [pool-2-thread-7] .c.g.r.c.t.s.i.TaskManagementServiceImpl : 任务执行完成: taskId=f169e154-354f-4941-b5e2-99ea59353c6f, status=SUCCEEDED
2026-09-14T16:25:43.206+08:00  INFO 79744 --- [ecos-gateway] [pool-2-thread-7] c.c.g.r.c.t.s.TaskSchedulerServiceImpl   : 定时任务已提交执行 task=f169e154-354f-4941-b5e2-99ea59353c6f taskType=USAGE_AGGREGATION
2026-09-14T16:26:08.563+08:00 DEBUG 79744 --- [ecos-gateway] [MessageBroker-8] c.c.g.engine.kb.service.KGWriterService  : Neo4j health OK — node count: 44
2026-09-14T16:26:38.578+08:00 DEBUG 79744 --- [ecos-gateway] [essageBroker-13] c.c.g.engine.kb.service.KGWriterService  : Neo4j health OK — node count: 44
2026-09-14T16:26:39.058+08:00 DEBUG 79744 --- [ecos-gateway] [essageBroker-12] c.c.g.e.d.r.D.findAll                    : ==>  Preparing: SELECT * FROM td_datasource ORDER BY create_time DESC
2026-09-14T16:26:39.061+08:00 DEBUG 79744 --- [ecos-gateway] [essageBroker-12] c.c.g.e.d.r.D.findAll                    : ==> Parameters: 
2026-09-14T16:26:39.070+08:00 DEBUG 79744 --- [ecos-gateway] [essageBroker-12] c.c.g.e.d.r.D.findAll                    : <==      Total: 4
2026-09-14T16:26:42.912+08:00  INFO 79744 --- [ecos-gateway] [pool-2-thread-7] .c.g.r.c.t.s.i.TaskManagementServiceImpl : 任务已提交: taskId=f169e154-354f-4941-b5e2-99ea59353c6f, taskName=usage-aggregation
2026-09-14T16:26:42.915+08:00  INFO 79744 --- [ecos-gateway] [pool-2-thread-7] .c.g.r.c.t.s.i.TaskManagementServiceImpl : 任务已解析: taskId=f169e154-354f-4941-b5e2-99ea59353c6f
2026-09-14T16:26:42.917+08:00 DEBUG 79744 --- [ecos-gateway] [pool-2-thread-7] c.c.g.r.c.t.c.AgentCronTaskExecutor      : AgentCronTaskExecutor.onStatusUpdate: taskId=f169e154-354f-4941-b5e2-99ea59353c6f, status=RUNNING
2026-09-14T16:26:42.919+08:00 DEBUG 79744 --- [ecos-gateway] [pool-2-thread-7] c.c.g.g.jdbc.TenantAwareJdbcTemplate     : Executing prepared SQL update
2026-09-14T16:26:42.921+08:00 DEBUG 79744 --- [ecos-gateway] [pool-2-thread-7] c.c.g.g.jdbc.TenantAwareJdbcTemplate     : Executing prepared SQL statement [INSERT INTO ecos_tenant_usage (tenant_id, usage_date, quota_type, used_count, updated_at) SELECT 'unknown' AS tenant_id, ?::date, 'API_CALLS', COUNT(*) AS used_count, NOW() FROM ecos_spans s WHERE s.created_at::date = ?::date ON CONFLICT (tenant_id, usage_date, quota_type) DO UPDATE SET used_count = EXCLUDED.used_count, updated_at = NOW()]
2026-09-14T16:26:42.934+08:00 DEBUG 79744 --- [ecos-gateway] [pool-2-thread-7] c.c.g.g.jdbc.TenantAwareJdbcTemplate     : Executing prepared SQL update
2026-09-14T16:26:42.937+08:00 DEBUG 79744 --- [ecos-gateway] [pool-2-thread-7] c.c.g.g.jdbc.TenantAwareJdbcTemplate     : Executing prepared SQL statement [INSERT INTO ecos_tenant_usage (tenant_id, usage_date, quota_type, used_count, updated_at) SELECT 'unknown' AS tenant_id, ?::date, 'TOKENS', COALESCE(SUM(total_tokens), 0) AS used_count, NOW() FROM ecos_token_usage WHERE created_at::date = ?::date ON CONFLICT (tenant_id, usage_date, quota_type) DO UPDATE SET used_count = EXCLUDED.used_count, updated_at = NOW()]
2026-09-14T16:26:42.962+08:00 DEBUG 79744 --- [ecos-gateway] [pool-2-thread-7] c.c.g.gateway.telemetry.UsageCollector   : A7 UsageCollector aggregated 1 API + 1 token usage records for 2026-09-14 on today=2026-09-14
2026-09-14T16:26:42.966+08:00 DEBUG 79744 --- [ecos-gateway] [pool-2-thread-7] c.c.g.r.c.t.c.AgentCronTaskExecutor      : AgentCronTaskExecutor.onStatusUpdate: taskId=f169e154-354f-4941-b5e2-99ea59353c6f, status=SUCCEEDED
2026-09-14T16:26:42.968+08:00  INFO 79744 --- [ecos-gateway] [pool-2-thread-7] .c.g.r.c.t.s.i.TaskManagementServiceImpl : 任务执行完成: taskId=f169e154-354f-4941-b5e2-99ea59353c6f, status=SUCCEEDED
2026-09-14T16:26:42.970+08:00  INFO 79744 --- [ecos-gateway] [pool-2-thread-7] c.c.g.r.c.t.s.TaskSchedulerServiceImpl   : 定时任务已提交执行 task=f169e154-354f-4941-b5e2-99ea59353c6f taskType=USAGE_AGGREGATION
2026-09-14T16:27:08.820+08:00 DEBUG 79744 --- [ecos-gateway] [MessageBroker-3] c.c.g.engine.kb.service.KGWriterService  : Neo4j health OK — node count: 44
2026-09-14T16:27:10.225+08:00  INFO 79744 --- [ecos-gateway] [ntainer#0-0-C-1] org.apache.kafka.clients.NetworkClient   : [Consumer clientId=consumer-dccheng-cognitive-group-1, groupId=dccheng-cognitive-group] Node -1 disconnected.
2026-09-14T16:27:10.281+08:00  INFO 79744 --- [ecos-gateway] [ntainer#1-0-C-1] org.apache.kafka.clients.NetworkClient   : [Consumer clientId=consumer-dccheng-ontology-consumer-2, groupId=dccheng-ontology-consumer] Node -1 disconnected.
2026-09-14T16:27:38.590+08:00 DEBUG 79744 --- [ecos-gateway] [essageBroker-13] c.c.g.engine.kb.service.KGWriterService  : Neo4j health OK — node count: 44
2026-09-14T16:27:39.227+08:00 DEBUG 79744 --- [ecos-gateway] [essageBroker-10] c.c.g.e.d.r.D.findAll                    : ==>  Preparing: SELECT * FROM td_datasource ORDER BY create_time DESC
2026-09-14T16:27:39.306+08:00 DEBUG 79744 --- [ecos-gateway] [essageBroker-10] c.c.g.e.d.r.D.findAll                    : ==> Parameters: 
2026-09-14T16:27:39.328+08:00 DEBUG 79744 --- [ecos-gateway] [essageBroker-10] c.c.g.e.d.r.D.findAll                    : <==      Total: 4
2026-09-14T16:27:39.653+08:00  INFO 79744 --- [ecos-gateway] [ad | producer-1] org.apache.kafka.clients.NetworkClient   : [Producer clientId=producer-1] Node -1 disconnected.
2026-09-14T16:27:42.913+08:00  INFO 79744 --- [ecos-gateway] [pool-2-thread-7] .c.g.r.c.t.s.i.TaskManagementServiceImpl : 任务已提交: taskId=f169e154-354f-4941-b5e2-99ea59353c6f, taskName=usage-aggregation
2026-09-14T16:27:42.918+08:00  INFO 79744 --- [ecos-gateway] [pool-2-thread-7] .c.g.r.c.t.s.i.TaskManagementServiceImpl : 任务已解析: taskId=f169e154-354f-4941-b5e2-99ea59353c6f
2026-09-14T16:27:42.923+08:00 DEBUG 79744 --- [ecos-gateway] [pool-2-thread-7] c.c.g.r.c.t.c.AgentCronTaskExecutor      : AgentCronTaskExecutor.onStatusUpdate: taskId=f169e154-354f-4941-b5e2-99ea59353c6f, status=RUNNING
2026-09-14T16:27:42.925+08:00 DEBUG 79744 --- [ecos-gateway] [pool-2-thread-7] c.c.g.g.jdbc.TenantAwareJdbcTemplate     : Executing prepared SQL update
2026-09-14T16:27:42.931+08:00 DEBUG 79744 --- [ecos-gateway] [pool-2-thread-7] c.c.g.g.jdbc.TenantAwareJdbcTemplate     : Executing prepared SQL statement [INSERT INTO ecos_tenant_usage (tenant_id, usage_date, quota_type, used_count, updated_at) SELECT 'unknown' AS tenant_id, ?::date, 'API_CALLS', COUNT(*) AS used_count, NOW() FROM ecos_spans s WHERE s.created_at::date = ?::date ON CONFLICT (tenant_id, usage_date, quota_type) DO UPDATE SET used_count = EXCLUDED.used_count, updated_at = NOW()]
2026-09-14T16:27:43.152+08:00 DEBUG 79744 --- [ecos-gateway] [pool-2-thread-7] c.c.g.g.jdbc.TenantAwareJdbcTemplate     : Executing prepared SQL update
2026-09-14T16:27:43.154+08:00 DEBUG 79744 --- [ecos-gateway] [pool-2-thread-7] c.c.g.g.jdbc.TenantAwareJdbcTemplate     : Executing prepared SQL statement [INSERT INTO ecos_tenant_usage (tenant_id, usage_date, quota_type, used_count, updated_at) SELECT 'unknown' AS tenant_id, ?::date, 'TOKENS', COALESCE(SUM(total_tokens), 0) AS used_count, NOW() FROM ecos_token_usage WHERE created_at::date = ?::date ON CONFLICT (tenant_id, usage_date, quota_type) DO UPDATE SET used_count = EXCLUDED.used_count, updated_at = NOW()]
2026-09-14T16:27:43.366+08:00 DEBUG 79744 --- [ecos-gateway] [pool-2-thread-7] c.c.g.gateway.telemetry.UsageCollector   : A7 UsageCollector aggregated 1 API + 1 token usage records for 2026-09-14 on today=2026-09-14
2026-09-14T16:27:43.369+08:00 DEBUG 79744 --- [ecos-gateway] [pool-2-thread-7] c.c.g.r.c.t.c.AgentCronTaskExecutor      : AgentCronTaskExecutor.onStatusUpdate: taskId=f169e154-354f-4941-b5e2-99ea59353c6f, status=SUCCEEDED
2026-09-14T16:27:43.371+08:00  INFO 79744 --- [ecos-gateway] [pool-2-thread-7] .c.g.r.c.t.s.i.TaskManagementServiceImpl : 任务执行完成: taskId=f169e154-354f-4941-b5e2-99ea59353c6f, status=SUCCEEDED
2026-09-14T16:27:43.373+08:00  INFO 79744 --- [ecos-gateway] [pool-2-thread-7] c.c.g.r.c.t.s.TaskSchedulerServiceImpl   : 定时任务已提交执行 task=f169e154-354f-4941-b5e2-99ea59353c6f taskType=USAGE_AGGREGATION
2026-09-14T16:27:58.184+08:00  INFO 79744 --- [ecos-gateway] [pool-2-thread-5] .c.g.r.c.t.s.i.TaskManagementServiceImpl : 任务已提交: taskId=be80e6da-b008-4613-86d1-9b1d02a2c5f2, taskName=cognitive-mental-scan
2026-09-14T16:27:58.286+08:00  INFO 79744 --- [ecos-gateway] [pool-2-thread-5] .c.g.r.c.t.s.i.TaskManagementServiceImpl : 任务已解析: taskId=be80e6da-b008-4613-86d1-9b1d02a2c5f2
2026-09-14T16:27:58.288+08:00 DEBUG 79744 --- [ecos-gateway] [pool-2-thread-5] c.c.g.r.c.t.c.AgentCronTaskExecutor      : AgentCronTaskExecutor.onStatusUpdate: taskId=be80e6da-b008-4613-86d1-9b1d02a2c5f2, status=RUNNING
2026-09-14T16:27:58.289+08:00 DEBUG 79744 --- [ecos-gateway] [pool-2-thread-5] c.c.g.g.jdbc.TenantAwareJdbcTemplate     : Executing prepared SQL query
2026-09-14T16:27:58.290+08:00 DEBUG 79744 --- [ecos-gateway] [pool-2-thread-5] c.c.g.g.jdbc.TenantAwareJdbcTemplate     : Executing prepared SQL statement [SELECT id, evidence_code, tenant_scope, source_type, source_ref, blob, confidence, is_conflict, refuting_evidence_ids, effective_time, expire_time, status, create_time, update_time, create_by, update_by FROM ecos_cognitive_evidence WHERE is_deleted = 0 ORDER BY create_time DESC, id]
2026-09-14T16:27:58.325+08:00 DEBUG 79744 --- [ecos-gateway] [pool-2-thread-5] c.c.g.g.jdbc.TenantAwareJdbcTemplate     : Executing prepared SQL query
2026-09-14T16:27:58.325+08:00 DEBUG 79744 --- [ecos-gateway] [pool-2-thread-5] c.c.g.g.jdbc.TenantAwareJdbcTemplate     : Executing prepared SQL statement [SELECT id, hypothesis_code, tenant_scope, statement, domain, metric_ref, evidence_ids, is_valid, invalid_at, invalid_reason, status, create_time, update_time, create_by, update_by FROM ecos_cognitive_hypothesis WHERE is_deleted = 0 AND status = ? ORDER BY update_time DESC, id]
2026-09-14T16:27:58.367+08:00 DEBUG 79744 --- [ecos-gateway] [pool-2-thread-5] c.c.g.g.jdbc.TenantAwareJdbcTemplate     : Executing prepared SQL query
2026-09-14T16:27:58.370+08:00 DEBUG 79744 --- [ecos-gateway] [pool-2-thread-5] c.c.g.g.jdbc.TenantAwareJdbcTemplate     : Executing prepared SQL statement [SELECT id, hypothesis_code, tenant_scope, statement, domain, metric_ref, evidence_ids, is_valid, invalid_at, invalid_reason, status, create_time, update_time, create_by, update_by FROM ecos_cognitive_hypothesis WHERE is_deleted = 0 AND status = ? ORDER BY update_time DESC, id]
2026-09-14T16:27:58.377+08:00 DEBUG 79744 --- [ecos-gateway] [pool-2-thread-5] c.c.g.g.jdbc.TenantAwareJdbcTemplate     : Executing prepared SQL query
2026-09-14T16:27:58.379+08:00 DEBUG 79744 --- [ecos-gateway] [pool-2-thread-5] c.c.g.g.jdbc.TenantAwareJdbcTemplate     : Executing prepared SQL statement [SELECT id, hypothesis_code, tenant_scope, statement, domain, metric_ref, evidence_ids, is_valid, invalid_at, invalid_reason, status, create_time, update_time, create_by, update_by FROM ecos_cognitive_hypothesis WHERE is_deleted = 0 AND status = ? ORDER BY update_time DESC, id]
2026-09-14T16:27:58.388+08:00 DEBUG 79744 --- [ecos-gateway] [pool-2-thread-5] c.c.g.g.jdbc.TenantAwareJdbcTemplate     : Executing prepared SQL query
2026-09-14T16:27:58.390+08:00 DEBUG 79744 --- [ecos-gateway] [pool-2-thread-5] c.c.g.g.jdbc.TenantAwareJdbcTemplate     : Executing prepared SQL statement [SELECT id, hypothesis_code, tenant_scope, statement, domain, metric_ref, evidence_ids, is_valid, invalid_at, invalid_reason, status, create_time, update_time, create_by, update_by FROM ecos_cognitive_hypothesis WHERE is_deleted = 0 AND status = ? ORDER BY update_time DESC, id]
2026-09-14T16:27:58.397+08:00 DEBUG 79744 --- [ecos-gateway] [pool-2-thread-5] c.c.g.g.jdbc.TenantAwareJdbcTemplate     : Executing prepared SQL query
2026-09-14T16:27:58.399+08:00 DEBUG 79744 --- [ecos-gateway] [pool-2-thread-5] c.c.g.g.jdbc.TenantAwareJdbcTemplate     : Executing prepared SQL statement [SELECT id, hypothesis_code, tenant_scope, statement, domain, metric_ref, evidence_ids, is_valid, invalid_at, invalid_reason, status, create_time, update_time, create_by, update_by FROM ecos_cognitive_hypothesis WHERE is_deleted = 0 AND status = ? ORDER BY update_time DESC, id]
2026-09-14T16:27:58.408+08:00  INFO 79744 --- [ecos-gateway] [pool-2-thread-5] c.c.g.e.c.service.mental.MentalScanTask  : PMO-59 心智层补算一代完成: scanned=5 invalidated=0
2026-09-14T16:27:58.410+08:00 DEBUG 79744 --- [ecos-gateway] [pool-2-thread-5] c.c.g.r.c.t.c.AgentCronTaskExecutor      : AgentCronTaskExecutor.onStatusUpdate: taskId=be80e6da-b008-4613-86d1-9b1d02a2c5f2, status=SUCCEEDED
2026-09-14T16:27:58.412+08:00  INFO 79744 --- [ecos-gateway] [pool-2-thread-5] .c.g.r.c.t.s.i.TaskManagementServiceImpl : 任务执行完成: taskId=be80e6da-b008-4613-86d1-9b1d02a2c5f2, status=SUCCEEDED
2026-09-14T16:27:58.415+08:00  INFO 79744 --- [ecos-gateway] [pool-2-thread-5] c.c.g.r.c.t.s.TaskSchedulerServiceImpl   : 定时任务已提交执行 task=be80e6da-b008-4613-86d1-9b1d02a2c5f2 taskType=COGNITIVE_MENTAL_SCAN
2026-09-14T16:28:08.638+08:00 DEBUG 79744 --- [ecos-gateway] [essageBroker-12] c.c.g.engine.kb.service.KGWriterService  : Neo4j health OK — node count: 44
2026-09-14T16:28:38.583+08:00 DEBUG 79744 --- [ecos-gateway] [MessageBroker-3] c.c.g.engine.kb.service.KGWriterService  : Neo4j health OK — node count: 44
2026-09-14T16:28:39.364+08:00 DEBUG 79744 --- [ecos-gateway] [essageBroker-13] c.c.g.e.d.r.D.findAll                    : ==>  Preparing: SELECT * FROM td_datasource ORDER BY create_time DESC
2026-09-14T16:28:39.367+08:00 DEBUG 79744 --- [ecos-gateway] [essageBroker-13] c.c.g.e.d.r.D.findAll                    : ==> Parameters: 
2026-09-14T16:28:39.376+08:00 DEBUG 79744 --- [ecos-gateway] [essageBroker-13] c.c.g.e.d.r.D.findAll                    : <==      Total: 4
2026-09-14T16:28:42.916+08:00  INFO 79744 --- [ecos-gateway] [pool-2-thread-2] .c.g.r.c.t.s.i.TaskManagementServiceImpl : 任务已提交: taskId=f169e154-354f-4941-b5e2-99ea59353c6f, taskName=usage-aggregation
2026-09-14T16:28:42.936+08:00  INFO 79744 --- [ecos-gateway] [pool-2-thread-2] .c.g.r.c.t.s.i.TaskManagementServiceImpl : 任务已解析: taskId=f169e154-354f-4941-b5e2-99ea59353c6f
2026-09-14T16:28:42.938+08:00 DEBUG 79744 --- [ecos-gateway] [pool-2-thread-2] c.c.g.r.c.t.c.AgentCronTaskExecutor      : AgentCronTaskExecutor.onStatusUpdate: taskId=f169e154-354f-4941-b5e2-99ea59353c6f, status=RUNNING
2026-09-14T16:28:42.939+08:00 DEBUG 79744 --- [ecos-gateway] [pool-2-thread-2] c.c.g.g.jdbc.TenantAwareJdbcTemplate     : Executing prepared SQL update
2026-09-14T16:28:42.942+08:00 DEBUG 79744 --- [ecos-gateway] [pool-2-thread-2] c.c.g.g.jdbc.TenantAwareJdbcTemplate     : Executing prepared SQL statement [INSERT INTO ecos_tenant_usage (tenant_id, usage_date, quota_type, used_count, updated_at) SELECT 'unknown' AS tenant_id, ?::date, 'API_CALLS', COUNT(*) AS used_count, NOW() FROM ecos_spans s WHERE s.created_at::date = ?::date ON CONFLICT (tenant_id, usage_date, quota_type) DO UPDATE SET used_count = EXCLUDED.used_count, updated_at = NOW()]
2026-09-14T16:28:42.965+08:00 DEBUG 79744 --- [ecos-gateway] [pool-2-thread-2] c.c.g.g.jdbc.TenantAwareJdbcTemplate     : Executing prepared SQL update
2026-09-14T16:28:42.967+08:00 DEBUG 79744 --- [ecos-gateway] [pool-2-thread-2] c.c.g.g.jdbc.TenantAwareJdbcTemplate     : Executing prepared SQL statement [INSERT INTO ecos_tenant_usage (tenant_id, usage_date, quota_type, used_count, updated_at) SELECT 'unknown' AS tenant_id, ?::date, 'TOKENS', COALESCE(SUM(total_tokens), 0) AS used_count, NOW() FROM ecos_token_usage WHERE created_at::date = ?::date ON CONFLICT (tenant_id, usage_date, quota_type) DO UPDATE SET used_count = EXCLUDED.used_count, updated_at = NOW()]
2026-09-14T16:28:42.979+08:00 DEBUG 79744 --- [ecos-gateway] [pool-2-thread-2] c.c.g.gateway.telemetry.UsageCollector   : A7 UsageCollector aggregated 1 API + 1 token usage records for 2026-09-14 on today=2026-09-14
2026-09-14T16:28:42.981+08:00 DEBUG 79744 --- [ecos-gateway] [pool-2-thread-2] c.c.g.r.c.t.c.AgentCronTaskExecutor      : AgentCronTaskExecutor.onStatusUpdate: taskId=f169e154-354f-4941-b5e2-99ea59353c6f, status=SUCCEEDED
2026-09-14T16:28:42.983+08:00  INFO 79744 --- [ecos-gateway] [pool-2-thread-2] .c.g.r.c.t.s.i.TaskManagementServiceImpl : 任务执行完成: taskId=f169e154-354f-4941-b5e2-99ea59353c6f, status=SUCCEEDED
2026-09-14T16:28:42.986+08:00  INFO 79744 --- [ecos-gateway] [pool-2-thread-2] c.c.g.r.c.t.s.TaskSchedulerServiceImpl   : 定时任务已提交执行 task=f169e154-354f-4941-b5e2-99ea59353c6f taskType=USAGE_AGGREGATION
2026-09-14T16:29:08.826+08:00 DEBUG 79744 --- [ecos-gateway] [MessageBroker-4] c.c.g.engine.kb.service.KGWriterService  : Neo4j health OK — node count: 44
2026-09-14T16:29:38.873+08:00 DEBUG 79744 --- [ecos-gateway] [essageBroker-12] c.c.g.engine.kb.service.KGWriterService  : Neo4j health OK — node count: 44
2026-09-14T16:29:39.414+08:00 DEBUG 79744 --- [ecos-gateway] [MessageBroker-2] c.c.g.e.d.r.D.findAll                    : ==>  Preparing: SELECT * FROM td_datasource ORDER BY create_time DESC
2026-09-14T16:29:39.416+08:00 DEBUG 79744 --- [ecos-gateway] [MessageBroker-2] c.c.g.e.d.r.D.findAll                    : ==> Parameters: 
2026-09-14T16:29:39.429+08:00 DEBUG 79744 --- [ecos-gateway] [MessageBroker-2] c.c.g.e.d.r.D.findAll                    : <==      Total: 4
2026-09-14T16:29:42.917+08:00  INFO 79744 --- [ecos-gateway] [pool-2-thread-2] .c.g.r.c.t.s.i.TaskManagementServiceImpl : 任务已提交: taskId=f169e154-354f-4941-b5e2-99ea59353c6f, taskName=usage-aggregation
2026-09-14T16:29:42.920+08:00  INFO 79744 --- [ecos-gateway] [pool-2-thread-2] .c.g.r.c.t.s.i.TaskManagementServiceImpl : 任务已解析: taskId=f169e154-354f-4941-b5e2-99ea59353c6f
2026-09-14T16:29:42.922+08:00 DEBUG 79744 --- [ecos-gateway] [pool-2-thread-2] c.c.g.r.c.t.c.AgentCronTaskExecutor      : AgentCronTaskExecutor.onStatusUpdate: taskId=f169e154-354f-4941-b5e2-99ea59353c6f, status=RUNNING
2026-09-14T16:29:42.924+08:00 DEBUG 79744 --- [ecos-gateway] [pool-2-thread-2] c.c.g.g.jdbc.TenantAwareJdbcTemplate     : Executing prepared SQL update
2026-09-14T16:29:42.925+08:00 DEBUG 79744 --- [ecos-gateway] [pool-2-thread-2] c.c.g.g.jdbc.TenantAwareJdbcTemplate     : Executing prepared SQL statement [INSERT INTO ecos_tenant_usage (tenant_id, usage_date, quota_type, used_count, updated_at) SELECT 'unknown' AS tenant_id, ?::date, 'API_CALLS', COUNT(*) AS used_count, NOW() FROM ecos_spans s WHERE s.created_at::date = ?::date ON CONFLICT (tenant_id, usage_date, quota_type) DO UPDATE SET used_count = EXCLUDED.used_count, updated_at = NOW()]
2026-09-14T16:29:43.566+08:00 DEBUG 79744 --- [ecos-gateway] [pool-2-thread-2] c.c.g.g.jdbc.TenantAwareJdbcTemplate     : Executing prepared SQL update
2026-09-14T16:29:43.568+08:00 DEBUG 79744 --- [ecos-gateway] [pool-2-thread-2] c.c.g.g.jdbc.TenantAwareJdbcTemplate     : Executing prepared SQL statement [INSERT INTO ecos_tenant_usage (tenant_id, usage_date, quota_type, used_count, updated_at) SELECT 'unknown' AS tenant_id, ?::date, 'TOKENS', COALESCE(SUM(total_tokens), 0) AS used_count, NOW() FROM ecos_token_usage WHERE created_at::date = ?::date ON CONFLICT (tenant_id, usage_date, quota_type) DO UPDATE SET used_count = EXCLUDED.used_count, updated_at = NOW()]
2026-09-14T16:29:45.774+08:00 DEBUG 79744 --- [ecos-gateway] [pool-2-thread-2] c.c.g.gateway.telemetry.UsageCollector   : A7 UsageCollector aggregated 1 API + 1 token usage records for 2026-09-14 on today=2026-09-14
2026-09-14T16:29:45.777+08:00 DEBUG 79744 --- [ecos-gateway] [pool-2-thread-2] c.c.g.r.c.t.c.AgentCronTaskExecutor      : AgentCronTaskExecutor.onStatusUpdate: taskId=f169e154-354f-4941-b5e2-99ea59353c6f, status=SUCCEEDED
2026-09-14T16:29:45.780+08:00  INFO 79744 --- [ecos-gateway] [pool-2-thread-2] .c.g.r.c.t.s.i.TaskManagementServiceImpl : 任务执行完成: taskId=f169e154-354f-4941-b5e2-99ea59353c6f, status=SUCCEEDED
2026-09-14T16:29:45.781+08:00  INFO 79744 --- [ecos-gateway] [pool-2-thread-2] c.c.g.r.c.t.s.TaskSchedulerServiceImpl   : 定时任务已提交执行 task=f169e154-354f-4941-b5e2-99ea59353c6f taskType=USAGE_AGGREGATION
2026-09-14T16:30:08.579+08:00 DEBUG 79744 --- [ecos-gateway] [MessageBroker-3] c.c.g.engine.kb.service.KGWriterService  : Neo4j health OK — node count: 44
2026-09-14T16:30:39.511+08:00 DEBUG 79744 --- [ecos-gateway] [essageBroker-12] c.c.g.engine.kb.service.KGWriterService  : Neo4j health OK — node count: 44
2026-09-14T16:30:40.169+08:00 DEBUG 79744 --- [ecos-gateway] [essageBroker-16] c.c.g.e.d.r.D.findAll                    : ==>  Preparing: SELECT * FROM td_datasource ORDER BY create_time DESC
2026-09-14T16:30:40.173+08:00 DEBUG 79744 --- [ecos-gateway] [essageBroker-16] c.c.g.e.d.r.D.findAll                    : ==> Parameters: 
2026-09-14T16:30:40.328+08:00 DEBUG 79744 --- [ecos-gateway] [essageBroker-16] c.c.g.e.d.r.D.findAll                    : <==      Total: 4
2026-09-14T16:30:42.909+08:00  INFO 79744 --- [ecos-gateway] [pool-2-thread-2] .c.g.r.c.t.s.i.TaskManagementServiceImpl : 任务已提交: taskId=f169e154-354f-4941-b5e2-99ea59353c6f, taskName=usage-aggregation
2026-09-14T16:30:42.913+08:00  INFO 79744 --- [ecos-gateway] [pool-2-thread-2] .c.g.r.c.t.s.i.TaskManagementServiceImpl : 任务已解析: taskId=f169e154-354f-4941-b5e2-99ea59353c6f
2026-09-14T16:30:42.915+08:00 DEBUG 79744 --- [ecos-gateway] [pool-2-thread-2] c.c.g.r.c.t.c.AgentCronTaskExecutor      : AgentCronTaskExecutor.onStatusUpdate: taskId=f169e154-354f-4941-b5e2-99ea59353c6f, status=RUNNING
2026-09-14T16:30:42.918+08:00 DEBUG 79744 --- [ecos-gateway] [pool-2-thread-2] c.c.g.g.jdbc.TenantAwareJdbcTemplate     : Executing prepared SQL update
2026-09-14T16:30:42.921+08:00 DEBUG 79744 --- [ecos-gateway] [pool-2-thread-2] c.c.g.g.jdbc.TenantAwareJdbcTemplate     : Executing prepared SQL statement [INSERT INTO ecos_tenant_usage (tenant_id, usage_date, quota_type, used_count, updated_at) SELECT 'unknown' AS tenant_id, ?::date, 'API_CALLS', COUNT(*) AS used_count, NOW() FROM ecos_spans s WHERE s.created_at::date = ?::date ON CONFLICT (tenant_id, usage_date, quota_type) DO UPDATE SET used_count = EXCLUDED.used_count, updated_at = NOW()]
2026-09-14T16:30:43.968+08:00 DEBUG 79744 --- [ecos-gateway] [pool-2-thread-2] c.c.g.g.jdbc.TenantAwareJdbcTemplate     : Executing prepared SQL update
2026-09-14T16:30:43.970+08:00 DEBUG 79744 --- [ecos-gateway] [pool-2-thread-2] c.c.g.g.jdbc.TenantAwareJdbcTemplate     : Executing prepared SQL statement [INSERT INTO ecos_tenant_usage (tenant_id, usage_date, quota_type, used_count, updated_at) SELECT 'unknown' AS tenant_id, ?::date, 'TOKENS', COALESCE(SUM(total_tokens), 0) AS used_count, NOW() FROM ecos_token_usage WHERE created_at::date = ?::date ON CONFLICT (tenant_id, usage_date, quota_type) DO UPDATE SET used_count = EXCLUDED.used_count, updated_at = NOW()]
2026-09-14T16:30:44.667+08:00 DEBUG 79744 --- [ecos-gateway] [pool-2-thread-2] c.c.g.gateway.telemetry.UsageCollector   : A7 UsageCollector aggregated 1 API + 1 token usage records for 2026-09-14 on today=2026-09-14
2026-09-14T16:30:44.670+08:00 DEBUG 79744 --- [ecos-gateway] [pool-2-thread-2] c.c.g.r.c.t.c.AgentCronTaskExecutor      : AgentCronTaskExecutor.onStatusUpdate: taskId=f169e154-354f-4941-b5e2-99ea59353c6f, status=SUCCEEDED
2026-09-14T16:30:44.672+08:00  INFO 79744 --- [ecos-gateway] [pool-2-thread-2] .c.g.r.c.t.s.i.TaskManagementServiceImpl : 任务执行完成: taskId=f169e154-354f-4941-b5e2-99ea59353c6f, status=SUCCEEDED
2026-09-14T16:30:44.674+08:00  INFO 79744 --- [ecos-gateway] [pool-2-thread-2] c.c.g.r.c.t.s.TaskSchedulerServiceImpl   : 定时任务已提交执行 task=f169e154-354f-4941-b5e2-99ea59353c6f taskType=USAGE_AGGREGATION
2026-09-14T16:31:19.131+08:00 DEBUG 79744 --- [ecos-gateway] [MessageBroker-4] c.c.g.engine.kb.service.KGWriterService  : Neo4j health OK — node count: 44
2026-09-14T16:31:41.593+08:00 DEBUG 79744 --- [ecos-gateway] [MessageBroker-6] c.c.g.e.d.r.D.findAll                    : ==>  Preparing: SELECT * FROM td_datasource ORDER BY create_time DESC
2026-09-14T16:31:41.595+08:00 DEBUG 79744 --- [ecos-gateway] [MessageBroker-6] c.c.g.e.d.r.D.findAll                    : ==> Parameters: 
2026-09-14T16:31:42.719+08:00 DEBUG 79744 --- [ecos-gateway] [MessageBroker-6] c.c.g.e.d.r.D.findAll                    : <==      Total: 4
2026-09-14T16:31:42.912+08:00  INFO 79744 --- [ecos-gateway] [pool-2-thread-2] .c.g.r.c.t.s.i.TaskManagementServiceImpl : 任务已提交: taskId=f169e154-354f-4941-b5e2-99ea59353c6f, taskName=usage-aggregation
2026-09-14T16:31:42.917+08:00  INFO 79744 --- [ecos-gateway] [pool-2-thread-2] .c.g.r.c.t.s.i.TaskManagementServiceImpl : 任务已解析: taskId=f169e154-354f-4941-b5e2-99ea59353c6f
2026-09-14T16:31:42.919+08:00 DEBUG 79744 --- [ecos-gateway] [pool-2-thread-2] c.c.g.r.c.t.c.AgentCronTaskExecutor      : AgentCronTaskExecutor.onStatusUpdate: taskId=f169e154-354f-4941-b5e2-99ea59353c6f, status=RUNNING
2026-09-14T16:31:42.920+08:00 DEBUG 79744 --- [ecos-gateway] [pool-2-thread-2] c.c.g.g.jdbc.TenantAwareJdbcTemplate     : Executing prepared SQL update
2026-09-14T16:31:42.922+08:00 DEBUG 79744 --- [ecos-gateway] [pool-2-thread-2] c.c.g.g.jdbc.TenantAwareJdbcTemplate     : Executing prepared SQL statement [INSERT INTO ecos_tenant_usage (tenant_id, usage_date, quota_type, used_count, updated_at) SELECT 'unknown' AS tenant_id, ?::date, 'API_CALLS', COUNT(*) AS used_count, NOW() FROM ecos_spans s WHERE s.created_at::date = ?::date ON CONFLICT (tenant_id, usage_date, quota_type) DO UPDATE SET used_count = EXCLUDED.used_count, updated_at = NOW()]
2026-09-14T16:31:44.592+08:00 DEBUG 79744 --- [ecos-gateway] [pool-2-thread-2] c.c.g.g.jdbc.TenantAwareJdbcTemplate     : Executing prepared SQL update
2026-09-14T16:31:44.594+08:00 DEBUG 79744 --- [ecos-gateway] [pool-2-thread-2] c.c.g.g.jdbc.TenantAwareJdbcTemplate     : Executing prepared SQL statement [INSERT INTO ecos_tenant_usage (tenant_id, usage_date, quota_type, used_count, updated_at) SELECT 'unknown' AS tenant_id, ?::date, 'TOKENS', COALESCE(SUM(total_tokens), 0) AS used_count, NOW() FROM ecos_token_usage WHERE created_at::date = ?::date ON CONFLICT (tenant_id, usage_date, quota_type) DO UPDATE SET used_count = EXCLUDED.used_count, updated_at = NOW()]
2026-09-14T16:31:45.067+08:00 DEBUG 79744 --- [ecos-gateway] [essageBroker-13] c.c.g.engine.kb.service.KGWriterService  : Neo4j health OK — node count: 44
2026-09-14T16:31:45.308+08:00 DEBUG 79744 --- [ecos-gateway] [pool-2-thread-2] c.c.g.gateway.telemetry.UsageCollector   : A7 UsageCollector aggregated 1 API + 1 token usage records for 2026-09-14 on today=2026-09-14
2026-09-14T16:31:45.312+08:00 DEBUG 79744 --- [ecos-gateway] [pool-2-thread-2] c.c.g.r.c.t.c.AgentCronTaskExecutor      : AgentCronTaskExecutor.onStatusUpdate: taskId=f169e154-354f-4941-b5e2-99ea59353c6f, status=SUCCEEDED
2026-09-14T16:31:45.314+08:00  INFO 79744 --- [ecos-gateway] [pool-2-thread-2] .c.g.r.c.t.s.i.TaskManagementServiceImpl : 任务执行完成: taskId=f169e154-354f-4941-b5e2-99ea59353c6f, status=SUCCEEDED
2026-09-14T16:31:45.316+08:00  INFO 79744 --- [ecos-gateway] [pool-2-thread-2] c.c.g.r.c.t.s.TaskSchedulerServiceImpl   : 定时任务已提交执行 task=f169e154-354f-4941-b5e2-99ea59353c6f taskType=USAGE_AGGREGATION
2026-09-14T16:32:08.662+08:00 DEBUG 79744 --- [ecos-gateway] [MessageBroker-4] c.c.g.engine.kb.service.KGWriterService  : Neo4j health OK — node count: 44
2026-09-14T16:32:38.614+08:00 DEBUG 79744 --- [ecos-gateway] [essageBroker-11] c.c.g.engine.kb.service.KGWriterService  : Neo4j health OK — node count: 44
2026-09-14T16:32:42.907+08:00  INFO 79744 --- [ecos-gateway] [pool-2-thread-2] .c.g.r.c.t.s.i.TaskManagementServiceImpl : 任务已提交: taskId=f169e154-354f-4941-b5e2-99ea59353c6f, taskName=usage-aggregation
2026-09-14T16:32:42.915+08:00  INFO 79744 --- [ecos-gateway] [pool-2-thread-2] .c.g.r.c.t.s.i.TaskManagementServiceImpl : 任务已解析: taskId=f169e154-354f-4941-b5e2-99ea59353c6f
2026-09-14T16:32:42.920+08:00 DEBUG 79744 --- [ecos-gateway] [pool-2-thread-2] c.c.g.r.c.t.c.AgentCronTaskExecutor      : AgentCronTaskExecutor.onStatusUpdate: taskId=f169e154-354f-4941-b5e2-99ea59353c6f, status=RUNNING
2026-09-14T16:32:42.925+08:00 DEBUG 79744 --- [ecos-gateway] [pool-2-thread-2] c.c.g.g.jdbc.TenantAwareJdbcTemplate     : Executing prepared SQL update
2026-09-14T16:32:42.930+08:00 DEBUG 79744 --- [ecos-gateway] [pool-2-thread-2] c.c.g.g.jdbc.TenantAwareJdbcTemplate     : Executing prepared SQL statement [INSERT INTO ecos_tenant_usage (tenant_id, usage_date, quota_type, used_count, updated_at) SELECT 'unknown' AS tenant_id, ?::date, 'API_CALLS', COUNT(*) AS used_count, NOW() FROM ecos_spans s WHERE s.created_at::date = ?::date ON CONFLICT (tenant_id, usage_date, quota_type) DO UPDATE SET used_count = EXCLUDED.used_count, updated_at = NOW()]
2026-09-14T16:32:47.940+08:00 DEBUG 79744 --- [ecos-gateway] [MessageBroker-6] c.c.g.e.d.r.D.findAll                    : ==>  Preparing: SELECT * FROM td_datasource ORDER BY create_time DESC
2026-09-14T16:32:47.945+08:00 DEBUG 79744 --- [ecos-gateway] [MessageBroker-6] c.c.g.e.d.r.D.findAll                    : ==> Parameters: 
2026-09-14T16:32:56.820+08:00 DEBUG 79744 --- [ecos-gateway] [pool-2-thread-2] c.c.g.g.jdbc.TenantAwareJdbcTemplate     : Executing prepared SQL update
2026-09-14T16:32:56.824+08:00 DEBUG 79744 --- [ecos-gateway] [pool-2-thread-2] c.c.g.g.jdbc.TenantAwareJdbcTemplate     : Executing prepared SQL statement [INSERT INTO ecos_tenant_usage (tenant_id, usage_date, quota_type, used_count, updated_at) SELECT 'unknown' AS tenant_id, ?::date, 'TOKENS', COALESCE(SUM(total_tokens), 0) AS used_count, NOW() FROM ecos_token_usage WHERE created_at::date = ?::date ON CONFLICT (tenant_id, usage_date, quota_type) DO UPDATE SET used_count = EXCLUDED.used_count, updated_at = NOW()]
2026-09-14T16:32:57.023+08:00 DEBUG 79744 --- [ecos-gateway] [MessageBroker-6] c.c.g.e.d.r.D.findAll                    : <==      Total: 4
2026-09-14T16:33:03.003+08:00 DEBUG 79744 --- [ecos-gateway] [pool-2-thread-2] c.c.g.gateway.telemetry.UsageCollector   : A7 UsageCollector aggregated 1 API + 1 token usage records for 2026-09-14 on today=2026-09-14
2026-09-14T16:33:03.008+08:00 DEBUG 79744 --- [ecos-gateway] [pool-2-thread-2] c.c.g.r.c.t.c.AgentCronTaskExecutor      : AgentCronTaskExecutor.onStatusUpdate: taskId=f169e154-354f-4941-b5e2-99ea59353c6f, status=SUCCEEDED
2026-09-14T16:33:03.010+08:00  INFO 79744 --- [ecos-gateway] [pool-2-thread-2] .c.g.r.c.t.s.i.TaskManagementServiceImpl : 任务执行完成: taskId=f169e154-354f-4941-b5e2-99ea59353c6f, status=SUCCEEDED
2026-09-14T16:33:03.012+08:00  INFO 79744 --- [ecos-gateway] [pool-2-thread-2] c.c.g.r.c.t.s.TaskSchedulerServiceImpl   : 定时任务已提交执行 task=f169e154-354f-4941-b5e2-99ea59353c6f taskType=USAGE_AGGREGATION
2026-09-14T16:33:12.908+08:00 DEBUG 79744 --- [ecos-gateway] [MessageBroker-9] c.c.g.engine.kb.service.KGWriterService  : Neo4j health OK — node count: 44
2026-09-14T16:33:42.917+08:00  INFO 79744 --- [ecos-gateway] [pool-2-thread-2] .c.g.r.c.t.s.i.TaskManagementServiceImpl : 任务已提交: taskId=f169e154-354f-4941-b5e2-99ea59353c6f, taskName=usage-aggregation
2026-09-14T16:33:42.932+08:00  INFO 79744 --- [ecos-gateway] [pool-2-thread-2] .c.g.r.c.t.s.i.TaskManagementServiceImpl : 任务已解析: taskId=f169e154-354f-4941-b5e2-99ea59353c6f
2026-09-14T16:33:42.936+08:00 DEBUG 79744 --- [ecos-gateway] [pool-2-thread-2] c.c.g.r.c.t.c.AgentCronTaskExecutor      : AgentCronTaskExecutor.onStatusUpdate: taskId=f169e154-354f-4941-b5e2-99ea59353c6f, status=RUNNING
2026-09-14T16:33:42.941+08:00 DEBUG 79744 --- [ecos-gateway] [pool-2-thread-2] c.c.g.g.jdbc.TenantAwareJdbcTemplate     : Executing prepared SQL update
2026-09-14T16:33:42.946+08:00 DEBUG 79744 --- [ecos-gateway] [pool-2-thread-2] c.c.g.g.jdbc.TenantAwareJdbcTemplate     : Executing prepared SQL statement [INSERT INTO ecos_tenant_usage (tenant_id, usage_date, quota_type, used_count, updated_at) SELECT 'unknown' AS tenant_id, ?::date, 'API_CALLS', COUNT(*) AS used_count, NOW() FROM ecos_spans s WHERE s.created_at::date = ?::date ON CONFLICT (tenant_id, usage_date, quota_type) DO UPDATE SET used_count = EXCLUDED.used_count, updated_at = NOW()]
2026-09-14T16:33:45.565+08:00 DEBUG 79744 --- [ecos-gateway] [pool-2-thread-2] c.c.g.g.jdbc.TenantAwareJdbcTemplate     : Executing prepared SQL update
2026-09-14T16:33:45.567+08:00 DEBUG 79744 --- [ecos-gateway] [pool-2-thread-2] c.c.g.g.jdbc.TenantAwareJdbcTemplate     : Executing prepared SQL statement [INSERT INTO ecos_tenant_usage (tenant_id, usage_date, quota_type, used_count, updated_at) SELECT 'unknown' AS tenant_id, ?::date, 'TOKENS', COALESCE(SUM(total_tokens), 0) AS used_count, NOW() FROM ecos_token_usage WHERE created_at::date = ?::date ON CONFLICT (tenant_id, usage_date, quota_type) DO UPDATE SET used_count = EXCLUDED.used_count, updated_at = NOW()]
2026-09-14T16:33:48.906+08:00 DEBUG 79744 --- [ecos-gateway] [pool-2-thread-2] c.c.g.gateway.telemetry.UsageCollector   : A7 UsageCollector aggregated 1 API + 1 token usage records for 2026-09-14 on today=2026-09-14
2026-09-14T16:33:48.910+08:00 DEBUG 79744 --- [ecos-gateway] [pool-2-thread-2] c.c.g.r.c.t.c.AgentCronTaskExecutor      : AgentCronTaskExecutor.onStatusUpdate: taskId=f169e154-354f-4941-b5e2-99ea59353c6f, status=SUCCEEDED
2026-09-14T16:33:48.914+08:00  INFO 79744 --- [ecos-gateway] [pool-2-thread-2] .c.g.r.c.t.s.i.TaskManagementServiceImpl : 任务执行完成: taskId=f169e154-354f-4941-b5e2-99ea59353c6f, status=SUCCEEDED
2026-09-14T16:33:48.920+08:00  INFO 79744 --- [ecos-gateway] [pool-2-thread-2] c.c.g.r.c.t.s.TaskSchedulerServiceImpl   : 定时任务已提交执行 task=f169e154-354f-4941-b5e2-99ea59353c6f taskType=USAGE_AGGREGATION
2026-09-14T16:33:53.571+08:00 DEBUG 79744 --- [ecos-gateway] [essageBroker-12] c.c.g.engine.kb.service.KGWriterService  : Neo4j health OK — node count: 44
2026-09-14T16:34:01.179+08:00 DEBUG 79744 --- [ecos-gateway] [MessageBroker-9] c.c.g.e.d.r.D.findAll                    : ==>  Preparing: SELECT * FROM td_datasource ORDER BY create_time DESC
2026-09-14T16:34:01.187+08:00 DEBUG 79744 --- [ecos-gateway] [MessageBroker-9] c.c.g.e.d.r.D.findAll                    : ==> Parameters: 
2026-09-14T16:34:02.600+08:00 DEBUG 79744 --- [ecos-gateway] [MessageBroker-9] c.c.g.e.d.r.D.findAll                    : <==      Total: 4
2026-09-14T16:34:07.086+08:00  INFO 79744 --- [ecos-gateway] [ntainer#1-0-C-1] org.apache.kafka.clients.NetworkClient   : [Consumer clientId=consumer-dccheng-ontology-consumer-2, groupId=dccheng-ontology-consumer] Disconnecting from node 1 due to request timeout.
2026-09-14T16:34:07.092+08:00  INFO 79744 --- [ecos-gateway] [ntainer#1-0-C-1] org.apache.kafka.clients.NetworkClient   : [Consumer clientId=consumer-dccheng-ontology-consumer-2, groupId=dccheng-ontology-consumer] Cancelled in-flight FETCH request with correlation id 1797 due to node 1 being disconnected (elapsed time since creation: 30319ms, elapsed time since send: 30319ms, request timeout: 30000ms)
2026-09-14T16:34:07.104+08:00  INFO 79744 --- [ecos-gateway] [ntainer#1-0-C-1] o.a.kafka.clients.FetchSessionHandler    : [Consumer clientId=consumer-dccheng-ontology-consumer-2, groupId=dccheng-ontology-consumer] Error sending fetch request (sessionId=1309284689, epoch=1481) to node 1:

org.apache.kafka.common.errors.DisconnectException: null

2026-09-14T16:34:07.950+08:00  INFO 79744 --- [ecos-gateway] [ntainer#0-0-C-1] org.apache.kafka.clients.NetworkClient   : [Consumer clientId=consumer-dccheng-cognitive-group-1, groupId=dccheng-cognitive-group] Disconnecting from node 1 due to request timeout.
2026-09-14T16:34:07.956+08:00  INFO 79744 --- [ecos-gateway] [ntainer#0-0-C-1] org.apache.kafka.clients.NetworkClient   : [Consumer clientId=consumer-dccheng-cognitive-group-1, groupId=dccheng-cognitive-group] Cancelled in-flight FETCH request with correlation id 1799 due to node 1 being disconnected (elapsed time since creation: 30784ms, elapsed time since send: 30784ms, request timeout: 30000ms)
2026-09-14T16:34:07.964+08:00  INFO 79744 --- [ecos-gateway] [ntainer#0-0-C-1] o.a.kafka.clients.FetchSessionHandler    : [Consumer clientId=consumer-dccheng-cognitive-group-1, groupId=dccheng-cognitive-group] Error sending fetch request (sessionId=27973720, epoch=1485) to node 1:

org.apache.kafka.common.errors.DisconnectException: null

2026-09-14T16:34:08.836+08:00  INFO 79744 --- [ecos-gateway] [ntainer#0-0-C-1] org.apache.kafka.clients.NetworkClient   : [Consumer clientId=consumer-dccheng-cognitive-group-1, groupId=dccheng-cognitive-group] Disconnecting from node 2147483646 due to request timeout.
2026-09-14T16:34:08.841+08:00  INFO 79744 --- [ecos-gateway] [ntainer#0-0-C-1] org.apache.kafka.clients.NetworkClient   : [Consumer clientId=consumer-dccheng-cognitive-group-1, groupId=dccheng-cognitive-group] Cancelled in-flight HEARTBEAT request with correlation id 1800 due to node 2147483646 being disconnected (elapsed time since creation: 30491ms, elapsed time since send: 30490ms, request timeout: 30000ms)
2026-09-14T16:34:08.845+08:00  INFO 79744 --- [ecos-gateway] [ntainer#0-0-C-1] org.apache.kafka.clients.NetworkClient   : [Consumer clientId=consumer-dccheng-cognitive-group-1, groupId=dccheng-cognitive-group] Cancelled in-flight HEARTBEAT request with correlation id 1801 due to node 2147483646 being disconnected (elapsed time since creation: 27476ms, elapsed time since send: 27475ms, request timeout: 30000ms)
2026-09-14T16:34:08.850+08:00  INFO 79744 --- [ecos-gateway] [ntainer#0-0-C-1] org.apache.kafka.clients.NetworkClient   : [Consumer clientId=consumer-dccheng-cognitive-group-1, groupId=dccheng-cognitive-group] Cancelled in-flight HEARTBEAT request with correlation id 1802 due to node 2147483646 being disconnected (elapsed time since creation: 24469ms, elapsed time since send: 24469ms, request timeout: 30000ms)
2026-09-14T16:34:08.854+08:00  INFO 79744 --- [ecos-gateway] [ntainer#0-0-C-1] org.apache.kafka.clients.NetworkClient   : [Consumer clientId=consumer-dccheng-cognitive-group-1, groupId=dccheng-cognitive-group] Cancelled in-flight HEARTBEAT request with correlation id 1803 due to node 2147483646 being disconnected (elapsed time since creation: 21456ms, elapsed time since send: 21456ms, request timeout: 30000ms)
2026-09-14T16:34:08.857+08:00  INFO 79744 --- [ecos-gateway] [ntainer#0-0-C-1] org.apache.kafka.clients.NetworkClient   : [Consumer clientId=consumer-dccheng-cognitive-group-1, groupId=dccheng-cognitive-group] Cancelled in-flight HEARTBEAT request with correlation id 1804 due to node 2147483646 being disconnected (elapsed time since creation: 18443ms, elapsed time since send: 18442ms, request timeout: 30000ms)
2026-09-14T16:34:08.863+08:00  INFO 79744 --- [ecos-gateway] [ntainer#0-0-C-1] org.apache.kafka.clients.NetworkClient   : [Consumer clientId=consumer-dccheng-cognitive-group-1, groupId=dccheng-cognitive-group] Cancelled in-flight HEARTBEAT request with correlation id 1805 due to node 2147483646 being disconnected (elapsed time since creation: 15241ms, elapsed time since send: 15240ms, request timeout: 30000ms)
2026-09-14T16:34:08.866+08:00  INFO 79744 --- [ecos-gateway] [ntainer#0-0-C-1] org.apache.kafka.clients.NetworkClient   : [Consumer clientId=consumer-dccheng-cognitive-group-1, groupId=dccheng-cognitive-group] Cancelled in-flight HEARTBEAT request with correlation id 1806 due to node 2147483646 being disconnected (elapsed time since creation: 12226ms, elapsed time since send: 12225ms, request timeout: 30000ms)
2026-09-14T16:34:08.870+08:00  INFO 79744 --- [ecos-gateway] [ntainer#0-0-C-1] org.apache.kafka.clients.NetworkClient   : [Consumer clientId=consumer-dccheng-cognitive-group-1, groupId=dccheng-cognitive-group] Cancelled in-flight HEARTBEAT request with correlation id 1807 due to node 2147483646 being disconnected (elapsed time since creation: 9038ms, elapsed time since send: 9038ms, request timeout: 30000ms)
2026-09-14T16:34:08.873+08:00  INFO 79744 --- [ecos-gateway] [ntainer#0-0-C-1] org.apache.kafka.clients.NetworkClient   : [Consumer clientId=consumer-dccheng-cognitive-group-1, groupId=dccheng-cognitive-group] Cancelled in-flight HEARTBEAT request with correlation id 1808 due to node 2147483646 being disconnected (elapsed time since creation: 6031ms, elapsed time since send: 6031ms, request timeout: 30000ms)
2026-09-14T16:34:08.880+08:00  INFO 79744 --- [ecos-gateway] [ntainer#0-0-C-1] org.apache.kafka.clients.NetworkClient   : [Consumer clientId=consumer-dccheng-cognitive-group-1, groupId=dccheng-cognitive-group] Cancelled in-flight HEARTBEAT request with correlation id 1809 due to node 2147483646 being disconnected (elapsed time since creation: 3014ms, elapsed time since send: 3013ms, request timeout: 30000ms)
2026-09-14T16:34:08.891+08:00  INFO 79744 --- [ecos-gateway] [cognitive-group] o.a.k.c.c.internals.ConsumerCoordinator  : [Consumer clientId=consumer-dccheng-cognitive-group-1, groupId=dccheng-cognitive-group] Group coordinator localhost:9092 (id: 2147483646 rack: null) is unavailable or invalid due to cause: null. isDisconnected: true. Rediscovery will be attempted.
2026-09-14T16:34:10.133+08:00  INFO 79744 --- [ecos-gateway] [ntainer#1-0-C-1] org.apache.kafka.clients.NetworkClient   : [Consumer clientId=consumer-dccheng-ontology-consumer-2, groupId=dccheng-ontology-consumer] Disconnecting from node 2147483646 due to request timeout.
2026-09-14T16:34:11.559+08:00  INFO 79744 --- [ecos-gateway] [ntainer#1-0-C-1] org.apache.kafka.clients.NetworkClient   : [Consumer clientId=consumer-dccheng-ontology-consumer-2, groupId=dccheng-ontology-consumer] Cancelled in-flight HEARTBEAT request with correlation id 1798 due to node 2147483646 being disconnected (elapsed time since creation: 30422ms, elapsed time since send: 30420ms, request timeout: 30000ms)
2026-09-14T16:34:11.569+08:00  INFO 79744 --- [ecos-gateway] [ntainer#1-0-C-1] org.apache.kafka.clients.NetworkClient   : [Consumer clientId=consumer-dccheng-ontology-consumer-2, groupId=dccheng-ontology-consumer] Cancelled in-flight HEARTBEAT request with correlation id 1799 due to node 2147483646 being disconnected (elapsed time since creation: 27162ms, elapsed time since send: 27162ms, request timeout: 30000ms)
2026-09-14T16:34:11.583+08:00  INFO 79744 --- [ecos-gateway] [ntainer#1-0-C-1] org.apache.kafka.clients.NetworkClient   : [Consumer clientId=consumer-dccheng-ontology-consumer-2, groupId=dccheng-ontology-consumer] Cancelled in-flight HEARTBEAT request with correlation id 1800 due to node 2147483646 being disconnected (elapsed time since creation: 24116ms, elapsed time since send: 24116ms, request timeout: 30000ms)
2026-09-14T16:34:11.593+08:00  INFO 79744 --- [ecos-gateway] [ntainer#1-0-C-1] org.apache.kafka.clients.NetworkClient   : [Consumer clientId=consumer-dccheng-ontology-consumer-2, groupId=dccheng-ontology-consumer] Cancelled in-flight HEARTBEAT request with correlation id 1801 due to node 2147483646 being disconnected (elapsed time since creation: 21108ms, elapsed time since send: 21107ms, request timeout: 30000ms)
2026-09-14T16:34:11.600+08:00  INFO 79744 --- [ecos-gateway] [ntainer#1-0-C-1] org.apache.kafka.clients.NetworkClient   : [Consumer clientId=consumer-dccheng-ontology-consumer-2, groupId=dccheng-ontology-consumer] Cancelled in-flight HEARTBEAT request with correlation id 1802 due to node 2147483646 being disconnected (elapsed time since creation: 18095ms, elapsed time since send: 18094ms, request timeout: 30000ms)
2026-09-14T16:34:11.615+08:00  INFO 79744 --- [ecos-gateway] [ntainer#1-0-C-1] org.apache.kafka.clients.NetworkClient   : [Consumer clientId=consumer-dccheng-ontology-consumer-2, groupId=dccheng-ontology-consumer] Cancelled in-flight HEARTBEAT request with correlation id 1803 due to node 2147483646 being disconnected (elapsed time since creation: 15088ms, elapsed time since send: 15088ms, request timeout: 30000ms)
2026-09-14T16:34:11.622+08:00  INFO 79744 --- [ecos-gateway] [ntainer#1-0-C-1] org.apache.kafka.clients.NetworkClient   : [Consumer clientId=consumer-dccheng-ontology-consumer-2, groupId=dccheng-ontology-consumer] Cancelled in-flight HEARTBEAT request with correlation id 1804 due to node 2147483646 being disconnected (elapsed time since creation: 12083ms, elapsed time since send: 12083ms, request timeout: 30000ms)
2026-09-14T16:34:11.629+08:00  INFO 79744 --- [ecos-gateway] [ntainer#1-0-C-1] org.apache.kafka.clients.NetworkClient   : [Consumer clientId=consumer-dccheng-ontology-consumer-2, groupId=dccheng-ontology-consumer] Cancelled in-flight HEARTBEAT request with correlation id 1805 due to node 2147483646 being disconnected (elapsed time since creation: 9068ms, elapsed time since send: 9068ms, request timeout: 30000ms)
2026-09-14T16:34:11.635+08:00  INFO 79744 --- [ecos-gateway] [ntainer#1-0-C-1] org.apache.kafka.clients.NetworkClient   : [Consumer clientId=consumer-dccheng-ontology-consumer-2, groupId=dccheng-ontology-consumer] Cancelled in-flight HEARTBEAT request with correlation id 1806 due to node 2147483646 being disconnected (elapsed time since creation: 6060ms, elapsed time since send: 6060ms, request timeout: 30000ms)
2026-09-14T16:34:11.650+08:00  INFO 79744 --- [ecos-gateway] [tology-consumer] o.a.k.c.c.internals.ConsumerCoordinator  : [Consumer clientId=consumer-dccheng-ontology-consumer-2, groupId=dccheng-ontology-consumer] Group coordinator localhost:9092 (id: 2147483646 rack: null) is unavailable or invalid due to cause: null. isDisconnected: true. Rediscovery will be attempted.
2026-09-14T16:34:11.933+08:00 DEBUG 79744 --- [ecos-gateway] [essageBroker-16] c.c.g.engine.kb.service.KGWriterService  : Neo4j health OK — node count: 44
2026-09-14T16:34:20.132+08:00  INFO 79744 --- [ecos-gateway] [ntainer#0-0-C-1] o.a.k.c.c.internals.ConsumerCoordinator  : [Consumer clientId=consumer-dccheng-cognitive-group-1, groupId=dccheng-cognitive-group] Discovered group coordinator localhost:9092 (id: 2147483646 rack: null)
2026-09-14T16:34:20.425+08:00  INFO 79744 --- [ecos-gateway] [ntainer#1-0-C-1] o.a.k.c.c.internals.ConsumerCoordinator  : [Consumer clientId=consumer-dccheng-ontology-consumer-2, groupId=dccheng-ontology-consumer] Discovered group coordinator localhost:9092 (id: 2147483646 rack: null)
2026-09-14T16:34:20.518+08:00  INFO 79744 --- [ecos-gateway] [ntainer#0-0-C-1] o.a.k.c.c.internals.ConsumerCoordinator  : [Consumer clientId=consumer-dccheng-cognitive-group-1, groupId=dccheng-cognitive-group] Discovered group coordinator localhost:9092 (id: 2147483646 rack: null)
2026-09-14T16:34:20.936+08:00  INFO 79744 --- [ecos-gateway] [ntainer#0-0-C-1] o.a.k.c.c.internals.ConsumerCoordinator  : [Consumer clientId=consumer-dccheng-cognitive-group-1, groupId=dccheng-cognitive-group] Discovered group coordinator localhost:9092 (id: 2147483646 rack: null)
2026-09-14T16:34:22.877+08:00  INFO 79744 --- [ecos-gateway] [ntainer#1-0-C-1] o.a.k.c.c.internals.ConsumerCoordinator  : [Consumer clientId=consumer-dccheng-ontology-consumer-2, groupId=dccheng-ontology-consumer] Discovered group coordinator localhost:9092 (id: 2147483646 rack: null)
2026-09-14T16:34:23.180+08:00  INFO 79744 --- [ecos-gateway] [ntainer#1-0-C-1] o.a.k.c.c.internals.ConsumerCoordinator  : [Consumer clientId=consumer-dccheng-ontology-consumer-2, groupId=dccheng-ontology-consumer] Discovered group coordinator localhost:9092 (id: 2147483646 rack: null)
2026-09-14T16:34:23.268+08:00  INFO 79744 --- [ecos-gateway] [ntainer#1-0-C-1] o.a.k.c.c.internals.ConsumerCoordinator  : [Consumer clientId=consumer-dccheng-ontology-consumer-2, groupId=dccheng-ontology-consumer] Discovered group coordinator localhost:9092 (id: 2147483646 rack: null)
2026-09-14T16:34:38.598+08:00 DEBUG 79744 --- [ecos-gateway] [essageBroker-13] c.c.g.engine.kb.service.KGWriterService  : Neo4j health OK — node count: 44
2026-09-14T16:34:42.906+08:00  INFO 79744 --- [ecos-gateway] [pool-2-thread-2] .c.g.r.c.t.s.i.TaskManagementServiceImpl : 任务已提交: taskId=f169e154-354f-4941-b5e2-99ea59353c6f, taskName=usage-aggregation
2026-09-14T16:34:42.910+08:00  INFO 79744 --- [ecos-gateway] [pool-2-thread-2] .c.g.r.c.t.s.i.TaskManagementServiceImpl : 任务已解析: taskId=f169e154-354f-4941-b5e2-99ea59353c6f
2026-09-14T16:34:42.913+08:00 DEBUG 79744 --- [ecos-gateway] [pool-2-thread-2] c.c.g.r.c.t.c.AgentCronTaskExecutor      : AgentCronTaskExecutor.onStatusUpdate: taskId=f169e154-354f-4941-b5e2-99ea59353c6f, status=RUNNING
2026-09-14T16:34:42.915+08:00 DEBUG 79744 --- [ecos-gateway] [pool-2-thread-2] c.c.g.g.jdbc.TenantAwareJdbcTemplate     : Executing prepared SQL update
2026-09-14T16:34:42.918+08:00 DEBUG 79744 --- [ecos-gateway] [pool-2-thread-2] c.c.g.g.jdbc.TenantAwareJdbcTemplate     : Executing prepared SQL statement [INSERT INTO ecos_tenant_usage (tenant_id, usage_date, quota_type, used_count, updated_at) SELECT 'unknown' AS tenant_id, ?::date, 'API_CALLS', COUNT(*) AS used_count, NOW() FROM ecos_spans s WHERE s.created_at::date = ?::date ON CONFLICT (tenant_id, usage_date, quota_type) DO UPDATE SET used_count = EXCLUDED.used_count, updated_at = NOW()]
2026-09-14T16:34:43.031+08:00 DEBUG 79744 --- [ecos-gateway] [pool-2-thread-2] c.c.g.g.jdbc.TenantAwareJdbcTemplate     : Executing prepared SQL update
2026-09-14T16:34:43.034+08:00 DEBUG 79744 --- [ecos-gateway] [pool-2-thread-2] c.c.g.g.jdbc.TenantAwareJdbcTemplate     : Executing prepared SQL statement [INSERT INTO ecos_tenant_usage (tenant_id, usage_date, quota_type, used_count, updated_at) SELECT 'unknown' AS tenant_id, ?::date, 'TOKENS', COALESCE(SUM(total_tokens), 0) AS used_count, NOW() FROM ecos_token_usage WHERE created_at::date = ?::date ON CONFLICT (tenant_id, usage_date, quota_type) DO UPDATE SET used_count = EXCLUDED.used_count, updated_at = NOW()]
2026-09-14T16:34:43.123+08:00 DEBUG 79744 --- [ecos-gateway] [pool-2-thread-2] c.c.g.gateway.telemetry.UsageCollector   : A7 UsageCollector aggregated 1 API + 1 token usage records for 2026-09-14 on today=2026-09-14
2026-09-14T16:34:43.126+08:00 DEBUG 79744 --- [ecos-gateway] [pool-2-thread-2] c.c.g.r.c.t.c.AgentCronTaskExecutor      : AgentCronTaskExecutor.onStatusUpdate: taskId=f169e154-354f-4941-b5e2-99ea59353c6f, status=SUCCEEDED
2026-09-14T16:34:43.131+08:00  INFO 79744 --- [ecos-gateway] [pool-2-thread-2] .c.g.r.c.t.s.i.TaskManagementServiceImpl : 任务执行完成: taskId=f169e154-354f-4941-b5e2-99ea59353c6f, status=SUCCEEDED
2026-09-14T16:34:43.134+08:00  INFO 79744 --- [ecos-gateway] [pool-2-thread-2] c.c.g.r.c.t.s.TaskSchedulerServiceImpl   : 定时任务已提交执行 task=f169e154-354f-4941-b5e2-99ea59353c6f taskType=USAGE_AGGREGATION
2026-09-14T16:35:02.641+08:00 DEBUG 79744 --- [ecos-gateway] [MessageBroker-2] c.c.g.e.d.r.D.findAll                    : ==>  Preparing: SELECT * FROM td_datasource ORDER BY create_time DESC
2026-09-14T16:35:02.643+08:00 DEBUG 79744 --- [ecos-gateway] [MessageBroker-2] c.c.g.e.d.r.D.findAll                    : ==> Parameters: 
2026-09-14T16:35:02.660+08:00 DEBUG 79744 --- [ecos-gateway] [MessageBroker-2] c.c.g.e.d.r.D.findAll                    : <==      Total: 4
2026-09-14T16:35:08.576+08:00 DEBUG 79744 --- [ecos-gateway] [essageBroker-14] c.c.g.engine.kb.service.KGWriterService  : Neo4j health OK — node count: 44
2026-09-14T16:35:38.607+08:00 DEBUG 79744 --- [ecos-gateway] [MessageBroker-5] c.c.g.engine.kb.service.KGWriterService  : Neo4j health OK — node count: 44
2026-09-14T16:35:42.915+08:00  INFO 79744 --- [ecos-gateway] [pool-2-thread-2] .c.g.r.c.t.s.i.TaskManagementServiceImpl : 任务已提交: taskId=f169e154-354f-4941-b5e2-99ea59353c6f, taskName=usage-aggregation
2026-09-14T16:35:42.918+08:00  INFO 79744 --- [ecos-gateway] [pool-2-thread-2] .c.g.r.c.t.s.i.TaskManagementServiceImpl : 任务已解析: taskId=f169e154-354f-4941-b5e2-99ea59353c6f
2026-09-14T16:35:42.920+08:00 DEBUG 79744 --- [ecos-gateway] [pool-2-thread-2] c.c.g.r.c.t.c.AgentCronTaskExecutor      : AgentCronTaskExecutor.onStatusUpdate: taskId=f169e154-354f-4941-b5e2-99ea59353c6f, status=RUNNING
2026-09-14T16:35:42.923+08:00 DEBUG 79744 --- [ecos-gateway] [pool-2-thread-2] c.c.g.g.jdbc.TenantAwareJdbcTemplate     : Executing prepared SQL update
2026-09-14T16:35:42.926+08:00 DEBUG 79744 --- [ecos-gateway] [pool-2-thread-2] c.c.g.g.jdbc.TenantAwareJdbcTemplate     : Executing prepared SQL statement [INSERT INTO ecos_tenant_usage (tenant_id, usage_date, quota_type, used_count, updated_at) SELECT 'unknown' AS tenant_id, ?::date, 'API_CALLS', COUNT(*) AS used_count, NOW() FROM ecos_spans s WHERE s.created_at::date = ?::date ON CONFLICT (tenant_id, usage_date, quota_type) DO UPDATE SET used_count = EXCLUDED.used_count, updated_at = NOW()]
2026-09-14T16:35:42.959+08:00 DEBUG 79744 --- [ecos-gateway] [pool-2-thread-2] c.c.g.g.jdbc.TenantAwareJdbcTemplate     : Executing prepared SQL update
2026-09-14T16:35:42.962+08:00 DEBUG 79744 --- [ecos-gateway] [pool-2-thread-2] c.c.g.g.jdbc.TenantAwareJdbcTemplate     : Executing prepared SQL statement [INSERT INTO ecos_tenant_usage (tenant_id, usage_date, quota_type, used_count, updated_at) SELECT 'unknown' AS tenant_id, ?::date, 'TOKENS', COALESCE(SUM(total_tokens), 0) AS used_count, NOW() FROM ecos_token_usage WHERE created_at::date = ?::date ON CONFLICT (tenant_id, usage_date, quota_type) DO UPDATE SET used_count = EXCLUDED.used_count, updated_at = NOW()]
2026-09-14T16:35:42.985+08:00 DEBUG 79744 --- [ecos-gateway] [pool-2-thread-2] c.c.g.gateway.telemetry.UsageCollector   : A7 UsageCollector aggregated 1 API + 1 token usage records for 2026-09-14 on today=2026-09-14
2026-09-14T16:35:42.987+08:00 DEBUG 79744 --- [ecos-gateway] [pool-2-thread-2] c.c.g.r.c.t.c.AgentCronTaskExecutor      : AgentCronTaskExecutor.onStatusUpdate: taskId=f169e154-354f-4941-b5e2-99ea59353c6f, status=SUCCEEDED
2026-09-14T16:35:42.991+08:00  INFO 79744 --- [ecos-gateway] [pool-2-thread-2] .c.g.r.c.t.s.i.TaskManagementServiceImpl : 任务执行完成: taskId=f169e154-354f-4941-b5e2-99ea59353c6f, status=SUCCEEDED
2026-09-14T16:35:42.994+08:00  INFO 79744 --- [ecos-gateway] [pool-2-thread-2] c.c.g.r.c.t.s.TaskSchedulerServiceImpl   : 定时任务已提交执行 task=f169e154-354f-4941-b5e2-99ea59353c6f taskType=USAGE_AGGREGATION
2026-09-14T16:35:47.348+08:00  INFO 79744 --- [ecos-gateway] [ad | producer-1] org.apache.kafka.clients.NetworkClient   : [Producer clientId=producer-1] Node 1 disconnected.
2026-09-14T16:35:47.348+08:00  INFO 79744 --- [ecos-gateway] [ntainer#0-0-C-1] org.apache.kafka.clients.NetworkClient   : [Consumer clientId=consumer-dccheng-cognitive-group-1, groupId=dccheng-cognitive-group] Node 1 disconnected.
2026-09-14T16:35:47.352+08:00  INFO 79744 --- [ecos-gateway] [ntainer#0-0-C-1] org.apache.kafka.clients.NetworkClient   : [Consumer clientId=consumer-dccheng-cognitive-group-1, groupId=dccheng-cognitive-group] Cancelled in-flight FETCH request with correlation id 1979 due to node 1 being disconnected (elapsed time since creation: 938ms, elapsed time since send: 938ms, request timeout: 30000ms)
2026-09-14T16:35:47.355+08:00  INFO 79744 --- [ecos-gateway] [ntainer#0-0-C-1] o.a.kafka.clients.FetchSessionHandler    : [Consumer clientId=consumer-dccheng-cognitive-group-1, groupId=dccheng-cognitive-group] Error sending fetch request (sessionId=1043813805, epoch=134) to node 1:

org.apache.kafka.common.errors.DisconnectException: null

2026-09-14T16:35:47.358+08:00  INFO 79744 --- [ecos-gateway] [ntainer#1-0-C-1] org.apache.kafka.clients.NetworkClient   : [Consumer clientId=consumer-dccheng-ontology-consumer-2, groupId=dccheng-ontology-consumer] Node 2147483646 disconnected.
2026-09-14T16:35:47.360+08:00  INFO 79744 --- [ecos-gateway] [ntainer#0-0-C-1] org.apache.kafka.clients.NetworkClient   : [Consumer clientId=consumer-dccheng-cognitive-group-1, groupId=dccheng-cognitive-group] Node 2147483646 disconnected.
2026-09-14T16:35:47.361+08:00  INFO 79744 --- [ecos-gateway] [ntainer#0-0-C-1] o.a.k.c.c.internals.ConsumerCoordinator  : [Consumer clientId=consumer-dccheng-cognitive-group-1, groupId=dccheng-cognitive-group] Group coordinator localhost:9092 (id: 2147483646 rack: null) is unavailable or invalid due to cause: coordinator unavailable. isDisconnected: true. Rediscovery will be attempted.
2026-09-14T16:35:47.363+08:00  INFO 79744 --- [ecos-gateway] [tology-consumer] org.apache.kafka.clients.NetworkClient   : [Consumer clientId=consumer-dccheng-ontology-consumer-2, groupId=dccheng-ontology-consumer] Node 1 disconnected.
2026-09-14T16:35:47.366+08:00  INFO 79744 --- [ecos-gateway] [tology-consumer] org.apache.kafka.clients.NetworkClient   : [Consumer clientId=consumer-dccheng-ontology-consumer-2, groupId=dccheng-ontology-consumer] Cancelled in-flight FETCH request with correlation id 1978 due to node 1 being disconnected (elapsed time since creation: 1184ms, elapsed time since send: 1184ms, request timeout: 30000ms)
2026-09-14T16:35:47.371+08:00  INFO 79744 --- [ecos-gateway] [tology-consumer] org.apache.kafka.clients.NetworkClient   : [Consumer clientId=consumer-dccheng-ontology-consumer-2, groupId=dccheng-ontology-consumer] Cancelled in-flight METADATA request with correlation id 1979 due to node 1 being disconnected (elapsed time since creation: 1079ms, elapsed time since send: 1079ms, request timeout: 30000ms)
2026-09-14T16:35:47.374+08:00  INFO 79744 --- [ecos-gateway] [tology-consumer] o.a.kafka.clients.FetchSessionHandler    : [Consumer clientId=consumer-dccheng-ontology-consumer-2, groupId=dccheng-ontology-consumer] Error sending fetch request (sessionId=1090280561, epoch=135) to node 1:

org.apache.kafka.common.errors.DisconnectException: null

2026-09-14T16:35:47.377+08:00  INFO 79744 --- [ecos-gateway] [tology-consumer] o.a.k.c.c.internals.ConsumerCoordinator  : [Consumer clientId=consumer-dccheng-ontology-consumer-2, groupId=dccheng-ontology-consumer] Group coordinator localhost:9092 (id: 2147483646 rack: null) is unavailable or invalid due to cause: coordinator unavailable. isDisconnected: true. Rediscovery will be attempted.
2026-09-14T16:35:47.474+08:00  INFO 79744 --- [ecos-gateway] [ad | producer-1] org.apache.kafka.clients.NetworkClient   : [Producer clientId=producer-1] Node 1 disconnected.
2026-09-14T16:35:47.478+08:00  INFO 79744 --- [ecos-gateway] [ad | producer-1] org.apache.kafka.clients.NetworkClient   : [Producer clientId=producer-1] Cancelled in-flight API_VERSIONS request with correlation id 8 due to node 1 being disconnected (elapsed time since creation: 45ms, elapsed time since send: 45ms, request timeout: 30000ms)
2026-09-14T16:35:47.482+08:00  INFO 79744 --- [ecos-gateway] [ntainer#0-0-C-1] org.apache.kafka.clients.NetworkClient   : [Consumer clientId=consumer-dccheng-cognitive-group-1, groupId=dccheng-cognitive-group] Node 1 disconnected.
2026-09-14T16:35:47.484+08:00  INFO 79744 --- [ecos-gateway] [ntainer#0-0-C-1] org.apache.kafka.clients.NetworkClient   : [Consumer clientId=consumer-dccheng-cognitive-group-1, groupId=dccheng-cognitive-group] Cancelled in-flight API_VERSIONS request with correlation id 1980 due to node 1 being disconnected (elapsed time since creation: 14ms, elapsed time since send: 14ms, request timeout: 30000ms)
2026-09-14T16:35:47.494+08:00  INFO 79744 --- [ecos-gateway] [ntainer#1-0-C-1] org.apache.kafka.clients.NetworkClient   : [Consumer clientId=consumer-dccheng-ontology-consumer-2, groupId=dccheng-ontology-consumer] Node 1 disconnected.
2026-09-14T16:35:47.497+08:00  INFO 79744 --- [ecos-gateway] [ntainer#1-0-C-1] org.apache.kafka.clients.NetworkClient   : [Consumer clientId=consumer-dccheng-ontology-consumer-2, groupId=dccheng-ontology-consumer] Cancelled in-flight API_VERSIONS request with correlation id 1980 due to node 1 being disconnected (elapsed time since creation: 9ms, elapsed time since send: 9ms, request timeout: 30000ms)
2026-09-14T16:35:47.646+08:00  INFO 79744 --- [ecos-gateway] [ntainer#0-0-C-1] org.apache.kafka.clients.NetworkClient   : [Consumer clientId=consumer-dccheng-cognitive-group-1, groupId=dccheng-cognitive-group] Node 1 disconnected.
2026-09-14T16:35:47.649+08:00  INFO 79744 --- [ecos-gateway] [ntainer#0-0-C-1] org.apache.kafka.clients.NetworkClient   : [Consumer clientId=consumer-dccheng-cognitive-group-1, groupId=dccheng-cognitive-group] Cancelled in-flight API_VERSIONS request with correlation id 1981 due to node 1 being disconnected (elapsed time since creation: 51ms, elapsed time since send: 51ms, request timeout: 30000ms)
2026-09-14T16:35:47.701+08:00  INFO 79744 --- [ecos-gateway] [ntainer#1-0-C-1] org.apache.kafka.clients.NetworkClient   : [Consumer clientId=consumer-dccheng-ontology-consumer-2, groupId=dccheng-ontology-consumer] Node 1 disconnected.
2026-09-14T16:35:47.703+08:00  INFO 79744 --- [ecos-gateway] [ntainer#1-0-C-1] org.apache.kafka.clients.NetworkClient   : [Consumer clientId=consumer-dccheng-ontology-consumer-2, groupId=dccheng-ontology-consumer] Cancelled in-flight API_VERSIONS request with correlation id 1981 due to node 1 being disconnected (elapsed time since creation: 89ms, elapsed time since send: 89ms, request timeout: 30000ms)
2026-09-14T16:35:47.707+08:00  INFO 79744 --- [ecos-gateway] [ad | producer-1] org.apache.kafka.clients.NetworkClient   : [Producer clientId=producer-1] Node 1 disconnected.
2026-09-14T16:35:47.709+08:00  INFO 79744 --- [ecos-gateway] [ad | producer-1] org.apache.kafka.clients.NetworkClient   : [Producer clientId=producer-1] Cancelled in-flight API_VERSIONS request with correlation id 9 due to node 1 being disconnected (elapsed time since creation: 43ms, elapsed time since send: 43ms, request timeout: 30000ms)
2026-09-14T16:35:47.921+08:00  INFO 79744 --- [ecos-gateway] [ntainer#0-0-C-1] org.apache.kafka.clients.NetworkClient   : [Consumer clientId=consumer-dccheng-cognitive-group-1, groupId=dccheng-cognitive-group] Node 1 disconnected.
2026-09-14T16:35:47.923+08:00  INFO 79744 --- [ecos-gateway] [ntainer#0-0-C-1] org.apache.kafka.clients.NetworkClient   : [Consumer clientId=consumer-dccheng-cognitive-group-1, groupId=dccheng-cognitive-group] Cancelled in-flight API_VERSIONS request with correlation id 1982 due to node 1 being disconnected (elapsed time since creation: 19ms, elapsed time since send: 19ms, request timeout: 30000ms)
2026-09-14T16:35:47.949+08:00  INFO 79744 --- [ecos-gateway] [ntainer#1-0-C-1] org.apache.kafka.clients.NetworkClient   : [Consumer clientId=consumer-dccheng-ontology-consumer-2, groupId=dccheng-ontology-consumer] Node 1 disconnected.
2026-09-14T16:35:47.950+08:00  INFO 79744 --- [ecos-gateway] [ad | producer-1] org.apache.kafka.clients.NetworkClient   : [Producer clientId=producer-1] Node 1 disconnected.
2026-09-14T16:35:47.952+08:00  INFO 79744 --- [ecos-gateway] [ntainer#1-0-C-1] org.apache.kafka.clients.NetworkClient   : [Consumer clientId=consumer-dccheng-ontology-consumer-2, groupId=dccheng-ontology-consumer] Cancelled in-flight API_VERSIONS request with correlation id 1982 due to node 1 being disconnected (elapsed time since creation: 4ms, elapsed time since send: 4ms, request timeout: 30000ms)
2026-09-14T16:35:47.954+08:00  INFO 79744 --- [ecos-gateway] [ad | producer-1] org.apache.kafka.clients.NetworkClient   : [Producer clientId=producer-1] Cancelled in-flight API_VERSIONS request with correlation id 10 due to node 1 being disconnected (elapsed time since creation: 4ms, elapsed time since send: 4ms, request timeout: 30000ms)
2026-09-14T16:35:48.290+08:00  INFO 79744 --- [ecos-gateway] [ntainer#0-0-C-1] org.apache.kafka.clients.NetworkClient   : [Consumer clientId=consumer-dccheng-cognitive-group-1, groupId=dccheng-cognitive-group] Node 1 disconnected.
2026-09-14T16:35:48.293+08:00  INFO 79744 --- [ecos-gateway] [ntainer#0-0-C-1] org.apache.kafka.clients.NetworkClient   : [Consumer clientId=consumer-dccheng-cognitive-group-1, groupId=dccheng-cognitive-group] Cancelled in-flight API_VERSIONS request with correlation id 1983 due to node 1 being disconnected (elapsed time since creation: 4ms, elapsed time since send: 4ms, request timeout: 30000ms)
2026-09-14T16:35:48.383+08:00  INFO 79744 --- [ecos-gateway] [ad | producer-1] org.apache.kafka.clients.NetworkClient   : [Producer clientId=producer-1] Node 1 disconnected.
2026-09-14T16:35:48.386+08:00  INFO 79744 --- [ecos-gateway] [ad | producer-1] org.apache.kafka.clients.NetworkClient   : [Producer clientId=producer-1] Cancelled in-flight API_VERSIONS request with correlation id 11 due to node 1 being disconnected (elapsed time since creation: 4ms, elapsed time since send: 4ms, request timeout: 30000ms)
2026-09-14T16:35:48.443+08:00  INFO 79744 --- [ecos-gateway] [ntainer#1-0-C-1] org.apache.kafka.clients.NetworkClient   : [Consumer clientId=consumer-dccheng-ontology-consumer-2, groupId=dccheng-ontology-consumer] Node 1 disconnected.
2026-09-14T16:35:48.446+08:00  INFO 79744 --- [ecos-gateway] [ntainer#1-0-C-1] org.apache.kafka.clients.NetworkClient   : [Consumer clientId=consumer-dccheng-ontology-consumer-2, groupId=dccheng-ontology-consumer] Cancelled in-flight API_VERSIONS request with correlation id 1983 due to node 1 being disconnected (elapsed time since creation: 3ms, elapsed time since send: 3ms, request timeout: 30000ms)
2026-09-14T16:35:49.117+08:00  INFO 79744 --- [ecos-gateway] [ntainer#0-0-C-1] org.apache.kafka.clients.NetworkClient   : [Consumer clientId=consumer-dccheng-cognitive-group-1, groupId=dccheng-cognitive-group] Node 1 disconnected.
2026-09-14T16:35:49.117+08:00  INFO 79744 --- [ecos-gateway] [ad | producer-1] org.apache.kafka.clients.NetworkClient   : [Producer clientId=producer-1] Node 1 disconnected.
2026-09-14T16:35:49.119+08:00  WARN 79744 --- [ecos-gateway] [ntainer#0-0-C-1] org.apache.kafka.clients.NetworkClient   : [Consumer clientId=consumer-dccheng-cognitive-group-1, groupId=dccheng-cognitive-group] Connection to node 1 (localhost/127.0.0.1:9092) could not be established. Broker may not be available.
2026-09-14T16:35:49.121+08:00  WARN 79744 --- [ecos-gateway] [ad | producer-1] org.apache.kafka.clients.NetworkClient   : [Producer clientId=producer-1] Connection to node 1 (localhost/127.0.0.1:9092) could not be established. Broker may not be available.
2026-09-14T16:35:49.350+08:00  INFO 79744 --- [ecos-gateway] [ntainer#1-0-C-1] org.apache.kafka.clients.NetworkClient   : [Consumer clientId=consumer-dccheng-ontology-consumer-2, groupId=dccheng-ontology-consumer] Node 1 disconnected.
2026-09-14T16:35:49.354+08:00  WARN 79744 --- [ecos-gateway] [ntainer#1-0-C-1] org.apache.kafka.clients.NetworkClient   : [Consumer clientId=consumer-dccheng-ontology-consumer-2, groupId=dccheng-ontology-consumer] Connection to node 1 (localhost/127.0.0.1:9092) could not be established. Broker may not be available.
2026-09-14T16:35:50.004+08:00  INFO 79744 --- [ecos-gateway] [ad | producer-1] org.apache.kafka.clients.NetworkClient   : [Producer clientId=producer-1] Node 1 disconnected.
2026-09-14T16:35:50.007+08:00  WARN 79744 --- [ecos-gateway] [ad | producer-1] org.apache.kafka.clients.NetworkClient   : [Producer clientId=producer-1] Connection to node 1 (localhost/127.0.0.1:9092) could not be established. Broker may not be available.
2026-09-14T16:35:50.107+08:00  INFO 79744 --- [ecos-gateway] [ntainer#0-0-C-1] org.apache.kafka.clients.NetworkClient   : [Consumer clientId=consumer-dccheng-cognitive-group-1, groupId=dccheng-cognitive-group] Node 1 disconnected.
2026-09-14T16:35:50.109+08:00  WARN 79744 --- [ecos-gateway] [ntainer#0-0-C-1] org.apache.kafka.clients.NetworkClient   : [Consumer clientId=consumer-dccheng-cognitive-group-1, groupId=dccheng-cognitive-group] Connection to node 1 (localhost/127.0.0.1:9092) could not be established. Broker may not be available.
2026-09-14T16:35:50.216+08:00  INFO 79744 --- [ecos-gateway] [ntainer#1-0-C-1] org.apache.kafka.clients.NetworkClient   : [Consumer clientId=consumer-dccheng-ontology-consumer-2, groupId=dccheng-ontology-consumer] Node 1 disconnected.
2026-09-14T16:35:50.219+08:00  WARN 79744 --- [ecos-gateway] [ntainer#1-0-C-1] org.apache.kafka.clients.NetworkClient   : [Consumer clientId=consumer-dccheng-ontology-consumer-2, groupId=dccheng-ontology-consumer] Connection to node 1 (localhost/127.0.0.1:9092) could not be established. Broker may not be available.
2026-09-14T16:35:50.992+08:00  INFO 79744 --- [ecos-gateway] [ad | producer-1] org.apache.kafka.clients.NetworkClient   : [Producer clientId=producer-1] Node 1 disconnected.
2026-09-14T16:35:50.994+08:00  INFO 79744 --- [ecos-gateway] [ad | producer-1] org.apache.kafka.clients.NetworkClient   : [Producer clientId=producer-1] Cancelled in-flight API_VERSIONS request with correlation id 12 due to node 1 being disconnected (elapsed time since creation: 5ms, elapsed time since send: 5ms, request timeout: 30000ms)
2026-09-14T16:35:51.147+08:00  INFO 79744 --- [ecos-gateway] [ntainer#0-0-C-1] org.apache.kafka.clients.NetworkClient   : [Consumer clientId=consumer-dccheng-cognitive-group-1, groupId=dccheng-cognitive-group] Node 1 disconnected.
2026-09-14T16:35:51.149+08:00  INFO 79744 --- [ecos-gateway] [ntainer#0-0-C-1] org.apache.kafka.clients.NetworkClient   : [Consumer clientId=consumer-dccheng-cognitive-group-1, groupId=dccheng-cognitive-group] Cancelled in-flight API_VERSIONS request with correlation id 1984 due to node 1 being disconnected (elapsed time since creation: 5ms, elapsed time since send: 5ms, request timeout: 30000ms)
2026-09-14T16:35:51.460+08:00  INFO 79744 --- [ecos-gateway] [ntainer#1-0-C-1] org.apache.kafka.clients.NetworkClient   : [Consumer clientId=consumer-dccheng-ontology-consumer-2, groupId=dccheng-ontology-consumer] Node 1 disconnected.
2026-09-14T16:35:51.463+08:00  INFO 79744 --- [ecos-gateway] [ntainer#1-0-C-1] org.apache.kafka.clients.NetworkClient   : [Consumer clientId=consumer-dccheng-ontology-consumer-2, groupId=dccheng-ontology-consumer] Cancelled in-flight API_VERSIONS request with correlation id 1984 due to node 1 being disconnected (elapsed time since creation: 3ms, elapsed time since send: 3ms, request timeout: 30000ms)
2026-09-14T16:35:51.866+08:00  INFO 79744 --- [ecos-gateway] [ad | producer-1] org.apache.kafka.clients.NetworkClient   : [Producer clientId=producer-1] Node 1 disconnected.
2026-09-14T16:35:51.869+08:00  INFO 79744 --- [ecos-gateway] [ad | producer-1] org.apache.kafka.clients.NetworkClient   : [Producer clientId=producer-1] Cancelled in-flight API_VERSIONS request with correlation id 13 due to node 1 being disconnected (elapsed time since creation: 5ms, elapsed time since send: 5ms, request timeout: 30000ms)
2026-09-14T16:35:52.207+08:00  INFO 79744 --- [ecos-gateway] [ntainer#0-0-C-1] org.apache.kafka.clients.NetworkClient   : [Consumer clientId=consumer-dccheng-cognitive-group-1, groupId=dccheng-cognitive-group] Node 1 disconnected.
2026-09-14T16:35:52.209+08:00  INFO 79744 --- [ecos-gateway] [ntainer#0-0-C-1] org.apache.kafka.clients.NetworkClient   : [Consumer clientId=consumer-dccheng-cognitive-group-1, groupId=dccheng-cognitive-group] Cancelled in-flight API_VERSIONS request with correlation id 1985 due to node 1 being disconnected (elapsed time since creation: 5ms, elapsed time since send: 5ms, request timeout: 30000ms)
2026-09-14T16:35:52.644+08:00  INFO 79744 --- [ecos-gateway] [ntainer#1-0-C-1] org.apache.kafka.clients.NetworkClient   : [Consumer clientId=consumer-dccheng-ontology-consumer-2, groupId=dccheng-ontology-consumer] Node 1 disconnected.
2026-09-14T16:35:52.647+08:00  INFO 79744 --- [ecos-gateway] [ntainer#1-0-C-1] org.apache.kafka.clients.NetworkClient   : [Consumer clientId=consumer-dccheng-ontology-consumer-2, groupId=dccheng-ontology-consumer] Cancelled in-flight API_VERSIONS request with correlation id 1985 due to node 1 being disconnected (elapsed time since creation: 6ms, elapsed time since send: 6ms, request timeout: 30000ms)
2026-09-14T16:35:53.041+08:00  INFO 79744 --- [ecos-gateway] [ad | producer-1] org.apache.kafka.clients.NetworkClient   : [Producer clientId=producer-1] Node 1 disconnected.
2026-09-14T16:35:53.043+08:00  INFO 79744 --- [ecos-gateway] [ad | producer-1] org.apache.kafka.clients.NetworkClient   : [Producer clientId=producer-1] Cancelled in-flight API_VERSIONS request with correlation id 14 due to node 1 being disconnected (elapsed time since creation: 3ms, elapsed time since send: 3ms, request timeout: 30000ms)
2026-09-14T16:35:53.136+08:00  INFO 79744 --- [ecos-gateway] [ntainer#0-0-C-1] org.apache.kafka.clients.NetworkClient   : [Consumer clientId=consumer-dccheng-cognitive-group-1, groupId=dccheng-cognitive-group] Node 1 disconnected.
2026-09-14T16:35:53.139+08:00  INFO 79744 --- [ecos-gateway] [ntainer#0-0-C-1] org.apache.kafka.clients.NetworkClient   : [Consumer clientId=consumer-dccheng-cognitive-group-1, groupId=dccheng-cognitive-group] Cancelled in-flight API_VERSIONS request with correlation id 1986 due to node 1 being disconnected (elapsed time since creation: 4ms, elapsed time since send: 4ms, request timeout: 30000ms)
2026-09-14T16:35:53.639+08:00  INFO 79744 --- [ecos-gateway] [ntainer#1-0-C-1] org.apache.kafka.clients.NetworkClient   : [Consumer clientId=consumer-dccheng-ontology-consumer-2, groupId=dccheng-ontology-consumer] Node 1 disconnected.
2026-09-14T16:35:53.642+08:00  INFO 79744 --- [ecos-gateway] [ntainer#1-0-C-1] org.apache.kafka.clients.NetworkClient   : [Consumer clientId=consumer-dccheng-ontology-consumer-2, groupId=dccheng-ontology-consumer] Cancelled in-flight API_VERSIONS request with correlation id 1986 due to node 1 being disconnected (elapsed time since creation: 6ms, elapsed time since send: 6ms, request timeout: 30000ms)
2026-09-14T16:35:53.974+08:00  INFO 79744 --- [ecos-gateway] [ad | producer-1] org.apache.kafka.clients.NetworkClient   : [Producer clientId=producer-1] Node 1 disconnected.
2026-09-14T16:35:53.976+08:00  INFO 79744 --- [ecos-gateway] [ad | producer-1] org.apache.kafka.clients.NetworkClient   : [Producer clientId=producer-1] Cancelled in-flight API_VERSIONS request with correlation id 15 due to node 1 being disconnected (elapsed time since creation: 3ms, elapsed time since send: 3ms, request timeout: 30000ms)
2026-09-14T16:35:54.378+08:00  INFO 79744 --- [ecos-gateway] [ntainer#0-0-C-1] org.apache.kafka.clients.NetworkClient   : [Consumer clientId=consumer-dccheng-cognitive-group-1, groupId=dccheng-cognitive-group] Node 1 disconnected.
2026-09-14T16:35:54.380+08:00  INFO 79744 --- [ecos-gateway] [ntainer#0-0-C-1] org.apache.kafka.clients.NetworkClient   : [Consumer clientId=consumer-dccheng-cognitive-group-1, groupId=dccheng-cognitive-group] Cancelled in-flight API_VERSIONS request with correlation id 1987 due to node 1 being disconnected (elapsed time since creation: 4ms, elapsed time since send: 4ms, request timeout: 30000ms)
2026-09-14T16:35:54.855+08:00  INFO 79744 --- [ecos-gateway] [ntainer#1-0-C-1] org.apache.kafka.clients.NetworkClient   : [Consumer clientId=consumer-dccheng-ontology-consumer-2, groupId=dccheng-ontology-consumer] Node 1 disconnected.
2026-09-14T16:35:54.858+08:00  INFO 79744 --- [ecos-gateway] [ntainer#1-0-C-1] org.apache.kafka.clients.NetworkClient   : [Consumer clientId=consumer-dccheng-ontology-consumer-2, groupId=dccheng-ontology-consumer] Cancelled in-flight API_VERSIONS request with correlation id 1987 due to node 1 being disconnected (elapsed time since creation: 3ms, elapsed time since send: 3ms, request timeout: 30000ms)
2026-09-14T16:35:55.159+08:00  INFO 79744 --- [ecos-gateway] [ad | producer-1] org.apache.kafka.clients.NetworkClient   : [Producer clientId=producer-1] Node 1 disconnected.
2026-09-14T16:35:55.162+08:00  INFO 79744 --- [ecos-gateway] [ad | producer-1] org.apache.kafka.clients.NetworkClient   : [Producer clientId=producer-1] Cancelled in-flight API_VERSIONS request with correlation id 16 due to node 1 being disconnected (elapsed time since creation: 5ms, elapsed time since send: 5ms, request timeout: 30000ms)
2026-09-14T16:35:55.310+08:00  INFO 79744 --- [ecos-gateway] [ntainer#0-0-C-1] org.apache.kafka.clients.NetworkClient   : [Consumer clientId=consumer-dccheng-cognitive-group-1, groupId=dccheng-cognitive-group] Node 1 disconnected.
2026-09-14T16:35:55.312+08:00  INFO 79744 --- [ecos-gateway] [ntainer#0-0-C-1] org.apache.kafka.clients.NetworkClient   : [Consumer clientId=consumer-dccheng-cognitive-group-1, groupId=dccheng-cognitive-group] Cancelled in-flight API_VERSIONS request with correlation id 1988 due to node 1 being disconnected (elapsed time since creation: 4ms, elapsed time since send: 4ms, request timeout: 30000ms)
2026-09-14T16:35:55.732+08:00  INFO 79744 --- [ecos-gateway] [ntainer#1-0-C-1] org.apache.kafka.clients.NetworkClient   : [Consumer clientId=consumer-dccheng-ontology-consumer-2, groupId=dccheng-ontology-consumer] Node 1 disconnected.
2026-09-14T16:35:55.735+08:00  INFO 79744 --- [ecos-gateway] [ntainer#1-0-C-1] org.apache.kafka.clients.NetworkClient   : [Consumer clientId=consumer-dccheng-ontology-consumer-2, groupId=dccheng-ontology-consumer] Cancelled in-flight API_VERSIONS request with correlation id 1988 due to node 1 being disconnected (elapsed time since creation: 4ms, elapsed time since send: 4ms, request timeout: 30000ms)
2026-09-14T16:35:56.025+08:00  INFO 79744 --- [ecos-gateway] [ad | producer-1] org.apache.kafka.clients.NetworkClient   : [Producer clientId=producer-1] Node 1 disconnected.
2026-09-14T16:35:56.029+08:00  INFO 79744 --- [ecos-gateway] [ad | producer-1] org.apache.kafka.clients.NetworkClient   : [Producer clientId=producer-1] Cancelled in-flight API_VERSIONS request with correlation id 17 due to node 1 being disconnected (elapsed time since creation: 4ms, elapsed time since send: 4ms, request timeout: 30000ms)
2026-09-14T16:35:56.242+08:00  INFO 79744 --- [ecos-gateway] [ntainer#0-0-C-1] org.apache.kafka.clients.NetworkClient   : [Consumer clientId=consumer-dccheng-cognitive-group-1, groupId=dccheng-cognitive-group] Node 1 disconnected.
2026-09-14T16:35:56.245+08:00  INFO 79744 --- [ecos-gateway] [ntainer#0-0-C-1] org.apache.kafka.clients.NetworkClient   : [Consumer clientId=consumer-dccheng-cognitive-group-1, groupId=dccheng-cognitive-group] Cancelled in-flight API_VERSIONS request with correlation id 1989 due to node 1 being disconnected (elapsed time since creation: 4ms, elapsed time since send: 4ms, request timeout: 30000ms)
2026-09-14T16:35:56.663+08:00  INFO 79744 --- [ecos-gateway] [ntainer#1-0-C-1] org.apache.kafka.clients.NetworkClient   : [Consumer clientId=consumer-dccheng-ontology-consumer-2, groupId=dccheng-ontology-consumer] Node 1 disconnected.
2026-09-14T16:35:56.666+08:00  INFO 79744 --- [ecos-gateway] [ntainer#1-0-C-1] org.apache.kafka.clients.NetworkClient   : [Consumer clientId=consumer-dccheng-ontology-consumer-2, groupId=dccheng-ontology-consumer] Cancelled in-flight API_VERSIONS request with correlation id 1989 due to node 1 being disconnected (elapsed time since creation: 4ms, elapsed time since send: 4ms, request timeout: 30000ms)
2026-09-14T16:35:57.145+08:00  INFO 79744 --- [ecos-gateway] [ad | producer-1] org.apache.kafka.clients.NetworkClient   : [Producer clientId=producer-1] Node 1 disconnected.
2026-09-14T16:35:57.148+08:00  INFO 79744 --- [ecos-gateway] [ad | producer-1] org.apache.kafka.clients.NetworkClient   : [Producer clientId=producer-1] Cancelled in-flight API_VERSIONS request with correlation id 18 due to node 1 being disconnected (elapsed time since creation: 5ms, elapsed time since send: 5ms, request timeout: 30000ms)
2026-09-14T16:35:57.361+08:00  INFO 79744 --- [ecos-gateway] [ntainer#0-0-C-1] org.apache.kafka.clients.NetworkClient   : [Consumer clientId=consumer-dccheng-cognitive-group-1, groupId=dccheng-cognitive-group] Node 1 disconnected.
2026-09-14T16:35:57.364+08:00  INFO 79744 --- [ecos-gateway] [ntainer#0-0-C-1] org.apache.kafka.clients.NetworkClient   : [Consumer clientId=consumer-dccheng-cognitive-group-1, groupId=dccheng-cognitive-group] Cancelled in-flight API_VERSIONS request with correlation id 1990 due to node 1 being disconnected (elapsed time since creation: 4ms, elapsed time since send: 4ms, request timeout: 30000ms)
2026-09-14T16:35:57.652+08:00  INFO 79744 --- [ecos-gateway] [ntainer#1-0-C-1] org.apache.kafka.clients.NetworkClient   : [Consumer clientId=consumer-dccheng-ontology-consumer-2, groupId=dccheng-ontology-consumer] Node 1 disconnected.
2026-09-14T16:35:57.654+08:00  INFO 79744 --- [ecos-gateway] [ntainer#1-0-C-1] org.apache.kafka.clients.NetworkClient   : [Consumer clientId=consumer-dccheng-ontology-consumer-2, groupId=dccheng-ontology-consumer] Cancelled in-flight API_VERSIONS request with correlation id 1990 due to node 1 being disconnected (elapsed time since creation: 3ms, elapsed time since send: 3ms, request timeout: 30000ms)
2026-09-14T16:35:58.135+08:00  INFO 79744 --- [ecos-gateway] [ad | producer-1] org.apache.kafka.clients.NetworkClient   : [Producer clientId=producer-1] Node 1 disconnected.
2026-09-14T16:35:58.137+08:00  INFO 79744 --- [ecos-gateway] [ad | producer-1] org.apache.kafka.clients.NetworkClient   : [Producer clientId=producer-1] Cancelled in-flight API_VERSIONS request with correlation id 19 due to node 1 being disconnected (elapsed time since creation: 3ms, elapsed time since send: 3ms, request timeout: 30000ms)
2026-09-14T16:35:58.522+08:00  INFO 79744 --- [ecos-gateway] [ntainer#0-0-C-1] org.apache.kafka.clients.NetworkClient   : [Consumer clientId=consumer-dccheng-cognitive-group-1, groupId=dccheng-cognitive-group] Node 1 disconnected.
2026-09-14T16:35:58.524+08:00  INFO 79744 --- [ecos-gateway] [ntainer#0-0-C-1] org.apache.kafka.clients.NetworkClient   : [Consumer clientId=consumer-dccheng-cognitive-group-1, groupId=dccheng-cognitive-group] Cancelled in-flight API_VERSIONS request with correlation id 1991 due to node 1 being disconnected (elapsed time since creation: 4ms, elapsed time since send: 4ms, request timeout: 30000ms)
2026-09-14T16:35:58.833+08:00  INFO 79744 --- [ecos-gateway] [ntainer#1-0-C-1] org.apache.kafka.clients.NetworkClient   : [Consumer clientId=consumer-dccheng-ontology-consumer-2, groupId=dccheng-ontology-consumer] Node 1 disconnected.
2026-09-14T16:35:58.835+08:00  INFO 79744 --- [ecos-gateway] [ntainer#1-0-C-1] org.apache.kafka.clients.NetworkClient   : [Consumer clientId=consumer-dccheng-ontology-consumer-2, groupId=dccheng-ontology-consumer] Cancelled in-flight API_VERSIONS request with correlation id 1991 due to node 1 being disconnected (elapsed time since creation: 5ms, elapsed time since send: 5ms, request timeout: 30000ms)
2026-09-14T16:35:59.372+08:00  INFO 79744 --- [ecos-gateway] [ad | producer-1] org.apache.kafka.clients.NetworkClient   : [Producer clientId=producer-1] Node 1 disconnected.
2026-09-14T16:35:59.374+08:00  INFO 79744 --- [ecos-gateway] [ad | producer-1] org.apache.kafka.clients.NetworkClient   : [Producer clientId=producer-1] Cancelled in-flight API_VERSIONS request with correlation id 20 due to node 1 being disconnected (elapsed time since creation: 4ms, elapsed time since send: 4ms, request timeout: 30000ms)
2026-09-14T16:35:59.571+08:00  INFO 79744 --- [ecos-gateway] [ntainer#0-0-C-1] org.apache.kafka.clients.NetworkClient   : [Consumer clientId=consumer-dccheng-cognitive-group-1, groupId=dccheng-cognitive-group] Node 1 disconnected.
2026-09-14T16:35:59.574+08:00  INFO 79744 --- [ecos-gateway] [ntainer#0-0-C-1] org.apache.kafka.clients.NetworkClient   : [Consumer clientId=consumer-dccheng-cognitive-group-1, groupId=dccheng-cognitive-group] Cancelled in-flight API_VERSIONS request with correlation id 1992 due to node 1 being disconnected (elapsed time since creation: 3ms, elapsed time since send: 3ms, request timeout: 30000ms)
2026-09-14T16:35:59.804+08:00  INFO 79744 --- [ecos-gateway] [ntainer#1-0-C-1] org.apache.kafka.clients.NetworkClient   : [Consumer clientId=consumer-dccheng-ontology-consumer-2, groupId=dccheng-ontology-consumer] Node 1 disconnected.
2026-09-14T16:35:59.806+08:00  INFO 79744 --- [ecos-gateway] [ntainer#1-0-C-1] org.apache.kafka.clients.NetworkClient   : [Consumer clientId=consumer-dccheng-ontology-consumer-2, groupId=dccheng-ontology-consumer] Cancelled in-flight API_VERSIONS request with correlation id 1992 due to node 1 being disconnected (elapsed time since creation: 3ms, elapsed time since send: 3ms, request timeout: 30000ms)
2026-09-14T16:36:00.243+08:00  INFO 79744 --- [ecos-gateway] [ad | producer-1] org.apache.kafka.clients.NetworkClient   : [Producer clientId=producer-1] Node 1 disconnected.
2026-09-14T16:36:00.245+08:00  INFO 79744 --- [ecos-gateway] [ad | producer-1] org.apache.kafka.clients.NetworkClient   : [Producer clientId=producer-1] Cancelled in-flight API_VERSIONS request with correlation id 21 due to node 1 being disconnected (elapsed time since creation: 4ms, elapsed time since send: 4ms, request timeout: 30000ms)
2026-09-14T16:36:00.451+08:00  INFO 79744 --- [ecos-gateway] [ntainer#0-0-C-1] org.apache.kafka.clients.NetworkClient   : [Consumer clientId=consumer-dccheng-cognitive-group-1, groupId=dccheng-cognitive-group] Node 1 disconnected.
2026-09-14T16:36:00.453+08:00  INFO 79744 --- [ecos-gateway] [ntainer#0-0-C-1] org.apache.kafka.clients.NetworkClient   : [Consumer clientId=consumer-dccheng-cognitive-group-1, groupId=dccheng-cognitive-group] Cancelled in-flight API_VERSIONS request with correlation id 1993 due to node 1 being disconnected (elapsed time since creation: 6ms, elapsed time since send: 6ms, request timeout: 30000ms)
2026-09-14T16:36:00.790+08:00  INFO 79744 --- [ecos-gateway] [ntainer#1-0-C-1] org.apache.kafka.clients.NetworkClient   : [Consumer clientId=consumer-dccheng-ontology-consumer-2, groupId=dccheng-ontology-consumer] Node 1 disconnected.
2026-09-14T16:36:00.793+08:00  INFO 79744 --- [ecos-gateway] [ntainer#1-0-C-1] org.apache.kafka.clients.NetworkClient   : [Consumer clientId=consumer-dccheng-ontology-consumer-2, groupId=dccheng-ontology-consumer] Cancelled in-flight API_VERSIONS request with correlation id 1993 due to node 1 being disconnected (elapsed time since creation: 4ms, elapsed time since send: 4ms, request timeout: 30000ms)
2026-09-14T16:36:01.119+08:00  INFO 79744 --- [ecos-gateway] [ad | producer-1] org.apache.kafka.clients.NetworkClient   : [Producer clientId=producer-1] Node 1 disconnected.
2026-09-14T16:36:01.122+08:00  INFO 79744 --- [ecos-gateway] [ad | producer-1] org.apache.kafka.clients.NetworkClient   : [Producer clientId=producer-1] Cancelled in-flight API_VERSIONS request with correlation id 22 due to node 1 being disconnected (elapsed time since creation: 3ms, elapsed time since send: 3ms, request timeout: 30000ms)
2026-09-14T16:36:01.639+08:00  INFO 79744 --- [ecos-gateway] [ntainer#0-0-C-1] org.apache.kafka.clients.NetworkClient   : [Consumer clientId=consumer-dccheng-cognitive-group-1, groupId=dccheng-cognitive-group] Node 1 disconnected.
2026-09-14T16:36:01.642+08:00  INFO 79744 --- [ecos-gateway] [ntainer#0-0-C-1] org.apache.kafka.clients.NetworkClient   : [Consumer clientId=consumer-dccheng-cognitive-group-1, groupId=dccheng-cognitive-group] Cancelled in-flight API_VERSIONS request with correlation id 1994 due to node 1 being disconnected (elapsed time since creation: 8ms, elapsed time since send: 8ms, request timeout: 30000ms)
2026-09-14T16:36:01.664+08:00  INFO 79744 --- [ecos-gateway] [ntainer#1-0-C-1] org.apache.kafka.clients.NetworkClient   : [Consumer clientId=consumer-dccheng-ontology-consumer-2, groupId=dccheng-ontology-consumer] Node 1 disconnected.
2026-09-14T16:36:01.667+08:00  INFO 79744 --- [ecos-gateway] [ntainer#1-0-C-1] org.apache.kafka.clients.NetworkClient   : [Consumer clientId=consumer-dccheng-ontology-consumer-2, groupId=dccheng-ontology-consumer] Cancelled in-flight API_VERSIONS request with correlation id 1994 due to node 1 being disconnected (elapsed time since creation: 4ms, elapsed time since send: 4ms, request timeout: 30000ms)
2026-09-14T16:36:02.148+08:00  INFO 79744 --- [ecos-gateway] [ad | producer-1] org.apache.kafka.clients.NetworkClient   : [Producer clientId=producer-1] Node 1 disconnected.
2026-09-14T16:36:02.151+08:00  INFO 79744 --- [ecos-gateway] [ad | producer-1] org.apache.kafka.clients.NetworkClient   : [Producer clientId=producer-1] Cancelled in-flight API_VERSIONS request with correlation id 23 due to node 1 being disconnected (elapsed time since creation: 8ms, elapsed time since send: 8ms, request timeout: 30000ms)
2026-09-14T16:36:02.518+08:00  INFO 79744 --- [ecos-gateway] [ntainer#0-0-C-1] org.apache.kafka.clients.NetworkClient   : [Consumer clientId=consumer-dccheng-cognitive-group-1, groupId=dccheng-cognitive-group] Node 1 disconnected.
2026-09-14T16:36:02.520+08:00  INFO 79744 --- [ecos-gateway] [ntainer#0-0-C-1] org.apache.kafka.clients.NetworkClient   : [Consumer clientId=consumer-dccheng-cognitive-group-1, groupId=dccheng-cognitive-group] Cancelled in-flight API_VERSIONS request with correlation id 1995 due to node 1 being disconnected (elapsed time since creation: 4ms, elapsed time since send: 4ms, request timeout: 30000ms)
2026-09-14T16:36:02.592+08:00  INFO 79744 --- [ecos-gateway] [ntainer#1-0-C-1] org.apache.kafka.clients.NetworkClient   : [Consumer clientId=consumer-dccheng-ontology-consumer-2, groupId=dccheng-ontology-consumer] Node 1 disconnected.
2026-09-14T16:36:02.595+08:00  INFO 79744 --- [ecos-gateway] [ntainer#1-0-C-1] org.apache.kafka.clients.NetworkClient   : [Consumer clientId=consumer-dccheng-ontology-consumer-2, groupId=dccheng-ontology-consumer] Cancelled in-flight API_VERSIONS request with correlation id 1995 due to node 1 being disconnected (elapsed time since creation: 4ms, elapsed time since send: 4ms, request timeout: 30000ms)
2026-09-14T16:36:02.682+08:00 DEBUG 79744 --- [ecos-gateway] [MessageBroker-2] c.c.g.e.d.r.D.findAll                    : ==>  Preparing: SELECT * FROM td_datasource ORDER BY create_time DESC
2026-09-14T16:36:02.684+08:00 DEBUG 79744 --- [ecos-gateway] [MessageBroker-2] c.c.g.e.d.r.D.findAll                    : ==> Parameters: 
2026-09-14T16:36:02.696+08:00 DEBUG 79744 --- [ecos-gateway] [MessageBroker-2] c.c.g.e.d.r.D.findAll                    : <==      Total: 4
2026-09-14T16:36:03.150+08:00  INFO 79744 --- [ecos-gateway] [ad | producer-1] org.apache.kafka.clients.NetworkClient   : [Producer clientId=producer-1] Node 1 disconnected.
2026-09-14T16:36:03.152+08:00  INFO 79744 --- [ecos-gateway] [ad | producer-1] org.apache.kafka.clients.NetworkClient   : [Producer clientId=producer-1] Cancelled in-flight API_VERSIONS request with correlation id 24 due to node 1 being disconnected (elapsed time since creation: 5ms, elapsed time since send: 5ms, request timeout: 30000ms)
2026-09-14T16:36:03.707+08:00  INFO 79744 --- [ecos-gateway] [ntainer#1-0-C-1] org.apache.kafka.clients.NetworkClient   : [Consumer clientId=consumer-dccheng-ontology-consumer-2, groupId=dccheng-ontology-consumer] Node 1 disconnected.
2026-09-14T16:36:03.710+08:00  INFO 79744 --- [ecos-gateway] [ntainer#1-0-C-1] org.apache.kafka.clients.NetworkClient   : [Consumer clientId=consumer-dccheng-ontology-consumer-2, groupId=dccheng-ontology-consumer] Cancelled in-flight API_VERSIONS request with correlation id 1996 due to node 1 being disconnected (elapsed time since creation: 4ms, elapsed time since send: 4ms, request timeout: 30000ms)
2026-09-14T16:36:03.795+08:00  INFO 79744 --- [ecos-gateway] [ntainer#0-0-C-1] org.apache.kafka.clients.NetworkClient   : [Consumer clientId=consumer-dccheng-cognitive-group-1, groupId=dccheng-cognitive-group] Node 1 disconnected.
2026-09-14T16:36:03.798+08:00  INFO 79744 --- [ecos-gateway] [ntainer#0-0-C-1] org.apache.kafka.clients.NetworkClient   : [Consumer clientId=consumer-dccheng-cognitive-group-1, groupId=dccheng-cognitive-group] Cancelled in-flight API_VERSIONS request with correlation id 1996 due to node 1 being disconnected (elapsed time since creation: 10ms, elapsed time since send: 10ms, request timeout: 30000ms)
2026-09-14T16:36:04.143+08:00  INFO 79744 --- [ecos-gateway] [ad | producer-1] org.apache.kafka.clients.NetworkClient   : [Producer clientId=producer-1] Node 1 disconnected.
2026-09-14T16:36:04.146+08:00  INFO 79744 --- [ecos-gateway] [ad | producer-1] org.apache.kafka.clients.NetworkClient   : [Producer clientId=producer-1] Cancelled in-flight API_VERSIONS request with correlation id 25 due to node 1 being disconnected (elapsed time since creation: 3ms, elapsed time since send: 3ms, request timeout: 30000ms)
2026-09-14T16:36:04.716+08:00  INFO 79744 --- [ecos-gateway] [ntainer#0-0-C-1] org.apache.kafka.clients.NetworkClient   : [Consumer clientId=consumer-dccheng-cognitive-group-1, groupId=dccheng-cognitive-group] Node 1 disconnected.
2026-09-14T16:36:04.719+08:00  INFO 79744 --- [ecos-gateway] [ntainer#0-0-C-1] org.apache.kafka.clients.NetworkClient   : [Consumer clientId=consumer-dccheng-cognitive-group-1, groupId=dccheng-cognitive-group] Cancelled in-flight API_VERSIONS request with correlation id 1997 due to node 1 being disconnected (elapsed time since creation: 4ms, elapsed time since send: 4ms, request timeout: 30000ms)
2026-09-14T16:36:04.934+08:00  INFO 79744 --- [ecos-gateway] [ntainer#1-0-C-1] org.apache.kafka.clients.NetworkClient   : [Consumer clientId=consumer-dccheng-ontology-consumer-2, groupId=dccheng-ontology-consumer] Node 1 disconnected.
2026-09-14T16:36:04.937+08:00  INFO 79744 --- [ecos-gateway] [ntainer#1-0-C-1] org.apache.kafka.clients.NetworkClient   : [Consumer clientId=consumer-dccheng-ontology-consumer-2, groupId=dccheng-ontology-consumer] Cancelled in-flight API_VERSIONS request with correlation id 1997 due to node 1 being disconnected (elapsed time since creation: 5ms, elapsed time since send: 5ms, request timeout: 30000ms)
2026-09-14T16:36:05.322+08:00  INFO 79744 --- [ecos-gateway] [ad | producer-1] org.apache.kafka.clients.NetworkClient   : [Producer clientId=producer-1] Node 1 disconnected.
2026-09-14T16:36:05.325+08:00  INFO 79744 --- [ecos-gateway] [ad | producer-1] org.apache.kafka.clients.NetworkClient   : [Producer clientId=producer-1] Cancelled in-flight API_VERSIONS request with correlation id 26 due to node 1 being disconnected (elapsed time since creation: 3ms, elapsed time since send: 3ms, request timeout: 30000ms)
2026-09-14T16:36:05.588+08:00  INFO 79744 --- [ecos-gateway] [ntainer#0-0-C-1] org.apache.kafka.clients.NetworkClient   : [Consumer clientId=consumer-dccheng-cognitive-group-1, groupId=dccheng-cognitive-group] Node 1 disconnected.
2026-09-14T16:36:05.591+08:00  INFO 79744 --- [ecos-gateway] [ntainer#0-0-C-1] org.apache.kafka.clients.NetworkClient   : [Consumer clientId=consumer-dccheng-cognitive-group-1, groupId=dccheng-cognitive-group] Cancelled in-flight API_VERSIONS request with correlation id 1998 due to node 1 being disconnected (elapsed time since creation: 6ms, elapsed time since send: 6ms, request timeout: 30000ms)
2026-09-14T16:36:05.879+08:00  INFO 79744 --- [ecos-gateway] [ntainer#1-0-C-1] org.apache.kafka.clients.NetworkClient   : [Consumer clientId=consumer-dccheng-ontology-consumer-2, groupId=dccheng-ontology-consumer] Node 1 disconnected.
2026-09-14T16:36:05.882+08:00  INFO 79744 --- [ecos-gateway] [ntainer#1-0-C-1] org.apache.kafka.clients.NetworkClient   : [Consumer clientId=consumer-dccheng-ontology-consumer-2, groupId=dccheng-ontology-consumer] Cancelled in-flight API_VERSIONS request with correlation id 1998 due to node 1 being disconnected (elapsed time since creation: 3ms, elapsed time since send: 3ms, request timeout: 30000ms)
2026-09-14T16:36:06.493+08:00  INFO 79744 --- [ecos-gateway] [ad | producer-1] org.apache.kafka.clients.NetworkClient   : [Producer clientId=producer-1] Node 1 disconnected.
2026-09-14T16:36:06.494+08:00  INFO 79744 --- [ecos-gateway] [ad | producer-1] org.apache.kafka.clients.NetworkClient   : [Producer clientId=producer-1] Cancelled in-flight API_VERSIONS request with correlation id 27 due to node 1 being disconnected (elapsed time since creation: 2ms, elapsed time since send: 2ms, request timeout: 30000ms)
2026-09-14T16:36:06.641+08:00  INFO 79744 --- [ecos-gateway] [ntainer#0-0-C-1] org.apache.kafka.clients.NetworkClient   : [Consumer clientId=consumer-dccheng-cognitive-group-1, groupId=dccheng-cognitive-group] Node 1 disconnected.
2026-09-14T16:36:06.644+08:00  INFO 79744 --- [ecos-gateway] [ntainer#0-0-C-1] org.apache.kafka.clients.NetworkClient   : [Consumer clientId=consumer-dccheng-cognitive-group-1, groupId=dccheng-cognitive-group] Cancelled in-flight API_VERSIONS request with correlation id 1999 due to node 1 being disconnected (elapsed time since creation: 4ms, elapsed time since send: 4ms, request timeout: 30000ms)
2026-09-14T16:36:06.806+08:00  INFO 79744 --- [ecos-gateway] [ntainer#1-0-C-1] org.apache.kafka.clients.NetworkClient   : [Consumer clientId=consumer-dccheng-ontology-consumer-2, groupId=dccheng-ontology-consumer] Node 1 disconnected.
2026-09-14T16:36:06.809+08:00  INFO 79744 --- [ecos-gateway] [ntainer#1-0-C-1] org.apache.kafka.clients.NetworkClient   : [Consumer clientId=consumer-dccheng-ontology-consumer-2, groupId=dccheng-ontology-consumer] Cancelled in-flight API_VERSIONS request with correlation id 1999 due to node 1 being disconnected (elapsed time since creation: 3ms, elapsed time since send: 3ms, request timeout: 30000ms)
2026-09-14T16:36:07.573+08:00  INFO 79744 --- [ecos-gateway] [ntainer#0-0-C-1] org.apache.kafka.clients.NetworkClient   : [Consumer clientId=consumer-dccheng-cognitive-group-1, groupId=dccheng-cognitive-group] Node 1 disconnected.
2026-09-14T16:36:07.576+08:00  INFO 79744 --- [ecos-gateway] [ntainer#0-0-C-1] org.apache.kafka.clients.NetworkClient   : [Consumer clientId=consumer-dccheng-cognitive-group-1, groupId=dccheng-cognitive-group] Cancelled in-flight API_VERSIONS request with correlation id 2000 due to node 1 being disconnected (elapsed time since creation: 5ms, elapsed time since send: 5ms, request timeout: 30000ms)
2026-09-14T16:36:07.600+08:00  INFO 79744 --- [ecos-gateway] [ad | producer-1] org.apache.kafka.clients.NetworkClient   : [Producer clientId=producer-1] Node 1 disconnected.
2026-09-14T16:36:07.602+08:00  INFO 79744 --- [ecos-gateway] [ad | producer-1] org.apache.kafka.clients.NetworkClient   : [Producer clientId=producer-1] Cancelled in-flight API_VERSIONS request with correlation id 28 due to node 1 being disconnected (elapsed time since creation: 3ms, elapsed time since send: 3ms, request timeout: 30000ms)
2026-09-14T16:36:08.061+08:00  INFO 79744 --- [ecos-gateway] [ntainer#1-0-C-1] org.apache.kafka.clients.NetworkClient   : [Consumer clientId=consumer-dccheng-ontology-consumer-2, groupId=dccheng-ontology-consumer] Node 1 disconnected.
2026-09-14T16:36:08.063+08:00  INFO 79744 --- [ecos-gateway] [ntainer#1-0-C-1] org.apache.kafka.clients.NetworkClient   : [Consumer clientId=consumer-dccheng-ontology-consumer-2, groupId=dccheng-ontology-consumer] Cancelled in-flight API_VERSIONS request with correlation id 2000 due to node 1 being disconnected (elapsed time since creation: 5ms, elapsed time since send: 5ms, request timeout: 30000ms)
2026-09-14T16:36:08.540+08:00  INFO 79744 --- [ecos-gateway] [ad | producer-1] org.apache.kafka.clients.NetworkClient   : [Producer clientId=producer-1] Node 1 disconnected.
2026-09-14T16:36:08.543+08:00  INFO 79744 --- [ecos-gateway] [ad | producer-1] org.apache.kafka.clients.NetworkClient   : [Producer clientId=producer-1] Cancelled in-flight API_VERSIONS request with correlation id 29 due to node 1 being disconnected (elapsed time since creation: 5ms, elapsed time since send: 5ms, request timeout: 30000ms)
2026-09-14T16:36:08.574+08:00 DEBUG 79744 --- [ecos-gateway] [essageBroker-12] c.c.g.engine.kb.service.KGWriterService  : Neo4j health OK — node count: 44
2026-09-14T16:36:08.752+08:00  INFO 79744 --- [ecos-gateway] [ntainer#0-0-C-1] org.apache.kafka.clients.NetworkClient   : [Consumer clientId=consumer-dccheng-cognitive-group-1, groupId=dccheng-cognitive-group] Node 1 disconnected.
2026-09-14T16:36:08.755+08:00  INFO 79744 --- [ecos-gateway] [ntainer#0-0-C-1] org.apache.kafka.clients.NetworkClient   : [Consumer clientId=consumer-dccheng-cognitive-group-1, groupId=dccheng-cognitive-group] Cancelled in-flight API_VERSIONS request with correlation id 2001 due to node 1 being disconnected (elapsed time since creation: 10ms, elapsed time since send: 10ms, request timeout: 30000ms)
2026-09-14T16:36:09.261+08:00  INFO 79744 --- [ecos-gateway] [ntainer#1-0-C-1] org.apache.kafka.clients.NetworkClient   : [Consumer clientId=consumer-dccheng-ontology-consumer-2, groupId=dccheng-ontology-consumer] Node 1 disconnected.
2026-09-14T16:36:09.262+08:00  INFO 79744 --- [ecos-gateway] [ntainer#1-0-C-1] org.apache.kafka.clients.NetworkClient   : [Consumer clientId=consumer-dccheng-ontology-consumer-2, groupId=dccheng-ontology-consumer] Cancelled in-flight API_VERSIONS request with correlation id 2001 due to node 1 being disconnected (elapsed time since creation: 4ms, elapsed time since send: 4ms, request timeout: 30000ms)
2026-09-14T16:36:09.658+08:00  INFO 79744 --- [ecos-gateway] [ad | producer-1] org.apache.kafka.clients.NetworkClient   : [Producer clientId=producer-1] Node 1 disconnected.
2026-09-14T16:36:09.660+08:00  INFO 79744 --- [ecos-gateway] [ad | producer-1] org.apache.kafka.clients.NetworkClient   : [Producer clientId=producer-1] Cancelled in-flight API_VERSIONS request with correlation id 30 due to node 1 being disconnected (elapsed time since creation: 4ms, elapsed time since send: 4ms, request timeout: 30000ms)
2026-09-14T16:36:09.801+08:00  INFO 79744 --- [ecos-gateway] [ntainer#0-0-C-1] org.apache.kafka.clients.NetworkClient   : [Consumer clientId=consumer-dccheng-cognitive-group-1, groupId=dccheng-cognitive-group] Node 1 disconnected.
2026-09-14T16:36:09.802+08:00  INFO 79744 --- [ecos-gateway] [ntainer#0-0-C-1] org.apache.kafka.clients.NetworkClient   : [Consumer clientId=consumer-dccheng-cognitive-group-1, groupId=dccheng-cognitive-group] Cancelled in-flight API_VERSIONS request with correlation id 2002 due to node 1 being disconnected (elapsed time since creation: 3ms, elapsed time since send: 3ms, request timeout: 30000ms)
2026-09-14T16:36:10.126+08:00  INFO 79744 --- [ecos-gateway] [ntainer#1-0-C-1] org.apache.kafka.clients.NetworkClient   : [Consumer clientId=consumer-dccheng-ontology-consumer-2, groupId=dccheng-ontology-consumer] Node 1 disconnected.
2026-09-14T16:36:10.128+08:00  INFO 79744 --- [ecos-gateway] [ntainer#1-0-C-1] org.apache.kafka.clients.NetworkClient   : [Consumer clientId=consumer-dccheng-ontology-consumer-2, groupId=dccheng-ontology-consumer] Cancelled in-flight API_VERSIONS request with correlation id 2002 due to node 1 being disconnected (elapsed time since creation: 4ms, elapsed time since send: 4ms, request timeout: 30000ms)
2026-09-14T16:36:10.670+08:00  INFO 79744 --- [ecos-gateway] [ntainer#0-0-C-1] org.apache.kafka.clients.NetworkClient   : [Consumer clientId=consumer-dccheng-cognitive-group-1, groupId=dccheng-cognitive-group] Node 1 disconnected.
2026-09-14T16:36:10.674+08:00  INFO 79744 --- [ecos-gateway] [ntainer#0-0-C-1] org.apache.kafka.clients.NetworkClient   : [Consumer clientId=consumer-dccheng-cognitive-group-1, groupId=dccheng-cognitive-group] Cancelled in-flight API_VERSIONS request with correlation id 2003 due to node 1 being disconnected (elapsed time since creation: 2ms, elapsed time since send: 2ms, request timeout: 30000ms)
2026-09-14T16:36:10.764+08:00  INFO 79744 --- [ecos-gateway] [ad | producer-1] org.apache.kafka.clients.NetworkClient   : [Producer clientId=producer-1] Node 1 disconnected.
2026-09-14T16:36:10.765+08:00  INFO 79744 --- [ecos-gateway] [ad | producer-1] org.apache.kafka.clients.NetworkClient   : [Producer clientId=producer-1] Cancelled in-flight API_VERSIONS request with correlation id 31 due to node 1 being disconnected (elapsed time since creation: 3ms, elapsed time since send: 3ms, request timeout: 30000ms)
2026-09-14T16:36:11.236+08:00  INFO 79744 --- [ecos-gateway] [ntainer#1-0-C-1] org.apache.kafka.clients.NetworkClient   : [Consumer clientId=consumer-dccheng-ontology-consumer-2, groupId=dccheng-ontology-consumer] Node 1 disconnected.
2026-09-14T16:36:11.239+08:00  INFO 79744 --- [ecos-gateway] [ntainer#1-0-C-1] org.apache.kafka.clients.NetworkClient   : [Consumer clientId=consumer-dccheng-ontology-consumer-2, groupId=dccheng-ontology-consumer] Cancelled in-flight API_VERSIONS request with correlation id 2003 due to node 1 being disconnected (elapsed time since creation: 4ms, elapsed time since send: 4ms, request timeout: 30000ms)
2026-09-14T16:36:11.719+08:00  INFO 79744 --- [ecos-gateway] [ntainer#0-0-C-1] org.apache.kafka.clients.NetworkClient   : [Consumer clientId=consumer-dccheng-cognitive-group-1, groupId=dccheng-cognitive-group] Node 1 disconnected.
2026-09-14T16:36:11.722+08:00  INFO 79744 --- [ecos-gateway] [ntainer#0-0-C-1] org.apache.kafka.clients.NetworkClient   : [Consumer clientId=consumer-dccheng-cognitive-group-1, groupId=dccheng-cognitive-group] Cancelled in-flight API_VERSIONS request with correlation id 2004 due to node 1 being disconnected (elapsed time since creation: 3ms, elapsed time since send: 3ms, request timeout: 30000ms)
2026-09-14T16:36:11.783+08:00  INFO 79744 --- [ecos-gateway] [ad | producer-1] org.apache.kafka.clients.NetworkClient   : [Producer clientId=producer-1] Node 1 disconnected.
2026-09-14T16:36:11.787+08:00  INFO 79744 --- [ecos-gateway] [ad | producer-1] org.apache.kafka.clients.NetworkClient   : [Producer clientId=producer-1] Cancelled in-flight API_VERSIONS request with correlation id 32 due to node 1 being disconnected (elapsed time since creation: 5ms, elapsed time since send: 5ms, request timeout: 30000ms)
2026-09-14T16:36:12.398+08:00  INFO 79744 --- [ecos-gateway] [ntainer#1-0-C-1] org.apache.kafka.clients.NetworkClient   : [Consumer clientId=consumer-dccheng-ontology-consumer-2, groupId=dccheng-ontology-consumer] Node 1 disconnected.
2026-09-14T16:36:12.402+08:00  INFO 79744 --- [ecos-gateway] [ntainer#1-0-C-1] org.apache.kafka.clients.NetworkClient   : [Consumer clientId=consumer-dccheng-ontology-consumer-2, groupId=dccheng-ontology-consumer] Cancelled in-flight API_VERSIONS request with correlation id 2004 due to node 1 being disconnected (elapsed time since creation: 8ms, elapsed time since send: 8ms, request timeout: 30000ms)
2026-09-14T16:36:12.814+08:00  INFO 79744 --- [ecos-gateway] [ntainer#0-0-C-1] org.apache.kafka.clients.NetworkClient   : [Consumer clientId=consumer-dccheng-cognitive-group-1, groupId=dccheng-cognitive-group] Node 1 disconnected.
2026-09-14T16:36:12.817+08:00  INFO 79744 --- [ecos-gateway] [ntainer#0-0-C-1] org.apache.kafka.clients.NetworkClient   : [Consumer clientId=consumer-dccheng-cognitive-group-1, groupId=dccheng-cognitive-group] Cancelled in-flight API_VERSIONS request with correlation id 2005 due to node 1 being disconnected (elapsed time since creation: 5ms, elapsed time since send: 5ms, request timeout: 30000ms)
2026-09-14T16:36:12.846+08:00  INFO 79744 --- [ecos-gateway] [ad | producer-1] org.apache.kafka.clients.NetworkClient   : [Producer clientId=producer-1] Node 1 disconnected.
2026-09-14T16:36:12.849+08:00  INFO 79744 --- [ecos-gateway] [ad | producer-1] org.apache.kafka.clients.NetworkClient   : [Producer clientId=producer-1] Cancelled in-flight API_VERSIONS request with correlation id 33 due to node 1 being disconnected (elapsed time since creation: 8ms, elapsed time since send: 8ms, request timeout: 30000ms)
2026-09-14T16:36:13.266+08:00  INFO 79744 --- [ecos-gateway] [ntainer#1-0-C-1] org.apache.kafka.clients.NetworkClient   : [Consumer clientId=consumer-dccheng-ontology-consumer-2, groupId=dccheng-ontology-consumer] Node 1 disconnected.
2026-09-14T16:36:13.269+08:00  INFO 79744 --- [ecos-gateway] [ntainer#1-0-C-1] org.apache.kafka.clients.NetworkClient   : [Consumer clientId=consumer-dccheng-ontology-consumer-2, groupId=dccheng-ontology-consumer] Cancelled in-flight API_VERSIONS request with correlation id 2005 due to node 1 being disconnected (elapsed time since creation: 4ms, elapsed time since send: 4ms, request timeout: 30000ms)
2026-09-14T16:36:13.711+08:00  INFO 79744 --- [ecos-gateway] [ad | producer-1] org.apache.kafka.clients.NetworkClient   : [Producer clientId=producer-1] Node 1 disconnected.
2026-09-14T16:36:13.714+08:00  INFO 79744 --- [ecos-gateway] [ad | producer-1] org.apache.kafka.clients.NetworkClient   : [Producer clientId=producer-1] Cancelled in-flight API_VERSIONS request with correlation id 34 due to node 1 being disconnected (elapsed time since creation: 4ms, elapsed time since send: 4ms, request timeout: 30000ms)
2026-09-14T16:36:13.746+08:00  INFO 79744 --- [ecos-gateway] [ntainer#0-0-C-1] org.apache.kafka.clients.NetworkClient   : [Consumer clientId=consumer-dccheng-cognitive-group-1, groupId=dccheng-cognitive-group] Node 1 disconnected.
2026-09-14T16:36:13.748+08:00  INFO 79744 --- [ecos-gateway] [ntainer#0-0-C-1] org.apache.kafka.clients.NetworkClient   : [Consumer clientId=consumer-dccheng-cognitive-group-1, groupId=dccheng-cognitive-group] Cancelled in-flight API_VERSIONS request with correlation id 2006 due to node 1 being disconnected (elapsed time since creation: 6ms, elapsed time since send: 6ms, request timeout: 30000ms)
2026-09-14T16:36:14.454+08:00  INFO 79744 --- [ecos-gateway] [ntainer#1-0-C-1] org.apache.kafka.clients.NetworkClient   : [Consumer clientId=consumer-dccheng-ontology-consumer-2, groupId=dccheng-ontology-consumer] Node 1 disconnected.
2026-09-14T16:36:14.456+08:00  INFO 79744 --- [ecos-gateway] [ntainer#1-0-C-1] org.apache.kafka.clients.NetworkClient   : [Consumer clientId=consumer-dccheng-ontology-consumer-2, groupId=dccheng-ontology-consumer] Cancelled in-flight API_VERSIONS request with correlation id 2006 due to node 1 being disconnected (elapsed time since creation: 3ms, elapsed time since send: 3ms, request timeout: 30000ms)
2026-09-14T16:36:14.613+08:00  INFO 79744 --- [ecos-gateway] [ntainer#0-0-C-1] org.apache.kafka.clients.NetworkClient   : [Consumer clientId=consumer-dccheng-cognitive-group-1, groupId=dccheng-cognitive-group] Node 1 disconnected.
2026-09-14T16:36:14.616+08:00  INFO 79744 --- [ecos-gateway] [ntainer#0-0-C-1] org.apache.kafka.clients.NetworkClient   : [Consumer clientId=consumer-dccheng-cognitive-group-1, groupId=dccheng-cognitive-group] Cancelled in-flight API_VERSIONS request with correlation id 2007 due to node 1 being disconnected (elapsed time since creation: 2ms, elapsed time since send: 2ms, request timeout: 30000ms)
2026-09-14T16:36:14.891+08:00  INFO 79744 --- [ecos-gateway] [ad | producer-1] org.apache.kafka.clients.NetworkClient   : [Producer clientId=producer-1] Node 1 disconnected.
2026-09-14T16:36:14.894+08:00  INFO 79744 --- [ecos-gateway] [ad | producer-1] org.apache.kafka.clients.NetworkClient   : [Producer clientId=producer-1] Cancelled in-flight API_VERSIONS request with correlation id 35 due to node 1 being disconnected (elapsed time since creation: 5ms, elapsed time since send: 5ms, request timeout: 30000ms)
2026-09-14T16:36:15.522+08:00  INFO 79744 --- [ecos-gateway] [ntainer#1-0-C-1] org.apache.kafka.clients.NetworkClient   : [Consumer clientId=consumer-dccheng-ontology-consumer-2, groupId=dccheng-ontology-consumer] Node 1 disconnected.
2026-09-14T16:36:15.527+08:00  INFO 79744 --- [ecos-gateway] [ntainer#1-0-C-1] org.apache.kafka.clients.NetworkClient   : [Consumer clientId=consumer-dccheng-ontology-consumer-2, groupId=dccheng-ontology-consumer] Cancelled in-flight API_VERSIONS request with correlation id 2007 due to node 1 being disconnected (elapsed time since creation: 12ms, elapsed time since send: 12ms, request timeout: 30000ms)
2026-09-14T16:36:15.790+08:00  INFO 79744 --- [ecos-gateway] [ntainer#0-0-C-1] org.apache.kafka.clients.NetworkClient   : [Consumer clientId=consumer-dccheng-cognitive-group-1, groupId=dccheng-cognitive-group] Node 1 disconnected.
2026-09-14T16:36:15.792+08:00  INFO 79744 --- [ecos-gateway] [ntainer#0-0-C-1] org.apache.kafka.clients.NetworkClient   : [Consumer clientId=consumer-dccheng-cognitive-group-1, groupId=dccheng-cognitive-group] Cancelled in-flight API_VERSIONS request with correlation id 2008 due to node 1 being disconnected (elapsed time since creation: 3ms, elapsed time since send: 3ms, request timeout: 30000ms)
2026-09-14T16:36:16.074+08:00  INFO 79744 --- [ecos-gateway] [ad | producer-1] org.apache.kafka.clients.NetworkClient   : [Producer clientId=producer-1] Node 1 disconnected.
2026-09-14T16:36:16.076+08:00  INFO 79744 --- [ecos-gateway] [ad | producer-1] org.apache.kafka.clients.NetworkClient   : [Producer clientId=producer-1] Cancelled in-flight API_VERSIONS request with correlation id 36 due to node 1 being disconnected (elapsed time since creation: 5ms, elapsed time since send: 5ms, request timeout: 30000ms)
2026-09-14T16:36:16.384+08:00  INFO 79744 --- [ecos-gateway] [ntainer#1-0-C-1] org.apache.kafka.clients.NetworkClient   : [Consumer clientId=consumer-dccheng-ontology-consumer-2, groupId=dccheng-ontology-consumer] Node 1 disconnected.
2026-09-14T16:36:16.386+08:00  INFO 79744 --- [ecos-gateway] [ntainer#1-0-C-1] org.apache.kafka.clients.NetworkClient   : [Consumer clientId=consumer-dccheng-ontology-consumer-2, groupId=dccheng-ontology-consumer] Cancelled in-flight API_VERSIONS request with correlation id 2008 due to node 1 being disconnected (elapsed time since creation: 7ms, elapsed time since send: 7ms, request timeout: 30000ms)
2026-09-14T16:36:16.723+08:00  INFO 79744 --- [ecos-gateway] [ntainer#0-0-C-1] org.apache.kafka.clients.NetworkClient   : [Consumer clientId=consumer-dccheng-cognitive-group-1, groupId=dccheng-cognitive-group] Node 1 disconnected.
2026-09-14T16:36:16.726+08:00  INFO 79744 --- [ecos-gateway] [ntainer#0-0-C-1] org.apache.kafka.clients.NetworkClient   : [Consumer clientId=consumer-dccheng-cognitive-group-1, groupId=dccheng-cognitive-group] Cancelled in-flight API_VERSIONS request with correlation id 2009 due to node 1 being disconnected (elapsed time since creation: 4ms, elapsed time since send: 4ms, request timeout: 30000ms)
2026-09-14T16:36:17.246+08:00  INFO 79744 --- [ecos-gateway] [ad | producer-1] org.apache.kafka.clients.NetworkClient   : [Producer clientId=producer-1] Node 1 disconnected.
2026-09-14T16:36:17.248+08:00  INFO 79744 --- [ecos-gateway] [ad | producer-1] org.apache.kafka.clients.NetworkClient   : [Producer clientId=producer-1] Cancelled in-flight API_VERSIONS request with correlation id 37 due to node 1 being disconnected (elapsed time since creation: 4ms, elapsed time since send: 4ms, request timeout: 30000ms)
2026-09-14T16:36:17.611+08:00  INFO 79744 --- [ecos-gateway] [ntainer#1-0-C-1] org.apache.kafka.clients.NetworkClient   : [Consumer clientId=consumer-dccheng-ontology-consumer-2, groupId=dccheng-ontology-consumer] Node 1 disconnected.
2026-09-14T16:36:17.612+08:00  INFO 79744 --- [ecos-gateway] [ntainer#1-0-C-1] org.apache.kafka.clients.NetworkClient   : [Consumer clientId=consumer-dccheng-ontology-consumer-2, groupId=dccheng-ontology-consumer] Cancelled in-flight API_VERSIONS request with correlation id 2009 due to node 1 being disconnected (elapsed time since creation: 2ms, elapsed time since send: 2ms, request timeout: 30000ms)
2026-09-14T16:36:17.768+08:00  INFO 79744 --- [ecos-gateway] [ntainer#0-0-C-1] org.apache.kafka.clients.NetworkClient   : [Consumer clientId=consumer-dccheng-cognitive-group-1, groupId=dccheng-cognitive-group] Node 1 disconnected.
2026-09-14T16:36:17.771+08:00  INFO 79744 --- [ecos-gateway] [ntainer#0-0-C-1] org.apache.kafka.clients.NetworkClient   : [Consumer clientId=consumer-dccheng-cognitive-group-1, groupId=dccheng-cognitive-group] Cancelled in-flight API_VERSIONS request with correlation id 2010 due to node 1 being disconnected (elapsed time since creation: 4ms, elapsed time since send: 4ms, request timeout: 30000ms)
2026-09-14T16:36:18.356+08:00  INFO 79744 --- [ecos-gateway] [ad | producer-1] org.apache.kafka.clients.NetworkClient   : [Producer clientId=producer-1] Node 1 disconnected.
2026-09-14T16:36:18.359+08:00  INFO 79744 --- [ecos-gateway] [ad | producer-1] org.apache.kafka.clients.NetworkClient   : [Producer clientId=producer-1] Cancelled in-flight API_VERSIONS request with correlation id 38 due to node 1 being disconnected (elapsed time since creation: 4ms, elapsed time since send: 4ms, request timeout: 30000ms)
2026-09-14T16:36:18.798+08:00  INFO 79744 --- [ecos-gateway] [ntainer#1-0-C-1] org.apache.kafka.clients.NetworkClient   : [Consumer clientId=consumer-dccheng-ontology-consumer-2, groupId=dccheng-ontology-consumer] Node 1 disconnected.
2026-09-14T16:36:18.799+08:00  INFO 79744 --- [ecos-gateway] [ntainer#1-0-C-1] org.apache.kafka.clients.NetworkClient   : [Consumer clientId=consumer-dccheng-ontology-consumer-2, groupId=dccheng-ontology-consumer] Cancelled in-flight API_VERSIONS request with correlation id 2010 due to node 1 being disconnected (elapsed time since creation: 5ms, elapsed time since send: 5ms, request timeout: 30000ms)
2026-09-14T16:36:18.836+08:00  INFO 79744 --- [ecos-gateway] [ntainer#0-0-C-1] org.apache.kafka.clients.NetworkClient   : [Consumer clientId=consumer-dccheng-cognitive-group-1, groupId=dccheng-cognitive-group] Node 1 disconnected.
2026-09-14T16:36:18.839+08:00  INFO 79744 --- [ecos-gateway] [ntainer#0-0-C-1] org.apache.kafka.clients.NetworkClient   : [Consumer clientId=consumer-dccheng-cognitive-group-1, groupId=dccheng-cognitive-group] Cancelled in-flight API_VERSIONS request with correlation id 2011 due to node 1 being disconnected (elapsed time since creation: 6ms, elapsed time since send: 6ms, request timeout: 30000ms)
2026-09-14T16:36:19.409+08:00  INFO 79744 --- [ecos-gateway] [ad | producer-1] org.apache.kafka.clients.NetworkClient   : [Producer clientId=producer-1] Node 1 disconnected.
2026-09-14T16:36:19.411+08:00  INFO 79744 --- [ecos-gateway] [ad | producer-1] org.apache.kafka.clients.NetworkClient   : [Producer clientId=producer-1] Cancelled in-flight API_VERSIONS request with correlation id 39 due to node 1 being disconnected (elapsed time since creation: 3ms, elapsed time since send: 3ms, request timeout: 30000ms)
2026-09-14T16:36:19.703+08:00  INFO 79744 --- [ecos-gateway] [ntainer#1-0-C-1] org.apache.kafka.clients.NetworkClient   : [Consumer clientId=consumer-dccheng-ontology-consumer-2, groupId=dccheng-ontology-consumer] Node 1 disconnected.
2026-09-14T16:36:19.705+08:00  INFO 79744 --- [ecos-gateway] [ntainer#1-0-C-1] org.apache.kafka.clients.NetworkClient   : [Consumer clientId=consumer-dccheng-ontology-consumer-2, groupId=dccheng-ontology-consumer] Cancelled in-flight API_VERSIONS request with correlation id 2011 due to node 1 being disconnected (elapsed time since creation: 3ms, elapsed time since send: 3ms, request timeout: 30000ms)
2026-09-14T16:36:19.749+08:00  INFO 79744 --- [ecos-gateway] [ntainer#0-0-C-1] org.apache.kafka.clients.NetworkClient   : [Consumer clientId=consumer-dccheng-cognitive-group-1, groupId=dccheng-cognitive-group] Node 1 disconnected.
2026-09-14T16:36:19.751+08:00  INFO 79744 --- [ecos-gateway] [ntainer#0-0-C-1] org.apache.kafka.clients.NetworkClient   : [Consumer clientId=consumer-dccheng-cognitive-group-1, groupId=dccheng-cognitive-group] Cancelled in-flight API_VERSIONS request with correlation id 2012 due to node 1 being disconnected (elapsed time since creation: 3ms, elapsed time since send: 3ms, request timeout: 30000ms)
2026-09-14T16:36:20.658+08:00  INFO 79744 --- [ecos-gateway] [ad | producer-1] org.apache.kafka.clients.NetworkClient   : [Producer clientId=producer-1] Node 1 disconnected.
2026-09-14T16:36:20.661+08:00  INFO 79744 --- [ecos-gateway] [ad | producer-1] org.apache.kafka.clients.NetworkClient   : [Producer clientId=producer-1] Cancelled in-flight API_VERSIONS request with correlation id 40 due to node 1 being disconnected (elapsed time since creation: 6ms, elapsed time since send: 6ms, request timeout: 30000ms)
2026-09-14T16:36:20.670+08:00  INFO 79744 --- [ecos-gateway] [ntainer#0-0-C-1] org.apache.kafka.clients.NetworkClient   : [Consumer clientId=consumer-dccheng-cognitive-group-1, groupId=dccheng-cognitive-group] Node 1 disconnected.
2026-09-14T16:36:20.672+08:00  INFO 79744 --- [ecos-gateway] [ntainer#0-0-C-1] org.apache.kafka.clients.NetworkClient   : [Consumer clientId=consumer-dccheng-cognitive-group-1, groupId=dccheng-cognitive-group] Cancelled in-flight API_VERSIONS request with correlation id 2013 due to node 1 being disconnected (elapsed time since creation: 3ms, elapsed time since send: 3ms, request timeout: 30000ms)
2026-09-14T16:36:20.746+08:00  INFO 79744 --- [ecos-gateway] [ntainer#1-0-C-1] org.apache.kafka.clients.NetworkClient   : [Consumer clientId=consumer-dccheng-ontology-consumer-2, groupId=dccheng-ontology-consumer] Node 1 disconnected.
2026-09-14T16:36:20.749+08:00  INFO 79744 --- [ecos-gateway] [ntainer#1-0-C-1] org.apache.kafka.clients.NetworkClient   : [Consumer clientId=consumer-dccheng-ontology-consumer-2, groupId=dccheng-ontology-consumer] Cancelled in-flight API_VERSIONS request with correlation id 2012 due to node 1 being disconnected (elapsed time since creation: 3ms, elapsed time since send: 3ms, request timeout: 30000ms)
2026-09-14T16:36:21.588+08:00  INFO 79744 --- [ecos-gateway] [ad | producer-1] org.apache.kafka.clients.NetworkClient   : [Producer clientId=producer-1] Node 1 disconnected.
2026-09-14T16:36:21.590+08:00  INFO 79744 --- [ecos-gateway] [ad | producer-1] org.apache.kafka.clients.NetworkClient   : [Producer clientId=producer-1] Cancelled in-flight API_VERSIONS request with correlation id 41 due to node 1 being disconnected (elapsed time since creation: 7ms, elapsed time since send: 7ms, request timeout: 30000ms)
2026-09-14T16:36:21.611+08:00  INFO 79744 --- [ecos-gateway] [ntainer#0-0-C-1] org.apache.kafka.clients.NetworkClient   : [Consumer clientId=consumer-dccheng-cognitive-group-1, groupId=dccheng-cognitive-group] Node 1 disconnected.
2026-09-14T16:36:21.613+08:00  INFO 79744 --- [ecos-gateway] [ntainer#0-0-C-1] org.apache.kafka.clients.NetworkClient   : [Consumer clientId=consumer-dccheng-cognitive-group-1, groupId=dccheng-cognitive-group] Cancelled in-flight API_VERSIONS request with correlation id 2014 due to node 1 being disconnected (elapsed time since creation: 8ms, elapsed time since send: 8ms, request timeout: 30000ms)
2026-09-14T16:36:21.930+08:00  INFO 79744 --- [ecos-gateway] [ntainer#1-0-C-1] org.apache.kafka.clients.NetworkClient   : [Consumer clientId=consumer-dccheng-ontology-consumer-2, groupId=dccheng-ontology-consumer] Node 1 disconnected.
2026-09-14T16:36:21.932+08:00  INFO 79744 --- [ecos-gateway] [ntainer#1-0-C-1] org.apache.kafka.clients.NetworkClient   : [Consumer clientId=consumer-dccheng-ontology-consumer-2, groupId=dccheng-ontology-consumer] Cancelled in-flight API_VERSIONS request with correlation id 2013 due to node 1 being disconnected (elapsed time since creation: 6ms, elapsed time since send: 6ms, request timeout: 30000ms)
2026-09-14T16:36:22.519+08:00  INFO 79744 --- [ecos-gateway] [ad | producer-1] org.apache.kafka.clients.NetworkClient   : [Producer clientId=producer-1] Node 1 disconnected.
2026-09-14T16:36:22.521+08:00  INFO 79744 --- [ecos-gateway] [ad | producer-1] org.apache.kafka.clients.NetworkClient   : [Producer clientId=producer-1] Cancelled in-flight API_VERSIONS request with correlation id 42 due to node 1 being disconnected (elapsed time since creation: 3ms, elapsed time since send: 3ms, request timeout: 30000ms)
2026-09-14T16:36:22.718+08:00  INFO 79744 --- [ecos-gateway] [ntainer#0-0-C-1] org.apache.kafka.clients.NetworkClient   : [Consumer clientId=consumer-dccheng-cognitive-group-1, groupId=dccheng-cognitive-group] Node 1 disconnected.
2026-09-14T16:36:22.721+08:00  INFO 79744 --- [ecos-gateway] [ntainer#0-0-C-1] org.apache.kafka.clients.NetworkClient   : [Consumer clientId=consumer-dccheng-cognitive-group-1, groupId=dccheng-cognitive-group] Cancelled in-flight API_VERSIONS request with correlation id 2015 due to node 1 being disconnected (elapsed time since creation: 3ms, elapsed time since send: 3ms, request timeout: 30000ms)
2026-09-14T16:36:22.980+08:00  INFO 79744 --- [ecos-gateway] [ntainer#1-0-C-1] org.apache.kafka.clients.NetworkClient   : [Consumer clientId=consumer-dccheng-ontology-consumer-2, groupId=dccheng-ontology-consumer] Node 1 disconnected.
2026-09-14T16:36:22.981+08:00  INFO 79744 --- [ecos-gateway] [ntainer#1-0-C-1] org.apache.kafka.clients.NetworkClient   : [Consumer clientId=consumer-dccheng-ontology-consumer-2, groupId=dccheng-ontology-consumer] Cancelled in-flight API_VERSIONS request with correlation id 2014 due to node 1 being disconnected (elapsed time since creation: 5ms, elapsed time since send: 5ms, request timeout: 30000ms)
2026-09-14T16:36:23.759+08:00  INFO 79744 --- [ecos-gateway] [ad | producer-1] org.apache.kafka.clients.NetworkClient   : [Producer clientId=producer-1] Node 1 disconnected.
2026-09-14T16:36:23.760+08:00  INFO 79744 --- [ecos-gateway] [ad | producer-1] org.apache.kafka.clients.NetworkClient   : [Producer clientId=producer-1] Cancelled in-flight API_VERSIONS request with correlation id 43 due to node 1 being disconnected (elapsed time since creation: 2ms, elapsed time since send: 2ms, request timeout: 30000ms)
2026-09-14T16:36:23.760+08:00  INFO 79744 --- [ecos-gateway] [ntainer#0-0-C-1] org.apache.kafka.clients.NetworkClient   : [Consumer clientId=consumer-dccheng-cognitive-group-1, groupId=dccheng-cognitive-group] Node 1 disconnected.
2026-09-14T16:36:23.763+08:00  INFO 79744 --- [ecos-gateway] [ntainer#0-0-C-1] org.apache.kafka.clients.NetworkClient   : [Consumer clientId=consumer-dccheng-cognitive-group-1, groupId=dccheng-cognitive-group] Cancelled in-flight API_VERSIONS request with correlation id 2016 due to node 1 being disconnected (elapsed time since creation: 4ms, elapsed time since send: 4ms, request timeout: 30000ms)
2026-09-14T16:36:23.899+08:00  INFO 79744 --- [ecos-gateway] [ntainer#1-0-C-1] org.apache.kafka.clients.NetworkClient   : [Consumer clientId=consumer-dccheng-ontology-consumer-2, groupId=dccheng-ontology-consumer] Node 1 disconnected.
2026-09-14T16:36:23.901+08:00  INFO 79744 --- [ecos-gateway] [ntainer#1-0-C-1] org.apache.kafka.clients.NetworkClient   : [Consumer clientId=consumer-dccheng-ontology-consumer-2, groupId=dccheng-ontology-consumer] Cancelled in-flight API_VERSIONS request with correlation id 2015 due to node 1 being disconnected (elapsed time since creation: 4ms, elapsed time since send: 4ms, request timeout: 30000ms)
2026-09-14T16:36:24.680+08:00  INFO 79744 --- [ecos-gateway] [ad | producer-1] org.apache.kafka.clients.NetworkClient   : [Producer clientId=producer-1] Node 1 disconnected.
2026-09-14T16:36:24.683+08:00  INFO 79744 --- [ecos-gateway] [ad | producer-1] org.apache.kafka.clients.NetworkClient   : [Producer clientId=producer-1] Cancelled in-flight API_VERSIONS request with correlation id 44 due to node 1 being disconnected (elapsed time since creation: 3ms, elapsed time since send: 3ms, request timeout: 30000ms)
2026-09-14T16:36:24.697+08:00  INFO 79744 --- [ecos-gateway] [ntainer#0-0-C-1] org.apache.kafka.clients.NetworkClient   : [Consumer clientId=consumer-dccheng-cognitive-group-1, groupId=dccheng-cognitive-group] Node 1 disconnected.
2026-09-14T16:36:24.699+08:00  INFO 79744 --- [ecos-gateway] [ntainer#0-0-C-1] org.apache.kafka.clients.NetworkClient   : [Consumer clientId=consumer-dccheng-cognitive-group-1, groupId=dccheng-cognitive-group] Cancelled in-flight API_VERSIONS request with correlation id 2017 due to node 1 being disconnected (elapsed time since creation: 4ms, elapsed time since send: 4ms, request timeout: 30000ms)
2026-09-14T16:36:25.021+08:00  INFO 79744 --- [ecos-gateway] [ntainer#1-0-C-1] org.apache.kafka.clients.NetworkClient   : [Consumer clientId=consumer-dccheng-ontology-consumer-2, groupId=dccheng-ontology-consumer] Node 1 disconnected.
2026-09-14T16:36:25.023+08:00  INFO 79744 --- [ecos-gateway] [ntainer#1-0-C-1] org.apache.kafka.clients.NetworkClient   : [Consumer clientId=consumer-dccheng-ontology-consumer-2, groupId=dccheng-ontology-consumer] Cancelled in-flight API_VERSIONS request with correlation id 2016 due to node 1 being disconnected (elapsed time since creation: 3ms, elapsed time since send: 3ms, request timeout: 30000ms)
2026-09-14T16:36:25.750+08:00  INFO 79744 --- [ecos-gateway] [ntainer#0-0-C-1] org.apache.kafka.clients.NetworkClient   : [Consumer clientId=consumer-dccheng-cognitive-group-1, groupId=dccheng-cognitive-group] Node 1 disconnected.
2026-09-14T16:36:25.753+08:00  INFO 79744 --- [ecos-gateway] [ntainer#0-0-C-1] org.apache.kafka.clients.NetworkClient   : [Consumer clientId=consumer-dccheng-cognitive-group-1, groupId=dccheng-cognitive-group] Cancelled in-flight API_VERSIONS request with correlation id 2018 due to node 1 being disconnected (elapsed time since creation: 2ms, elapsed time since send: 2ms, request timeout: 30000ms)
2026-09-14T16:36:25.800+08:00  INFO 79744 --- [ecos-gateway] [ad | producer-1] org.apache.kafka.clients.NetworkClient   : [Producer clientId=producer-1] Node 1 disconnected.
2026-09-14T16:36:25.802+08:00  INFO 79744 --- [ecos-gateway] [ad | producer-1] org.apache.kafka.clients.NetworkClient   : [Producer clientId=producer-1] Cancelled in-flight API_VERSIONS request with correlation id 45 due to node 1 being disconnected (elapsed time since creation: 3ms, elapsed time since send: 3ms, request timeout: 30000ms)
2026-09-14T16:36:26.014+08:00  INFO 79744 --- [ecos-gateway] [ntainer#1-0-C-1] org.apache.kafka.clients.NetworkClient   : [Consumer clientId=consumer-dccheng-ontology-consumer-2, groupId=dccheng-ontology-consumer] Node 1 disconnected.
2026-09-14T16:36:26.016+08:00  INFO 79744 --- [ecos-gateway] [ntainer#1-0-C-1] org.apache.kafka.clients.NetworkClient   : [Consumer clientId=consumer-dccheng-ontology-consumer-2, groupId=dccheng-ontology-consumer] Cancelled in-flight API_VERSIONS request with correlation id 2017 due to node 1 being disconnected (elapsed time since creation: 2ms, elapsed time since send: 2ms, request timeout: 30000ms)
2026-09-14T16:36:26.918+08:00  INFO 79744 --- [ecos-gateway] [ad | producer-1] org.apache.kafka.clients.NetworkClient   : [Producer clientId=producer-1] Node 1 disconnected.
2026-09-14T16:36:26.920+08:00  INFO 79744 --- [ecos-gateway] [ad | producer-1] org.apache.kafka.clients.NetworkClient   : [Producer clientId=producer-1] Cancelled in-flight API_VERSIONS request with correlation id 46 due to node 1 being disconnected (elapsed time since creation: 4ms, elapsed time since send: 4ms, request timeout: 30000ms)
2026-09-14T16:36:26.922+08:00  INFO 79744 --- [ecos-gateway] [ntainer#0-0-C-1] org.apache.kafka.clients.NetworkClient   : [Consumer clientId=consumer-dccheng-cognitive-group-1, groupId=dccheng-cognitive-group] Node 1 disconnected.
2026-09-14T16:36:26.924+08:00  INFO 79744 --- [ecos-gateway] [ntainer#0-0-C-1] org.apache.kafka.clients.NetworkClient   : [Consumer clientId=consumer-dccheng-cognitive-group-1, groupId=dccheng-cognitive-group] Cancelled in-flight API_VERSIONS request with correlation id 2019 due to node 1 being disconnected (elapsed time since creation: 8ms, elapsed time since send: 8ms, request timeout: 30000ms)
2026-09-14T16:36:27.073+08:00  INFO 79744 --- [ecos-gateway] [ntainer#1-0-C-1] org.apache.kafka.clients.NetworkClient   : [Consumer clientId=consumer-dccheng-ontology-consumer-2, groupId=dccheng-ontology-consumer] Node 1 disconnected.
2026-09-14T16:36:27.075+08:00  INFO 79744 --- [ecos-gateway] [ntainer#1-0-C-1] org.apache.kafka.clients.NetworkClient   : [Consumer clientId=consumer-dccheng-ontology-consumer-2, groupId=dccheng-ontology-consumer] Cancelled in-flight API_VERSIONS request with correlation id 2018 due to node 1 being disconnected (elapsed time since creation: 4ms, elapsed time since send: 4ms, request timeout: 30000ms)
2026-09-14T16:36:27.786+08:00  INFO 79744 --- [ecos-gateway] [ad | producer-1] org.apache.kafka.clients.NetworkClient   : [Producer clientId=producer-1] Node 1 disconnected.
2026-09-14T16:36:27.788+08:00  INFO 79744 --- [ecos-gateway] [ad | producer-1] org.apache.kafka.clients.NetworkClient   : [Producer clientId=producer-1] Cancelled in-flight API_VERSIONS request with correlation id 47 due to node 1 being disconnected (elapsed time since creation: 3ms, elapsed time since send: 3ms, request timeout: 30000ms)
2026-09-14T16:36:27.848+08:00  INFO 79744 --- [ecos-gateway] [ntainer#0-0-C-1] org.apache.kafka.clients.NetworkClient   : [Consumer clientId=consumer-dccheng-cognitive-group-1, groupId=dccheng-cognitive-group] Node 1 disconnected.
2026-09-14T16:36:27.851+08:00  INFO 79744 --- [ecos-gateway] [ntainer#0-0-C-1] org.apache.kafka.clients.NetworkClient   : [Consumer clientId=consumer-dccheng-cognitive-group-1, groupId=dccheng-cognitive-group] Cancelled in-flight API_VERSIONS request with correlation id 2020 due to node 1 being disconnected (elapsed time since creation: 4ms, elapsed time since send: 4ms, request timeout: 30000ms)
2026-09-14T16:36:28.121+08:00  INFO 79744 --- [ecos-gateway] [ntainer#1-0-C-1] org.apache.kafka.clients.NetworkClient   : [Consumer clientId=consumer-dccheng-ontology-consumer-2, groupId=dccheng-ontology-consumer] Node 1 disconnected.
2026-09-14T16:36:28.122+08:00  INFO 79744 --- [ecos-gateway] [ntainer#1-0-C-1] org.apache.kafka.clients.NetworkClient   : [Consumer clientId=consumer-dccheng-ontology-consumer-2, groupId=dccheng-ontology-consumer] Cancelled in-flight API_VERSIONS request with correlation id 2019 due to node 1 being disconnected (elapsed time since creation: 3ms, elapsed time since send: 3ms, request timeout: 30000ms)
2026-09-14T16:36:28.705+08:00  INFO 79744 --- [ecos-gateway] [ad | producer-1] org.apache.kafka.clients.NetworkClient   : [Producer clientId=producer-1] Node 1 disconnected.
2026-09-14T16:36:28.707+08:00  INFO 79744 --- [ecos-gateway] [ad | producer-1] org.apache.kafka.clients.NetworkClient   : [Producer clientId=producer-1] Cancelled in-flight API_VERSIONS request with correlation id 48 due to node 1 being disconnected (elapsed time since creation: 3ms, elapsed time since send: 3ms, request timeout: 30000ms)
2026-09-14T16:36:28.893+08:00  INFO 79744 --- [ecos-gateway] [ntainer#0-0-C-1] org.apache.kafka.clients.NetworkClient   : [Consumer clientId=consumer-dccheng-cognitive-group-1, groupId=dccheng-cognitive-group] Node 1 disconnected.
2026-09-14T16:36:28.895+08:00  INFO 79744 --- [ecos-gateway] [ntainer#0-0-C-1] org.apache.kafka.clients.NetworkClient   : [Consumer clientId=consumer-dccheng-cognitive-group-1, groupId=dccheng-cognitive-group] Cancelled in-flight API_VERSIONS request with correlation id 2021 due to node 1 being disconnected (elapsed time since creation: 2ms, elapsed time since send: 2ms, request timeout: 30000ms)
2026-09-14T16:36:29.100+08:00  INFO 79744 --- [ecos-gateway] [ntainer#1-0-C-1] org.apache.kafka.clients.NetworkClient   : [Consumer clientId=consumer-dccheng-ontology-consumer-2, groupId=dccheng-ontology-consumer] Node 1 disconnected.
2026-09-14T16:36:29.101+08:00  INFO 79744 --- [ecos-gateway] [ntainer#1-0-C-1] org.apache.kafka.clients.NetworkClient   : [Consumer clientId=consumer-dccheng-ontology-consumer-2, groupId=dccheng-ontology-consumer] Cancelled in-flight API_VERSIONS request with correlation id 2020 due to node 1 being disconnected (elapsed time since creation: 3ms, elapsed time since send: 3ms, request timeout: 30000ms)
2026-09-14T16:36:29.771+08:00  INFO 79744 --- [ecos-gateway] [ntainer#0-0-C-1] org.apache.kafka.clients.NetworkClient   : [Consumer clientId=consumer-dccheng-cognitive-group-1, groupId=dccheng-cognitive-group] Node 1 disconnected.
2026-09-14T16:36:29.774+08:00  INFO 79744 --- [ecos-gateway] [ntainer#0-0-C-1] org.apache.kafka.clients.NetworkClient   : [Consumer clientId=consumer-dccheng-cognitive-group-1, groupId=dccheng-cognitive-group] Cancelled in-flight API_VERSIONS request with correlation id 2022 due to node 1 being disconnected (elapsed time since creation: 5ms, elapsed time since send: 5ms, request timeout: 30000ms)
2026-09-14T16:36:29.871+08:00  INFO 79744 --- [ecos-gateway] [ad | producer-1] org.apache.kafka.clients.NetworkClient   : [Producer clientId=producer-1] Node 1 disconnected.
2026-09-14T16:36:29.873+08:00  INFO 79744 --- [ecos-gateway] [ad | producer-1] org.apache.kafka.clients.NetworkClient   : [Producer clientId=producer-1] Cancelled in-flight API_VERSIONS request with correlation id 49 due to node 1 being disconnected (elapsed time since creation: 2ms, elapsed time since send: 2ms, request timeout: 30000ms)
2026-09-14T16:36:30.022+08:00  INFO 79744 --- [ecos-gateway] [ntainer#1-0-C-1] org.apache.kafka.clients.NetworkClient   : [Consumer clientId=consumer-dccheng-ontology-consumer-2, groupId=dccheng-ontology-consumer] Node 1 disconnected.
2026-09-14T16:36:30.025+08:00  INFO 79744 --- [ecos-gateway] [ntainer#1-0-C-1] org.apache.kafka.clients.NetworkClient   : [Consumer clientId=consumer-dccheng-ontology-consumer-2, groupId=dccheng-ontology-consumer] Cancelled in-flight API_VERSIONS request with correlation id 2021 due to node 1 being disconnected (elapsed time since creation: 1ms, elapsed time since send: 1ms, request timeout: 30000ms)
2026-09-14T16:36:30.632+08:00  INFO 79744 --- [ecos-gateway] [ntainer#0-0-C-1] org.apache.kafka.clients.NetworkClient   : [Consumer clientId=consumer-dccheng-cognitive-group-1, groupId=dccheng-cognitive-group] Node 1 disconnected.
2026-09-14T16:36:30.636+08:00  INFO 79744 --- [ecos-gateway] [ntainer#0-0-C-1] org.apache.kafka.clients.NetworkClient   : [Consumer clientId=consumer-dccheng-cognitive-group-1, groupId=dccheng-cognitive-group] Cancelled in-flight API_VERSIONS request with correlation id 2023 due to node 1 being disconnected (elapsed time since creation: 2ms, elapsed time since send: 2ms, request timeout: 30000ms)
2026-09-14T16:36:30.932+08:00  INFO 79744 --- [ecos-gateway] [ad | producer-1] org.apache.kafka.clients.NetworkClient   : [Producer clientId=producer-1] Node 1 disconnected.
2026-09-14T16:36:30.934+08:00  INFO 79744 --- [ecos-gateway] [ad | producer-1] org.apache.kafka.clients.NetworkClient   : [Producer clientId=producer-1] Cancelled in-flight API_VERSIONS request with correlation id 50 due to node 1 being disconnected (elapsed time since creation: 4ms, elapsed time since send: 4ms, request timeout: 30000ms)
2026-09-14T16:36:31.131+08:00  INFO 79744 --- [ecos-gateway] [ntainer#1-0-C-1] org.apache.kafka.clients.NetworkClient   : [Consumer clientId=consumer-dccheng-ontology-consumer-2, groupId=dccheng-ontology-consumer] Node 1 disconnected.
2026-09-14T16:36:31.133+08:00  INFO 79744 --- [ecos-gateway] [ntainer#1-0-C-1] org.apache.kafka.clients.NetworkClient   : [Consumer clientId=consumer-dccheng-ontology-consumer-2, groupId=dccheng-ontology-consumer] Cancelled in-flight API_VERSIONS request with correlation id 2022 due to node 1 being disconnected (elapsed time since creation: 4ms, elapsed time since send: 4ms, request timeout: 30000ms)
2026-09-14T16:36:31.817+08:00  INFO 79744 --- [ecos-gateway] [ntainer#0-0-C-1] org.apache.kafka.clients.NetworkClient   : [Consumer clientId=consumer-dccheng-cognitive-group-1, groupId=dccheng-cognitive-group] Node 1 disconnected.
2026-09-14T16:36:31.819+08:00  INFO 79744 --- [ecos-gateway] [ntainer#0-0-C-1] org.apache.kafka.clients.NetworkClient   : [Consumer clientId=consumer-dccheng-cognitive-group-1, groupId=dccheng-cognitive-group] Cancelled in-flight API_VERSIONS request with correlation id 2024 due to node 1 being disconnected (elapsed time since creation: 3ms, elapsed time since send: 3ms, request timeout: 30000ms)
2026-09-14T16:36:31.862+08:00  INFO 79744 --- [ecos-gateway] [ad | producer-1] org.apache.kafka.clients.NetworkClient   : [Producer clientId=producer-1] Node 1 disconnected.
2026-09-14T16:36:31.864+08:00  INFO 79744 --- [ecos-gateway] [ad | producer-1] org.apache.kafka.clients.NetworkClient   : [Producer clientId=producer-1] Cancelled in-flight API_VERSIONS request with correlation id 51 due to node 1 being disconnected (elapsed time since creation: 3ms, elapsed time since send: 3ms, request timeout: 30000ms)
2026-09-14T16:36:32.071+08:00  INFO 79744 --- [ecos-gateway] [ntainer#1-0-C-1] org.apache.kafka.clients.NetworkClient   : [Consumer clientId=consumer-dccheng-ontology-consumer-2, groupId=dccheng-ontology-consumer] Node 1 disconnected.
2026-09-14T16:36:32.074+08:00  INFO 79744 --- [ecos-gateway] [ntainer#1-0-C-1] org.apache.kafka.clients.NetworkClient   : [Consumer clientId=consumer-dccheng-ontology-consumer-2, groupId=dccheng-ontology-consumer] Cancelled in-flight API_VERSIONS request with correlation id 2023 due to node 1 being disconnected (elapsed time since creation: 7ms, elapsed time since send: 7ms, request timeout: 30000ms)
2026-09-14T16:36:32.749+08:00  INFO 79744 --- [ecos-gateway] [ad | producer-1] org.apache.kafka.clients.NetworkClient   : [Producer clientId=producer-1] Node 1 disconnected.
2026-09-14T16:36:32.751+08:00  INFO 79744 --- [ecos-gateway] [ad | producer-1] org.apache.kafka.clients.NetworkClient   : [Producer clientId=producer-1] Cancelled in-flight API_VERSIONS request with correlation id 52 due to node 1 being disconnected (elapsed time since creation: 2ms, elapsed time since send: 2ms, request timeout: 30000ms)
2026-09-14T16:36:33.029+08:00  INFO 79744 --- [ecos-gateway] [ntainer#0-0-C-1] org.apache.kafka.clients.NetworkClient   : [Consumer clientId=consumer-dccheng-cognitive-group-1, groupId=dccheng-cognitive-group] Node 1 disconnected.
2026-09-14T16:36:33.032+08:00  INFO 79744 --- [ecos-gateway] [ntainer#0-0-C-1] org.apache.kafka.clients.NetworkClient   : [Consumer clientId=consumer-dccheng-cognitive-group-1, groupId=dccheng-cognitive-group] Cancelled in-flight API_VERSIONS request with correlation id 2025 due to node 1 being disconnected (elapsed time since creation: 6ms, elapsed time since send: 6ms, request timeout: 30000ms)
2026-09-14T16:36:33.182+08:00  INFO 79744 --- [ecos-gateway] [ntainer#1-0-C-1] org.apache.kafka.clients.NetworkClient   : [Consumer clientId=consumer-dccheng-ontology-consumer-2, groupId=dccheng-ontology-consumer] Node 1 disconnected.
2026-09-14T16:36:33.184+08:00  INFO 79744 --- [ecos-gateway] [ntainer#1-0-C-1] org.apache.kafka.clients.NetworkClient   : [Consumer clientId=consumer-dccheng-ontology-consumer-2, groupId=dccheng-ontology-consumer] Cancelled in-flight API_VERSIONS request with correlation id 2024 due to node 1 being disconnected (elapsed time since creation: 4ms, elapsed time since send: 4ms, request timeout: 30000ms)
2026-09-14T16:36:33.929+08:00  INFO 79744 --- [ecos-gateway] [ad | producer-1] org.apache.kafka.clients.NetworkClient   : [Producer clientId=producer-1] Node 1 disconnected.
2026-09-14T16:36:33.932+08:00  INFO 79744 --- [ecos-gateway] [ad | producer-1] org.apache.kafka.clients.NetworkClient   : [Producer clientId=producer-1] Cancelled in-flight API_VERSIONS request with correlation id 53 due to node 1 being disconnected (elapsed time since creation: 7ms, elapsed time since send: 7ms, request timeout: 30000ms)
2026-09-14T16:36:34.036+08:00  INFO 79744 --- [ecos-gateway] [ntainer#0-0-C-1] org.apache.kafka.clients.NetworkClient   : [Consumer clientId=consumer-dccheng-cognitive-group-1, groupId=dccheng-cognitive-group] Node 1 disconnected.
2026-09-14T16:36:34.038+08:00  INFO 79744 --- [ecos-gateway] [ntainer#0-0-C-1] org.apache.kafka.clients.NetworkClient   : [Consumer clientId=consumer-dccheng-cognitive-group-1, groupId=dccheng-cognitive-group] Cancelled in-flight API_VERSIONS request with correlation id 2026 due to node 1 being disconnected (elapsed time since creation: 5ms, elapsed time since send: 5ms, request timeout: 30000ms)
2026-09-14T16:36:34.172+08:00  INFO 79744 --- [ecos-gateway] [ntainer#1-0-C-1] org.apache.kafka.clients.NetworkClient   : [Consumer clientId=consumer-dccheng-ontology-consumer-2, groupId=dccheng-ontology-consumer] Node 1 disconnected.
2026-09-14T16:36:34.174+08:00  INFO 79744 --- [ecos-gateway] [ntainer#1-0-C-1] org.apache.kafka.clients.NetworkClient   : [Consumer clientId=consumer-dccheng-ontology-consumer-2, groupId=dccheng-ontology-consumer] Cancelled in-flight API_VERSIONS request with correlation id 2025 due to node 1 being disconnected (elapsed time since creation: 4ms, elapsed time since send: 4ms, request timeout: 30000ms)
2026-09-14T16:36:34.850+08:00  INFO 79744 --- [ecos-gateway] [ad | producer-1] org.apache.kafka.clients.NetworkClient   : [Producer clientId=producer-1] Node 1 disconnected.
2026-09-14T16:36:34.852+08:00  INFO 79744 --- [ecos-gateway] [ad | producer-1] org.apache.kafka.clients.NetworkClient   : [Producer clientId=producer-1] Cancelled in-flight API_VERSIONS request with correlation id 54 due to node 1 being disconnected (elapsed time since creation: 4ms, elapsed time since send: 4ms, request timeout: 30000ms)
2026-09-14T16:36:35.082+08:00  INFO 79744 --- [ecos-gateway] [ntainer#0-0-C-1] org.apache.kafka.clients.NetworkClient   : [Consumer clientId=consumer-dccheng-cognitive-group-1, groupId=dccheng-cognitive-group] Node 1 disconnected.
2026-09-14T16:36:35.083+08:00  INFO 79744 --- [ecos-gateway] [ntainer#0-0-C-1] org.apache.kafka.clients.NetworkClient   : [Consumer clientId=consumer-dccheng-cognitive-group-1, groupId=dccheng-cognitive-group] Cancelled in-flight API_VERSIONS request with correlation id 2027 due to node 1 being disconnected (elapsed time since creation: 3ms, elapsed time since send: 3ms, request timeout: 30000ms)
2026-09-14T16:36:35.097+08:00  INFO 79744 --- [ecos-gateway] [ntainer#1-0-C-1] org.apache.kafka.clients.NetworkClient   : [Consumer clientId=consumer-dccheng-ontology-consumer-2, groupId=dccheng-ontology-consumer] Node 1 disconnected.
2026-09-14T16:36:35.098+08:00  INFO 79744 --- [ecos-gateway] [ntainer#1-0-C-1] org.apache.kafka.clients.NetworkClient   : [Consumer clientId=consumer-dccheng-ontology-consumer-2, groupId=dccheng-ontology-consumer] Cancelled in-flight API_VERSIONS request with correlation id 2026 due to node 1 being disconnected (elapsed time since creation: 3ms, elapsed time since send: 3ms, request timeout: 30000ms)
2026-09-14T16:36:35.761+08:00  INFO 79744 --- [ecos-gateway] [ad | producer-1] org.apache.kafka.clients.NetworkClient   : [Producer clientId=producer-1] Node 1 disconnected.
2026-09-14T16:36:35.764+08:00  INFO 79744 --- [ecos-gateway] [ad | producer-1] org.apache.kafka.clients.NetworkClient   : [Producer clientId=producer-1] Cancelled in-flight API_VERSIONS request with correlation id 55 due to node 1 being disconnected (elapsed time since creation: 2ms, elapsed time since send: 2ms, request timeout: 30000ms)
2026-09-14T16:36:36.277+08:00  INFO 79744 --- [ecos-gateway] [ntainer#1-0-C-1] org.apache.kafka.clients.NetworkClient   : [Consumer clientId=consumer-dccheng-ontology-consumer-2, groupId=dccheng-ontology-consumer] Node 1 disconnected.
2026-09-14T16:36:36.278+08:00  INFO 79744 --- [ecos-gateway] [ntainer#1-0-C-1] org.apache.kafka.clients.NetworkClient   : [Consumer clientId=consumer-dccheng-ontology-consumer-2, groupId=dccheng-ontology-consumer] Cancelled in-flight API_VERSIONS request with correlation id 2027 due to node 1 being disconnected (elapsed time since creation: 2ms, elapsed time since send: 2ms, request timeout: 30000ms)
2026-09-14T16:36:36.324+08:00  INFO 79744 --- [ecos-gateway] [ntainer#0-0-C-1] org.apache.kafka.clients.NetworkClient   : [Consumer clientId=consumer-dccheng-cognitive-group-1, groupId=dccheng-cognitive-group] Node 1 disconnected.
2026-09-14T16:36:36.326+08:00  INFO 79744 --- [ecos-gateway] [ntainer#0-0-C-1] org.apache.kafka.clients.NetworkClient   : [Consumer clientId=consumer-dccheng-cognitive-group-1, groupId=dccheng-cognitive-group] Cancelled in-flight API_VERSIONS request with correlation id 2028 due to node 1 being disconnected (elapsed time since creation: 3ms, elapsed time since send: 3ms, request timeout: 30000ms)
2026-09-14T16:36:36.780+08:00  INFO 79744 --- [ecos-gateway] [ad | producer-1] org.apache.kafka.clients.NetworkClient   : [Producer clientId=producer-1] Node 1 disconnected.
2026-09-14T16:36:36.782+08:00  INFO 79744 --- [ecos-gateway] [ad | producer-1] org.apache.kafka.clients.NetworkClient   : [Producer clientId=producer-1] Cancelled in-flight API_VERSIONS request with correlation id 56 due to node 1 being disconnected (elapsed time since creation: 11ms, elapsed time since send: 11ms, request timeout: 30000ms)
2026-09-14T16:36:37.400+08:00  INFO 79744 --- [ecos-gateway] [ntainer#1-0-C-1] org.apache.kafka.clients.NetworkClient   : [Consumer clientId=consumer-dccheng-ontology-consumer-2, groupId=dccheng-ontology-consumer] Node 1 disconnected.
2026-09-14T16:36:37.403+08:00  INFO 79744 --- [ecos-gateway] [ntainer#1-0-C-1] org.apache.kafka.clients.NetworkClient   : [Consumer clientId=consumer-dccheng-ontology-consumer-2, groupId=dccheng-ontology-consumer] Cancelled in-flight API_VERSIONS request with correlation id 2028 due to node 1 being disconnected (elapsed time since creation: 5ms, elapsed time since send: 5ms, request timeout: 30000ms)
2026-09-14T16:36:37.447+08:00  INFO 79744 --- [ecos-gateway] [ntainer#0-0-C-1] org.apache.kafka.clients.NetworkClient   : [Consumer clientId=consumer-dccheng-cognitive-group-1, groupId=dccheng-cognitive-group] Node 1 disconnected.
2026-09-14T16:36:37.450+08:00  INFO 79744 --- [ecos-gateway] [ntainer#0-0-C-1] org.apache.kafka.clients.NetworkClient   : [Consumer clientId=consumer-dccheng-cognitive-group-1, groupId=dccheng-cognitive-group] Cancelled in-flight API_VERSIONS request with correlation id 2029 due to node 1 being disconnected (elapsed time since creation: 4ms, elapsed time since send: 4ms, request timeout: 30000ms)
2026-09-14T16:36:37.957+08:00  INFO 79744 --- [ecos-gateway] [ad | producer-1] org.apache.kafka.clients.NetworkClient   : [Producer clientId=producer-1] Node 1 disconnected.
2026-09-14T16:36:37.959+08:00  INFO 79744 --- [ecos-gateway] [ad | producer-1] org.apache.kafka.clients.NetworkClient   : [Producer clientId=producer-1] Cancelled in-flight API_VERSIONS request with correlation id 57 due to node 1 being disconnected (elapsed time since creation: 4ms, elapsed time since send: 4ms, request timeout: 30000ms)
2026-09-14T16:36:38.323+08:00  INFO 79744 --- [ecos-gateway] [ntainer#1-0-C-1] org.apache.kafka.clients.NetworkClient   : [Consumer clientId=consumer-dccheng-ontology-consumer-2, groupId=dccheng-ontology-consumer] Node 1 disconnected.
2026-09-14T16:36:38.324+08:00  INFO 79744 --- [ecos-gateway] [ntainer#1-0-C-1] org.apache.kafka.clients.NetworkClient   : [Consumer clientId=consumer-dccheng-ontology-consumer-2, groupId=dccheng-ontology-consumer] Cancelled in-flight API_VERSIONS request with correlation id 2029 due to node 1 being disconnected (elapsed time since creation: 3ms, elapsed time since send: 3ms, request timeout: 30000ms)
2026-09-14T16:36:38.435+08:00  INFO 79744 --- [ecos-gateway] [ntainer#0-0-C-1] org.apache.kafka.clients.NetworkClient   : [Consumer clientId=consumer-dccheng-cognitive-group-1, groupId=dccheng-cognitive-group] Node 1 disconnected.
2026-09-14T16:36:38.437+08:00  INFO 79744 --- [ecos-gateway] [ntainer#0-0-C-1] org.apache.kafka.clients.NetworkClient   : [Consumer clientId=consumer-dccheng-cognitive-group-1, groupId=dccheng-cognitive-group] Cancelled in-flight API_VERSIONS request with correlation id 2030 due to node 1 being disconnected (elapsed time since creation: 3ms, elapsed time since send: 3ms, request timeout: 30000ms)
2026-09-14T16:36:38.576+08:00 DEBUG 79744 --- [ecos-gateway] [essageBroker-13] c.c.g.engine.kb.service.KGWriterService  : Neo4j health OK — node count: 44
2026-09-14T16:36:39.665+08:00  WARN 79744 --- [ecos-gateway] [ntainer#0-0-C-1] org.apache.kafka.clients.NetworkClient   : [Consumer clientId=consumer-dccheng-cognitive-group-1, groupId=dccheng-cognitive-group] Error while fetching metadata with correlation id 2032 : {ecos.cognitive=LEADER_NOT_AVAILABLE}
2026-09-14T16:36:39.667+08:00  WARN 79744 --- [ecos-gateway] [ntainer#1-0-C-1] org.apache.kafka.clients.NetworkClient   : [Consumer clientId=consumer-dccheng-ontology-consumer-2, groupId=dccheng-ontology-consumer] Error while fetching metadata with correlation id 2031 : {ecos.ontology.published=LEADER_NOT_AVAILABLE}
2026-09-14T16:36:39.785+08:00  WARN 79744 --- [ecos-gateway] [ntainer#0-0-C-1] org.apache.kafka.clients.NetworkClient   : [Consumer clientId=consumer-dccheng-cognitive-group-1, groupId=dccheng-cognitive-group] Error while fetching metadata with correlation id 2034 : {ecos.cognitive=LEADER_NOT_AVAILABLE}
2026-09-14T16:36:39.802+08:00  WARN 79744 --- [ecos-gateway] [ntainer#1-0-C-1] org.apache.kafka.clients.NetworkClient   : [Consumer clientId=consumer-dccheng-ontology-consumer-2, groupId=dccheng-ontology-consumer] Error while fetching metadata with correlation id 2033 : {ecos.ontology.published=LEADER_NOT_AVAILABLE}
2026-09-14T16:36:39.919+08:00  WARN 79744 --- [ecos-gateway] [ntainer#0-0-C-1] org.apache.kafka.clients.NetworkClient   : [Consumer clientId=consumer-dccheng-cognitive-group-1, groupId=dccheng-cognitive-group] Error while fetching metadata with correlation id 2036 : {ecos.cognitive=LEADER_NOT_AVAILABLE}
2026-09-14T16:36:39.926+08:00  WARN 79744 --- [ecos-gateway] [ntainer#1-0-C-1] org.apache.kafka.clients.NetworkClient   : [Consumer clientId=consumer-dccheng-ontology-consumer-2, groupId=dccheng-ontology-consumer] Error while fetching metadata with correlation id 2035 : {ecos.ontology.published=LEADER_NOT_AVAILABLE}
2026-09-14T16:36:40.045+08:00  WARN 79744 --- [ecos-gateway] [ntainer#1-0-C-1] org.apache.kafka.clients.NetworkClient   : [Consumer clientId=consumer-dccheng-ontology-consumer-2, groupId=dccheng-ontology-consumer] Error while fetching metadata with correlation id 2037 : {ecos.ontology.published=LEADER_NOT_AVAILABLE}
2026-09-14T16:36:40.046+08:00  WARN 79744 --- [ecos-gateway] [ntainer#0-0-C-1] org.apache.kafka.clients.NetworkClient   : [Consumer clientId=consumer-dccheng-cognitive-group-1, groupId=dccheng-cognitive-group] Error while fetching metadata with correlation id 2038 : {ecos.cognitive=LEADER_NOT_AVAILABLE}
2026-09-14T16:36:40.179+08:00  WARN 79744 --- [ecos-gateway] [ntainer#1-0-C-1] org.apache.kafka.clients.NetworkClient   : [Consumer clientId=consumer-dccheng-ontology-consumer-2, groupId=dccheng-ontology-consumer] Error while fetching metadata with correlation id 2039 : {ecos.ontology.published=LEADER_NOT_AVAILABLE}
2026-09-14T16:36:40.183+08:00  WARN 79744 --- [ecos-gateway] [ntainer#0-0-C-1] org.apache.kafka.clients.NetworkClient   : [Consumer clientId=consumer-dccheng-cognitive-group-1, groupId=dccheng-cognitive-group] Error while fetching metadata with correlation id 2040 : {ecos.cognitive=LEADER_NOT_AVAILABLE}
2026-09-14T16:36:40.345+08:00  WARN 79744 --- [ecos-gateway] [ntainer#1-0-C-1] org.apache.kafka.clients.NetworkClient   : [Consumer clientId=consumer-dccheng-ontology-consumer-2, groupId=dccheng-ontology-consumer] Error while fetching metadata with correlation id 2041 : {ecos.ontology.published=LEADER_NOT_AVAILABLE}
2026-09-14T16:36:40.362+08:00  WARN 79744 --- [ecos-gateway] [ntainer#0-0-C-1] org.apache.kafka.clients.NetworkClient   : [Consumer clientId=consumer-dccheng-cognitive-group-1, groupId=dccheng-cognitive-group] Error while fetching metadata with correlation id 2042 : {ecos.cognitive=LEADER_NOT_AVAILABLE}
2026-09-14T16:36:40.473+08:00  WARN 79744 --- [ecos-gateway] [ntainer#1-0-C-1] org.apache.kafka.clients.NetworkClient   : [Consumer clientId=consumer-dccheng-ontology-consumer-2, groupId=dccheng-ontology-consumer] Error while fetching metadata with correlation id 2043 : {ecos.ontology.published=LEADER_NOT_AVAILABLE}
2026-09-14T16:36:40.499+08:00  WARN 79744 --- [ecos-gateway] [ntainer#0-0-C-1] org.apache.kafka.clients.NetworkClient   : [Consumer clientId=consumer-dccheng-cognitive-group-1, groupId=dccheng-cognitive-group] Error while fetching metadata with correlation id 2044 : {ecos.cognitive=LEADER_NOT_AVAILABLE}
2026-09-14T16:36:40.598+08:00  WARN 79744 --- [ecos-gateway] [ntainer#1-0-C-1] org.apache.kafka.clients.NetworkClient   : [Consumer clientId=consumer-dccheng-ontology-consumer-2, groupId=dccheng-ontology-consumer] Error while fetching metadata with correlation id 2045 : {ecos.ontology.published=LEADER_NOT_AVAILABLE}
2026-09-14T16:36:40.624+08:00  WARN 79744 --- [ecos-gateway] [ntainer#0-0-C-1] org.apache.kafka.clients.NetworkClient   : [Consumer clientId=consumer-dccheng-cognitive-group-1, groupId=dccheng-cognitive-group] Error while fetching metadata with correlation id 2046 : {ecos.cognitive=LEADER_NOT_AVAILABLE}
2026-09-14T16:36:40.718+08:00  WARN 79744 --- [ecos-gateway] [ntainer#1-0-C-1] org.apache.kafka.clients.NetworkClient   : [Consumer clientId=consumer-dccheng-ontology-consumer-2, groupId=dccheng-ontology-consumer] Error while fetching metadata with correlation id 2047 : {ecos.ontology.published=LEADER_NOT_AVAILABLE}
2026-09-14T16:36:40.741+08:00  INFO 79744 --- [ecos-gateway] [ntainer#0-0-C-1] org.apache.kafka.clients.Metadata        : [Consumer clientId=consumer-dccheng-cognitive-group-1, groupId=dccheng-cognitive-group] Resetting the last seen epoch of partition ecos.cognitive-0 to 0 since the associated topicId changed from null to JNb-Re16TLizm9skiMxi9w
2026-09-14T16:36:40.762+08:00  INFO 79744 --- [ecos-gateway] [ntainer#0-0-C-1] o.a.k.c.c.internals.ConsumerCoordinator  : [Consumer clientId=consumer-dccheng-cognitive-group-1, groupId=dccheng-cognitive-group] Discovered group coordinator localhost:9092 (id: 2147483646 rack: null)
2026-09-14T16:36:40.774+08:00  INFO 79744 --- [ecos-gateway] [ntainer#1-0-C-1] o.a.k.c.c.internals.ConsumerCoordinator  : [Consumer clientId=consumer-dccheng-ontology-consumer-2, groupId=dccheng-ontology-consumer] Discovered group coordinator localhost:9092 (id: 2147483646 rack: null)
2026-09-14T16:36:40.784+08:00  INFO 79744 --- [ecos-gateway] [ntainer#1-0-C-1] o.a.k.c.c.internals.ConsumerCoordinator  : [Consumer clientId=consumer-dccheng-ontology-consumer-2, groupId=dccheng-ontology-consumer] Request joining group due to: cached metadata has changed from (version2: {ecos.ontology.published=[NO_RACKS]}) at the beginning of the rebalance to (version15: {ecos.ontology.published=[]})
2026-09-14T16:36:40.789+08:00  INFO 79744 --- [ecos-gateway] [ntainer#1-0-C-1] o.a.k.c.c.internals.ConsumerCoordinator  : [Consumer clientId=consumer-dccheng-ontology-consumer-2, groupId=dccheng-ontology-consumer] Revoke previously assigned partitions ecos.ontology.published-0
2026-09-14T16:36:40.794+08:00  INFO 79744 --- [ecos-gateway] [ntainer#1-0-C-1] o.s.k.l.KafkaMessageListenerContainer    : dccheng-ontology-consumer: partitions revoked: [ecos.ontology.published-0]
2026-09-14T16:36:40.797+08:00  INFO 79744 --- [ecos-gateway] [ntainer#1-0-C-1] o.a.k.c.c.internals.ConsumerCoordinator  : [Consumer clientId=consumer-dccheng-ontology-consumer-2, groupId=dccheng-ontology-consumer] (Re-)joining group
2026-09-14T16:36:40.872+08:00  INFO 79744 --- [ecos-gateway] [ntainer#1-0-C-1] o.a.k.c.c.internals.ConsumerCoordinator  : [Consumer clientId=consumer-dccheng-ontology-consumer-2, groupId=dccheng-ontology-consumer] Attempt to heartbeat failed since coordinator localhost:9092 (id: 2147483646 rack: null) is either not started or not valid
2026-09-14T16:36:40.874+08:00  INFO 79744 --- [ecos-gateway] [ntainer#1-0-C-1] o.a.k.c.c.internals.ConsumerCoordinator  : [Consumer clientId=consumer-dccheng-ontology-consumer-2, groupId=dccheng-ontology-consumer] Group coordinator localhost:9092 (id: 2147483646 rack: null) is unavailable or invalid due to cause: error response NOT_COORDINATOR. isDisconnected: false. Rediscovery will be attempted.
2026-09-14T16:36:40.875+08:00  INFO 79744 --- [ecos-gateway] [ntainer#1-0-C-1] o.a.k.c.c.internals.ConsumerCoordinator  : [Consumer clientId=consumer-dccheng-ontology-consumer-2, groupId=dccheng-ontology-consumer] Requesting disconnect from last known coordinator localhost:9092 (id: 2147483646 rack: null)
2026-09-14T16:36:40.878+08:00  INFO 79744 --- [ecos-gateway] [ntainer#1-0-C-1] org.apache.kafka.clients.NetworkClient   : [Consumer clientId=consumer-dccheng-ontology-consumer-2, groupId=dccheng-ontology-consumer] Client requested disconnect from node 2147483646
2026-09-14T16:36:40.881+08:00  INFO 79744 --- [ecos-gateway] [ntainer#1-0-C-1] org.apache.kafka.clients.NetworkClient   : [Consumer clientId=consumer-dccheng-ontology-consumer-2, groupId=dccheng-ontology-consumer] Cancelled in-flight JOIN_GROUP request with correlation id 2052 due to node 2147483646 being disconnected (elapsed time since creation: 81ms, elapsed time since send: 68ms, request timeout: 305000ms)
2026-09-14T16:36:40.884+08:00  INFO 79744 --- [ecos-gateway] [ntainer#0-0-C-1] o.a.k.c.c.internals.ConsumerCoordinator  : [Consumer clientId=consumer-dccheng-cognitive-group-1, groupId=dccheng-cognitive-group] Attempt to heartbeat failed since coordinator localhost:9092 (id: 2147483646 rack: null) is either not started or not valid
2026-09-14T16:36:40.886+08:00  INFO 79744 --- [ecos-gateway] [ntainer#0-0-C-1] o.a.k.c.c.internals.ConsumerCoordinator  : [Consumer clientId=consumer-dccheng-cognitive-group-1, groupId=dccheng-cognitive-group] Group coordinator localhost:9092 (id: 2147483646 rack: null) is unavailable or invalid due to cause: error response NOT_COORDINATOR. isDisconnected: false. Rediscovery will be attempted.
2026-09-14T16:36:40.888+08:00  INFO 79744 --- [ecos-gateway] [ntainer#0-0-C-1] o.a.k.c.c.internals.ConsumerCoordinator  : [Consumer clientId=consumer-dccheng-cognitive-group-1, groupId=dccheng-cognitive-group] Requesting disconnect from last known coordinator localhost:9092 (id: 2147483646 rack: null)
2026-09-14T16:36:40.889+08:00  INFO 79744 --- [ecos-gateway] [ntainer#0-0-C-1] org.apache.kafka.clients.NetworkClient   : [Consumer clientId=consumer-dccheng-cognitive-group-1, groupId=dccheng-cognitive-group] Client requested disconnect from node 2147483646
2026-09-14T16:36:41.648+08:00  INFO 79744 --- [ecos-gateway] [ntainer#0-0-C-1] o.a.k.c.c.internals.ConsumerCoordinator  : [Consumer clientId=consumer-dccheng-cognitive-group-1, groupId=dccheng-cognitive-group] Discovered group coordinator localhost:9092 (id: 2147483646 rack: null)
2026-09-14T16:36:41.674+08:00  INFO 79744 --- [ecos-gateway] [ntainer#1-0-C-1] org.apache.kafka.clients.Metadata        : [Consumer clientId=consumer-dccheng-ontology-consumer-2, groupId=dccheng-ontology-consumer] Resetting the last seen epoch of partition ecos.ontology.published-0 to 0 since the associated topicId changed from null to 4HwmyTS8RPyoILLQ1CfWyQ
2026-09-14T16:36:41.685+08:00  INFO 79744 --- [ecos-gateway] [ntainer#1-0-C-1] o.a.k.c.c.internals.ConsumerCoordinator  : [Consumer clientId=consumer-dccheng-ontology-consumer-2, groupId=dccheng-ontology-consumer] Discovered group coordinator localhost:9092 (id: 2147483646 rack: null)
2026-09-14T16:36:41.691+08:00  INFO 79744 --- [ecos-gateway] [ntainer#1-0-C-1] o.a.k.c.c.internals.ConsumerCoordinator  : [Consumer clientId=consumer-dccheng-ontology-consumer-2, groupId=dccheng-ontology-consumer] Request joining group due to: rebalance failed due to 'null' (DisconnectException)
2026-09-14T16:36:41.694+08:00  INFO 79744 --- [ecos-gateway] [ntainer#1-0-C-1] o.a.k.c.c.internals.ConsumerCoordinator  : [Consumer clientId=consumer-dccheng-ontology-consumer-2, groupId=dccheng-ontology-consumer] (Re-)joining group
2026-09-14T16:36:41.823+08:00  INFO 79744 --- [ecos-gateway] [ntainer#1-0-C-1] o.a.k.c.c.internals.ConsumerCoordinator  : [Consumer clientId=consumer-dccheng-ontology-consumer-2, groupId=dccheng-ontology-consumer] Successfully joined group with generation Generation{generationId=24, memberId='consumer-dccheng-ontology-consumer-2-1836a843-6a4e-4c42-93b1-955f3cb1abc1', protocol='range'}
2026-09-14T16:36:41.824+08:00  INFO 79744 --- [ecos-gateway] [ntainer#1-0-C-1] o.a.k.c.c.internals.ConsumerCoordinator  : [Consumer clientId=consumer-dccheng-ontology-consumer-2, groupId=dccheng-ontology-consumer] Finished assignment for group at generation 24: {consumer-dccheng-ontology-consumer-2-1836a843-6a4e-4c42-93b1-955f3cb1abc1=Assignment(partitions=[ecos.ontology.published-0])}
2026-09-14T16:36:42.195+08:00  INFO 79744 --- [ecos-gateway] [ntainer#1-0-C-1] o.a.k.c.c.internals.ConsumerCoordinator  : [Consumer clientId=consumer-dccheng-ontology-consumer-2, groupId=dccheng-ontology-consumer] Successfully synced group in generation Generation{generationId=24, memberId='consumer-dccheng-ontology-consumer-2-1836a843-6a4e-4c42-93b1-955f3cb1abc1', protocol='range'}
2026-09-14T16:36:42.196+08:00  INFO 79744 --- [ecos-gateway] [ntainer#1-0-C-1] o.a.k.c.c.internals.ConsumerCoordinator  : [Consumer clientId=consumer-dccheng-ontology-consumer-2, groupId=dccheng-ontology-consumer] Notifying assignor about the new Assignment(partitions=[ecos.ontology.published-0])
2026-09-14T16:36:42.199+08:00  INFO 79744 --- [ecos-gateway] [ntainer#1-0-C-1] o.a.k.c.c.internals.ConsumerCoordinator  : [Consumer clientId=consumer-dccheng-ontology-consumer-2, groupId=dccheng-ontology-consumer] Adding newly assigned partitions: ecos.ontology.published-0
2026-09-14T16:36:42.277+08:00  INFO 79744 --- [ecos-gateway] [ntainer#1-0-C-1] o.a.k.c.c.internals.ConsumerCoordinator  : [Consumer clientId=consumer-dccheng-ontology-consumer-2, groupId=dccheng-ontology-consumer] Setting offset for partition ecos.ontology.published-0 to the committed offset FetchPosition{offset=0, offsetEpoch=Optional.empty, currentLeader=LeaderAndEpoch{leader=Optional[localhost:9092 (id: 1 rack: null)], epoch=0}}
2026-09-14T16:36:42.280+08:00  INFO 79744 --- [ecos-gateway] [ntainer#1-0-C-1] o.s.k.l.KafkaMessageListenerContainer    : dccheng-ontology-consumer: partitions assigned: [ecos.ontology.published-0]
2026-09-14T16:36:42.351+08:00  INFO 79744 --- [ecos-gateway] [ntainer#1-0-C-1] o.a.kafka.clients.FetchSessionHandler    : [Consumer clientId=consumer-dccheng-ontology-consumer-2, groupId=dccheng-ontology-consumer] Node 1 was unable to process the fetch request with (sessionId=1788356562, epoch=1): FETCH_SESSION_TOPIC_ID_ERROR.
2026-09-14T16:36:42.915+08:00  INFO 79744 --- [ecos-gateway] [pool-2-thread-2] .c.g.r.c.t.s.i.TaskManagementServiceImpl : 任务已提交: taskId=f169e154-354f-4941-b5e2-99ea59353c6f, taskName=usage-aggregation
2026-09-14T16:36:42.916+08:00  INFO 79744 --- [ecos-gateway] [pool-2-thread-2] .c.g.r.c.t.s.i.TaskManagementServiceImpl : 任务已解析: taskId=f169e154-354f-4941-b5e2-99ea59353c6f
2026-09-14T16:36:42.919+08:00 DEBUG 79744 --- [ecos-gateway] [pool-2-thread-2] c.c.g.r.c.t.c.AgentCronTaskExecutor      : AgentCronTaskExecutor.onStatusUpdate: taskId=f169e154-354f-4941-b5e2-99ea59353c6f, status=RUNNING
2026-09-14T16:36:42.920+08:00 DEBUG 79744 --- [ecos-gateway] [pool-2-thread-2] c.c.g.g.jdbc.TenantAwareJdbcTemplate     : Executing prepared SQL update
2026-09-14T16:36:42.922+08:00 DEBUG 79744 --- [ecos-gateway] [pool-2-thread-2] c.c.g.g.jdbc.TenantAwareJdbcTemplate     : Executing prepared SQL statement [INSERT INTO ecos_tenant_usage (tenant_id, usage_date, quota_type, used_count, updated_at) SELECT 'unknown' AS tenant_id, ?::date, 'API_CALLS', COUNT(*) AS used_count, NOW() FROM ecos_spans s WHERE s.created_at::date = ?::date ON CONFLICT (tenant_id, usage_date, quota_type) DO UPDATE SET used_count = EXCLUDED.used_count, updated_at = NOW()]
2026-09-14T16:36:42.934+08:00 DEBUG 79744 --- [ecos-gateway] [pool-2-thread-2] c.c.g.g.jdbc.TenantAwareJdbcTemplate     : Executing prepared SQL update
2026-09-14T16:36:42.935+08:00 DEBUG 79744 --- [ecos-gateway] [pool-2-thread-2] c.c.g.g.jdbc.TenantAwareJdbcTemplate     : Executing prepared SQL statement [INSERT INTO ecos_tenant_usage (tenant_id, usage_date, quota_type, used_count, updated_at) SELECT 'unknown' AS tenant_id, ?::date, 'TOKENS', COALESCE(SUM(total_tokens), 0) AS used_count, NOW() FROM ecos_token_usage WHERE created_at::date = ?::date ON CONFLICT (tenant_id, usage_date, quota_type) DO UPDATE SET used_count = EXCLUDED.used_count, updated_at = NOW()]
2026-09-14T16:36:42.941+08:00 DEBUG 79744 --- [ecos-gateway] [pool-2-thread-2] c.c.g.gateway.telemetry.UsageCollector   : A7 UsageCollector aggregated 1 API + 1 token usage records for 2026-09-14 on today=2026-09-14
2026-09-14T16:36:42.942+08:00 DEBUG 79744 --- [ecos-gateway] [pool-2-thread-2] c.c.g.r.c.t.c.AgentCronTaskExecutor      : AgentCronTaskExecutor.onStatusUpdate: taskId=f169e154-354f-4941-b5e2-99ea59353c6f, status=SUCCEEDED
2026-09-14T16:36:42.945+08:00  INFO 79744 --- [ecos-gateway] [pool-2-thread-2] .c.g.r.c.t.s.i.TaskManagementServiceImpl : 任务执行完成: taskId=f169e154-354f-4941-b5e2-99ea59353c6f, status=SUCCEEDED
2026-09-14T16:36:42.947+08:00  INFO 79744 --- [ecos-gateway] [pool-2-thread-2] c.c.g.r.c.t.s.TaskSchedulerServiceImpl   : 定时任务已提交执行 task=f169e154-354f-4941-b5e2-99ea59353c6f taskType=USAGE_AGGREGATION
2026-09-14T16:37:02.720+08:00 DEBUG 79744 --- [ecos-gateway] [MessageBroker-4] c.c.g.e.d.r.D.findAll                    : ==>  Preparing: SELECT * FROM td_datasource ORDER BY create_time DESC
2026-09-14T16:37:02.721+08:00 DEBUG 79744 --- [ecos-gateway] [MessageBroker-4] c.c.g.e.d.r.D.findAll                    : ==> Parameters: 
2026-09-14T16:37:02.724+08:00 DEBUG 79744 --- [ecos-gateway] [MessageBroker-4] c.c.g.e.d.r.D.findAll                    : <==      Total: 4
2026-09-14T16:37:08.566+08:00 DEBUG 79744 --- [ecos-gateway] [MessageBroker-3] c.c.g.engine.kb.service.KGWriterService  : Neo4j health OK — node count: 44
2026-09-14T16:37:38.559+08:00 DEBUG 79744 --- [ecos-gateway] [essageBroker-10] c.c.g.engine.kb.service.KGWriterService  : Neo4j health OK — node count: 44
2026-09-14T16:37:42.911+08:00  INFO 79744 --- [ecos-gateway] [pool-2-thread-2] .c.g.r.c.t.s.i.TaskManagementServiceImpl : 任务已提交: taskId=f169e154-354f-4941-b5e2-99ea59353c6f, taskName=usage-aggregation
2026-09-14T16:37:42.913+08:00  INFO 79744 --- [ecos-gateway] [pool-2-thread-2] .c.g.r.c.t.s.i.TaskManagementServiceImpl : 任务已解析: taskId=f169e154-354f-4941-b5e2-99ea59353c6f
2026-09-14T16:37:42.914+08:00 DEBUG 79744 --- [ecos-gateway] [pool-2-thread-2] c.c.g.r.c.t.c.AgentCronTaskExecutor      : AgentCronTaskExecutor.onStatusUpdate: taskId=f169e154-354f-4941-b5e2-99ea59353c6f, status=RUNNING
2026-09-14T16:37:42.915+08:00 DEBUG 79744 --- [ecos-gateway] [pool-2-thread-2] c.c.g.g.jdbc.TenantAwareJdbcTemplate     : Executing prepared SQL update
2026-09-14T16:37:42.916+08:00 DEBUG 79744 --- [ecos-gateway] [pool-2-thread-2] c.c.g.g.jdbc.TenantAwareJdbcTemplate     : Executing prepared SQL statement [INSERT INTO ecos_tenant_usage (tenant_id, usage_date, quota_type, used_count, updated_at) SELECT 'unknown' AS tenant_id, ?::date, 'API_CALLS', COUNT(*) AS used_count, NOW() FROM ecos_spans s WHERE s.created_at::date = ?::date ON CONFLICT (tenant_id, usage_date, quota_type) DO UPDATE SET used_count = EXCLUDED.used_count, updated_at = NOW()]
2026-09-14T16:37:42.922+08:00 DEBUG 79744 --- [ecos-gateway] [pool-2-thread-2] c.c.g.g.jdbc.TenantAwareJdbcTemplate     : Executing prepared SQL update
2026-09-14T16:37:42.923+08:00 DEBUG 79744 --- [ecos-gateway] [pool-2-thread-2] c.c.g.g.jdbc.TenantAwareJdbcTemplate     : Executing prepared SQL statement [INSERT INTO ecos_tenant_usage (tenant_id, usage_date, quota_type, used_count, updated_at) SELECT 'unknown' AS tenant_id, ?::date, 'TOKENS', COALESCE(SUM(total_tokens), 0) AS used_count, NOW() FROM ecos_token_usage WHERE created_at::date = ?::date ON CONFLICT (tenant_id, usage_date, quota_type) DO UPDATE SET used_count = EXCLUDED.used_count, updated_at = NOW()]
2026-09-14T16:37:42.928+08:00 DEBUG 79744 --- [ecos-gateway] [pool-2-thread-2] c.c.g.gateway.telemetry.UsageCollector   : A7 UsageCollector aggregated 1 API + 1 token usage records for 2026-09-14 on today=2026-09-14
2026-09-14T16:37:42.930+08:00 DEBUG 79744 --- [ecos-gateway] [pool-2-thread-2] c.c.g.r.c.t.c.AgentCronTaskExecutor      : AgentCronTaskExecutor.onStatusUpdate: taskId=f169e154-354f-4941-b5e2-99ea59353c6f, status=SUCCEEDED
2026-09-14T16:37:42.931+08:00  INFO 79744 --- [ecos-gateway] [pool-2-thread-2] .c.g.r.c.t.s.i.TaskManagementServiceImpl : 任务执行完成: taskId=f169e154-354f-4941-b5e2-99ea59353c6f, status=SUCCEEDED
2026-09-14T16:37:42.932+08:00  INFO 79744 --- [ecos-gateway] [pool-2-thread-2] c.c.g.r.c.t.s.TaskSchedulerServiceImpl   : 定时任务已提交执行 task=f169e154-354f-4941-b5e2-99ea59353c6f taskType=USAGE_AGGREGATION
2026-09-14T16:37:58.172+08:00  INFO 79744 --- [ecos-gateway] [pool-2-thread-1] .c.g.r.c.t.s.i.TaskManagementServiceImpl : 任务已提交: taskId=be80e6da-b008-4613-86d1-9b1d02a2c5f2, taskName=cognitive-mental-scan
2026-09-14T16:37:58.173+08:00  INFO 79744 --- [ecos-gateway] [pool-2-thread-1] .c.g.r.c.t.s.i.TaskManagementServiceImpl : 任务已解析: taskId=be80e6da-b008-4613-86d1-9b1d02a2c5f2
2026-09-14T16:37:58.174+08:00 DEBUG 79744 --- [ecos-gateway] [pool-2-thread-1] c.c.g.r.c.t.c.AgentCronTaskExecutor      : AgentCronTaskExecutor.onStatusUpdate: taskId=be80e6da-b008-4613-86d1-9b1d02a2c5f2, status=RUNNING
2026-09-14T16:37:58.175+08:00 DEBUG 79744 --- [ecos-gateway] [pool-2-thread-1] c.c.g.g.jdbc.TenantAwareJdbcTemplate     : Executing prepared SQL query
2026-09-14T16:37:58.176+08:00 DEBUG 79744 --- [ecos-gateway] [pool-2-thread-1] c.c.g.g.jdbc.TenantAwareJdbcTemplate     : Executing prepared SQL statement [SELECT id, evidence_code, tenant_scope, source_type, source_ref, blob, confidence, is_conflict, refuting_evidence_ids, effective_time, expire_time, status, create_time, update_time, create_by, update_by FROM ecos_cognitive_evidence WHERE is_deleted = 0 ORDER BY create_time DESC, id]
2026-09-14T16:37:58.189+08:00 DEBUG 79744 --- [ecos-gateway] [pool-2-thread-1] c.c.g.g.jdbc.TenantAwareJdbcTemplate     : Executing prepared SQL query
2026-09-14T16:37:58.191+08:00 DEBUG 79744 --- [ecos-gateway] [pool-2-thread-1] c.c.g.g.jdbc.TenantAwareJdbcTemplate     : Executing prepared SQL statement [SELECT id, hypothesis_code, tenant_scope, statement, domain, metric_ref, evidence_ids, is_valid, invalid_at, invalid_reason, status, create_time, update_time, create_by, update_by FROM ecos_cognitive_hypothesis WHERE is_deleted = 0 AND status = ? ORDER BY update_time DESC, id]
2026-09-14T16:37:58.199+08:00 DEBUG 79744 --- [ecos-gateway] [pool-2-thread-1] c.c.g.g.jdbc.TenantAwareJdbcTemplate     : Executing prepared SQL query
2026-09-14T16:37:58.200+08:00 DEBUG 79744 --- [ecos-gateway] [pool-2-thread-1] c.c.g.g.jdbc.TenantAwareJdbcTemplate     : Executing prepared SQL statement [SELECT id, hypothesis_code, tenant_scope, statement, domain, metric_ref, evidence_ids, is_valid, invalid_at, invalid_reason, status, create_time, update_time, create_by, update_by FROM ecos_cognitive_hypothesis WHERE is_deleted = 0 AND status = ? ORDER BY update_time DESC, id]
2026-09-14T16:37:58.210+08:00 DEBUG 79744 --- [ecos-gateway] [pool-2-thread-1] c.c.g.g.jdbc.TenantAwareJdbcTemplate     : Executing prepared SQL query
2026-09-14T16:37:58.211+08:00 DEBUG 79744 --- [ecos-gateway] [pool-2-thread-1] c.c.g.g.jdbc.TenantAwareJdbcTemplate     : Executing prepared SQL statement [SELECT id, hypothesis_code, tenant_scope, statement, domain, metric_ref, evidence_ids, is_valid, invalid_at, invalid_reason, status, create_time, update_time, create_by, update_by FROM ecos_cognitive_hypothesis WHERE is_deleted = 0 AND status = ? ORDER BY update_time DESC, id]
2026-09-14T16:37:58.218+08:00 DEBUG 79744 --- [ecos-gateway] [pool-2-thread-1] c.c.g.g.jdbc.TenantAwareJdbcTemplate     : Executing prepared SQL query
2026-09-14T16:37:58.220+08:00 DEBUG 79744 --- [ecos-gateway] [pool-2-thread-1] c.c.g.g.jdbc.TenantAwareJdbcTemplate     : Executing prepared SQL statement [SELECT id, hypothesis_code, tenant_scope, statement, domain, metric_ref, evidence_ids, is_valid, invalid_at, invalid_reason, status, create_time, update_time, create_by, update_by FROM ecos_cognitive_hypothesis WHERE is_deleted = 0 AND status = ? ORDER BY update_time DESC, id]
2026-09-14T16:37:58.230+08:00 DEBUG 79744 --- [ecos-gateway] [pool-2-thread-1] c.c.g.g.jdbc.TenantAwareJdbcTemplate     : Executing prepared SQL query
2026-09-14T16:37:58.232+08:00 DEBUG 79744 --- [ecos-gateway] [pool-2-thread-1] c.c.g.g.jdbc.TenantAwareJdbcTemplate     : Executing prepared SQL statement [SELECT id, hypothesis_code, tenant_scope, statement, domain, metric_ref, evidence_ids, is_valid, invalid_at, invalid_reason, status, create_time, update_time, create_by, update_by FROM ecos_cognitive_hypothesis WHERE is_deleted = 0 AND status = ? ORDER BY update_time DESC, id]
2026-09-14T16:37:58.239+08:00  INFO 79744 --- [ecos-gateway] [pool-2-thread-1] c.c.g.e.c.service.mental.MentalScanTask  : PMO-59 心智层补算一代完成: scanned=5 invalidated=0
2026-09-14T16:37:58.242+08:00 DEBUG 79744 --- [ecos-gateway] [pool-2-thread-1] c.c.g.r.c.t.c.AgentCronTaskExecutor      : AgentCronTaskExecutor.onStatusUpdate: taskId=be80e6da-b008-4613-86d1-9b1d02a2c5f2, status=SUCCEEDED
2026-09-14T16:37:58.244+08:00  INFO 79744 --- [ecos-gateway] [pool-2-thread-1] .c.g.r.c.t.s.i.TaskManagementServiceImpl : 任务执行完成: taskId=be80e6da-b008-4613-86d1-9b1d02a2c5f2, status=SUCCEEDED
2026-09-14T16:37:58.245+08:00  INFO 79744 --- [ecos-gateway] [pool-2-thread-1] c.c.g.r.c.t.s.TaskSchedulerServiceImpl   : 定时任务已提交执行 task=be80e6da-b008-4613-86d1-9b1d02a2c5f2 taskType=COGNITIVE_MENTAL_SCAN
2026-09-14T16:38:02.744+08:00 DEBUG 79744 --- [ecos-gateway] [MessageBroker-3] c.c.g.e.d.r.D.findAll                    : ==>  Preparing: SELECT * FROM td_datasource ORDER BY create_time DESC
2026-09-14T16:38:02.746+08:00 DEBUG 79744 --- [ecos-gateway] [MessageBroker-3] c.c.g.e.d.r.D.findAll                    : ==> Parameters: 
2026-09-14T16:38:02.751+08:00 DEBUG 79744 --- [ecos-gateway] [MessageBroker-3] c.c.g.e.d.r.D.findAll                    : <==      Total: 4
2026-09-14T16:38:08.554+08:00 DEBUG 79744 --- [ecos-gateway] [MessageBroker-2] c.c.g.engine.kb.service.KGWriterService  : Neo4j health OK — node count: 44
2026-09-14T16:38:38.572+08:00 DEBUG 79744 --- [ecos-gateway] [essageBroker-14] c.c.g.engine.kb.service.KGWriterService  : Neo4j health OK — node count: 44
2026-09-14T16:38:42.920+08:00  INFO 79744 --- [ecos-gateway] [ool-2-thread-10] .c.g.r.c.t.s.i.TaskManagementServiceImpl : 任务已提交: taskId=f169e154-354f-4941-b5e2-99ea59353c6f, taskName=usage-aggregation
2026-09-14T16:38:42.922+08:00  INFO 79744 --- [ecos-gateway] [ool-2-thread-10] .c.g.r.c.t.s.i.TaskManagementServiceImpl : 任务已解析: taskId=f169e154-354f-4941-b5e2-99ea59353c6f
2026-09-14T16:38:42.923+08:00 DEBUG 79744 --- [ecos-gateway] [ool-2-thread-10] c.c.g.r.c.t.c.AgentCronTaskExecutor      : AgentCronTaskExecutor.onStatusUpdate: taskId=f169e154-354f-4941-b5e2-99ea59353c6f, status=RUNNING
2026-09-14T16:38:42.924+08:00 DEBUG 79744 --- [ecos-gateway] [ool-2-thread-10] c.c.g.g.jdbc.TenantAwareJdbcTemplate     : Executing prepared SQL update
2026-09-14T16:38:42.925+08:00 DEBUG 79744 --- [ecos-gateway] [ool-2-thread-10] c.c.g.g.jdbc.TenantAwareJdbcTemplate     : Executing prepared SQL statement [INSERT INTO ecos_tenant_usage (tenant_id, usage_date, quota_type, used_count, updated_at) SELECT 'unknown' AS tenant_id, ?::date, 'API_CALLS', COUNT(*) AS used_count, NOW() FROM ecos_spans s WHERE s.created_at::date = ?::date ON CONFLICT (tenant_id, usage_date, quota_type) DO UPDATE SET used_count = EXCLUDED.used_count, updated_at = NOW()]
2026-09-14T16:38:42.934+08:00 DEBUG 79744 --- [ecos-gateway] [ool-2-thread-10] c.c.g.g.jdbc.TenantAwareJdbcTemplate     : Executing prepared SQL update
2026-09-14T16:38:42.935+08:00 DEBUG 79744 --- [ecos-gateway] [ool-2-thread-10] c.c.g.g.jdbc.TenantAwareJdbcTemplate     : Executing prepared SQL statement [INSERT INTO ecos_tenant_usage (tenant_id, usage_date, quota_type, used_count, updated_at) SELECT 'unknown' AS tenant_id, ?::date, 'TOKENS', COALESCE(SUM(total_tokens), 0) AS used_count, NOW() FROM ecos_token_usage WHERE created_at::date = ?::date ON CONFLICT (tenant_id, usage_date, quota_type) DO UPDATE SET used_count = EXCLUDED.used_count, updated_at = NOW()]
2026-09-14T16:38:42.939+08:00 DEBUG 79744 --- [ecos-gateway] [ool-2-thread-10] c.c.g.gateway.telemetry.UsageCollector   : A7 UsageCollector aggregated 1 API + 1 token usage records for 2026-09-14 on today=2026-09-14
2026-09-14T16:38:42.940+08:00 DEBUG 79744 --- [ecos-gateway] [ool-2-thread-10] c.c.g.r.c.t.c.AgentCronTaskExecutor      : AgentCronTaskExecutor.onStatusUpdate: taskId=f169e154-354f-4941-b5e2-99ea59353c6f, status=SUCCEEDED
2026-09-14T16:38:42.942+08:00  INFO 79744 --- [ecos-gateway] [ool-2-thread-10] .c.g.r.c.t.s.i.TaskManagementServiceImpl : 任务执行完成: taskId=f169e154-354f-4941-b5e2-99ea59353c6f, status=SUCCEEDED
2026-09-14T16:38:42.943+08:00  INFO 79744 --- [ecos-gateway] [ool-2-thread-10] c.c.g.r.c.t.s.TaskSchedulerServiceImpl   : 定时任务已提交执行 task=f169e154-354f-4941-b5e2-99ea59353c6f taskType=USAGE_AGGREGATION
2026-09-14T16:39:02.772+08:00 DEBUG 79744 --- [ecos-gateway] [MessageBroker-2] c.c.g.e.d.r.D.findAll                    : ==>  Preparing: SELECT * FROM td_datasource ORDER BY create_time DESC
2026-09-14T16:39:02.774+08:00 DEBUG 79744 --- [ecos-gateway] [MessageBroker-2] c.c.g.e.d.r.D.findAll                    : ==> Parameters: 
2026-09-14T16:39:02.779+08:00 DEBUG 79744 --- [ecos-gateway] [MessageBroker-2] c.c.g.e.d.r.D.findAll                    : <==      Total: 4
2026-09-14T16:39:08.577+08:00 DEBUG 79744 --- [ecos-gateway] [MessageBroker-8] c.c.g.engine.kb.service.KGWriterService  : Neo4j health OK — node count: 44
2026-09-14T16:39:38.564+08:00 DEBUG 79744 --- [ecos-gateway] [essageBroker-10] c.c.g.engine.kb.service.KGWriterService  : Neo4j health OK — node count: 44
2026-09-14T16:39:42.914+08:00  INFO 79744 --- [ecos-gateway] [ool-2-thread-10] .c.g.r.c.t.s.i.TaskManagementServiceImpl : 任务已提交: taskId=f169e154-354f-4941-b5e2-99ea59353c6f, taskName=usage-aggregation
2026-09-14T16:39:42.918+08:00  INFO 79744 --- [ecos-gateway] [ool-2-thread-10] .c.g.r.c.t.s.i.TaskManagementServiceImpl : 任务已解析: taskId=f169e154-354f-4941-b5e2-99ea59353c6f
2026-09-14T16:39:42.919+08:00 DEBUG 79744 --- [ecos-gateway] [ool-2-thread-10] c.c.g.r.c.t.c.AgentCronTaskExecutor      : AgentCronTaskExecutor.onStatusUpdate: taskId=f169e154-354f-4941-b5e2-99ea59353c6f, status=RUNNING
2026-09-14T16:39:42.921+08:00 DEBUG 79744 --- [ecos-gateway] [ool-2-thread-10] c.c.g.g.jdbc.TenantAwareJdbcTemplate     : Executing prepared SQL update
2026-09-14T16:39:42.922+08:00 DEBUG 79744 --- [ecos-gateway] [ool-2-thread-10] c.c.g.g.jdbc.TenantAwareJdbcTemplate     : Executing prepared SQL statement [INSERT INTO ecos_tenant_usage (tenant_id, usage_date, quota_type, used_count, updated_at) SELECT 'unknown' AS tenant_id, ?::date, 'API_CALLS', COUNT(*) AS used_count, NOW() FROM ecos_spans s WHERE s.created_at::date = ?::date ON CONFLICT (tenant_id, usage_date, quota_type) DO UPDATE SET used_count = EXCLUDED.used_count, updated_at = NOW()]
2026-09-14T16:39:43.262+08:00 DEBUG 79744 --- [ecos-gateway] [ool-2-thread-10] c.c.g.g.jdbc.TenantAwareJdbcTemplate     : Executing prepared SQL update
2026-09-14T16:39:43.264+08:00 DEBUG 79744 --- [ecos-gateway] [ool-2-thread-10] c.c.g.g.jdbc.TenantAwareJdbcTemplate     : Executing prepared SQL statement [INSERT INTO ecos_tenant_usage (tenant_id, usage_date, quota_type, used_count, updated_at) SELECT 'unknown' AS tenant_id, ?::date, 'TOKENS', COALESCE(SUM(total_tokens), 0) AS used_count, NOW() FROM ecos_token_usage WHERE created_at::date = ?::date ON CONFLICT (tenant_id, usage_date, quota_type) DO UPDATE SET used_count = EXCLUDED.used_count, updated_at = NOW()]
2026-09-14T16:39:43.297+08:00 DEBUG 79744 --- [ecos-gateway] [ool-2-thread-10] c.c.g.gateway.telemetry.UsageCollector   : A7 UsageCollector aggregated 1 API + 1 token usage records for 2026-09-14 on today=2026-09-14
2026-09-14T16:39:43.299+08:00 DEBUG 79744 --- [ecos-gateway] [ool-2-thread-10] c.c.g.r.c.t.c.AgentCronTaskExecutor      : AgentCronTaskExecutor.onStatusUpdate: taskId=f169e154-354f-4941-b5e2-99ea59353c6f, status=SUCCEEDED
2026-09-14T16:39:43.301+08:00  INFO 79744 --- [ecos-gateway] [ool-2-thread-10] .c.g.r.c.t.s.i.TaskManagementServiceImpl : 任务执行完成: taskId=f169e154-354f-4941-b5e2-99ea59353c6f, status=SUCCEEDED
2026-09-14T16:39:43.304+08:00  INFO 79744 --- [ecos-gateway] [ool-2-thread-10] c.c.g.r.c.t.s.TaskSchedulerServiceImpl   : 定时任务已提交执行 task=f169e154-354f-4941-b5e2-99ea59353c6f taskType=USAGE_AGGREGATION
2026-09-14T16:40:02.797+08:00 DEBUG 79744 --- [ecos-gateway] [MessageBroker-2] c.c.g.e.d.r.D.findAll                    : ==>  Preparing: SELECT * FROM td_datasource ORDER BY create_time DESC
2026-09-14T16:40:02.800+08:00 DEBUG 79744 --- [ecos-gateway] [MessageBroker-2] c.c.g.e.d.r.D.findAll                    : ==> Parameters: 
2026-09-14T16:40:02.807+08:00 DEBUG 79744 --- [ecos-gateway] [MessageBroker-2] c.c.g.e.d.r.D.findAll                    : <==      Total: 4
2026-09-14T16:40:08.575+08:00 DEBUG 79744 --- [ecos-gateway] [MessageBroker-9] c.c.g.engine.kb.service.KGWriterService  : Neo4j health OK — node count: 44
2026-09-14T16:40:38.933+08:00 DEBUG 79744 --- [ecos-gateway] [essageBroker-13] c.c.g.engine.kb.service.KGWriterService  : Neo4j health OK — node count: 44
2026-09-14T16:40:42.916+08:00  INFO 79744 --- [ecos-gateway] [ool-2-thread-10] .c.g.r.c.t.s.i.TaskManagementServiceImpl : 任务已提交: taskId=f169e154-354f-4941-b5e2-99ea59353c6f, taskName=usage-aggregation
2026-09-14T16:40:42.923+08:00  INFO 79744 --- [ecos-gateway] [ool-2-thread-10] .c.g.r.c.t.s.i.TaskManagementServiceImpl : 任务已解析: taskId=f169e154-354f-4941-b5e2-99ea59353c6f
2026-09-14T16:40:42.927+08:00 DEBUG 79744 --- [ecos-gateway] [ool-2-thread-10] c.c.g.r.c.t.c.AgentCronTaskExecutor      : AgentCronTaskExecutor.onStatusUpdate: taskId=f169e154-354f-4941-b5e2-99ea59353c6f, status=RUNNING
2026-09-14T16:40:42.934+08:00 DEBUG 79744 --- [ecos-gateway] [ool-2-thread-10] c.c.g.g.jdbc.TenantAwareJdbcTemplate     : Executing prepared SQL update
2026-09-14T16:40:42.939+08:00 DEBUG 79744 --- [ecos-gateway] [ool-2-thread-10] c.c.g.g.jdbc.TenantAwareJdbcTemplate     : Executing prepared SQL statement [INSERT INTO ecos_tenant_usage (tenant_id, usage_date, quota_type, used_count, updated_at) SELECT 'unknown' AS tenant_id, ?::date, 'API_CALLS', COUNT(*) AS used_count, NOW() FROM ecos_spans s WHERE s.created_at::date = ?::date ON CONFLICT (tenant_id, usage_date, quota_type) DO UPDATE SET used_count = EXCLUDED.used_count, updated_at = NOW()]
2026-09-14T16:40:43.376+08:00 DEBUG 79744 --- [ecos-gateway] [ool-2-thread-10] c.c.g.g.jdbc.TenantAwareJdbcTemplate     : Executing prepared SQL update
2026-09-14T16:40:43.380+08:00 DEBUG 79744 --- [ecos-gateway] [ool-2-thread-10] c.c.g.g.jdbc.TenantAwareJdbcTemplate     : Executing prepared SQL statement [INSERT INTO ecos_tenant_usage (tenant_id, usage_date, quota_type, used_count, updated_at) SELECT 'unknown' AS tenant_id, ?::date, 'TOKENS', COALESCE(SUM(total_tokens), 0) AS used_count, NOW() FROM ecos_token_usage WHERE created_at::date = ?::date ON CONFLICT (tenant_id, usage_date, quota_type) DO UPDATE SET used_count = EXCLUDED.used_count, updated_at = NOW()]
2026-09-14T16:40:43.484+08:00 DEBUG 79744 --- [ecos-gateway] [ool-2-thread-10] c.c.g.gateway.telemetry.UsageCollector   : A7 UsageCollector aggregated 1 API + 1 token usage records for 2026-09-14 on today=2026-09-14
2026-09-14T16:40:43.488+08:00 DEBUG 79744 --- [ecos-gateway] [ool-2-thread-10] c.c.g.r.c.t.c.AgentCronTaskExecutor      : AgentCronTaskExecutor.onStatusUpdate: taskId=f169e154-354f-4941-b5e2-99ea59353c6f, status=SUCCEEDED
2026-09-14T16:40:43.490+08:00  INFO 79744 --- [ecos-gateway] [ool-2-thread-10] .c.g.r.c.t.s.i.TaskManagementServiceImpl : 任务执行完成: taskId=f169e154-354f-4941-b5e2-99ea59353c6f, status=SUCCEEDED
2026-09-14T16:40:43.493+08:00  INFO 79744 --- [ecos-gateway] [ool-2-thread-10] c.c.g.r.c.t.s.TaskSchedulerServiceImpl   : 定时任务已提交执行 task=f169e154-354f-4941-b5e2-99ea59353c6f taskType=USAGE_AGGREGATION
2026-09-14T16:41:02.837+08:00 DEBUG 79744 --- [ecos-gateway] [MessageBroker-2] c.c.g.e.d.r.D.findAll                    : ==>  Preparing: SELECT * FROM td_datasource ORDER BY create_time DESC
2026-09-14T16:41:02.839+08:00 DEBUG 79744 --- [ecos-gateway] [MessageBroker-2] c.c.g.e.d.r.D.findAll                    : ==> Parameters: 
2026-09-14T16:41:02.850+08:00 DEBUG 79744 --- [ecos-gateway] [MessageBroker-2] c.c.g.e.d.r.D.findAll                    : <==      Total: 4
2026-09-14T16:41:08.587+08:00 DEBUG 79744 --- [ecos-gateway] [MessageBroker-7] c.c.g.engine.kb.service.KGWriterService  : Neo4j health OK — node count: 44
2026-09-14T16:41:38.855+08:00 DEBUG 79744 --- [ecos-gateway] [MessageBroker-9] c.c.g.engine.kb.service.KGWriterService  : Neo4j health OK — node count: 44
2026-09-14T16:41:42.904+08:00  INFO 79744 --- [ecos-gateway] [ool-2-thread-10] .c.g.r.c.t.s.i.TaskManagementServiceImpl : 任务已提交: taskId=f169e154-354f-4941-b5e2-99ea59353c6f, taskName=usage-aggregation
2026-09-14T16:41:42.908+08:00  INFO 79744 --- [ecos-gateway] [ool-2-thread-10] .c.g.r.c.t.s.i.TaskManagementServiceImpl : 任务已解析: taskId=f169e154-354f-4941-b5e2-99ea59353c6f
2026-09-14T16:41:42.909+08:00 DEBUG 79744 --- [ecos-gateway] [ool-2-thread-10] c.c.g.r.c.t.c.AgentCronTaskExecutor      : AgentCronTaskExecutor.onStatusUpdate: taskId=f169e154-354f-4941-b5e2-99ea59353c6f, status=RUNNING
2026-09-14T16:41:42.911+08:00 DEBUG 79744 --- [ecos-gateway] [ool-2-thread-10] c.c.g.g.jdbc.TenantAwareJdbcTemplate     : Executing prepared SQL update
2026-09-14T16:41:42.913+08:00 DEBUG 79744 --- [ecos-gateway] [ool-2-thread-10] c.c.g.g.jdbc.TenantAwareJdbcTemplate     : Executing prepared SQL statement [INSERT INTO ecos_tenant_usage (tenant_id, usage_date, quota_type, used_count, updated_at) SELECT 'unknown' AS tenant_id, ?::date, 'API_CALLS', COUNT(*) AS used_count, NOW() FROM ecos_spans s WHERE s.created_at::date = ?::date ON CONFLICT (tenant_id, usage_date, quota_type) DO UPDATE SET used_count = EXCLUDED.used_count, updated_at = NOW()]
2026-09-14T16:41:42.947+08:00 DEBUG 79744 --- [ecos-gateway] [ool-2-thread-10] c.c.g.g.jdbc.TenantAwareJdbcTemplate     : Executing prepared SQL update
2026-09-14T16:41:42.949+08:00 DEBUG 79744 --- [ecos-gateway] [ool-2-thread-10] c.c.g.g.jdbc.TenantAwareJdbcTemplate     : Executing prepared SQL statement [INSERT INTO ecos_tenant_usage (tenant_id, usage_date, quota_type, used_count, updated_at) SELECT 'unknown' AS tenant_id, ?::date, 'TOKENS', COALESCE(SUM(total_tokens), 0) AS used_count, NOW() FROM ecos_token_usage WHERE created_at::date = ?::date ON CONFLICT (tenant_id, usage_date, quota_type) DO UPDATE SET used_count = EXCLUDED.used_count, updated_at = NOW()]
2026-09-14T16:41:42.967+08:00 DEBUG 79744 --- [ecos-gateway] [ool-2-thread-10] c.c.g.gateway.telemetry.UsageCollector   : A7 UsageCollector aggregated 1 API + 1 token usage records for 2026-09-14 on today=2026-09-14
2026-09-14T16:41:42.970+08:00 DEBUG 79744 --- [ecos-gateway] [ool-2-thread-10] c.c.g.r.c.t.c.AgentCronTaskExecutor      : AgentCronTaskExecutor.onStatusUpdate: taskId=f169e154-354f-4941-b5e2-99ea59353c6f, status=SUCCEEDED
2026-09-14T16:41:42.972+08:00  INFO 79744 --- [ecos-gateway] [ool-2-thread-10] .c.g.r.c.t.s.i.TaskManagementServiceImpl : 任务执行完成: taskId=f169e154-354f-4941-b5e2-99ea59353c6f, status=SUCCEEDED
2026-09-14T16:41:42.974+08:00  INFO 79744 --- [ecos-gateway] [ool-2-thread-10] c.c.g.r.c.t.s.TaskSchedulerServiceImpl   : 定时任务已提交执行 task=f169e154-354f-4941-b5e2-99ea59353c6f taskType=USAGE_AGGREGATION
2026-09-14T16:42:02.880+08:00 DEBUG 79744 --- [ecos-gateway] [MessageBroker-2] c.c.g.e.d.r.D.findAll                    : ==>  Preparing: SELECT * FROM td_datasource ORDER BY create_time DESC
2026-09-14T16:42:02.883+08:00 DEBUG 79744 --- [ecos-gateway] [MessageBroker-2] c.c.g.e.d.r.D.findAll                    : ==> Parameters: 
2026-09-14T16:42:02.892+08:00 DEBUG 79744 --- [ecos-gateway] [MessageBroker-2] c.c.g.e.d.r.D.findAll                    : <==      Total: 4
2026-09-14T16:42:08.574+08:00 DEBUG 79744 --- [ecos-gateway] [essageBroker-16] c.c.g.engine.kb.service.KGWriterService  : Neo4j health OK — node count: 44
2026-09-14T16:42:38.570+08:00 DEBUG 79744 --- [ecos-gateway] [MessageBroker-4] c.c.g.engine.kb.service.KGWriterService  : Neo4j health OK — node count: 44
2026-09-14T16:42:42.915+08:00  INFO 79744 --- [ecos-gateway] [ool-2-thread-10] .c.g.r.c.t.s.i.TaskManagementServiceImpl : 任务已提交: taskId=f169e154-354f-4941-b5e2-99ea59353c6f, taskName=usage-aggregation
2026-09-14T16:42:42.917+08:00  INFO 79744 --- [ecos-gateway] [ool-2-thread-10] .c.g.r.c.t.s.i.TaskManagementServiceImpl : 任务已解析: taskId=f169e154-354f-4941-b5e2-99ea59353c6f
2026-09-14T16:42:42.918+08:00 DEBUG 79744 --- [ecos-gateway] [ool-2-thread-10] c.c.g.r.c.t.c.AgentCronTaskExecutor      : AgentCronTaskExecutor.onStatusUpdate: taskId=f169e154-354f-4941-b5e2-99ea59353c6f, status=RUNNING
2026-09-14T16:42:42.921+08:00 DEBUG 79744 --- [ecos-gateway] [ool-2-thread-10] c.c.g.g.jdbc.TenantAwareJdbcTemplate     : Executing prepared SQL update
2026-09-14T16:42:42.922+08:00 DEBUG 79744 --- [ecos-gateway] [ool-2-thread-10] c.c.g.g.jdbc.TenantAwareJdbcTemplate     : Executing prepared SQL statement [INSERT INTO ecos_tenant_usage (tenant_id, usage_date, quota_type, used_count, updated_at) SELECT 'unknown' AS tenant_id, ?::date, 'API_CALLS', COUNT(*) AS used_count, NOW() FROM ecos_spans s WHERE s.created_at::date = ?::date ON CONFLICT (tenant_id, usage_date, quota_type) DO UPDATE SET used_count = EXCLUDED.used_count, updated_at = NOW()]
2026-09-14T16:42:42.948+08:00 DEBUG 79744 --- [ecos-gateway] [ool-2-thread-10] c.c.g.g.jdbc.TenantAwareJdbcTemplate     : Executing prepared SQL update
2026-09-14T16:42:42.950+08:00 DEBUG 79744 --- [ecos-gateway] [ool-2-thread-10] c.c.g.g.jdbc.TenantAwareJdbcTemplate     : Executing prepared SQL statement [INSERT INTO ecos_tenant_usage (tenant_id, usage_date, quota_type, used_count, updated_at) SELECT 'unknown' AS tenant_id, ?::date, 'TOKENS', COALESCE(SUM(total_tokens), 0) AS used_count, NOW() FROM ecos_token_usage WHERE created_at::date = ?::date ON CONFLICT (tenant_id, usage_date, quota_type) DO UPDATE SET used_count = EXCLUDED.used_count, updated_at = NOW()]
2026-09-14T16:42:42.965+08:00 DEBUG 79744 --- [ecos-gateway] [ool-2-thread-10] c.c.g.gateway.telemetry.UsageCollector   : A7 UsageCollector aggregated 1 API + 1 token usage records for 2026-09-14 on today=2026-09-14
2026-09-14T16:42:42.968+08:00 DEBUG 79744 --- [ecos-gateway] [ool-2-thread-10] c.c.g.r.c.t.c.AgentCronTaskExecutor      : AgentCronTaskExecutor.onStatusUpdate: taskId=f169e154-354f-4941-b5e2-99ea59353c6f, status=SUCCEEDED
2026-09-14T16:42:42.969+08:00  INFO 79744 --- [ecos-gateway] [ool-2-thread-10] .c.g.r.c.t.s.i.TaskManagementServiceImpl : 任务执行完成: taskId=f169e154-354f-4941-b5e2-99ea59353c6f, status=SUCCEEDED
2026-09-14T16:42:42.972+08:00  INFO 79744 --- [ecos-gateway] [ool-2-thread-10] c.c.g.r.c.t.s.TaskSchedulerServiceImpl   : 定时任务已提交执行 task=f169e154-354f-4941-b5e2-99ea59353c6f taskType=USAGE_AGGREGATION
2026-09-14T16:42:51.126+08:00  INFO 79744 --- [ecos-gateway] [nio-8080-exec-6] c.c.g.e.c.c.CounterfactualController     : 反事实推演请求: domain=aviation, variable=fuel_price_level, N=1000, seed=42
2026-09-14T16:42:51.130+08:00 DEBUG 79744 --- [ecos-gateway] [nio-8080-exec-6] c.c.g.g.jdbc.TenantAwareJdbcTemplate     : Executing prepared SQL query
2026-09-14T16:42:51.134+08:00 DEBUG 79744 --- [ecos-gateway] [nio-8080-exec-6] c.c.g.g.jdbc.TenantAwareJdbcTemplate     : Executing prepared SQL statement [SELECT id, variable_name, tenant_scope, domain, distribution, version, snapshot_version, is_manual_override, override_reason, last_evidence_id, status, create_time, update_time, create_by, update_by FROM ecos_cognitive_belief WHERE variable_name = ? AND domain = ? AND is_deleted = 0 ORDER BY version DESC LIMIT 1]
2026-09-14T16:42:51.162+08:00 DEBUG 79744 --- [ecos-gateway] [nio-8080-exec-6] c.c.g.g.jdbc.TenantAwareJdbcTemplate     : Executing prepared SQL query
2026-09-14T16:42:51.167+08:00 DEBUG 79744 --- [ecos-gateway] [nio-8080-exec-6] c.c.g.g.jdbc.TenantAwareJdbcTemplate     : Executing prepared SQL statement [SELECT id, hypothesis_code, tenant_scope, statement, domain, metric_ref, evidence_ids, is_valid, invalid_at, invalid_reason, status, create_time, update_time, create_by, update_by FROM ecos_cognitive_hypothesis WHERE is_deleted = 0 AND domain = ? ORDER BY update_time DESC, id]
2026-09-14T16:42:51.208+08:00  INFO 79744 --- [ecos-gateway] [nio-8080-exec-6] c.c.g.e.c.s.m.CounterfactualSimulator    : 反事实推演完成: domain=aviation variable=fuel_price_level interventions=1 N=1000 seed=42 benefit=0.14999999999999636
2026-09-14T16:42:51.716+08:00 DEBUG 79744 --- [ecos-gateway] [nio-8080-exec-6] c.c.g.g.i.TelemetryInterceptor           : OTel Span: traceId=00000000000000000000000000000000, POST /api/v1/cognitive/counterfactual → 200
2026-09-14T16:43:02.927+08:00 DEBUG 79744 --- [ecos-gateway] [essageBroker-12] c.c.g.e.d.r.D.findAll                    : ==>  Preparing: SELECT * FROM td_datasource ORDER BY create_time DESC
2026-09-14T16:43:02.941+08:00 DEBUG 79744 --- [ecos-gateway] [essageBroker-12] c.c.g.e.d.r.D.findAll                    : ==> Parameters: 
2026-09-14T16:43:03.032+08:00 DEBUG 79744 --- [ecos-gateway] [essageBroker-12] c.c.g.e.d.r.D.findAll                    : <==      Total: 4
2026-09-14T16:43:08.650+08:00 DEBUG 79744 --- [ecos-gateway] [essageBroker-14] c.c.g.engine.kb.service.KGWriterService  : Neo4j health OK — node count: 44
2026-09-14T16:43:38.567+08:00 DEBUG 79744 --- [ecos-gateway] [essageBroker-12] c.c.g.engine.kb.service.KGWriterService  : Neo4j health OK — node count: 44
2026-09-14T16:43:42.910+08:00  INFO 79744 --- [ecos-gateway] [ool-2-thread-10] .c.g.r.c.t.s.i.TaskManagementServiceImpl : 任务已提交: taskId=f169e154-354f-4941-b5e2-99ea59353c6f, taskName=usage-aggregation
2026-09-14T16:43:42.919+08:00  INFO 79744 --- [ecos-gateway] [ool-2-thread-10] .c.g.r.c.t.s.i.TaskManagementServiceImpl : 任务已解析: taskId=f169e154-354f-4941-b5e2-99ea59353c6f
2026-09-14T16:43:42.930+08:00 DEBUG 79744 --- [ecos-gateway] [ool-2-thread-10] c.c.g.r.c.t.c.AgentCronTaskExecutor      : AgentCronTaskExecutor.onStatusUpdate: taskId=f169e154-354f-4941-b5e2-99ea59353c6f, status=RUNNING
2026-09-14T16:43:42.939+08:00 DEBUG 79744 --- [ecos-gateway] [ool-2-thread-10] c.c.g.g.jdbc.TenantAwareJdbcTemplate     : Executing prepared SQL update
2026-09-14T16:43:42.949+08:00 DEBUG 79744 --- [ecos-gateway] [ool-2-thread-10] c.c.g.g.jdbc.TenantAwareJdbcTemplate     : Executing prepared SQL statement [INSERT INTO ecos_tenant_usage (tenant_id, usage_date, quota_type, used_count, updated_at) SELECT 'unknown' AS tenant_id, ?::date, 'API_CALLS', COUNT(*) AS used_count, NOW() FROM ecos_spans s WHERE s.created_at::date = ?::date ON CONFLICT (tenant_id, usage_date, quota_type) DO UPDATE SET used_count = EXCLUDED.used_count, updated_at = NOW()]
2026-09-14T16:43:43.152+08:00 DEBUG 79744 --- [ecos-gateway] [ool-2-thread-10] c.c.g.g.jdbc.TenantAwareJdbcTemplate     : Executing prepared SQL update
2026-09-14T16:43:43.158+08:00 DEBUG 79744 --- [ecos-gateway] [ool-2-thread-10] c.c.g.g.jdbc.TenantAwareJdbcTemplate     : Executing prepared SQL statement [INSERT INTO ecos_tenant_usage (tenant_id, usage_date, quota_type, used_count, updated_at) SELECT 'unknown' AS tenant_id, ?::date, 'TOKENS', COALESCE(SUM(total_tokens), 0) AS used_count, NOW() FROM ecos_token_usage WHERE created_at::date = ?::date ON CONFLICT (tenant_id, usage_date, quota_type) DO UPDATE SET used_count = EXCLUDED.used_count, updated_at = NOW()]
2026-09-14T16:43:43.267+08:00 DEBUG 79744 --- [ecos-gateway] [ool-2-thread-10] c.c.g.gateway.telemetry.UsageCollector   : A7 UsageCollector aggregated 1 API + 1 token usage records for 2026-09-14 on today=2026-09-14
2026-09-14T16:43:43.273+08:00 DEBUG 79744 --- [ecos-gateway] [ool-2-thread-10] c.c.g.r.c.t.c.AgentCronTaskExecutor      : AgentCronTaskExecutor.onStatusUpdate: taskId=f169e154-354f-4941-b5e2-99ea59353c6f, status=SUCCEEDED
2026-09-14T16:43:43.280+08:00  INFO 79744 --- [ecos-gateway] [ool-2-thread-10] .c.g.r.c.t.s.i.TaskManagementServiceImpl : 任务执行完成: taskId=f169e154-354f-4941-b5e2-99ea59353c6f, status=SUCCEEDED
2026-09-14T16:43:43.284+08:00  INFO 79744 --- [ecos-gateway] [ool-2-thread-10] c.c.g.r.c.t.s.TaskSchedulerServiceImpl   : 定时任务已提交执行 task=f169e154-354f-4941-b5e2-99ea59353c6f taskType=USAGE_AGGREGATION
2026-09-14T16:44:03.068+08:00 DEBUG 79744 --- [ecos-gateway] [MessageBroker-5] c.c.g.e.d.r.D.findAll                    : ==>  Preparing: SELECT * FROM td_datasource ORDER BY create_time DESC
2026-09-14T16:44:03.071+08:00 DEBUG 79744 --- [ecos-gateway] [MessageBroker-5] c.c.g.e.d.r.D.findAll                    : ==> Parameters: 
2026-09-14T16:44:03.079+08:00 DEBUG 79744 --- [ecos-gateway] [MessageBroker-5] c.c.g.e.d.r.D.findAll                    : <==      Total: 4
2026-09-14T16:44:08.557+08:00 DEBUG 79744 --- [ecos-gateway] [MessageBroker-8] c.c.g.engine.kb.service.KGWriterService  : Neo4j health OK — node count: 44
2026-09-14T16:44:38.561+08:00 DEBUG 79744 --- [ecos-gateway] [MessageBroker-2] c.c.g.engine.kb.service.KGWriterService  : Neo4j health OK — node count: 44
2026-09-14T16:44:42.908+08:00  INFO 79744 --- [ecos-gateway] [ool-2-thread-10] .c.g.r.c.t.s.i.TaskManagementServiceImpl : 任务已提交: taskId=f169e154-354f-4941-b5e2-99ea59353c6f, taskName=usage-aggregation
2026-09-14T16:44:42.910+08:00  INFO 79744 --- [ecos-gateway] [ool-2-thread-10] .c.g.r.c.t.s.i.TaskManagementServiceImpl : 任务已解析: taskId=f169e154-354f-4941-b5e2-99ea59353c6f
2026-09-14T16:44:42.911+08:00 DEBUG 79744 --- [ecos-gateway] [ool-2-thread-10] c.c.g.r.c.t.c.AgentCronTaskExecutor      : AgentCronTaskExecutor.onStatusUpdate: taskId=f169e154-354f-4941-b5e2-99ea59353c6f, status=RUNNING
2026-09-14T16:44:42.911+08:00 DEBUG 79744 --- [ecos-gateway] [ool-2-thread-10] c.c.g.g.jdbc.TenantAwareJdbcTemplate     : Executing prepared SQL update
2026-09-14T16:44:42.914+08:00 DEBUG 79744 --- [ecos-gateway] [ool-2-thread-10] c.c.g.g.jdbc.TenantAwareJdbcTemplate     : Executing prepared SQL statement [INSERT INTO ecos_tenant_usage (tenant_id, usage_date, quota_type, used_count, updated_at) SELECT 'unknown' AS tenant_id, ?::date, 'API_CALLS', COUNT(*) AS used_count, NOW() FROM ecos_spans s WHERE s.created_at::date = ?::date ON CONFLICT (tenant_id, usage_date, quota_type) DO UPDATE SET used_count = EXCLUDED.used_count, updated_at = NOW()]
2026-09-14T16:44:42.926+08:00 DEBUG 79744 --- [ecos-gateway] [ool-2-thread-10] c.c.g.g.jdbc.TenantAwareJdbcTemplate     : Executing prepared SQL update
2026-09-14T16:44:42.928+08:00 DEBUG 79744 --- [ecos-gateway] [ool-2-thread-10] c.c.g.g.jdbc.TenantAwareJdbcTemplate     : Executing prepared SQL statement [INSERT INTO ecos_tenant_usage (tenant_id, usage_date, quota_type, used_count, updated_at) SELECT 'unknown' AS tenant_id, ?::date, 'TOKENS', COALESCE(SUM(total_tokens), 0) AS used_count, NOW() FROM ecos_token_usage WHERE created_at::date = ?::date ON CONFLICT (tenant_id, usage_date, quota_type) DO UPDATE SET used_count = EXCLUDED.used_count, updated_at = NOW()]
2026-09-14T16:44:42.938+08:00 DEBUG 79744 --- [ecos-gateway] [ool-2-thread-10] c.c.g.gateway.telemetry.UsageCollector   : A7 UsageCollector aggregated 1 API + 1 token usage records for 2026-09-14 on today=2026-09-14
2026-09-14T16:44:42.940+08:00 DEBUG 79744 --- [ecos-gateway] [ool-2-thread-10] c.c.g.r.c.t.c.AgentCronTaskExecutor      : AgentCronTaskExecutor.onStatusUpdate: taskId=f169e154-354f-4941-b5e2-99ea59353c6f, status=SUCCEEDED
2026-09-14T16:44:42.941+08:00  INFO 79744 --- [ecos-gateway] [ool-2-thread-10] .c.g.r.c.t.s.i.TaskManagementServiceImpl : 任务执行完成: taskId=f169e154-354f-4941-b5e2-99ea59353c6f, status=SUCCEEDED
2026-09-14T16:44:42.942+08:00  INFO 79744 --- [ecos-gateway] [ool-2-thread-10] c.c.g.r.c.t.s.TaskSchedulerServiceImpl   : 定时任务已提交执行 task=f169e154-354f-4941-b5e2-99ea59353c6f taskType=USAGE_AGGREGATION
2026-09-14T16:45:03.105+08:00 DEBUG 79744 --- [ecos-gateway] [essageBroker-12] c.c.g.e.d.r.D.findAll                    : ==>  Preparing: SELECT * FROM td_datasource ORDER BY create_time DESC
2026-09-14T16:45:03.106+08:00 DEBUG 79744 --- [ecos-gateway] [essageBroker-12] c.c.g.e.d.r.D.findAll                    : ==> Parameters: 
2026-09-14T16:45:03.111+08:00 DEBUG 79744 --- [ecos-gateway] [essageBroker-12] c.c.g.e.d.r.D.findAll                    : <==      Total: 4
2026-09-14T16:45:08.560+08:00 DEBUG 79744 --- [ecos-gateway] [essageBroker-10] c.c.g.engine.kb.service.KGWriterService  : Neo4j health OK — node count: 44
2026-09-14T16:45:38.565+08:00 DEBUG 79744 --- [ecos-gateway] [essageBroker-15] c.c.g.engine.kb.service.KGWriterService  : Neo4j health OK — node count: 44
2026-09-14T16:45:42.919+08:00  INFO 79744 --- [ecos-gateway] [ool-2-thread-10] .c.g.r.c.t.s.i.TaskManagementServiceImpl : 任务已提交: taskId=f169e154-354f-4941-b5e2-99ea59353c6f, taskName=usage-aggregation
2026-09-14T16:45:42.921+08:00  INFO 79744 --- [ecos-gateway] [ool-2-thread-10] .c.g.r.c.t.s.i.TaskManagementServiceImpl : 任务已解析: taskId=f169e154-354f-4941-b5e2-99ea59353c6f
2026-09-14T16:45:42.922+08:00 DEBUG 79744 --- [ecos-gateway] [ool-2-thread-10] c.c.g.r.c.t.c.AgentCronTaskExecutor      : AgentCronTaskExecutor.onStatusUpdate: taskId=f169e154-354f-4941-b5e2-99ea59353c6f, status=RUNNING
2026-09-14T16:45:42.922+08:00 DEBUG 79744 --- [ecos-gateway] [ool-2-thread-10] c.c.g.g.jdbc.TenantAwareJdbcTemplate     : Executing prepared SQL update
2026-09-14T16:45:42.922+08:00 DEBUG 79744 --- [ecos-gateway] [ool-2-thread-10] c.c.g.g.jdbc.TenantAwareJdbcTemplate     : Executing prepared SQL statement [INSERT INTO ecos_tenant_usage (tenant_id, usage_date, quota_type, used_count, updated_at) SELECT 'unknown' AS tenant_id, ?::date, 'API_CALLS', COUNT(*) AS used_count, NOW() FROM ecos_spans s WHERE s.created_at::date = ?::date ON CONFLICT (tenant_id, usage_date, quota_type) DO UPDATE SET used_count = EXCLUDED.used_count, updated_at = NOW()]
2026-09-14T16:45:42.927+08:00 DEBUG 79744 --- [ecos-gateway] [ool-2-thread-10] c.c.g.g.jdbc.TenantAwareJdbcTemplate     : Executing prepared SQL update
2026-09-14T16:45:42.928+08:00 DEBUG 79744 --- [ecos-gateway] [ool-2-thread-10] c.c.g.g.jdbc.TenantAwareJdbcTemplate     : Executing prepared SQL statement [INSERT INTO ecos_tenant_usage (tenant_id, usage_date, quota_type, used_count, updated_at) SELECT 'unknown' AS tenant_id, ?::date, 'TOKENS', COALESCE(SUM(total_tokens), 0) AS used_count, NOW() FROM ecos_token_usage WHERE created_at::date = ?::date ON CONFLICT (tenant_id, usage_date, quota_type) DO UPDATE SET used_count = EXCLUDED.used_count, updated_at = NOW()]
2026-09-14T16:45:42.930+08:00 DEBUG 79744 --- [ecos-gateway] [ool-2-thread-10] c.c.g.gateway.telemetry.UsageCollector   : A7 UsageCollector aggregated 1 API + 1 token usage records for 2026-09-14 on today=2026-09-14
2026-09-14T16:45:42.930+08:00 DEBUG 79744 --- [ecos-gateway] [ool-2-thread-10] c.c.g.r.c.t.c.AgentCronTaskExecutor      : AgentCronTaskExecutor.onStatusUpdate: taskId=f169e154-354f-4941-b5e2-99ea59353c6f, status=SUCCEEDED
2026-09-14T16:45:42.930+08:00  INFO 79744 --- [ecos-gateway] [ool-2-thread-10] .c.g.r.c.t.s.i.TaskManagementServiceImpl : 任务执行完成: taskId=f169e154-354f-4941-b5e2-99ea59353c6f, status=SUCCEEDED
2026-09-14T16:45:42.931+08:00  INFO 79744 --- [ecos-gateway] [ool-2-thread-10] c.c.g.r.c.t.s.TaskSchedulerServiceImpl   : 定时任务已提交执行 task=f169e154-354f-4941-b5e2-99ea59353c6f taskType=USAGE_AGGREGATION
2026-09-14T16:46:03.127+08:00 DEBUG 79744 --- [ecos-gateway] [essageBroker-10] c.c.g.e.d.r.D.findAll                    : ==>  Preparing: SELECT * FROM td_datasource ORDER BY create_time DESC
2026-09-14T16:46:03.129+08:00 DEBUG 79744 --- [ecos-gateway] [essageBroker-10] c.c.g.e.d.r.D.findAll                    : ==> Parameters: 
2026-09-14T16:46:03.133+08:00 DEBUG 79744 --- [ecos-gateway] [essageBroker-10] c.c.g.e.d.r.D.findAll                    : <==      Total: 4
2026-09-14T16:46:08.567+08:00 DEBUG 79744 --- [ecos-gateway] [MessageBroker-6] c.c.g.engine.kb.service.KGWriterService  : Neo4j health OK — node count: 44
2026-09-14T16:46:38.567+08:00 DEBUG 79744 --- [ecos-gateway] [MessageBroker-4] c.c.g.engine.kb.service.KGWriterService  : Neo4j health OK — node count: 44
2026-09-14T16:46:42.914+08:00  INFO 79744 --- [ecos-gateway] [ool-2-thread-10] .c.g.r.c.t.s.i.TaskManagementServiceImpl : 任务已提交: taskId=f169e154-354f-4941-b5e2-99ea59353c6f, taskName=usage-aggregation
2026-09-14T16:46:42.916+08:00  INFO 79744 --- [ecos-gateway] [ool-2-thread-10] .c.g.r.c.t.s.i.TaskManagementServiceImpl : 任务已解析: taskId=f169e154-354f-4941-b5e2-99ea59353c6f
2026-09-14T16:46:42.917+08:00 DEBUG 79744 --- [ecos-gateway] [ool-2-thread-10] c.c.g.r.c.t.c.AgentCronTaskExecutor      : AgentCronTaskExecutor.onStatusUpdate: taskId=f169e154-354f-4941-b5e2-99ea59353c6f, status=RUNNING
2026-09-14T16:46:42.918+08:00 DEBUG 79744 --- [ecos-gateway] [ool-2-thread-10] c.c.g.g.jdbc.TenantAwareJdbcTemplate     : Executing prepared SQL update
2026-09-14T16:46:42.918+08:00 DEBUG 79744 --- [ecos-gateway] [ool-2-thread-10] c.c.g.g.jdbc.TenantAwareJdbcTemplate     : Executing prepared SQL statement [INSERT INTO ecos_tenant_usage (tenant_id, usage_date, quota_type, used_count, updated_at) SELECT 'unknown' AS tenant_id, ?::date, 'API_CALLS', COUNT(*) AS used_count, NOW() FROM ecos_spans s WHERE s.created_at::date = ?::date ON CONFLICT (tenant_id, usage_date, quota_type) DO UPDATE SET used_count = EXCLUDED.used_count, updated_at = NOW()]
2026-09-14T16:46:42.925+08:00 DEBUG 79744 --- [ecos-gateway] [ool-2-thread-10] c.c.g.g.jdbc.TenantAwareJdbcTemplate     : Executing prepared SQL update
2026-09-14T16:46:42.926+08:00 DEBUG 79744 --- [ecos-gateway] [ool-2-thread-10] c.c.g.g.jdbc.TenantAwareJdbcTemplate     : Executing prepared SQL statement [INSERT INTO ecos_tenant_usage (tenant_id, usage_date, quota_type, used_count, updated_at) SELECT 'unknown' AS tenant_id, ?::date, 'TOKENS', COALESCE(SUM(total_tokens), 0) AS used_count, NOW() FROM ecos_token_usage WHERE created_at::date = ?::date ON CONFLICT (tenant_id, usage_date, quota_type) DO UPDATE SET used_count = EXCLUDED.used_count, updated_at = NOW()]
2026-09-14T16:46:42.930+08:00 DEBUG 79744 --- [ecos-gateway] [ool-2-thread-10] c.c.g.gateway.telemetry.UsageCollector   : A7 UsageCollector aggregated 1 API + 1 token usage records for 2026-09-14 on today=2026-09-14
2026-09-14T16:46:42.932+08:00 DEBUG 79744 --- [ecos-gateway] [ool-2-thread-10] c.c.g.r.c.t.c.AgentCronTaskExecutor      : AgentCronTaskExecutor.onStatusUpdate: taskId=f169e154-354f-4941-b5e2-99ea59353c6f, status=SUCCEEDED
2026-09-14T16:46:42.932+08:00  INFO 79744 --- [ecos-gateway] [ool-2-thread-10] .c.g.r.c.t.s.i.TaskManagementServiceImpl : 任务执行完成: taskId=f169e154-354f-4941-b5e2-99ea59353c6f, status=SUCCEEDED
2026-09-14T16:46:42.934+08:00  INFO 79744 --- [ecos-gateway] [ool-2-thread-10] c.c.g.r.c.t.s.TaskSchedulerServiceImpl   : 定时任务已提交执行 task=f169e154-354f-4941-b5e2-99ea59353c6f taskType=USAGE_AGGREGATION
2026-09-14T16:47:03.149+08:00 DEBUG 79744 --- [ecos-gateway] [essageBroker-12] c.c.g.e.d.r.D.findAll                    : ==>  Preparing: SELECT * FROM td_datasource ORDER BY create_time DESC
2026-09-14T16:47:03.149+08:00 DEBUG 79744 --- [ecos-gateway] [essageBroker-12] c.c.g.e.d.r.D.findAll                    : ==> Parameters: 
2026-09-14T16:47:03.152+08:00 DEBUG 79744 --- [ecos-gateway] [essageBroker-12] c.c.g.e.d.r.D.findAll                    : <==      Total: 4
2026-09-14T16:47:08.553+08:00 DEBUG 79744 --- [ecos-gateway] [essageBroker-13] c.c.g.engine.kb.service.KGWriterService  : Neo4j health OK — node count: 44
2026-09-14T16:47:38.555+08:00 DEBUG 79744 --- [ecos-gateway] [MessageBroker-5] c.c.g.engine.kb.service.KGWriterService  : Neo4j health OK — node count: 44
2026-09-14T16:47:42.907+08:00  INFO 79744 --- [ecos-gateway] [ool-2-thread-10] .c.g.r.c.t.s.i.TaskManagementServiceImpl : 任务已提交: taskId=f169e154-354f-4941-b5e2-99ea59353c6f, taskName=usage-aggregation
2026-09-14T16:47:42.908+08:00  INFO 79744 --- [ecos-gateway] [ool-2-thread-10] .c.g.r.c.t.s.i.TaskManagementServiceImpl : 任务已解析: taskId=f169e154-354f-4941-b5e2-99ea59353c6f
2026-09-14T16:47:42.909+08:00 DEBUG 79744 --- [ecos-gateway] [ool-2-thread-10] c.c.g.r.c.t.c.AgentCronTaskExecutor      : AgentCronTaskExecutor.onStatusUpdate: taskId=f169e154-354f-4941-b5e2-99ea59353c6f, status=RUNNING
2026-09-14T16:47:42.909+08:00 DEBUG 79744 --- [ecos-gateway] [ool-2-thread-10] c.c.g.g.jdbc.TenantAwareJdbcTemplate     : Executing prepared SQL update
2026-09-14T16:47:42.910+08:00 DEBUG 79744 --- [ecos-gateway] [ool-2-thread-10] c.c.g.g.jdbc.TenantAwareJdbcTemplate     : Executing prepared SQL statement [INSERT INTO ecos_tenant_usage (tenant_id, usage_date, quota_type, used_count, updated_at) SELECT 'unknown' AS tenant_id, ?::date, 'API_CALLS', COUNT(*) AS used_count, NOW() FROM ecos_spans s WHERE s.created_at::date = ?::date ON CONFLICT (tenant_id, usage_date, quota_type) DO UPDATE SET used_count = EXCLUDED.used_count, updated_at = NOW()]
2026-09-14T16:47:42.916+08:00 DEBUG 79744 --- [ecos-gateway] [ool-2-thread-10] c.c.g.g.jdbc.TenantAwareJdbcTemplate     : Executing prepared SQL update
2026-09-14T16:47:42.917+08:00 DEBUG 79744 --- [ecos-gateway] [ool-2-thread-10] c.c.g.g.jdbc.TenantAwareJdbcTemplate     : Executing prepared SQL statement [INSERT INTO ecos_tenant_usage (tenant_id, usage_date, quota_type, used_count, updated_at) SELECT 'unknown' AS tenant_id, ?::date, 'TOKENS', COALESCE(SUM(total_tokens), 0) AS used_count, NOW() FROM ecos_token_usage WHERE created_at::date = ?::date ON CONFLICT (tenant_id, usage_date, quota_type) DO UPDATE SET used_count = EXCLUDED.used_count, updated_at = NOW()]
2026-09-14T16:47:42.922+08:00 DEBUG 79744 --- [ecos-gateway] [ool-2-thread-10] c.c.g.gateway.telemetry.UsageCollector   : A7 UsageCollector aggregated 1 API + 1 token usage records for 2026-09-14 on today=2026-09-14
2026-09-14T16:47:42.923+08:00 DEBUG 79744 --- [ecos-gateway] [ool-2-thread-10] c.c.g.r.c.t.c.AgentCronTaskExecutor      : AgentCronTaskExecutor.onStatusUpdate: taskId=f169e154-354f-4941-b5e2-99ea59353c6f, status=SUCCEEDED
2026-09-14T16:47:42.924+08:00  INFO 79744 --- [ecos-gateway] [ool-2-thread-10] .c.g.r.c.t.s.i.TaskManagementServiceImpl : 任务执行完成: taskId=f169e154-354f-4941-b5e2-99ea59353c6f, status=SUCCEEDED
2026-09-14T16:47:42.926+08:00  INFO 79744 --- [ecos-gateway] [ool-2-thread-10] c.c.g.r.c.t.s.TaskSchedulerServiceImpl   : 定时任务已提交执行 task=f169e154-354f-4941-b5e2-99ea59353c6f taskType=USAGE_AGGREGATION
2026-09-14T16:47:58.175+08:00  INFO 79744 --- [ecos-gateway] [pool-2-thread-7] .c.g.r.c.t.s.i.TaskManagementServiceImpl : 任务已提交: taskId=be80e6da-b008-4613-86d1-9b1d02a2c5f2, taskName=cognitive-mental-scan
2026-09-14T16:47:58.176+08:00  INFO 79744 --- [ecos-gateway] [pool-2-thread-7] .c.g.r.c.t.s.i.TaskManagementServiceImpl : 任务已解析: taskId=be80e6da-b008-4613-86d1-9b1d02a2c5f2
2026-09-14T16:47:58.176+08:00 DEBUG 79744 --- [ecos-gateway] [pool-2-thread-7] c.c.g.r.c.t.c.AgentCronTaskExecutor      : AgentCronTaskExecutor.onStatusUpdate: taskId=be80e6da-b008-4613-86d1-9b1d02a2c5f2, status=RUNNING
2026-09-14T16:47:58.177+08:00 DEBUG 79744 --- [ecos-gateway] [pool-2-thread-7] c.c.g.g.jdbc.TenantAwareJdbcTemplate     : Executing prepared SQL query
2026-09-14T16:47:58.177+08:00 DEBUG 79744 --- [ecos-gateway] [pool-2-thread-7] c.c.g.g.jdbc.TenantAwareJdbcTemplate     : Executing prepared SQL statement [SELECT id, evidence_code, tenant_scope, source_type, source_ref, blob, confidence, is_conflict, refuting_evidence_ids, effective_time, expire_time, status, create_time, update_time, create_by, update_by FROM ecos_cognitive_evidence WHERE is_deleted = 0 ORDER BY create_time DESC, id]
2026-09-14T16:47:58.190+08:00 DEBUG 79744 --- [ecos-gateway] [pool-2-thread-7] c.c.g.g.jdbc.TenantAwareJdbcTemplate     : Executing prepared SQL query
2026-09-14T16:47:58.192+08:00 DEBUG 79744 --- [ecos-gateway] [pool-2-thread-7] c.c.g.g.jdbc.TenantAwareJdbcTemplate     : Executing prepared SQL statement [SELECT id, hypothesis_code, tenant_scope, statement, domain, metric_ref, evidence_ids, is_valid, invalid_at, invalid_reason, status, create_time, update_time, create_by, update_by FROM ecos_cognitive_hypothesis WHERE is_deleted = 0 AND status = ? ORDER BY update_time DESC, id]
2026-09-14T16:47:58.194+08:00 DEBUG 79744 --- [ecos-gateway] [pool-2-thread-7] c.c.g.g.jdbc.TenantAwareJdbcTemplate     : Executing prepared SQL query
2026-09-14T16:47:58.195+08:00 DEBUG 79744 --- [ecos-gateway] [pool-2-thread-7] c.c.g.g.jdbc.TenantAwareJdbcTemplate     : Executing prepared SQL statement [SELECT id, hypothesis_code, tenant_scope, statement, domain, metric_ref, evidence_ids, is_valid, invalid_at, invalid_reason, status, create_time, update_time, create_by, update_by FROM ecos_cognitive_hypothesis WHERE is_deleted = 0 AND status = ? ORDER BY update_time DESC, id]
2026-09-14T16:47:58.196+08:00 DEBUG 79744 --- [ecos-gateway] [pool-2-thread-7] c.c.g.g.jdbc.TenantAwareJdbcTemplate     : Executing prepared SQL query
2026-09-14T16:47:58.197+08:00 DEBUG 79744 --- [ecos-gateway] [pool-2-thread-7] c.c.g.g.jdbc.TenantAwareJdbcTemplate     : Executing prepared SQL statement [SELECT id, hypothesis_code, tenant_scope, statement, domain, metric_ref, evidence_ids, is_valid, invalid_at, invalid_reason, status, create_time, update_time, create_by, update_by FROM ecos_cognitive_hypothesis WHERE is_deleted = 0 AND status = ? ORDER BY update_time DESC, id]
2026-09-14T16:47:58.198+08:00 DEBUG 79744 --- [ecos-gateway] [pool-2-thread-7] c.c.g.g.jdbc.TenantAwareJdbcTemplate     : Executing prepared SQL query
2026-09-14T16:47:58.199+08:00 DEBUG 79744 --- [ecos-gateway] [pool-2-thread-7] c.c.g.g.jdbc.TenantAwareJdbcTemplate     : Executing prepared SQL statement [SELECT id, hypothesis_code, tenant_scope, statement, domain, metric_ref, evidence_ids, is_valid, invalid_at, invalid_reason, status, create_time, update_time, create_by, update_by FROM ecos_cognitive_hypothesis WHERE is_deleted = 0 AND status = ? ORDER BY update_time DESC, id]
2026-09-14T16:47:58.201+08:00 DEBUG 79744 --- [ecos-gateway] [pool-2-thread-7] c.c.g.g.jdbc.TenantAwareJdbcTemplate     : Executing prepared SQL query
2026-09-14T16:47:58.201+08:00 DEBUG 79744 --- [ecos-gateway] [pool-2-thread-7] c.c.g.g.jdbc.TenantAwareJdbcTemplate     : Executing prepared SQL statement [SELECT id, hypothesis_code, tenant_scope, statement, domain, metric_ref, evidence_ids, is_valid, invalid_at, invalid_reason, status, create_time, update_time, create_by, update_by FROM ecos_cognitive_hypothesis WHERE is_deleted = 0 AND status = ? ORDER BY update_time DESC, id]
2026-09-14T16:47:58.203+08:00  INFO 79744 --- [ecos-gateway] [pool-2-thread-7] c.c.g.e.c.service.mental.MentalScanTask  : PMO-59 心智层补算一代完成: scanned=5 invalidated=0
2026-09-14T16:47:58.204+08:00 DEBUG 79744 --- [ecos-gateway] [pool-2-thread-7] c.c.g.r.c.t.c.AgentCronTaskExecutor      : AgentCronTaskExecutor.onStatusUpdate: taskId=be80e6da-b008-4613-86d1-9b1d02a2c5f2, status=SUCCEEDED
2026-09-14T16:47:58.204+08:00  INFO 79744 --- [ecos-gateway] [pool-2-thread-7] .c.g.r.c.t.s.i.TaskManagementServiceImpl : 任务执行完成: taskId=be80e6da-b008-4613-86d1-9b1d02a2c5f2, status=SUCCEEDED
2026-09-14T16:47:58.205+08:00  INFO 79744 --- [ecos-gateway] [pool-2-thread-7] c.c.g.r.c.t.s.TaskSchedulerServiceImpl   : 定时任务已提交执行 task=be80e6da-b008-4613-86d1-9b1d02a2c5f2 taskType=COGNITIVE_MENTAL_SCAN
2026-09-14T16:48:03.158+08:00 DEBUG 79744 --- [ecos-gateway] [essageBroker-15] c.c.g.e.d.r.D.findAll                    : ==>  Preparing: SELECT * FROM td_datasource ORDER BY create_time DESC
2026-09-14T16:48:03.159+08:00 DEBUG 79744 --- [ecos-gateway] [essageBroker-15] c.c.g.e.d.r.D.findAll                    : ==> Parameters: 
2026-09-14T16:48:03.161+08:00 DEBUG 79744 --- [ecos-gateway] [essageBroker-15] c.c.g.e.d.r.D.findAll                    : <==      Total: 4
2026-09-14T16:48:08.553+08:00 DEBUG 79744 --- [ecos-gateway] [MessageBroker-2] c.c.g.engine.kb.service.KGWriterService  : Neo4j health OK — node count: 44
2026-09-14T16:48:19.020+08:00 DEBUG 79744 --- [ecos-gateway] [nio-8080-exec-8] c.c.g.g.jdbc.TenantAwareJdbcTemplate     : Executing prepared SQL query
2026-09-14T16:48:19.022+08:00 DEBUG 79744 --- [ecos-gateway] [nio-8080-exec-8] c.c.g.g.jdbc.TenantAwareJdbcTemplate     : Executing prepared SQL statement [SELECT COUNT(1) FROM ecos_cognitive_hypothesis WHERE hypothesis_code = ?]
2026-09-14T16:48:19.032+08:00 DEBUG 79744 --- [ecos-gateway] [nio-8080-exec-8] c.c.g.g.jdbc.TenantAwareJdbcTemplate     : Executing prepared SQL update
2026-09-14T16:48:19.033+08:00 DEBUG 79744 --- [ecos-gateway] [nio-8080-exec-8] c.c.g.g.jdbc.TenantAwareJdbcTemplate     : Executing prepared SQL statement [INSERT INTO ecos_cognitive_hypothesis (id, hypothesis_code, tenant_scope, statement, domain, metric_ref, evidence_ids, is_valid, status, create_by, update_by, is_deleted) VALUES (?, ?, ?, ?, ?, ?, ?::jsonb, TRUE, 'VALID', 'system', 'system', 0)]
2026-09-14T16:48:19.041+08:00  INFO 79744 --- [ecos-gateway] [nio-8080-exec-8] c.c.g.e.c.service.HypothesisStore        : 认知假设注册: id=cog_hyp_4a34a896-ca9 code=HYP-SAFEGUARD-002 domain=aviation metricRef=fuel_price_level
2026-09-14T16:48:19.042+08:00 DEBUG 79744 --- [ecos-gateway] [nio-8080-exec-8] c.c.g.g.jdbc.TenantAwareJdbcTemplate     : Executing prepared SQL query
2026-09-14T16:48:19.045+08:00 DEBUG 79744 --- [ecos-gateway] [nio-8080-exec-8] c.c.g.g.jdbc.TenantAwareJdbcTemplate     : Executing prepared SQL statement [SELECT id, hypothesis_code, tenant_scope, statement, domain, metric_ref, evidence_ids, is_valid, invalid_at, invalid_reason, status, create_time, update_time, create_by, update_by FROM ecos_cognitive_hypothesis WHERE id = ? AND is_deleted = 0]
2026-09-14T16:48:19.064+08:00 DEBUG 79744 --- [ecos-gateway] [nio-8080-exec-8] c.c.g.g.i.TelemetryInterceptor           : OTel Span: traceId=00000000000000000000000000000000, POST /api/v1/cognitive/hypotheses → 200
2026-09-14T16:48:19.420+08:00  INFO 79744 --- [ecos-gateway] [io-8080-exec-10] c.c.g.e.c.c.CounterfactualController     : 反事实推演请求: domain=aviation, variable=fuel_price_level, N=1000, seed=42
2026-09-14T16:48:19.422+08:00 DEBUG 79744 --- [ecos-gateway] [io-8080-exec-10] c.c.g.g.jdbc.TenantAwareJdbcTemplate     : Executing prepared SQL query
2026-09-14T16:48:19.424+08:00 DEBUG 79744 --- [ecos-gateway] [io-8080-exec-10] c.c.g.g.jdbc.TenantAwareJdbcTemplate     : Executing prepared SQL statement [SELECT id, variable_name, tenant_scope, domain, distribution, version, snapshot_version, is_manual_override, override_reason, last_evidence_id, status, create_time, update_time, create_by, update_by FROM ecos_cognitive_belief WHERE variable_name = ? AND domain = ? AND is_deleted = 0 ORDER BY version DESC LIMIT 1]
2026-09-14T16:48:19.434+08:00 DEBUG 79744 --- [ecos-gateway] [io-8080-exec-10] c.c.g.g.jdbc.TenantAwareJdbcTemplate     : Executing prepared SQL query
2026-09-14T16:48:19.436+08:00 DEBUG 79744 --- [ecos-gateway] [io-8080-exec-10] c.c.g.g.jdbc.TenantAwareJdbcTemplate     : Executing prepared SQL statement [SELECT id, hypothesis_code, tenant_scope, statement, domain, metric_ref, evidence_ids, is_valid, invalid_at, invalid_reason, status, create_time, update_time, create_by, update_by FROM ecos_cognitive_hypothesis WHERE is_deleted = 0 AND domain = ? ORDER BY update_time DESC, id]
2026-09-14T16:48:19.444+08:00  INFO 79744 --- [ecos-gateway] [io-8080-exec-10] c.c.g.e.c.s.m.CounterfactualSimulator    : 反事实推演完成: domain=aviation variable=fuel_price_level interventions=1 N=1000 seed=42 benefit=0.14999999999999636
2026-09-14T16:48:19.451+08:00 DEBUG 79744 --- [ecos-gateway] [io-8080-exec-10] c.c.g.g.i.TelemetryInterceptor           : OTel Span: traceId=00000000000000000000000000000000, POST /api/v1/cognitive/counterfactual → 200
2026-09-14T16:48:38.569+08:00 DEBUG 79744 --- [ecos-gateway] [MessageBroker-1] c.c.g.engine.kb.service.KGWriterService  : Neo4j health OK — node count: 44
2026-09-14T16:48:42.920+08:00  INFO 79744 --- [ecos-gateway] [pool-2-thread-6] .c.g.r.c.t.s.i.TaskManagementServiceImpl : 任务已提交: taskId=f169e154-354f-4941-b5e2-99ea59353c6f, taskName=usage-aggregation
2026-09-14T16:48:42.924+08:00  INFO 79744 --- [ecos-gateway] [pool-2-thread-6] .c.g.r.c.t.s.i.TaskManagementServiceImpl : 任务已解析: taskId=f169e154-354f-4941-b5e2-99ea59353c6f
2026-09-14T16:48:42.925+08:00 DEBUG 79744 --- [ecos-gateway] [pool-2-thread-6] c.c.g.r.c.t.c.AgentCronTaskExecutor      : AgentCronTaskExecutor.onStatusUpdate: taskId=f169e154-354f-4941-b5e2-99ea59353c6f, status=RUNNING
2026-09-14T16:48:42.926+08:00 DEBUG 79744 --- [ecos-gateway] [pool-2-thread-6] c.c.g.g.jdbc.TenantAwareJdbcTemplate     : Executing prepared SQL update
2026-09-14T16:48:42.926+08:00 DEBUG 79744 --- [ecos-gateway] [pool-2-thread-6] c.c.g.g.jdbc.TenantAwareJdbcTemplate     : Executing prepared SQL statement [INSERT INTO ecos_tenant_usage (tenant_id, usage_date, quota_type, used_count, updated_at) SELECT 'unknown' AS tenant_id, ?::date, 'API_CALLS', COUNT(*) AS used_count, NOW() FROM ecos_spans s WHERE s.created_at::date = ?::date ON CONFLICT (tenant_id, usage_date, quota_type) DO UPDATE SET used_count = EXCLUDED.used_count, updated_at = NOW()]
2026-09-14T16:48:42.934+08:00 DEBUG 79744 --- [ecos-gateway] [pool-2-thread-6] c.c.g.g.jdbc.TenantAwareJdbcTemplate     : Executing prepared SQL update
2026-09-14T16:48:42.936+08:00 DEBUG 79744 --- [ecos-gateway] [pool-2-thread-6] c.c.g.g.jdbc.TenantAwareJdbcTemplate     : Executing prepared SQL statement [INSERT INTO ecos_tenant_usage (tenant_id, usage_date, quota_type, used_count, updated_at) SELECT 'unknown' AS tenant_id, ?::date, 'TOKENS', COALESCE(SUM(total_tokens), 0) AS used_count, NOW() FROM ecos_token_usage WHERE created_at::date = ?::date ON CONFLICT (tenant_id, usage_date, quota_type) DO UPDATE SET used_count = EXCLUDED.used_count, updated_at = NOW()]
2026-09-14T16:48:42.941+08:00 DEBUG 79744 --- [ecos-gateway] [pool-2-thread-6] c.c.g.gateway.telemetry.UsageCollector   : A7 UsageCollector aggregated 1 API + 1 token usage records for 2026-09-14 on today=2026-09-14
2026-09-14T16:48:42.942+08:00 DEBUG 79744 --- [ecos-gateway] [pool-2-thread-6] c.c.g.r.c.t.c.AgentCronTaskExecutor      : AgentCronTaskExecutor.onStatusUpdate: taskId=f169e154-354f-4941-b5e2-99ea59353c6f, status=SUCCEEDED
2026-09-14T16:48:42.942+08:00  INFO 79744 --- [ecos-gateway] [pool-2-thread-6] .c.g.r.c.t.s.i.TaskManagementServiceImpl : 任务执行完成: taskId=f169e154-354f-4941-b5e2-99ea59353c6f, status=SUCCEEDED
2026-09-14T16:48:42.943+08:00  INFO 79744 --- [ecos-gateway] [pool-2-thread-6] c.c.g.r.c.t.s.TaskSchedulerServiceImpl   : 定时任务已提交执行 task=f169e154-354f-4941-b5e2-99ea59353c6f taskType=USAGE_AGGREGATION
2026-09-14T16:49:03.179+08:00 DEBUG 79744 --- [ecos-gateway] [MessageBroker-2] c.c.g.e.d.r.D.findAll                    : ==>  Preparing: SELECT * FROM td_datasource ORDER BY create_time DESC
2026-09-14T16:49:03.180+08:00 DEBUG 79744 --- [ecos-gateway] [MessageBroker-2] c.c.g.e.d.r.D.findAll                    : ==> Parameters: 
2026-09-14T16:49:03.182+08:00 DEBUG 79744 --- [ecos-gateway] [MessageBroker-2] c.c.g.e.d.r.D.findAll                    : <==      Total: 4
2026-09-14T16:49:07.626+08:00  INFO 79744 --- [ecos-gateway] [essageBroker-14] o.s.w.s.c.WebSocketMessageBrokerStats    : WebSocketSession[0 current WS(0)-HttpStream(0)-HttpPoll(0), 0 total, 0 closed abnormally (0 connect failure, 0 send limit, 0 transport error)], stompSubProtocol[processed CONNECT(0)-CONNECTED(0)-DISCONNECT(0)], stompBrokerRelay[null], inboundChannel[pool size = 0, active threads = 0, queued tasks = 0, completed tasks = 0], outboundChannel[pool size = 0, active threads = 0, queued tasks = 0, completed tasks = 0], sockJsScheduler[pool size = 16, active threads = 1, queued tasks = 6, completed tasks = 497]
2026-09-14T16:49:08.560+08:00 DEBUG 79744 --- [ecos-gateway] [essageBroker-15] c.c.g.engine.kb.service.KGWriterService  : Neo4j health OK — node count: 44
2026-09-14T16:49:29.687+08:00 DEBUG 79744 --- [ecos-gateway] [nio-8080-exec-2] c.c.g.g.jdbc.TenantAwareJdbcTemplate     : Executing prepared SQL query
2026-09-14T16:49:29.698+08:00 DEBUG 79744 --- [ecos-gateway] [nio-8080-exec-2] c.c.g.g.jdbc.TenantAwareJdbcTemplate     : Executing prepared SQL statement [SELECT id, hypothesis_code, tenant_scope, statement, domain, metric_ref, evidence_ids, is_valid, invalid_at, invalid_reason, status, create_time, update_time, create_by, update_by FROM ecos_cognitive_hypothesis WHERE id = ? AND is_deleted = 0]
2026-09-14T16:49:29.702+08:00 DEBUG 79744 --- [ecos-gateway] [nio-8080-exec-2] c.c.g.g.jdbc.TenantAwareJdbcTemplate     : Executing prepared SQL update
2026-09-14T16:49:29.704+08:00 DEBUG 79744 --- [ecos-gateway] [nio-8080-exec-2] c.c.g.g.jdbc.TenantAwareJdbcTemplate     : Executing prepared SQL statement [UPDATE ecos_cognitive_hypothesis SET status = ?, is_valid = ?, invalid_at = ?, invalid_reason = ?, update_time = ? WHERE id = ? AND is_deleted = 0]
2026-09-14T16:49:29.713+08:00 DEBUG 79744 --- [ecos-gateway] [nio-8080-exec-2] c.c.g.g.jdbc.TenantAwareJdbcTemplate     : Executing prepared SQL query
2026-09-14T16:49:29.713+08:00 DEBUG 79744 --- [ecos-gateway] [nio-8080-exec-2] c.c.g.g.jdbc.TenantAwareJdbcTemplate     : Executing prepared SQL statement [SELECT id, hypothesis_code, tenant_scope, statement, domain, metric_ref, evidence_ids, is_valid, invalid_at, invalid_reason, status, create_time, update_time, create_by, update_by FROM ecos_cognitive_hypothesis WHERE id = ? AND is_deleted = 0]
2026-09-14T16:49:29.722+08:00  INFO 79744 --- [ecos-gateway] [nio-8080-exec-2] c.c.g.e.c.s.mental.MentalEventPublisher  : 心智事件已发布: eventType=COGNITIVE_HYPOTHESIS_INVALIDATED eventId=cog_evt_a2fb2df8-ba3
2026-09-14T16:49:29.730+08:00 DEBUG 79744 --- [ecos-gateway] [nio-8080-exec-2] c.c.g.g.i.TelemetryInterceptor           : OTel Span: traceId=00000000000000000000000000000000, POST /api/v1/cognitive/hypotheses/cog_hyp_4a34a896-ca9/invalidate → 200
2026-09-14T16:49:29.763+08:00 DEBUG 79744 --- [ecos-gateway] [ntainer#0-0-C-1] c.c.g.g.jdbc.TenantAwareJdbcTemplate     : Executing prepared SQL query
2026-09-14T16:49:29.764+08:00 DEBUG 79744 --- [ecos-gateway] [ntainer#0-0-C-1] c.c.g.g.jdbc.TenantAwareJdbcTemplate     : Executing prepared SQL statement [SELECT id, status FROM ecos_scenario_run WHERE is_deleted = 0 AND status IN (?, ?) AND simulation_result IS NOT NULL AND (simulation_result->'assumptionRefs') @> ?::jsonb ORDER BY create_time DESC]
2026-09-14T16:49:29.768+08:00 DEBUG 79744 --- [ecos-gateway] [ntainer#0-0-C-1] c.c.g.g.jdbc.TenantAwareJdbcTemplate     : Executing prepared SQL update
2026-09-14T16:49:29.770+08:00 DEBUG 79744 --- [ecos-gateway] [ntainer#0-0-C-1] c.c.g.g.jdbc.TenantAwareJdbcTemplate     : Executing prepared SQL statement [UPDATE ecos_scenario_run SET status = 'SUPERSEDED', update_time = ? WHERE id = ? AND is_deleted = 0 AND status IN (?, ?)]
2026-09-14T16:49:29.775+08:00 DEBUG 79744 --- [ecos-gateway] [ntainer#0-0-C-1] c.c.g.g.jdbc.TenantAwareJdbcTemplate     : Executing prepared SQL update
2026-09-14T16:49:29.775+08:00 DEBUG 79744 --- [ecos-gateway] [ntainer#0-0-C-1] c.c.g.g.jdbc.TenantAwareJdbcTemplate     : Executing prepared SQL statement [INSERT INTO ecos_cognitive_run_invalidation (id, event_id, hypothesis_id, run_id, auto_detected, superseded_at, detail, create_by, update_by, is_deleted) SELECT ?, ?, ?, ?, ?, ?, ?, 'system', 'system', 0 WHERE NOT EXISTS (SELECT 1 FROM ecos_cognitive_run_invalidation WHERE event_id = ? AND run_id = ? AND is_deleted = 0)]
2026-09-14T16:49:29.782+08:00  INFO 79744 --- [ecos-gateway] [ntainer#0-0-C-1] .g.e.c.s.m.CognitiveInvalidationConsumer : CognitiveInvalidationConsumer 作废联动完成: hypothesis=cog_hyp_4a34a896-ca9 event=cog_evt_a2fb2df8-ba3 supersededRuns=1
2026-09-14T16:49:29.784+08:00  INFO 79744 --- [ecos-gateway] [ntainer#0-0-C-1] c.c.g.e.c.s.mental.MentalEventPublisher  : 心智事件已发布: eventType=COGNITIVE_RUN_SUPERSEDED eventId=cog_evt_73a1e97f-0f1
2026-09-14T16:49:38.570+08:00 DEBUG 79744 --- [ecos-gateway] [essageBroker-16] c.c.g.engine.kb.service.KGWriterService  : Neo4j health OK — node count: 44
2026-09-14T16:49:42.904+08:00  INFO 79744 --- [ecos-gateway] [pool-2-thread-6] .c.g.r.c.t.s.i.TaskManagementServiceImpl : 任务已提交: taskId=f169e154-354f-4941-b5e2-99ea59353c6f, taskName=usage-aggregation
2026-09-14T16:49:42.906+08:00  INFO 79744 --- [ecos-gateway] [pool-2-thread-6] .c.g.r.c.t.s.i.TaskManagementServiceImpl : 任务已解析: taskId=f169e154-354f-4941-b5e2-99ea59353c6f
2026-09-14T16:49:42.907+08:00 DEBUG 79744 --- [ecos-gateway] [pool-2-thread-6] c.c.g.r.c.t.c.AgentCronTaskExecutor      : AgentCronTaskExecutor.onStatusUpdate: taskId=f169e154-354f-4941-b5e2-99ea59353c6f, status=RUNNING
2026-09-14T16:49:42.908+08:00 DEBUG 79744 --- [ecos-gateway] [pool-2-thread-6] c.c.g.g.jdbc.TenantAwareJdbcTemplate     : Executing prepared SQL update
2026-09-14T16:49:42.909+08:00 DEBUG 79744 --- [ecos-gateway] [pool-2-thread-6] c.c.g.g.jdbc.TenantAwareJdbcTemplate     : Executing prepared SQL statement [INSERT INTO ecos_tenant_usage (tenant_id, usage_date, quota_type, used_count, updated_at) SELECT 'unknown' AS tenant_id, ?::date, 'API_CALLS', COUNT(*) AS used_count, NOW() FROM ecos_spans s WHERE s.created_at::date = ?::date ON CONFLICT (tenant_id, usage_date, quota_type) DO UPDATE SET used_count = EXCLUDED.used_count, updated_at = NOW()]
2026-09-14T16:49:42.915+08:00 DEBUG 79744 --- [ecos-gateway] [pool-2-thread-6] c.c.g.g.jdbc.TenantAwareJdbcTemplate     : Executing prepared SQL update
2026-09-14T16:49:42.915+08:00 DEBUG 79744 --- [ecos-gateway] [pool-2-thread-6] c.c.g.g.jdbc.TenantAwareJdbcTemplate     : Executing prepared SQL statement [INSERT INTO ecos_tenant_usage (tenant_id, usage_date, quota_type, used_count, updated_at) SELECT 'unknown' AS tenant_id, ?::date, 'TOKENS', COALESCE(SUM(total_tokens), 0) AS used_count, NOW() FROM ecos_token_usage WHERE created_at::date = ?::date ON CONFLICT (tenant_id, usage_date, quota_type) DO UPDATE SET used_count = EXCLUDED.used_count, updated_at = NOW()]
2026-09-14T16:49:42.918+08:00 DEBUG 79744 --- [ecos-gateway] [pool-2-thread-6] c.c.g.gateway.telemetry.UsageCollector   : A7 UsageCollector aggregated 1 API + 1 token usage records for 2026-09-14 on today=2026-09-14
2026-09-14T16:49:42.920+08:00 DEBUG 79744 --- [ecos-gateway] [pool-2-thread-6] c.c.g.r.c.t.c.AgentCronTaskExecutor      : AgentCronTaskExecutor.onStatusUpdate: taskId=f169e154-354f-4941-b5e2-99ea59353c6f, status=SUCCEEDED
2026-09-14T16:49:42.921+08:00  INFO 79744 --- [ecos-gateway] [pool-2-thread-6] .c.g.r.c.t.s.i.TaskManagementServiceImpl : 任务执行完成: taskId=f169e154-354f-4941-b5e2-99ea59353c6f, status=SUCCEEDED
2026-09-14T16:49:42.921+08:00  INFO 79744 --- [ecos-gateway] [pool-2-thread-6] c.c.g.r.c.t.s.TaskSchedulerServiceImpl   : 定时任务已提交执行 task=f169e154-354f-4941-b5e2-99ea59353c6f taskType=USAGE_AGGREGATION
2026-09-14T16:50:03.199+08:00 DEBUG 79744 --- [ecos-gateway] [MessageBroker-7] c.c.g.e.d.r.D.findAll                    : ==>  Preparing: SELECT * FROM td_datasource ORDER BY create_time DESC
2026-09-14T16:50:03.199+08:00 DEBUG 79744 --- [ecos-gateway] [MessageBroker-7] c.c.g.e.d.r.D.findAll                    : ==> Parameters: 
2026-09-14T16:50:03.203+08:00 DEBUG 79744 --- [ecos-gateway] [MessageBroker-7] c.c.g.e.d.r.D.findAll                    : <==      Total: 4
2026-09-14T16:50:08.569+08:00 DEBUG 79744 --- [ecos-gateway] [MessageBroker-4] c.c.g.engine.kb.service.KGWriterService  : Neo4j health OK — node count: 44
2026-09-14T16:50:38.567+08:00 DEBUG 79744 --- [ecos-gateway] [essageBroker-11] c.c.g.engine.kb.service.KGWriterService  : Neo4j health OK — node count: 44
2026-09-14T16:50:42.906+08:00  INFO 79744 --- [ecos-gateway] [pool-2-thread-6] .c.g.r.c.t.s.i.TaskManagementServiceImpl : 任务已提交: taskId=f169e154-354f-4941-b5e2-99ea59353c6f, taskName=usage-aggregation
2026-09-14T16:50:42.908+08:00  INFO 79744 --- [ecos-gateway] [pool-2-thread-6] .c.g.r.c.t.s.i.TaskManagementServiceImpl : 任务已解析: taskId=f169e154-354f-4941-b5e2-99ea59353c6f
2026-09-14T16:50:42.910+08:00 DEBUG 79744 --- [ecos-gateway] [pool-2-thread-6] c.c.g.r.c.t.c.AgentCronTaskExecutor      : AgentCronTaskExecutor.onStatusUpdate: taskId=f169e154-354f-4941-b5e2-99ea59353c6f, status=RUNNING
2026-09-14T16:50:42.911+08:00 DEBUG 79744 --- [ecos-gateway] [pool-2-thread-6] c.c.g.g.jdbc.TenantAwareJdbcTemplate     : Executing prepared SQL update
2026-09-14T16:50:42.913+08:00 DEBUG 79744 --- [ecos-gateway] [pool-2-thread-6] c.c.g.g.jdbc.TenantAwareJdbcTemplate     : Executing prepared SQL statement [INSERT INTO ecos_tenant_usage (tenant_id, usage_date, quota_type, used_count, updated_at) SELECT 'unknown' AS tenant_id, ?::date, 'API_CALLS', COUNT(*) AS used_count, NOW() FROM ecos_spans s WHERE s.created_at::date = ?::date ON CONFLICT (tenant_id, usage_date, quota_type) DO UPDATE SET used_count = EXCLUDED.used_count, updated_at = NOW()]
2026-09-14T16:50:42.928+08:00 DEBUG 79744 --- [ecos-gateway] [pool-2-thread-6] c.c.g.g.jdbc.TenantAwareJdbcTemplate     : Executing prepared SQL update
2026-09-14T16:50:42.930+08:00 DEBUG 79744 --- [ecos-gateway] [pool-2-thread-6] c.c.g.g.jdbc.TenantAwareJdbcTemplate     : Executing prepared SQL statement [INSERT INTO ecos_tenant_usage (tenant_id, usage_date, quota_type, used_count, updated_at) SELECT 'unknown' AS tenant_id, ?::date, 'TOKENS', COALESCE(SUM(total_tokens), 0) AS used_count, NOW() FROM ecos_token_usage WHERE created_at::date = ?::date ON CONFLICT (tenant_id, usage_date, quota_type) DO UPDATE SET used_count = EXCLUDED.used_count, updated_at = NOW()]
2026-09-14T16:50:42.938+08:00 DEBUG 79744 --- [ecos-gateway] [pool-2-thread-6] c.c.g.gateway.telemetry.UsageCollector   : A7 UsageCollector aggregated 1 API + 1 token usage records for 2026-09-14 on today=2026-09-14
2026-09-14T16:50:42.940+08:00 DEBUG 79744 --- [ecos-gateway] [pool-2-thread-6] c.c.g.r.c.t.c.AgentCronTaskExecutor      : AgentCronTaskExecutor.onStatusUpdate: taskId=f169e154-354f-4941-b5e2-99ea59353c6f, status=SUCCEEDED
2026-09-14T16:50:42.941+08:00  INFO 79744 --- [ecos-gateway] [pool-2-thread-6] .c.g.r.c.t.s.i.TaskManagementServiceImpl : 任务执行完成: taskId=f169e154-354f-4941-b5e2-99ea59353c6f, status=SUCCEEDED
2026-09-14T16:50:42.943+08:00  INFO 79744 --- [ecos-gateway] [pool-2-thread-6] c.c.g.r.c.t.s.TaskSchedulerServiceImpl   : 定时任务已提交执行 task=f169e154-354f-4941-b5e2-99ea59353c6f taskType=USAGE_AGGREGATION
2026-09-14T16:51:03.209+08:00 DEBUG 79744 --- [ecos-gateway] [MessageBroker-3] c.c.g.e.d.r.D.findAll                    : ==>  Preparing: SELECT * FROM td_datasource ORDER BY create_time DESC
2026-09-14T16:51:03.218+08:00 DEBUG 79744 --- [ecos-gateway] [MessageBroker-3] c.c.g.e.d.r.D.findAll                    : ==> Parameters: 
2026-09-14T16:51:03.222+08:00 DEBUG 79744 --- [ecos-gateway] [MessageBroker-3] c.c.g.e.d.r.D.findAll                    : <==      Total: 4
2026-09-14T16:51:08.564+08:00 DEBUG 79744 --- [ecos-gateway] [essageBroker-13] c.c.g.engine.kb.service.KGWriterService  : Neo4j health OK — node count: 44
2026-09-14T16:51:24.640+08:00  INFO 79744 --- [ecos-gateway] [nio-8080-exec-4] c.c.g.e.c.s.mental.MentalReviewService   : 复盘聚合请求: tag=P2b-mental-layer-review since=2026-09-14T15:00
2026-09-14T16:51:24.641+08:00 DEBUG 79744 --- [ecos-gateway] [nio-8080-exec-4] c.c.g.g.jdbc.TenantAwareJdbcTemplate     : Executing prepared SQL query
2026-09-14T16:51:24.643+08:00 DEBUG 79744 --- [ecos-gateway] [nio-8080-exec-4] c.c.g.g.jdbc.TenantAwareJdbcTemplate     : Executing prepared SQL statement [SELECT variable_name, domain, version, distribution, is_manual_override, last_evidence_id, status, update_time FROM ecos_cognitive_belief WHERE is_deleted = 0 AND update_time >= ? ORDER BY variable_name, domain, version]
2026-09-14T16:51:24.656+08:00 DEBUG 79744 --- [ecos-gateway] [nio-8080-exec-4] c.c.g.g.jdbc.TenantAwareJdbcTemplate     : Executing prepared SQL query
2026-09-14T16:51:24.658+08:00 DEBUG 79744 --- [ecos-gateway] [nio-8080-exec-4] c.c.g.g.jdbc.TenantAwareJdbcTemplate     : Executing prepared SQL statement [SELECT h.id, h.hypothesis_code, h.domain, h.metric_ref, h.status, h.is_valid, h.invalid_at, h.invalid_reason, h.update_time, h.evidence_ids FROM ecos_cognitive_hypothesis h WHERE h.is_deleted = 0 AND (h.invalid_at IS NULL OR h.invalid_at >= ? OR h.update_time >= ?) ORDER BY h.update_time DESC, h.id]
2026-09-14T16:51:24.664+08:00 DEBUG 79744 --- [ecos-gateway] [nio-8080-exec-4] c.c.g.g.jdbc.TenantAwareJdbcTemplate     : Executing prepared SQL query
2026-09-14T16:51:24.665+08:00 DEBUG 79744 --- [ecos-gateway] [nio-8080-exec-4] c.c.g.g.jdbc.TenantAwareJdbcTemplate     : Executing prepared SQL statement [SELECT id, evidence_code, source_type, confidence, is_conflict, status, effective_time, create_time FROM ecos_cognitive_evidence WHERE is_deleted = 0 AND create_time >= ? ORDER BY create_time ASC, id]
2026-09-14T16:51:24.670+08:00 DEBUG 79744 --- [ecos-gateway] [nio-8080-exec-4] c.c.g.g.jdbc.TenantAwareJdbcTemplate     : Executing prepared SQL query
2026-09-14T16:51:24.672+08:00 DEBUG 79744 --- [ecos-gateway] [nio-8080-exec-4] c.c.g.g.jdbc.TenantAwareJdbcTemplate     : Executing prepared SQL statement [SELECT event_id, hypothesis_id, run_id, auto_detected, superseded_at, detail FROM ecos_cognitive_run_invalidation WHERE is_deleted = 0 AND superseded_at >= ? ORDER BY superseded_at DESC, id]
2026-09-14T16:51:24.692+08:00 DEBUG 79744 --- [ecos-gateway] [nio-8080-exec-4] c.c.g.g.i.TelemetryInterceptor           : OTel Span: traceId=00000000000000000000000000000000, GET /api/v1/cognitive/mental-reviews → 200
2026-09-14T16:51:24.794+08:00  WARN 79744 --- [ecos-gateway] [nio-8080-exec-6] c.c.g.g.handler.GlobalExceptionHandler   : BusinessException: COG-400: 非法复盘 tag=NOT_A_TAG（白名单: [P2b-mental-layer-review]）

com.chinacreator.gzcm.common.exception.BusinessException: COG-400: 非法复盘 tag=NOT_A_TAG（白名单: [P2b-mental-layer-review]）
	at com.chinacreator.gzcm.engine.cognitive2.service.mental.MentalReviewService.aggregate(MentalReviewService.java:56) ~[cognitive-engine-impl-1.0.0-SNAPSHOT.jar!/:na]
	at com.chinacreator.gzcm.engine.cognitive2.controller.MentalReviewController.mentalReviews(MentalReviewController.java:46) ~[cognitive-engine-impl-1.0.0-SNAPSHOT.jar!/:na]
	at java.base/jdk.internal.reflect.NativeMethodAccessorImpl.invoke0(Native Method) ~[na:na]
	at java.base/jdk.internal.reflect.NativeMethodAccessorImpl.invoke(NativeMethodAccessorImpl.java:77) ~[na:na]
	at java.base/jdk.internal.reflect.DelegatingMethodAccessorImpl.invoke(DelegatingMethodAccessorImpl.java:43) ~[na:na]
	at java.base/java.lang.reflect.Method.invoke(Method.java:568) ~[na:na]
	at org.springframework.web.method.support.InvocableHandlerMethod.doInvoke(InvocableHandlerMethod.java:261) ~[spring-web-6.1.3.jar!/:6.1.3]
	at org.springframework.web.method.support.InvocableHandlerMethod.invokeForRequest(InvocableHandlerMethod.java:189) ~[spring-web-6.1.3.jar!/:6.1.3]
	at org.springframework.web.servlet.mvc.method.annotation.ServletInvocableHandlerMethod.invokeAndHandle(ServletInvocableHandlerMethod.java:118) ~[spring-webmvc-6.1.3.jar!/:6.1.3]
	at org.springframework.web.servlet.mvc.method.annotation.RequestMappingHandlerAdapter.invokeHandlerMethod(RequestMappingHandlerAdapter.java:917) ~[spring-webmvc-6.1.3.jar!/:6.1.3]
	at org.springframework.web.servlet.mvc.method.annotation.RequestMappingHandlerAdapter.handleInternal(RequestMappingHandlerAdapter.java:829) ~[spring-webmvc-6.1.3.jar!/:6.1.3]
	at org.springframework.web.servlet.mvc.method.AbstractHandlerMethodAdapter.handle(AbstractHandlerMethodAdapter.java:87) ~[spring-webmvc-6.1.3.jar!/:6.1.3]
	at org.springframework.web.servlet.DispatcherServlet.doDispatch(DispatcherServlet.java:1089) ~[spring-webmvc-6.1.3.jar!/:6.1.3]
	at org.springframework.web.servlet.DispatcherServlet.doService(DispatcherServlet.java:979) ~[spring-webmvc-6.1.3.jar!/:6.1.3]
	at org.springframework.web.servlet.FrameworkServlet.processRequest(FrameworkServlet.java:1014) ~[spring-webmvc-6.1.3.jar!/:6.1.3]
	at org.springframework.web.servlet.FrameworkServlet.doGet(FrameworkServlet.java:903) ~[spring-webmvc-6.1.3.jar!/:6.1.3]
	at jakarta.servlet.http.HttpServlet.service(HttpServlet.java:564) ~[tomcat-embed-core-10.1.18.jar!/:na]
	at org.springframework.web.servlet.FrameworkServlet.service(FrameworkServlet.java:885) ~[spring-webmvc-6.1.3.jar!/:6.1.3]
	at jakarta.servlet.http.HttpServlet.service(HttpServlet.java:658) ~[tomcat-embed-core-10.1.18.jar!/:na]
	at org.apache.catalina.core.ApplicationFilterChain.internalDoFilter(ApplicationFilterChain.java:205) ~[tomcat-embed-core-10.1.18.jar!/:na]
	at org.apache.catalina.core.ApplicationFilterChain.doFilter(ApplicationFilterChain.java:149) ~[tomcat-embed-core-10.1.18.jar!/:na]
	at org.apache.tomcat.websocket.server.WsFilter.doFilter(WsFilter.java:51) ~[tomcat-embed-websocket-10.1.18.jar!/:na]
	at org.apache.catalina.core.ApplicationFilterChain.internalDoFilter(ApplicationFilterChain.java:174) ~[tomcat-embed-core-10.1.18.jar!/:na]
	at org.apache.catalina.core.ApplicationFilterChain.doFilter(ApplicationFilterChain.java:149) ~[tomcat-embed-core-10.1.18.jar!/:na]
	at org.springframework.web.filter.OncePerRequestFilter.doFilter(OncePerRequestFilter.java:110) ~[spring-web-6.1.3.jar!/:6.1.3]
	at org.apache.catalina.core.ApplicationFilterChain.internalDoFilter(ApplicationFilterChain.java:174) ~[tomcat-embed-core-10.1.18.jar!/:na]
	at org.apache.catalina.core.ApplicationFilterChain.doFilter(ApplicationFilterChain.java:149) ~[tomcat-embed-core-10.1.18.jar!/:na]
	at org.springframework.web.filter.OncePerRequestFilter.doFilter(OncePerRequestFilter.java:110) ~[spring-web-6.1.3.jar!/:6.1.3]
	at org.apache.catalina.core.ApplicationFilterChain.internalDoFilter(ApplicationFilterChain.java:174) ~[tomcat-embed-core-10.1.18.jar!/:na]
	at org.apache.catalina.core.ApplicationFilterChain.doFilter(ApplicationFilterChain.java:149) ~[tomcat-embed-core-10.1.18.jar!/:na]
	at com.chinacreator.gzcm.gateway.filter.QuotaFilter.doFilterInternal(QuotaFilter.java:88) ~[!/:na]
	at org.springframework.web.filter.OncePerRequestFilter.doFilter(OncePerRequestFilter.java:116) ~[spring-web-6.1.3.jar!/:6.1.3]
	at org.apache.catalina.core.ApplicationFilterChain.internalDoFilter(ApplicationFilterChain.java:174) ~[tomcat-embed-core-10.1.18.jar!/:na]
	at org.apache.catalina.core.ApplicationFilterChain.doFilter(ApplicationFilterChain.java:149) ~[tomcat-embed-core-10.1.18.jar!/:na]
	at com.chinacreator.gzcm.gateway.filter.RateLimitFilter.doFilterInternal(RateLimitFilter.java:64) ~[!/:na]
	at org.springframework.web.filter.OncePerRequestFilter.doFilter(OncePerRequestFilter.java:116) ~[spring-web-6.1.3.jar!/:6.1.3]
	at org.apache.catalina.core.ApplicationFilterChain.internalDoFilter(ApplicationFilterChain.java:174) ~[tomcat-embed-core-10.1.18.jar!/:na]
	at org.apache.catalina.core.ApplicationFilterChain.doFilter(ApplicationFilterChain.java:149) ~[tomcat-embed-core-10.1.18.jar!/:na]
	at com.chinacreator.gzcm.gateway.filter.SecurityHeadersFilter.doFilterInternal(SecurityHeadersFilter.java:70) ~[!/:na]
	at org.springframework.web.filter.OncePerRequestFilter.doFilter(OncePerRequestFilter.java:116) ~[spring-web-6.1.3.jar!/:6.1.3]
	at org.apache.catalina.core.ApplicationFilterChain.internalDoFilter(ApplicationFilterChain.java:174) ~[tomcat-embed-core-10.1.18.jar!/:na]
	at org.apache.catalina.core.ApplicationFilterChain.doFilter(ApplicationFilterChain.java:149) ~[tomcat-embed-core-10.1.18.jar!/:na]
	at org.springframework.web.filter.CompositeFilter$VirtualFilterChain.doFilter(CompositeFilter.java:108) ~[spring-web-6.1.3.jar!/:6.1.3]
	at org.springframework.security.web.FilterChainProxy.lambda$doFilterInternal$3(FilterChainProxy.java:231) ~[spring-security-web-6.2.1.jar!/:6.2.1]
	at org.springframework.security.web.ObservationFilterChainDecorator$FilterObservation$SimpleFilterObservation.lambda$wrap$1(ObservationFilterChainDecorator.java:479) ~[spring-security-web-6.2.1.jar!/:6.2.1]
	at org.springframework.security.web.ObservationFilterChainDecorator$AroundFilterObservation$SimpleAroundFilterObservation.lambda$wrap$1(ObservationFilterChainDecorator.java:340) ~[spring-security-web-6.2.1.jar!/:6.2.1]
	at org.springframework.security.web.ObservationFilterChainDecorator.lambda$wrapSecured$0(ObservationFilterChainDecorator.java:82) ~[spring-security-web-6.2.1.jar!/:6.2.1]
	at org.springframework.security.web.ObservationFilterChainDecorator$VirtualFilterChain.doFilter(ObservationFilterChainDecorator.java:128) ~[spring-security-web-6.2.1.jar!/:6.2.1]
	at org.springframework.security.web.access.intercept.AuthorizationFilter.doFilter(AuthorizationFilter.java:100) ~[spring-security-web-6.2.1.jar!/:6.2.1]
	at org.springframework.security.web.ObservationFilterChainDecorator$ObservationFilter.wrapFilter(ObservationFilterChainDecorator.java:240) ~[spring-security-web-6.2.1.jar!/:6.2.1]
	at org.springframework.security.web.ObservationFilterChainDecorator$ObservationFilter.doFilter(ObservationFilterChainDecorator.java:227) ~[spring-security-web-6.2.1.jar!/:6.2.1]
	at org.springframework.security.web.ObservationFilterChainDecorator$VirtualFilterChain.doFilter(ObservationFilterChainDecorator.java:137) ~[spring-security-web-6.2.1.jar!/:6.2.1]
	at org.springframework.security.web.access.ExceptionTranslationFilter.doFilter(ExceptionTranslationFilter.java:126) ~[spring-security-web-6.2.1.jar!/:6.2.1]
	at org.springframework.security.web.access.ExceptionTranslationFilter.doFilter(ExceptionTranslationFilter.java:120) ~[spring-security-web-6.2.1.jar!/:6.2.1]
	at org.springframework.security.web.ObservationFilterChainDecorator$ObservationFilter.wrapFilter(ObservationFilterChainDecorator.java:240) ~[spring-security-web-6.2.1.jar!/:6.2.1]
	at org.springframework.security.web.ObservationFilterChainDecorator$ObservationFilter.doFilter(ObservationFilterChainDecorator.java:227) ~[spring-security-web-6.2.1.jar!/:6.2.1]
	at org.springframework.security.web.ObservationFilterChainDecorator$VirtualFilterChain.doFilter(ObservationFilterChainDecorator.java:137) ~[spring-security-web-6.2.1.jar!/:6.2.1]
	at org.springframework.security.web.session.SessionManagementFilter.doFilter(SessionManagementFilter.java:131) ~[spring-security-web-6.2.1.jar!/:6.2.1]
	at org.springframework.security.web.session.SessionManagementFilter.doFilter(SessionManagementFilter.java:85) ~[spring-security-web-6.2.1.jar!/:6.2.1]
	at org.springframework.security.web.ObservationFilterChainDecorator$ObservationFilter.wrapFilter(ObservationFilterChainDecorator.java:240) ~[spring-security-web-6.2.1.jar!/:6.2.1]
	at org.springframework.security.web.ObservationFilterChainDecorator$ObservationFilter.doFilter(ObservationFilterChainDecorator.java:227) ~[spring-security-web-6.2.1.jar!/:6.2.1]
	at org.springframework.security.web.ObservationFilterChainDecorator$VirtualFilterChain.doFilter(ObservationFilterChainDecorator.java:137) ~[spring-security-web-6.2.1.jar!/:6.2.1]
	at org.springframework.security.web.authentication.AnonymousAuthenticationFilter.doFilter(AnonymousAuthenticationFilter.java:100) ~[spring-security-web-6.2.1.jar!/:6.2.1]
	at org.springframework.security.web.ObservationFilterChainDecorator$ObservationFilter.wrapFilter(ObservationFilterChainDecorator.java:240) ~[spring-security-web-6.2.1.jar!/:6.2.1]
	at org.springframework.security.web.ObservationFilterChainDecorator$ObservationFilter.doFilter(ObservationFilterChainDecorator.java:227) ~[spring-security-web-6.2.1.jar!/:6.2.1]
	at org.springframework.security.web.ObservationFilterChainDecorator$VirtualFilterChain.doFilter(ObservationFilterChainDecorator.java:137) ~[spring-security-web-6.2.1.jar!/:6.2.1]
	at org.springframework.security.web.servletapi.SecurityContextHolderAwareRequestFilter.doFilter(SecurityContextHolderAwareRequestFilter.java:179) ~[spring-security-web-6.2.1.jar!/:6.2.1]
	at org.springframework.security.web.ObservationFilterChainDecorator$ObservationFilter.wrapFilter(ObservationFilterChainDecorator.java:240) ~[spring-security-web-6.2.1.jar!/:6.2.1]
	at org.springframework.security.web.ObservationFilterChainDecorator$ObservationFilter.doFilter(ObservationFilterChainDecorator.java:227) ~[spring-security-web-6.2.1.jar!/:6.2.1]
	at org.springframework.security.web.ObservationFilterChainDecorator$VirtualFilterChain.doFilter(ObservationFilterChainDecorator.java:137) ~[spring-security-web-6.2.1.jar!/:6.2.1]
	at org.springframework.security.web.savedrequest.RequestCacheAwareFilter.doFilter(RequestCacheAwareFilter.java:63) ~[spring-security-web-6.2.1.jar!/:6.2.1]
	at org.springframework.security.web.ObservationFilterChainDecorator$ObservationFilter.wrapFilter(ObservationFilterChainDecorator.java:240) ~[spring-security-web-6.2.1.jar!/:6.2.1]
	at org.springframework.security.web.ObservationFilterChainDecorator$ObservationFilter.doFilter(ObservationFilterChainDecorator.java:227) ~[spring-security-web-6.2.1.jar!/:6.2.1]
	at org.springframework.security.web.ObservationFilterChainDecorator$VirtualFilterChain.doFilter(ObservationFilterChainDecorator.java:137) ~[spring-security-web-6.2.1.jar!/:6.2.1]
	at com.chinacreator.gzcm.sysman.security.JwtAuthenticationFilter.doFilterInternal(JwtAuthenticationFilter.java:69) ~[sysman-impl-1.0.0-SNAPSHOT.jar!/:na]
	at org.springframework.web.filter.OncePerRequestFilter.doFilter(OncePerRequestFilter.java:116) ~[spring-web-6.1.3.jar!/:6.1.3]
	at org.springframework.security.web.ObservationFilterChainDecorator$ObservationFilter.wrapFilter(ObservationFilterChainDecorator.java:240) ~[spring-security-web-6.2.1.jar!/:6.2.1]
	at org.springframework.security.web.ObservationFilterChainDecorator$ObservationFilter.doFilter(ObservationFilterChainDecorator.java:227) ~[spring-security-web-6.2.1.jar!/:6.2.1]
	at org.springframework.security.web.ObservationFilterChainDecorator$VirtualFilterChain.doFilter(ObservationFilterChainDecorator.java:137) ~[spring-security-web-6.2.1.jar!/:6.2.1]
	at org.springframework.security.web.authentication.logout.LogoutFilter.doFilter(LogoutFilter.java:107) ~[spring-security-web-6.2.1.jar!/:6.2.1]
	at org.springframework.security.web.authentication.logout.LogoutFilter.doFilter(LogoutFilter.java:93) ~[spring-security-web-6.2.1.jar!/:6.2.1]
	at org.springframework.security.web.ObservationFilterChainDecorator$ObservationFilter.wrapFilter(ObservationFilterChainDecorator.java:240) ~[spring-security-web-6.2.1.jar!/:6.2.1]
	at org.springframework.security.web.ObservationFilterChainDecorator$ObservationFilter.doFilter(ObservationFilterChainDecorator.java:227) ~[spring-security-web-6.2.1.jar!/:6.2.1]
	at org.springframework.security.web.ObservationFilterChainDecorator$VirtualFilterChain.doFilter(ObservationFilterChainDecorator.java:137) ~[spring-security-web-6.2.1.jar!/:6.2.1]
	at org.springframework.web.filter.CorsFilter.doFilterInternal(CorsFilter.java:91) ~[spring-web-6.1.3.jar!/:6.1.3]
	at org.springframework.web.filter.OncePerRequestFilter.doFilter(OncePerRequestFilter.java:116) ~[spring-web-6.1.3.jar!/:6.1.3]
	at org.springframework.security.web.ObservationFilterChainDecorator$ObservationFilter.wrapFilter(ObservationFilterChainDecorator.java:240) ~[spring-security-web-6.2.1.jar!/:6.2.1]
	at org.springframework.security.web.ObservationFilterChainDecorator$ObservationFilter.doFilter(ObservationFilterChainDecorator.java:227) ~[spring-security-web-6.2.1.jar!/:6.2.1]
	at org.springframework.security.web.ObservationFilterChainDecorator$VirtualFilterChain.doFilter(ObservationFilterChainDecorator.java:137) ~[spring-security-web-6.2.1.jar!/:6.2.1]
	at org.springframework.security.web.header.HeaderWriterFilter.doHeadersAfter(HeaderWriterFilter.java:90) ~[spring-security-web-6.2.1.jar!/:6.2.1]
	at org.springframework.security.web.header.HeaderWriterFilter.doFilterInternal(HeaderWriterFilter.java:75) ~[spring-security-web-6.2.1.jar!/:6.2.1]
	at org.springframework.web.filter.OncePerRequestFilter.doFilter(OncePerRequestFilter.java:116) ~[spring-web-6.1.3.jar!/:6.1.3]
	at org.springframework.security.web.ObservationFilterChainDecorator$ObservationFilter.wrapFilter(ObservationFilterChainDecorator.java:240) ~[spring-security-web-6.2.1.jar!/:6.2.1]
	at org.springframework.security.web.ObservationFilterChainDecorator$ObservationFilter.doFilter(ObservationFilterChainDecorator.java:227) ~[spring-security-web-6.2.1.jar!/:6.2.1]
	at org.springframework.security.web.ObservationFilterChainDecorator$VirtualFilterChain.doFilter(ObservationFilterChainDecorator.java:137) ~[spring-security-web-6.2.1.jar!/:6.2.1]
	at org.springframework.security.web.context.SecurityContextHolderFilter.doFilter(SecurityContextHolderFilter.java:82) ~[spring-security-web-6.2.1.jar!/:6.2.1]
	at org.springframework.security.web.context.SecurityContextHolderFilter.doFilter(SecurityContextHolderFilter.java:69) ~[spring-security-web-6.2.1.jar!/:6.2.1]
	at org.springframework.security.web.ObservationFilterChainDecorator$ObservationFilter.wrapFilter(ObservationFilterChainDecorator.java:240) ~[spring-security-web-6.2.1.jar!/:6.2.1]
	at org.springframework.security.web.ObservationFilterChainDecorator$ObservationFilter.doFilter(ObservationFilterChainDecorator.java:227) ~[spring-security-web-6.2.1.jar!/:6.2.1]
	at org.springframework.security.web.ObservationFilterChainDecorator$VirtualFilterChain.doFilter(ObservationFilterChainDecorator.java:137) ~[spring-security-web-6.2.1.jar!/:6.2.1]
	at org.springframework.security.web.context.request.async.WebAsyncManagerIntegrationFilter.doFilterInternal(WebAsyncManagerIntegrationFilter.java:62) ~[spring-security-web-6.2.1.jar!/:6.2.1]
	at org.springframework.web.filter.OncePerRequestFilter.doFilter(OncePerRequestFilter.java:116) ~[spring-web-6.1.3.jar!/:6.1.3]
	at org.springframework.security.web.ObservationFilterChainDecorator$ObservationFilter.wrapFilter(ObservationFilterChainDecorator.java:240) ~[spring-security-web-6.2.1.jar!/:6.2.1]
	at org.springframework.security.web.ObservationFilterChainDecorator$ObservationFilter.doFilter(ObservationFilterChainDecorator.java:227) ~[spring-security-web-6.2.1.jar!/:6.2.1]
	at org.springframework.security.web.ObservationFilterChainDecorator$VirtualFilterChain.doFilter(ObservationFilterChainDecorator.java:137) ~[spring-security-web-6.2.1.jar!/:6.2.1]
	at org.springframework.security.web.session.DisableEncodeUrlFilter.doFilterInternal(DisableEncodeUrlFilter.java:42) ~[spring-security-web-6.2.1.jar!/:6.2.1]
	at org.springframework.web.filter.OncePerRequestFilter.doFilter(OncePerRequestFilter.java:116) ~[spring-web-6.1.3.jar!/:6.1.3]
	at org.springframework.security.web.ObservationFilterChainDecorator$ObservationFilter.wrapFilter(ObservationFilterChainDecorator.java:240) ~[spring-security-web-6.2.1.jar!/:6.2.1]
	at org.springframework.security.web.ObservationFilterChainDecorator$AroundFilterObservation$SimpleAroundFilterObservation.lambda$wrap$0(ObservationFilterChainDecorator.java:323) ~[spring-security-web-6.2.1.jar!/:6.2.1]
	at org.springframework.security.web.ObservationFilterChainDecorator$ObservationFilter.doFilter(ObservationFilterChainDecorator.java:224) ~[spring-security-web-6.2.1.jar!/:6.2.1]
	at org.springframework.security.web.ObservationFilterChainDecorator$VirtualFilterChain.doFilter(ObservationFilterChainDecorator.java:137) ~[spring-security-web-6.2.1.jar!/:6.2.1]
	at org.springframework.security.web.FilterChainProxy.doFilterInternal(FilterChainProxy.java:233) ~[spring-security-web-6.2.1.jar!/:6.2.1]
	at org.springframework.security.web.FilterChainProxy.doFilter(FilterChainProxy.java:191) ~[spring-security-web-6.2.1.jar!/:6.2.1]
	at org.springframework.web.filter.CompositeFilter$VirtualFilterChain.doFilter(CompositeFilter.java:113) ~[spring-web-6.1.3.jar!/:6.1.3]
	at org.springframework.web.servlet.handler.HandlerMappingIntrospector.lambda$createCacheFilter$3(HandlerMappingIntrospector.java:195) ~[spring-webmvc-6.1.3.jar!/:6.1.3]
	at org.springframework.web.filter.CompositeFilter$VirtualFilterChain.doFilter(CompositeFilter.java:113) ~[spring-web-6.1.3.jar!/:6.1.3]
	at org.springframework.web.filter.CompositeFilter.doFilter(CompositeFilter.java:74) ~[spring-web-6.1.3.jar!/:6.1.3]
	at org.springframework.security.config.annotation.web.configuration.WebMvcSecurityConfiguration$CompositeFilterChainProxy.doFilter(WebMvcSecurityConfiguration.java:225) ~[spring-security-config-6.2.1.jar!/:6.2.1]
	at org.springframework.web.filter.DelegatingFilterProxy.invokeDelegate(DelegatingFilterProxy.java:352) ~[spring-web-6.1.3.jar!/:6.1.3]
	at org.springframework.web.filter.DelegatingFilterProxy.doFilter(DelegatingFilterProxy.java:268) ~[spring-web-6.1.3.jar!/:6.1.3]
	at org.apache.catalina.core.ApplicationFilterChain.internalDoFilter(ApplicationFilterChain.java:174) ~[tomcat-embed-core-10.1.18.jar!/:na]
	at org.apache.catalina.core.ApplicationFilterChain.doFilter(ApplicationFilterChain.java:149) ~[tomcat-embed-core-10.1.18.jar!/:na]
	at org.springframework.web.filter.RequestContextFilter.doFilterInternal(RequestContextFilter.java:100) ~[spring-web-6.1.3.jar!/:6.1.3]
	at org.springframework.web.filter.OncePerRequestFilter.doFilter(OncePerRequestFilter.java:116) ~[spring-web-6.1.3.jar!/:6.1.3]
	at org.apache.catalina.core.ApplicationFilterChain.internalDoFilter(ApplicationFilterChain.java:174) ~[tomcat-embed-core-10.1.18.jar!/:na]
	at org.apache.catalina.core.ApplicationFilterChain.doFilter(ApplicationFilterChain.java:149) ~[tomcat-embed-core-10.1.18.jar!/:na]
	at org.springframework.web.filter.FormContentFilter.doFilterInternal(FormContentFilter.java:93) ~[spring-web-6.1.3.jar!/:6.1.3]
	at org.springframework.web.filter.OncePerRequestFilter.doFilter(OncePerRequestFilter.java:116) ~[spring-web-6.1.3.jar!/:6.1.3]
	at org.apache.catalina.core.ApplicationFilterChain.internalDoFilter(ApplicationFilterChain.java:174) ~[tomcat-embed-core-10.1.18.jar!/:na]
	at org.apache.catalina.core.ApplicationFilterChain.doFilter(ApplicationFilterChain.java:149) ~[tomcat-embed-core-10.1.18.jar!/:na]
	at com.chinacreator.gzcm.gateway.filter.VersionPrefixRewriteFilter.doFilterInternal(VersionPrefixRewriteFilter.java:147) ~[!/:na]
	at org.springframework.web.filter.OncePerRequestFilter.doFilter(OncePerRequestFilter.java:116) ~[spring-web-6.1.3.jar!/:6.1.3]
	at org.apache.catalina.core.ApplicationFilterChain.internalDoFilter(ApplicationFilterChain.java:174) ~[tomcat-embed-core-10.1.18.jar!/:na]
	at org.apache.catalina.core.ApplicationFilterChain.doFilter(ApplicationFilterChain.java:149) ~[tomcat-embed-core-10.1.18.jar!/:na]
	at org.springframework.web.filter.ServerHttpObservationFilter.doFilterInternal(ServerHttpObservationFilter.java:109) ~[spring-web-6.1.3.jar!/:6.1.3]
	at org.springframework.web.filter.OncePerRequestFilter.doFilter(OncePerRequestFilter.java:116) ~[spring-web-6.1.3.jar!/:6.1.3]
	at org.apache.catalina.core.ApplicationFilterChain.internalDoFilter(ApplicationFilterChain.java:174) ~[tomcat-embed-core-10.1.18.jar!/:na]
	at org.apache.catalina.core.ApplicationFilterChain.doFilter(ApplicationFilterChain.java:149) ~[tomcat-embed-core-10.1.18.jar!/:na]
	at org.springframework.web.filter.CharacterEncodingFilter.doFilterInternal(CharacterEncodingFilter.java:201) ~[spring-web-6.1.3.jar!/:6.1.3]
	at org.springframework.web.filter.OncePerRequestFilter.doFilter(OncePerRequestFilter.java:116) ~[spring-web-6.1.3.jar!/:6.1.3]
	at org.apache.catalina.core.ApplicationFilterChain.internalDoFilter(ApplicationFilterChain.java:174) ~[tomcat-embed-core-10.1.18.jar!/:na]
	at org.apache.catalina.core.ApplicationFilterChain.doFilter(ApplicationFilterChain.java:149) ~[tomcat-embed-core-10.1.18.jar!/:na]
	at org.apache.catalina.core.StandardWrapperValve.invoke(StandardWrapperValve.java:167) ~[tomcat-embed-core-10.1.18.jar!/:na]
	at org.apache.catalina.core.StandardContextValve.invoke(StandardContextValve.java:90) ~[tomcat-embed-core-10.1.18.jar!/:na]
	at org.apache.catalina.authenticator.AuthenticatorBase.invoke(AuthenticatorBase.java:482) ~[tomcat-embed-core-10.1.18.jar!/:na]
	at org.apache.catalina.core.StandardHostValve.invoke(StandardHostValve.java:115) ~[tomcat-embed-core-10.1.18.jar!/:na]
	at org.apache.catalina.valves.ErrorReportValve.invoke(ErrorReportValve.java:93) ~[tomcat-embed-core-10.1.18.jar!/:na]
	at org.apache.catalina.core.StandardEngineValve.invoke(StandardEngineValve.java:74) ~[tomcat-embed-core-10.1.18.jar!/:na]
	at org.apache.catalina.connector.CoyoteAdapter.service(CoyoteAdapter.java:340) ~[tomcat-embed-core-10.1.18.jar!/:na]
	at org.apache.coyote.http11.Http11Processor.service(Http11Processor.java:391) ~[tomcat-embed-core-10.1.18.jar!/:na]
	at org.apache.coyote.AbstractProcessorLight.process(AbstractProcessorLight.java:63) ~[tomcat-embed-core-10.1.18.jar!/:na]
	at org.apache.coyote.AbstractProtocol$ConnectionHandler.process(AbstractProtocol.java:896) ~[tomcat-embed-core-10.1.18.jar!/:na]
	at org.apache.tomcat.util.net.NioEndpoint$SocketProcessor.doRun(NioEndpoint.java:1744) ~[tomcat-embed-core-10.1.18.jar!/:na]
	at org.apache.tomcat.util.net.SocketProcessorBase.run(SocketProcessorBase.java:52) ~[tomcat-embed-core-10.1.18.jar!/:na]
	at org.apache.tomcat.util.threads.ThreadPoolExecutor.runWorker(ThreadPoolExecutor.java:1191) ~[tomcat-embed-core-10.1.18.jar!/:na]
	at org.apache.tomcat.util.threads.ThreadPoolExecutor$Worker.run(ThreadPoolExecutor.java:659) ~[tomcat-embed-core-10.1.18.jar!/:na]
	at org.apache.tomcat.util.threads.TaskThread$WrappingRunnable.run(TaskThread.java:61) ~[tomcat-embed-core-10.1.18.jar!/:na]
	at java.base/java.lang.Thread.run(Thread.java:842) ~[na:na]

2026-09-14T16:51:24.804+08:00 DEBUG 79744 --- [ecos-gateway] [nio-8080-exec-6] c.c.g.g.i.TelemetryInterceptor           : OTel Span: traceId=00000000000000000000000000000000, GET /api/v1/cognitive/mental-reviews → 400
2026-09-14T16:51:38.560+08:00 DEBUG 79744 --- [ecos-gateway] [MessageBroker-5] c.c.g.engine.kb.service.KGWriterService  : Neo4j health OK — node count: 44
2026-09-14T16:51:39.452+08:00  INFO 79744 --- [ecos-gateway] [ad | producer-1] org.apache.kafka.clients.Metadata        : [Producer clientId=producer-1] Resetting the last seen epoch of partition ecos.audit-0 to 0 since the associated topicId changed from null to DACNnTHISoS2rkJkS5OA1w
2026-09-14T16:51:42.915+08:00  INFO 79744 --- [ecos-gateway] [pool-2-thread-6] .c.g.r.c.t.s.i.TaskManagementServiceImpl : 任务已提交: taskId=f169e154-354f-4941-b5e2-99ea59353c6f, taskName=usage-aggregation
2026-09-14T16:51:42.917+08:00  INFO 79744 --- [ecos-gateway] [pool-2-thread-6] .c.g.r.c.t.s.i.TaskManagementServiceImpl : 任务已解析: taskId=f169e154-354f-4941-b5e2-99ea59353c6f
2026-09-14T16:51:42.917+08:00 DEBUG 79744 --- [ecos-gateway] [pool-2-thread-6] c.c.g.r.c.t.c.AgentCronTaskExecutor      : AgentCronTaskExecutor.onStatusUpdate: taskId=f169e154-354f-4941-b5e2-99ea59353c6f, status=RUNNING
2026-09-14T16:51:42.918+08:00 DEBUG 79744 --- [ecos-gateway] [pool-2-thread-6] c.c.g.g.jdbc.TenantAwareJdbcTemplate     : Executing prepared SQL update
2026-09-14T16:51:42.919+08:00 DEBUG 79744 --- [ecos-gateway] [pool-2-thread-6] c.c.g.g.jdbc.TenantAwareJdbcTemplate     : Executing prepared SQL statement [INSERT INTO ecos_tenant_usage (tenant_id, usage_date, quota_type, used_count, updated_at) SELECT 'unknown' AS tenant_id, ?::date, 'API_CALLS', COUNT(*) AS used_count, NOW() FROM ecos_spans s WHERE s.created_at::date = ?::date ON CONFLICT (tenant_id, usage_date, quota_type) DO UPDATE SET used_count = EXCLUDED.used_count, updated_at = NOW()]
2026-09-14T16:51:42.924+08:00 DEBUG 79744 --- [ecos-gateway] [pool-2-thread-6] c.c.g.g.jdbc.TenantAwareJdbcTemplate     : Executing prepared SQL update
2026-09-14T16:51:42.924+08:00 DEBUG 79744 --- [ecos-gateway] [pool-2-thread-6] c.c.g.g.jdbc.TenantAwareJdbcTemplate     : Executing prepared SQL statement [INSERT INTO ecos_tenant_usage (tenant_id, usage_date, quota_type, used_count, updated_at) SELECT 'unknown' AS tenant_id, ?::date, 'TOKENS', COALESCE(SUM(total_tokens), 0) AS used_count, NOW() FROM ecos_token_usage WHERE created_at::date = ?::date ON CONFLICT (tenant_id, usage_date, quota_type) DO UPDATE SET used_count = EXCLUDED.used_count, updated_at = NOW()]
2026-09-14T16:51:42.928+08:00 DEBUG 79744 --- [ecos-gateway] [pool-2-thread-6] c.c.g.gateway.telemetry.UsageCollector   : A7 UsageCollector aggregated 1 API + 1 token usage records for 2026-09-14 on today=2026-09-14
2026-09-14T16:51:42.929+08:00 DEBUG 79744 --- [ecos-gateway] [pool-2-thread-6] c.c.g.r.c.t.c.AgentCronTaskExecutor      : AgentCronTaskExecutor.onStatusUpdate: taskId=f169e154-354f-4941-b5e2-99ea59353c6f, status=SUCCEEDED
2026-09-14T16:51:42.929+08:00  INFO 79744 --- [ecos-gateway] [pool-2-thread-6] .c.g.r.c.t.s.i.TaskManagementServiceImpl : 任务执行完成: taskId=f169e154-354f-4941-b5e2-99ea59353c6f, status=SUCCEEDED
2026-09-14T16:51:42.931+08:00  INFO 79744 --- [ecos-gateway] [pool-2-thread-6] c.c.g.r.c.t.s.TaskSchedulerServiceImpl   : 定时任务已提交执行 task=f169e154-354f-4941-b5e2-99ea59353c6f taskType=USAGE_AGGREGATION
2026-09-14T16:52:02.330+08:00  INFO 79744 --- [ecos-gateway] [nio-8080-exec-7] c.c.g.e.c.c.DiagnosisController          : 因果诊断请求: metric=安全指标, deviation=0.0, domain=business, maxDepth=4
2026-09-14T16:52:02.331+08:00  INFO 79744 --- [ecos-gateway] [nio-8080-exec-7] c.c.g.e.c.s.CausalReasonerServiceImpl    : == 因果诊断开始: metric=安全指标, deviation=0.0, domain=business, maxDepth=4
2026-09-14T16:52:02.340+08:00 DEBUG 79744 --- [ecos-gateway] [nio-8080-exec-7] c.c.g.e.k.r.K.searchByLabelPattern       : ==>  Preparing: SELECT id, label, node_type as nodeType, description, properties as propertiesJson, domain, created_at as createdAt, updated_at as updatedAt FROM ecos_knowledge.graph_node WHERE label ILIKE ?
2026-09-14T16:52:02.343+08:00 DEBUG 79744 --- [ecos-gateway] [nio-8080-exec-7] c.c.g.e.k.r.K.searchByLabelPattern       : ==> Parameters: %安全指标%(String)
2026-09-14T16:52:02.377+08:00 DEBUG 79744 --- [ecos-gateway] [nio-8080-exec-7] c.c.g.e.k.r.K.searchByLabelPattern       : <==      Total: 0
2026-09-14T16:52:02.381+08:00  WARN 79744 --- [ecos-gateway] [nio-8080-exec-7] c.c.g.e.c.s.CausalReasonerServiceImpl    : 指标 '安全指标' 在 KG 中未覆盖，启用规则兜底降级诊断 (confidence=0.4)
2026-09-14T16:52:02.386+08:00 DEBUG 79744 --- [ecos-gateway] [nio-8080-exec-7] c.c.g.e.c.service.CausalDetector         : KG中未搜索到匹配 '安全指标' 的节点
2026-09-14T16:52:02.387+08:00  INFO 79744 --- [ecos-gateway] [nio-8080-exec-7] c.c.g.e.c.s.CausalReasonerServiceImpl    : KG路径深度=1，不足目标深度=4，启用LLM补充推理
2026-09-14T16:52:02.566+08:00 DEBUG 79744 --- [ecos-gateway] [nio-8080-exec-8] c.c.gzcm.engine.ai.service.AgentTracer   : [AgentTracer] Created trace 73ace6a4
2026-09-14T16:52:02.573+08:00 DEBUG 79744 --- [ecos-gateway] [nio-8080-exec-8] c.c.g.g.jdbc.TenantAwareJdbcTemplate     : Executing prepared SQL query
2026-09-14T16:52:02.574+08:00 DEBUG 79744 --- [ecos-gateway] [nio-8080-exec-8] c.c.g.g.jdbc.TenantAwareJdbcTemplate     : Executing prepared SQL statement [SELECT COUNT(*) FROM sys_agent_message WHERE session_id = ?]
2026-09-14T16:52:02.582+08:00 DEBUG 79744 --- [ecos-gateway] [nio-8080-exec-8] c.c.g.e.ai.service.AgentConfigResolver   : [AgentConfigResolver] L1 defaults: provider=deepseek, model=deepseek-chat, temp=0.3, maxCtx=8000, maxIter=5, timeout=300000ms
2026-09-14T16:52:02.583+08:00 DEBUG 79744 --- [ecos-gateway] [nio-8080-exec-8] c.c.g.e.ai.service.AgentConfigResolver   : [AgentConfigResolver] agentId is default/null, skipping L2/L3 lookups
2026-09-14T16:52:02.585+08:00  INFO 79744 --- [ecos-gateway] [nio-8080-exec-8] c.c.g.e.ai.service.AgentLoopService      : [AgentLoop] Resolved config for agent 'default': AgentLoopConfig{provider=deepseek, model=deepseek-chat, temp=0.3, maxTokens=2048, maxCtx=8000, maxIter=5, timeout=300000ms}
2026-09-14T16:52:02.603+08:00 DEBUG 79744 --- [ecos-gateway] [nio-8080-exec-8] c.c.g.g.jdbc.TenantAwareJdbcTemplate     : Executing prepared SQL query
2026-09-14T16:52:02.606+08:00 DEBUG 79744 --- [ecos-gateway] [nio-8080-exec-8] c.c.g.g.jdbc.TenantAwareJdbcTemplate     : Executing prepared SQL statement [SELECT * FROM ecos_skill WHERE 1=1 AND enabled = ? ORDER BY created_at DESC]
2026-09-14T16:52:02.617+08:00  INFO 79744 --- [ecos-gateway] [nio-8080-exec-8] c.c.g.e.ai.service.AgentLoopService      : [AgentLoop] Injected 3 enabled skills into system prompt (183 chars)
2026-09-14T16:52:02.618+08:00 DEBUG 79744 --- [ecos-gateway] [nio-8080-exec-8] c.c.g.e.ai.service.AgentLoopService      : [AgentLoop] No session messages available for memory extraction
2026-09-14T16:52:02.624+08:00 DEBUG 79744 --- [ecos-gateway] [nio-8080-exec-8] c.c.g.e.ai.service.AgentLoopService      : [AgentLoop] Built 2 initial messages
2026-09-14T16:52:02.629+08:00  INFO 79744 --- [ecos-gateway] [nio-8080-exec-8] c.c.g.e.ai.service.AgentLoopService      : [AgentLoop] trimHistory: 2 messages → 2 messages, 1142 tokens / 7001 budget (system=499)
2026-09-14T16:52:02.631+08:00  INFO 79744 --- [ecos-gateway] [nio-8080-exec-8] c.c.g.e.ai.service.AgentLoopService      : [AgentLoop] turn=1/5 session=sess-2697d0c14c0a4f3aa8ffb964435c4687 trace=73ace6a4
2026-09-14T16:52:03.242+08:00 DEBUG 79744 --- [ecos-gateway] [MessageBroker-1] c.c.g.e.d.r.D.findAll                    : ==>  Preparing: SELECT * FROM td_datasource ORDER BY create_time DESC
2026-09-14T16:52:03.244+08:00 DEBUG 79744 --- [ecos-gateway] [MessageBroker-1] c.c.g.e.d.r.D.findAll                    : ==> Parameters: 
2026-09-14T16:52:03.251+08:00 DEBUG 79744 --- [ecos-gateway] [MessageBroker-1] c.c.g.e.d.r.D.findAll                    : <==      Total: 4
2026-09-14T16:52:04.020+08:00 ERROR 79744 --- [ecos-gateway] [nio-8080-exec-8] c.c.g.r.llm.gateway.LLMGatewayImpl       : LLM API error: HTTP 401  | Body: Authentication Fails (auth header format should be Bearer sk-...) | Duration: 1259ms
2026-09-14T16:52:04.024+08:00 DEBUG 79744 --- [ecos-gateway] [nio-8080-exec-8] c.c.gzcm.engine.ai.service.AgentTracer   : [AgentTracer] trace=73ace6a4 turn=1 action=think elapsedMs=1390 tokens=0
2026-09-14T16:52:04.025+08:00 ERROR 79744 --- [ecos-gateway] [nio-8080-exec-8] c.c.g.e.ai.service.AgentLoopService      : [AgentLoop] LLM call failed at turn 1: HTTP 401: Authentication Fails (auth header format should be Bearer sk-...)
2026-09-14T16:52:04.026+08:00  INFO 79744 --- [ecos-gateway] [nio-8080-exec-8] c.c.g.e.ai.service.AgentLoopService      : [AgentLoop] Retrying LLM call once after format error
2026-09-14T16:52:04.097+08:00 ERROR 79744 --- [ecos-gateway] [nio-8080-exec-8] c.c.g.r.llm.gateway.LLMGatewayImpl       : LLM API error: HTTP 401  | Body: Authentication Fails (auth header format should be Bearer sk-...) | Duration: 68ms
2026-09-14T16:52:04.105+08:00 DEBUG 79744 --- [ecos-gateway] [nio-8080-exec-8] c.c.g.g.i.TelemetryInterceptor           : OTel Span: traceId=00000000000000000000000000000000, POST /api/v1/agent-loop/chat → 200
2026-09-14T16:52:04.116+08:00  WARN 79744 --- [ecos-gateway] [nio-8080-exec-7] c.c.g.e.c.service.SuggestionBuilder      : ai-engine Agent推理失败: LLM 调用失败（已重试）: HTTP 401: Authentication Fails (auth header format should be Bearer sk-...)
2026-09-14T16:52:04.118+08:00  WARN 79744 --- [ecos-gateway] [nio-8080-exec-7] c.c.g.e.c.service.SuggestionBuilder      : ai-engine Agent调用失败: Agent推理失败: LLM 调用失败（已重试）: HTTP 401: Authentication Fails (auth header format should be Bearer sk-...)
2026-09-14T16:52:04.118+08:00  WARN 79744 --- [ecos-gateway] [nio-8080-exec-7] c.c.g.e.c.s.CausalReasonerServiceImpl    : LLM补充推理失败: ai-engine Agent不可用: Agent推理失败: LLM 调用失败（已重试）: HTTP 401: Authentication Fails (auth header format should be Bearer sk-...)
2026-09-14T16:52:04.120+08:00  INFO 79744 --- [ecos-gateway] [nio-8080-exec-7] c.c.g.e.c.s.CausalReasonerServiceImpl    : 因果链不足3层(size=1)，启用规则引擎兜底
2026-09-14T16:52:04.123+08:00  INFO 79744 --- [ecos-gateway] [nio-8080-exec-7] c.c.g.e.c.service.RootCauseAnalyzer      : 规则引擎兜底完成: 因果链 size=4 (新增3层)
2026-09-14T16:52:04.151+08:00 DEBUG 79744 --- [ecos-gateway] [nio-8080-exec-9] c.c.gzcm.engine.ai.service.AgentTracer   : [AgentTracer] Created trace ae417cbe
2026-09-14T16:52:04.153+08:00 DEBUG 79744 --- [ecos-gateway] [nio-8080-exec-9] c.c.g.g.jdbc.TenantAwareJdbcTemplate     : Executing prepared SQL query
2026-09-14T16:52:04.153+08:00 DEBUG 79744 --- [ecos-gateway] [nio-8080-exec-9] c.c.g.g.jdbc.TenantAwareJdbcTemplate     : Executing prepared SQL statement [SELECT COUNT(*) FROM sys_agent_message WHERE session_id = ?]
2026-09-14T16:52:04.159+08:00 DEBUG 79744 --- [ecos-gateway] [nio-8080-exec-9] c.c.g.e.ai.service.AgentConfigResolver   : [AgentConfigResolver] L1 defaults: provider=deepseek, model=deepseek-chat, temp=0.3, maxCtx=8000, maxIter=5, timeout=300000ms
2026-09-14T16:52:04.160+08:00 DEBUG 79744 --- [ecos-gateway] [nio-8080-exec-9] c.c.g.e.ai.service.AgentConfigResolver   : [AgentConfigResolver] agentId is default/null, skipping L2/L3 lookups
2026-09-14T16:52:04.161+08:00  INFO 79744 --- [ecos-gateway] [nio-8080-exec-9] c.c.g.e.ai.service.AgentLoopService      : [AgentLoop] Resolved config for agent 'default': AgentLoopConfig{provider=deepseek, model=deepseek-chat, temp=0.3, maxTokens=2048, maxCtx=8000, maxIter=5, timeout=300000ms}
2026-09-14T16:52:04.162+08:00 DEBUG 79744 --- [ecos-gateway] [nio-8080-exec-9] c.c.g.g.jdbc.TenantAwareJdbcTemplate     : Executing prepared SQL query
2026-09-14T16:52:04.163+08:00 DEBUG 79744 --- [ecos-gateway] [nio-8080-exec-9] c.c.g.g.jdbc.TenantAwareJdbcTemplate     : Executing prepared SQL statement [SELECT * FROM ecos_skill WHERE 1=1 AND enabled = ? ORDER BY created_at DESC]
2026-09-14T16:52:04.168+08:00  INFO 79744 --- [ecos-gateway] [nio-8080-exec-9] c.c.g.e.ai.service.AgentLoopService      : [AgentLoop] Injected 3 enabled skills into system prompt (183 chars)
2026-09-14T16:52:04.169+08:00 DEBUG 79744 --- [ecos-gateway] [nio-8080-exec-9] c.c.g.e.ai.service.AgentLoopService      : [AgentLoop] No session messages available for memory extraction
2026-09-14T16:52:04.170+08:00 DEBUG 79744 --- [ecos-gateway] [nio-8080-exec-9] c.c.g.e.ai.service.AgentLoopService      : [AgentLoop] Built 2 initial messages
2026-09-14T16:52:04.172+08:00  INFO 79744 --- [ecos-gateway] [nio-8080-exec-9] c.c.g.e.ai.service.AgentLoopService      : [AgentLoop] trimHistory: 2 messages → 2 messages, 891 tokens / 7001 budget (system=499)
2026-09-14T16:52:04.173+08:00  INFO 79744 --- [ecos-gateway] [nio-8080-exec-9] c.c.g.e.ai.service.AgentLoopService      : [AgentLoop] turn=1/5 session=sess-f11087534d84447a82c8f325f7c83255 trace=ae417cbe
2026-09-14T16:52:04.252+08:00 ERROR 79744 --- [ecos-gateway] [nio-8080-exec-9] c.c.g.r.llm.gateway.LLMGatewayImpl       : LLM API error: HTTP 401  | Body: Authentication Fails (auth header format should be Bearer sk-...) | Duration: 76ms
2026-09-14T16:52:04.254+08:00 DEBUG 79744 --- [ecos-gateway] [nio-8080-exec-9] c.c.gzcm.engine.ai.service.AgentTracer   : [AgentTracer] trace=ae417cbe turn=1 action=think elapsedMs=81 tokens=0
2026-09-14T16:52:04.254+08:00 ERROR 79744 --- [ecos-gateway] [nio-8080-exec-9] c.c.g.e.ai.service.AgentLoopService      : [AgentLoop] LLM call failed at turn 1: HTTP 401: Authentication Fails (auth header format should be Bearer sk-...)
2026-09-14T16:52:04.256+08:00  INFO 79744 --- [ecos-gateway] [nio-8080-exec-9] c.c.g.e.ai.service.AgentLoopService      : [AgentLoop] Retrying LLM call once after format error
2026-09-14T16:52:04.354+08:00 ERROR 79744 --- [ecos-gateway] [nio-8080-exec-9] c.c.g.r.llm.gateway.LLMGatewayImpl       : LLM API error: HTTP 401  | Body: Authentication Fails (auth header format should be Bearer sk-...) | Duration: 95ms
2026-09-14T16:52:04.359+08:00 DEBUG 79744 --- [ecos-gateway] [nio-8080-exec-9] c.c.g.g.i.TelemetryInterceptor           : OTel Span: traceId=00000000000000000000000000000000, POST /api/v1/agent-loop/chat → 200
2026-09-14T16:52:04.362+08:00  WARN 79744 --- [ecos-gateway] [nio-8080-exec-7] c.c.g.e.c.service.SuggestionBuilder      : ai-engine Agent推理失败: LLM 调用失败（已重试）: HTTP 401: Authentication Fails (auth header format should be Bearer sk-...)
2026-09-14T16:52:04.363+08:00  WARN 79744 --- [ecos-gateway] [nio-8080-exec-7] c.c.g.e.c.service.SuggestionBuilder      : ai-engine Agent调用失败: Agent推理失败: LLM 调用失败（已重试）: HTTP 401: Authentication Fails (auth header format should be Bearer sk-...)
2026-09-14T16:52:04.365+08:00  WARN 79744 --- [ecos-gateway] [nio-8080-exec-7] c.c.g.e.c.service.RootCauseAnalyzer      : LLM生成建议失败: ai-engine Agent不可用: Agent推理失败: LLM 调用失败（已重试）: HTTP 401: Authentication Fails (auth header format should be Bearer sk-...)
2026-09-14T16:52:04.370+08:00  INFO 79744 --- [ecos-gateway] [nio-8080-exec-7] c.c.g.e.c.service.DecisionServiceImpl    : Finding similar decisions: query=安全指标 偏差 0% 业务域 business, max=3
2026-09-14T16:52:04.371+08:00 DEBUG 79744 --- [ecos-gateway] [nio-8080-exec-7] c.c.g.g.jdbc.TenantAwareJdbcTemplate     : Executing prepared SQL query
2026-09-14T16:52:04.372+08:00 DEBUG 79744 --- [ecos-gateway] [nio-8080-exec-7] c.c.g.g.jdbc.TenantAwareJdbcTemplate     : Executing prepared SQL statement [SELECT * FROM ecos_decision WHERE category = ?    OR scenario ILIKE ?    OR reasoning ILIKE ? ORDER BY created_at DESC LIMIT ?]
2026-09-14T16:52:04.381+08:00 DEBUG 79744 --- [ecos-gateway] [nio-8080-exec-7] c.c.g.e.c.service.PrecedentRecaller      : no similar precedent for scenario=安全指标 偏差 0% 业务域 business
2026-09-14T16:52:04.384+08:00 DEBUG 79744 --- [ecos-gateway] [nio-8080-exec-7] c.c.g.e.k.r.C.findByDomain               : ==>  Preparing: SELECT id, name, domain, rule_type AS ruleType, condition, action, priority, enabled, description, status, required_fact_list AS requiredFactList, extracted_rule_id AS extractedRuleId, approved_by AS approvedBy, CASE WHEN effective_date IS NULL THEN 0 ELSE EXTRACT(EPOCH FROM effective_date) * 1000::BIGINT END AS effectiveDate, CASE WHEN expiry_date IS NULL THEN 0 ELSE EXTRACT(EPOCH FROM expiry_date) * 1000::BIGINT END AS expiryDate, version, EXTRACT(EPOCH FROM created_at) * 1000::BIGINT AS createdAt, EXTRACT(EPOCH FROM updated_at) * 1000::BIGINT AS updatedAt FROM sys_compliance_rule WHERE domain = ?
2026-09-14T16:52:04.385+08:00 DEBUG 79744 --- [ecos-gateway] [nio-8080-exec-7] c.c.g.e.k.r.C.findByDomain               : ==> Parameters: business(String)
2026-09-14T16:52:04.393+08:00 DEBUG 79744 --- [ecos-gateway] [nio-8080-exec-7] c.c.g.e.k.r.C.findByDomain               : <==      Total: 0
2026-09-14T16:52:04.395+08:00 DEBUG 79744 --- [ecos-gateway] [nio-8080-exec-7] c.c.g.e.k.r.C.findAll                    : ==>  Preparing: SELECT id, name, domain, rule_type AS ruleType, condition, action, priority, enabled, description, status, required_fact_list AS requiredFactList, extracted_rule_id AS extractedRuleId, approved_by AS approvedBy, CASE WHEN effective_date IS NULL THEN 0 ELSE EXTRACT(EPOCH FROM effective_date) * 1000::BIGINT END AS effectiveDate, CASE WHEN expiry_date IS NULL THEN 0 ELSE EXTRACT(EPOCH FROM expiry_date) * 1000::BIGINT END AS expiryDate, version, EXTRACT(EPOCH FROM created_at) * 1000::BIGINT AS createdAt, EXTRACT(EPOCH FROM updated_at) * 1000::BIGINT AS updatedAt FROM sys_compliance_rule
2026-09-14T16:52:04.395+08:00 DEBUG 79744 --- [ecos-gateway] [nio-8080-exec-7] c.c.g.e.k.r.C.findAll                    : ==> Parameters: 
2026-09-14T16:52:04.441+08:00 DEBUG 79744 --- [ecos-gateway] [nio-8080-exec-7] c.c.g.e.k.r.C.findAll                    : <==      Total: 53
2026-09-14T16:52:04.457+08:00  INFO 79744 --- [ecos-gateway] [nio-8080-exec-7] c.c.g.e.c.s.CausalReasonerServiceImpl    : == 因果诊断完成: 因果链长度=4, 根因=宏观政策调整/行业周期 引发市场环境变化, 建议数=2, reasoningPath.steps=4
2026-09-14T16:52:04.458+08:00  INFO 79744 --- [ecos-gateway] [nio-8080-exec-7] c.c.g.e.c.c.DiagnosisController          : 指标 '安全指标' 已降级诊断（KG 未覆盖，规则兜底，低置信度）
2026-09-14T16:52:04.488+08:00 DEBUG 79744 --- [ecos-gateway] [nio-8080-exec-7] c.c.g.g.i.TelemetryInterceptor           : OTel Span: traceId=00000000000000000000000000000000, POST /api/v1/cognitive/diagnose → 200
2026-09-14T16:52:08.562+08:00 DEBUG 79744 --- [ecos-gateway] [essageBroker-15] c.c.g.engine.kb.service.KGWriterService  : Neo4j health OK — node count: 44
2026-09-14T16:52:38.563+08:00 DEBUG 79744 --- [ecos-gateway] [MessageBroker-6] c.c.g.engine.kb.service.KGWriterService  : Neo4j health OK — node count: 44
2026-09-14T16:52:42.906+08:00  INFO 79744 --- [ecos-gateway] [pool-2-thread-6] .c.g.r.c.t.s.i.TaskManagementServiceImpl : 任务已提交: taskId=f169e154-354f-4941-b5e2-99ea59353c6f, taskName=usage-aggregation
2026-09-14T16:52:42.917+08:00  INFO 79744 --- [ecos-gateway] [pool-2-thread-6] .c.g.r.c.t.s.i.TaskManagementServiceImpl : 任务已解析: taskId=f169e154-354f-4941-b5e2-99ea59353c6f
2026-09-14T16:52:42.917+08:00 DEBUG 79744 --- [ecos-gateway] [pool-2-thread-6] c.c.g.r.c.t.c.AgentCronTaskExecutor      : AgentCronTaskExecutor.onStatusUpdate: taskId=f169e154-354f-4941-b5e2-99ea59353c6f, status=RUNNING
2026-09-14T16:52:42.918+08:00 DEBUG 79744 --- [ecos-gateway] [pool-2-thread-6] c.c.g.g.jdbc.TenantAwareJdbcTemplate     : Executing prepared SQL update
2026-09-14T16:52:42.919+08:00 DEBUG 79744 --- [ecos-gateway] [pool-2-thread-6] c.c.g.g.jdbc.TenantAwareJdbcTemplate     : Executing prepared SQL statement [INSERT INTO ecos_tenant_usage (tenant_id, usage_date, quota_type, used_count, updated_at) SELECT 'unknown' AS tenant_id, ?::date, 'API_CALLS', COUNT(*) AS used_count, NOW() FROM ecos_spans s WHERE s.created_at::date = ?::date ON CONFLICT (tenant_id, usage_date, quota_type) DO UPDATE SET used_count = EXCLUDED.used_count, updated_at = NOW()]
2026-09-14T16:52:42.926+08:00 DEBUG 79744 --- [ecos-gateway] [pool-2-thread-6] c.c.g.g.jdbc.TenantAwareJdbcTemplate     : Executing prepared SQL update
2026-09-14T16:52:42.928+08:00 DEBUG 79744 --- [ecos-gateway] [pool-2-thread-6] c.c.g.g.jdbc.TenantAwareJdbcTemplate     : Executing prepared SQL statement [INSERT INTO ecos_tenant_usage (tenant_id, usage_date, quota_type, used_count, updated_at) SELECT 'unknown' AS tenant_id, ?::date, 'TOKENS', COALESCE(SUM(total_tokens), 0) AS used_count, NOW() FROM ecos_token_usage WHERE created_at::date = ?::date ON CONFLICT (tenant_id, usage_date, quota_type) DO UPDATE SET used_count = EXCLUDED.used_count, updated_at = NOW()]
2026-09-14T16:52:42.939+08:00 DEBUG 79744 --- [ecos-gateway] [pool-2-thread-6] c.c.g.gateway.telemetry.UsageCollector   : A7 UsageCollector aggregated 1 API + 1 token usage records for 2026-09-14 on today=2026-09-14
2026-09-14T16:52:42.939+08:00 DEBUG 79744 --- [ecos-gateway] [pool-2-thread-6] c.c.g.r.c.t.c.AgentCronTaskExecutor      : AgentCronTaskExecutor.onStatusUpdate: taskId=f169e154-354f-4941-b5e2-99ea59353c6f, status=SUCCEEDED
2026-09-14T16:52:42.940+08:00  INFO 79744 --- [ecos-gateway] [pool-2-thread-6] .c.g.r.c.t.s.i.TaskManagementServiceImpl : 任务执行完成: taskId=f169e154-354f-4941-b5e2-99ea59353c6f, status=SUCCEEDED
2026-09-14T16:52:42.941+08:00  INFO 79744 --- [ecos-gateway] [pool-2-thread-6] c.c.g.r.c.t.s.TaskSchedulerServiceImpl   : 定时任务已提交执行 task=f169e154-354f-4941-b5e2-99ea59353c6f taskType=USAGE_AGGREGATION
2026-09-14T16:53:03.276+08:00 DEBUG 79744 --- [ecos-gateway] [essageBroker-12] c.c.g.e.d.r.D.findAll                    : ==>  Preparing: SELECT * FROM td_datasource ORDER BY create_time DESC
2026-09-14T16:53:03.286+08:00 DEBUG 79744 --- [ecos-gateway] [essageBroker-12] c.c.g.e.d.r.D.findAll                    : ==> Parameters: 
2026-09-14T16:53:03.290+08:00 DEBUG 79744 --- [ecos-gateway] [essageBroker-12] c.c.g.e.d.r.D.findAll                    : <==      Total: 4
2026-09-14T16:53:08.565+08:00 DEBUG 79744 --- [ecos-gateway] [MessageBroker-9] c.c.g.engine.kb.service.KGWriterService  : Neo4j health OK — node count: 44
2026-09-14T16:53:38.571+08:00 DEBUG 79744 --- [ecos-gateway] [essageBroker-15] c.c.g.engine.kb.service.KGWriterService  : Neo4j health OK — node count: 44
2026-09-14T16:53:42.914+08:00  INFO 79744 --- [ecos-gateway] [pool-2-thread-6] .c.g.r.c.t.s.i.TaskManagementServiceImpl : 任务已提交: taskId=f169e154-354f-4941-b5e2-99ea59353c6f, taskName=usage-aggregation
2026-09-14T16:53:42.927+08:00  INFO 79744 --- [ecos-gateway] [pool-2-thread-6] .c.g.r.c.t.s.i.TaskManagementServiceImpl : 任务已解析: taskId=f169e154-354f-4941-b5e2-99ea59353c6f
2026-09-14T16:53:42.928+08:00 DEBUG 79744 --- [ecos-gateway] [pool-2-thread-6] c.c.g.r.c.t.c.AgentCronTaskExecutor      : AgentCronTaskExecutor.onStatusUpdate: taskId=f169e154-354f-4941-b5e2-99ea59353c6f, status=RUNNING
2026-09-14T16:53:42.930+08:00 DEBUG 79744 --- [ecos-gateway] [pool-2-thread-6] c.c.g.g.jdbc.TenantAwareJdbcTemplate     : Executing prepared SQL update
2026-09-14T16:53:42.931+08:00 DEBUG 79744 --- [ecos-gateway] [pool-2-thread-6] c.c.g.g.jdbc.TenantAwareJdbcTemplate     : Executing prepared SQL statement [INSERT INTO ecos_tenant_usage (tenant_id, usage_date, quota_type, used_count, updated_at) SELECT 'unknown' AS tenant_id, ?::date, 'API_CALLS', COUNT(*) AS used_count, NOW() FROM ecos_spans s WHERE s.created_at::date = ?::date ON CONFLICT (tenant_id, usage_date, quota_type) DO UPDATE SET used_count = EXCLUDED.used_count, updated_at = NOW()]
2026-09-14T16:53:42.943+08:00 DEBUG 79744 --- [ecos-gateway] [pool-2-thread-6] c.c.g.g.jdbc.TenantAwareJdbcTemplate     : Executing prepared SQL update
2026-09-14T16:53:42.945+08:00 DEBUG 79744 --- [ecos-gateway] [pool-2-thread-6] c.c.g.g.jdbc.TenantAwareJdbcTemplate     : Executing prepared SQL statement [INSERT INTO ecos_tenant_usage (tenant_id, usage_date, quota_type, used_count, updated_at) SELECT 'unknown' AS tenant_id, ?::date, 'TOKENS', COALESCE(SUM(total_tokens), 0) AS used_count, NOW() FROM ecos_token_usage WHERE created_at::date = ?::date ON CONFLICT (tenant_id, usage_date, quota_type) DO UPDATE SET used_count = EXCLUDED.used_count, updated_at = NOW()]
2026-09-14T16:53:42.954+08:00 DEBUG 79744 --- [ecos-gateway] [pool-2-thread-6] c.c.g.gateway.telemetry.UsageCollector   : A7 UsageCollector aggregated 1 API + 1 token usage records for 2026-09-14 on today=2026-09-14
2026-09-14T16:53:42.955+08:00 DEBUG 79744 --- [ecos-gateway] [pool-2-thread-6] c.c.g.r.c.t.c.AgentCronTaskExecutor      : AgentCronTaskExecutor.onStatusUpdate: taskId=f169e154-354f-4941-b5e2-99ea59353c6f, status=SUCCEEDED
2026-09-14T16:53:42.957+08:00  INFO 79744 --- [ecos-gateway] [pool-2-thread-6] .c.g.r.c.t.s.i.TaskManagementServiceImpl : 任务执行完成: taskId=f169e154-354f-4941-b5e2-99ea59353c6f, status=SUCCEEDED
2026-09-14T16:53:42.958+08:00  INFO 79744 --- [ecos-gateway] [pool-2-thread-6] c.c.g.r.c.t.s.TaskSchedulerServiceImpl   : 定时任务已提交执行 task=f169e154-354f-4941-b5e2-99ea59353c6f taskType=USAGE_AGGREGATION
2026-09-14T16:54:03.309+08:00 DEBUG 79744 --- [ecos-gateway] [MessageBroker-5] c.c.g.e.d.r.D.findAll                    : ==>  Preparing: SELECT * FROM td_datasource ORDER BY create_time DESC
2026-09-14T16:54:03.311+08:00 DEBUG 79744 --- [ecos-gateway] [MessageBroker-5] c.c.g.e.d.r.D.findAll                    : ==> Parameters: 
2026-09-14T16:54:03.318+08:00 DEBUG 79744 --- [ecos-gateway] [MessageBroker-5] c.c.g.e.d.r.D.findAll                    : <==      Total: 4
2026-09-14T16:54:08.564+08:00 DEBUG 79744 --- [ecos-gateway] [MessageBroker-7] c.c.g.engine.kb.service.KGWriterService  : Neo4j health OK — node count: 44
2026-09-14T16:54:38.568+08:00 DEBUG 79744 --- [ecos-gateway] [essageBroker-14] c.c.g.engine.kb.service.KGWriterService  : Neo4j health OK — node count: 44
2026-09-14T16:54:42.915+08:00  INFO 79744 --- [ecos-gateway] [pool-2-thread-6] .c.g.r.c.t.s.i.TaskManagementServiceImpl : 任务已提交: taskId=f169e154-354f-4941-b5e2-99ea59353c6f, taskName=usage-aggregation
2026-09-14T16:54:42.927+08:00  INFO 79744 --- [ecos-gateway] [pool-2-thread-6] .c.g.r.c.t.s.i.TaskManagementServiceImpl : 任务已解析: taskId=f169e154-354f-4941-b5e2-99ea59353c6f
2026-09-14T16:54:42.928+08:00 DEBUG 79744 --- [ecos-gateway] [pool-2-thread-6] c.c.g.r.c.t.c.AgentCronTaskExecutor      : AgentCronTaskExecutor.onStatusUpdate: taskId=f169e154-354f-4941-b5e2-99ea59353c6f, status=RUNNING
2026-09-14T16:54:42.930+08:00 DEBUG 79744 --- [ecos-gateway] [pool-2-thread-6] c.c.g.g.jdbc.TenantAwareJdbcTemplate     : Executing prepared SQL update
2026-09-14T16:54:42.933+08:00 DEBUG 79744 --- [ecos-gateway] [pool-2-thread-6] c.c.g.g.jdbc.TenantAwareJdbcTemplate     : Executing prepared SQL statement [INSERT INTO ecos_tenant_usage (tenant_id, usage_date, quota_type, used_count, updated_at) SELECT 'unknown' AS tenant_id, ?::date, 'API_CALLS', COUNT(*) AS used_count, NOW() FROM ecos_spans s WHERE s.created_at::date = ?::date ON CONFLICT (tenant_id, usage_date, quota_type) DO UPDATE SET used_count = EXCLUDED.used_count, updated_at = NOW()]
2026-09-14T16:54:42.945+08:00 DEBUG 79744 --- [ecos-gateway] [pool-2-thread-6] c.c.g.g.jdbc.TenantAwareJdbcTemplate     : Executing prepared SQL update
2026-09-14T16:54:42.946+08:00 DEBUG 79744 --- [ecos-gateway] [pool-2-thread-6] c.c.g.g.jdbc.TenantAwareJdbcTemplate     : Executing prepared SQL statement [INSERT INTO ecos_tenant_usage (tenant_id, usage_date, quota_type, used_count, updated_at) SELECT 'unknown' AS tenant_id, ?::date, 'TOKENS', COALESCE(SUM(total_tokens), 0) AS used_count, NOW() FROM ecos_token_usage WHERE created_at::date = ?::date ON CONFLICT (tenant_id, usage_date, quota_type) DO UPDATE SET used_count = EXCLUDED.used_count, updated_at = NOW()]
2026-09-14T16:54:42.954+08:00 DEBUG 79744 --- [ecos-gateway] [pool-2-thread-6] c.c.g.gateway.telemetry.UsageCollector   : A7 UsageCollector aggregated 1 API + 1 token usage records for 2026-09-14 on today=2026-09-14
2026-09-14T16:54:42.957+08:00 DEBUG 79744 --- [ecos-gateway] [pool-2-thread-6] c.c.g.r.c.t.c.AgentCronTaskExecutor      : AgentCronTaskExecutor.onStatusUpdate: taskId=f169e154-354f-4941-b5e2-99ea59353c6f, status=SUCCEEDED
2026-09-14T16:54:42.958+08:00  INFO 79744 --- [ecos-gateway] [pool-2-thread-6] .c.g.r.c.t.s.i.TaskManagementServiceImpl : 任务执行完成: taskId=f169e154-354f-4941-b5e2-99ea59353c6f, status=SUCCEEDED
2026-09-14T16:54:42.960+08:00  INFO 79744 --- [ecos-gateway] [pool-2-thread-6] c.c.g.r.c.t.s.TaskSchedulerServiceImpl   : 定时任务已提交执行 task=f169e154-354f-4941-b5e2-99ea59353c6f taskType=USAGE_AGGREGATION
2026-09-14T16:55:03.337+08:00 DEBUG 79744 --- [ecos-gateway] [essageBroker-12] c.c.g.e.d.r.D.findAll                    : ==>  Preparing: SELECT * FROM td_datasource ORDER BY create_time DESC
2026-09-14T16:55:03.350+08:00 DEBUG 79744 --- [ecos-gateway] [essageBroker-12] c.c.g.e.d.r.D.findAll                    : ==> Parameters: 
2026-09-14T16:55:03.374+08:00 DEBUG 79744 --- [ecos-gateway] [essageBroker-12] c.c.g.e.d.r.D.findAll                    : <==      Total: 4
2026-09-14T16:55:08.575+08:00 DEBUG 79744 --- [ecos-gateway] [essageBroker-10] c.c.g.engine.kb.service.KGWriterService  : Neo4j health OK — node count: 44
2026-09-14T16:55:38.579+08:00 DEBUG 79744 --- [ecos-gateway] [essageBroker-13] c.c.g.engine.kb.service.KGWriterService  : Neo4j health OK — node count: 44
2026-09-14T16:55:42.919+08:00  INFO 79744 --- [ecos-gateway] [pool-2-thread-6] .c.g.r.c.t.s.i.TaskManagementServiceImpl : 任务已提交: taskId=f169e154-354f-4941-b5e2-99ea59353c6f, taskName=usage-aggregation
2026-09-14T16:55:42.923+08:00  INFO 79744 --- [ecos-gateway] [pool-2-thread-6] .c.g.r.c.t.s.i.TaskManagementServiceImpl : 任务已解析: taskId=f169e154-354f-4941-b5e2-99ea59353c6f
2026-09-14T16:55:42.925+08:00 DEBUG 79744 --- [ecos-gateway] [pool-2-thread-6] c.c.g.r.c.t.c.AgentCronTaskExecutor      : AgentCronTaskExecutor.onStatusUpdate: taskId=f169e154-354f-4941-b5e2-99ea59353c6f, status=RUNNING
2026-09-14T16:55:42.927+08:00 DEBUG 79744 --- [ecos-gateway] [pool-2-thread-6] c.c.g.g.jdbc.TenantAwareJdbcTemplate     : Executing prepared SQL update
2026-09-14T16:55:42.930+08:00 DEBUG 79744 --- [ecos-gateway] [pool-2-thread-6] c.c.g.g.jdbc.TenantAwareJdbcTemplate     : Executing prepared SQL statement [INSERT INTO ecos_tenant_usage (tenant_id, usage_date, quota_type, used_count, updated_at) SELECT 'unknown' AS tenant_id, ?::date, 'API_CALLS', COUNT(*) AS used_count, NOW() FROM ecos_spans s WHERE s.created_at::date = ?::date ON CONFLICT (tenant_id, usage_date, quota_type) DO UPDATE SET used_count = EXCLUDED.used_count, updated_at = NOW()]
2026-09-14T16:55:42.995+08:00 DEBUG 79744 --- [ecos-gateway] [pool-2-thread-6] c.c.g.g.jdbc.TenantAwareJdbcTemplate     : Executing prepared SQL update
2026-09-14T16:55:42.997+08:00 DEBUG 79744 --- [ecos-gateway] [pool-2-thread-6] c.c.g.g.jdbc.TenantAwareJdbcTemplate     : Executing prepared SQL statement [INSERT INTO ecos_tenant_usage (tenant_id, usage_date, quota_type, used_count, updated_at) SELECT 'unknown' AS tenant_id, ?::date, 'TOKENS', COALESCE(SUM(total_tokens), 0) AS used_count, NOW() FROM ecos_token_usage WHERE created_at::date = ?::date ON CONFLICT (tenant_id, usage_date, quota_type) DO UPDATE SET used_count = EXCLUDED.used_count, updated_at = NOW()]
2026-09-14T16:55:43.019+08:00 DEBUG 79744 --- [ecos-gateway] [pool-2-thread-6] c.c.g.gateway.telemetry.UsageCollector   : A7 UsageCollector aggregated 1 API + 1 token usage records for 2026-09-14 on today=2026-09-14
2026-09-14T16:55:43.022+08:00 DEBUG 79744 --- [ecos-gateway] [pool-2-thread-6] c.c.g.r.c.t.c.AgentCronTaskExecutor      : AgentCronTaskExecutor.onStatusUpdate: taskId=f169e154-354f-4941-b5e2-99ea59353c6f, status=SUCCEEDED
2026-09-14T16:55:43.024+08:00  INFO 79744 --- [ecos-gateway] [pool-2-thread-6] .c.g.r.c.t.s.i.TaskManagementServiceImpl : 任务执行完成: taskId=f169e154-354f-4941-b5e2-99ea59353c6f, status=SUCCEEDED
2026-09-14T16:55:43.025+08:00  INFO 79744 --- [ecos-gateway] [pool-2-thread-6] c.c.g.r.c.t.s.TaskSchedulerServiceImpl   : 定时任务已提交执行 task=f169e154-354f-4941-b5e2-99ea59353c6f taskType=USAGE_AGGREGATION
2026-09-14T16:56:03.403+08:00 DEBUG 79744 --- [ecos-gateway] [MessageBroker-6] c.c.g.e.d.r.D.findAll                    : ==>  Preparing: SELECT * FROM td_datasource ORDER BY create_time DESC
2026-09-14T16:56:03.407+08:00 DEBUG 79744 --- [ecos-gateway] [MessageBroker-6] c.c.g.e.d.r.D.findAll                    : ==> Parameters: 
2026-09-14T16:56:03.422+08:00 DEBUG 79744 --- [ecos-gateway] [MessageBroker-6] c.c.g.e.d.r.D.findAll                    : <==      Total: 4
2026-09-14T16:56:08.579+08:00 DEBUG 79744 --- [ecos-gateway] [essageBroker-16] c.c.g.engine.kb.service.KGWriterService  : Neo4j health OK — node count: 44
2026-09-14T16:56:38.602+08:00 DEBUG 79744 --- [ecos-gateway] [essageBroker-15] c.c.g.engine.kb.service.KGWriterService  : Neo4j health OK — node count: 44
2026-09-14T16:56:42.909+08:00  INFO 79744 --- [ecos-gateway] [pool-2-thread-6] .c.g.r.c.t.s.i.TaskManagementServiceImpl : 任务已提交: taskId=f169e154-354f-4941-b5e2-99ea59353c6f, taskName=usage-aggregation
2026-09-14T16:56:42.910+08:00  INFO 79744 --- [ecos-gateway] [pool-2-thread-6] .c.g.r.c.t.s.i.TaskManagementServiceImpl : 任务已解析: taskId=f169e154-354f-4941-b5e2-99ea59353c6f
2026-09-14T16:56:42.911+08:00 DEBUG 79744 --- [ecos-gateway] [pool-2-thread-6] c.c.g.r.c.t.c.AgentCronTaskExecutor      : AgentCronTaskExecutor.onStatusUpdate: taskId=f169e154-354f-4941-b5e2-99ea59353c6f, status=RUNNING
2026-09-14T16:56:42.912+08:00 DEBUG 79744 --- [ecos-gateway] [pool-2-thread-6] c.c.g.g.jdbc.TenantAwareJdbcTemplate     : Executing prepared SQL update
2026-09-14T16:56:42.914+08:00 DEBUG 79744 --- [ecos-gateway] [pool-2-thread-6] c.c.g.g.jdbc.TenantAwareJdbcTemplate     : Executing prepared SQL statement [INSERT INTO ecos_tenant_usage (tenant_id, usage_date, quota_type, used_count, updated_at) SELECT 'unknown' AS tenant_id, ?::date, 'API_CALLS', COUNT(*) AS used_count, NOW() FROM ecos_spans s WHERE s.created_at::date = ?::date ON CONFLICT (tenant_id, usage_date, quota_type) DO UPDATE SET used_count = EXCLUDED.used_count, updated_at = NOW()]
2026-09-14T16:56:42.923+08:00 DEBUG 79744 --- [ecos-gateway] [pool-2-thread-6] c.c.g.g.jdbc.TenantAwareJdbcTemplate     : Executing prepared SQL update
2026-09-14T16:56:42.925+08:00 DEBUG 79744 --- [ecos-gateway] [pool-2-thread-6] c.c.g.g.jdbc.TenantAwareJdbcTemplate     : Executing prepared SQL statement [INSERT INTO ecos_tenant_usage (tenant_id, usage_date, quota_type, used_count, updated_at) SELECT 'unknown' AS tenant_id, ?::date, 'TOKENS', COALESCE(SUM(total_tokens), 0) AS used_count, NOW() FROM ecos_token_usage WHERE created_at::date = ?::date ON CONFLICT (tenant_id, usage_date, quota_type) DO UPDATE SET used_count = EXCLUDED.used_count, updated_at = NOW()]
2026-09-14T16:56:42.931+08:00 DEBUG 79744 --- [ecos-gateway] [pool-2-thread-6] c.c.g.gateway.telemetry.UsageCollector   : A7 UsageCollector aggregated 1 API + 1 token usage records for 2026-09-14 on today=2026-09-14
2026-09-14T16:56:42.933+08:00 DEBUG 79744 --- [ecos-gateway] [pool-2-thread-6] c.c.g.r.c.t.c.AgentCronTaskExecutor      : AgentCronTaskExecutor.onStatusUpdate: taskId=f169e154-354f-4941-b5e2-99ea59353c6f, status=SUCCEEDED
2026-09-14T16:56:42.934+08:00  INFO 79744 --- [ecos-gateway] [pool-2-thread-6] .c.g.r.c.t.s.i.TaskManagementServiceImpl : 任务执行完成: taskId=f169e154-354f-4941-b5e2-99ea59353c6f, status=SUCCEEDED
2026-09-14T16:56:42.935+08:00  INFO 79744 --- [ecos-gateway] [pool-2-thread-6] c.c.g.r.c.t.s.TaskSchedulerServiceImpl   : 定时任务已提交执行 task=f169e154-354f-4941-b5e2-99ea59353c6f taskType=USAGE_AGGREGATION
2026-09-14T16:57:03.443+08:00 DEBUG 79744 --- [ecos-gateway] [MessageBroker-4] c.c.g.e.d.r.D.findAll                    : ==>  Preparing: SELECT * FROM td_datasource ORDER BY create_time DESC
2026-09-14T16:57:03.454+08:00 DEBUG 79744 --- [ecos-gateway] [MessageBroker-4] c.c.g.e.d.r.D.findAll                    : ==> Parameters: 
2026-09-14T16:57:03.463+08:00 DEBUG 79744 --- [ecos-gateway] [MessageBroker-4] c.c.g.e.d.r.D.findAll                    : <==      Total: 4
2026-09-14T16:57:08.559+08:00 DEBUG 79744 --- [ecos-gateway] [MessageBroker-5] c.c.g.engine.kb.service.KGWriterService  : Neo4j health OK — node count: 44
2026-09-14T16:57:38.577+08:00 DEBUG 79744 --- [ecos-gateway] [essageBroker-13] c.c.g.engine.kb.service.KGWriterService  : Neo4j health OK — node count: 44
2026-09-14T16:57:42.906+08:00  INFO 79744 --- [ecos-gateway] [pool-2-thread-6] .c.g.r.c.t.s.i.TaskManagementServiceImpl : 任务已提交: taskId=f169e154-354f-4941-b5e2-99ea59353c6f, taskName=usage-aggregation
2026-09-14T16:57:42.908+08:00  INFO 79744 --- [ecos-gateway] [pool-2-thread-6] .c.g.r.c.t.s.i.TaskManagementServiceImpl : 任务已解析: taskId=f169e154-354f-4941-b5e2-99ea59353c6f
2026-09-14T16:57:42.909+08:00 DEBUG 79744 --- [ecos-gateway] [pool-2-thread-6] c.c.g.r.c.t.c.AgentCronTaskExecutor      : AgentCronTaskExecutor.onStatusUpdate: taskId=f169e154-354f-4941-b5e2-99ea59353c6f, status=RUNNING
2026-09-14T16:57:42.910+08:00 DEBUG 79744 --- [ecos-gateway] [pool-2-thread-6] c.c.g.g.jdbc.TenantAwareJdbcTemplate     : Executing prepared SQL update
2026-09-14T16:57:42.911+08:00 DEBUG 79744 --- [ecos-gateway] [pool-2-thread-6] c.c.g.g.jdbc.TenantAwareJdbcTemplate     : Executing prepared SQL statement [INSERT INTO ecos_tenant_usage (tenant_id, usage_date, quota_type, used_count, updated_at) SELECT 'unknown' AS tenant_id, ?::date, 'API_CALLS', COUNT(*) AS used_count, NOW() FROM ecos_spans s WHERE s.created_at::date = ?::date ON CONFLICT (tenant_id, usage_date, quota_type) DO UPDATE SET used_count = EXCLUDED.used_count, updated_at = NOW()]
2026-09-14T16:57:42.917+08:00 DEBUG 79744 --- [ecos-gateway] [pool-2-thread-6] c.c.g.g.jdbc.TenantAwareJdbcTemplate     : Executing prepared SQL update
2026-09-14T16:57:42.918+08:00 DEBUG 79744 --- [ecos-gateway] [pool-2-thread-6] c.c.g.g.jdbc.TenantAwareJdbcTemplate     : Executing prepared SQL statement [INSERT INTO ecos_tenant_usage (tenant_id, usage_date, quota_type, used_count, updated_at) SELECT 'unknown' AS tenant_id, ?::date, 'TOKENS', COALESCE(SUM(total_tokens), 0) AS used_count, NOW() FROM ecos_token_usage WHERE created_at::date = ?::date ON CONFLICT (tenant_id, usage_date, quota_type) DO UPDATE SET used_count = EXCLUDED.used_count, updated_at = NOW()]
2026-09-14T16:57:42.924+08:00 DEBUG 79744 --- [ecos-gateway] [pool-2-thread-6] c.c.g.gateway.telemetry.UsageCollector   : A7 UsageCollector aggregated 1 API + 1 token usage records for 2026-09-14 on today=2026-09-14
2026-09-14T16:57:42.925+08:00 DEBUG 79744 --- [ecos-gateway] [pool-2-thread-6] c.c.g.r.c.t.c.AgentCronTaskExecutor      : AgentCronTaskExecutor.onStatusUpdate: taskId=f169e154-354f-4941-b5e2-99ea59353c6f, status=SUCCEEDED
2026-09-14T16:57:42.926+08:00  INFO 79744 --- [ecos-gateway] [pool-2-thread-6] .c.g.r.c.t.s.i.TaskManagementServiceImpl : 任务执行完成: taskId=f169e154-354f-4941-b5e2-99ea59353c6f, status=SUCCEEDED
2026-09-14T16:57:42.927+08:00  INFO 79744 --- [ecos-gateway] [pool-2-thread-6] c.c.g.r.c.t.s.TaskSchedulerServiceImpl   : 定时任务已提交执行 task=f169e154-354f-4941-b5e2-99ea59353c6f taskType=USAGE_AGGREGATION
2026-09-14T16:57:58.209+08:00  INFO 79744 --- [ecos-gateway] [pool-2-thread-9] .c.g.r.c.t.s.i.TaskManagementServiceImpl : 任务已提交: taskId=be80e6da-b008-4613-86d1-9b1d02a2c5f2, taskName=cognitive-mental-scan
2026-09-14T16:57:58.240+08:00  INFO 79744 --- [ecos-gateway] [pool-2-thread-9] .c.g.r.c.t.s.i.TaskManagementServiceImpl : 任务已解析: taskId=be80e6da-b008-4613-86d1-9b1d02a2c5f2
2026-09-14T16:57:58.241+08:00 DEBUG 79744 --- [ecos-gateway] [pool-2-thread-9] c.c.g.r.c.t.c.AgentCronTaskExecutor      : AgentCronTaskExecutor.onStatusUpdate: taskId=be80e6da-b008-4613-86d1-9b1d02a2c5f2, status=RUNNING
2026-09-14T16:57:58.242+08:00 DEBUG 79744 --- [ecos-gateway] [pool-2-thread-9] c.c.g.g.jdbc.TenantAwareJdbcTemplate     : Executing prepared SQL query
2026-09-14T16:57:58.245+08:00 DEBUG 79744 --- [ecos-gateway] [pool-2-thread-9] c.c.g.g.jdbc.TenantAwareJdbcTemplate     : Executing prepared SQL statement [SELECT id, evidence_code, tenant_scope, source_type, source_ref, blob, confidence, is_conflict, refuting_evidence_ids, effective_time, expire_time, status, create_time, update_time, create_by, update_by FROM ecos_cognitive_evidence WHERE is_deleted = 0 ORDER BY create_time DESC, id]
2026-09-14T16:57:58.316+08:00 DEBUG 79744 --- [ecos-gateway] [pool-2-thread-9] c.c.g.g.jdbc.TenantAwareJdbcTemplate     : Executing prepared SQL query
2026-09-14T16:57:58.318+08:00 DEBUG 79744 --- [ecos-gateway] [pool-2-thread-9] c.c.g.g.jdbc.TenantAwareJdbcTemplate     : Executing prepared SQL statement [SELECT id, hypothesis_code, tenant_scope, statement, domain, metric_ref, evidence_ids, is_valid, invalid_at, invalid_reason, status, create_time, update_time, create_by, update_by FROM ecos_cognitive_hypothesis WHERE is_deleted = 0 AND status = ? ORDER BY update_time DESC, id]
2026-09-14T16:57:58.339+08:00 DEBUG 79744 --- [ecos-gateway] [pool-2-thread-9] c.c.g.g.jdbc.TenantAwareJdbcTemplate     : Executing prepared SQL query
2026-09-14T16:57:58.342+08:00 DEBUG 79744 --- [ecos-gateway] [pool-2-thread-9] c.c.g.g.jdbc.TenantAwareJdbcTemplate     : Executing prepared SQL statement [SELECT id, hypothesis_code, tenant_scope, statement, domain, metric_ref, evidence_ids, is_valid, invalid_at, invalid_reason, status, create_time, update_time, create_by, update_by FROM ecos_cognitive_hypothesis WHERE is_deleted = 0 AND status = ? ORDER BY update_time DESC, id]
2026-09-14T16:57:58.357+08:00 DEBUG 79744 --- [ecos-gateway] [pool-2-thread-9] c.c.g.g.jdbc.TenantAwareJdbcTemplate     : Executing prepared SQL query
2026-09-14T16:57:58.359+08:00 DEBUG 79744 --- [ecos-gateway] [pool-2-thread-9] c.c.g.g.jdbc.TenantAwareJdbcTemplate     : Executing prepared SQL statement [SELECT id, hypothesis_code, tenant_scope, statement, domain, metric_ref, evidence_ids, is_valid, invalid_at, invalid_reason, status, create_time, update_time, create_by, update_by FROM ecos_cognitive_hypothesis WHERE is_deleted = 0 AND status = ? ORDER BY update_time DESC, id]
2026-09-14T16:57:58.374+08:00 DEBUG 79744 --- [ecos-gateway] [pool-2-thread-9] c.c.g.g.jdbc.TenantAwareJdbcTemplate     : Executing prepared SQL query
2026-09-14T16:57:58.377+08:00 DEBUG 79744 --- [ecos-gateway] [pool-2-thread-9] c.c.g.g.jdbc.TenantAwareJdbcTemplate     : Executing prepared SQL statement [SELECT id, hypothesis_code, tenant_scope, statement, domain, metric_ref, evidence_ids, is_valid, invalid_at, invalid_reason, status, create_time, update_time, create_by, update_by FROM ecos_cognitive_hypothesis WHERE is_deleted = 0 AND status = ? ORDER BY update_time DESC, id]
2026-09-14T16:57:58.399+08:00 DEBUG 79744 --- [ecos-gateway] [pool-2-thread-9] c.c.g.g.jdbc.TenantAwareJdbcTemplate     : Executing prepared SQL query
2026-09-14T16:57:58.402+08:00 DEBUG 79744 --- [ecos-gateway] [pool-2-thread-9] c.c.g.g.jdbc.TenantAwareJdbcTemplate     : Executing prepared SQL statement [SELECT id, hypothesis_code, tenant_scope, statement, domain, metric_ref, evidence_ids, is_valid, invalid_at, invalid_reason, status, create_time, update_time, create_by, update_by FROM ecos_cognitive_hypothesis WHERE is_deleted = 0 AND status = ? ORDER BY update_time DESC, id]
2026-09-14T16:57:58.417+08:00  INFO 79744 --- [ecos-gateway] [pool-2-thread-9] c.c.g.e.c.service.mental.MentalScanTask  : PMO-59 心智层补算一代完成: scanned=5 invalidated=0
2026-09-14T16:57:58.419+08:00 DEBUG 79744 --- [ecos-gateway] [pool-2-thread-9] c.c.g.r.c.t.c.AgentCronTaskExecutor      : AgentCronTaskExecutor.onStatusUpdate: taskId=be80e6da-b008-4613-86d1-9b1d02a2c5f2, status=SUCCEEDED
2026-09-14T16:57:58.422+08:00  INFO 79744 --- [ecos-gateway] [pool-2-thread-9] .c.g.r.c.t.s.i.TaskManagementServiceImpl : 任务执行完成: taskId=be80e6da-b008-4613-86d1-9b1d02a2c5f2, status=SUCCEEDED
2026-09-14T16:57:58.423+08:00  INFO 79744 --- [ecos-gateway] [pool-2-thread-9] c.c.g.r.c.t.s.TaskSchedulerServiceImpl   : 定时任务已提交执行 task=be80e6da-b008-4613-86d1-9b1d02a2c5f2 taskType=COGNITIVE_MENTAL_SCAN
2026-09-14T16:58:03.484+08:00 DEBUG 79744 --- [ecos-gateway] [MessageBroker-1] c.c.g.e.d.r.D.findAll                    : ==>  Preparing: SELECT * FROM td_datasource ORDER BY create_time DESC
2026-09-14T16:58:03.487+08:00 DEBUG 79744 --- [ecos-gateway] [MessageBroker-1] c.c.g.e.d.r.D.findAll                    : ==> Parameters: 
2026-09-14T16:58:03.494+08:00 DEBUG 79744 --- [ecos-gateway] [MessageBroker-1] c.c.g.e.d.r.D.findAll                    : <==      Total: 4
2026-09-14T16:58:08.900+08:00 DEBUG 79744 --- [ecos-gateway] [MessageBroker-9] c.c.g.engine.kb.service.KGWriterService  : Neo4j health OK — node count: 44
2026-09-14T16:58:38.566+08:00 DEBUG 79744 --- [ecos-gateway] [essageBroker-16] c.c.g.engine.kb.service.KGWriterService  : Neo4j health OK — node count: 44
2026-09-14T16:58:42.914+08:00  INFO 79744 --- [ecos-gateway] [pool-2-thread-4] .c.g.r.c.t.s.i.TaskManagementServiceImpl : 任务已提交: taskId=f169e154-354f-4941-b5e2-99ea59353c6f, taskName=usage-aggregation
2026-09-14T16:58:42.916+08:00  INFO 79744 --- [ecos-gateway] [pool-2-thread-4] .c.g.r.c.t.s.i.TaskManagementServiceImpl : 任务已解析: taskId=f169e154-354f-4941-b5e2-99ea59353c6f
2026-09-14T16:58:42.917+08:00 DEBUG 79744 --- [ecos-gateway] [pool-2-thread-4] c.c.g.r.c.t.c.AgentCronTaskExecutor      : AgentCronTaskExecutor.onStatusUpdate: taskId=f169e154-354f-4941-b5e2-99ea59353c6f, status=RUNNING
2026-09-14T16:58:42.918+08:00 DEBUG 79744 --- [ecos-gateway] [pool-2-thread-4] c.c.g.g.jdbc.TenantAwareJdbcTemplate     : Executing prepared SQL update
2026-09-14T16:58:42.920+08:00 DEBUG 79744 --- [ecos-gateway] [pool-2-thread-4] c.c.g.g.jdbc.TenantAwareJdbcTemplate     : Executing prepared SQL statement [INSERT INTO ecos_tenant_usage (tenant_id, usage_date, quota_type, used_count, updated_at) SELECT 'unknown' AS tenant_id, ?::date, 'API_CALLS', COUNT(*) AS used_count, NOW() FROM ecos_spans s WHERE s.created_at::date = ?::date ON CONFLICT (tenant_id, usage_date, quota_type) DO UPDATE SET used_count = EXCLUDED.used_count, updated_at = NOW()]
2026-09-14T16:58:42.930+08:00 DEBUG 79744 --- [ecos-gateway] [pool-2-thread-4] c.c.g.g.jdbc.TenantAwareJdbcTemplate     : Executing prepared SQL update
2026-09-14T16:58:42.931+08:00 DEBUG 79744 --- [ecos-gateway] [pool-2-thread-4] c.c.g.g.jdbc.TenantAwareJdbcTemplate     : Executing prepared SQL statement [INSERT INTO ecos_tenant_usage (tenant_id, usage_date, quota_type, used_count, updated_at) SELECT 'unknown' AS tenant_id, ?::date, 'TOKENS', COALESCE(SUM(total_tokens), 0) AS used_count, NOW() FROM ecos_token_usage WHERE created_at::date = ?::date ON CONFLICT (tenant_id, usage_date, quota_type) DO UPDATE SET used_count = EXCLUDED.used_count, updated_at = NOW()]
2026-09-14T16:58:42.940+08:00 DEBUG 79744 --- [ecos-gateway] [pool-2-thread-4] c.c.g.gateway.telemetry.UsageCollector   : A7 UsageCollector aggregated 1 API + 1 token usage records for 2026-09-14 on today=2026-09-14
2026-09-14T16:58:42.941+08:00 DEBUG 79744 --- [ecos-gateway] [pool-2-thread-4] c.c.g.r.c.t.c.AgentCronTaskExecutor      : AgentCronTaskExecutor.onStatusUpdate: taskId=f169e154-354f-4941-b5e2-99ea59353c6f, status=SUCCEEDED
2026-09-14T16:58:42.943+08:00  INFO 79744 --- [ecos-gateway] [pool-2-thread-4] .c.g.r.c.t.s.i.TaskManagementServiceImpl : 任务执行完成: taskId=f169e154-354f-4941-b5e2-99ea59353c6f, status=SUCCEEDED
2026-09-14T16:58:42.945+08:00  INFO 79744 --- [ecos-gateway] [pool-2-thread-4] c.c.g.r.c.t.s.TaskSchedulerServiceImpl   : 定时任务已提交执行 task=f169e154-354f-4941-b5e2-99ea59353c6f taskType=USAGE_AGGREGATION
2026-09-14T16:59:03.518+08:00 DEBUG 79744 --- [ecos-gateway] [MessageBroker-7] c.c.g.e.d.r.D.findAll                    : ==>  Preparing: SELECT * FROM td_datasource ORDER BY create_time DESC
2026-09-14T16:59:03.520+08:00 DEBUG 79744 --- [ecos-gateway] [MessageBroker-7] c.c.g.e.d.r.D.findAll                    : ==> Parameters: 
2026-09-14T16:59:03.529+08:00 DEBUG 79744 --- [ecos-gateway] [MessageBroker-7] c.c.g.e.d.r.D.findAll                    : <==      Total: 4
2026-09-14T16:59:08.597+08:00 DEBUG 79744 --- [ecos-gateway] [MessageBroker-1] c.c.g.engine.kb.service.KGWriterService  : Neo4j health OK — node count: 44
2026-09-14T16:59:38.569+08:00 DEBUG 79744 --- [ecos-gateway] [MessageBroker-3] c.c.g.engine.kb.service.KGWriterService  : Neo4j health OK — node count: 44
2026-09-14T16:59:42.910+08:00  INFO 79744 --- [ecos-gateway] [pool-2-thread-4] .c.g.r.c.t.s.i.TaskManagementServiceImpl : 任务已提交: taskId=f169e154-354f-4941-b5e2-99ea59353c6f, taskName=usage-aggregation
2026-09-14T16:59:42.913+08:00  INFO 79744 --- [ecos-gateway] [pool-2-thread-4] .c.g.r.c.t.s.i.TaskManagementServiceImpl : 任务已解析: taskId=f169e154-354f-4941-b5e2-99ea59353c6f
2026-09-14T16:59:42.915+08:00 DEBUG 79744 --- [ecos-gateway] [pool-2-thread-4] c.c.g.r.c.t.c.AgentCronTaskExecutor      : AgentCronTaskExecutor.onStatusUpdate: taskId=f169e154-354f-4941-b5e2-99ea59353c6f, status=RUNNING
2026-09-14T16:59:42.917+08:00 DEBUG 79744 --- [ecos-gateway] [pool-2-thread-4] c.c.g.g.jdbc.TenantAwareJdbcTemplate     : Executing prepared SQL update
2026-09-14T16:59:42.918+08:00 DEBUG 79744 --- [ecos-gateway] [pool-2-thread-4] c.c.g.g.jdbc.TenantAwareJdbcTemplate     : Executing prepared SQL statement [INSERT INTO ecos_tenant_usage (tenant_id, usage_date, quota_type, used_count, updated_at) SELECT 'unknown' AS tenant_id, ?::date, 'API_CALLS', COUNT(*) AS used_count, NOW() FROM ecos_spans s WHERE s.created_at::date = ?::date ON CONFLICT (tenant_id, usage_date, quota_type) DO UPDATE SET used_count = EXCLUDED.used_count, updated_at = NOW()]
2026-09-14T16:59:42.933+08:00 DEBUG 79744 --- [ecos-gateway] [pool-2-thread-4] c.c.g.g.jdbc.TenantAwareJdbcTemplate     : Executing prepared SQL update
2026-09-14T16:59:42.936+08:00 DEBUG 79744 --- [ecos-gateway] [pool-2-thread-4] c.c.g.g.jdbc.TenantAwareJdbcTemplate     : Executing prepared SQL statement [INSERT INTO ecos_tenant_usage (tenant_id, usage_date, quota_type, used_count, updated_at) SELECT 'unknown' AS tenant_id, ?::date, 'TOKENS', COALESCE(SUM(total_tokens), 0) AS used_count, NOW() FROM ecos_token_usage WHERE created_at::date = ?::date ON CONFLICT (tenant_id, usage_date, quota_type) DO UPDATE SET used_count = EXCLUDED.used_count, updated_at = NOW()]
2026-09-14T16:59:42.946+08:00 DEBUG 79744 --- [ecos-gateway] [pool-2-thread-4] c.c.g.gateway.telemetry.UsageCollector   : A7 UsageCollector aggregated 1 API + 1 token usage records for 2026-09-14 on today=2026-09-14
2026-09-14T16:59:42.947+08:00 DEBUG 79744 --- [ecos-gateway] [pool-2-thread-4] c.c.g.r.c.t.c.AgentCronTaskExecutor      : AgentCronTaskExecutor.onStatusUpdate: taskId=f169e154-354f-4941-b5e2-99ea59353c6f, status=SUCCEEDED
2026-09-14T16:59:42.950+08:00  INFO 79744 --- [ecos-gateway] [pool-2-thread-4] .c.g.r.c.t.s.i.TaskManagementServiceImpl : 任务执行完成: taskId=f169e154-354f-4941-b5e2-99ea59353c6f, status=SUCCEEDED
2026-09-14T16:59:42.952+08:00  INFO 79744 --- [ecos-gateway] [pool-2-thread-4] c.c.g.r.c.t.s.TaskSchedulerServiceImpl   : 定时任务已提交执行 task=f169e154-354f-4941-b5e2-99ea59353c6f taskType=USAGE_AGGREGATION
2026-09-14T17:00:00.059+08:00 DEBUG 79744 --- [ecos-gateway] [essageBroker-11] c.c.g.e.d.s.SchemaChangeDetector         : SchemaChangeDetector hourly scan starting
2026-09-14T17:00:00.090+08:00 DEBUG 79744 --- [ecos-gateway] [essageBroker-11] c.c.g.g.jdbc.TenantAwareJdbcTemplate     : Executing prepared SQL query
2026-09-14T17:00:00.093+08:00 DEBUG 79744 --- [ecos-gateway] [essageBroker-11] c.c.g.g.jdbc.TenantAwareJdbcTemplate     : Executing prepared SQL statement [SELECT table_schema || '.' || table_name AS full_table,
       table_schema AS datasource_id,
       table_name,
       STRING_AGG(
           column_name || '|' || data_type || '|' || COALESCE(character_maximum_length::text,'')
           || '|' || COALESCE(is_nullable,'YES'),
           ',' ORDER BY ordinal_position
       ) AS col_sig
FROM information_schema.columns
WHERE table_schema NOT IN ('information_schema', 'pg_catalog')
GROUP BY table_schema, table_name
ORDER BY table_schema, table_name
]
2026-09-14T17:00:03.439+08:00 DEBUG 79744 --- [ecos-gateway] [essageBroker-11] c.c.g.g.jdbc.TenantAwareJdbcTemplate     : Executing SQL query [SELECT DISTINCT ON (datasource_id, table_name)
       datasource_id, table_name, column_hash
FROM schema_snapshots
ORDER BY datasource_id, table_name, snapshot_at DESC
]
2026-09-14T17:00:03.561+08:00 DEBUG 79744 --- [ecos-gateway] [MessageBroker-7] c.c.g.e.d.r.D.findAll                    : ==>  Preparing: SELECT * FROM td_datasource ORDER BY create_time DESC
2026-09-14T17:00:03.562+08:00 DEBUG 79744 --- [ecos-gateway] [MessageBroker-7] c.c.g.e.d.r.D.findAll                    : ==> Parameters: 
2026-09-14T17:00:03.603+08:00 DEBUG 79744 --- [ecos-gateway] [essageBroker-11] c.c.g.g.jdbc.TenantAwareJdbcTemplate     : Executing prepared SQL update
2026-09-14T17:00:03.610+08:00 DEBUG 79744 --- [ecos-gateway] [essageBroker-11] c.c.g.g.jdbc.TenantAwareJdbcTemplate     : Executing prepared SQL statement [INSERT INTO schema_changes (datasource_id, table_name, change_type, detail_json, detected_at, acknowledged) VALUES (?,?,?,?,?,?)]
2026-09-14T17:00:03.892+08:00 DEBUG 79744 --- [ecos-gateway] [essageBroker-11] c.c.g.g.jdbc.TenantAwareJdbcTemplate     : Executing prepared SQL update
2026-09-14T17:00:03.894+08:00 DEBUG 79744 --- [ecos-gateway] [essageBroker-11] c.c.g.g.jdbc.TenantAwareJdbcTemplate     : Executing prepared SQL statement [INSERT INTO schema_changes (datasource_id, table_name, change_type, detail_json, detected_at, acknowledged) VALUES (?,?,?,?,?,?)]
2026-09-14T17:00:03.913+08:00 DEBUG 79744 --- [ecos-gateway] [MessageBroker-7] c.c.g.e.d.r.D.findAll                    : <==      Total: 4
2026-09-14T17:00:03.950+08:00 DEBUG 79744 --- [ecos-gateway] [essageBroker-11] c.c.g.g.jdbc.TenantAwareJdbcTemplate     : Executing prepared SQL update
2026-09-14T17:00:03.952+08:00 DEBUG 79744 --- [ecos-gateway] [essageBroker-11] c.c.g.g.jdbc.TenantAwareJdbcTemplate     : Executing prepared SQL statement [INSERT INTO schema_changes (datasource_id, table_name, change_type, detail_json, detected_at, acknowledged) VALUES (?,?,?,?,?,?)]
2026-09-14T17:00:04.018+08:00 DEBUG 79744 --- [ecos-gateway] [essageBroker-11] c.c.g.g.jdbc.TenantAwareJdbcTemplate     : Executing prepared SQL update
2026-09-14T17:00:04.020+08:00 DEBUG 79744 --- [ecos-gateway] [essageBroker-11] c.c.g.g.jdbc.TenantAwareJdbcTemplate     : Executing prepared SQL statement [INSERT INTO schema_changes (datasource_id, table_name, change_type, detail_json, detected_at, acknowledged) VALUES (?,?,?,?,?,?)]
2026-09-14T17:00:04.069+08:00 DEBUG 79744 --- [ecos-gateway] [essageBroker-11] c.c.g.g.jdbc.TenantAwareJdbcTemplate     : Executing prepared SQL update
2026-09-14T17:00:04.071+08:00 DEBUG 79744 --- [ecos-gateway] [essageBroker-11] c.c.g.g.jdbc.TenantAwareJdbcTemplate     : Executing prepared SQL statement [INSERT INTO schema_changes (datasource_id, table_name, change_type, detail_json, detected_at, acknowledged) VALUES (?,?,?,?,?,?)]
2026-09-14T17:00:04.134+08:00 DEBUG 79744 --- [ecos-gateway] [essageBroker-11] c.c.g.g.jdbc.TenantAwareJdbcTemplate     : Executing prepared SQL update
2026-09-14T17:00:04.135+08:00 DEBUG 79744 --- [ecos-gateway] [essageBroker-11] c.c.g.g.jdbc.TenantAwareJdbcTemplate     : Executing prepared SQL statement [INSERT INTO schema_changes (datasource_id, table_name, change_type, detail_json, detected_at, acknowledged) VALUES (?,?,?,?,?,?)]
2026-09-14T17:00:04.174+08:00 DEBUG 79744 --- [ecos-gateway] [essageBroker-11] c.c.g.g.jdbc.TenantAwareJdbcTemplate     : Executing prepared SQL update
2026-09-14T17:00:04.177+08:00 DEBUG 79744 --- [ecos-gateway] [essageBroker-11] c.c.g.g.jdbc.TenantAwareJdbcTemplate     : Executing prepared SQL statement [INSERT INTO schema_changes (datasource_id, table_name, change_type, detail_json, detected_at, acknowledged) VALUES (?,?,?,?,?,?)]
2026-09-14T17:00:04.228+08:00 DEBUG 79744 --- [ecos-gateway] [essageBroker-11] c.c.g.g.jdbc.TenantAwareJdbcTemplate     : Executing prepared SQL update
2026-09-14T17:00:04.230+08:00 DEBUG 79744 --- [ecos-gateway] [essageBroker-11] c.c.g.g.jdbc.TenantAwareJdbcTemplate     : Executing prepared SQL statement [INSERT INTO schema_changes (datasource_id, table_name, change_type, detail_json, detected_at, acknowledged) VALUES (?,?,?,?,?,?)]
2026-09-14T17:00:04.270+08:00  INFO 79744 --- [ecos-gateway] [essageBroker-11] c.c.g.e.d.s.SchemaChangeDetector         : Detected 8 schema change(s)
2026-09-14T17:00:04.274+08:00  INFO 79744 --- [ecos-gateway] [essageBroker-11] c.c.g.e.d.s.SchemaChangeDetector         : SchemaChangeDetector done: 8 changes in 436 tables
2026-09-14T17:00:08.875+08:00 DEBUG 79744 --- [ecos-gateway] [essageBroker-10] c.c.g.engine.kb.service.KGWriterService  : Neo4j health OK — node count: 44
2026-09-14T17:00:38.570+08:00 DEBUG 79744 --- [ecos-gateway] [MessageBroker-3] c.c.g.engine.kb.service.KGWriterService  : Neo4j health OK — node count: 44
2026-09-14T17:00:42.911+08:00  INFO 79744 --- [ecos-gateway] [pool-2-thread-4] .c.g.r.c.t.s.i.TaskManagementServiceImpl : 任务已提交: taskId=f169e154-354f-4941-b5e2-99ea59353c6f, taskName=usage-aggregation
2026-09-14T17:00:42.913+08:00  INFO 79744 --- [ecos-gateway] [pool-2-thread-4] .c.g.r.c.t.s.i.TaskManagementServiceImpl : 任务已解析: taskId=f169e154-354f-4941-b5e2-99ea59353c6f
2026-09-14T17:00:42.915+08:00 DEBUG 79744 --- [ecos-gateway] [pool-2-thread-4] c.c.g.r.c.t.c.AgentCronTaskExecutor      : AgentCronTaskExecutor.onStatusUpdate: taskId=f169e154-354f-4941-b5e2-99ea59353c6f, status=RUNNING
2026-09-14T17:00:42.918+08:00 DEBUG 79744 --- [ecos-gateway] [pool-2-thread-4] c.c.g.g.jdbc.TenantAwareJdbcTemplate     : Executing prepared SQL update
2026-09-14T17:00:42.920+08:00 DEBUG 79744 --- [ecos-gateway] [pool-2-thread-4] c.c.g.g.jdbc.TenantAwareJdbcTemplate     : Executing prepared SQL statement [INSERT INTO ecos_tenant_usage (tenant_id, usage_date, quota_type, used_count, updated_at) SELECT 'unknown' AS tenant_id, ?::date, 'API_CALLS', COUNT(*) AS used_count, NOW() FROM ecos_spans s WHERE s.created_at::date = ?::date ON CONFLICT (tenant_id, usage_date, quota_type) DO UPDATE SET used_count = EXCLUDED.used_count, updated_at = NOW()]
2026-09-14T17:00:42.936+08:00 DEBUG 79744 --- [ecos-gateway] [pool-2-thread-4] c.c.g.g.jdbc.TenantAwareJdbcTemplate     : Executing prepared SQL update
2026-09-14T17:00:42.939+08:00 DEBUG 79744 --- [ecos-gateway] [pool-2-thread-4] c.c.g.g.jdbc.TenantAwareJdbcTemplate     : Executing prepared SQL statement [INSERT INTO ecos_tenant_usage (tenant_id, usage_date, quota_type, used_count, updated_at) SELECT 'unknown' AS tenant_id, ?::date, 'TOKENS', COALESCE(SUM(total_tokens), 0) AS used_count, NOW() FROM ecos_token_usage WHERE created_at::date = ?::date ON CONFLICT (tenant_id, usage_date, quota_type) DO UPDATE SET used_count = EXCLUDED.used_count, updated_at = NOW()]
2026-09-14T17:00:42.948+08:00 DEBUG 79744 --- [ecos-gateway] [pool-2-thread-4] c.c.g.gateway.telemetry.UsageCollector   : A7 UsageCollector aggregated 1 API + 1 token usage records for 2026-09-14 on today=2026-09-14
2026-09-14T17:00:42.952+08:00 DEBUG 79744 --- [ecos-gateway] [pool-2-thread-4] c.c.g.r.c.t.c.AgentCronTaskExecutor      : AgentCronTaskExecutor.onStatusUpdate: taskId=f169e154-354f-4941-b5e2-99ea59353c6f, status=SUCCEEDED
2026-09-14T17:00:42.954+08:00  INFO 79744 --- [ecos-gateway] [pool-2-thread-4] .c.g.r.c.t.s.i.TaskManagementServiceImpl : 任务执行完成: taskId=f169e154-354f-4941-b5e2-99ea59353c6f, status=SUCCEEDED
2026-09-14T17:00:42.956+08:00  INFO 79744 --- [ecos-gateway] [pool-2-thread-4] c.c.g.r.c.t.s.TaskSchedulerServiceImpl   : 定时任务已提交执行 task=f169e154-354f-4941-b5e2-99ea59353c6f taskType=USAGE_AGGREGATION
2026-09-14T17:01:03.938+08:00 DEBUG 79744 --- [ecos-gateway] [MessageBroker-6] c.c.g.e.d.r.D.findAll                    : ==>  Preparing: SELECT * FROM td_datasource ORDER BY create_time DESC
2026-09-14T17:01:03.941+08:00 DEBUG 79744 --- [ecos-gateway] [MessageBroker-6] c.c.g.e.d.r.D.findAll                    : ==> Parameters: 
2026-09-14T17:01:03.957+08:00 DEBUG 79744 --- [ecos-gateway] [MessageBroker-6] c.c.g.e.d.r.D.findAll                    : <==      Total: 4
2026-09-14T17:01:08.575+08:00 DEBUG 79744 --- [ecos-gateway] [essageBroker-15] c.c.g.engine.kb.service.KGWriterService  : Neo4j health OK — node count: 44
2026-09-14T17:01:18.229+08:00  INFO 79744 --- [ecos-gateway] [ntainer#1-0-C-1] org.apache.kafka.clients.NetworkClient   : [Consumer clientId=consumer-dccheng-ontology-consumer-2, groupId=dccheng-ontology-consumer] Node 2147483646 disconnected.
2026-09-14T17:01:18.229+08:00  INFO 79744 --- [ecos-gateway] [ad | producer-1] org.apache.kafka.clients.NetworkClient   : [Producer clientId=producer-1] Node 1 disconnected.
2026-09-14T17:01:18.229+08:00  INFO 79744 --- [ecos-gateway] [ntainer#0-0-C-1] org.apache.kafka.clients.NetworkClient   : [Consumer clientId=consumer-dccheng-cognitive-group-1, groupId=dccheng-cognitive-group] Node 1 disconnected.
2026-09-14T17:01:18.235+08:00  INFO 79744 --- [ecos-gateway] [ntainer#0-0-C-1] org.apache.kafka.clients.NetworkClient   : [Consumer clientId=consumer-dccheng-cognitive-group-1, groupId=dccheng-cognitive-group] Cancelled in-flight FETCH request with correlation id 5412 due to node 1 being disconnected (elapsed time since creation: 1207ms, elapsed time since send: 1207ms, request timeout: 30000ms)
2026-09-14T17:01:18.235+08:00  INFO 79744 --- [ecos-gateway] [tology-consumer] org.apache.kafka.clients.NetworkClient   : [Consumer clientId=consumer-dccheng-ontology-consumer-2, groupId=dccheng-ontology-consumer] Node 1 disconnected.
2026-09-14T17:01:18.237+08:00  INFO 79744 --- [ecos-gateway] [ntainer#0-0-C-1] org.apache.kafka.clients.NetworkClient   : [Consumer clientId=consumer-dccheng-cognitive-group-1, groupId=dccheng-cognitive-group] Node 2147483646 disconnected.
2026-09-14T17:01:18.239+08:00  INFO 79744 --- [ecos-gateway] [tology-consumer] org.apache.kafka.clients.NetworkClient   : [Consumer clientId=consumer-dccheng-ontology-consumer-2, groupId=dccheng-ontology-consumer] Cancelled in-flight FETCH request with correlation id 5415 due to node 1 being disconnected (elapsed time since creation: 1075ms, elapsed time since send: 1075ms, request timeout: 30000ms)
2026-09-14T17:01:18.241+08:00  INFO 79744 --- [ecos-gateway] [ntainer#0-0-C-1] o.a.kafka.clients.FetchSessionHandler    : [Consumer clientId=consumer-dccheng-cognitive-group-1, groupId=dccheng-cognitive-group] Error sending fetch request (sessionId=752305874, epoch=2861) to node 1:

org.apache.kafka.common.errors.DisconnectException: null

2026-09-14T17:01:18.242+08:00  INFO 79744 --- [ecos-gateway] [tology-consumer] org.apache.kafka.clients.NetworkClient   : [Consumer clientId=consumer-dccheng-ontology-consumer-2, groupId=dccheng-ontology-consumer] Cancelled in-flight METADATA request with correlation id 5416 due to node 1 being disconnected (elapsed time since creation: 975ms, elapsed time since send: 975ms, request timeout: 30000ms)
2026-09-14T17:01:18.242+08:00  INFO 79744 --- [ecos-gateway] [cognitive-group] o.a.k.c.c.internals.ConsumerCoordinator  : [Consumer clientId=consumer-dccheng-cognitive-group-1, groupId=dccheng-cognitive-group] Group coordinator localhost:9092 (id: 2147483646 rack: null) is unavailable or invalid due to cause: coordinator unavailable. isDisconnected: true. Rediscovery will be attempted.
2026-09-14T17:01:18.245+08:00  INFO 79744 --- [ecos-gateway] [tology-consumer] o.a.kafka.clients.FetchSessionHandler    : [Consumer clientId=consumer-dccheng-ontology-consumer-2, groupId=dccheng-ontology-consumer] Error sending fetch request (sessionId=1738848767, epoch=2860) to node 1:

org.apache.kafka.common.errors.DisconnectException: null

2026-09-14T17:01:18.249+08:00  INFO 79744 --- [ecos-gateway] [tology-consumer] o.a.k.c.c.internals.ConsumerCoordinator  : [Consumer clientId=consumer-dccheng-ontology-consumer-2, groupId=dccheng-ontology-consumer] Group coordinator localhost:9092 (id: 2147483646 rack: null) is unavailable or invalid due to cause: coordinator unavailable. isDisconnected: true. Rediscovery will be attempted.
2026-09-14T17:01:18.312+08:00  INFO 79744 --- [ecos-gateway] [ad | producer-1] org.apache.kafka.clients.NetworkClient   : [Producer clientId=producer-1] Node 1 disconnected.
2026-09-14T17:01:18.316+08:00  WARN 79744 --- [ecos-gateway] [ad | producer-1] org.apache.kafka.clients.NetworkClient   : [Producer clientId=producer-1] Connection to node 1 (localhost/127.0.0.1:9092) could not be established. Broker may not be available.
2026-09-14T17:01:18.336+08:00  INFO 79744 --- [ecos-gateway] [ntainer#0-0-C-1] org.apache.kafka.clients.NetworkClient   : [Consumer clientId=consumer-dccheng-cognitive-group-1, groupId=dccheng-cognitive-group] Node 1 disconnected.
2026-09-14T17:01:18.338+08:00  WARN 79744 --- [ecos-gateway] [ntainer#0-0-C-1] org.apache.kafka.clients.NetworkClient   : [Consumer clientId=consumer-dccheng-cognitive-group-1, groupId=dccheng-cognitive-group] Connection to node 1 (localhost/127.0.0.1:9092) could not be established. Broker may not be available.
2026-09-14T17:01:18.351+08:00  INFO 79744 --- [ecos-gateway] [ntainer#1-0-C-1] org.apache.kafka.clients.NetworkClient   : [Consumer clientId=consumer-dccheng-ontology-consumer-2, groupId=dccheng-ontology-consumer] Node 1 disconnected.
2026-09-14T17:01:18.353+08:00  WARN 79744 --- [ecos-gateway] [ntainer#1-0-C-1] org.apache.kafka.clients.NetworkClient   : [Consumer clientId=consumer-dccheng-ontology-consumer-2, groupId=dccheng-ontology-consumer] Connection to node 1 (localhost/127.0.0.1:9092) could not be established. Broker may not be available.
2026-09-14T17:01:18.440+08:00  INFO 79744 --- [ecos-gateway] [ad | producer-1] org.apache.kafka.clients.NetworkClient   : [Producer clientId=producer-1] Node 1 disconnected.
2026-09-14T17:01:18.463+08:00  INFO 79744 --- [ecos-gateway] [ntainer#1-0-C-1] org.apache.kafka.clients.NetworkClient   : [Consumer clientId=consumer-dccheng-ontology-consumer-2, groupId=dccheng-ontology-consumer] Node 1 disconnected.
2026-09-14T17:01:18.467+08:00  WARN 79744 --- [ecos-gateway] [ad | producer-1] org.apache.kafka.clients.NetworkClient   : [Producer clientId=producer-1] Connection to node 1 (localhost/127.0.0.1:9092) could not be established. Broker may not be available.
2026-09-14T17:01:18.468+08:00  WARN 79744 --- [ecos-gateway] [ntainer#1-0-C-1] org.apache.kafka.clients.NetworkClient   : [Consumer clientId=consumer-dccheng-ontology-consumer-2, groupId=dccheng-ontology-consumer] Connection to node 1 (localhost/127.0.0.1:9092) could not be established. Broker may not be available.
2026-09-14T17:01:18.495+08:00  INFO 79744 --- [ecos-gateway] [ntainer#0-0-C-1] org.apache.kafka.clients.NetworkClient   : [Consumer clientId=consumer-dccheng-cognitive-group-1, groupId=dccheng-cognitive-group] Node 1 disconnected.
2026-09-14T17:01:18.507+08:00  WARN 79744 --- [ecos-gateway] [ntainer#0-0-C-1] org.apache.kafka.clients.NetworkClient   : [Consumer clientId=consumer-dccheng-cognitive-group-1, groupId=dccheng-cognitive-group] Connection to node 1 (localhost/127.0.0.1:9092) could not be established. Broker may not be available.
2026-09-14T17:01:18.647+08:00  INFO 79744 --- [ecos-gateway] [ntainer#1-0-C-1] org.apache.kafka.clients.NetworkClient   : [Consumer clientId=consumer-dccheng-ontology-consumer-2, groupId=dccheng-ontology-consumer] Node 1 disconnected.
2026-09-14T17:01:18.653+08:00  WARN 79744 --- [ecos-gateway] [ntainer#1-0-C-1] org.apache.kafka.clients.NetworkClient   : [Consumer clientId=consumer-dccheng-ontology-consumer-2, groupId=dccheng-ontology-consumer] Connection to node 1 (localhost/127.0.0.1:9092) could not be established. Broker may not be available.
2026-09-14T17:01:18.702+08:00  INFO 79744 --- [ecos-gateway] [ad | producer-1] org.apache.kafka.clients.NetworkClient   : [Producer clientId=producer-1] Node 1 disconnected.
2026-09-14T17:01:18.720+08:00  WARN 79744 --- [ecos-gateway] [ad | producer-1] org.apache.kafka.clients.NetworkClient   : [Producer clientId=producer-1] Connection to node 1 (localhost/127.0.0.1:9092) could not be established. Broker may not be available.
2026-09-14T17:01:18.757+08:00  INFO 79744 --- [ecos-gateway] [ntainer#0-0-C-1] org.apache.kafka.clients.NetworkClient   : [Consumer clientId=consumer-dccheng-cognitive-group-1, groupId=dccheng-cognitive-group] Node 1 disconnected.
2026-09-14T17:01:18.763+08:00  WARN 79744 --- [ecos-gateway] [ntainer#0-0-C-1] org.apache.kafka.clients.NetworkClient   : [Consumer clientId=consumer-dccheng-cognitive-group-1, groupId=dccheng-cognitive-group] Connection to node 1 (localhost/127.0.0.1:9092) could not be established. Broker may not be available.
2026-09-14T17:01:19.002+08:00  INFO 79744 --- [ecos-gateway] [ntainer#1-0-C-1] org.apache.kafka.clients.NetworkClient   : [Consumer clientId=consumer-dccheng-ontology-consumer-2, groupId=dccheng-ontology-consumer] Node 1 disconnected.
2026-09-14T17:01:19.008+08:00  WARN 79744 --- [ecos-gateway] [ntainer#1-0-C-1] org.apache.kafka.clients.NetworkClient   : [Consumer clientId=consumer-dccheng-ontology-consumer-2, groupId=dccheng-ontology-consumer] Connection to node 1 (localhost/127.0.0.1:9092) could not be established. Broker may not be available.
2026-09-14T17:01:19.135+08:00  INFO 79744 --- [ecos-gateway] [ntainer#0-0-C-1] org.apache.kafka.clients.NetworkClient   : [Consumer clientId=consumer-dccheng-cognitive-group-1, groupId=dccheng-cognitive-group] Node 1 disconnected.
2026-09-14T17:01:19.138+08:00  INFO 79744 --- [ecos-gateway] [ad | producer-1] org.apache.kafka.clients.NetworkClient   : [Producer clientId=producer-1] Node 1 disconnected.
2026-09-14T17:01:19.147+08:00  WARN 79744 --- [ecos-gateway] [ntainer#0-0-C-1] org.apache.kafka.clients.NetworkClient   : [Consumer clientId=consumer-dccheng-cognitive-group-1, groupId=dccheng-cognitive-group] Connection to node 1 (localhost/127.0.0.1:9092) could not be established. Broker may not be available.
2026-09-14T17:01:19.149+08:00  WARN 79744 --- [ecos-gateway] [ad | producer-1] org.apache.kafka.clients.NetworkClient   : [Producer clientId=producer-1] Connection to node 1 (localhost/127.0.0.1:9092) could not be established. Broker may not be available.
2026-09-14T17:01:19.982+08:00  INFO 79744 --- [ecos-gateway] [ntainer#1-0-C-1] org.apache.kafka.clients.NetworkClient   : [Consumer clientId=consumer-dccheng-ontology-consumer-2, groupId=dccheng-ontology-consumer] Node 1 disconnected.
2026-09-14T17:01:19.984+08:00  WARN 79744 --- [ecos-gateway] [ntainer#1-0-C-1] org.apache.kafka.clients.NetworkClient   : [Consumer clientId=consumer-dccheng-ontology-consumer-2, groupId=dccheng-ontology-consumer] Connection to node 1 (localhost/127.0.0.1:9092) could not be established. Broker may not be available.
2026-09-14T17:01:20.076+08:00  INFO 79744 --- [ecos-gateway] [ad | producer-1] org.apache.kafka.clients.NetworkClient   : [Producer clientId=producer-1] Node 1 disconnected.
2026-09-14T17:01:20.080+08:00  WARN 79744 --- [ecos-gateway] [ad | producer-1] org.apache.kafka.clients.NetworkClient   : [Producer clientId=producer-1] Connection to node 1 (localhost/127.0.0.1:9092) could not be established. Broker may not be available.
2026-09-14T17:01:20.136+08:00  INFO 79744 --- [ecos-gateway] [ntainer#0-0-C-1] org.apache.kafka.clients.NetworkClient   : [Consumer clientId=consumer-dccheng-cognitive-group-1, groupId=dccheng-cognitive-group] Node 1 disconnected.
2026-09-14T17:01:20.140+08:00  WARN 79744 --- [ecos-gateway] [ntainer#0-0-C-1] org.apache.kafka.clients.NetworkClient   : [Consumer clientId=consumer-dccheng-cognitive-group-1, groupId=dccheng-cognitive-group] Connection to node 1 (localhost/127.0.0.1:9092) could not be established. Broker may not be available.
2026-09-14T17:01:21.090+08:00  INFO 79744 --- [ecos-gateway] [ntainer#1-0-C-1] org.apache.kafka.clients.NetworkClient   : [Consumer clientId=consumer-dccheng-ontology-consumer-2, groupId=dccheng-ontology-consumer] Node 1 disconnected.
2026-09-14T17:01:21.092+08:00  WARN 79744 --- [ecos-gateway] [ntainer#1-0-C-1] org.apache.kafka.clients.NetworkClient   : [Consumer clientId=consumer-dccheng-ontology-consumer-2, groupId=dccheng-ontology-consumer] Connection to node 1 (localhost/127.0.0.1:9092) could not be established. Broker may not be available.
2026-09-14T17:01:21.165+08:00  INFO 79744 --- [ecos-gateway] [ntainer#0-0-C-1] org.apache.kafka.clients.NetworkClient   : [Consumer clientId=consumer-dccheng-cognitive-group-1, groupId=dccheng-cognitive-group] Node 1 disconnected.
2026-09-14T17:01:21.166+08:00  WARN 79744 --- [ecos-gateway] [ntainer#0-0-C-1] org.apache.kafka.clients.NetworkClient   : [Consumer clientId=consumer-dccheng-cognitive-group-1, groupId=dccheng-cognitive-group] Connection to node 1 (localhost/127.0.0.1:9092) could not be established. Broker may not be available.
2026-09-14T17:01:21.183+08:00  INFO 79744 --- [ecos-gateway] [ad | producer-1] org.apache.kafka.clients.NetworkClient   : [Producer clientId=producer-1] Node 1 disconnected.
2026-09-14T17:01:21.185+08:00  WARN 79744 --- [ecos-gateway] [ad | producer-1] org.apache.kafka.clients.NetworkClient   : [Producer clientId=producer-1] Connection to node 1 (localhost/127.0.0.1:9092) could not be established. Broker may not be available.
2026-09-14T17:01:22.074+08:00  INFO 79744 --- [ecos-gateway] [ntainer#1-0-C-1] org.apache.kafka.clients.NetworkClient   : [Consumer clientId=consumer-dccheng-ontology-consumer-2, groupId=dccheng-ontology-consumer] Node 1 disconnected.
2026-09-14T17:01:22.076+08:00  WARN 79744 --- [ecos-gateway] [ntainer#1-0-C-1] org.apache.kafka.clients.NetworkClient   : [Consumer clientId=consumer-dccheng-ontology-consumer-2, groupId=dccheng-ontology-consumer] Connection to node 1 (localhost/127.0.0.1:9092) could not be established. Broker may not be available.
2026-09-14T17:01:22.155+08:00  INFO 79744 --- [ecos-gateway] [ntainer#0-0-C-1] org.apache.kafka.clients.NetworkClient   : [Consumer clientId=consumer-dccheng-cognitive-group-1, groupId=dccheng-cognitive-group] Node 1 disconnected.
2026-09-14T17:01:22.158+08:00  WARN 79744 --- [ecos-gateway] [ntainer#0-0-C-1] org.apache.kafka.clients.NetworkClient   : [Consumer clientId=consumer-dccheng-cognitive-group-1, groupId=dccheng-cognitive-group] Connection to node 1 (localhost/127.0.0.1:9092) could not be established. Broker may not be available.
2026-09-14T17:01:22.356+08:00  INFO 79744 --- [ecos-gateway] [ad | producer-1] org.apache.kafka.clients.NetworkClient   : [Producer clientId=producer-1] Node 1 disconnected.
2026-09-14T17:01:22.357+08:00  WARN 79744 --- [ecos-gateway] [ad | producer-1] org.apache.kafka.clients.NetworkClient   : [Producer clientId=producer-1] Connection to node 1 (localhost/127.0.0.1:9092) could not be established. Broker may not be available.
2026-09-14T17:01:22.934+08:00  INFO 79744 --- [ecos-gateway] [ntainer#1-0-C-1] org.apache.kafka.clients.NetworkClient   : [Consumer clientId=consumer-dccheng-ontology-consumer-2, groupId=dccheng-ontology-consumer] Node 1 disconnected.
2026-09-14T17:01:22.937+08:00  WARN 79744 --- [ecos-gateway] [ntainer#1-0-C-1] org.apache.kafka.clients.NetworkClient   : [Consumer clientId=consumer-dccheng-ontology-consumer-2, groupId=dccheng-ontology-consumer] Connection to node 1 (localhost/127.0.0.1:9092) could not be established. Broker may not be available.
2026-09-14T17:01:23.348+08:00  INFO 79744 --- [ecos-gateway] [ad | producer-1] org.apache.kafka.clients.NetworkClient   : [Producer clientId=producer-1] Node 1 disconnected.
2026-09-14T17:01:23.350+08:00  WARN 79744 --- [ecos-gateway] [ad | producer-1] org.apache.kafka.clients.NetworkClient   : [Producer clientId=producer-1] Connection to node 1 (localhost/127.0.0.1:9092) could not be established. Broker may not be available.
2026-09-14T17:01:23.351+08:00  INFO 79744 --- [ecos-gateway] [ntainer#0-0-C-1] org.apache.kafka.clients.NetworkClient   : [Consumer clientId=consumer-dccheng-cognitive-group-1, groupId=dccheng-cognitive-group] Node 1 disconnected.
2026-09-14T17:01:23.354+08:00  WARN 79744 --- [ecos-gateway] [ntainer#0-0-C-1] org.apache.kafka.clients.NetworkClient   : [Consumer clientId=consumer-dccheng-cognitive-group-1, groupId=dccheng-cognitive-group] Connection to node 1 (localhost/127.0.0.1:9092) could not be established. Broker may not be available.
2026-09-14T17:01:23.926+08:00  INFO 79744 --- [ecos-gateway] [ntainer#1-0-C-1] org.apache.kafka.clients.NetworkClient   : [Consumer clientId=consumer-dccheng-ontology-consumer-2, groupId=dccheng-ontology-consumer] Node 1 disconnected.
2026-09-14T17:01:23.931+08:00  WARN 79744 --- [ecos-gateway] [ntainer#1-0-C-1] org.apache.kafka.clients.NetworkClient   : [Consumer clientId=consumer-dccheng-ontology-consumer-2, groupId=dccheng-ontology-consumer] Connection to node 1 (localhost/127.0.0.1:9092) could not be established. Broker may not be available.
2026-09-14T17:01:24.509+08:00  INFO 79744 --- [ecos-gateway] [ntainer#0-0-C-1] org.apache.kafka.clients.NetworkClient   : [Consumer clientId=consumer-dccheng-cognitive-group-1, groupId=dccheng-cognitive-group] Node 1 disconnected.
2026-09-14T17:01:24.511+08:00  WARN 79744 --- [ecos-gateway] [ntainer#0-0-C-1] org.apache.kafka.clients.NetworkClient   : [Consumer clientId=consumer-dccheng-cognitive-group-1, groupId=dccheng-cognitive-group] Connection to node 1 (localhost/127.0.0.1:9092) could not be established. Broker may not be available.
2026-09-14T17:01:24.542+08:00  INFO 79744 --- [ecos-gateway] [ad | producer-1] org.apache.kafka.clients.NetworkClient   : [Producer clientId=producer-1] Node 1 disconnected.
2026-09-14T17:01:24.546+08:00  WARN 79744 --- [ecos-gateway] [ad | producer-1] org.apache.kafka.clients.NetworkClient   : [Producer clientId=producer-1] Connection to node 1 (localhost/127.0.0.1:9092) could not be established. Broker may not be available.
2026-09-14T17:01:25.159+08:00  INFO 79744 --- [ecos-gateway] [ntainer#1-0-C-1] org.apache.kafka.clients.NetworkClient   : [Consumer clientId=consumer-dccheng-ontology-consumer-2, groupId=dccheng-ontology-consumer] Node 1 disconnected.
2026-09-14T17:01:25.162+08:00  WARN 79744 --- [ecos-gateway] [ntainer#1-0-C-1] org.apache.kafka.clients.NetworkClient   : [Consumer clientId=consumer-dccheng-ontology-consumer-2, groupId=dccheng-ontology-consumer] Connection to node 1 (localhost/127.0.0.1:9092) could not be established. Broker may not be available.
2026-09-14T17:01:25.595+08:00  INFO 79744 --- [ecos-gateway] [ad | producer-1] org.apache.kafka.clients.NetworkClient   : [Producer clientId=producer-1] Node 1 disconnected.
2026-09-14T17:01:25.598+08:00  WARN 79744 --- [ecos-gateway] [ad | producer-1] org.apache.kafka.clients.NetworkClient   : [Producer clientId=producer-1] Connection to node 1 (localhost/127.0.0.1:9092) could not be established. Broker may not be available.
2026-09-14T17:01:25.625+08:00  INFO 79744 --- [ecos-gateway] [ntainer#0-0-C-1] org.apache.kafka.clients.NetworkClient   : [Consumer clientId=consumer-dccheng-cognitive-group-1, groupId=dccheng-cognitive-group] Node 1 disconnected.
2026-09-14T17:01:25.627+08:00  WARN 79744 --- [ecos-gateway] [ntainer#0-0-C-1] org.apache.kafka.clients.NetworkClient   : [Consumer clientId=consumer-dccheng-cognitive-group-1, groupId=dccheng-cognitive-group] Connection to node 1 (localhost/127.0.0.1:9092) could not be established. Broker may not be available.
2026-09-14T17:01:26.260+08:00  INFO 79744 --- [ecos-gateway] [ntainer#1-0-C-1] org.apache.kafka.clients.NetworkClient   : [Consumer clientId=consumer-dccheng-ontology-consumer-2, groupId=dccheng-ontology-consumer] Node 1 disconnected.
2026-09-14T17:01:26.283+08:00  WARN 79744 --- [ecos-gateway] [ntainer#1-0-C-1] org.apache.kafka.clients.NetworkClient   : [Consumer clientId=consumer-dccheng-ontology-consumer-2, groupId=dccheng-ontology-consumer] Connection to node 1 (localhost/127.0.0.1:9092) could not be established. Broker may not be available.
2026-09-14T17:01:26.492+08:00  INFO 79744 --- [ecos-gateway] [ad | producer-1] org.apache.kafka.clients.NetworkClient   : [Producer clientId=producer-1] Node 1 disconnected.
2026-09-14T17:01:26.494+08:00  WARN 79744 --- [ecos-gateway] [ad | producer-1] org.apache.kafka.clients.NetworkClient   : [Producer clientId=producer-1] Connection to node 1 (localhost/127.0.0.1:9092) could not be established. Broker may not be available.
2026-09-14T17:01:26.805+08:00  INFO 79744 --- [ecos-gateway] [ntainer#0-0-C-1] org.apache.kafka.clients.NetworkClient   : [Consumer clientId=consumer-dccheng-cognitive-group-1, groupId=dccheng-cognitive-group] Node 1 disconnected.
2026-09-14T17:01:26.843+08:00  WARN 79744 --- [ecos-gateway] [ntainer#0-0-C-1] org.apache.kafka.clients.NetworkClient   : [Consumer clientId=consumer-dccheng-cognitive-group-1, groupId=dccheng-cognitive-group] Connection to node 1 (localhost/127.0.0.1:9092) could not be established. Broker may not be available.
2026-09-14T17:01:27.452+08:00  INFO 79744 --- [ecos-gateway] [ntainer#1-0-C-1] org.apache.kafka.clients.NetworkClient   : [Consumer clientId=consumer-dccheng-ontology-consumer-2, groupId=dccheng-ontology-consumer] Node 1 disconnected.
2026-09-14T17:01:27.456+08:00  WARN 79744 --- [ecos-gateway] [ntainer#1-0-C-1] org.apache.kafka.clients.NetworkClient   : [Consumer clientId=consumer-dccheng-ontology-consumer-2, groupId=dccheng-ontology-consumer] Connection to node 1 (localhost/127.0.0.1:9092) could not be established. Broker may not be available.
2026-09-14T17:01:27.471+08:00  INFO 79744 --- [ecos-gateway] [ad | producer-1] org.apache.kafka.clients.NetworkClient   : [Producer clientId=producer-1] Node 1 disconnected.
2026-09-14T17:01:27.477+08:00  WARN 79744 --- [ecos-gateway] [ad | producer-1] org.apache.kafka.clients.NetworkClient   : [Producer clientId=producer-1] Connection to node 1 (localhost/127.0.0.1:9092) could not be established. Broker may not be available.
2026-09-14T17:01:27.666+08:00  INFO 79744 --- [ecos-gateway] [ntainer#0-0-C-1] org.apache.kafka.clients.NetworkClient   : [Consumer clientId=consumer-dccheng-cognitive-group-1, groupId=dccheng-cognitive-group] Node 1 disconnected.
2026-09-14T17:01:27.668+08:00  WARN 79744 --- [ecos-gateway] [ntainer#0-0-C-1] org.apache.kafka.clients.NetworkClient   : [Consumer clientId=consumer-dccheng-cognitive-group-1, groupId=dccheng-cognitive-group] Connection to node 1 (localhost/127.0.0.1:9092) could not be established. Broker may not be available.
2026-09-14T17:01:28.308+08:00  INFO 79744 --- [ecos-gateway] [ntainer#1-0-C-1] org.apache.kafka.clients.NetworkClient   : [Consumer clientId=consumer-dccheng-ontology-consumer-2, groupId=dccheng-ontology-consumer] Node 1 disconnected.
2026-09-14T17:01:28.310+08:00  WARN 79744 --- [ecos-gateway] [ntainer#1-0-C-1] org.apache.kafka.clients.NetworkClient   : [Consumer clientId=consumer-dccheng-ontology-consumer-2, groupId=dccheng-ontology-consumer] Connection to node 1 (localhost/127.0.0.1:9092) could not be established. Broker may not be available.
2026-09-14T17:01:28.521+08:00  INFO 79744 --- [ecos-gateway] [ad | producer-1] org.apache.kafka.clients.NetworkClient   : [Producer clientId=producer-1] Node 1 disconnected.
2026-09-14T17:01:28.522+08:00  WARN 79744 --- [ecos-gateway] [ad | producer-1] org.apache.kafka.clients.NetworkClient   : [Producer clientId=producer-1] Connection to node 1 (localhost/127.0.0.1:9092) could not be established. Broker may not be available.
2026-09-14T17:01:28.582+08:00  INFO 79744 --- [ecos-gateway] [ntainer#0-0-C-1] org.apache.kafka.clients.NetworkClient   : [Consumer clientId=consumer-dccheng-cognitive-group-1, groupId=dccheng-cognitive-group] Node 1 disconnected.
2026-09-14T17:01:28.585+08:00  WARN 79744 --- [ecos-gateway] [ntainer#0-0-C-1] org.apache.kafka.clients.NetworkClient   : [Consumer clientId=consumer-dccheng-cognitive-group-1, groupId=dccheng-cognitive-group] Connection to node 1 (localhost/127.0.0.1:9092) could not be established. Broker may not be available.
2026-09-14T17:01:29.476+08:00  INFO 79744 --- [ecos-gateway] [ntainer#1-0-C-1] org.apache.kafka.clients.NetworkClient   : [Consumer clientId=consumer-dccheng-ontology-consumer-2, groupId=dccheng-ontology-consumer] Node 1 disconnected.
2026-09-14T17:01:29.484+08:00  WARN 79744 --- [ecos-gateway] [ntainer#1-0-C-1] org.apache.kafka.clients.NetworkClient   : [Consumer clientId=consumer-dccheng-ontology-consumer-2, groupId=dccheng-ontology-consumer] Connection to node 1 (localhost/127.0.0.1:9092) could not be established. Broker may not be available.
2026-09-14T17:01:29.507+08:00  INFO 79744 --- [ecos-gateway] [ntainer#0-0-C-1] org.apache.kafka.clients.NetworkClient   : [Consumer clientId=consumer-dccheng-cognitive-group-1, groupId=dccheng-cognitive-group] Node 1 disconnected.
2026-09-14T17:01:29.513+08:00  WARN 79744 --- [ecos-gateway] [ntainer#0-0-C-1] org.apache.kafka.clients.NetworkClient   : [Consumer clientId=consumer-dccheng-cognitive-group-1, groupId=dccheng-cognitive-group] Connection to node 1 (localhost/127.0.0.1:9092) could not be established. Broker may not be available.
2026-09-14T17:01:29.527+08:00  INFO 79744 --- [ecos-gateway] [ad | producer-1] org.apache.kafka.clients.NetworkClient   : [Producer clientId=producer-1] Node 1 disconnected.
2026-09-14T17:01:29.533+08:00  WARN 79744 --- [ecos-gateway] [ad | producer-1] org.apache.kafka.clients.NetworkClient   : [Producer clientId=producer-1] Connection to node 1 (localhost/127.0.0.1:9092) could not be established. Broker may not be available.
2026-09-14T17:01:30.507+08:00  INFO 79744 --- [ecos-gateway] [ntainer#1-0-C-1] org.apache.kafka.clients.NetworkClient   : [Consumer clientId=consumer-dccheng-ontology-consumer-2, groupId=dccheng-ontology-consumer] Node 1 disconnected.
2026-09-14T17:01:30.544+08:00  WARN 79744 --- [ecos-gateway] [ntainer#1-0-C-1] org.apache.kafka.clients.NetworkClient   : [Consumer clientId=consumer-dccheng-ontology-consumer-2, groupId=dccheng-ontology-consumer] Connection to node 1 (localhost/127.0.0.1:9092) could not be established. Broker may not be available.
2026-09-14T17:01:30.579+08:00  INFO 79744 --- [ecos-gateway] [ad | producer-1] org.apache.kafka.clients.NetworkClient   : [Producer clientId=producer-1] Node 1 disconnected.
2026-09-14T17:01:30.618+08:00  WARN 79744 --- [ecos-gateway] [ad | producer-1] org.apache.kafka.clients.NetworkClient   : [Producer clientId=producer-1] Connection to node 1 (localhost/127.0.0.1:9092) could not be established. Broker may not be available.
2026-09-14T17:01:30.707+08:00  INFO 79744 --- [ecos-gateway] [ntainer#0-0-C-1] org.apache.kafka.clients.NetworkClient   : [Consumer clientId=consumer-dccheng-cognitive-group-1, groupId=dccheng-cognitive-group] Node 1 disconnected.
2026-09-14T17:01:30.758+08:00  WARN 79744 --- [ecos-gateway] [ntainer#0-0-C-1] org.apache.kafka.clients.NetworkClient   : [Consumer clientId=consumer-dccheng-cognitive-group-1, groupId=dccheng-cognitive-group] Connection to node 1 (localhost/127.0.0.1:9092) could not be established. Broker may not be available.
2026-09-14T17:01:31.507+08:00  INFO 79744 --- [ecos-gateway] [ad | producer-1] org.apache.kafka.clients.NetworkClient   : [Producer clientId=producer-1] Node 1 disconnected.
2026-09-14T17:01:31.509+08:00  WARN 79744 --- [ecos-gateway] [ad | producer-1] org.apache.kafka.clients.NetworkClient   : [Producer clientId=producer-1] Connection to node 1 (localhost/127.0.0.1:9092) could not be established. Broker may not be available.
2026-09-14T17:01:31.537+08:00  INFO 79744 --- [ecos-gateway] [ntainer#0-0-C-1] org.apache.kafka.clients.NetworkClient   : [Consumer clientId=consumer-dccheng-cognitive-group-1, groupId=dccheng-cognitive-group] Node 1 disconnected.
2026-09-14T17:01:31.539+08:00  WARN 79744 --- [ecos-gateway] [ntainer#0-0-C-1] org.apache.kafka.clients.NetworkClient   : [Consumer clientId=consumer-dccheng-cognitive-group-1, groupId=dccheng-cognitive-group] Connection to node 1 (localhost/127.0.0.1:9092) could not be established. Broker may not be available.
2026-09-14T17:01:31.597+08:00  INFO 79744 --- [ecos-gateway] [ntainer#1-0-C-1] org.apache.kafka.clients.NetworkClient   : [Consumer clientId=consumer-dccheng-ontology-consumer-2, groupId=dccheng-ontology-consumer] Node 1 disconnected.
2026-09-14T17:01:31.598+08:00  WARN 79744 --- [ecos-gateway] [ntainer#1-0-C-1] org.apache.kafka.clients.NetworkClient   : [Consumer clientId=consumer-dccheng-ontology-consumer-2, groupId=dccheng-ontology-consumer] Connection to node 1 (localhost/127.0.0.1:9092) could not be established. Broker may not be available.
2026-09-14T17:01:32.446+08:00  INFO 79744 --- [ecos-gateway] [ntainer#0-0-C-1] org.apache.kafka.clients.NetworkClient   : [Consumer clientId=consumer-dccheng-cognitive-group-1, groupId=dccheng-cognitive-group] Node 1 disconnected.
2026-09-14T17:01:32.448+08:00  WARN 79744 --- [ecos-gateway] [ntainer#0-0-C-1] org.apache.kafka.clients.NetworkClient   : [Consumer clientId=consumer-dccheng-cognitive-group-1, groupId=dccheng-cognitive-group] Connection to node 1 (localhost/127.0.0.1:9092) could not be established. Broker may not be available.
2026-09-14T17:01:32.603+08:00  INFO 79744 --- [ecos-gateway] [ntainer#1-0-C-1] org.apache.kafka.clients.NetworkClient   : [Consumer clientId=consumer-dccheng-ontology-consumer-2, groupId=dccheng-ontology-consumer] Node 1 disconnected.
2026-09-14T17:01:32.606+08:00  WARN 79744 --- [ecos-gateway] [ntainer#1-0-C-1] org.apache.kafka.clients.NetworkClient   : [Consumer clientId=consumer-dccheng-ontology-consumer-2, groupId=dccheng-ontology-consumer] Connection to node 1 (localhost/127.0.0.1:9092) could not be established. Broker may not be available.
2026-09-14T17:01:32.695+08:00  INFO 79744 --- [ecos-gateway] [ad | producer-1] org.apache.kafka.clients.NetworkClient   : [Producer clientId=producer-1] Node 1 disconnected.
2026-09-14T17:01:32.697+08:00  WARN 79744 --- [ecos-gateway] [ad | producer-1] org.apache.kafka.clients.NetworkClient   : [Producer clientId=producer-1] Connection to node 1 (localhost/127.0.0.1:9092) could not be established. Broker may not be available.
2026-09-14T17:01:33.545+08:00  INFO 79744 --- [ecos-gateway] [ntainer#0-0-C-1] org.apache.kafka.clients.NetworkClient   : [Consumer clientId=consumer-dccheng-cognitive-group-1, groupId=dccheng-cognitive-group] Node 1 disconnected.
2026-09-14T17:01:33.552+08:00  WARN 79744 --- [ecos-gateway] [ntainer#0-0-C-1] org.apache.kafka.clients.NetworkClient   : [Consumer clientId=consumer-dccheng-cognitive-group-1, groupId=dccheng-cognitive-group] Connection to node 1 (localhost/127.0.0.1:9092) could not be established. Broker may not be available.
2026-09-14T17:01:33.665+08:00  INFO 79744 --- [ecos-gateway] [ntainer#1-0-C-1] org.apache.kafka.clients.NetworkClient   : [Consumer clientId=consumer-dccheng-ontology-consumer-2, groupId=dccheng-ontology-consumer] Node 1 disconnected.
2026-09-14T17:01:33.668+08:00  WARN 79744 --- [ecos-gateway] [ntainer#1-0-C-1] org.apache.kafka.clients.NetworkClient   : [Consumer clientId=consumer-dccheng-ontology-consumer-2, groupId=dccheng-ontology-consumer] Connection to node 1 (localhost/127.0.0.1:9092) could not be established. Broker may not be available.
2026-09-14T17:01:33.850+08:00  INFO 79744 --- [ecos-gateway] [ad | producer-1] org.apache.kafka.clients.NetworkClient   : [Producer clientId=producer-1] Node 1 disconnected.
2026-09-14T17:01:33.852+08:00  WARN 79744 --- [ecos-gateway] [ad | producer-1] org.apache.kafka.clients.NetworkClient   : [Producer clientId=producer-1] Connection to node 1 (localhost/127.0.0.1:9092) could not be established. Broker may not be available.
2026-09-14T17:01:34.616+08:00  INFO 79744 --- [ecos-gateway] [ntainer#0-0-C-1] org.apache.kafka.clients.NetworkClient   : [Consumer clientId=consumer-dccheng-cognitive-group-1, groupId=dccheng-cognitive-group] Node 1 disconnected.
2026-09-14T17:01:34.617+08:00  WARN 79744 --- [ecos-gateway] [ntainer#0-0-C-1] org.apache.kafka.clients.NetworkClient   : [Consumer clientId=consumer-dccheng-cognitive-group-1, groupId=dccheng-cognitive-group] Connection to node 1 (localhost/127.0.0.1:9092) could not be established. Broker may not be available.
2026-09-14T17:01:34.677+08:00  INFO 79744 --- [ecos-gateway] [ntainer#1-0-C-1] org.apache.kafka.clients.NetworkClient   : [Consumer clientId=consumer-dccheng-ontology-consumer-2, groupId=dccheng-ontology-consumer] Node 1 disconnected.
2026-09-14T17:01:34.681+08:00  WARN 79744 --- [ecos-gateway] [ntainer#1-0-C-1] org.apache.kafka.clients.NetworkClient   : [Consumer clientId=consumer-dccheng-ontology-consumer-2, groupId=dccheng-ontology-consumer] Connection to node 1 (localhost/127.0.0.1:9092) could not be established. Broker may not be available.
2026-09-14T17:01:34.862+08:00  INFO 79744 --- [ecos-gateway] [ad | producer-1] org.apache.kafka.clients.NetworkClient   : [Producer clientId=producer-1] Node 1 disconnected.
2026-09-14T17:01:34.864+08:00  WARN 79744 --- [ecos-gateway] [ad | producer-1] org.apache.kafka.clients.NetworkClient   : [Producer clientId=producer-1] Connection to node 1 (localhost/127.0.0.1:9092) could not be established. Broker may not be available.
2026-09-14T17:01:35.630+08:00  INFO 79744 --- [ecos-gateway] [ntainer#1-0-C-1] org.apache.kafka.clients.NetworkClient   : [Consumer clientId=consumer-dccheng-ontology-consumer-2, groupId=dccheng-ontology-consumer] Node 1 disconnected.
2026-09-14T17:01:35.631+08:00  WARN 79744 --- [ecos-gateway] [ntainer#1-0-C-1] org.apache.kafka.clients.NetworkClient   : [Consumer clientId=consumer-dccheng-ontology-consumer-2, groupId=dccheng-ontology-consumer] Connection to node 1 (localhost/127.0.0.1:9092) could not be established. Broker may not be available.
2026-09-14T17:01:35.666+08:00  INFO 79744 --- [ecos-gateway] [ntainer#0-0-C-1] org.apache.kafka.clients.NetworkClient   : [Consumer clientId=consumer-dccheng-cognitive-group-1, groupId=dccheng-cognitive-group] Node 1 disconnected.
2026-09-14T17:01:35.668+08:00  WARN 79744 --- [ecos-gateway] [ntainer#0-0-C-1] org.apache.kafka.clients.NetworkClient   : [Consumer clientId=consumer-dccheng-cognitive-group-1, groupId=dccheng-cognitive-group] Connection to node 1 (localhost/127.0.0.1:9092) could not be established. Broker may not be available.
2026-09-14T17:01:36.088+08:00  INFO 79744 --- [ecos-gateway] [ad | producer-1] org.apache.kafka.clients.NetworkClient   : [Producer clientId=producer-1] Node 1 disconnected.
2026-09-14T17:01:36.091+08:00  WARN 79744 --- [ecos-gateway] [ad | producer-1] org.apache.kafka.clients.NetworkClient   : [Producer clientId=producer-1] Connection to node 1 (localhost/127.0.0.1:9092) could not be established. Broker may not be available.
2026-09-14T17:01:36.756+08:00  INFO 79744 --- [ecos-gateway] [ntainer#0-0-C-1] org.apache.kafka.clients.NetworkClient   : [Consumer clientId=consumer-dccheng-cognitive-group-1, groupId=dccheng-cognitive-group] Node 1 disconnected.
2026-09-14T17:01:36.759+08:00  WARN 79744 --- [ecos-gateway] [ntainer#0-0-C-1] org.apache.kafka.clients.NetworkClient   : [Consumer clientId=consumer-dccheng-cognitive-group-1, groupId=dccheng-cognitive-group] Connection to node 1 (localhost/127.0.0.1:9092) could not be established. Broker may not be available.
2026-09-14T17:01:36.843+08:00  INFO 79744 --- [ecos-gateway] [ntainer#1-0-C-1] org.apache.kafka.clients.NetworkClient   : [Consumer clientId=consumer-dccheng-ontology-consumer-2, groupId=dccheng-ontology-consumer] Node 1 disconnected.
2026-09-14T17:01:36.893+08:00  WARN 79744 --- [ecos-gateway] [ntainer#1-0-C-1] org.apache.kafka.clients.NetworkClient   : [Consumer clientId=consumer-dccheng-ontology-consumer-2, groupId=dccheng-ontology-consumer] Connection to node 1 (localhost/127.0.0.1:9092) could not be established. Broker may not be available.
2026-09-14T17:01:37.102+08:00  INFO 79744 --- [ecos-gateway] [ad | producer-1] org.apache.kafka.clients.NetworkClient   : [Producer clientId=producer-1] Node 1 disconnected.
2026-09-14T17:01:37.104+08:00  WARN 79744 --- [ecos-gateway] [ad | producer-1] org.apache.kafka.clients.NetworkClient   : [Producer clientId=producer-1] Connection to node 1 (localhost/127.0.0.1:9092) could not be established. Broker may not be available.
2026-09-14T17:01:37.641+08:00  INFO 79744 --- [ecos-gateway] [ntainer#0-0-C-1] org.apache.kafka.clients.NetworkClient   : [Consumer clientId=consumer-dccheng-cognitive-group-1, groupId=dccheng-cognitive-group] Node 1 disconnected.
2026-09-14T17:01:37.665+08:00  WARN 79744 --- [ecos-gateway] [ntainer#0-0-C-1] org.apache.kafka.clients.NetworkClient   : [Consumer clientId=consumer-dccheng-cognitive-group-1, groupId=dccheng-cognitive-group] Connection to node 1 (localhost/127.0.0.1:9092) could not be established. Broker may not be available.
2026-09-14T17:01:37.830+08:00  INFO 79744 --- [ecos-gateway] [ntainer#1-0-C-1] org.apache.kafka.clients.NetworkClient   : [Consumer clientId=consumer-dccheng-ontology-consumer-2, groupId=dccheng-ontology-consumer] Node 1 disconnected.
2026-09-14T17:01:37.835+08:00  WARN 79744 --- [ecos-gateway] [ntainer#1-0-C-1] org.apache.kafka.clients.NetworkClient   : [Consumer clientId=consumer-dccheng-ontology-consumer-2, groupId=dccheng-ontology-consumer] Connection to node 1 (localhost/127.0.0.1:9092) could not be established. Broker may not be available.
2026-09-14T17:01:38.286+08:00  INFO 79744 --- [ecos-gateway] [ad | producer-1] org.apache.kafka.clients.NetworkClient   : [Producer clientId=producer-1] Node 1 disconnected.
2026-09-14T17:01:38.290+08:00  WARN 79744 --- [ecos-gateway] [ad | producer-1] org.apache.kafka.clients.NetworkClient   : [Producer clientId=producer-1] Connection to node 1 (localhost/127.0.0.1:9092) could not be established. Broker may not be available.
2026-09-14T17:01:38.505+08:00  INFO 79744 --- [ecos-gateway] [ntainer#0-0-C-1] org.apache.kafka.clients.NetworkClient   : [Consumer clientId=consumer-dccheng-cognitive-group-1, groupId=dccheng-cognitive-group] Node 1 disconnected.
2026-09-14T17:01:38.507+08:00  WARN 79744 --- [ecos-gateway] [ntainer#0-0-C-1] org.apache.kafka.clients.NetworkClient   : [Consumer clientId=consumer-dccheng-cognitive-group-1, groupId=dccheng-cognitive-group] Connection to node 1 (localhost/127.0.0.1:9092) could not be established. Broker may not be available.
2026-09-14T17:01:38.622+08:00  WARN 79744 --- [ecos-gateway] [essageBroker-13] c.c.g.engine.kb.service.KGWriterService  : Neo4j operation failed (attempt 1/3), retrying in 1000ms...
2026-09-14T17:01:39.050+08:00  INFO 79744 --- [ecos-gateway] [ntainer#1-0-C-1] org.apache.kafka.clients.NetworkClient   : [Consumer clientId=consumer-dccheng-ontology-consumer-2, groupId=dccheng-ontology-consumer] Node 1 disconnected.
2026-09-14T17:01:39.052+08:00  WARN 79744 --- [ecos-gateway] [ntainer#1-0-C-1] org.apache.kafka.clients.NetworkClient   : [Consumer clientId=consumer-dccheng-ontology-consumer-2, groupId=dccheng-ontology-consumer] Connection to node 1 (localhost/127.0.0.1:9092) could not be established. Broker may not be available.
2026-09-14T17:01:39.284+08:00  INFO 79744 --- [ecos-gateway] [ad | producer-1] org.apache.kafka.clients.NetworkClient   : [Producer clientId=producer-1] Node 1 disconnected.
2026-09-14T17:01:39.327+08:00  WARN 79744 --- [ecos-gateway] [ad | producer-1] org.apache.kafka.clients.NetworkClient   : [Producer clientId=producer-1] Connection to node 1 (localhost/127.0.0.1:9092) could not be established. Broker may not be available.
2026-09-14T17:01:39.444+08:00  INFO 79744 --- [ecos-gateway] [ntainer#0-0-C-1] org.apache.kafka.clients.NetworkClient   : [Consumer clientId=consumer-dccheng-cognitive-group-1, groupId=dccheng-cognitive-group] Node 1 disconnected.
2026-09-14T17:01:39.456+08:00  WARN 79744 --- [ecos-gateway] [ntainer#0-0-C-1] org.apache.kafka.clients.NetworkClient   : [Consumer clientId=consumer-dccheng-cognitive-group-1, groupId=dccheng-cognitive-group] Connection to node 1 (localhost/127.0.0.1:9092) could not be established. Broker may not be available.
2026-09-14T17:01:39.641+08:00  WARN 79744 --- [ecos-gateway] [essageBroker-13] c.c.g.engine.kb.service.KGWriterService  : Neo4j operation failed (attempt 2/3), retrying in 1000ms...
2026-09-14T17:01:40.018+08:00  INFO 79744 --- [ecos-gateway] [ntainer#1-0-C-1] org.apache.kafka.clients.NetworkClient   : [Consumer clientId=consumer-dccheng-ontology-consumer-2, groupId=dccheng-ontology-consumer] Node 1 disconnected.
2026-09-14T17:01:40.021+08:00  WARN 79744 --- [ecos-gateway] [ntainer#1-0-C-1] org.apache.kafka.clients.NetworkClient   : [Consumer clientId=consumer-dccheng-ontology-consumer-2, groupId=dccheng-ontology-consumer] Connection to node 1 (localhost/127.0.0.1:9092) could not be established. Broker may not be available.
2026-09-14T17:01:40.104+08:00  INFO 79744 --- [ecos-gateway] [ad | producer-1] org.apache.kafka.clients.NetworkClient   : [Producer clientId=producer-1] Node 1 disconnected.
2026-09-14T17:01:40.119+08:00  WARN 79744 --- [ecos-gateway] [ad | producer-1] org.apache.kafka.clients.NetworkClient   : [Producer clientId=producer-1] Connection to node 1 (localhost/127.0.0.1:9092) could not be established. Broker may not be available.
2026-09-14T17:01:40.338+08:00  INFO 79744 --- [ecos-gateway] [ntainer#0-0-C-1] org.apache.kafka.clients.NetworkClient   : [Consumer clientId=consumer-dccheng-cognitive-group-1, groupId=dccheng-cognitive-group] Node 1 disconnected.
2026-09-14T17:01:40.375+08:00  WARN 79744 --- [ecos-gateway] [ntainer#0-0-C-1] org.apache.kafka.clients.NetworkClient   : [Consumer clientId=consumer-dccheng-cognitive-group-1, groupId=dccheng-cognitive-group] Connection to node 1 (localhost/127.0.0.1:9092) could not be established. Broker may not be available.
2026-09-14T17:01:40.670+08:00  WARN 79744 --- [ecos-gateway] [essageBroker-13] c.c.g.engine.kb.service.KGWriterService  : ??  Neo4j health check failed: Neo4j operation failed after 3 attempts
2026-09-14T17:01:40.987+08:00  INFO 79744 --- [ecos-gateway] [ntainer#1-0-C-1] org.apache.kafka.clients.NetworkClient   : [Consumer clientId=consumer-dccheng-ontology-consumer-2, groupId=dccheng-ontology-consumer] Node 1 disconnected.
2026-09-14T17:01:41.024+08:00  WARN 79744 --- [ecos-gateway] [ntainer#1-0-C-1] org.apache.kafka.clients.NetworkClient   : [Consumer clientId=consumer-dccheng-ontology-consumer-2, groupId=dccheng-ontology-consumer] Connection to node 1 (localhost/127.0.0.1:9092) could not be established. Broker may not be available.
2026-09-14T17:01:41.036+08:00  INFO 79744 --- [ecos-gateway] [ad | producer-1] org.apache.kafka.clients.NetworkClient   : [Producer clientId=producer-1] Node 1 disconnected.
2026-09-14T17:01:41.043+08:00  WARN 79744 --- [ecos-gateway] [ad | producer-1] org.apache.kafka.clients.NetworkClient   : [Producer clientId=producer-1] Connection to node 1 (localhost/127.0.0.1:9092) could not be established. Broker may not be available.
2026-09-14T17:01:41.544+08:00  INFO 79744 --- [ecos-gateway] [ntainer#0-0-C-1] org.apache.kafka.clients.NetworkClient   : [Consumer clientId=consumer-dccheng-cognitive-group-1, groupId=dccheng-cognitive-group] Node 1 disconnected.
2026-09-14T17:01:41.546+08:00  WARN 79744 --- [ecos-gateway] [ntainer#0-0-C-1] org.apache.kafka.clients.NetworkClient   : [Consumer clientId=consumer-dccheng-cognitive-group-1, groupId=dccheng-cognitive-group] Connection to node 1 (localhost/127.0.0.1:9092) could not be established. Broker may not be available.
2026-09-14T17:01:41.945+08:00  INFO 79744 --- [ecos-gateway] [ad | producer-1] org.apache.kafka.clients.NetworkClient   : [Producer clientId=producer-1] Node 1 disconnected.
2026-09-14T17:01:41.950+08:00  WARN 79744 --- [ecos-gateway] [ad | producer-1] org.apache.kafka.clients.NetworkClient   : [Producer clientId=producer-1] Connection to node 1 (localhost/127.0.0.1:9092) could not be established. Broker may not be available.
2026-09-14T17:01:42.114+08:00  INFO 79744 --- [ecos-gateway] [ntainer#1-0-C-1] org.apache.kafka.clients.NetworkClient   : [Consumer clientId=consumer-dccheng-ontology-consumer-2, groupId=dccheng-ontology-consumer] Node 1 disconnected.
2026-09-14T17:01:42.316+08:00  WARN 79744 --- [ecos-gateway] [ntainer#1-0-C-1] org.apache.kafka.clients.NetworkClient   : [Consumer clientId=consumer-dccheng-ontology-consumer-2, groupId=dccheng-ontology-consumer] Connection to node 1 (localhost/127.0.0.1:9092) could not be established. Broker may not be available.
2026-09-14T17:01:42.556+08:00  INFO 79744 --- [ecos-gateway] [ntainer#0-0-C-1] org.apache.kafka.clients.NetworkClient   : [Consumer clientId=consumer-dccheng-cognitive-group-1, groupId=dccheng-cognitive-group] Node 1 disconnected.
2026-09-14T17:01:42.562+08:00  WARN 79744 --- [ecos-gateway] [ntainer#0-0-C-1] org.apache.kafka.clients.NetworkClient   : [Consumer clientId=consumer-dccheng-cognitive-group-1, groupId=dccheng-cognitive-group] Connection to node 1 (localhost/127.0.0.1:9092) could not be established. Broker may not be available.
2026-09-14T17:01:42.919+08:00  INFO 79744 --- [ecos-gateway] [pool-2-thread-4] .c.g.r.c.t.s.i.TaskManagementServiceImpl : 任务已提交: taskId=f169e154-354f-4941-b5e2-99ea59353c6f, taskName=usage-aggregation
2026-09-14T17:01:42.924+08:00  INFO 79744 --- [ecos-gateway] [pool-2-thread-4] .c.g.r.c.t.s.i.TaskManagementServiceImpl : 任务已解析: taskId=f169e154-354f-4941-b5e2-99ea59353c6f
2026-09-14T17:01:42.927+08:00 DEBUG 79744 --- [ecos-gateway] [pool-2-thread-4] c.c.g.r.c.t.c.AgentCronTaskExecutor      : AgentCronTaskExecutor.onStatusUpdate: taskId=f169e154-354f-4941-b5e2-99ea59353c6f, status=RUNNING
2026-09-14T17:01:42.930+08:00 DEBUG 79744 --- [ecos-gateway] [pool-2-thread-4] c.c.g.g.jdbc.TenantAwareJdbcTemplate     : Executing prepared SQL update
2026-09-14T17:01:42.932+08:00 DEBUG 79744 --- [ecos-gateway] [pool-2-thread-4] c.c.g.g.jdbc.TenantAwareJdbcTemplate     : Executing prepared SQL statement [INSERT INTO ecos_tenant_usage (tenant_id, usage_date, quota_type, used_count, updated_at) SELECT 'unknown' AS tenant_id, ?::date, 'API_CALLS', COUNT(*) AS used_count, NOW() FROM ecos_spans s WHERE s.created_at::date = ?::date ON CONFLICT (tenant_id, usage_date, quota_type) DO UPDATE SET used_count = EXCLUDED.used_count, updated_at = NOW()]
2026-09-14T17:01:42.993+08:00  INFO 79744 --- [ecos-gateway] [ad | producer-1] org.apache.kafka.clients.NetworkClient   : [Producer clientId=producer-1] Node 1 disconnected.
2026-09-14T17:01:43.004+08:00  WARN 79744 --- [ecos-gateway] [ad | producer-1] org.apache.kafka.clients.NetworkClient   : [Producer clientId=producer-1] Connection to node 1 (localhost/127.0.0.1:9092) could not be established. Broker may not be available.
2026-09-14T17:01:43.009+08:00  WARN 79744 --- [ecos-gateway] [pool-2-thread-4] com.zaxxer.hikari.pool.PoolBase          : SysManHikariCP - Failed to validate connection org.postgresql.jdbc.PgConnection@1b90be4 (This connection has been closed.). Possibly consider using a shorter maxLifetime value.
2026-09-14T17:01:43.018+08:00  WARN 79744 --- [ecos-gateway] [pool-2-thread-4] com.zaxxer.hikari.pool.PoolBase          : SysManHikariCP - Failed to validate connection org.postgresql.jdbc.PgConnection@5cc68e53 (This connection has been closed.). Possibly consider using a shorter maxLifetime value.
2026-09-14T17:01:43.020+08:00  INFO 79744 --- [ecos-gateway] [ntainer#1-0-C-1] org.apache.kafka.clients.NetworkClient   : [Consumer clientId=consumer-dccheng-ontology-consumer-2, groupId=dccheng-ontology-consumer] Node 1 disconnected.
2026-09-14T17:01:43.023+08:00  WARN 79744 --- [ecos-gateway] [ntainer#1-0-C-1] org.apache.kafka.clients.NetworkClient   : [Consumer clientId=consumer-dccheng-ontology-consumer-2, groupId=dccheng-ontology-consumer] Connection to node 1 (localhost/127.0.0.1:9092) could not be established. Broker may not be available.
2026-09-14T17:01:43.023+08:00  WARN 79744 --- [ecos-gateway] [pool-2-thread-4] com.zaxxer.hikari.pool.PoolBase          : SysManHikariCP - Failed to validate connection org.postgresql.jdbc.PgConnection@7d974094 (This connection has been closed.). Possibly consider using a shorter maxLifetime value.
2026-09-14T17:01:43.028+08:00  WARN 79744 --- [ecos-gateway] [pool-2-thread-4] com.zaxxer.hikari.pool.PoolBase          : SysManHikariCP - Failed to validate connection org.postgresql.jdbc.PgConnection@34b882e9 (This connection has been closed.). Possibly consider using a shorter maxLifetime value.
2026-09-14T17:01:43.033+08:00  WARN 79744 --- [ecos-gateway] [pool-2-thread-4] com.zaxxer.hikari.pool.PoolBase          : SysManHikariCP - Failed to validate connection org.postgresql.jdbc.PgConnection@712578f8 (This connection has been closed.). Possibly consider using a shorter maxLifetime value.
2026-09-14T17:01:43.600+08:00  INFO 79744 --- [ecos-gateway] [ntainer#0-0-C-1] org.apache.kafka.clients.NetworkClient   : [Consumer clientId=consumer-dccheng-cognitive-group-1, groupId=dccheng-cognitive-group] Node 1 disconnected.
2026-09-14T17:01:43.601+08:00  WARN 79744 --- [ecos-gateway] [ntainer#0-0-C-1] org.apache.kafka.clients.NetworkClient   : [Consumer clientId=consumer-dccheng-cognitive-group-1, groupId=dccheng-cognitive-group] Connection to node 1 (localhost/127.0.0.1:9092) could not be established. Broker may not be available.
2026-09-14T17:01:43.849+08:00  INFO 79744 --- [ecos-gateway] [ad | producer-1] org.apache.kafka.clients.NetworkClient   : [Producer clientId=producer-1] Node 1 disconnected.
2026-09-14T17:01:43.850+08:00  WARN 79744 --- [ecos-gateway] [ad | producer-1] org.apache.kafka.clients.NetworkClient   : [Producer clientId=producer-1] Connection to node 1 (localhost/127.0.0.1:9092) could not be established. Broker may not be available.
2026-09-14T17:01:44.256+08:00  INFO 79744 --- [ecos-gateway] [ntainer#1-0-C-1] org.apache.kafka.clients.NetworkClient   : [Consumer clientId=consumer-dccheng-ontology-consumer-2, groupId=dccheng-ontology-consumer] Node 1 disconnected.
2026-09-14T17:01:44.257+08:00  WARN 79744 --- [ecos-gateway] [ntainer#1-0-C-1] org.apache.kafka.clients.NetworkClient   : [Consumer clientId=consumer-dccheng-ontology-consumer-2, groupId=dccheng-ontology-consumer] Connection to node 1 (localhost/127.0.0.1:9092) could not be established. Broker may not be available.
2026-09-14T17:01:44.582+08:00  INFO 79744 --- [ecos-gateway] [ntainer#0-0-C-1] org.apache.kafka.clients.NetworkClient   : [Consumer clientId=consumer-dccheng-cognitive-group-1, groupId=dccheng-cognitive-group] Node 1 disconnected.
2026-09-14T17:01:44.584+08:00  WARN 79744 --- [ecos-gateway] [ntainer#0-0-C-1] org.apache.kafka.clients.NetworkClient   : [Consumer clientId=consumer-dccheng-cognitive-group-1, groupId=dccheng-cognitive-group] Connection to node 1 (localhost/127.0.0.1:9092) could not be established. Broker may not be available.
2026-09-14T17:01:44.956+08:00  INFO 79744 --- [ecos-gateway] [ad | producer-1] org.apache.kafka.clients.NetworkClient   : [Producer clientId=producer-1] Node 1 disconnected.
2026-09-14T17:01:44.967+08:00  WARN 79744 --- [ecos-gateway] [ad | producer-1] org.apache.kafka.clients.NetworkClient   : [Producer clientId=producer-1] Connection to node 1 (localhost/127.0.0.1:9092) could not be established. Broker may not be available.
2026-09-14T17:01:45.296+08:00  INFO 79744 --- [ecos-gateway] [ntainer#1-0-C-1] org.apache.kafka.clients.NetworkClient   : [Consumer clientId=consumer-dccheng-ontology-consumer-2, groupId=dccheng-ontology-consumer] Node 1 disconnected.
2026-09-14T17:01:45.298+08:00  WARN 79744 --- [ecos-gateway] [ntainer#1-0-C-1] org.apache.kafka.clients.NetworkClient   : [Consumer clientId=consumer-dccheng-ontology-consumer-2, groupId=dccheng-ontology-consumer] Connection to node 1 (localhost/127.0.0.1:9092) could not be established. Broker may not be available.
2026-09-14T17:01:45.810+08:00  INFO 79744 --- [ecos-gateway] [ntainer#0-0-C-1] org.apache.kafka.clients.NetworkClient   : [Consumer clientId=consumer-dccheng-cognitive-group-1, groupId=dccheng-cognitive-group] Node 1 disconnected.
2026-09-14T17:01:45.812+08:00  WARN 79744 --- [ecos-gateway] [ntainer#0-0-C-1] org.apache.kafka.clients.NetworkClient   : [Consumer clientId=consumer-dccheng-cognitive-group-1, groupId=dccheng-cognitive-group] Connection to node 1 (localhost/127.0.0.1:9092) could not be established. Broker may not be available.
2026-09-14T17:01:46.123+08:00  INFO 79744 --- [ecos-gateway] [ad | producer-1] org.apache.kafka.clients.NetworkClient   : [Producer clientId=producer-1] Node 1 disconnected.
2026-09-14T17:01:46.125+08:00  WARN 79744 --- [ecos-gateway] [ad | producer-1] org.apache.kafka.clients.NetworkClient   : [Producer clientId=producer-1] Connection to node 1 (localhost/127.0.0.1:9092) could not be established. Broker may not be available.
2026-09-14T17:01:46.410+08:00  INFO 79744 --- [ecos-gateway] [ntainer#1-0-C-1] org.apache.kafka.clients.NetworkClient   : [Consumer clientId=consumer-dccheng-ontology-consumer-2, groupId=dccheng-ontology-consumer] Node 1 disconnected.
2026-09-14T17:01:46.416+08:00  WARN 79744 --- [ecos-gateway] [ntainer#1-0-C-1] org.apache.kafka.clients.NetworkClient   : [Consumer clientId=consumer-dccheng-ontology-consumer-2, groupId=dccheng-ontology-consumer] Connection to node 1 (localhost/127.0.0.1:9092) could not be established. Broker may not be available.
2026-09-14T17:01:47.023+08:00  INFO 79744 --- [ecos-gateway] [ntainer#0-0-C-1] org.apache.kafka.clients.NetworkClient   : [Consumer clientId=consumer-dccheng-cognitive-group-1, groupId=dccheng-cognitive-group] Node 1 disconnected.
2026-09-14T17:01:47.025+08:00  WARN 79744 --- [ecos-gateway] [ntainer#0-0-C-1] org.apache.kafka.clients.NetworkClient   : [Consumer clientId=consumer-dccheng-cognitive-group-1, groupId=dccheng-cognitive-group] Connection to node 1 (localhost/127.0.0.1:9092) could not be established. Broker may not be available.
2026-09-14T17:01:47.222+08:00  INFO 79744 --- [ecos-gateway] [ad | producer-1] org.apache.kafka.clients.NetworkClient   : [Producer clientId=producer-1] Node 1 disconnected.
2026-09-14T17:01:47.224+08:00  WARN 79744 --- [ecos-gateway] [ad | producer-1] org.apache.kafka.clients.NetworkClient   : [Producer clientId=producer-1] Connection to node 1 (localhost/127.0.0.1:9092) could not be established. Broker may not be available.
2026-09-14T17:01:47.316+08:00  INFO 79744 --- [ecos-gateway] [ntainer#1-0-C-1] org.apache.kafka.clients.NetworkClient   : [Consumer clientId=consumer-dccheng-ontology-consumer-2, groupId=dccheng-ontology-consumer] Node 1 disconnected.
2026-09-14T17:01:47.318+08:00  WARN 79744 --- [ecos-gateway] [ntainer#1-0-C-1] org.apache.kafka.clients.NetworkClient   : [Consumer clientId=consumer-dccheng-ontology-consumer-2, groupId=dccheng-ontology-consumer] Connection to node 1 (localhost/127.0.0.1:9092) could not be established. Broker may not be available.
2026-09-14T17:01:48.263+08:00  INFO 79744 --- [ecos-gateway] [ntainer#0-0-C-1] org.apache.kafka.clients.NetworkClient   : [Consumer clientId=consumer-dccheng-cognitive-group-1, groupId=dccheng-cognitive-group] Node 1 disconnected.
2026-09-14T17:01:48.266+08:00  WARN 79744 --- [ecos-gateway] [ntainer#0-0-C-1] org.apache.kafka.clients.NetworkClient   : [Consumer clientId=consumer-dccheng-cognitive-group-1, groupId=dccheng-cognitive-group] Connection to node 1 (localhost/127.0.0.1:9092) could not be established. Broker may not be available.
2026-09-14T17:01:48.289+08:00  INFO 79744 --- [ecos-gateway] [ntainer#1-0-C-1] org.apache.kafka.clients.NetworkClient   : [Consumer clientId=consumer-dccheng-ontology-consumer-2, groupId=dccheng-ontology-consumer] Node 1 disconnected.
2026-09-14T17:01:48.290+08:00  WARN 79744 --- [ecos-gateway] [ntainer#1-0-C-1] org.apache.kafka.clients.NetworkClient   : [Consumer clientId=consumer-dccheng-ontology-consumer-2, groupId=dccheng-ontology-consumer] Connection to node 1 (localhost/127.0.0.1:9092) could not be established. Broker may not be available.
2026-09-14T17:01:48.389+08:00  INFO 79744 --- [ecos-gateway] [ad | producer-1] org.apache.kafka.clients.NetworkClient   : [Producer clientId=producer-1] Node 1 disconnected.
2026-09-14T17:01:48.391+08:00  WARN 79744 --- [ecos-gateway] [ad | producer-1] org.apache.kafka.clients.NetworkClient   : [Producer clientId=producer-1] Connection to node 1 (localhost/127.0.0.1:9092) could not be established. Broker may not be available.
2026-09-14T17:01:49.322+08:00  INFO 79744 --- [ecos-gateway] [ad | producer-1] org.apache.kafka.clients.NetworkClient   : [Producer clientId=producer-1] Node 1 disconnected.
2026-09-14T17:01:49.334+08:00  WARN 79744 --- [ecos-gateway] [ad | producer-1] org.apache.kafka.clients.NetworkClient   : [Producer clientId=producer-1] Connection to node 1 (localhost/127.0.0.1:9092) could not be established. Broker may not be available.
2026-09-14T17:01:49.462+08:00  INFO 79744 --- [ecos-gateway] [ntainer#1-0-C-1] org.apache.kafka.clients.NetworkClient   : [Consumer clientId=consumer-dccheng-ontology-consumer-2, groupId=dccheng-ontology-consumer] Node 1 disconnected.
2026-09-14T17:01:49.464+08:00  WARN 79744 --- [ecos-gateway] [ntainer#1-0-C-1] org.apache.kafka.clients.NetworkClient   : [Consumer clientId=consumer-dccheng-ontology-consumer-2, groupId=dccheng-ontology-consumer] Connection to node 1 (localhost/127.0.0.1:9092) could not be established. Broker may not be available.
2026-09-14T17:01:49.506+08:00  INFO 79744 --- [ecos-gateway] [ntainer#0-0-C-1] org.apache.kafka.clients.NetworkClient   : [Consumer clientId=consumer-dccheng-cognitive-group-1, groupId=dccheng-cognitive-group] Node 1 disconnected.
2026-09-14T17:01:49.508+08:00  WARN 79744 --- [ecos-gateway] [ntainer#0-0-C-1] org.apache.kafka.clients.NetworkClient   : [Consumer clientId=consumer-dccheng-cognitive-group-1, groupId=dccheng-cognitive-group] Connection to node 1 (localhost/127.0.0.1:9092) could not be established. Broker may not be available.
2026-09-14T17:01:50.359+08:00  INFO 79744 --- [ecos-gateway] [ntainer#0-0-C-1] org.apache.kafka.clients.NetworkClient   : [Consumer clientId=consumer-dccheng-cognitive-group-1, groupId=dccheng-cognitive-group] Node 1 disconnected.
2026-09-14T17:01:50.359+08:00  INFO 79744 --- [ecos-gateway] [ad | producer-1] org.apache.kafka.clients.NetworkClient   : [Producer clientId=producer-1] Node 1 disconnected.
2026-09-14T17:01:50.361+08:00  WARN 79744 --- [ecos-gateway] [ntainer#0-0-C-1] org.apache.kafka.clients.NetworkClient   : [Consumer clientId=consumer-dccheng-cognitive-group-1, groupId=dccheng-cognitive-group] Connection to node 1 (localhost/127.0.0.1:9092) could not be established. Broker may not be available.
2026-09-14T17:01:50.362+08:00  WARN 79744 --- [ecos-gateway] [ad | producer-1] org.apache.kafka.clients.NetworkClient   : [Producer clientId=producer-1] Connection to node 1 (localhost/127.0.0.1:9092) could not be established. Broker may not be available.
2026-09-14T17:01:50.500+08:00  INFO 79744 --- [ecos-gateway] [ntainer#1-0-C-1] org.apache.kafka.clients.NetworkClient   : [Consumer clientId=consumer-dccheng-ontology-consumer-2, groupId=dccheng-ontology-consumer] Node 1 disconnected.
2026-09-14T17:01:50.501+08:00  WARN 79744 --- [ecos-gateway] [ntainer#1-0-C-1] org.apache.kafka.clients.NetworkClient   : [Consumer clientId=consumer-dccheng-ontology-consumer-2, groupId=dccheng-ontology-consumer] Connection to node 1 (localhost/127.0.0.1:9092) could not be established. Broker may not be available.
2026-09-14T17:01:51.527+08:00  INFO 79744 --- [ecos-gateway] [ad | producer-1] org.apache.kafka.clients.NetworkClient   : [Producer clientId=producer-1] Node 1 disconnected.
2026-09-14T17:01:51.529+08:00  WARN 79744 --- [ecos-gateway] [ad | producer-1] org.apache.kafka.clients.NetworkClient   : [Producer clientId=producer-1] Connection to node 1 (localhost/127.0.0.1:9092) could not be established. Broker may not be available.
2026-09-14T17:01:51.574+08:00  INFO 79744 --- [ecos-gateway] [ntainer#0-0-C-1] org.apache.kafka.clients.NetworkClient   : [Consumer clientId=consumer-dccheng-cognitive-group-1, groupId=dccheng-cognitive-group] Node 1 disconnected.
2026-09-14T17:01:51.575+08:00  WARN 79744 --- [ecos-gateway] [ntainer#0-0-C-1] org.apache.kafka.clients.NetworkClient   : [Consumer clientId=consumer-dccheng-cognitive-group-1, groupId=dccheng-cognitive-group] Connection to node 1 (localhost/127.0.0.1:9092) could not be established. Broker may not be available.
2026-09-14T17:01:51.668+08:00  INFO 79744 --- [ecos-gateway] [ntainer#1-0-C-1] org.apache.kafka.clients.NetworkClient   : [Consumer clientId=consumer-dccheng-ontology-consumer-2, groupId=dccheng-ontology-consumer] Node 1 disconnected.
2026-09-14T17:01:51.671+08:00  WARN 79744 --- [ecos-gateway] [ntainer#1-0-C-1] org.apache.kafka.clients.NetworkClient   : [Consumer clientId=consumer-dccheng-ontology-consumer-2, groupId=dccheng-ontology-consumer] Connection to node 1 (localhost/127.0.0.1:9092) could not be established. Broker may not be available.
2026-09-14T17:01:52.509+08:00  INFO 79744 --- [ecos-gateway] [ad | producer-1] org.apache.kafka.clients.NetworkClient   : [Producer clientId=producer-1] Node 1 disconnected.
2026-09-14T17:01:52.512+08:00  WARN 79744 --- [ecos-gateway] [ad | producer-1] org.apache.kafka.clients.NetworkClient   : [Producer clientId=producer-1] Connection to node 1 (localhost/127.0.0.1:9092) could not be established. Broker may not be available.
2026-09-14T17:01:52.713+08:00  INFO 79744 --- [ecos-gateway] [ntainer#1-0-C-1] org.apache.kafka.clients.NetworkClient   : [Consumer clientId=consumer-dccheng-ontology-consumer-2, groupId=dccheng-ontology-consumer] Node 1 disconnected.
2026-09-14T17:01:52.715+08:00  WARN 79744 --- [ecos-gateway] [ntainer#1-0-C-1] org.apache.kafka.clients.NetworkClient   : [Consumer clientId=consumer-dccheng-ontology-consumer-2, groupId=dccheng-ontology-consumer] Connection to node 1 (localhost/127.0.0.1:9092) could not be established. Broker may not be available.
2026-09-14T17:01:52.745+08:00  INFO 79744 --- [ecos-gateway] [ntainer#0-0-C-1] org.apache.kafka.clients.NetworkClient   : [Consumer clientId=consumer-dccheng-cognitive-group-1, groupId=dccheng-cognitive-group] Node 1 disconnected.
2026-09-14T17:01:52.747+08:00  WARN 79744 --- [ecos-gateway] [ntainer#0-0-C-1] org.apache.kafka.clients.NetworkClient   : [Consumer clientId=consumer-dccheng-cognitive-group-1, groupId=dccheng-cognitive-group] Connection to node 1 (localhost/127.0.0.1:9092) could not be established. Broker may not be available.
2026-09-14T17:01:53.553+08:00  INFO 79744 --- [ecos-gateway] [ad | producer-1] org.apache.kafka.clients.NetworkClient   : [Producer clientId=producer-1] Node 1 disconnected.
2026-09-14T17:01:53.557+08:00  WARN 79744 --- [ecos-gateway] [ad | producer-1] org.apache.kafka.clients.NetworkClient   : [Producer clientId=producer-1] Connection to node 1 (localhost/127.0.0.1:9092) could not be established. Broker may not be available.
2026-09-14T17:01:53.664+08:00  INFO 79744 --- [ecos-gateway] [ntainer#0-0-C-1] org.apache.kafka.clients.NetworkClient   : [Consumer clientId=consumer-dccheng-cognitive-group-1, groupId=dccheng-cognitive-group] Node 1 disconnected.
2026-09-14T17:01:53.666+08:00  WARN 79744 --- [ecos-gateway] [ntainer#0-0-C-1] org.apache.kafka.clients.NetworkClient   : [Consumer clientId=consumer-dccheng-cognitive-group-1, groupId=dccheng-cognitive-group] Connection to node 1 (localhost/127.0.0.1:9092) could not be established. Broker may not be available.
2026-09-14T17:01:53.706+08:00  INFO 79744 --- [ecos-gateway] [ntainer#1-0-C-1] org.apache.kafka.clients.NetworkClient   : [Consumer clientId=consumer-dccheng-ontology-consumer-2, groupId=dccheng-ontology-consumer] Node 1 disconnected.
2026-09-14T17:01:53.708+08:00  WARN 79744 --- [ecos-gateway] [ntainer#1-0-C-1] org.apache.kafka.clients.NetworkClient   : [Consumer clientId=consumer-dccheng-ontology-consumer-2, groupId=dccheng-ontology-consumer] Connection to node 1 (localhost/127.0.0.1:9092) could not be established. Broker may not be available.
2026-09-14T17:01:54.531+08:00  INFO 79744 --- [ecos-gateway] [ad | producer-1] org.apache.kafka.clients.NetworkClient   : [Producer clientId=producer-1] Node 1 disconnected.
2026-09-14T17:01:54.531+08:00  INFO 79744 --- [ecos-gateway] [ntainer#0-0-C-1] org.apache.kafka.clients.NetworkClient   : [Consumer clientId=consumer-dccheng-cognitive-group-1, groupId=dccheng-cognitive-group] Node 1 disconnected.
2026-09-14T17:01:54.543+08:00  WARN 79744 --- [ecos-gateway] [ad | producer-1] org.apache.kafka.clients.NetworkClient   : [Producer clientId=producer-1] Connection to node 1 (localhost/127.0.0.1:9092) could not be established. Broker may not be available.
2026-09-14T17:01:54.544+08:00  WARN 79744 --- [ecos-gateway] [ntainer#0-0-C-1] org.apache.kafka.clients.NetworkClient   : [Consumer clientId=consumer-dccheng-cognitive-group-1, groupId=dccheng-cognitive-group] Connection to node 1 (localhost/127.0.0.1:9092) could not be established. Broker may not be available.
2026-09-14T17:01:54.811+08:00  INFO 79744 --- [ecos-gateway] [ntainer#1-0-C-1] org.apache.kafka.clients.NetworkClient   : [Consumer clientId=consumer-dccheng-ontology-consumer-2, groupId=dccheng-ontology-consumer] Node 1 disconnected.
2026-09-14T17:01:54.825+08:00  WARN 79744 --- [ecos-gateway] [ntainer#1-0-C-1] org.apache.kafka.clients.NetworkClient   : [Consumer clientId=consumer-dccheng-ontology-consumer-2, groupId=dccheng-ontology-consumer] Connection to node 1 (localhost/127.0.0.1:9092) could not be established. Broker may not be available.
2026-09-14T17:01:55.538+08:00  INFO 79744 --- [ecos-gateway] [ad | producer-1] org.apache.kafka.clients.NetworkClient   : [Producer clientId=producer-1] Node 1 disconnected.
2026-09-14T17:01:55.541+08:00  WARN 79744 --- [ecos-gateway] [ad | producer-1] org.apache.kafka.clients.NetworkClient   : [Producer clientId=producer-1] Connection to node 1 (localhost/127.0.0.1:9092) could not be established. Broker may not be available.
2026-09-14T17:01:55.652+08:00  INFO 79744 --- [ecos-gateway] [ntainer#0-0-C-1] org.apache.kafka.clients.NetworkClient   : [Consumer clientId=consumer-dccheng-cognitive-group-1, groupId=dccheng-cognitive-group] Node 1 disconnected.
2026-09-14T17:01:55.653+08:00  WARN 79744 --- [ecos-gateway] [ntainer#0-0-C-1] org.apache.kafka.clients.NetworkClient   : [Consumer clientId=consumer-dccheng-cognitive-group-1, groupId=dccheng-cognitive-group] Connection to node 1 (localhost/127.0.0.1:9092) could not be established. Broker may not be available.
2026-09-14T17:01:55.978+08:00  INFO 79744 --- [ecos-gateway] [ntainer#1-0-C-1] org.apache.kafka.clients.NetworkClient   : [Consumer clientId=consumer-dccheng-ontology-consumer-2, groupId=dccheng-ontology-consumer] Node 1 disconnected.
2026-09-14T17:01:55.980+08:00  WARN 79744 --- [ecos-gateway] [ntainer#1-0-C-1] org.apache.kafka.clients.NetworkClient   : [Consumer clientId=consumer-dccheng-ontology-consumer-2, groupId=dccheng-ontology-consumer] Connection to node 1 (localhost/127.0.0.1:9092) could not be established. Broker may not be available.
2026-09-14T17:01:56.587+08:00  INFO 79744 --- [ecos-gateway] [ad | producer-1] org.apache.kafka.clients.NetworkClient   : [Producer clientId=producer-1] Node 1 disconnected.
2026-09-14T17:01:56.591+08:00  WARN 79744 --- [ecos-gateway] [ad | producer-1] org.apache.kafka.clients.NetworkClient   : [Producer clientId=producer-1] Connection to node 1 (localhost/127.0.0.1:9092) could not be established. Broker may not be available.
2026-09-14T17:01:56.771+08:00  INFO 79744 --- [ecos-gateway] [ntainer#0-0-C-1] org.apache.kafka.clients.NetworkClient   : [Consumer clientId=consumer-dccheng-cognitive-group-1, groupId=dccheng-cognitive-group] Node 1 disconnected.
2026-09-14T17:01:56.773+08:00  WARN 79744 --- [ecos-gateway] [ntainer#0-0-C-1] org.apache.kafka.clients.NetworkClient   : [Consumer clientId=consumer-dccheng-cognitive-group-1, groupId=dccheng-cognitive-group] Connection to node 1 (localhost/127.0.0.1:9092) could not be established. Broker may not be available.
2026-09-14T17:01:56.848+08:00  INFO 79744 --- [ecos-gateway] [ntainer#1-0-C-1] org.apache.kafka.clients.NetworkClient   : [Consumer clientId=consumer-dccheng-ontology-consumer-2, groupId=dccheng-ontology-consumer] Node 1 disconnected.
2026-09-14T17:01:56.849+08:00  WARN 79744 --- [ecos-gateway] [ntainer#1-0-C-1] org.apache.kafka.clients.NetworkClient   : [Consumer clientId=consumer-dccheng-ontology-consumer-2, groupId=dccheng-ontology-consumer] Connection to node 1 (localhost/127.0.0.1:9092) could not be established. Broker may not be available.
2026-09-14T17:01:57.517+08:00  INFO 79744 --- [ecos-gateway] [ad | producer-1] org.apache.kafka.clients.NetworkClient   : [Producer clientId=producer-1] Node 1 disconnected.
2026-09-14T17:01:57.519+08:00  WARN 79744 --- [ecos-gateway] [ad | producer-1] org.apache.kafka.clients.NetworkClient   : [Producer clientId=producer-1] Connection to node 1 (localhost/127.0.0.1:9092) could not be established. Broker may not be available.
2026-09-14T17:01:57.720+08:00  INFO 79744 --- [ecos-gateway] [ntainer#1-0-C-1] org.apache.kafka.clients.NetworkClient   : [Consumer clientId=consumer-dccheng-ontology-consumer-2, groupId=dccheng-ontology-consumer] Node 1 disconnected.
2026-09-14T17:01:57.722+08:00  WARN 79744 --- [ecos-gateway] [ntainer#1-0-C-1] org.apache.kafka.clients.NetworkClient   : [Consumer clientId=consumer-dccheng-ontology-consumer-2, groupId=dccheng-ontology-consumer] Connection to node 1 (localhost/127.0.0.1:9092) could not be established. Broker may not be available.
2026-09-14T17:01:57.811+08:00  INFO 79744 --- [ecos-gateway] [ntainer#0-0-C-1] org.apache.kafka.clients.NetworkClient   : [Consumer clientId=consumer-dccheng-cognitive-group-1, groupId=dccheng-cognitive-group] Node 1 disconnected.
2026-09-14T17:01:57.812+08:00  WARN 79744 --- [ecos-gateway] [ntainer#0-0-C-1] org.apache.kafka.clients.NetworkClient   : [Consumer clientId=consumer-dccheng-cognitive-group-1, groupId=dccheng-cognitive-group] Connection to node 1 (localhost/127.0.0.1:9092) could not be established. Broker may not be available.
2026-09-14T17:01:58.431+08:00  INFO 79744 --- [ecos-gateway] [ad | producer-1] org.apache.kafka.clients.NetworkClient   : [Producer clientId=producer-1] Node 1 disconnected.
2026-09-14T17:01:58.433+08:00  WARN 79744 --- [ecos-gateway] [ad | producer-1] org.apache.kafka.clients.NetworkClient   : [Producer clientId=producer-1] Connection to node 1 (localhost/127.0.0.1:9092) could not be established. Broker may not be available.
2026-09-14T17:01:58.636+08:00  INFO 79744 --- [ecos-gateway] [ntainer#1-0-C-1] org.apache.kafka.clients.NetworkClient   : [Consumer clientId=consumer-dccheng-ontology-consumer-2, groupId=dccheng-ontology-consumer] Node 1 disconnected.
2026-09-14T17:01:58.642+08:00  WARN 79744 --- [ecos-gateway] [ntainer#1-0-C-1] org.apache.kafka.clients.NetworkClient   : [Consumer clientId=consumer-dccheng-ontology-consumer-2, groupId=dccheng-ontology-consumer] Connection to node 1 (localhost/127.0.0.1:9092) could not be established. Broker may not be available.
2026-09-14T17:01:58.733+08:00  INFO 79744 --- [ecos-gateway] [ntainer#0-0-C-1] org.apache.kafka.clients.NetworkClient   : [Consumer clientId=consumer-dccheng-cognitive-group-1, groupId=dccheng-cognitive-group] Node 1 disconnected.
2026-09-14T17:01:58.738+08:00  WARN 79744 --- [ecos-gateway] [ntainer#0-0-C-1] org.apache.kafka.clients.NetworkClient   : [Consumer clientId=consumer-dccheng-cognitive-group-1, groupId=dccheng-cognitive-group] Connection to node 1 (localhost/127.0.0.1:9092) could not be established. Broker may not be available.
2026-09-14T17:01:59.344+08:00  INFO 79744 --- [ecos-gateway] [ad | producer-1] org.apache.kafka.clients.NetworkClient   : [Producer clientId=producer-1] Node 1 disconnected.
2026-09-14T17:01:59.347+08:00  WARN 79744 --- [ecos-gateway] [ad | producer-1] org.apache.kafka.clients.NetworkClient   : [Producer clientId=producer-1] Connection to node 1 (localhost/127.0.0.1:9092) could not be established. Broker may not be available.
2026-09-14T17:01:59.562+08:00  INFO 79744 --- [ecos-gateway] [ntainer#1-0-C-1] org.apache.kafka.clients.NetworkClient   : [Consumer clientId=consumer-dccheng-ontology-consumer-2, groupId=dccheng-ontology-consumer] Node 1 disconnected.
2026-09-14T17:01:59.564+08:00  WARN 79744 --- [ecos-gateway] [ntainer#1-0-C-1] org.apache.kafka.clients.NetworkClient   : [Consumer clientId=consumer-dccheng-ontology-consumer-2, groupId=dccheng-ontology-consumer] Connection to node 1 (localhost/127.0.0.1:9092) could not be established. Broker may not be available.
2026-09-14T17:01:59.781+08:00  INFO 79744 --- [ecos-gateway] [ntainer#0-0-C-1] org.apache.kafka.clients.NetworkClient   : [Consumer clientId=consumer-dccheng-cognitive-group-1, groupId=dccheng-cognitive-group] Node 1 disconnected.
2026-09-14T17:01:59.783+08:00  WARN 79744 --- [ecos-gateway] [ntainer#0-0-C-1] org.apache.kafka.clients.NetworkClient   : [Consumer clientId=consumer-dccheng-cognitive-group-1, groupId=dccheng-cognitive-group] Connection to node 1 (localhost/127.0.0.1:9092) could not be established. Broker may not be available.
2026-09-14T17:02:00.300+08:00  INFO 79744 --- [ecos-gateway] [ad | producer-1] org.apache.kafka.clients.NetworkClient   : [Producer clientId=producer-1] Node 1 disconnected.
2026-09-14T17:02:00.302+08:00  WARN 79744 --- [ecos-gateway] [ad | producer-1] org.apache.kafka.clients.NetworkClient   : [Producer clientId=producer-1] Connection to node 1 (localhost/127.0.0.1:9092) could not be established. Broker may not be available.
2026-09-14T17:02:00.631+08:00  INFO 79744 --- [ecos-gateway] [ntainer#0-0-C-1] org.apache.kafka.clients.NetworkClient   : [Consumer clientId=consumer-dccheng-cognitive-group-1, groupId=dccheng-cognitive-group] Node 1 disconnected.
2026-09-14T17:02:00.634+08:00  WARN 79744 --- [ecos-gateway] [ntainer#0-0-C-1] org.apache.kafka.clients.NetworkClient   : [Consumer clientId=consumer-dccheng-cognitive-group-1, groupId=dccheng-cognitive-group] Connection to node 1 (localhost/127.0.0.1:9092) could not be established. Broker may not be available.
2026-09-14T17:02:00.789+08:00  INFO 79744 --- [ecos-gateway] [ntainer#1-0-C-1] org.apache.kafka.clients.NetworkClient   : [Consumer clientId=consumer-dccheng-ontology-consumer-2, groupId=dccheng-ontology-consumer] Node 1 disconnected.
2026-09-14T17:02:00.791+08:00  WARN 79744 --- [ecos-gateway] [ntainer#1-0-C-1] org.apache.kafka.clients.NetworkClient   : [Consumer clientId=consumer-dccheng-ontology-consumer-2, groupId=dccheng-ontology-consumer] Connection to node 1 (localhost/127.0.0.1:9092) could not be established. Broker may not be available.
2026-09-14T17:02:01.230+08:00  INFO 79744 --- [ecos-gateway] [ad | producer-1] org.apache.kafka.clients.NetworkClient   : [Producer clientId=producer-1] Node 1 disconnected.
2026-09-14T17:02:01.233+08:00  WARN 79744 --- [ecos-gateway] [ad | producer-1] org.apache.kafka.clients.NetworkClient   : [Producer clientId=producer-1] Connection to node 1 (localhost/127.0.0.1:9092) could not be established. Broker may not be available.
2026-09-14T17:02:01.645+08:00  INFO 79744 --- [ecos-gateway] [ntainer#0-0-C-1] org.apache.kafka.clients.NetworkClient   : [Consumer clientId=consumer-dccheng-cognitive-group-1, groupId=dccheng-cognitive-group] Node 1 disconnected.
2026-09-14T17:02:01.648+08:00  WARN 79744 --- [ecos-gateway] [ntainer#0-0-C-1] org.apache.kafka.clients.NetworkClient   : [Consumer clientId=consumer-dccheng-cognitive-group-1, groupId=dccheng-cognitive-group] Connection to node 1 (localhost/127.0.0.1:9092) could not be established. Broker may not be available.
2026-09-14T17:02:01.986+08:00  INFO 79744 --- [ecos-gateway] [tology-consumer] org.apache.kafka.clients.NetworkClient   : [Consumer clientId=consumer-dccheng-ontology-consumer-2, groupId=dccheng-ontology-consumer] Node 1 disconnected.
2026-09-14T17:02:01.988+08:00  WARN 79744 --- [ecos-gateway] [tology-consumer] org.apache.kafka.clients.NetworkClient   : [Consumer clientId=consumer-dccheng-ontology-consumer-2, groupId=dccheng-ontology-consumer] Connection to node 1 (localhost/127.0.0.1:9092) could not be established. Broker may not be available.
2026-09-14T17:02:02.107+08:00  INFO 79744 --- [ecos-gateway] [ad | producer-1] org.apache.kafka.clients.NetworkClient   : [Producer clientId=producer-1] Node 1 disconnected.
2026-09-14T17:02:02.110+08:00  WARN 79744 --- [ecos-gateway] [ad | producer-1] org.apache.kafka.clients.NetworkClient   : [Producer clientId=producer-1] Connection to node 1 (localhost/127.0.0.1:9092) could not be established. Broker may not be available.
2026-09-14T17:02:02.651+08:00  INFO 79744 --- [ecos-gateway] [ntainer#0-0-C-1] org.apache.kafka.clients.NetworkClient   : [Consumer clientId=consumer-dccheng-cognitive-group-1, groupId=dccheng-cognitive-group] Node 1 disconnected.
2026-09-14T17:02:02.653+08:00  WARN 79744 --- [ecos-gateway] [ntainer#0-0-C-1] org.apache.kafka.clients.NetworkClient   : [Consumer clientId=consumer-dccheng-cognitive-group-1, groupId=dccheng-cognitive-group] Connection to node 1 (localhost/127.0.0.1:9092) could not be established. Broker may not be available.
2026-09-14T17:02:03.026+08:00  INFO 79744 --- [ecos-gateway] [ad | producer-1] org.apache.kafka.clients.NetworkClient   : [Producer clientId=producer-1] Node 1 disconnected.
2026-09-14T17:02:03.026+08:00  INFO 79744 --- [ecos-gateway] [ntainer#1-0-C-1] org.apache.kafka.clients.NetworkClient   : [Consumer clientId=consumer-dccheng-ontology-consumer-2, groupId=dccheng-ontology-consumer] Node 1 disconnected.
2026-09-14T17:02:03.030+08:00  WARN 79744 --- [ecos-gateway] [ad | producer-1] org.apache.kafka.clients.NetworkClient   : [Producer clientId=producer-1] Connection to node 1 (localhost/127.0.0.1:9092) could not be established. Broker may not be available.
2026-09-14T17:02:03.031+08:00  WARN 79744 --- [ecos-gateway] [ntainer#1-0-C-1] org.apache.kafka.clients.NetworkClient   : [Consumer clientId=consumer-dccheng-ontology-consumer-2, groupId=dccheng-ontology-consumer] Connection to node 1 (localhost/127.0.0.1:9092) could not be established. Broker may not be available.
2026-09-14T17:02:03.634+08:00  INFO 79744 --- [ecos-gateway] [ntainer#0-0-C-1] org.apache.kafka.clients.NetworkClient   : [Consumer clientId=consumer-dccheng-cognitive-group-1, groupId=dccheng-cognitive-group] Node 1 disconnected.
2026-09-14T17:02:03.637+08:00  WARN 79744 --- [ecos-gateway] [ntainer#0-0-C-1] org.apache.kafka.clients.NetworkClient   : [Consumer clientId=consumer-dccheng-cognitive-group-1, groupId=dccheng-cognitive-group] Connection to node 1 (localhost/127.0.0.1:9092) could not be established. Broker may not be available.
2026-09-14T17:02:04.002+08:00  INFO 79744 --- [ecos-gateway] [ad | producer-1] org.apache.kafka.clients.NetworkClient   : [Producer clientId=producer-1] Node 1 disconnected.
2026-09-14T17:02:04.002+08:00  INFO 79744 --- [ecos-gateway] [ntainer#1-0-C-1] org.apache.kafka.clients.NetworkClient   : [Consumer clientId=consumer-dccheng-ontology-consumer-2, groupId=dccheng-ontology-consumer] Node 1 disconnected.
2026-09-14T17:02:04.005+08:00  WARN 79744 --- [ecos-gateway] [ad | producer-1] org.apache.kafka.clients.NetworkClient   : [Producer clientId=producer-1] Connection to node 1 (localhost/127.0.0.1:9092) could not be established. Broker may not be available.
2026-09-14T17:02:04.006+08:00  WARN 79744 --- [ecos-gateway] [ntainer#1-0-C-1] org.apache.kafka.clients.NetworkClient   : [Consumer clientId=consumer-dccheng-ontology-consumer-2, groupId=dccheng-ontology-consumer] Connection to node 1 (localhost/127.0.0.1:9092) could not be established. Broker may not be available.
2026-09-14T17:02:04.677+08:00  INFO 79744 --- [ecos-gateway] [ntainer#0-0-C-1] org.apache.kafka.clients.NetworkClient   : [Consumer clientId=consumer-dccheng-cognitive-group-1, groupId=dccheng-cognitive-group] Node 1 disconnected.
2026-09-14T17:02:04.680+08:00  WARN 79744 --- [ecos-gateway] [ntainer#0-0-C-1] org.apache.kafka.clients.NetworkClient   : [Consumer clientId=consumer-dccheng-cognitive-group-1, groupId=dccheng-cognitive-group] Connection to node 1 (localhost/127.0.0.1:9092) could not be established. Broker may not be available.
2026-09-14T17:02:04.907+08:00  INFO 79744 --- [ecos-gateway] [ntainer#1-0-C-1] org.apache.kafka.clients.NetworkClient   : [Consumer clientId=consumer-dccheng-ontology-consumer-2, groupId=dccheng-ontology-consumer] Node 1 disconnected.
2026-09-14T17:02:04.910+08:00  WARN 79744 --- [ecos-gateway] [ntainer#1-0-C-1] org.apache.kafka.clients.NetworkClient   : [Consumer clientId=consumer-dccheng-ontology-consumer-2, groupId=dccheng-ontology-consumer] Connection to node 1 (localhost/127.0.0.1:9092) could not be established. Broker may not be available.
2026-09-14T17:02:05.167+08:00  INFO 79744 --- [ecos-gateway] [ad | producer-1] org.apache.kafka.clients.NetworkClient   : [Producer clientId=producer-1] Node 1 disconnected.
2026-09-14T17:02:05.169+08:00  WARN 79744 --- [ecos-gateway] [ad | producer-1] org.apache.kafka.clients.NetworkClient   : [Producer clientId=producer-1] Connection to node 1 (localhost/127.0.0.1:9092) could not be established. Broker may not be available.
2026-09-14T17:02:05.558+08:00  INFO 79744 --- [ecos-gateway] [ntainer#0-0-C-1] org.apache.kafka.clients.NetworkClient   : [Consumer clientId=consumer-dccheng-cognitive-group-1, groupId=dccheng-cognitive-group] Node 1 disconnected.
2026-09-14T17:02:05.565+08:00  WARN 79744 --- [ecos-gateway] [ntainer#0-0-C-1] org.apache.kafka.clients.NetworkClient   : [Consumer clientId=consumer-dccheng-cognitive-group-1, groupId=dccheng-cognitive-group] Connection to node 1 (localhost/127.0.0.1:9092) could not be established. Broker may not be available.
2026-09-14T17:02:06.071+08:00  INFO 79744 --- [ecos-gateway] [ntainer#1-0-C-1] org.apache.kafka.clients.NetworkClient   : [Consumer clientId=consumer-dccheng-ontology-consumer-2, groupId=dccheng-ontology-consumer] Node 1 disconnected.
2026-09-14T17:02:06.075+08:00  WARN 79744 --- [ecos-gateway] [ntainer#1-0-C-1] org.apache.kafka.clients.NetworkClient   : [Consumer clientId=consumer-dccheng-ontology-consumer-2, groupId=dccheng-ontology-consumer] Connection to node 1 (localhost/127.0.0.1:9092) could not be established. Broker may not be available.
2026-09-14T17:02:06.349+08:00  INFO 79744 --- [ecos-gateway] [ad | producer-1] org.apache.kafka.clients.NetworkClient   : [Producer clientId=producer-1] Node 1 disconnected.
2026-09-14T17:02:06.352+08:00  WARN 79744 --- [ecos-gateway] [ad | producer-1] org.apache.kafka.clients.NetworkClient   : [Producer clientId=producer-1] Connection to node 1 (localhost/127.0.0.1:9092) could not be established. Broker may not be available.
2026-09-14T17:02:06.719+08:00  INFO 79744 --- [ecos-gateway] [ntainer#0-0-C-1] org.apache.kafka.clients.NetworkClient   : [Consumer clientId=consumer-dccheng-cognitive-group-1, groupId=dccheng-cognitive-group] Node 1 disconnected.
2026-09-14T17:02:06.721+08:00  WARN 79744 --- [ecos-gateway] [ntainer#0-0-C-1] org.apache.kafka.clients.NetworkClient   : [Consumer clientId=consumer-dccheng-cognitive-group-1, groupId=dccheng-cognitive-group] Connection to node 1 (localhost/127.0.0.1:9092) could not be established. Broker may not be available.
2026-09-14T17:02:07.314+08:00  INFO 79744 --- [ecos-gateway] [ntainer#1-0-C-1] org.apache.kafka.clients.NetworkClient   : [Consumer clientId=consumer-dccheng-ontology-consumer-2, groupId=dccheng-ontology-consumer] Node 1 disconnected.
2026-09-14T17:02:07.317+08:00  WARN 79744 --- [ecos-gateway] [ntainer#1-0-C-1] org.apache.kafka.clients.NetworkClient   : [Consumer clientId=consumer-dccheng-ontology-consumer-2, groupId=dccheng-ontology-consumer] Connection to node 1 (localhost/127.0.0.1:9092) could not be established. Broker may not be available.
2026-09-14T17:02:07.389+08:00  INFO 79744 --- [ecos-gateway] [ad | producer-1] org.apache.kafka.clients.NetworkClient   : [Producer clientId=producer-1] Node 1 disconnected.
2026-09-14T17:02:07.391+08:00  WARN 79744 --- [ecos-gateway] [ad | producer-1] org.apache.kafka.clients.NetworkClient   : [Producer clientId=producer-1] Connection to node 1 (localhost/127.0.0.1:9092) could not be established. Broker may not be available.
2026-09-14T17:02:07.637+08:00  INFO 79744 --- [ecos-gateway] [ntainer#0-0-C-1] org.apache.kafka.clients.NetworkClient   : [Consumer clientId=consumer-dccheng-cognitive-group-1, groupId=dccheng-cognitive-group] Node 1 disconnected.
2026-09-14T17:02:07.639+08:00  WARN 79744 --- [ecos-gateway] [ntainer#0-0-C-1] org.apache.kafka.clients.NetworkClient   : [Consumer clientId=consumer-dccheng-cognitive-group-1, groupId=dccheng-cognitive-group] Connection to node 1 (localhost/127.0.0.1:9092) could not be established. Broker may not be available.
2026-09-14T17:02:08.294+08:00  INFO 79744 --- [ecos-gateway] [ntainer#1-0-C-1] org.apache.kafka.clients.NetworkClient   : [Consumer clientId=consumer-dccheng-ontology-consumer-2, groupId=dccheng-ontology-consumer] Node 1 disconnected.
2026-09-14T17:02:08.295+08:00  WARN 79744 --- [ecos-gateway] [ntainer#1-0-C-1] org.apache.kafka.clients.NetworkClient   : [Consumer clientId=consumer-dccheng-ontology-consumer-2, groupId=dccheng-ontology-consumer] Connection to node 1 (localhost/127.0.0.1:9092) could not be established. Broker may not be available.
2026-09-14T17:02:08.356+08:00  INFO 79744 --- [ecos-gateway] [ad | producer-1] org.apache.kafka.clients.NetworkClient   : [Producer clientId=producer-1] Node 1 disconnected.
2026-09-14T17:02:08.359+08:00  WARN 79744 --- [ecos-gateway] [ad | producer-1] org.apache.kafka.clients.NetworkClient   : [Producer clientId=producer-1] Connection to node 1 (localhost/127.0.0.1:9092) could not be established. Broker may not be available.
2026-09-14T17:02:08.565+08:00  WARN 79744 --- [ecos-gateway] [MessageBroker-7] c.c.g.engine.kb.service.KGWriterService  : Neo4j operation failed (attempt 1/3), retrying in 1000ms...
2026-09-14T17:02:08.687+08:00  INFO 79744 --- [ecos-gateway] [ntainer#0-0-C-1] org.apache.kafka.clients.NetworkClient   : [Consumer clientId=consumer-dccheng-cognitive-group-1, groupId=dccheng-cognitive-group] Node 1 disconnected.
2026-09-14T17:02:08.690+08:00  WARN 79744 --- [ecos-gateway] [ntainer#0-0-C-1] org.apache.kafka.clients.NetworkClient   : [Consumer clientId=consumer-dccheng-cognitive-group-1, groupId=dccheng-cognitive-group] Connection to node 1 (localhost/127.0.0.1:9092) could not be established. Broker may not be available.
2026-09-14T17:02:09.456+08:00  INFO 79744 --- [ecos-gateway] [ntainer#1-0-C-1] org.apache.kafka.clients.NetworkClient   : [Consumer clientId=consumer-dccheng-ontology-consumer-2, groupId=dccheng-ontology-consumer] Node 1 disconnected.
2026-09-14T17:02:09.460+08:00  WARN 79744 --- [ecos-gateway] [ntainer#1-0-C-1] org.apache.kafka.clients.NetworkClient   : [Consumer clientId=consumer-dccheng-ontology-consumer-2, groupId=dccheng-ontology-consumer] Connection to node 1 (localhost/127.0.0.1:9092) could not be established. Broker may not be available.
2026-09-14T17:02:09.581+08:00  INFO 79744 --- [ecos-gateway] [ad | producer-1] org.apache.kafka.clients.NetworkClient   : [Producer clientId=producer-1] Node 1 disconnected.
2026-09-14T17:02:09.583+08:00  WARN 79744 --- [ecos-gateway] [ad | producer-1] org.apache.kafka.clients.NetworkClient   : [Producer clientId=producer-1] Connection to node 1 (localhost/127.0.0.1:9092) could not be established. Broker may not be available.
2026-09-14T17:02:09.587+08:00  WARN 79744 --- [ecos-gateway] [MessageBroker-7] c.c.g.engine.kb.service.KGWriterService  : Neo4j operation failed (attempt 2/3), retrying in 1000ms...
2026-09-14T17:02:09.856+08:00  INFO 79744 --- [ecos-gateway] [ntainer#0-0-C-1] org.apache.kafka.clients.NetworkClient   : [Consumer clientId=consumer-dccheng-cognitive-group-1, groupId=dccheng-cognitive-group] Node 1 disconnected.
2026-09-14T17:02:09.859+08:00  WARN 79744 --- [ecos-gateway] [ntainer#0-0-C-1] org.apache.kafka.clients.NetworkClient   : [Consumer clientId=consumer-dccheng-cognitive-group-1, groupId=dccheng-cognitive-group] Connection to node 1 (localhost/127.0.0.1:9092) could not be established. Broker may not be available.
2026-09-14T17:02:10.613+08:00  INFO 79744 --- [ecos-gateway] [ntainer#1-0-C-1] org.apache.kafka.clients.NetworkClient   : [Consumer clientId=consumer-dccheng-ontology-consumer-2, groupId=dccheng-ontology-consumer] Node 1 disconnected.
2026-09-14T17:02:10.613+08:00  WARN 79744 --- [ecos-gateway] [MessageBroker-7] c.c.g.engine.kb.service.KGWriterService  : ??  Neo4j health check failed: Neo4j operation failed after 3 attempts
2026-09-14T17:02:10.617+08:00  WARN 79744 --- [ecos-gateway] [ntainer#1-0-C-1] org.apache.kafka.clients.NetworkClient   : [Consumer clientId=consumer-dccheng-ontology-consumer-2, groupId=dccheng-ontology-consumer] Connection to node 1 (localhost/127.0.0.1:9092) could not be established. Broker may not be available.
2026-09-14T17:02:10.771+08:00  INFO 79744 --- [ecos-gateway] [ad | producer-1] org.apache.kafka.clients.NetworkClient   : [Producer clientId=producer-1] Node 1 disconnected.
2026-09-14T17:02:10.775+08:00  WARN 79744 --- [ecos-gateway] [ad | producer-1] org.apache.kafka.clients.NetworkClient   : [Producer clientId=producer-1] Connection to node 1 (localhost/127.0.0.1:9092) could not be established. Broker may not be available.
2026-09-14T17:02:11.089+08:00  INFO 79744 --- [ecos-gateway] [ntainer#0-0-C-1] org.apache.kafka.clients.NetworkClient   : [Consumer clientId=consumer-dccheng-cognitive-group-1, groupId=dccheng-cognitive-group] Node 1 disconnected.
2026-09-14T17:02:11.094+08:00  WARN 79744 --- [ecos-gateway] [ntainer#0-0-C-1] org.apache.kafka.clients.NetworkClient   : [Consumer clientId=consumer-dccheng-cognitive-group-1, groupId=dccheng-cognitive-group] Connection to node 1 (localhost/127.0.0.1:9092) could not be established. Broker may not be available.
2026-09-14T17:02:11.684+08:00  INFO 79744 --- [ecos-gateway] [ad | producer-1] org.apache.kafka.clients.NetworkClient   : [Producer clientId=producer-1] Node 1 disconnected.
2026-09-14T17:02:11.695+08:00  WARN 79744 --- [ecos-gateway] [ad | producer-1] org.apache.kafka.clients.NetworkClient   : [Producer clientId=producer-1] Connection to node 1 (localhost/127.0.0.1:9092) could not be established. Broker may not be available.
2026-09-14T17:02:11.846+08:00  INFO 79744 --- [ecos-gateway] [ntainer#1-0-C-1] org.apache.kafka.clients.NetworkClient   : [Consumer clientId=consumer-dccheng-ontology-consumer-2, groupId=dccheng-ontology-consumer] Node 1 disconnected.
2026-09-14T17:02:11.849+08:00  WARN 79744 --- [ecos-gateway] [ntainer#1-0-C-1] org.apache.kafka.clients.NetworkClient   : [Consumer clientId=consumer-dccheng-ontology-consumer-2, groupId=dccheng-ontology-consumer] Connection to node 1 (localhost/127.0.0.1:9092) could not be established. Broker may not be available.
2026-09-14T17:02:12.115+08:00  INFO 79744 --- [ecos-gateway] [ntainer#0-0-C-1] org.apache.kafka.clients.NetworkClient   : [Consumer clientId=consumer-dccheng-cognitive-group-1, groupId=dccheng-cognitive-group] Node 1 disconnected.
2026-09-14T17:02:12.119+08:00  WARN 79744 --- [ecos-gateway] [ntainer#0-0-C-1] org.apache.kafka.clients.NetworkClient   : [Consumer clientId=consumer-dccheng-cognitive-group-1, groupId=dccheng-cognitive-group] Connection to node 1 (localhost/127.0.0.1:9092) could not be established. Broker may not be available.
2026-09-14T17:02:12.818+08:00  INFO 79744 --- [ecos-gateway] [ad | producer-1] org.apache.kafka.clients.NetworkClient   : [Producer clientId=producer-1] Node 1 disconnected.
2026-09-14T17:02:12.821+08:00  WARN 79744 --- [ecos-gateway] [ad | producer-1] org.apache.kafka.clients.NetworkClient   : [Producer clientId=producer-1] Connection to node 1 (localhost/127.0.0.1:9092) could not be established. Broker may not be available.
2026-09-14T17:02:12.962+08:00 ERROR 79744 --- [ecos-gateway] [pool-2-thread-4] c.c.g.gateway.telemetry.UsageCollector   : A7 租户用量聚合任务执行失败: Failed to obtain JDBC Connection

org.springframework.jdbc.CannotGetJdbcConnectionException: Failed to obtain JDBC Connection
	at org.springframework.jdbc.datasource.DataSourceUtils.getConnection(DataSourceUtils.java:84) ~[spring-jdbc-6.1.3.jar!/:6.1.3]
	at org.springframework.jdbc.core.JdbcTemplate.execute(JdbcTemplate.java:653) ~[spring-jdbc-6.1.3.jar!/:6.1.3]
	at org.springframework.jdbc.core.JdbcTemplate.update(JdbcTemplate.java:970) ~[spring-jdbc-6.1.3.jar!/:6.1.3]
	at org.springframework.jdbc.core.JdbcTemplate.update(JdbcTemplate.java:1014) ~[spring-jdbc-6.1.3.jar!/:6.1.3]
	at org.springframework.jdbc.core.JdbcTemplate.update(JdbcTemplate.java:1024) ~[spring-jdbc-6.1.3.jar!/:6.1.3]
	at com.chinacreator.gzcm.gateway.jdbc.TenantAwareJdbcTemplate.update(TenantAwareJdbcTemplate.java:223) ~[!/:na]
	at com.chinacreator.gzcm.gateway.telemetry.UsageCollector.aggregateApiUsage(UsageCollector.java:93) ~[!/:na]
	at com.chinacreator.gzcm.gateway.telemetry.UsageCollector$UsageTaskExecutor.execute(UsageCollector.java:172) ~[!/:na]
	at com.chinacreator.gzcm.runtime.core.task.service.impl.TaskManagementServiceImpl.executeTask(TaskManagementServiceImpl.java:196) ~[runtime-task-1.0.0-SNAPSHOT.jar!/:na]
	at com.chinacreator.gzcm.runtime.core.task.service.impl.TaskManagementServiceImpl.submitAndExecute(TaskManagementServiceImpl.java:315) ~[runtime-task-1.0.0-SNAPSHOT.jar!/:na]
	at com.chinacreator.gzcm.runtime.core.task.scheduling.TaskSchedulerServiceImpl.executeTask(TaskSchedulerServiceImpl.java:250) ~[runtime-task-1.0.0-SNAPSHOT.jar!/:na]
	at com.chinacreator.gzcm.runtime.core.task.scheduling.TaskSchedulerServiceImpl.lambda$schedulePeriodicTask$3(TaskSchedulerServiceImpl.java:169) ~[runtime-task-1.0.0-SNAPSHOT.jar!/:na]
	at java.base/java.util.concurrent.Executors$RunnableAdapter.call(Executors.java:539) ~[na:na]
	at java.base/java.util.concurrent.FutureTask.runAndReset(FutureTask.java:305) ~[na:na]
	at java.base/java.util.concurrent.ScheduledThreadPoolExecutor$ScheduledFutureTask.run(ScheduledThreadPoolExecutor.java:305) ~[na:na]
	at java.base/java.util.concurrent.ThreadPoolExecutor.runWorker(ThreadPoolExecutor.java:1136) ~[na:na]
	at java.base/java.util.concurrent.ThreadPoolExecutor$Worker.run(ThreadPoolExecutor.java:635) ~[na:na]
	at java.base/java.lang.Thread.run(Thread.java:842) ~[na:na]
Caused by: java.sql.SQLTransientConnectionException: SysManHikariCP - Connection is not available, request timed out after 30014ms.
	at com.zaxxer.hikari.pool.HikariPool.createTimeoutException(HikariPool.java:696) ~[HikariCP-5.0.1.jar!/:na]
	at com.zaxxer.hikari.pool.HikariPool.getConnection(HikariPool.java:181) ~[HikariCP-5.0.1.jar!/:na]
	at com.zaxxer.hikari.pool.HikariPool.getConnection(HikariPool.java:146) ~[HikariCP-5.0.1.jar!/:na]
	at com.zaxxer.hikari.HikariDataSource.getConnection(HikariDataSource.java:128) ~[HikariCP-5.0.1.jar!/:na]
	at org.springframework.jdbc.datasource.DataSourceUtils.fetchConnection(DataSourceUtils.java:160) ~[spring-jdbc-6.1.3.jar!/:6.1.3]
	at org.springframework.jdbc.datasource.DataSourceUtils.doGetConnection(DataSourceUtils.java:118) ~[spring-jdbc-6.1.3.jar!/:6.1.3]
	at org.springframework.jdbc.datasource.DataSourceUtils.getConnection(DataSourceUtils.java:81) ~[spring-jdbc-6.1.3.jar!/:6.1.3]
	... 17 common frames omitted
Caused by: org.postgresql.util.PSQLException: Connection to localhost:5432 refused. Check that the hostname and port are correct and that the postmaster is accepting TCP/IP connections.
	at org.postgresql.core.v3.ConnectionFactoryImpl.openConnectionImpl(ConnectionFactoryImpl.java:342) ~[postgresql-42.6.0.jar!/:42.6.0]
	at org.postgresql.core.ConnectionFactory.openConnection(ConnectionFactory.java:54) ~[postgresql-42.6.0.jar!/:42.6.0]
	at org.postgresql.jdbc.PgConnection.<init>(PgConnection.java:263) ~[postgresql-42.6.0.jar!/:42.6.0]
	at org.postgresql.Driver.makeConnection(Driver.java:443) ~[postgresql-42.6.0.jar!/:42.6.0]
	at org.postgresql.Driver.connect(Driver.java:297) ~[postgresql-42.6.0.jar!/:42.6.0]
	at com.zaxxer.hikari.util.DriverDataSource.getConnection(DriverDataSource.java:138) ~[HikariCP-5.0.1.jar!/:na]
	at com.zaxxer.hikari.pool.PoolBase.newConnection(PoolBase.java:359) ~[HikariCP-5.0.1.jar!/:na]
	at com.zaxxer.hikari.pool.PoolBase.newPoolEntry(PoolBase.java:201) ~[HikariCP-5.0.1.jar!/:na]
	at com.zaxxer.hikari.pool.HikariPool.createPoolEntry(HikariPool.java:470) ~[HikariCP-5.0.1.jar!/:na]
	at com.zaxxer.hikari.pool.HikariPool$PoolEntryCreator.call(HikariPool.java:733) ~[HikariCP-5.0.1.jar!/:na]
	at com.zaxxer.hikari.pool.HikariPool$PoolEntryCreator.call(HikariPool.java:712) ~[HikariCP-5.0.1.jar!/:na]
	at java.base/java.util.concurrent.FutureTask.run(FutureTask.java:264) ~[na:na]
	... 3 common frames omitted
Caused by: java.net.ConnectException: Connection refused: no further information
	at java.base/sun.nio.ch.Net.pollConnect(Native Method) ~[na:na]
	at java.base/sun.nio.ch.Net.pollConnectNow(Net.java:672) ~[na:na]
	at java.base/sun.nio.ch.NioSocketImpl.timedFinishConnect(NioSocketImpl.java:547) ~[na:na]
	at java.base/sun.nio.ch.NioSocketImpl.connect(NioSocketImpl.java:602) ~[na:na]
	at java.base/java.net.SocksSocketImpl.connect(SocksSocketImpl.java:327) ~[na:na]
	at java.base/java.net.Socket.connect(Socket.java:633) ~[na:na]
	at org.postgresql.core.PGStream.createSocket(PGStream.java:243) ~[postgresql-42.6.0.jar!/:42.6.0]
	at org.postgresql.core.PGStream.<init>(PGStream.java:98) ~[postgresql-42.6.0.jar!/:42.6.0]
	at org.postgresql.core.v3.ConnectionFactoryImpl.tryConnect(ConnectionFactoryImpl.java:132) ~[postgresql-42.6.0.jar!/:42.6.0]
	at org.postgresql.core.v3.ConnectionFactoryImpl.openConnectionImpl(ConnectionFactoryImpl.java:258) ~[postgresql-42.6.0.jar!/:42.6.0]
	... 14 common frames omitted

2026-09-14T17:02:12.981+08:00  WARN 79744 --- [ecos-gateway] [pool-2-thread-4] c.c.g.r.c.t.c.AgentCronTaskExecutor      : AgentCronTaskExecutor.onError: taskId=f169e154-354f-4941-b5e2-99ea59353c6f, error=usage aggregation failed
2026-09-14T17:02:12.984+08:00  WARN 79744 --- [ecos-gateway] [pool-2-thread-4] c.c.g.r.c.t.s.TaskSchedulerServiceImpl   : 定时任务提交失败 task=f169e154-354f-4941-b5e2-99ea59353c6f: Task execution failed: usage aggregation failed
2026-09-14T17:02:13.065+08:00  INFO 79744 --- [ecos-gateway] [ntainer#1-0-C-1] org.apache.kafka.clients.NetworkClient   : [Consumer clientId=consumer-dccheng-ontology-consumer-2, groupId=dccheng-ontology-consumer] Node 1 disconnected.
2026-09-14T17:02:13.067+08:00  WARN 79744 --- [ecos-gateway] [ntainer#1-0-C-1] org.apache.kafka.clients.NetworkClient   : [Consumer clientId=consumer-dccheng-ontology-consumer-2, groupId=dccheng-ontology-consumer] Connection to node 1 (localhost/127.0.0.1:9092) could not be established. Broker may not be available.
2026-09-14T17:02:13.297+08:00  INFO 79744 --- [ecos-gateway] [ntainer#0-0-C-1] org.apache.kafka.clients.NetworkClient   : [Consumer clientId=consumer-dccheng-cognitive-group-1, groupId=dccheng-cognitive-group] Node 1 disconnected.
2026-09-14T17:02:13.300+08:00  WARN 79744 --- [ecos-gateway] [ntainer#0-0-C-1] org.apache.kafka.clients.NetworkClient   : [Consumer clientId=consumer-dccheng-cognitive-group-1, groupId=dccheng-cognitive-group] Connection to node 1 (localhost/127.0.0.1:9092) could not be established. Broker may not be available.
2026-09-14T17:02:13.924+08:00  INFO 79744 --- [ecos-gateway] [ntainer#1-0-C-1] org.apache.kafka.clients.NetworkClient   : [Consumer clientId=consumer-dccheng-ontology-consumer-2, groupId=dccheng-ontology-consumer] Node 1 disconnected.
2026-09-14T17:02:13.928+08:00  WARN 79744 --- [ecos-gateway] [ntainer#1-0-C-1] org.apache.kafka.clients.NetworkClient   : [Consumer clientId=consumer-dccheng-ontology-consumer-2, groupId=dccheng-ontology-consumer] Connection to node 1 (localhost/127.0.0.1:9092) could not be established. Broker may not be available.
2026-09-14T17:02:13.941+08:00  INFO 79744 --- [ecos-gateway] [ad | producer-1] org.apache.kafka.clients.NetworkClient   : [Producer clientId=producer-1] Node 1 disconnected.
2026-09-14T17:02:13.942+08:00  WARN 79744 --- [ecos-gateway] [ad | producer-1] org.apache.kafka.clients.NetworkClient   : [Producer clientId=producer-1] Connection to node 1 (localhost/127.0.0.1:9092) could not be established. Broker may not be available.
2026-09-14T17:02:14.414+08:00  INFO 79744 --- [ecos-gateway] [ntainer#0-0-C-1] org.apache.kafka.clients.NetworkClient   : [Consumer clientId=consumer-dccheng-cognitive-group-1, groupId=dccheng-cognitive-group] Node 1 disconnected.
2026-09-14T17:02:14.415+08:00  WARN 79744 --- [ecos-gateway] [ntainer#0-0-C-1] org.apache.kafka.clients.NetworkClient   : [Consumer clientId=consumer-dccheng-cognitive-group-1, groupId=dccheng-cognitive-group] Connection to node 1 (localhost/127.0.0.1:9092) could not be established. Broker may not be available.
2026-09-14T17:02:14.770+08:00  INFO 79744 --- [ecos-gateway] [ntainer#1-0-C-1] org.apache.kafka.clients.NetworkClient   : [Consumer clientId=consumer-dccheng-ontology-consumer-2, groupId=dccheng-ontology-consumer] Node 1 disconnected.
2026-09-14T17:02:14.772+08:00  WARN 79744 --- [ecos-gateway] [ntainer#1-0-C-1] org.apache.kafka.clients.NetworkClient   : [Consumer clientId=consumer-dccheng-ontology-consumer-2, groupId=dccheng-ontology-consumer] Connection to node 1 (localhost/127.0.0.1:9092) could not be established. Broker may not be available.
2026-09-14T17:02:14.925+08:00  INFO 79744 --- [ecos-gateway] [ad | producer-1] org.apache.kafka.clients.NetworkClient   : [Producer clientId=producer-1] Node 1 disconnected.
2026-09-14T17:02:14.927+08:00  WARN 79744 --- [ecos-gateway] [ad | producer-1] org.apache.kafka.clients.NetworkClient   : [Producer clientId=producer-1] Connection to node 1 (localhost/127.0.0.1:9092) could not be established. Broker may not be available.
2026-09-14T17:02:15.630+08:00  INFO 79744 --- [ecos-gateway] [ntainer#0-0-C-1] org.apache.kafka.clients.NetworkClient   : [Consumer clientId=consumer-dccheng-cognitive-group-1, groupId=dccheng-cognitive-group] Node 1 disconnected.
2026-09-14T17:02:15.634+08:00  WARN 79744 --- [ecos-gateway] [ntainer#0-0-C-1] org.apache.kafka.clients.NetworkClient   : [Consumer clientId=consumer-dccheng-cognitive-group-1, groupId=dccheng-cognitive-group] Connection to node 1 (localhost/127.0.0.1:9092) could not be established. Broker may not be available.
2026-09-14T17:02:15.740+08:00  INFO 79744 --- [ecos-gateway] [ntainer#1-0-C-1] org.apache.kafka.clients.NetworkClient   : [Consumer clientId=consumer-dccheng-ontology-consumer-2, groupId=dccheng-ontology-consumer] Node 1 disconnected.
2026-09-14T17:02:15.743+08:00  WARN 79744 --- [ecos-gateway] [ntainer#1-0-C-1] org.apache.kafka.clients.NetworkClient   : [Consumer clientId=consumer-dccheng-ontology-consumer-2, groupId=dccheng-ontology-consumer] Connection to node 1 (localhost/127.0.0.1:9092) could not be established. Broker may not be available.
2026-09-14T17:02:15.909+08:00  INFO 79744 --- [ecos-gateway] [ad | producer-1] org.apache.kafka.clients.NetworkClient   : [Producer clientId=producer-1] Node 1 disconnected.
2026-09-14T17:02:15.911+08:00  WARN 79744 --- [ecos-gateway] [ad | producer-1] org.apache.kafka.clients.NetworkClient   : [Producer clientId=producer-1] Connection to node 1 (localhost/127.0.0.1:9092) could not be established. Broker may not be available.
2026-09-14T17:02:16.493+08:00  INFO 79744 --- [ecos-gateway] [ntainer#0-0-C-1] org.apache.kafka.clients.NetworkClient   : [Consumer clientId=consumer-dccheng-cognitive-group-1, groupId=dccheng-cognitive-group] Node 1 disconnected.
2026-09-14T17:02:16.496+08:00  WARN 79744 --- [ecos-gateway] [ntainer#0-0-C-1] org.apache.kafka.clients.NetworkClient   : [Consumer clientId=consumer-dccheng-cognitive-group-1, groupId=dccheng-cognitive-group] Connection to node 1 (localhost/127.0.0.1:9092) could not be established. Broker may not be available.
2026-09-14T17:02:16.720+08:00  INFO 79744 --- [ecos-gateway] [ntainer#1-0-C-1] org.apache.kafka.clients.NetworkClient   : [Consumer clientId=consumer-dccheng-ontology-consumer-2, groupId=dccheng-ontology-consumer] Node 1 disconnected.
2026-09-14T17:02:16.723+08:00  WARN 79744 --- [ecos-gateway] [ntainer#1-0-C-1] org.apache.kafka.clients.NetworkClient   : [Consumer clientId=consumer-dccheng-ontology-consumer-2, groupId=dccheng-ontology-consumer] Connection to node 1 (localhost/127.0.0.1:9092) could not be established. Broker may not be available.
2026-09-14T17:02:16.829+08:00  INFO 79744 --- [ecos-gateway] [ad | producer-1] org.apache.kafka.clients.NetworkClient   : [Producer clientId=producer-1] Node 1 disconnected.
2026-09-14T17:02:16.831+08:00  WARN 79744 --- [ecos-gateway] [ad | producer-1] org.apache.kafka.clients.NetworkClient   : [Producer clientId=producer-1] Connection to node 1 (localhost/127.0.0.1:9092) could not be established. Broker may not be available.
2026-09-14T17:02:17.356+08:00  INFO 79744 --- [ecos-gateway] [ntainer#0-0-C-1] org.apache.kafka.clients.NetworkClient   : [Consumer clientId=consumer-dccheng-cognitive-group-1, groupId=dccheng-cognitive-group] Node 1 disconnected.
2026-09-14T17:02:17.358+08:00  WARN 79744 --- [ecos-gateway] [ntainer#0-0-C-1] org.apache.kafka.clients.NetworkClient   : [Consumer clientId=consumer-dccheng-cognitive-group-1, groupId=dccheng-cognitive-group] Connection to node 1 (localhost/127.0.0.1:9092) could not be established. Broker may not be available.
2026-09-14T17:02:17.799+08:00  INFO 79744 --- [ecos-gateway] [ad | producer-1] org.apache.kafka.clients.NetworkClient   : [Producer clientId=producer-1] Node 1 disconnected.
2026-09-14T17:02:17.801+08:00  WARN 79744 --- [ecos-gateway] [ad | producer-1] org.apache.kafka.clients.NetworkClient   : [Producer clientId=producer-1] Connection to node 1 (localhost/127.0.0.1:9092) could not be established. Broker may not be available.
2026-09-14T17:02:17.893+08:00  INFO 79744 --- [ecos-gateway] [ntainer#1-0-C-1] org.apache.kafka.clients.NetworkClient   : [Consumer clientId=consumer-dccheng-ontology-consumer-2, groupId=dccheng-ontology-consumer] Node 1 disconnected.
2026-09-14T17:02:17.895+08:00  WARN 79744 --- [ecos-gateway] [ntainer#1-0-C-1] org.apache.kafka.clients.NetworkClient   : [Consumer clientId=consumer-dccheng-ontology-consumer-2, groupId=dccheng-ontology-consumer] Connection to node 1 (localhost/127.0.0.1:9092) could not be established. Broker may not be available.
2026-09-14T17:02:18.527+08:00  INFO 79744 --- [ecos-gateway] [ntainer#0-0-C-1] org.apache.kafka.clients.NetworkClient   : [Consumer clientId=consumer-dccheng-cognitive-group-1, groupId=dccheng-cognitive-group] Node 1 disconnected.
2026-09-14T17:02:18.530+08:00  WARN 79744 --- [ecos-gateway] [ntainer#0-0-C-1] org.apache.kafka.clients.NetworkClient   : [Consumer clientId=consumer-dccheng-cognitive-group-1, groupId=dccheng-cognitive-group] Connection to node 1 (localhost/127.0.0.1:9092) could not be established. Broker may not be available.
2026-09-14T17:02:18.889+08:00  INFO 79744 --- [ecos-gateway] [ad | producer-1] org.apache.kafka.clients.NetworkClient   : [Producer clientId=producer-1] Node 1 disconnected.
2026-09-14T17:02:18.891+08:00  WARN 79744 --- [ecos-gateway] [ad | producer-1] org.apache.kafka.clients.NetworkClient   : [Producer clientId=producer-1] Connection to node 1 (localhost/127.0.0.1:9092) could not be established. Broker may not be available.
2026-09-14T17:02:18.980+08:00  INFO 79744 --- [ecos-gateway] [ntainer#1-0-C-1] org.apache.kafka.clients.NetworkClient   : [Consumer clientId=consumer-dccheng-ontology-consumer-2, groupId=dccheng-ontology-consumer] Node 1 disconnected.
2026-09-14T17:02:18.981+08:00  WARN 79744 --- [ecos-gateway] [ntainer#1-0-C-1] org.apache.kafka.clients.NetworkClient   : [Consumer clientId=consumer-dccheng-ontology-consumer-2, groupId=dccheng-ontology-consumer] Connection to node 1 (localhost/127.0.0.1:9092) could not be established. Broker may not be available.
2026-09-14T17:02:19.748+08:00  INFO 79744 --- [ecos-gateway] [ntainer#0-0-C-1] org.apache.kafka.clients.NetworkClient   : [Consumer clientId=consumer-dccheng-cognitive-group-1, groupId=dccheng-cognitive-group] Node 1 disconnected.
2026-09-14T17:02:19.749+08:00  WARN 79744 --- [ecos-gateway] [ntainer#0-0-C-1] org.apache.kafka.clients.NetworkClient   : [Consumer clientId=consumer-dccheng-cognitive-group-1, groupId=dccheng-cognitive-group] Connection to node 1 (localhost/127.0.0.1:9092) could not be established. Broker may not be available.
2026-09-14T17:02:19.856+08:00  INFO 79744 --- [ecos-gateway] [ad | producer-1] org.apache.kafka.clients.NetworkClient   : [Producer clientId=producer-1] Node 1 disconnected.
2026-09-14T17:02:19.856+08:00  WARN 79744 --- [ecos-gateway] [ad | producer-1] org.apache.kafka.clients.NetworkClient   : [Producer clientId=producer-1] Connection to node 1 (localhost/127.0.0.1:9092) could not be established. Broker may not be available.
2026-09-14T17:02:20.009+08:00  INFO 79744 --- [ecos-gateway] [ntainer#1-0-C-1] org.apache.kafka.clients.NetworkClient   : [Consumer clientId=consumer-dccheng-ontology-consumer-2, groupId=dccheng-ontology-consumer] Node 1 disconnected.
2026-09-14T17:02:20.011+08:00  WARN 79744 --- [ecos-gateway] [ntainer#1-0-C-1] org.apache.kafka.clients.NetworkClient   : [Consumer clientId=consumer-dccheng-ontology-consumer-2, groupId=dccheng-ontology-consumer] Connection to node 1 (localhost/127.0.0.1:9092) could not be established. Broker may not be available.
2026-09-14T17:02:20.654+08:00  INFO 79744 --- [ecos-gateway] [ntainer#0-0-C-1] org.apache.kafka.clients.NetworkClient   : [Consumer clientId=consumer-dccheng-cognitive-group-1, groupId=dccheng-cognitive-group] Node 1 disconnected.
2026-09-14T17:02:20.654+08:00  WARN 79744 --- [ecos-gateway] [ntainer#0-0-C-1] org.apache.kafka.clients.NetworkClient   : [Consumer clientId=consumer-dccheng-cognitive-group-1, groupId=dccheng-cognitive-group] Connection to node 1 (localhost/127.0.0.1:9092) could not be established. Broker may not be available.
2026-09-14T17:02:20.885+08:00  INFO 79744 --- [ecos-gateway] [ad | producer-1] org.apache.kafka.clients.NetworkClient   : [Producer clientId=producer-1] Node 1 disconnected.
2026-09-14T17:02:20.886+08:00  WARN 79744 --- [ecos-gateway] [ad | producer-1] org.apache.kafka.clients.NetworkClient   : [Producer clientId=producer-1] Connection to node 1 (localhost/127.0.0.1:9092) could not be established. Broker may not be available.
2026-09-14T17:02:21.161+08:00  INFO 79744 --- [ecos-gateway] [ntainer#1-0-C-1] org.apache.kafka.clients.NetworkClient   : [Consumer clientId=consumer-dccheng-ontology-consumer-2, groupId=dccheng-ontology-consumer] Node 1 disconnected.
2026-09-14T17:02:21.163+08:00  WARN 79744 --- [ecos-gateway] [ntainer#1-0-C-1] org.apache.kafka.clients.NetworkClient   : [Consumer clientId=consumer-dccheng-ontology-consumer-2, groupId=dccheng-ontology-consumer] Connection to node 1 (localhost/127.0.0.1:9092) could not be established. Broker may not be available.
2026-09-14T17:02:21.864+08:00  INFO 79744 --- [ecos-gateway] [ntainer#0-0-C-1] org.apache.kafka.clients.NetworkClient   : [Consumer clientId=consumer-dccheng-cognitive-group-1, groupId=dccheng-cognitive-group] Node 1 disconnected.
2026-09-14T17:02:21.865+08:00  WARN 79744 --- [ecos-gateway] [ntainer#0-0-C-1] org.apache.kafka.clients.NetworkClient   : [Consumer clientId=consumer-dccheng-cognitive-group-1, groupId=dccheng-cognitive-group] Connection to node 1 (localhost/127.0.0.1:9092) could not be established. Broker may not be available.
2026-09-14T17:02:22.095+08:00  INFO 79744 --- [ecos-gateway] [ad | producer-1] org.apache.kafka.clients.NetworkClient   : [Producer clientId=producer-1] Node 1 disconnected.
2026-09-14T17:02:22.096+08:00  WARN 79744 --- [ecos-gateway] [ad | producer-1] org.apache.kafka.clients.NetworkClient   : [Producer clientId=producer-1] Connection to node 1 (localhost/127.0.0.1:9092) could not be established. Broker may not be available.
2026-09-14T17:02:22.220+08:00  INFO 79744 --- [ecos-gateway] [ntainer#1-0-C-1] org.apache.kafka.clients.NetworkClient   : [Consumer clientId=consumer-dccheng-ontology-consumer-2, groupId=dccheng-ontology-consumer] Node 1 disconnected.
2026-09-14T17:02:22.221+08:00  WARN 79744 --- [ecos-gateway] [ntainer#1-0-C-1] org.apache.kafka.clients.NetworkClient   : [Consumer clientId=consumer-dccheng-ontology-consumer-2, groupId=dccheng-ontology-consumer] Connection to node 1 (localhost/127.0.0.1:9092) could not be established. Broker may not be available.
2026-09-14T17:02:22.961+08:00  INFO 79744 --- [ecos-gateway] [ntainer#0-0-C-1] org.apache.kafka.clients.NetworkClient   : [Consumer clientId=consumer-dccheng-cognitive-group-1, groupId=dccheng-cognitive-group] Node 1 disconnected.
2026-09-14T17:02:22.963+08:00  WARN 79744 --- [ecos-gateway] [ntainer#0-0-C-1] org.apache.kafka.clients.NetworkClient   : [Consumer clientId=consumer-dccheng-cognitive-group-1, groupId=dccheng-cognitive-group] Connection to node 1 (localhost/127.0.0.1:9092) could not be established. Broker may not be available.
2026-09-14T17:02:23.008+08:00  INFO 79744 --- [ecos-gateway] [ad | producer-1] org.apache.kafka.clients.NetworkClient   : [Producer clientId=producer-1] Node 1 disconnected.
2026-09-14T17:02:23.009+08:00  WARN 79744 --- [ecos-gateway] [ad | producer-1] org.apache.kafka.clients.NetworkClient   : [Producer clientId=producer-1] Connection to node 1 (localhost/127.0.0.1:9092) could not be established. Broker may not be available.
2026-09-14T17:02:23.130+08:00  INFO 79744 --- [ecos-gateway] [ntainer#1-0-C-1] org.apache.kafka.clients.NetworkClient   : [Consumer clientId=consumer-dccheng-ontology-consumer-2, groupId=dccheng-ontology-consumer] Node 1 disconnected.
2026-09-14T17:02:23.132+08:00  WARN 79744 --- [ecos-gateway] [ntainer#1-0-C-1] org.apache.kafka.clients.NetworkClient   : [Consumer clientId=consumer-dccheng-ontology-consumer-2, groupId=dccheng-ontology-consumer] Connection to node 1 (localhost/127.0.0.1:9092) could not be established. Broker may not be available.
2026-09-14T17:02:23.986+08:00  INFO 79744 --- [ecos-gateway] [ad | producer-1] org.apache.kafka.clients.NetworkClient   : [Producer clientId=producer-1] Node 1 disconnected.
2026-09-14T17:02:23.987+08:00  WARN 79744 --- [ecos-gateway] [ad | producer-1] org.apache.kafka.clients.NetworkClient   : [Producer clientId=producer-1] Connection to node 1 (localhost/127.0.0.1:9092) could not be established. Broker may not be available.
2026-09-14T17:02:24.047+08:00  INFO 79744 --- [ecos-gateway] [ntainer#1-0-C-1] org.apache.kafka.clients.NetworkClient   : [Consumer clientId=consumer-dccheng-ontology-consumer-2, groupId=dccheng-ontology-consumer] Node 1 disconnected.
2026-09-14T17:02:24.048+08:00  WARN 79744 --- [ecos-gateway] [ntainer#1-0-C-1] org.apache.kafka.clients.NetworkClient   : [Consumer clientId=consumer-dccheng-ontology-consumer-2, groupId=dccheng-ontology-consumer] Connection to node 1 (localhost/127.0.0.1:9092) could not be established. Broker may not be available.
2026-09-14T17:02:24.187+08:00  INFO 79744 --- [ecos-gateway] [ntainer#0-0-C-1] org.apache.kafka.clients.NetworkClient   : [Consumer clientId=consumer-dccheng-cognitive-group-1, groupId=dccheng-cognitive-group] Node 1 disconnected.
2026-09-14T17:02:24.188+08:00  WARN 79744 --- [ecos-gateway] [ntainer#0-0-C-1] org.apache.kafka.clients.NetworkClient   : [Consumer clientId=consumer-dccheng-cognitive-group-1, groupId=dccheng-cognitive-group] Connection to node 1 (localhost/127.0.0.1:9092) could not be established. Broker may not be available.
2026-09-14T17:02:24.904+08:00  INFO 79744 --- [ecos-gateway] [ad | producer-1] org.apache.kafka.clients.NetworkClient   : [Producer clientId=producer-1] Node 1 disconnected.
2026-09-14T17:02:24.905+08:00  WARN 79744 --- [ecos-gateway] [ad | producer-1] org.apache.kafka.clients.NetworkClient   : [Producer clientId=producer-1] Connection to node 1 (localhost/127.0.0.1:9092) could not be established. Broker may not be available.
2026-09-14T17:02:24.964+08:00  INFO 79744 --- [ecos-gateway] [ntainer#1-0-C-1] org.apache.kafka.clients.NetworkClient   : [Consumer clientId=consumer-dccheng-ontology-consumer-2, groupId=dccheng-ontology-consumer] Node 1 disconnected.
2026-09-14T17:02:24.965+08:00  WARN 79744 --- [ecos-gateway] [ntainer#1-0-C-1] org.apache.kafka.clients.NetworkClient   : [Consumer clientId=consumer-dccheng-ontology-consumer-2, groupId=dccheng-ontology-consumer] Connection to node 1 (localhost/127.0.0.1:9092) could not be established. Broker may not be available.
2026-09-14T17:02:25.314+08:00  INFO 79744 --- [ecos-gateway] [ntainer#0-0-C-1] org.apache.kafka.clients.NetworkClient   : [Consumer clientId=consumer-dccheng-cognitive-group-1, groupId=dccheng-cognitive-group] Node 1 disconnected.
2026-09-14T17:02:25.315+08:00  WARN 79744 --- [ecos-gateway] [ntainer#0-0-C-1] org.apache.kafka.clients.NetworkClient   : [Consumer clientId=consumer-dccheng-cognitive-group-1, groupId=dccheng-cognitive-group] Connection to node 1 (localhost/127.0.0.1:9092) could not be established. Broker may not be available.
2026-09-14T17:02:25.774+08:00  INFO 79744 --- [ecos-gateway] [ad | producer-1] org.apache.kafka.clients.NetworkClient   : [Producer clientId=producer-1] Node 1 disconnected.
2026-09-14T17:02:25.774+08:00  WARN 79744 --- [ecos-gateway] [ad | producer-1] org.apache.kafka.clients.NetworkClient   : [Producer clientId=producer-1] Connection to node 1 (localhost/127.0.0.1:9092) could not be established. Broker may not be available.
2026-09-14T17:02:25.882+08:00  INFO 79744 --- [ecos-gateway] [ntainer#1-0-C-1] org.apache.kafka.clients.NetworkClient   : [Consumer clientId=consumer-dccheng-ontology-consumer-2, groupId=dccheng-ontology-consumer] Node 1 disconnected.
2026-09-14T17:02:25.884+08:00  WARN 79744 --- [ecos-gateway] [ntainer#1-0-C-1] org.apache.kafka.clients.NetworkClient   : [Consumer clientId=consumer-dccheng-ontology-consumer-2, groupId=dccheng-ontology-consumer] Connection to node 1 (localhost/127.0.0.1:9092) could not be established. Broker may not be available.
2026-09-14T17:02:26.401+08:00  INFO 79744 --- [ecos-gateway] [ntainer#0-0-C-1] org.apache.kafka.clients.NetworkClient   : [Consumer clientId=consumer-dccheng-cognitive-group-1, groupId=dccheng-cognitive-group] Node 1 disconnected.
2026-09-14T17:02:26.403+08:00  WARN 79744 --- [ecos-gateway] [ntainer#0-0-C-1] org.apache.kafka.clients.NetworkClient   : [Consumer clientId=consumer-dccheng-cognitive-group-1, groupId=dccheng-cognitive-group] Connection to node 1 (localhost/127.0.0.1:9092) could not be established. Broker may not be available.
2026-09-14T17:02:26.861+08:00  INFO 79744 --- [ecos-gateway] [ntainer#1-0-C-1] org.apache.kafka.clients.NetworkClient   : [Consumer clientId=consumer-dccheng-ontology-consumer-2, groupId=dccheng-ontology-consumer] Node 1 disconnected.
2026-09-14T17:02:26.861+08:00  WARN 79744 --- [ecos-gateway] [ntainer#1-0-C-1] org.apache.kafka.clients.NetworkClient   : [Consumer clientId=consumer-dccheng-ontology-consumer-2, groupId=dccheng-ontology-consumer] Connection to node 1 (localhost/127.0.0.1:9092) could not be established. Broker may not be available.
2026-09-14T17:02:26.943+08:00  INFO 79744 --- [ecos-gateway] [ad | producer-1] org.apache.kafka.clients.NetworkClient   : [Producer clientId=producer-1] Node 1 disconnected.
2026-09-14T17:02:26.944+08:00  WARN 79744 --- [ecos-gateway] [ad | producer-1] org.apache.kafka.clients.NetworkClient   : [Producer clientId=producer-1] Connection to node 1 (localhost/127.0.0.1:9092) could not be established. Broker may not be available.
2026-09-14T17:02:27.399+08:00  INFO 79744 --- [ecos-gateway] [ntainer#0-0-C-1] org.apache.kafka.clients.NetworkClient   : [Consumer clientId=consumer-dccheng-cognitive-group-1, groupId=dccheng-cognitive-group] Node 1 disconnected.
2026-09-14T17:02:27.401+08:00  WARN 79744 --- [ecos-gateway] [ntainer#0-0-C-1] org.apache.kafka.clients.NetworkClient   : [Consumer clientId=consumer-dccheng-cognitive-group-1, groupId=dccheng-cognitive-group] Connection to node 1 (localhost/127.0.0.1:9092) could not be established. Broker may not be available.
2026-09-14T17:02:27.787+08:00  INFO 79744 --- [ecos-gateway] [ntainer#1-0-C-1] org.apache.kafka.clients.NetworkClient   : [Consumer clientId=consumer-dccheng-ontology-consumer-2, groupId=dccheng-ontology-consumer] Node 1 disconnected.
2026-09-14T17:02:27.788+08:00  WARN 79744 --- [ecos-gateway] [ntainer#1-0-C-1] org.apache.kafka.clients.NetworkClient   : [Consumer clientId=consumer-dccheng-ontology-consumer-2, groupId=dccheng-ontology-consumer] Connection to node 1 (localhost/127.0.0.1:9092) could not be established. Broker may not be available.
2026-09-14T17:02:28.053+08:00  INFO 79744 --- [ecos-gateway] [ad | producer-1] org.apache.kafka.clients.NetworkClient   : [Producer clientId=producer-1] Node 1 disconnected.
2026-09-14T17:02:28.055+08:00  WARN 79744 --- [ecos-gateway] [ad | producer-1] org.apache.kafka.clients.NetworkClient   : [Producer clientId=producer-1] Connection to node 1 (localhost/127.0.0.1:9092) could not be established. Broker may not be available.
2026-09-14T17:02:28.504+08:00  INFO 79744 --- [ecos-gateway] [ntainer#0-0-C-1] org.apache.kafka.clients.NetworkClient   : [Consumer clientId=consumer-dccheng-cognitive-group-1, groupId=dccheng-cognitive-group] Node 1 disconnected.
2026-09-14T17:02:28.506+08:00  WARN 79744 --- [ecos-gateway] [ntainer#0-0-C-1] org.apache.kafka.clients.NetworkClient   : [Consumer clientId=consumer-dccheng-cognitive-group-1, groupId=dccheng-cognitive-group] Connection to node 1 (localhost/127.0.0.1:9092) could not be established. Broker may not be available.
2026-09-14T17:02:28.766+08:00  INFO 79744 --- [ecos-gateway] [ntainer#1-0-C-1] org.apache.kafka.clients.NetworkClient   : [Consumer clientId=consumer-dccheng-ontology-consumer-2, groupId=dccheng-ontology-consumer] Node 1 disconnected.
2026-09-14T17:02:28.768+08:00  WARN 79744 --- [ecos-gateway] [ntainer#1-0-C-1] org.apache.kafka.clients.NetworkClient   : [Consumer clientId=consumer-dccheng-ontology-consumer-2, groupId=dccheng-ontology-consumer] Connection to node 1 (localhost/127.0.0.1:9092) could not be established. Broker may not be available.
2026-09-14T17:02:29.280+08:00  INFO 79744 --- [ecos-gateway] [ad | producer-1] org.apache.kafka.clients.NetworkClient   : [Producer clientId=producer-1] Node 1 disconnected.
2026-09-14T17:02:29.282+08:00  WARN 79744 --- [ecos-gateway] [ad | producer-1] org.apache.kafka.clients.NetworkClient   : [Producer clientId=producer-1] Connection to node 1 (localhost/127.0.0.1:9092) could not be established. Broker may not be available.
2026-09-14T17:02:29.456+08:00  INFO 79744 --- [ecos-gateway] [ntainer#0-0-C-1] org.apache.kafka.clients.NetworkClient   : [Consumer clientId=consumer-dccheng-cognitive-group-1, groupId=dccheng-cognitive-group] Node 1 disconnected.
2026-09-14T17:02:29.460+08:00  WARN 79744 --- [ecos-gateway] [ntainer#0-0-C-1] org.apache.kafka.clients.NetworkClient   : [Consumer clientId=consumer-dccheng-cognitive-group-1, groupId=dccheng-cognitive-group] Connection to node 1 (localhost/127.0.0.1:9092) could not be established. Broker may not be available.
2026-09-14T17:02:29.869+08:00  INFO 79744 --- [ecos-gateway] [ntainer#1-0-C-1] org.apache.kafka.clients.NetworkClient   : [Consumer clientId=consumer-dccheng-ontology-consumer-2, groupId=dccheng-ontology-consumer] Node 1 disconnected.
2026-09-14T17:02:29.874+08:00  WARN 79744 --- [ecos-gateway] [ntainer#1-0-C-1] org.apache.kafka.clients.NetworkClient   : [Consumer clientId=consumer-dccheng-ontology-consumer-2, groupId=dccheng-ontology-consumer] Connection to node 1 (localhost/127.0.0.1:9092) could not be established. Broker may not be available.
2026-09-14T17:02:30.320+08:00  INFO 79744 --- [ecos-gateway] [ad | producer-1] org.apache.kafka.clients.NetworkClient   : [Producer clientId=producer-1] Node 1 disconnected.
2026-09-14T17:02:30.322+08:00  WARN 79744 --- [ecos-gateway] [ad | producer-1] org.apache.kafka.clients.NetworkClient   : [Producer clientId=producer-1] Connection to node 1 (localhost/127.0.0.1:9092) could not be established. Broker may not be available.
2026-09-14T17:02:30.572+08:00  INFO 79744 --- [ecos-gateway] [ntainer#0-0-C-1] org.apache.kafka.clients.NetworkClient   : [Consumer clientId=consumer-dccheng-cognitive-group-1, groupId=dccheng-cognitive-group] Node 1 disconnected.
2026-09-14T17:02:30.575+08:00  WARN 79744 --- [ecos-gateway] [ntainer#0-0-C-1] org.apache.kafka.clients.NetworkClient   : [Consumer clientId=consumer-dccheng-cognitive-group-1, groupId=dccheng-cognitive-group] Connection to node 1 (localhost/127.0.0.1:9092) could not be established. Broker may not be available.
2026-09-14T17:02:31.035+08:00  INFO 79744 --- [ecos-gateway] [ntainer#1-0-C-1] org.apache.kafka.clients.NetworkClient   : [Consumer clientId=consumer-dccheng-ontology-consumer-2, groupId=dccheng-ontology-consumer] Node 1 disconnected.
2026-09-14T17:02:31.036+08:00  WARN 79744 --- [ecos-gateway] [ntainer#1-0-C-1] org.apache.kafka.clients.NetworkClient   : [Consumer clientId=consumer-dccheng-ontology-consumer-2, groupId=dccheng-ontology-consumer] Connection to node 1 (localhost/127.0.0.1:9092) could not be established. Broker may not be available.
2026-09-14T17:02:31.422+08:00  INFO 79744 --- [ecos-gateway] [ad | producer-1] org.apache.kafka.clients.NetworkClient   : [Producer clientId=producer-1] Node 1 disconnected.
2026-09-14T17:02:31.424+08:00  WARN 79744 --- [ecos-gateway] [ad | producer-1] org.apache.kafka.clients.NetworkClient   : [Producer clientId=producer-1] Connection to node 1 (localhost/127.0.0.1:9092) could not be established. Broker may not be available.
2026-09-14T17:02:31.676+08:00  INFO 79744 --- [ecos-gateway] [ntainer#0-0-C-1] org.apache.kafka.clients.NetworkClient   : [Consumer clientId=consumer-dccheng-cognitive-group-1, groupId=dccheng-cognitive-group] Node 1 disconnected.
2026-09-14T17:02:31.696+08:00  WARN 79744 --- [ecos-gateway] [ntainer#0-0-C-1] org.apache.kafka.clients.NetworkClient   : [Consumer clientId=consumer-dccheng-cognitive-group-1, groupId=dccheng-cognitive-group] Connection to node 1 (localhost/127.0.0.1:9092) could not be established. Broker may not be available.
2026-09-14T17:02:31.886+08:00  INFO 79744 --- [ecos-gateway] [ntainer#1-0-C-1] org.apache.kafka.clients.NetworkClient   : [Consumer clientId=consumer-dccheng-ontology-consumer-2, groupId=dccheng-ontology-consumer] Node 1 disconnected.
2026-09-14T17:02:31.887+08:00  WARN 79744 --- [ecos-gateway] [ntainer#1-0-C-1] org.apache.kafka.clients.NetworkClient   : [Consumer clientId=consumer-dccheng-ontology-consumer-2, groupId=dccheng-ontology-consumer] Connection to node 1 (localhost/127.0.0.1:9092) could not be established. Broker may not be available.
2026-09-14T17:02:32.538+08:00  INFO 79744 --- [ecos-gateway] [ntainer#0-0-C-1] org.apache.kafka.clients.NetworkClient   : [Consumer clientId=consumer-dccheng-cognitive-group-1, groupId=dccheng-cognitive-group] Node 1 disconnected.
2026-09-14T17:02:32.552+08:00  WARN 79744 --- [ecos-gateway] [ntainer#0-0-C-1] org.apache.kafka.clients.NetworkClient   : [Consumer clientId=consumer-dccheng-cognitive-group-1, groupId=dccheng-cognitive-group] Connection to node 1 (localhost/127.0.0.1:9092) could not be established. Broker may not be available.
2026-09-14T17:02:32.600+08:00  INFO 79744 --- [ecos-gateway] [ad | producer-1] org.apache.kafka.clients.NetworkClient   : [Producer clientId=producer-1] Node 1 disconnected.
2026-09-14T17:02:32.602+08:00  WARN 79744 --- [ecos-gateway] [ad | producer-1] org.apache.kafka.clients.NetworkClient   : [Producer clientId=producer-1] Connection to node 1 (localhost/127.0.0.1:9092) could not be established. Broker may not be available.
2026-09-14T17:02:32.847+08:00  INFO 79744 --- [ecos-gateway] [ntainer#1-0-C-1] org.apache.kafka.clients.NetworkClient   : [Consumer clientId=consumer-dccheng-ontology-consumer-2, groupId=dccheng-ontology-consumer] Node 1 disconnected.
2026-09-14T17:02:32.850+08:00  WARN 79744 --- [ecos-gateway] [ntainer#1-0-C-1] org.apache.kafka.clients.NetworkClient   : [Consumer clientId=consumer-dccheng-ontology-consumer-2, groupId=dccheng-ontology-consumer] Connection to node 1 (localhost/127.0.0.1:9092) could not be established. Broker may not be available.
2026-09-14T17:02:33.514+08:00  INFO 79744 --- [ecos-gateway] [ad | producer-1] org.apache.kafka.clients.NetworkClient   : [Producer clientId=producer-1] Node 1 disconnected.
2026-09-14T17:02:33.516+08:00  WARN 79744 --- [ecos-gateway] [ad | producer-1] org.apache.kafka.clients.NetworkClient   : [Producer clientId=producer-1] Connection to node 1 (localhost/127.0.0.1:9092) could not be established. Broker may not be available.
2026-09-14T17:02:33.575+08:00  INFO 79744 --- [ecos-gateway] [ntainer#0-0-C-1] org.apache.kafka.clients.NetworkClient   : [Consumer clientId=consumer-dccheng-cognitive-group-1, groupId=dccheng-cognitive-group] Node 1 disconnected.
2026-09-14T17:02:33.577+08:00  WARN 79744 --- [ecos-gateway] [ntainer#0-0-C-1] org.apache.kafka.clients.NetworkClient   : [Consumer clientId=consumer-dccheng-cognitive-group-1, groupId=dccheng-cognitive-group] Connection to node 1 (localhost/127.0.0.1:9092) could not be established. Broker may not be available.
2026-09-14T17:02:33.948+08:00  INFO 79744 --- [ecos-gateway] [ntainer#1-0-C-1] org.apache.kafka.clients.NetworkClient   : [Consumer clientId=consumer-dccheng-ontology-consumer-2, groupId=dccheng-ontology-consumer] Node 1 disconnected.
2026-09-14T17:02:33.955+08:00  WARN 79744 --- [ecos-gateway] [ntainer#1-0-C-1] org.apache.kafka.clients.NetworkClient   : [Consumer clientId=consumer-dccheng-ontology-consumer-2, groupId=dccheng-ontology-consumer] Connection to node 1 (localhost/127.0.0.1:9092) could not be established. Broker may not be available.
2026-09-14T17:02:33.998+08:00  WARN 79744 --- [ecos-gateway] [MessageBroker-5] c.c.g.e.d.metadata.AutoCollectScheduler  : AutoCollectScheduler 扫描失败: null
2026-09-14T17:02:34.565+08:00  INFO 79744 --- [ecos-gateway] [ad | producer-1] org.apache.kafka.clients.NetworkClient   : [Producer clientId=producer-1] Node 1 disconnected.
2026-09-14T17:02:34.567+08:00  WARN 79744 --- [ecos-gateway] [ad | producer-1] org.apache.kafka.clients.NetworkClient   : [Producer clientId=producer-1] Connection to node 1 (localhost/127.0.0.1:9092) could not be established. Broker may not be available.
2026-09-14T17:02:34.624+08:00  INFO 79744 --- [ecos-gateway] [ntainer#0-0-C-1] org.apache.kafka.clients.NetworkClient   : [Consumer clientId=consumer-dccheng-cognitive-group-1, groupId=dccheng-cognitive-group] Node 1 disconnected.
2026-09-14T17:02:34.626+08:00  WARN 79744 --- [ecos-gateway] [ntainer#0-0-C-1] org.apache.kafka.clients.NetworkClient   : [Consumer clientId=consumer-dccheng-cognitive-group-1, groupId=dccheng-cognitive-group] Connection to node 1 (localhost/127.0.0.1:9092) could not be established. Broker may not be available.
2026-09-14T17:02:34.810+08:00  INFO 79744 --- [ecos-gateway] [ntainer#1-0-C-1] org.apache.kafka.clients.NetworkClient   : [Consumer clientId=consumer-dccheng-ontology-consumer-2, groupId=dccheng-ontology-consumer] Node 1 disconnected.
2026-09-14T17:02:34.812+08:00  WARN 79744 --- [ecos-gateway] [ntainer#1-0-C-1] org.apache.kafka.clients.NetworkClient   : [Consumer clientId=consumer-dccheng-ontology-consumer-2, groupId=dccheng-ontology-consumer] Connection to node 1 (localhost/127.0.0.1:9092) could not be established. Broker may not be available.
2026-09-14T17:02:35.413+08:00  INFO 79744 --- [ecos-gateway] [ad | producer-1] org.apache.kafka.clients.NetworkClient   : [Producer clientId=producer-1] Node 1 disconnected.
2026-09-14T17:02:35.415+08:00  WARN 79744 --- [ecos-gateway] [ad | producer-1] org.apache.kafka.clients.NetworkClient   : [Producer clientId=producer-1] Connection to node 1 (localhost/127.0.0.1:9092) could not be established. Broker may not be available.
2026-09-14T17:02:35.662+08:00  INFO 79744 --- [ecos-gateway] [ntainer#0-0-C-1] org.apache.kafka.clients.NetworkClient   : [Consumer clientId=consumer-dccheng-cognitive-group-1, groupId=dccheng-cognitive-group] Node 1 disconnected.
2026-09-14T17:02:35.665+08:00  WARN 79744 --- [ecos-gateway] [ntainer#0-0-C-1] org.apache.kafka.clients.NetworkClient   : [Consumer clientId=consumer-dccheng-cognitive-group-1, groupId=dccheng-cognitive-group] Connection to node 1 (localhost/127.0.0.1:9092) could not be established. Broker may not be available.
2026-09-14T17:02:35.784+08:00  INFO 79744 --- [ecos-gateway] [ntainer#1-0-C-1] org.apache.kafka.clients.NetworkClient   : [Consumer clientId=consumer-dccheng-ontology-consumer-2, groupId=dccheng-ontology-consumer] Node 1 disconnected.
2026-09-14T17:02:35.786+08:00  WARN 79744 --- [ecos-gateway] [ntainer#1-0-C-1] org.apache.kafka.clients.NetworkClient   : [Consumer clientId=consumer-dccheng-ontology-consumer-2, groupId=dccheng-ontology-consumer] Connection to node 1 (localhost/127.0.0.1:9092) could not be established. Broker may not be available.
2026-09-14T17:02:36.647+08:00  INFO 79744 --- [ecos-gateway] [ad | producer-1] org.apache.kafka.clients.NetworkClient   : [Producer clientId=producer-1] Node 1 disconnected.
2026-09-14T17:02:36.650+08:00  WARN 79744 --- [ecos-gateway] [ad | producer-1] org.apache.kafka.clients.NetworkClient   : [Producer clientId=producer-1] Connection to node 1 (localhost/127.0.0.1:9092) could not be established. Broker may not be available.
2026-09-14T17:02:36.661+08:00  INFO 79744 --- [ecos-gateway] [ntainer#0-0-C-1] org.apache.kafka.clients.NetworkClient   : [Consumer clientId=consumer-dccheng-cognitive-group-1, groupId=dccheng-cognitive-group] Node 1 disconnected.
2026-09-14T17:02:36.664+08:00  WARN 79744 --- [ecos-gateway] [ntainer#0-0-C-1] org.apache.kafka.clients.NetworkClient   : [Consumer clientId=consumer-dccheng-cognitive-group-1, groupId=dccheng-cognitive-group] Connection to node 1 (localhost/127.0.0.1:9092) could not be established. Broker may not be available.
2026-09-14T17:02:36.891+08:00  INFO 79744 --- [ecos-gateway] [ntainer#1-0-C-1] org.apache.kafka.clients.NetworkClient   : [Consumer clientId=consumer-dccheng-ontology-consumer-2, groupId=dccheng-ontology-consumer] Node 1 disconnected.
2026-09-14T17:02:36.892+08:00  WARN 79744 --- [ecos-gateway] [ntainer#1-0-C-1] org.apache.kafka.clients.NetworkClient   : [Consumer clientId=consumer-dccheng-ontology-consumer-2, groupId=dccheng-ontology-consumer] Connection to node 1 (localhost/127.0.0.1:9092) could not be established. Broker may not be available.
2026-09-14T17:02:37.512+08:00  INFO 79744 --- [ecos-gateway] [ad | producer-1] org.apache.kafka.clients.NetworkClient   : [Producer clientId=producer-1] Node 1 disconnected.
2026-09-14T17:02:37.513+08:00  WARN 79744 --- [ecos-gateway] [ad | producer-1] org.apache.kafka.clients.NetworkClient   : [Producer clientId=producer-1] Connection to node 1 (localhost/127.0.0.1:9092) could not be established. Broker may not be available.
2026-09-14T17:02:37.757+08:00  INFO 79744 --- [ecos-gateway] [ntainer#0-0-C-1] org.apache.kafka.clients.NetworkClient   : [Consumer clientId=consumer-dccheng-cognitive-group-1, groupId=dccheng-cognitive-group] Node 1 disconnected.
2026-09-14T17:02:37.760+08:00  WARN 79744 --- [ecos-gateway] [ntainer#0-0-C-1] org.apache.kafka.clients.NetworkClient   : [Consumer clientId=consumer-dccheng-cognitive-group-1, groupId=dccheng-cognitive-group] Connection to node 1 (localhost/127.0.0.1:9092) could not be established. Broker may not be available.
2026-09-14T17:02:38.100+08:00  INFO 79744 --- [ecos-gateway] [ntainer#1-0-C-1] org.apache.kafka.clients.NetworkClient   : [Consumer clientId=consumer-dccheng-ontology-consumer-2, groupId=dccheng-ontology-consumer] Node 1 disconnected.
2026-09-14T17:02:38.102+08:00  WARN 79744 --- [ecos-gateway] [ntainer#1-0-C-1] org.apache.kafka.clients.NetworkClient   : [Consumer clientId=consumer-dccheng-ontology-consumer-2, groupId=dccheng-ontology-consumer] Connection to node 1 (localhost/127.0.0.1:9092) could not be established. Broker may not be available.
2026-09-14T17:02:38.488+08:00  INFO 79744 --- [ecos-gateway] [ad | producer-1] org.apache.kafka.clients.NetworkClient   : [Producer clientId=producer-1] Node 1 disconnected.
2026-09-14T17:02:38.500+08:00  WARN 79744 --- [ecos-gateway] [ad | producer-1] org.apache.kafka.clients.NetworkClient   : [Producer clientId=producer-1] Connection to node 1 (localhost/127.0.0.1:9092) could not be established. Broker may not be available.
2026-09-14T17:02:38.573+08:00  WARN 79744 --- [ecos-gateway] [MessageBroker-4] c.c.g.engine.kb.service.KGWriterService  : Neo4j operation failed (attempt 1/3), retrying in 1000ms...
2026-09-14T17:02:38.740+08:00  INFO 79744 --- [ecos-gateway] [ntainer#0-0-C-1] org.apache.kafka.clients.NetworkClient   : [Consumer clientId=consumer-dccheng-cognitive-group-1, groupId=dccheng-cognitive-group] Node 1 disconnected.
2026-09-14T17:02:38.741+08:00  WARN 79744 --- [ecos-gateway] [ntainer#0-0-C-1] org.apache.kafka.clients.NetworkClient   : [Consumer clientId=consumer-dccheng-cognitive-group-1, groupId=dccheng-cognitive-group] Connection to node 1 (localhost/127.0.0.1:9092) could not be established. Broker may not be available.
2026-09-14T17:02:39.209+08:00  INFO 79744 --- [ecos-gateway] [ntainer#1-0-C-1] org.apache.kafka.clients.NetworkClient   : [Consumer clientId=consumer-dccheng-ontology-consumer-2, groupId=dccheng-ontology-consumer] Node 1 disconnected.
2026-09-14T17:02:39.210+08:00  WARN 79744 --- [ecos-gateway] [ntainer#1-0-C-1] org.apache.kafka.clients.NetworkClient   : [Consumer clientId=consumer-dccheng-ontology-consumer-2, groupId=dccheng-ontology-consumer] Connection to node 1 (localhost/127.0.0.1:9092) could not be established. Broker may not be available.
2026-09-14T17:02:39.349+08:00  INFO 79744 --- [ecos-gateway] [ad | producer-1] org.apache.kafka.clients.NetworkClient   : [Producer clientId=producer-1] Node 1 disconnected.
2026-09-14T17:02:39.351+08:00  WARN 79744 --- [ecos-gateway] [ad | producer-1] org.apache.kafka.clients.NetworkClient   : [Producer clientId=producer-1] Connection to node 1 (localhost/127.0.0.1:9092) could not be established. Broker may not be available.
2026-09-14T17:02:39.586+08:00  WARN 79744 --- [ecos-gateway] [MessageBroker-4] c.c.g.engine.kb.service.KGWriterService  : Neo4j operation failed (attempt 2/3), retrying in 1000ms...
2026-09-14T17:02:39.723+08:00  INFO 79744 --- [ecos-gateway] [ntainer#0-0-C-1] org.apache.kafka.clients.NetworkClient   : [Consumer clientId=consumer-dccheng-cognitive-group-1, groupId=dccheng-cognitive-group] Node 1 disconnected.
2026-09-14T17:02:39.726+08:00  WARN 79744 --- [ecos-gateway] [ntainer#0-0-C-1] org.apache.kafka.clients.NetworkClient   : [Consumer clientId=consumer-dccheng-cognitive-group-1, groupId=dccheng-cognitive-group] Connection to node 1 (localhost/127.0.0.1:9092) could not be established. Broker may not be available.
2026-09-14T17:02:40.063+08:00  INFO 79744 --- [ecos-gateway] [ntainer#1-0-C-1] org.apache.kafka.clients.NetworkClient   : [Consumer clientId=consumer-dccheng-ontology-consumer-2, groupId=dccheng-ontology-consumer] Node 1 disconnected.
2026-09-14T17:02:40.064+08:00  WARN 79744 --- [ecos-gateway] [ntainer#1-0-C-1] org.apache.kafka.clients.NetworkClient   : [Consumer clientId=consumer-dccheng-ontology-consumer-2, groupId=dccheng-ontology-consumer] Connection to node 1 (localhost/127.0.0.1:9092) could not be established. Broker may not be available.
2026-09-14T17:02:40.454+08:00  INFO 79744 --- [ecos-gateway] [ad | producer-1] org.apache.kafka.clients.NetworkClient   : [Producer clientId=producer-1] Node 1 disconnected.
2026-09-14T17:02:40.464+08:00  WARN 79744 --- [ecos-gateway] [ad | producer-1] org.apache.kafka.clients.NetworkClient   : [Producer clientId=producer-1] Connection to node 1 (localhost/127.0.0.1:9092) could not be established. Broker may not be available.
2026-09-14T17:02:40.596+08:00  WARN 79744 --- [ecos-gateway] [MessageBroker-4] c.c.g.engine.kb.service.KGWriterService  : ??  Neo4j health check failed: Neo4j operation failed after 3 attempts
2026-09-14T17:02:40.825+08:00  INFO 79744 --- [ecos-gateway] [ntainer#0-0-C-1] org.apache.kafka.clients.NetworkClient   : [Consumer clientId=consumer-dccheng-cognitive-group-1, groupId=dccheng-cognitive-group] Node 1 disconnected.
2026-09-14T17:02:40.826+08:00  WARN 79744 --- [ecos-gateway] [ntainer#0-0-C-1] org.apache.kafka.clients.NetworkClient   : [Consumer clientId=consumer-dccheng-cognitive-group-1, groupId=dccheng-cognitive-group] Connection to node 1 (localhost/127.0.0.1:9092) could not be established. Broker may not be available.
2026-09-14T17:02:41.106+08:00  INFO 79744 --- [ecos-gateway] [ntainer#1-0-C-1] org.apache.kafka.clients.NetworkClient   : [Consumer clientId=consumer-dccheng-ontology-consumer-2, groupId=dccheng-ontology-consumer] Node 1 disconnected.
2026-09-14T17:02:41.118+08:00  WARN 79744 --- [ecos-gateway] [ntainer#1-0-C-1] org.apache.kafka.clients.NetworkClient   : [Consumer clientId=consumer-dccheng-ontology-consumer-2, groupId=dccheng-ontology-consumer] Connection to node 1 (localhost/127.0.0.1:9092) could not be established. Broker may not be available.
2026-09-14T17:02:41.557+08:00  INFO 79744 --- [ecos-gateway] [ad | producer-1] org.apache.kafka.clients.NetworkClient   : [Producer clientId=producer-1] Node 1 disconnected.
2026-09-14T17:02:41.558+08:00  WARN 79744 --- [ecos-gateway] [ad | producer-1] org.apache.kafka.clients.NetworkClient   : [Producer clientId=producer-1] Connection to node 1 (localhost/127.0.0.1:9092) could not be established. Broker may not be available.
2026-09-14T17:02:42.041+08:00  INFO 79744 --- [ecos-gateway] [ntainer#0-0-C-1] org.apache.kafka.clients.NetworkClient   : [Consumer clientId=consumer-dccheng-cognitive-group-1, groupId=dccheng-cognitive-group] Node 1 disconnected.
2026-09-14T17:02:42.053+08:00  WARN 79744 --- [ecos-gateway] [ntainer#0-0-C-1] org.apache.kafka.clients.NetworkClient   : [Consumer clientId=consumer-dccheng-cognitive-group-1, groupId=dccheng-cognitive-group] Connection to node 1 (localhost/127.0.0.1:9092) could not be established. Broker may not be available.
2026-09-14T17:02:42.308+08:00  INFO 79744 --- [ecos-gateway] [ntainer#1-0-C-1] org.apache.kafka.clients.NetworkClient   : [Consumer clientId=consumer-dccheng-ontology-consumer-2, groupId=dccheng-ontology-consumer] Node 1 disconnected.
2026-09-14T17:02:42.309+08:00  WARN 79744 --- [ecos-gateway] [ntainer#1-0-C-1] org.apache.kafka.clients.NetworkClient   : [Consumer clientId=consumer-dccheng-ontology-consumer-2, groupId=dccheng-ontology-consumer] Connection to node 1 (localhost/127.0.0.1:9092) could not be established. Broker may not be available.
2026-09-14T17:02:42.419+08:00  INFO 79744 --- [ecos-gateway] [ad | producer-1] org.apache.kafka.clients.NetworkClient   : [Producer clientId=producer-1] Node 1 disconnected.
2026-09-14T17:02:42.420+08:00  WARN 79744 --- [ecos-gateway] [ad | producer-1] org.apache.kafka.clients.NetworkClient   : [Producer clientId=producer-1] Connection to node 1 (localhost/127.0.0.1:9092) could not be established. Broker may not be available.
2026-09-14T17:02:42.913+08:00  INFO 79744 --- [ecos-gateway] [pool-2-thread-4] .c.g.r.c.t.s.i.TaskManagementServiceImpl : 任务已提交: taskId=f169e154-354f-4941-b5e2-99ea59353c6f, taskName=usage-aggregation
2026-09-14T17:02:42.914+08:00  INFO 79744 --- [ecos-gateway] [pool-2-thread-4] .c.g.r.c.t.s.i.TaskManagementServiceImpl : 任务已解析: taskId=f169e154-354f-4941-b5e2-99ea59353c6f
2026-09-14T17:02:42.914+08:00 DEBUG 79744 --- [ecos-gateway] [pool-2-thread-4] c.c.g.r.c.t.c.AgentCronTaskExecutor      : AgentCronTaskExecutor.onStatusUpdate: taskId=f169e154-354f-4941-b5e2-99ea59353c6f, status=RUNNING
2026-09-14T17:02:42.915+08:00 DEBUG 79744 --- [ecos-gateway] [pool-2-thread-4] c.c.g.g.jdbc.TenantAwareJdbcTemplate     : Executing prepared SQL update
2026-09-14T17:02:42.916+08:00 DEBUG 79744 --- [ecos-gateway] [pool-2-thread-4] c.c.g.g.jdbc.TenantAwareJdbcTemplate     : Executing prepared SQL statement [INSERT INTO ecos_tenant_usage (tenant_id, usage_date, quota_type, used_count, updated_at) SELECT 'unknown' AS tenant_id, ?::date, 'API_CALLS', COUNT(*) AS used_count, NOW() FROM ecos_spans s WHERE s.created_at::date = ?::date ON CONFLICT (tenant_id, usage_date, quota_type) DO UPDATE SET used_count = EXCLUDED.used_count, updated_at = NOW()]
2026-09-14T17:02:43.147+08:00  INFO 79744 --- [ecos-gateway] [ntainer#0-0-C-1] org.apache.kafka.clients.NetworkClient   : [Consumer clientId=consumer-dccheng-cognitive-group-1, groupId=dccheng-cognitive-group] Node 1 disconnected.
2026-09-14T17:02:43.148+08:00  WARN 79744 --- [ecos-gateway] [ntainer#0-0-C-1] org.apache.kafka.clients.NetworkClient   : [Consumer clientId=consumer-dccheng-cognitive-group-1, groupId=dccheng-cognitive-group] Connection to node 1 (localhost/127.0.0.1:9092) could not be established. Broker may not be available.
2026-09-14T17:02:43.287+08:00  INFO 79744 --- [ecos-gateway] [ntainer#1-0-C-1] org.apache.kafka.clients.NetworkClient   : [Consumer clientId=consumer-dccheng-ontology-consumer-2, groupId=dccheng-ontology-consumer] Node 1 disconnected.
2026-09-14T17:02:43.289+08:00  WARN 79744 --- [ecos-gateway] [ntainer#1-0-C-1] org.apache.kafka.clients.NetworkClient   : [Consumer clientId=consumer-dccheng-ontology-consumer-2, groupId=dccheng-ontology-consumer] Connection to node 1 (localhost/127.0.0.1:9092) could not be established. Broker may not be available.
2026-09-14T17:02:43.400+08:00  INFO 79744 --- [ecos-gateway] [ad | producer-1] org.apache.kafka.clients.NetworkClient   : [Producer clientId=producer-1] Node 1 disconnected.
2026-09-14T17:02:43.403+08:00  WARN 79744 --- [ecos-gateway] [ad | producer-1] org.apache.kafka.clients.NetworkClient   : [Producer clientId=producer-1] Connection to node 1 (localhost/127.0.0.1:9092) could not be established. Broker may not be available.
2026-09-14T17:02:44.123+08:00  INFO 79744 --- [ecos-gateway] [ntainer#0-0-C-1] org.apache.kafka.clients.NetworkClient   : [Consumer clientId=consumer-dccheng-cognitive-group-1, groupId=dccheng-cognitive-group] Node 1 disconnected.
2026-09-14T17:02:44.130+08:00  WARN 79744 --- [ecos-gateway] [ntainer#0-0-C-1] org.apache.kafka.clients.NetworkClient   : [Consumer clientId=consumer-dccheng-cognitive-group-1, groupId=dccheng-cognitive-group] Connection to node 1 (localhost/127.0.0.1:9092) could not be established. Broker may not be available.
2026-09-14T17:02:44.343+08:00  INFO 79744 --- [ecos-gateway] [ad | producer-1] org.apache.kafka.clients.NetworkClient   : [Producer clientId=producer-1] Node 1 disconnected.
2026-09-14T17:02:44.346+08:00  WARN 79744 --- [ecos-gateway] [ad | producer-1] org.apache.kafka.clients.NetworkClient   : [Producer clientId=producer-1] Connection to node 1 (localhost/127.0.0.1:9092) could not be established. Broker may not be available.
2026-09-14T17:02:44.510+08:00  INFO 79744 --- [ecos-gateway] [ntainer#1-0-C-1] org.apache.kafka.clients.NetworkClient   : [Consumer clientId=consumer-dccheng-ontology-consumer-2, groupId=dccheng-ontology-consumer] Node 1 disconnected.
2026-09-14T17:02:44.545+08:00  WARN 79744 --- [ecos-gateway] [ntainer#1-0-C-1] org.apache.kafka.clients.NetworkClient   : [Consumer clientId=consumer-dccheng-ontology-consumer-2, groupId=dccheng-ontology-consumer] Connection to node 1 (localhost/127.0.0.1:9092) could not be established. Broker may not be available.
2026-09-14T17:02:45.007+08:00  INFO 79744 --- [ecos-gateway] [ntainer#0-0-C-1] org.apache.kafka.clients.NetworkClient   : [Consumer clientId=consumer-dccheng-cognitive-group-1, groupId=dccheng-cognitive-group] Node 1 disconnected.
2026-09-14T17:02:45.020+08:00  WARN 79744 --- [ecos-gateway] [ntainer#0-0-C-1] org.apache.kafka.clients.NetworkClient   : [Consumer clientId=consumer-dccheng-cognitive-group-1, groupId=dccheng-cognitive-group] Connection to node 1 (localhost/127.0.0.1:9092) could not be established. Broker may not be available.
2026-09-14T17:02:45.553+08:00  INFO 79744 --- [ecos-gateway] [ntainer#1-0-C-1] org.apache.kafka.clients.NetworkClient   : [Consumer clientId=consumer-dccheng-ontology-consumer-2, groupId=dccheng-ontology-consumer] Node 1 disconnected.
2026-09-14T17:02:45.555+08:00  WARN 79744 --- [ecos-gateway] [ntainer#1-0-C-1] org.apache.kafka.clients.NetworkClient   : [Consumer clientId=consumer-dccheng-ontology-consumer-2, groupId=dccheng-ontology-consumer] Connection to node 1 (localhost/127.0.0.1:9092) could not be established. Broker may not be available.
2026-09-14T17:02:45.583+08:00  INFO 79744 --- [ecos-gateway] [ad | producer-1] org.apache.kafka.clients.NetworkClient   : [Producer clientId=producer-1] Node 1 disconnected.
2026-09-14T17:02:45.585+08:00  WARN 79744 --- [ecos-gateway] [ad | producer-1] org.apache.kafka.clients.NetworkClient   : [Producer clientId=producer-1] Connection to node 1 (localhost/127.0.0.1:9092) could not be established. Broker may not be available.
2026-09-14T17:02:45.984+08:00  INFO 79744 --- [ecos-gateway] [ntainer#0-0-C-1] org.apache.kafka.clients.NetworkClient   : [Consumer clientId=consumer-dccheng-cognitive-group-1, groupId=dccheng-cognitive-group] Node 1 disconnected.
2026-09-14T17:02:45.985+08:00  WARN 79744 --- [ecos-gateway] [ntainer#0-0-C-1] org.apache.kafka.clients.NetworkClient   : [Consumer clientId=consumer-dccheng-cognitive-group-1, groupId=dccheng-cognitive-group] Connection to node 1 (localhost/127.0.0.1:9092) could not be established. Broker may not be available.
2026-09-14T17:02:46.588+08:00  INFO 79744 --- [ecos-gateway] [ntainer#1-0-C-1] org.apache.kafka.clients.NetworkClient   : [Consumer clientId=consumer-dccheng-ontology-consumer-2, groupId=dccheng-ontology-consumer] Node 1 disconnected.
2026-09-14T17:02:46.589+08:00  WARN 79744 --- [ecos-gateway] [ntainer#1-0-C-1] org.apache.kafka.clients.NetworkClient   : [Consumer clientId=consumer-dccheng-ontology-consumer-2, groupId=dccheng-ontology-consumer] Connection to node 1 (localhost/127.0.0.1:9092) could not be established. Broker may not be available.
2026-09-14T17:02:46.681+08:00  INFO 79744 --- [ecos-gateway] [ad | producer-1] org.apache.kafka.clients.NetworkClient   : [Producer clientId=producer-1] Node 1 disconnected.
2026-09-14T17:02:46.683+08:00  WARN 79744 --- [ecos-gateway] [ad | producer-1] org.apache.kafka.clients.NetworkClient   : [Producer clientId=producer-1] Connection to node 1 (localhost/127.0.0.1:9092) could not be established. Broker may not be available.
2026-09-14T17:02:47.055+08:00  INFO 79744 --- [ecos-gateway] [ntainer#0-0-C-1] org.apache.kafka.clients.NetworkClient   : [Consumer clientId=consumer-dccheng-cognitive-group-1, groupId=dccheng-cognitive-group] Node 1 disconnected.
2026-09-14T17:02:47.057+08:00  WARN 79744 --- [ecos-gateway] [ntainer#0-0-C-1] org.apache.kafka.clients.NetworkClient   : [Consumer clientId=consumer-dccheng-cognitive-group-1, groupId=dccheng-cognitive-group] Connection to node 1 (localhost/127.0.0.1:9092) could not be established. Broker may not be available.
2026-09-14T17:02:47.548+08:00  INFO 79744 --- [ecos-gateway] [ad | producer-1] org.apache.kafka.clients.NetworkClient   : [Producer clientId=producer-1] Node 1 disconnected.
2026-09-14T17:02:47.550+08:00  WARN 79744 --- [ecos-gateway] [ad | producer-1] org.apache.kafka.clients.NetworkClient   : [Producer clientId=producer-1] Connection to node 1 (localhost/127.0.0.1:9092) could not be established. Broker may not be available.
2026-09-14T17:02:47.688+08:00  INFO 79744 --- [ecos-gateway] [ntainer#1-0-C-1] org.apache.kafka.clients.NetworkClient   : [Consumer clientId=consumer-dccheng-ontology-consumer-2, groupId=dccheng-ontology-consumer] Node 1 disconnected.
2026-09-14T17:02:47.690+08:00  WARN 79744 --- [ecos-gateway] [ntainer#1-0-C-1] org.apache.kafka.clients.NetworkClient   : [Consumer clientId=consumer-dccheng-ontology-consumer-2, groupId=dccheng-ontology-consumer] Connection to node 1 (localhost/127.0.0.1:9092) could not be established. Broker may not be available.
2026-09-14T17:02:48.218+08:00  INFO 79744 --- [ecos-gateway] [ntainer#0-0-C-1] org.apache.kafka.clients.NetworkClient   : [Consumer clientId=consumer-dccheng-cognitive-group-1, groupId=dccheng-cognitive-group] Node 1 disconnected.
2026-09-14T17:02:48.220+08:00  WARN 79744 --- [ecos-gateway] [ntainer#0-0-C-1] org.apache.kafka.clients.NetworkClient   : [Consumer clientId=consumer-dccheng-cognitive-group-1, groupId=dccheng-cognitive-group] Connection to node 1 (localhost/127.0.0.1:9092) could not be established. Broker may not be available.
2026-09-14T17:02:48.531+08:00  INFO 79744 --- [ecos-gateway] [ad | producer-1] org.apache.kafka.clients.NetworkClient   : [Producer clientId=producer-1] Node 1 disconnected.
2026-09-14T17:02:48.532+08:00  WARN 79744 --- [ecos-gateway] [ad | producer-1] org.apache.kafka.clients.NetworkClient   : [Producer clientId=producer-1] Connection to node 1 (localhost/127.0.0.1:9092) could not be established. Broker may not be available.
2026-09-14T17:02:48.665+08:00  INFO 79744 --- [ecos-gateway] [ntainer#1-0-C-1] org.apache.kafka.clients.NetworkClient   : [Consumer clientId=consumer-dccheng-ontology-consumer-2, groupId=dccheng-ontology-consumer] Node 1 disconnected.
2026-09-14T17:02:48.666+08:00  WARN 79744 --- [ecos-gateway] [ntainer#1-0-C-1] org.apache.kafka.clients.NetworkClient   : [Consumer clientId=consumer-dccheng-ontology-consumer-2, groupId=dccheng-ontology-consumer] Connection to node 1 (localhost/127.0.0.1:9092) could not be established. Broker may not be available.
2026-09-14T17:02:49.257+08:00  INFO 79744 --- [ecos-gateway] [ntainer#0-0-C-1] org.apache.kafka.clients.NetworkClient   : [Consumer clientId=consumer-dccheng-cognitive-group-1, groupId=dccheng-cognitive-group] Node 1 disconnected.
2026-09-14T17:02:49.259+08:00  WARN 79744 --- [ecos-gateway] [ntainer#0-0-C-1] org.apache.kafka.clients.NetworkClient   : [Consumer clientId=consumer-dccheng-cognitive-group-1, groupId=dccheng-cognitive-group] Connection to node 1 (localhost/127.0.0.1:9092) could not be established. Broker may not be available.
2026-09-14T17:02:49.459+08:00  INFO 79744 --- [ecos-gateway] [ad | producer-1] org.apache.kafka.clients.NetworkClient   : [Producer clientId=producer-1] Node 1 disconnected.
2026-09-14T17:02:49.460+08:00  WARN 79744 --- [ecos-gateway] [ad | producer-1] org.apache.kafka.clients.NetworkClient   : [Producer clientId=producer-1] Connection to node 1 (localhost/127.0.0.1:9092) could not be established. Broker may not be available.
2026-09-14T17:02:49.707+08:00  INFO 79744 --- [ecos-gateway] [ntainer#1-0-C-1] org.apache.kafka.clients.NetworkClient   : [Consumer clientId=consumer-dccheng-ontology-consumer-2, groupId=dccheng-ontology-consumer] Node 1 disconnected.
2026-09-14T17:02:49.708+08:00  WARN 79744 --- [ecos-gateway] [ntainer#1-0-C-1] org.apache.kafka.clients.NetworkClient   : [Consumer clientId=consumer-dccheng-ontology-consumer-2, groupId=dccheng-ontology-consumer] Connection to node 1 (localhost/127.0.0.1:9092) could not be established. Broker may not be available.
2026-09-14T17:02:50.111+08:00  INFO 79744 --- [ecos-gateway] [ntainer#0-0-C-1] org.apache.kafka.clients.NetworkClient   : [Consumer clientId=consumer-dccheng-cognitive-group-1, groupId=dccheng-cognitive-group] Node 1 disconnected.
2026-09-14T17:02:50.114+08:00  WARN 79744 --- [ecos-gateway] [ntainer#0-0-C-1] org.apache.kafka.clients.NetworkClient   : [Consumer clientId=consumer-dccheng-cognitive-group-1, groupId=dccheng-cognitive-group] Connection to node 1 (localhost/127.0.0.1:9092) could not be established. Broker may not be available.
2026-09-14T17:02:50.565+08:00  INFO 79744 --- [ecos-gateway] [ad | producer-1] org.apache.kafka.clients.NetworkClient   : [Producer clientId=producer-1] Node 1 disconnected.
2026-09-14T17:02:50.565+08:00  INFO 79744 --- [ecos-gateway] [ntainer#1-0-C-1] org.apache.kafka.clients.NetworkClient   : [Consumer clientId=consumer-dccheng-ontology-consumer-2, groupId=dccheng-ontology-consumer] Node 1 disconnected.
2026-09-14T17:02:50.568+08:00  WARN 79744 --- [ecos-gateway] [ad | producer-1] org.apache.kafka.clients.NetworkClient   : [Producer clientId=producer-1] Connection to node 1 (localhost/127.0.0.1:9092) could not be established. Broker may not be available.
2026-09-14T17:02:50.569+08:00  WARN 79744 --- [ecos-gateway] [ntainer#1-0-C-1] org.apache.kafka.clients.NetworkClient   : [Consumer clientId=consumer-dccheng-ontology-consumer-2, groupId=dccheng-ontology-consumer] Connection to node 1 (localhost/127.0.0.1:9092) could not be established. Broker may not be available.
2026-09-14T17:02:51.319+08:00  INFO 79744 --- [ecos-gateway] [ntainer#0-0-C-1] org.apache.kafka.clients.NetworkClient   : [Consumer clientId=consumer-dccheng-cognitive-group-1, groupId=dccheng-cognitive-group] Node 1 disconnected.
2026-09-14T17:02:51.320+08:00  WARN 79744 --- [ecos-gateway] [ntainer#0-0-C-1] org.apache.kafka.clients.NetworkClient   : [Consumer clientId=consumer-dccheng-cognitive-group-1, groupId=dccheng-cognitive-group] Connection to node 1 (localhost/127.0.0.1:9092) could not be established. Broker may not be available.
2026-09-14T17:02:51.475+08:00  INFO 79744 --- [ecos-gateway] [ad | producer-1] org.apache.kafka.clients.NetworkClient   : [Producer clientId=producer-1] Node 1 disconnected.
2026-09-14T17:02:51.476+08:00  WARN 79744 --- [ecos-gateway] [ad | producer-1] org.apache.kafka.clients.NetworkClient   : [Producer clientId=producer-1] Connection to node 1 (localhost/127.0.0.1:9092) could not be established. Broker may not be available.
2026-09-14T17:02:51.616+08:00  INFO 79744 --- [ecos-gateway] [ntainer#1-0-C-1] org.apache.kafka.clients.NetworkClient   : [Consumer clientId=consumer-dccheng-ontology-consumer-2, groupId=dccheng-ontology-consumer] Node 1 disconnected.
2026-09-14T17:02:51.618+08:00  WARN 79744 --- [ecos-gateway] [ntainer#1-0-C-1] org.apache.kafka.clients.NetworkClient   : [Consumer clientId=consumer-dccheng-ontology-consumer-2, groupId=dccheng-ontology-consumer] Connection to node 1 (localhost/127.0.0.1:9092) could not be established. Broker may not be available.
2026-09-14T17:02:52.300+08:00  INFO 79744 --- [ecos-gateway] [ntainer#0-0-C-1] org.apache.kafka.clients.NetworkClient   : [Consumer clientId=consumer-dccheng-cognitive-group-1, groupId=dccheng-cognitive-group] Node 1 disconnected.
2026-09-14T17:02:52.302+08:00  WARN 79744 --- [ecos-gateway] [ntainer#0-0-C-1] org.apache.kafka.clients.NetworkClient   : [Consumer clientId=consumer-dccheng-cognitive-group-1, groupId=dccheng-cognitive-group] Connection to node 1 (localhost/127.0.0.1:9092) could not be established. Broker may not be available.
2026-09-14T17:02:52.334+08:00  INFO 79744 --- [ecos-gateway] [ad | producer-1] org.apache.kafka.clients.NetworkClient   : [Producer clientId=producer-1] Node 1 disconnected.
2026-09-14T17:02:52.337+08:00  WARN 79744 --- [ecos-gateway] [ad | producer-1] org.apache.kafka.clients.NetworkClient   : [Producer clientId=producer-1] Connection to node 1 (localhost/127.0.0.1:9092) could not be established. Broker may not be available.
2026-09-14T17:02:52.457+08:00  INFO 79744 --- [ecos-gateway] [ntainer#1-0-C-1] org.apache.kafka.clients.NetworkClient   : [Consumer clientId=consumer-dccheng-ontology-consumer-2, groupId=dccheng-ontology-consumer] Node 1 disconnected.
2026-09-14T17:02:52.459+08:00  WARN 79744 --- [ecos-gateway] [ntainer#1-0-C-1] org.apache.kafka.clients.NetworkClient   : [Consumer clientId=consumer-dccheng-ontology-consumer-2, groupId=dccheng-ontology-consumer] Connection to node 1 (localhost/127.0.0.1:9092) could not be established. Broker may not be available.
2026-09-14T17:02:53.319+08:00  INFO 79744 --- [ecos-gateway] [ntainer#1-0-C-1] org.apache.kafka.clients.NetworkClient   : [Consumer clientId=consumer-dccheng-ontology-consumer-2, groupId=dccheng-ontology-consumer] Node 1 disconnected.
2026-09-14T17:02:53.325+08:00  WARN 79744 --- [ecos-gateway] [ntainer#1-0-C-1] org.apache.kafka.clients.NetworkClient   : [Consumer clientId=consumer-dccheng-ontology-consumer-2, groupId=dccheng-ontology-consumer] Connection to node 1 (localhost/127.0.0.1:9092) could not be established. Broker may not be available.
2026-09-14T17:02:53.421+08:00  INFO 79744 --- [ecos-gateway] [ntainer#0-0-C-1] org.apache.kafka.clients.NetworkClient   : [Consumer clientId=consumer-dccheng-cognitive-group-1, groupId=dccheng-cognitive-group] Node 1 disconnected.
2026-09-14T17:02:53.424+08:00  WARN 79744 --- [ecos-gateway] [ntainer#0-0-C-1] org.apache.kafka.clients.NetworkClient   : [Consumer clientId=consumer-dccheng-cognitive-group-1, groupId=dccheng-cognitive-group] Connection to node 1 (localhost/127.0.0.1:9092) could not be established. Broker may not be available.
2026-09-14T17:02:53.493+08:00  INFO 79744 --- [ecos-gateway] [ad | producer-1] org.apache.kafka.clients.NetworkClient   : [Producer clientId=producer-1] Node 1 disconnected.
2026-09-14T17:02:53.494+08:00  WARN 79744 --- [ecos-gateway] [ad | producer-1] org.apache.kafka.clients.NetworkClient   : [Producer clientId=producer-1] Connection to node 1 (localhost/127.0.0.1:9092) could not be established. Broker may not be available.
2026-09-14T17:02:54.297+08:00  INFO 79744 --- [ecos-gateway] [ntainer#1-0-C-1] org.apache.kafka.clients.NetworkClient   : [Consumer clientId=consumer-dccheng-ontology-consumer-2, groupId=dccheng-ontology-consumer] Node 1 disconnected.
2026-09-14T17:02:54.299+08:00  WARN 79744 --- [ecos-gateway] [ntainer#1-0-C-1] org.apache.kafka.clients.NetworkClient   : [Consumer clientId=consumer-dccheng-ontology-consumer-2, groupId=dccheng-ontology-consumer] Connection to node 1 (localhost/127.0.0.1:9092) could not be established. Broker may not be available.
2026-09-14T17:02:54.346+08:00  INFO 79744 --- [ecos-gateway] [ad | producer-1] org.apache.kafka.clients.NetworkClient   : [Producer clientId=producer-1] Node 1 disconnected.
2026-09-14T17:02:54.346+08:00  INFO 79744 --- [ecos-gateway] [ntainer#0-0-C-1] org.apache.kafka.clients.NetworkClient   : [Consumer clientId=consumer-dccheng-cognitive-group-1, groupId=dccheng-cognitive-group] Node 1 disconnected.
2026-09-14T17:02:54.350+08:00  WARN 79744 --- [ecos-gateway] [ad | producer-1] org.apache.kafka.clients.NetworkClient   : [Producer clientId=producer-1] Connection to node 1 (localhost/127.0.0.1:9092) could not be established. Broker may not be available.
2026-09-14T17:02:54.352+08:00  WARN 79744 --- [ecos-gateway] [ntainer#0-0-C-1] org.apache.kafka.clients.NetworkClient   : [Consumer clientId=consumer-dccheng-cognitive-group-1, groupId=dccheng-cognitive-group] Connection to node 1 (localhost/127.0.0.1:9092) could not be established. Broker may not be available.
2026-09-14T17:02:55.211+08:00  INFO 79744 --- [ecos-gateway] [ntainer#0-0-C-1] org.apache.kafka.clients.NetworkClient   : [Consumer clientId=consumer-dccheng-cognitive-group-1, groupId=dccheng-cognitive-group] Node 1 disconnected.
2026-09-14T17:02:55.211+08:00  INFO 79744 --- [ecos-gateway] [ad | producer-1] org.apache.kafka.clients.NetworkClient   : [Producer clientId=producer-1] Node 1 disconnected.
2026-09-14T17:02:55.213+08:00  WARN 79744 --- [ecos-gateway] [ntainer#0-0-C-1] org.apache.kafka.clients.NetworkClient   : [Consumer clientId=consumer-dccheng-cognitive-group-1, groupId=dccheng-cognitive-group] Connection to node 1 (localhost/127.0.0.1:9092) could not be established. Broker may not be available.
2026-09-14T17:02:55.214+08:00  WARN 79744 --- [ecos-gateway] [ad | producer-1] org.apache.kafka.clients.NetworkClient   : [Producer clientId=producer-1] Connection to node 1 (localhost/127.0.0.1:9092) could not be established. Broker may not be available.
2026-09-14T17:02:55.461+08:00  INFO 79744 --- [ecos-gateway] [ntainer#1-0-C-1] org.apache.kafka.clients.NetworkClient   : [Consumer clientId=consumer-dccheng-ontology-consumer-2, groupId=dccheng-ontology-consumer] Node 1 disconnected.
2026-09-14T17:02:55.464+08:00  WARN 79744 --- [ecos-gateway] [ntainer#1-0-C-1] org.apache.kafka.clients.NetworkClient   : [Consumer clientId=consumer-dccheng-ontology-consumer-2, groupId=dccheng-ontology-consumer] Connection to node 1 (localhost/127.0.0.1:9092) could not be established. Broker may not be available.
2026-09-14T17:02:56.069+08:00  INFO 79744 --- [ecos-gateway] [ad | producer-1] org.apache.kafka.clients.NetworkClient   : [Producer clientId=producer-1] Node 1 disconnected.
2026-09-14T17:02:56.070+08:00  WARN 79744 --- [ecos-gateway] [ad | producer-1] org.apache.kafka.clients.NetworkClient   : [Producer clientId=producer-1] Connection to node 1 (localhost/127.0.0.1:9092) could not be established. Broker may not be available.
2026-09-14T17:02:56.394+08:00  INFO 79744 --- [ecos-gateway] [ntainer#0-0-C-1] org.apache.kafka.clients.NetworkClient   : [Consumer clientId=consumer-dccheng-cognitive-group-1, groupId=dccheng-cognitive-group] Node 1 disconnected.
2026-09-14T17:02:56.397+08:00  WARN 79744 --- [ecos-gateway] [ntainer#0-0-C-1] org.apache.kafka.clients.NetworkClient   : [Consumer clientId=consumer-dccheng-cognitive-group-1, groupId=dccheng-cognitive-group] Connection to node 1 (localhost/127.0.0.1:9092) could not be established. Broker may not be available.
2026-09-14T17:02:56.628+08:00  INFO 79744 --- [ecos-gateway] [ntainer#1-0-C-1] org.apache.kafka.clients.NetworkClient   : [Consumer clientId=consumer-dccheng-ontology-consumer-2, groupId=dccheng-ontology-consumer] Node 1 disconnected.
2026-09-14T17:02:56.630+08:00  WARN 79744 --- [ecos-gateway] [ntainer#1-0-C-1] org.apache.kafka.clients.NetworkClient   : [Consumer clientId=consumer-dccheng-ontology-consumer-2, groupId=dccheng-ontology-consumer] Connection to node 1 (localhost/127.0.0.1:9092) could not be established. Broker may not be available.
2026-09-14T17:02:57.046+08:00  INFO 79744 --- [ecos-gateway] [ad | producer-1] org.apache.kafka.clients.NetworkClient   : [Producer clientId=producer-1] Node 1 disconnected.
2026-09-14T17:02:57.048+08:00  WARN 79744 --- [ecos-gateway] [ad | producer-1] org.apache.kafka.clients.NetworkClient   : [Producer clientId=producer-1] Connection to node 1 (localhost/127.0.0.1:9092) could not be established. Broker may not be available.
2026-09-14T17:02:57.561+08:00  INFO 79744 --- [ecos-gateway] [ntainer#0-0-C-1] org.apache.kafka.clients.NetworkClient   : [Consumer clientId=consumer-dccheng-cognitive-group-1, groupId=dccheng-cognitive-group] Node 1 disconnected.
2026-09-14T17:02:57.562+08:00  WARN 79744 --- [ecos-gateway] [ntainer#0-0-C-1] org.apache.kafka.clients.NetworkClient   : [Consumer clientId=consumer-dccheng-cognitive-group-1, groupId=dccheng-cognitive-group] Connection to node 1 (localhost/127.0.0.1:9092) could not be established. Broker may not be available.
2026-09-14T17:02:57.764+08:00  INFO 79744 --- [ecos-gateway] [ntainer#1-0-C-1] org.apache.kafka.clients.NetworkClient   : [Consumer clientId=consumer-dccheng-ontology-consumer-2, groupId=dccheng-ontology-consumer] Node 1 disconnected.
2026-09-14T17:02:57.766+08:00  WARN 79744 --- [ecos-gateway] [ntainer#1-0-C-1] org.apache.kafka.clients.NetworkClient   : [Consumer clientId=consumer-dccheng-ontology-consumer-2, groupId=dccheng-ontology-consumer] Connection to node 1 (localhost/127.0.0.1:9092) could not be established. Broker may not be available.
2026-09-14T17:02:58.091+08:00  INFO 79744 --- [ecos-gateway] [ad | producer-1] org.apache.kafka.clients.NetworkClient   : [Producer clientId=producer-1] Node 1 disconnected.
2026-09-14T17:02:58.092+08:00  WARN 79744 --- [ecos-gateway] [ad | producer-1] org.apache.kafka.clients.NetworkClient   : [Producer clientId=producer-1] Connection to node 1 (localhost/127.0.0.1:9092) could not be established. Broker may not be available.
2026-09-14T17:02:58.606+08:00  INFO 79744 --- [ecos-gateway] [ntainer#0-0-C-1] org.apache.kafka.clients.NetworkClient   : [Consumer clientId=consumer-dccheng-cognitive-group-1, groupId=dccheng-cognitive-group] Node 1 disconnected.
2026-09-14T17:02:58.607+08:00  WARN 79744 --- [ecos-gateway] [ntainer#0-0-C-1] org.apache.kafka.clients.NetworkClient   : [Consumer clientId=consumer-dccheng-cognitive-group-1, groupId=dccheng-cognitive-group] Connection to node 1 (localhost/127.0.0.1:9092) could not be established. Broker may not be available.
2026-09-14T17:02:58.621+08:00  INFO 79744 --- [ecos-gateway] [ntainer#1-0-C-1] org.apache.kafka.clients.NetworkClient   : [Consumer clientId=consumer-dccheng-ontology-consumer-2, groupId=dccheng-ontology-consumer] Node 1 disconnected.
2026-09-14T17:02:58.622+08:00  WARN 79744 --- [ecos-gateway] [ntainer#1-0-C-1] org.apache.kafka.clients.NetworkClient   : [Consumer clientId=consumer-dccheng-ontology-consumer-2, groupId=dccheng-ontology-consumer] Connection to node 1 (localhost/127.0.0.1:9092) could not be established. Broker may not be available.
2026-09-14T17:02:59.074+08:00  INFO 79744 --- [ecos-gateway] [ad | producer-1] org.apache.kafka.clients.NetworkClient   : [Producer clientId=producer-1] Node 1 disconnected.
2026-09-14T17:02:59.076+08:00  WARN 79744 --- [ecos-gateway] [ad | producer-1] org.apache.kafka.clients.NetworkClient   : [Producer clientId=producer-1] Connection to node 1 (localhost/127.0.0.1:9092) could not be established. Broker may not be available.
2026-09-14T17:02:59.538+08:00  INFO 79744 --- [ecos-gateway] [ntainer#1-0-C-1] org.apache.kafka.clients.NetworkClient   : [Consumer clientId=consumer-dccheng-ontology-consumer-2, groupId=dccheng-ontology-consumer] Node 1 disconnected.
2026-09-14T17:02:59.541+08:00  WARN 79744 --- [ecos-gateway] [ntainer#1-0-C-1] org.apache.kafka.clients.NetworkClient   : [Consumer clientId=consumer-dccheng-ontology-consumer-2, groupId=dccheng-ontology-consumer] Connection to node 1 (localhost/127.0.0.1:9092) could not be established. Broker may not be available.
2026-09-14T17:02:59.584+08:00  INFO 79744 --- [ecos-gateway] [ntainer#0-0-C-1] org.apache.kafka.clients.NetworkClient   : [Consumer clientId=consumer-dccheng-cognitive-group-1, groupId=dccheng-cognitive-group] Node 1 disconnected.
2026-09-14T17:02:59.586+08:00  WARN 79744 --- [ecos-gateway] [ntainer#0-0-C-1] org.apache.kafka.clients.NetworkClient   : [Consumer clientId=consumer-dccheng-cognitive-group-1, groupId=dccheng-cognitive-group] Connection to node 1 (localhost/127.0.0.1:9092) could not be established. Broker may not be available.
2026-09-14T17:02:59.929+08:00  INFO 79744 --- [ecos-gateway] [ad | producer-1] org.apache.kafka.clients.NetworkClient   : [Producer clientId=producer-1] Node 1 disconnected.
2026-09-14T17:02:59.944+08:00  WARN 79744 --- [ecos-gateway] [ad | producer-1] org.apache.kafka.clients.NetworkClient   : [Producer clientId=producer-1] Connection to node 1 (localhost/127.0.0.1:9092) could not be established. Broker may not be available.
2026-09-14T17:03:00.627+08:00  INFO 79744 --- [ecos-gateway] [ntainer#0-0-C-1] org.apache.kafka.clients.NetworkClient   : [Consumer clientId=consumer-dccheng-cognitive-group-1, groupId=dccheng-cognitive-group] Node 1 disconnected.
2026-09-14T17:03:00.630+08:00  WARN 79744 --- [ecos-gateway] [ntainer#0-0-C-1] org.apache.kafka.clients.NetworkClient   : [Consumer clientId=consumer-dccheng-cognitive-group-1, groupId=dccheng-cognitive-group] Connection to node 1 (localhost/127.0.0.1:9092) could not be established. Broker may not be available.
2026-09-14T17:03:00.706+08:00  INFO 79744 --- [ecos-gateway] [ntainer#1-0-C-1] org.apache.kafka.clients.NetworkClient   : [Consumer clientId=consumer-dccheng-ontology-consumer-2, groupId=dccheng-ontology-consumer] Node 1 disconnected.
2026-09-14T17:03:00.708+08:00  WARN 79744 --- [ecos-gateway] [ntainer#1-0-C-1] org.apache.kafka.clients.NetworkClient   : [Consumer clientId=consumer-dccheng-ontology-consumer-2, groupId=dccheng-ontology-consumer] Connection to node 1 (localhost/127.0.0.1:9092) could not be established. Broker may not be available.
2026-09-14T17:03:00.783+08:00  INFO 79744 --- [ecos-gateway] [ad | producer-1] org.apache.kafka.clients.NetworkClient   : [Producer clientId=producer-1] Node 1 disconnected.
2026-09-14T17:03:00.785+08:00  WARN 79744 --- [ecos-gateway] [ad | producer-1] org.apache.kafka.clients.NetworkClient   : [Producer clientId=producer-1] Connection to node 1 (localhost/127.0.0.1:9092) could not be established. Broker may not be available.
2026-09-14T17:03:01.595+08:00  INFO 79744 --- [ecos-gateway] [ntainer#0-0-C-1] org.apache.kafka.clients.NetworkClient   : [Consumer clientId=consumer-dccheng-cognitive-group-1, groupId=dccheng-cognitive-group] Node 1 disconnected.
2026-09-14T17:03:01.606+08:00  WARN 79744 --- [ecos-gateway] [ntainer#0-0-C-1] org.apache.kafka.clients.NetworkClient   : [Consumer clientId=consumer-dccheng-cognitive-group-1, groupId=dccheng-cognitive-group] Connection to node 1 (localhost/127.0.0.1:9092) could not be established. Broker may not be available.
2026-09-14T17:03:01.642+08:00  INFO 79744 --- [ecos-gateway] [ad | producer-1] org.apache.kafka.clients.NetworkClient   : [Producer clientId=producer-1] Node 1 disconnected.
2026-09-14T17:03:01.644+08:00  WARN 79744 --- [ecos-gateway] [ad | producer-1] org.apache.kafka.clients.NetworkClient   : [Producer clientId=producer-1] Connection to node 1 (localhost/127.0.0.1:9092) could not be established. Broker may not be available.
2026-09-14T17:03:01.891+08:00  INFO 79744 --- [ecos-gateway] [ntainer#1-0-C-1] org.apache.kafka.clients.NetworkClient   : [Consumer clientId=consumer-dccheng-ontology-consumer-2, groupId=dccheng-ontology-consumer] Node 1 disconnected.
2026-09-14T17:03:01.902+08:00  WARN 79744 --- [ecos-gateway] [ntainer#1-0-C-1] org.apache.kafka.clients.NetworkClient   : [Consumer clientId=consumer-dccheng-ontology-consumer-2, groupId=dccheng-ontology-consumer] Connection to node 1 (localhost/127.0.0.1:9092) could not be established. Broker may not be available.
2026-09-14T17:03:02.700+08:00  INFO 79744 --- [ecos-gateway] [ntainer#0-0-C-1] org.apache.kafka.clients.NetworkClient   : [Consumer clientId=consumer-dccheng-cognitive-group-1, groupId=dccheng-cognitive-group] Node 1 disconnected.
2026-09-14T17:03:02.711+08:00  WARN 79744 --- [ecos-gateway] [ntainer#0-0-C-1] org.apache.kafka.clients.NetworkClient   : [Consumer clientId=consumer-dccheng-cognitive-group-1, groupId=dccheng-cognitive-group] Connection to node 1 (localhost/127.0.0.1:9092) could not be established. Broker may not be available.
2026-09-14T17:03:02.810+08:00  INFO 79744 --- [ecos-gateway] [ad | producer-1] org.apache.kafka.clients.NetworkClient   : [Producer clientId=producer-1] Node 1 disconnected.
2026-09-14T17:03:02.812+08:00  WARN 79744 --- [ecos-gateway] [ad | producer-1] org.apache.kafka.clients.NetworkClient   : [Producer clientId=producer-1] Connection to node 1 (localhost/127.0.0.1:9092) could not be established. Broker may not be available.
2026-09-14T17:03:02.950+08:00  INFO 79744 --- [ecos-gateway] [ntainer#1-0-C-1] org.apache.kafka.clients.NetworkClient   : [Consumer clientId=consumer-dccheng-ontology-consumer-2, groupId=dccheng-ontology-consumer] Node 1 disconnected.
2026-09-14T17:03:02.952+08:00  WARN 79744 --- [ecos-gateway] [ntainer#1-0-C-1] org.apache.kafka.clients.NetworkClient   : [Consumer clientId=consumer-dccheng-ontology-consumer-2, groupId=dccheng-ontology-consumer] Connection to node 1 (localhost/127.0.0.1:9092) could not be established. Broker may not be available.
2026-09-14T17:03:03.806+08:00  INFO 79744 --- [ecos-gateway] [ntainer#1-0-C-1] org.apache.kafka.clients.NetworkClient   : [Consumer clientId=consumer-dccheng-ontology-consumer-2, groupId=dccheng-ontology-consumer] Node 1 disconnected.
2026-09-14T17:03:03.806+08:00  INFO 79744 --- [ecos-gateway] [ntainer#0-0-C-1] org.apache.kafka.clients.NetworkClient   : [Consumer clientId=consumer-dccheng-cognitive-group-1, groupId=dccheng-cognitive-group] Node 1 disconnected.
2026-09-14T17:03:03.808+08:00  WARN 79744 --- [ecos-gateway] [ntainer#1-0-C-1] org.apache.kafka.clients.NetworkClient   : [Consumer clientId=consumer-dccheng-ontology-consumer-2, groupId=dccheng-ontology-consumer] Connection to node 1 (localhost/127.0.0.1:9092) could not be established. Broker may not be available.
2026-09-14T17:03:03.809+08:00  WARN 79744 --- [ecos-gateway] [ntainer#0-0-C-1] org.apache.kafka.clients.NetworkClient   : [Consumer clientId=consumer-dccheng-cognitive-group-1, groupId=dccheng-cognitive-group] Connection to node 1 (localhost/127.0.0.1:9092) could not be established. Broker may not be available.
2026-09-14T17:03:03.915+08:00  INFO 79744 --- [ecos-gateway] [ad | producer-1] org.apache.kafka.clients.NetworkClient   : [Producer clientId=producer-1] Node 1 disconnected.
2026-09-14T17:03:03.917+08:00  WARN 79744 --- [ecos-gateway] [ad | producer-1] org.apache.kafka.clients.NetworkClient   : [Producer clientId=producer-1] Connection to node 1 (localhost/127.0.0.1:9092) could not be established. Broker may not be available.
2026-09-14T17:03:04.658+08:00  INFO 79744 --- [ecos-gateway] [ntainer#0-0-C-1] org.apache.kafka.clients.NetworkClient   : [Consumer clientId=consumer-dccheng-cognitive-group-1, groupId=dccheng-cognitive-group] Node 1 disconnected.
2026-09-14T17:03:04.659+08:00  WARN 79744 --- [ecos-gateway] [ntainer#0-0-C-1] org.apache.kafka.clients.NetworkClient   : [Consumer clientId=consumer-dccheng-cognitive-group-1, groupId=dccheng-cognitive-group] Connection to node 1 (localhost/127.0.0.1:9092) could not be established. Broker may not be available.
2026-09-14T17:03:04.721+08:00  INFO 79744 --- [ecos-gateway] [ntainer#1-0-C-1] org.apache.kafka.clients.NetworkClient   : [Consumer clientId=consumer-dccheng-ontology-consumer-2, groupId=dccheng-ontology-consumer] Node 1 disconnected.
2026-09-14T17:03:04.722+08:00  WARN 79744 --- [ecos-gateway] [ntainer#1-0-C-1] org.apache.kafka.clients.NetworkClient   : [Consumer clientId=consumer-dccheng-ontology-consumer-2, groupId=dccheng-ontology-consumer] Connection to node 1 (localhost/127.0.0.1:9092) could not be established. Broker may not be available.
2026-09-14T17:03:04.829+08:00  INFO 79744 --- [ecos-gateway] [ad | producer-1] org.apache.kafka.clients.NetworkClient   : [Producer clientId=producer-1] Node 1 disconnected.
2026-09-14T17:03:04.830+08:00  WARN 79744 --- [ecos-gateway] [ad | producer-1] org.apache.kafka.clients.NetworkClient   : [Producer clientId=producer-1] Connection to node 1 (localhost/127.0.0.1:9092) could not be established. Broker may not be available.
2026-09-14T17:03:05.514+08:00  INFO 79744 --- [ecos-gateway] [ntainer#0-0-C-1] org.apache.kafka.clients.NetworkClient   : [Consumer clientId=consumer-dccheng-cognitive-group-1, groupId=dccheng-cognitive-group] Node 1 disconnected.
2026-09-14T17:03:05.525+08:00  WARN 79744 --- [ecos-gateway] [ntainer#0-0-C-1] org.apache.kafka.clients.NetworkClient   : [Consumer clientId=consumer-dccheng-cognitive-group-1, groupId=dccheng-cognitive-group] Connection to node 1 (localhost/127.0.0.1:9092) could not be established. Broker may not be available.
2026-09-14T17:03:05.578+08:00  INFO 79744 --- [ecos-gateway] [ntainer#1-0-C-1] org.apache.kafka.clients.NetworkClient   : [Consumer clientId=consumer-dccheng-ontology-consumer-2, groupId=dccheng-ontology-consumer] Node 1 disconnected.
2026-09-14T17:03:05.578+08:00  WARN 79744 --- [ecos-gateway] [ntainer#1-0-C-1] org.apache.kafka.clients.NetworkClient   : [Consumer clientId=consumer-dccheng-ontology-consumer-2, groupId=dccheng-ontology-consumer] Connection to node 1 (localhost/127.0.0.1:9092) could not be established. Broker may not be available.
2026-09-14T17:03:05.687+08:00  INFO 79744 --- [ecos-gateway] [ad | producer-1] org.apache.kafka.clients.NetworkClient   : [Producer clientId=producer-1] Node 1 disconnected.
2026-09-14T17:03:05.688+08:00  WARN 79744 --- [ecos-gateway] [ad | producer-1] org.apache.kafka.clients.NetworkClient   : [Producer clientId=producer-1] Connection to node 1 (localhost/127.0.0.1:9092) could not be established. Broker may not be available.
2026-09-14T17:03:06.474+08:00  INFO 79744 --- [ecos-gateway] [ntainer#0-0-C-1] org.apache.kafka.clients.NetworkClient   : [Consumer clientId=consumer-dccheng-cognitive-group-1, groupId=dccheng-cognitive-group] Node 1 disconnected.
2026-09-14T17:03:06.476+08:00  WARN 79744 --- [ecos-gateway] [ntainer#0-0-C-1] org.apache.kafka.clients.NetworkClient   : [Consumer clientId=consumer-dccheng-cognitive-group-1, groupId=dccheng-cognitive-group] Connection to node 1 (localhost/127.0.0.1:9092) could not be established. Broker may not be available.
2026-09-14T17:03:06.614+08:00  INFO 79744 --- [ecos-gateway] [ntainer#1-0-C-1] org.apache.kafka.clients.NetworkClient   : [Consumer clientId=consumer-dccheng-ontology-consumer-2, groupId=dccheng-ontology-consumer] Node 1 disconnected.
2026-09-14T17:03:06.616+08:00  WARN 79744 --- [ecos-gateway] [ntainer#1-0-C-1] org.apache.kafka.clients.NetworkClient   : [Consumer clientId=consumer-dccheng-ontology-consumer-2, groupId=dccheng-ontology-consumer] Connection to node 1 (localhost/127.0.0.1:9092) could not be established. Broker may not be available.
2026-09-14T17:03:06.722+08:00  INFO 79744 --- [ecos-gateway] [ad | producer-1] org.apache.kafka.clients.NetworkClient   : [Producer clientId=producer-1] Node 1 disconnected.
2026-09-14T17:03:06.724+08:00  WARN 79744 --- [ecos-gateway] [ad | producer-1] org.apache.kafka.clients.NetworkClient   : [Producer clientId=producer-1] Connection to node 1 (localhost/127.0.0.1:9092) could not be established. Broker may not be available.
2026-09-14T17:03:07.640+08:00  INFO 79744 --- [ecos-gateway] [ad | producer-1] org.apache.kafka.clients.NetworkClient   : [Producer clientId=producer-1] Node 1 disconnected.
2026-09-14T17:03:07.641+08:00  INFO 79744 --- [ecos-gateway] [ntainer#0-0-C-1] org.apache.kafka.clients.NetworkClient   : [Consumer clientId=consumer-dccheng-cognitive-group-1, groupId=dccheng-cognitive-group] Node 1 disconnected.
2026-09-14T17:03:07.652+08:00  WARN 79744 --- [ecos-gateway] [ad | producer-1] org.apache.kafka.clients.NetworkClient   : [Producer clientId=producer-1] Connection to node 1 (localhost/127.0.0.1:9092) could not be established. Broker may not be available.
2026-09-14T17:03:07.653+08:00  WARN 79744 --- [ecos-gateway] [ntainer#0-0-C-1] org.apache.kafka.clients.NetworkClient   : [Consumer clientId=consumer-dccheng-cognitive-group-1, groupId=dccheng-cognitive-group] Connection to node 1 (localhost/127.0.0.1:9092) could not be established. Broker may not be available.
2026-09-14T17:03:07.779+08:00  INFO 79744 --- [ecos-gateway] [ntainer#1-0-C-1] org.apache.kafka.clients.NetworkClient   : [Consumer clientId=consumer-dccheng-ontology-consumer-2, groupId=dccheng-ontology-consumer] Node 1 disconnected.
2026-09-14T17:03:07.781+08:00  WARN 79744 --- [ecos-gateway] [ntainer#1-0-C-1] org.apache.kafka.clients.NetworkClient   : [Consumer clientId=consumer-dccheng-ontology-consumer-2, groupId=dccheng-ontology-consumer] Connection to node 1 (localhost/127.0.0.1:9092) could not be established. Broker may not be available.
