2026-10-06 00:00:31.648 [pool-2-thread-2] [] INFO  c.c.g.r.c.t.s.i.TaskManagementServiceImpl - 任务已提交: taskId=cb6186cd-3ee7-43c0-98ff-f30101ddc642, taskName=auto-collect-scan
2026-10-06 00:00:31.705 [pool-2-thread-2] [] INFO  c.c.g.r.c.t.s.i.TaskManagementServiceImpl - 任务已解析: taskId=cb6186cd-3ee7-43c0-98ff-f30101ddc642
2026-10-06 00:00:31.722 [pool-2-thread-2] [] WARN  c.c.g.e.d.m.AutoCollectScheduler - AutoCollectScheduler 扫描失败: null
2026-10-06 00:00:31.725 [pool-2-thread-2] [] INFO  c.c.g.r.c.t.s.i.TaskManagementServiceImpl - 任务执行完成: taskId=cb6186cd-3ee7-43c0-98ff-f30101ddc642, status=SUCCEEDED
2026-10-06 00:00:31.728 [pool-2-thread-2] [] INFO  c.c.g.r.c.t.s.TaskSchedulerServiceImpl - 定时任务已提交执行 taskId=cb6186cd-3ee7-43c0-98ff-f30101ddc642 taskType=AUTO_COLLECT_SCAN scheduleId=7f6d8be7-db15-40dc-8ad0-58591c6b0b60
2026-10-06 00:01:31.647 [pool-2-thread-2] [] INFO  c.c.g.r.c.t.s.i.TaskManagementServiceImpl - 任务已提交: taskId=cb6186cd-3ee7-43c0-98ff-f30101ddc642, taskName=auto-collect-scan
2026-10-06 00:01:31.650 [pool-2-thread-2] [] INFO  c.c.g.r.c.t.s.i.TaskManagementServiceImpl - 任务已解析: taskId=cb6186cd-3ee7-43c0-98ff-f30101ddc642
2026-10-06 00:01:31.652 [pool-2-thread-2] [] WARN  c.c.g.e.d.m.AutoCollectScheduler - AutoCollectScheduler 扫描失败: null
2026-10-06 00:01:31.654 [pool-2-thread-2] [] INFO  c.c.g.r.c.t.s.i.TaskManagementServiceImpl - 任务执行完成: taskId=cb6186cd-3ee7-43c0-98ff-f30101ddc642, status=SUCCEEDED
2026-10-06 00:01:31.656 [pool-2-thread-2] [] INFO  c.c.g.r.c.t.s.TaskSchedulerServiceImpl - 定时任务已提交执行 taskId=cb6186cd-3ee7-43c0-98ff-f30101ddc642 taskType=AUTO_COLLECT_SCAN scheduleId=7f6d8be7-db15-40dc-8ad0-58591c6b0b60
2026-10-06 00:02:31.654 [pool-2-thread-2] [] INFO  c.c.g.r.c.t.s.i.TaskManagementServiceImpl - 任务已提交: taskId=cb6186cd-3ee7-43c0-98ff-f30101ddc642, taskName=auto-collect-scan
2026-10-06 00:02:31.656 [pool-2-thread-2] [] INFO  c.c.g.r.c.t.s.i.TaskManagementServiceImpl - 任务已解析: taskId=cb6186cd-3ee7-43c0-98ff-f30101ddc642
2026-10-06 00:02:31.661 [pool-2-thread-2] [] WARN  c.c.g.e.d.m.AutoCollectScheduler - AutoCollectScheduler 扫描失败: null
2026-10-06 00:02:31.664 [pool-2-thread-2] [] INFO  c.c.g.r.c.t.s.i.TaskManagementServiceImpl - 任务执行完成: taskId=cb6186cd-3ee7-43c0-98ff-f30101ddc642, status=SUCCEEDED
2026-10-06 00:02:31.666 [pool-2-thread-2] [] INFO  c.c.g.r.c.t.s.TaskSchedulerServiceImpl - 定时任务已提交执行 taskId=cb6186cd-3ee7-43c0-98ff-f30101ddc642 taskType=AUTO_COLLECT_SCAN scheduleId=7f6d8be7-db15-40dc-8ad0-58591c6b0b60
2026-10-06 00:18:28.397 [main] [] INFO  c.c.g.s.d.DatanetServiceApplication - Starting DatanetServiceApplication using Java 17.0.17 with PID 16576 (D:\workspace\javaprojects\ECOS\ecos_backend\services\datanet\target\datanet-service-1.0.0-SNAPSHOT.jar started by guoro in D:\workspace\javaprojects\ECOS)
2026-10-06 00:18:28.419 [main] [] INFO  c.c.g.s.d.DatanetServiceApplication - The following 1 profile is active: "standard"
2026-10-06 00:18:49.184 [main] [] WARN  o.m.s.mapper.ClassPathMapperScanner - Skipping MapperFactoryBean with name 'dqRuleMapper' and 'com.chinacreator.gzcm.engine.data.quality.mapper.DqRuleMapper' mapperInterface. Bean already defined with the same name!
2026-10-06 00:18:49.188 [main] [] WARN  o.m.s.mapper.ClassPathMapperScanner - Skipping MapperFactoryBean with name 'dqScheduleMapper' and 'com.chinacreator.gzcm.engine.data.quality.mapper.DqScheduleMapper' mapperInterface. Bean already defined with the same name!
2026-10-06 00:18:49.196 [main] [] WARN  o.m.s.mapper.ClassPathMapperScanner - Skipping MapperFactoryBean with name 'dataDescriptionDao' and 'com.chinacreator.gzcm.engine.data.datadescription.dao.DataDescriptionDao' mapperInterface. Bean already defined with the same name!
2026-10-06 00:18:49.198 [main] [] WARN  o.m.s.mapper.ClassPathMapperScanner - Skipping MapperFactoryBean with name 'schemaRegistryDao' and 'com.chinacreator.gzcm.engine.data.datadescription.dao.SchemaRegistryDao' mapperInterface. Bean already defined with the same name!
2026-10-06 00:18:49.207 [main] [] WARN  o.m.s.mapper.ClassPathMapperScanner - Skipping MapperFactoryBean with name 'dqRuleMapper' and 'com.chinacreator.gzcm.engine.data.quality.mapper.DqRuleMapper' mapperInterface. Bean already defined with the same name!
2026-10-06 00:18:49.210 [main] [] WARN  o.m.s.mapper.ClassPathMapperScanner - Skipping MapperFactoryBean with name 'dqScheduleMapper' and 'com.chinacreator.gzcm.engine.data.quality.mapper.DqScheduleMapper' mapperInterface. Bean already defined with the same name!
2026-10-06 00:18:49.222 [main] [] WARN  o.m.s.mapper.ClassPathMapperScanner - Skipping MapperFactoryBean with name 'alertRecordMapper' and 'com.chinacreator.gzcm.runtime.core.alert.mapper.AlertRecordMapper' mapperInterface. Bean already defined with the same name!
2026-10-06 00:18:49.225 [main] [] WARN  o.m.s.mapper.ClassPathMapperScanner - Skipping MapperFactoryBean with name 'alertRuleMapper' and 'com.chinacreator.gzcm.runtime.core.alert.mapper.AlertRuleMapper' mapperInterface. Bean already defined with the same name!
2026-10-06 00:18:49.234 [main] [] WARN  o.m.s.mapper.ClassPathMapperScanner - Skipping MapperFactoryBean with name 'IMonitorDataDao' and 'com.chinacreator.gzcm.runtime.core.monitor.monitordata.dao.IMonitorDataDao' mapperInterface. Bean already defined with the same name!
2026-10-06 00:18:49.237 [main] [] WARN  o.m.s.mapper.ClassPathMapperScanner - Skipping MapperFactoryBean with name 'IMonitorObjectDao' and 'com.chinacreator.gzcm.runtime.core.monitor.monitorobject.dao.IMonitorObjectDao' mapperInterface. Bean already defined with the same name!
2026-10-06 00:18:49.241 [main] [] WARN  o.m.s.mapper.ClassPathMapperScanner - Skipping MapperFactoryBean with name 'IMonitorObjectTargetDao' and 'com.chinacreator.gzcm.runtime.core.monitor.monitorobject.dao.IMonitorObjectTargetDao' mapperInterface. Bean already defined with the same name!
2026-10-06 00:18:49.245 [main] [] WARN  o.m.s.mapper.ClassPathMapperScanner - Skipping MapperFactoryBean with name 'IPluginDao' and 'com.chinacreator.gzcm.runtime.core.monitor.plugin.dao.IPluginDao' mapperInterface. Bean already defined with the same name!
2026-10-06 00:18:49.249 [main] [] WARN  o.m.s.mapper.ClassPathMapperScanner - Skipping MapperFactoryBean with name 'IPluginParamsDao' and 'com.chinacreator.gzcm.runtime.core.monitor.plugin.dao.IPluginParamsDao' mapperInterface. Bean already defined with the same name!
2026-10-06 00:18:49.252 [main] [] WARN  o.m.s.mapper.ClassPathMapperScanner - Skipping MapperFactoryBean with name 'IPluginTargetDao' and 'com.chinacreator.gzcm.runtime.core.monitor.plugin.dao.IPluginTargetDao' mapperInterface. Bean already defined with the same name!
2026-10-06 00:18:49.256 [main] [] WARN  o.m.s.mapper.ClassPathMapperScanner - Skipping MapperFactoryBean with name 'IMonitorWarnContactDao' and 'com.chinacreator.gzcm.runtime.core.monitor.server.warn.dao.IMonitorWarnContactDao' mapperInterface. Bean already defined with the same name!
2026-10-06 00:18:49.259 [main] [] WARN  o.m.s.mapper.ClassPathMapperScanner - Skipping MapperFactoryBean with name 'IWarnLogDao' and 'com.chinacreator.gzcm.runtime.core.monitor.server.warn.dao.IWarnLogDao' mapperInterface. Bean already defined with the same name!
2026-10-06 00:18:49.263 [main] [] WARN  o.m.s.mapper.ClassPathMapperScanner - Skipping MapperFactoryBean with name 'IStrategyDao' and 'com.chinacreator.gzcm.runtime.core.monitor.strategy.dao.IStrategyDao' mapperInterface. Bean already defined with the same name!
2026-10-06 00:18:49.303 [main] [] WARN  o.s.c.a.ConfigurationClassPostProcessor - Cannot enhance @Configuration bean definition 'myBatisConfig' since its singleton instance has been created too early. The typical cause is a non-static @Bean method with a BeanDefinitionRegistryPostProcessor return type: Consider declaring such methods as 'static' and/or marking the containing configuration class as 'proxyBeanMethods=false'.
2026-10-06 00:19:02.938 [main] [] INFO  o.s.b.w.e.tomcat.TomcatWebServer - Tomcat initialized with port 18082 (http)
2026-10-06 00:19:03.052 [main] [] INFO  o.a.coyote.http11.Http11NioProtocol - Initializing ProtocolHandler ["http-nio-18082"]
2026-10-06 00:19:03.076 [main] [] INFO  o.a.catalina.core.StandardService - Starting service [Tomcat]
2026-10-06 00:19:03.080 [main] [] INFO  o.a.catalina.core.StandardEngine - Starting Servlet engine: [Apache Tomcat/10.1.18]
2026-10-06 00:19:03.579 [main] [] INFO  o.a.c.c.C.[Tomcat].[localhost].[/] - Initializing Spring embedded WebApplicationContext
2026-10-06 00:19:03.595 [main] [] INFO  o.s.b.w.s.c.ServletWebServerApplicationContext - Root WebApplicationContext: initialization completed in 33124 ms
2026-10-06 00:19:05.828 [main] [] INFO  c.c.g.r.a.olap.DuckDBQueryService - DuckDBQueryService downgraded (DuckDB migrated to Doris) — all operations are no-ops
2026-10-06 00:19:07.899 [main] [] INFO  c.c.gzcm.engine.data.DataEngineImpl - Data engine started (was STOPPED)
2026-10-06 00:19:07.940 [main] [] INFO  c.c.gzcm.engine.data.DataEngineImpl - Data engine auto-started on boot
2026-10-06 00:19:08.989 [main] [] INFO  c.c.g.r.c.t.s.i.TaskManagementServiceImpl - onStartup: PG 恢复 0 个任务 + 0 个执行计划
2026-10-06 00:19:15.289 [main] [] INFO  o.s.b.f.a.AutowiredAnnotationBeanPostProcessor - Inconsistent constructor declaration on bean with name 'securityCryptoEgress': single autowire-marked constructor flagged as optional - this constructor is effectively required since there is no default constructor to fall back to: public com.chinacreator.gzcm.runtime.core.crypto.SecurityCryptoEgress(org.springframework.context.ApplicationContext)
2026-10-06 00:19:16.154 [main] [] INFO  c.c.g.r.e.KafkaBusProducerConfig - [runtime-event] Kafka producer 装配: bootstrap=localhost:9092
2026-10-06 00:19:17.962 [main] [] INFO  c.c.g.r.e.KafkaBusConsumerConfig - [runtime-event] Kafka consumer 基参装配: bootstrap=localhost:9092, autoOffsetReset=latest
2026-10-06 00:19:17.974 [main] [] INFO  c.c.g.r.e.KafkaEventBusServiceImpl - [EventBus][KAFKA] activated — broker 在/不在都能发, 失败仅记 WARN 不阻塞主流程; groupPrefix=<per-subscription fan-out>
2026-10-06 00:19:18.309 [main] [] INFO  c.c.g.r.l.c.LLMGatewayAutoConfiguration - Hermes Engine auto-configuration initialized: enabled=true, defaultProvider=openrouter, defaultModel=deepseek/deepseek-chat
2026-10-06 00:19:20.053 [main] [] INFO  c.c.g.r.l.c.LLMGatewayAutoConfiguration - Hermes OkHttpClient created: timeout=PT1M, retryMaxAttempts=3
2026-10-06 00:19:20.719 [main] [] INFO  com.zaxxer.hikari.HikariDataSource - DatanetHikariCP - Starting...
2026-10-06 00:19:22.985 [main] [] INFO  com.zaxxer.hikari.pool.HikariPool - DatanetHikariCP - Added connection org.postgresql.jdbc.PgConnection@3c205259
2026-10-06 00:19:23.001 [main] [] INFO  com.zaxxer.hikari.HikariDataSource - DatanetHikariCP - Start completed.
2026-10-06 00:19:23.340 [main] [] WARN  c.c.g.e.d.s.PipelineFunctionServiceImpl - 种子数据初始化异常: StatementCallback; bad SQL grammar [SELECT COUNT(*) FROM ecos_pipeline_function WHERE is_builtin = true]
2026-10-06 00:19:23.464 [main] [] WARN  o.s.b.w.s.c.AnnotationConfigServletWebServerApplicationContext - Exception encountered during context initialization - cancelling refresh attempt: org.springframework.beans.factory.UnsatisfiedDependencyException: Error creating bean with name 'pipelineGitController' defined in URL [jar:nested:/D:/workspace/javaprojects/ECOS/ecos_backend/services/datanet/target/datanet-service-1.0.0-SNAPSHOT.jar/!BOOT-INF/lib/data-engine-impl-1.0.0-SNAPSHOT.jar!/com/chinacreator/gzcm/engine/data/controller/PipelineGitController.class]: Unsatisfied dependency expressed through constructor parameter 0: Error creating bean with name 'pipelineGitService' defined in URL [jar:nested:/D:/workspace/javaprojects/ECOS/ecos_backend/services/datanet/target/datanet-service-1.0.0-SNAPSHOT.jar/!BOOT-INF/lib/data-engine-impl-1.0.0-SNAPSHOT.jar!/com/chinacreator/gzcm/engine/data/service/PipelineGitService.class]: Unsatisfied dependency expressed through constructor parameter 2: No qualifying bean of type 'com.chinacreator.gzcm.sysman.config.service.impl.SysConfigService' available: expected at least 1 bean which qualifies as autowire candidate. Dependency annotations: {}
2026-10-06 00:19:23.484 [main] [] INFO  com.zaxxer.hikari.HikariDataSource - DatanetHikariCP - Shutdown initiated...
2026-10-06 00:19:23.522 [main] [] INFO  com.zaxxer.hikari.HikariDataSource - DatanetHikariCP - Shutdown completed.
2026-10-06 00:19:23.630 [main] [] INFO  o.a.catalina.core.StandardService - Stopping service [Tomcat]
2026-10-06 00:19:23.889 [main] [] INFO  o.s.b.a.l.ConditionEvaluationReportLogger - 

Error starting ApplicationContext. To display the condition evaluation report re-run your application with 'debug' enabled.
2026-10-06 00:19:24.398 [main] [] ERROR o.s.b.d.LoggingFailureAnalysisReporter - 

***************************
APPLICATION FAILED TO START
***************************

Description:

Parameter 2 of constructor in com.chinacreator.gzcm.engine.data.service.PipelineGitService required a bean of type 'com.chinacreator.gzcm.sysman.config.service.impl.SysConfigService' that could not be found.


Action:

Consider defining a bean of type 'com.chinacreator.gzcm.sysman.config.service.impl.SysConfigService' in your configuration.

2026-10-06 00:19:48.094 [pool-2-thread-1] [] INFO  c.c.g.r.c.t.s.i.TaskManagementServiceImpl - 任务已提交: taskId=e85196c1-59b4-4bc7-834e-5a71ec6ceb00, taskName=auto-collect-scan
2026-10-06 00:19:48.114 [pool-2-thread-1] [] INFO  c.c.g.r.c.t.s.i.TaskManagementServiceImpl - 任务已解析: taskId=e85196c1-59b4-4bc7-834e-5a71ec6ceb00
2026-10-06 00:19:48.302 [pool-2-thread-1] [] WARN  c.c.g.e.d.m.AutoCollectScheduler - AutoCollectScheduler 扫描失败: null
2026-10-06 00:19:48.316 [pool-2-thread-1] [] INFO  c.c.g.r.c.t.s.i.TaskManagementServiceImpl - 任务执行完成: taskId=e85196c1-59b4-4bc7-834e-5a71ec6ceb00, status=SUCCEEDED
2026-10-06 00:19:48.321 [pool-2-thread-1] [] INFO  c.c.g.r.c.t.s.TaskSchedulerServiceImpl - 定时任务已提交执行 taskId=e85196c1-59b4-4bc7-834e-5a71ec6ceb00 taskType=AUTO_COLLECT_SCAN scheduleId=5ec0f85a-1af7-4064-9ba5-713b4847ec50
2026-10-06 00:20:48.073 [pool-2-thread-1] [] INFO  c.c.g.r.c.t.s.i.TaskManagementServiceImpl - 任务已提交: taskId=e85196c1-59b4-4bc7-834e-5a71ec6ceb00, taskName=auto-collect-scan
2026-10-06 00:20:48.075 [pool-2-thread-1] [] INFO  c.c.g.r.c.t.s.i.TaskManagementServiceImpl - 任务已解析: taskId=e85196c1-59b4-4bc7-834e-5a71ec6ceb00
2026-10-06 00:20:48.076 [pool-2-thread-1] [] WARN  c.c.g.e.d.m.AutoCollectScheduler - AutoCollectScheduler 扫描失败: null
2026-10-06 00:20:48.077 [pool-2-thread-1] [] INFO  c.c.g.r.c.t.s.i.TaskManagementServiceImpl - 任务执行完成: taskId=e85196c1-59b4-4bc7-834e-5a71ec6ceb00, status=SUCCEEDED
2026-10-06 00:20:48.078 [pool-2-thread-1] [] INFO  c.c.g.r.c.t.s.TaskSchedulerServiceImpl - 定时任务已提交执行 taskId=e85196c1-59b4-4bc7-834e-5a71ec6ceb00 taskType=AUTO_COLLECT_SCAN scheduleId=5ec0f85a-1af7-4064-9ba5-713b4847ec50
2026-10-06 00:21:48.082 [pool-2-thread-2] [] INFO  c.c.g.r.c.t.s.i.TaskManagementServiceImpl - 任务已提交: taskId=e85196c1-59b4-4bc7-834e-5a71ec6ceb00, taskName=auto-collect-scan
2026-10-06 00:21:48.085 [pool-2-thread-2] [] INFO  c.c.g.r.c.t.s.i.TaskManagementServiceImpl - 任务已解析: taskId=e85196c1-59b4-4bc7-834e-5a71ec6ceb00
2026-10-06 00:21:48.087 [pool-2-thread-2] [] WARN  c.c.g.e.d.m.AutoCollectScheduler - AutoCollectScheduler 扫描失败: null
2026-10-06 00:21:48.089 [pool-2-thread-2] [] INFO  c.c.g.r.c.t.s.i.TaskManagementServiceImpl - 任务执行完成: taskId=e85196c1-59b4-4bc7-834e-5a71ec6ceb00, status=SUCCEEDED
2026-10-06 00:21:48.090 [pool-2-thread-2] [] INFO  c.c.g.r.c.t.s.TaskSchedulerServiceImpl - 定时任务已提交执行 taskId=e85196c1-59b4-4bc7-834e-5a71ec6ceb00 taskType=AUTO_COLLECT_SCAN scheduleId=5ec0f85a-1af7-4064-9ba5-713b4847ec50
2026-10-06 00:22:48.083 [pool-2-thread-1] [] INFO  c.c.g.r.c.t.s.i.TaskManagementServiceImpl - 任务已提交: taskId=e85196c1-59b4-4bc7-834e-5a71ec6ceb00, taskName=auto-collect-scan
2026-10-06 00:22:48.091 [pool-2-thread-1] [] INFO  c.c.g.r.c.t.s.i.TaskManagementServiceImpl - 任务已解析: taskId=e85196c1-59b4-4bc7-834e-5a71ec6ceb00
2026-10-06 00:22:48.098 [pool-2-thread-1] [] WARN  c.c.g.e.d.m.AutoCollectScheduler - AutoCollectScheduler 扫描失败: null
2026-10-06 00:22:48.111 [pool-2-thread-1] [] INFO  c.c.g.r.c.t.s.i.TaskManagementServiceImpl - 任务执行完成: taskId=e85196c1-59b4-4bc7-834e-5a71ec6ceb00, status=SUCCEEDED
2026-10-06 00:22:48.120 [pool-2-thread-1] [] INFO  c.c.g.r.c.t.s.TaskSchedulerServiceImpl - 定时任务已提交执行 taskId=e85196c1-59b4-4bc7-834e-5a71ec6ceb00 taskType=AUTO_COLLECT_SCAN scheduleId=5ec0f85a-1af7-4064-9ba5-713b4847ec50
2026-10-06 00:23:48.083 [pool-2-thread-3] [] INFO  c.c.g.r.c.t.s.i.TaskManagementServiceImpl - 任务已提交: taskId=e85196c1-59b4-4bc7-834e-5a71ec6ceb00, taskName=auto-collect-scan
2026-10-06 00:23:48.087 [pool-2-thread-3] [] INFO  c.c.g.r.c.t.s.i.TaskManagementServiceImpl - 任务已解析: taskId=e85196c1-59b4-4bc7-834e-5a71ec6ceb00
2026-10-06 00:23:48.091 [pool-2-thread-3] [] WARN  c.c.g.e.d.m.AutoCollectScheduler - AutoCollectScheduler 扫描失败: null
2026-10-06 00:23:48.094 [pool-2-thread-3] [] INFO  c.c.g.r.c.t.s.i.TaskManagementServiceImpl - 任务执行完成: taskId=e85196c1-59b4-4bc7-834e-5a71ec6ceb00, status=SUCCEEDED
2026-10-06 00:23:48.098 [pool-2-thread-3] [] INFO  c.c.g.r.c.t.s.TaskSchedulerServiceImpl - 定时任务已提交执行 taskId=e85196c1-59b4-4bc7-834e-5a71ec6ceb00 taskType=AUTO_COLLECT_SCAN scheduleId=5ec0f85a-1af7-4064-9ba5-713b4847ec50
2026-10-06 00:24:48.081 [pool-2-thread-2] [] INFO  c.c.g.r.c.t.s.i.TaskManagementServiceImpl - 任务已提交: taskId=e85196c1-59b4-4bc7-834e-5a71ec6ceb00, taskName=auto-collect-scan
2026-10-06 00:24:48.089 [pool-2-thread-2] [] INFO  c.c.g.r.c.t.s.i.TaskManagementServiceImpl - 任务已解析: taskId=e85196c1-59b4-4bc7-834e-5a71ec6ceb00
2026-10-06 00:24:48.100 [pool-2-thread-2] [] WARN  c.c.g.e.d.m.AutoCollectScheduler - AutoCollectScheduler 扫描失败: null
2026-10-06 00:24:48.115 [pool-2-thread-2] [] INFO  c.c.g.r.c.t.s.i.TaskManagementServiceImpl - 任务执行完成: taskId=e85196c1-59b4-4bc7-834e-5a71ec6ceb00, status=SUCCEEDED
2026-10-06 00:24:48.124 [pool-2-thread-2] [] INFO  c.c.g.r.c.t.s.TaskSchedulerServiceImpl - 定时任务已提交执行 taskId=e85196c1-59b4-4bc7-834e-5a71ec6ceb00 taskType=AUTO_COLLECT_SCAN scheduleId=5ec0f85a-1af7-4064-9ba5-713b4847ec50
2026-10-06 00:25:48.085 [pool-2-thread-4] [] INFO  c.c.g.r.c.t.s.i.TaskManagementServiceImpl - 任务已提交: taskId=e85196c1-59b4-4bc7-834e-5a71ec6ceb00, taskName=auto-collect-scan
2026-10-06 00:25:48.089 [pool-2-thread-4] [] INFO  c.c.g.r.c.t.s.i.TaskManagementServiceImpl - 任务已解析: taskId=e85196c1-59b4-4bc7-834e-5a71ec6ceb00
2026-10-06 00:25:48.091 [pool-2-thread-4] [] WARN  c.c.g.e.d.m.AutoCollectScheduler - AutoCollectScheduler 扫描失败: null
2026-10-06 00:25:48.094 [pool-2-thread-4] [] INFO  c.c.g.r.c.t.s.i.TaskManagementServiceImpl - 任务执行完成: taskId=e85196c1-59b4-4bc7-834e-5a71ec6ceb00, status=SUCCEEDED
2026-10-06 00:25:48.096 [pool-2-thread-4] [] INFO  c.c.g.r.c.t.s.TaskSchedulerServiceImpl - 定时任务已提交执行 taskId=e85196c1-59b4-4bc7-834e-5a71ec6ceb00 taskType=AUTO_COLLECT_SCAN scheduleId=5ec0f85a-1af7-4064-9ba5-713b4847ec50
2026-10-06 00:26:48.079 [pool-2-thread-1] [] INFO  c.c.g.r.c.t.s.i.TaskManagementServiceImpl - 任务已提交: taskId=e85196c1-59b4-4bc7-834e-5a71ec6ceb00, taskName=auto-collect-scan
2026-10-06 00:26:48.083 [pool-2-thread-1] [] INFO  c.c.g.r.c.t.s.i.TaskManagementServiceImpl - 任务已解析: taskId=e85196c1-59b4-4bc7-834e-5a71ec6ceb00
2026-10-06 00:26:48.086 [pool-2-thread-1] [] WARN  c.c.g.e.d.m.AutoCollectScheduler - AutoCollectScheduler 扫描失败: null
2026-10-06 00:26:48.088 [pool-2-thread-1] [] INFO  c.c.g.r.c.t.s.i.TaskManagementServiceImpl - 任务执行完成: taskId=e85196c1-59b4-4bc7-834e-5a71ec6ceb00, status=SUCCEEDED
2026-10-06 00:26:48.090 [pool-2-thread-1] [] INFO  c.c.g.r.c.t.s.TaskSchedulerServiceImpl - 定时任务已提交执行 taskId=e85196c1-59b4-4bc7-834e-5a71ec6ceb00 taskType=AUTO_COLLECT_SCAN scheduleId=5ec0f85a-1af7-4064-9ba5-713b4847ec50
2026-10-06 00:27:48.079 [pool-2-thread-5] [] INFO  c.c.g.r.c.t.s.i.TaskManagementServiceImpl - 任务已提交: taskId=e85196c1-59b4-4bc7-834e-5a71ec6ceb00, taskName=auto-collect-scan
2026-10-06 00:27:48.082 [pool-2-thread-5] [] INFO  c.c.g.r.c.t.s.i.TaskManagementServiceImpl - 任务已解析: taskId=e85196c1-59b4-4bc7-834e-5a71ec6ceb00
2026-10-06 00:27:48.085 [pool-2-thread-5] [] WARN  c.c.g.e.d.m.AutoCollectScheduler - AutoCollectScheduler 扫描失败: null
2026-10-06 00:27:48.088 [pool-2-thread-5] [] INFO  c.c.g.r.c.t.s.i.TaskManagementServiceImpl - 任务执行完成: taskId=e85196c1-59b4-4bc7-834e-5a71ec6ceb00, status=SUCCEEDED
2026-10-06 00:27:48.090 [pool-2-thread-5] [] INFO  c.c.g.r.c.t.s.TaskSchedulerServiceImpl - 定时任务已提交执行 taskId=e85196c1-59b4-4bc7-834e-5a71ec6ceb00 taskType=AUTO_COLLECT_SCAN scheduleId=5ec0f85a-1af7-4064-9ba5-713b4847ec50
2026-10-06 00:28:48.075 [pool-2-thread-3] [] INFO  c.c.g.r.c.t.s.i.TaskManagementServiceImpl - 任务已提交: taskId=e85196c1-59b4-4bc7-834e-5a71ec6ceb00, taskName=auto-collect-scan
2026-10-06 00:28:48.078 [pool-2-thread-3] [] INFO  c.c.g.r.c.t.s.i.TaskManagementServiceImpl - 任务已解析: taskId=e85196c1-59b4-4bc7-834e-5a71ec6ceb00
2026-10-06 00:28:48.080 [pool-2-thread-3] [] WARN  c.c.g.e.d.m.AutoCollectScheduler - AutoCollectScheduler 扫描失败: null
2026-10-06 00:28:48.081 [pool-2-thread-3] [] INFO  c.c.g.r.c.t.s.i.TaskManagementServiceImpl - 任务执行完成: taskId=e85196c1-59b4-4bc7-834e-5a71ec6ceb00, status=SUCCEEDED
2026-10-06 00:28:48.082 [pool-2-thread-3] [] INFO  c.c.g.r.c.t.s.TaskSchedulerServiceImpl - 定时任务已提交执行 taskId=e85196c1-59b4-4bc7-834e-5a71ec6ceb00 taskType=AUTO_COLLECT_SCAN scheduleId=5ec0f85a-1af7-4064-9ba5-713b4847ec50
2026-10-06 00:29:48.089 [pool-2-thread-3] [] INFO  c.c.g.r.c.t.s.i.TaskManagementServiceImpl - 任务已提交: taskId=e85196c1-59b4-4bc7-834e-5a71ec6ceb00, taskName=auto-collect-scan
2026-10-06 00:29:48.091 [pool-2-thread-3] [] INFO  c.c.g.r.c.t.s.i.TaskManagementServiceImpl - 任务已解析: taskId=e85196c1-59b4-4bc7-834e-5a71ec6ceb00
2026-10-06 00:29:48.094 [pool-2-thread-3] [] WARN  c.c.g.e.d.m.AutoCollectScheduler - AutoCollectScheduler 扫描失败: null
2026-10-06 00:29:48.096 [pool-2-thread-3] [] INFO  c.c.g.r.c.t.s.i.TaskManagementServiceImpl - 任务执行完成: taskId=e85196c1-59b4-4bc7-834e-5a71ec6ceb00, status=SUCCEEDED
2026-10-06 00:29:48.098 [pool-2-thread-3] [] INFO  c.c.g.r.c.t.s.TaskSchedulerServiceImpl - 定时任务已提交执行 taskId=e85196c1-59b4-4bc7-834e-5a71ec6ceb00 taskType=AUTO_COLLECT_SCAN scheduleId=5ec0f85a-1af7-4064-9ba5-713b4847ec50
2026-10-06 00:30:48.086 [pool-2-thread-3] [] INFO  c.c.g.r.c.t.s.i.TaskManagementServiceImpl - 任务已提交: taskId=e85196c1-59b4-4bc7-834e-5a71ec6ceb00, taskName=auto-collect-scan
2026-10-06 00:30:48.091 [pool-2-thread-3] [] INFO  c.c.g.r.c.t.s.i.TaskManagementServiceImpl - 任务已解析: taskId=e85196c1-59b4-4bc7-834e-5a71ec6ceb00
2026-10-06 00:30:48.096 [pool-2-thread-3] [] WARN  c.c.g.e.d.m.AutoCollectScheduler - AutoCollectScheduler 扫描失败: null
2026-10-06 00:30:48.099 [pool-2-thread-3] [] INFO  c.c.g.r.c.t.s.i.TaskManagementServiceImpl - 任务执行完成: taskId=e85196c1-59b4-4bc7-834e-5a71ec6ceb00, status=SUCCEEDED
2026-10-06 00:30:48.104 [pool-2-thread-3] [] INFO  c.c.g.r.c.t.s.TaskSchedulerServiceImpl - 定时任务已提交执行 taskId=e85196c1-59b4-4bc7-834e-5a71ec6ceb00 taskType=AUTO_COLLECT_SCAN scheduleId=5ec0f85a-1af7-4064-9ba5-713b4847ec50
2026-10-06 00:31:48.085 [pool-2-thread-3] [] INFO  c.c.g.r.c.t.s.i.TaskManagementServiceImpl - 任务已提交: taskId=e85196c1-59b4-4bc7-834e-5a71ec6ceb00, taskName=auto-collect-scan
2026-10-06 00:31:48.089 [pool-2-thread-3] [] INFO  c.c.g.r.c.t.s.i.TaskManagementServiceImpl - 任务已解析: taskId=e85196c1-59b4-4bc7-834e-5a71ec6ceb00
2026-10-06 00:31:48.092 [pool-2-thread-3] [] WARN  c.c.g.e.d.m.AutoCollectScheduler - AutoCollectScheduler 扫描失败: null
2026-10-06 00:31:48.095 [pool-2-thread-3] [] INFO  c.c.g.r.c.t.s.i.TaskManagementServiceImpl - 任务执行完成: taskId=e85196c1-59b4-4bc7-834e-5a71ec6ceb00, status=SUCCEEDED
2026-10-06 00:31:48.097 [pool-2-thread-3] [] INFO  c.c.g.r.c.t.s.TaskSchedulerServiceImpl - 定时任务已提交执行 taskId=e85196c1-59b4-4bc7-834e-5a71ec6ceb00 taskType=AUTO_COLLECT_SCAN scheduleId=5ec0f85a-1af7-4064-9ba5-713b4847ec50
2026-10-06 00:32:48.088 [pool-2-thread-4] [] INFO  c.c.g.r.c.t.s.i.TaskManagementServiceImpl - 任务已提交: taskId=e85196c1-59b4-4bc7-834e-5a71ec6ceb00, taskName=auto-collect-scan
2026-10-06 00:32:48.089 [pool-2-thread-4] [] INFO  c.c.g.r.c.t.s.i.TaskManagementServiceImpl - 任务已解析: taskId=e85196c1-59b4-4bc7-834e-5a71ec6ceb00
2026-10-06 00:32:48.091 [pool-2-thread-4] [] WARN  c.c.g.e.d.m.AutoCollectScheduler - AutoCollectScheduler 扫描失败: null
2026-10-06 00:32:48.093 [pool-2-thread-4] [] INFO  c.c.g.r.c.t.s.i.TaskManagementServiceImpl - 任务执行完成: taskId=e85196c1-59b4-4bc7-834e-5a71ec6ceb00, status=SUCCEEDED
2026-10-06 00:32:48.095 [pool-2-thread-4] [] INFO  c.c.g.r.c.t.s.TaskSchedulerServiceImpl - 定时任务已提交执行 taskId=e85196c1-59b4-4bc7-834e-5a71ec6ceb00 taskType=AUTO_COLLECT_SCAN scheduleId=5ec0f85a-1af7-4064-9ba5-713b4847ec50
2026-10-06 00:33:48.083 [pool-2-thread-4] [] INFO  c.c.g.r.c.t.s.i.TaskManagementServiceImpl - 任务已提交: taskId=e85196c1-59b4-4bc7-834e-5a71ec6ceb00, taskName=auto-collect-scan
2026-10-06 00:33:48.087 [pool-2-thread-4] [] INFO  c.c.g.r.c.t.s.i.TaskManagementServiceImpl - 任务已解析: taskId=e85196c1-59b4-4bc7-834e-5a71ec6ceb00
2026-10-06 00:33:48.089 [pool-2-thread-4] [] WARN  c.c.g.e.d.m.AutoCollectScheduler - AutoCollectScheduler 扫描失败: null
2026-10-06 00:33:48.091 [pool-2-thread-4] [] INFO  c.c.g.r.c.t.s.i.TaskManagementServiceImpl - 任务执行完成: taskId=e85196c1-59b4-4bc7-834e-5a71ec6ceb00, status=SUCCEEDED
2026-10-06 00:33:48.092 [pool-2-thread-4] [] INFO  c.c.g.r.c.t.s.TaskSchedulerServiceImpl - 定时任务已提交执行 taskId=e85196c1-59b4-4bc7-834e-5a71ec6ceb00 taskType=AUTO_COLLECT_SCAN scheduleId=5ec0f85a-1af7-4064-9ba5-713b4847ec50
2026-10-06 00:34:48.089 [pool-2-thread-4] [] INFO  c.c.g.r.c.t.s.i.TaskManagementServiceImpl - 任务已提交: taskId=e85196c1-59b4-4bc7-834e-5a71ec6ceb00, taskName=auto-collect-scan
2026-10-06 00:34:48.101 [pool-2-thread-4] [] INFO  c.c.g.r.c.t.s.i.TaskManagementServiceImpl - 任务已解析: taskId=e85196c1-59b4-4bc7-834e-5a71ec6ceb00
2026-10-06 00:34:48.104 [pool-2-thread-4] [] WARN  c.c.g.e.d.m.AutoCollectScheduler - AutoCollectScheduler 扫描失败: null
2026-10-06 00:34:48.106 [pool-2-thread-4] [] INFO  c.c.g.r.c.t.s.i.TaskManagementServiceImpl - 任务执行完成: taskId=e85196c1-59b4-4bc7-834e-5a71ec6ceb00, status=SUCCEEDED
2026-10-06 00:34:48.107 [pool-2-thread-4] [] INFO  c.c.g.r.c.t.s.TaskSchedulerServiceImpl - 定时任务已提交执行 taskId=e85196c1-59b4-4bc7-834e-5a71ec6ceb00 taskType=AUTO_COLLECT_SCAN scheduleId=5ec0f85a-1af7-4064-9ba5-713b4847ec50
2026-10-06 00:35:48.085 [pool-2-thread-4] [] INFO  c.c.g.r.c.t.s.i.TaskManagementServiceImpl - 任务已提交: taskId=e85196c1-59b4-4bc7-834e-5a71ec6ceb00, taskName=auto-collect-scan
2026-10-06 00:35:48.087 [pool-2-thread-4] [] INFO  c.c.g.r.c.t.s.i.TaskManagementServiceImpl - 任务已解析: taskId=e85196c1-59b4-4bc7-834e-5a71ec6ceb00
2026-10-06 00:35:48.090 [pool-2-thread-4] [] WARN  c.c.g.e.d.m.AutoCollectScheduler - AutoCollectScheduler 扫描失败: null
2026-10-06 00:35:48.091 [pool-2-thread-4] [] INFO  c.c.g.r.c.t.s.i.TaskManagementServiceImpl - 任务执行完成: taskId=e85196c1-59b4-4bc7-834e-5a71ec6ceb00, status=SUCCEEDED
2026-10-06 00:35:48.092 [pool-2-thread-4] [] INFO  c.c.g.r.c.t.s.TaskSchedulerServiceImpl - 定时任务已提交执行 taskId=e85196c1-59b4-4bc7-834e-5a71ec6ceb00 taskType=AUTO_COLLECT_SCAN scheduleId=5ec0f85a-1af7-4064-9ba5-713b4847ec50
2026-10-06 00:36:48.084 [pool-2-thread-4] [] INFO  c.c.g.r.c.t.s.i.TaskManagementServiceImpl - 任务已提交: taskId=e85196c1-59b4-4bc7-834e-5a71ec6ceb00, taskName=auto-collect-scan
2026-10-06 00:36:48.086 [pool-2-thread-4] [] INFO  c.c.g.r.c.t.s.i.TaskManagementServiceImpl - 任务已解析: taskId=e85196c1-59b4-4bc7-834e-5a71ec6ceb00
2026-10-06 00:36:48.088 [pool-2-thread-4] [] WARN  c.c.g.e.d.m.AutoCollectScheduler - AutoCollectScheduler 扫描失败: null
2026-10-06 00:36:48.090 [pool-2-thread-4] [] INFO  c.c.g.r.c.t.s.i.TaskManagementServiceImpl - 任务执行完成: taskId=e85196c1-59b4-4bc7-834e-5a71ec6ceb00, status=SUCCEEDED
2026-10-06 00:36:48.091 [pool-2-thread-4] [] INFO  c.c.g.r.c.t.s.TaskSchedulerServiceImpl - 定时任务已提交执行 taskId=e85196c1-59b4-4bc7-834e-5a71ec6ceb00 taskType=AUTO_COLLECT_SCAN scheduleId=5ec0f85a-1af7-4064-9ba5-713b4847ec50
2026-10-06 00:37:48.087 [pool-2-thread-4] [] INFO  c.c.g.r.c.t.s.i.TaskManagementServiceImpl - 任务已提交: taskId=e85196c1-59b4-4bc7-834e-5a71ec6ceb00, taskName=auto-collect-scan
2026-10-06 00:37:48.089 [pool-2-thread-4] [] INFO  c.c.g.r.c.t.s.i.TaskManagementServiceImpl - 任务已解析: taskId=e85196c1-59b4-4bc7-834e-5a71ec6ceb00
2026-10-06 00:37:48.092 [pool-2-thread-4] [] WARN  c.c.g.e.d.m.AutoCollectScheduler - AutoCollectScheduler 扫描失败: null
2026-10-06 00:37:48.095 [pool-2-thread-4] [] INFO  c.c.g.r.c.t.s.i.TaskManagementServiceImpl - 任务执行完成: taskId=e85196c1-59b4-4bc7-834e-5a71ec6ceb00, status=SUCCEEDED
2026-10-06 00:37:48.097 [pool-2-thread-4] [] INFO  c.c.g.r.c.t.s.TaskSchedulerServiceImpl - 定时任务已提交执行 taskId=e85196c1-59b4-4bc7-834e-5a71ec6ceb00 taskType=AUTO_COLLECT_SCAN scheduleId=5ec0f85a-1af7-4064-9ba5-713b4847ec50
2026-10-06 00:38:48.086 [pool-2-thread-4] [] INFO  c.c.g.r.c.t.s.i.TaskManagementServiceImpl - 任务已提交: taskId=e85196c1-59b4-4bc7-834e-5a71ec6ceb00, taskName=auto-collect-scan
2026-10-06 00:38:48.097 [pool-2-thread-4] [] INFO  c.c.g.r.c.t.s.i.TaskManagementServiceImpl - 任务已解析: taskId=e85196c1-59b4-4bc7-834e-5a71ec6ceb00
2026-10-06 00:38:48.100 [pool-2-thread-4] [] WARN  c.c.g.e.d.m.AutoCollectScheduler - AutoCollectScheduler 扫描失败: null
2026-10-06 00:38:48.102 [pool-2-thread-4] [] INFO  c.c.g.r.c.t.s.i.TaskManagementServiceImpl - 任务执行完成: taskId=e85196c1-59b4-4bc7-834e-5a71ec6ceb00, status=SUCCEEDED
2026-10-06 00:38:48.103 [pool-2-thread-4] [] INFO  c.c.g.r.c.t.s.TaskSchedulerServiceImpl - 定时任务已提交执行 taskId=e85196c1-59b4-4bc7-834e-5a71ec6ceb00 taskType=AUTO_COLLECT_SCAN scheduleId=5ec0f85a-1af7-4064-9ba5-713b4847ec50
2026-10-06 00:39:48.074 [pool-2-thread-4] [] INFO  c.c.g.r.c.t.s.i.TaskManagementServiceImpl - 任务已提交: taskId=e85196c1-59b4-4bc7-834e-5a71ec6ceb00, taskName=auto-collect-scan
2026-10-06 00:39:48.086 [pool-2-thread-4] [] INFO  c.c.g.r.c.t.s.i.TaskManagementServiceImpl - 任务已解析: taskId=e85196c1-59b4-4bc7-834e-5a71ec6ceb00
2026-10-06 00:39:48.089 [pool-2-thread-4] [] WARN  c.c.g.e.d.m.AutoCollectScheduler - AutoCollectScheduler 扫描失败: null
2026-10-06 00:39:48.091 [pool-2-thread-4] [] INFO  c.c.g.r.c.t.s.i.TaskManagementServiceImpl - 任务执行完成: taskId=e85196c1-59b4-4bc7-834e-5a71ec6ceb00, status=SUCCEEDED
2026-10-06 00:39:48.093 [pool-2-thread-4] [] INFO  c.c.g.r.c.t.s.TaskSchedulerServiceImpl - 定时任务已提交执行 taskId=e85196c1-59b4-4bc7-834e-5a71ec6ceb00 taskType=AUTO_COLLECT_SCAN scheduleId=5ec0f85a-1af7-4064-9ba5-713b4847ec50
2026-10-06 00:40:48.075 [pool-2-thread-4] [] INFO  c.c.g.r.c.t.s.i.TaskManagementServiceImpl - 任务已提交: taskId=e85196c1-59b4-4bc7-834e-5a71ec6ceb00, taskName=auto-collect-scan
2026-10-06 00:40:48.078 [pool-2-thread-4] [] INFO  c.c.g.r.c.t.s.i.TaskManagementServiceImpl - 任务已解析: taskId=e85196c1-59b4-4bc7-834e-5a71ec6ceb00
2026-10-06 00:40:48.081 [pool-2-thread-4] [] WARN  c.c.g.e.d.m.AutoCollectScheduler - AutoCollectScheduler 扫描失败: null
2026-10-06 00:40:48.082 [pool-2-thread-4] [] INFO  c.c.g.r.c.t.s.i.TaskManagementServiceImpl - 任务执行完成: taskId=e85196c1-59b4-4bc7-834e-5a71ec6ceb00, status=SUCCEEDED
2026-10-06 00:40:48.084 [pool-2-thread-4] [] INFO  c.c.g.r.c.t.s.TaskSchedulerServiceImpl - 定时任务已提交执行 taskId=e85196c1-59b4-4bc7-834e-5a71ec6ceb00 taskType=AUTO_COLLECT_SCAN scheduleId=5ec0f85a-1af7-4064-9ba5-713b4847ec50
2026-10-06 00:41:48.083 [pool-2-thread-4] [] INFO  c.c.g.r.c.t.s.i.TaskManagementServiceImpl - 任务已提交: taskId=e85196c1-59b4-4bc7-834e-5a71ec6ceb00, taskName=auto-collect-scan
2026-10-06 00:41:48.087 [pool-2-thread-4] [] INFO  c.c.g.r.c.t.s.i.TaskManagementServiceImpl - 任务已解析: taskId=e85196c1-59b4-4bc7-834e-5a71ec6ceb00
2026-10-06 00:41:48.091 [pool-2-thread-4] [] WARN  c.c.g.e.d.m.AutoCollectScheduler - AutoCollectScheduler 扫描失败: null
2026-10-06 00:41:48.094 [pool-2-thread-4] [] INFO  c.c.g.r.c.t.s.i.TaskManagementServiceImpl - 任务执行完成: taskId=e85196c1-59b4-4bc7-834e-5a71ec6ceb00, status=SUCCEEDED
2026-10-06 00:41:48.095 [pool-2-thread-4] [] INFO  c.c.g.r.c.t.s.TaskSchedulerServiceImpl - 定时任务已提交执行 taskId=e85196c1-59b4-4bc7-834e-5a71ec6ceb00 taskType=AUTO_COLLECT_SCAN scheduleId=5ec0f85a-1af7-4064-9ba5-713b4847ec50
2026-10-06 00:42:48.087 [pool-2-thread-4] [] INFO  c.c.g.r.c.t.s.i.TaskManagementServiceImpl - 任务已提交: taskId=e85196c1-59b4-4bc7-834e-5a71ec6ceb00, taskName=auto-collect-scan
2026-10-06 00:42:48.091 [pool-2-thread-4] [] INFO  c.c.g.r.c.t.s.i.TaskManagementServiceImpl - 任务已解析: taskId=e85196c1-59b4-4bc7-834e-5a71ec6ceb00
2026-10-06 00:42:48.094 [pool-2-thread-4] [] WARN  c.c.g.e.d.m.AutoCollectScheduler - AutoCollectScheduler 扫描失败: null
2026-10-06 00:42:48.097 [pool-2-thread-4] [] INFO  c.c.g.r.c.t.s.i.TaskManagementServiceImpl - 任务执行完成: taskId=e85196c1-59b4-4bc7-834e-5a71ec6ceb00, status=SUCCEEDED
2026-10-06 00:42:48.099 [pool-2-thread-4] [] INFO  c.c.g.r.c.t.s.TaskSchedulerServiceImpl - 定时任务已提交执行 taskId=e85196c1-59b4-4bc7-834e-5a71ec6ceb00 taskType=AUTO_COLLECT_SCAN scheduleId=5ec0f85a-1af7-4064-9ba5-713b4847ec50
2026-10-06 00:43:48.079 [pool-2-thread-4] [] INFO  c.c.g.r.c.t.s.i.TaskManagementServiceImpl - 任务已提交: taskId=e85196c1-59b4-4bc7-834e-5a71ec6ceb00, taskName=auto-collect-scan
2026-10-06 00:43:48.088 [pool-2-thread-4] [] INFO  c.c.g.r.c.t.s.i.TaskManagementServiceImpl - 任务已解析: taskId=e85196c1-59b4-4bc7-834e-5a71ec6ceb00
2026-10-06 00:43:48.090 [pool-2-thread-4] [] WARN  c.c.g.e.d.m.AutoCollectScheduler - AutoCollectScheduler 扫描失败: null
2026-10-06 00:43:48.091 [pool-2-thread-4] [] INFO  c.c.g.r.c.t.s.i.TaskManagementServiceImpl - 任务执行完成: taskId=e85196c1-59b4-4bc7-834e-5a71ec6ceb00, status=SUCCEEDED
2026-10-06 00:43:48.091 [pool-2-thread-4] [] INFO  c.c.g.r.c.t.s.TaskSchedulerServiceImpl - 定时任务已提交执行 taskId=e85196c1-59b4-4bc7-834e-5a71ec6ceb00 taskType=AUTO_COLLECT_SCAN scheduleId=5ec0f85a-1af7-4064-9ba5-713b4847ec50
2026-10-06 00:44:48.087 [pool-2-thread-4] [] INFO  c.c.g.r.c.t.s.i.TaskManagementServiceImpl - 任务已提交: taskId=e85196c1-59b4-4bc7-834e-5a71ec6ceb00, taskName=auto-collect-scan
2026-10-06 00:44:48.090 [pool-2-thread-4] [] INFO  c.c.g.r.c.t.s.i.TaskManagementServiceImpl - 任务已解析: taskId=e85196c1-59b4-4bc7-834e-5a71ec6ceb00
2026-10-06 00:44:48.092 [pool-2-thread-4] [] WARN  c.c.g.e.d.m.AutoCollectScheduler - AutoCollectScheduler 扫描失败: null
2026-10-06 00:44:48.095 [pool-2-thread-4] [] INFO  c.c.g.r.c.t.s.i.TaskManagementServiceImpl - 任务执行完成: taskId=e85196c1-59b4-4bc7-834e-5a71ec6ceb00, status=SUCCEEDED
2026-10-06 00:44:48.097 [pool-2-thread-4] [] INFO  c.c.g.r.c.t.s.TaskSchedulerServiceImpl - 定时任务已提交执行 taskId=e85196c1-59b4-4bc7-834e-5a71ec6ceb00 taskType=AUTO_COLLECT_SCAN scheduleId=5ec0f85a-1af7-4064-9ba5-713b4847ec50
2026-10-06 00:45:48.087 [pool-2-thread-4] [] INFO  c.c.g.r.c.t.s.i.TaskManagementServiceImpl - 任务已提交: taskId=e85196c1-59b4-4bc7-834e-5a71ec6ceb00, taskName=auto-collect-scan
2026-10-06 00:45:48.090 [pool-2-thread-4] [] INFO  c.c.g.r.c.t.s.i.TaskManagementServiceImpl - 任务已解析: taskId=e85196c1-59b4-4bc7-834e-5a71ec6ceb00
2026-10-06 00:45:48.095 [pool-2-thread-4] [] WARN  c.c.g.e.d.m.AutoCollectScheduler - AutoCollectScheduler 扫描失败: null
2026-10-06 00:45:48.099 [pool-2-thread-4] [] INFO  c.c.g.r.c.t.s.i.TaskManagementServiceImpl - 任务执行完成: taskId=e85196c1-59b4-4bc7-834e-5a71ec6ceb00, status=SUCCEEDED
2026-10-06 00:45:48.101 [pool-2-thread-4] [] INFO  c.c.g.r.c.t.s.TaskSchedulerServiceImpl - 定时任务已提交执行 taskId=e85196c1-59b4-4bc7-834e-5a71ec6ceb00 taskType=AUTO_COLLECT_SCAN scheduleId=5ec0f85a-1af7-4064-9ba5-713b4847ec50
2026-10-06 00:46:48.078 [pool-2-thread-4] [] INFO  c.c.g.r.c.t.s.i.TaskManagementServiceImpl - 任务已提交: taskId=e85196c1-59b4-4bc7-834e-5a71ec6ceb00, taskName=auto-collect-scan
2026-10-06 00:46:48.080 [pool-2-thread-4] [] INFO  c.c.g.r.c.t.s.i.TaskManagementServiceImpl - 任务已解析: taskId=e85196c1-59b4-4bc7-834e-5a71ec6ceb00
2026-10-06 00:46:48.082 [pool-2-thread-4] [] WARN  c.c.g.e.d.m.AutoCollectScheduler - AutoCollectScheduler 扫描失败: null
2026-10-06 00:46:48.083 [pool-2-thread-4] [] INFO  c.c.g.r.c.t.s.i.TaskManagementServiceImpl - 任务执行完成: taskId=e85196c1-59b4-4bc7-834e-5a71ec6ceb00, status=SUCCEEDED
2026-10-06 00:46:48.085 [pool-2-thread-4] [] INFO  c.c.g.r.c.t.s.TaskSchedulerServiceImpl - 定时任务已提交执行 taskId=e85196c1-59b4-4bc7-834e-5a71ec6ceb00 taskType=AUTO_COLLECT_SCAN scheduleId=5ec0f85a-1af7-4064-9ba5-713b4847ec50
2026-10-06 00:47:48.082 [pool-2-thread-4] [] INFO  c.c.g.r.c.t.s.i.TaskManagementServiceImpl - 任务已提交: taskId=e85196c1-59b4-4bc7-834e-5a71ec6ceb00, taskName=auto-collect-scan
2026-10-06 00:47:48.084 [pool-2-thread-4] [] INFO  c.c.g.r.c.t.s.i.TaskManagementServiceImpl - 任务已解析: taskId=e85196c1-59b4-4bc7-834e-5a71ec6ceb00
2026-10-06 00:47:48.085 [pool-2-thread-4] [] WARN  c.c.g.e.d.m.AutoCollectScheduler - AutoCollectScheduler 扫描失败: null
2026-10-06 00:47:48.086 [pool-2-thread-4] [] INFO  c.c.g.r.c.t.s.i.TaskManagementServiceImpl - 任务执行完成: taskId=e85196c1-59b4-4bc7-834e-5a71ec6ceb00, status=SUCCEEDED
2026-10-06 00:47:48.086 [pool-2-thread-4] [] INFO  c.c.g.r.c.t.s.TaskSchedulerServiceImpl - 定时任务已提交执行 taskId=e85196c1-59b4-4bc7-834e-5a71ec6ceb00 taskType=AUTO_COLLECT_SCAN scheduleId=5ec0f85a-1af7-4064-9ba5-713b4847ec50
2026-10-06 00:48:48.074 [pool-2-thread-4] [] INFO  c.c.g.r.c.t.s.i.TaskManagementServiceImpl - 任务已提交: taskId=e85196c1-59b4-4bc7-834e-5a71ec6ceb00, taskName=auto-collect-scan
2026-10-06 00:48:48.088 [pool-2-thread-4] [] INFO  c.c.g.r.c.t.s.i.TaskManagementServiceImpl - 任务已解析: taskId=e85196c1-59b4-4bc7-834e-5a71ec6ceb00
2026-10-06 00:48:48.093 [pool-2-thread-4] [] WARN  c.c.g.e.d.m.AutoCollectScheduler - AutoCollectScheduler 扫描失败: null
2026-10-06 00:48:48.097 [pool-2-thread-4] [] INFO  c.c.g.r.c.t.s.i.TaskManagementServiceImpl - 任务执行完成: taskId=e85196c1-59b4-4bc7-834e-5a71ec6ceb00, status=SUCCEEDED
2026-10-06 00:48:48.100 [pool-2-thread-4] [] INFO  c.c.g.r.c.t.s.TaskSchedulerServiceImpl - 定时任务已提交执行 taskId=e85196c1-59b4-4bc7-834e-5a71ec6ceb00 taskType=AUTO_COLLECT_SCAN scheduleId=5ec0f85a-1af7-4064-9ba5-713b4847ec50
2026-10-06 00:49:48.079 [pool-2-thread-4] [] INFO  c.c.g.r.c.t.s.i.TaskManagementServiceImpl - 任务已提交: taskId=e85196c1-59b4-4bc7-834e-5a71ec6ceb00, taskName=auto-collect-scan
2026-10-06 00:49:48.081 [pool-2-thread-4] [] INFO  c.c.g.r.c.t.s.i.TaskManagementServiceImpl - 任务已解析: taskId=e85196c1-59b4-4bc7-834e-5a71ec6ceb00
2026-10-06 00:49:48.083 [pool-2-thread-4] [] WARN  c.c.g.e.d.m.AutoCollectScheduler - AutoCollectScheduler 扫描失败: null
2026-10-06 00:49:48.084 [pool-2-thread-4] [] INFO  c.c.g.r.c.t.s.i.TaskManagementServiceImpl - 任务执行完成: taskId=e85196c1-59b4-4bc7-834e-5a71ec6ceb00, status=SUCCEEDED
2026-10-06 00:49:48.086 [pool-2-thread-4] [] INFO  c.c.g.r.c.t.s.TaskSchedulerServiceImpl - 定时任务已提交执行 taskId=e85196c1-59b4-4bc7-834e-5a71ec6ceb00 taskType=AUTO_COLLECT_SCAN scheduleId=5ec0f85a-1af7-4064-9ba5-713b4847ec50
2026-10-06 00:50:48.079 [pool-2-thread-4] [] INFO  c.c.g.r.c.t.s.i.TaskManagementServiceImpl - 任务已提交: taskId=e85196c1-59b4-4bc7-834e-5a71ec6ceb00, taskName=auto-collect-scan
2026-10-06 00:50:48.084 [pool-2-thread-4] [] INFO  c.c.g.r.c.t.s.i.TaskManagementServiceImpl - 任务已解析: taskId=e85196c1-59b4-4bc7-834e-5a71ec6ceb00
2026-10-06 00:50:48.087 [pool-2-thread-4] [] WARN  c.c.g.e.d.m.AutoCollectScheduler - AutoCollectScheduler 扫描失败: null
2026-10-06 00:50:48.090 [pool-2-thread-4] [] INFO  c.c.g.r.c.t.s.i.TaskManagementServiceImpl - 任务执行完成: taskId=e85196c1-59b4-4bc7-834e-5a71ec6ceb00, status=SUCCEEDED
2026-10-06 00:50:48.093 [pool-2-thread-4] [] INFO  c.c.g.r.c.t.s.TaskSchedulerServiceImpl - 定时任务已提交执行 taskId=e85196c1-59b4-4bc7-834e-5a71ec6ceb00 taskType=AUTO_COLLECT_SCAN scheduleId=5ec0f85a-1af7-4064-9ba5-713b4847ec50
2026-10-06 00:51:48.081 [pool-2-thread-4] [] INFO  c.c.g.r.c.t.s.i.TaskManagementServiceImpl - 任务已提交: taskId=e85196c1-59b4-4bc7-834e-5a71ec6ceb00, taskName=auto-collect-scan
2026-10-06 00:51:48.087 [pool-2-thread-4] [] INFO  c.c.g.r.c.t.s.i.TaskManagementServiceImpl - 任务已解析: taskId=e85196c1-59b4-4bc7-834e-5a71ec6ceb00
2026-10-06 00:51:48.091 [pool-2-thread-4] [] WARN  c.c.g.e.d.m.AutoCollectScheduler - AutoCollectScheduler 扫描失败: null
2026-10-06 00:51:48.095 [pool-2-thread-4] [] INFO  c.c.g.r.c.t.s.i.TaskManagementServiceImpl - 任务执行完成: taskId=e85196c1-59b4-4bc7-834e-5a71ec6ceb00, status=SUCCEEDED
2026-10-06 00:51:48.098 [pool-2-thread-4] [] INFO  c.c.g.r.c.t.s.TaskSchedulerServiceImpl - 定时任务已提交执行 taskId=e85196c1-59b4-4bc7-834e-5a71ec6ceb00 taskType=AUTO_COLLECT_SCAN scheduleId=5ec0f85a-1af7-4064-9ba5-713b4847ec50
2026-10-06 00:52:48.083 [pool-2-thread-4] [] INFO  c.c.g.r.c.t.s.i.TaskManagementServiceImpl - 任务已提交: taskId=e85196c1-59b4-4bc7-834e-5a71ec6ceb00, taskName=auto-collect-scan
2026-10-06 00:52:48.092 [pool-2-thread-4] [] INFO  c.c.g.r.c.t.s.i.TaskManagementServiceImpl - 任务已解析: taskId=e85196c1-59b4-4bc7-834e-5a71ec6ceb00
2026-10-06 00:52:48.103 [pool-2-thread-4] [] WARN  c.c.g.e.d.m.AutoCollectScheduler - AutoCollectScheduler 扫描失败: null
2026-10-06 00:52:48.114 [pool-2-thread-4] [] INFO  c.c.g.r.c.t.s.i.TaskManagementServiceImpl - 任务执行完成: taskId=e85196c1-59b4-4bc7-834e-5a71ec6ceb00, status=SUCCEEDED
2026-10-06 00:52:48.121 [pool-2-thread-4] [] INFO  c.c.g.r.c.t.s.TaskSchedulerServiceImpl - 定时任务已提交执行 taskId=e85196c1-59b4-4bc7-834e-5a71ec6ceb00 taskType=AUTO_COLLECT_SCAN scheduleId=5ec0f85a-1af7-4064-9ba5-713b4847ec50
2026-10-06 00:53:48.082 [pool-2-thread-4] [] INFO  c.c.g.r.c.t.s.i.TaskManagementServiceImpl - 任务已提交: taskId=e85196c1-59b4-4bc7-834e-5a71ec6ceb00, taskName=auto-collect-scan
2026-10-06 00:53:48.091 [pool-2-thread-4] [] INFO  c.c.g.r.c.t.s.i.TaskManagementServiceImpl - 任务已解析: taskId=e85196c1-59b4-4bc7-834e-5a71ec6ceb00
2026-10-06 00:53:48.101 [pool-2-thread-4] [] WARN  c.c.g.e.d.m.AutoCollectScheduler - AutoCollectScheduler 扫描失败: null
2026-10-06 00:53:48.108 [pool-2-thread-4] [] INFO  c.c.g.r.c.t.s.i.TaskManagementServiceImpl - 任务执行完成: taskId=e85196c1-59b4-4bc7-834e-5a71ec6ceb00, status=SUCCEEDED
2026-10-06 00:53:48.115 [pool-2-thread-4] [] INFO  c.c.g.r.c.t.s.TaskSchedulerServiceImpl - 定时任务已提交执行 taskId=e85196c1-59b4-4bc7-834e-5a71ec6ceb00 taskType=AUTO_COLLECT_SCAN scheduleId=5ec0f85a-1af7-4064-9ba5-713b4847ec50
2026-10-06 00:54:48.085 [pool-2-thread-4] [] INFO  c.c.g.r.c.t.s.i.TaskManagementServiceImpl - 任务已提交: taskId=e85196c1-59b4-4bc7-834e-5a71ec6ceb00, taskName=auto-collect-scan
2026-10-06 00:54:48.088 [pool-2-thread-4] [] INFO  c.c.g.r.c.t.s.i.TaskManagementServiceImpl - 任务已解析: taskId=e85196c1-59b4-4bc7-834e-5a71ec6ceb00
2026-10-06 00:54:48.091 [pool-2-thread-4] [] WARN  c.c.g.e.d.m.AutoCollectScheduler - AutoCollectScheduler 扫描失败: null
2026-10-06 00:54:48.093 [pool-2-thread-4] [] INFO  c.c.g.r.c.t.s.i.TaskManagementServiceImpl - 任务执行完成: taskId=e85196c1-59b4-4bc7-834e-5a71ec6ceb00, status=SUCCEEDED
2026-10-06 00:54:48.095 [pool-2-thread-4] [] INFO  c.c.g.r.c.t.s.TaskSchedulerServiceImpl - 定时任务已提交执行 taskId=e85196c1-59b4-4bc7-834e-5a71ec6ceb00 taskType=AUTO_COLLECT_SCAN scheduleId=5ec0f85a-1af7-4064-9ba5-713b4847ec50
2026-10-06 00:55:48.084 [pool-2-thread-4] [] INFO  c.c.g.r.c.t.s.i.TaskManagementServiceImpl - 任务已提交: taskId=e85196c1-59b4-4bc7-834e-5a71ec6ceb00, taskName=auto-collect-scan
2026-10-06 00:55:48.085 [pool-2-thread-4] [] INFO  c.c.g.r.c.t.s.i.TaskManagementServiceImpl - 任务已解析: taskId=e85196c1-59b4-4bc7-834e-5a71ec6ceb00
2026-10-06 00:55:48.087 [pool-2-thread-4] [] WARN  c.c.g.e.d.m.AutoCollectScheduler - AutoCollectScheduler 扫描失败: null
2026-10-06 00:55:48.089 [pool-2-thread-4] [] INFO  c.c.g.r.c.t.s.i.TaskManagementServiceImpl - 任务执行完成: taskId=e85196c1-59b4-4bc7-834e-5a71ec6ceb00, status=SUCCEEDED
2026-10-06 00:55:48.090 [pool-2-thread-4] [] INFO  c.c.g.r.c.t.s.TaskSchedulerServiceImpl - 定时任务已提交执行 taskId=e85196c1-59b4-4bc7-834e-5a71ec6ceb00 taskType=AUTO_COLLECT_SCAN scheduleId=5ec0f85a-1af7-4064-9ba5-713b4847ec50
2026-10-06 00:56:48.080 [pool-2-thread-4] [] INFO  c.c.g.r.c.t.s.i.TaskManagementServiceImpl - 任务已提交: taskId=e85196c1-59b4-4bc7-834e-5a71ec6ceb00, taskName=auto-collect-scan
2026-10-06 00:56:48.084 [pool-2-thread-4] [] INFO  c.c.g.r.c.t.s.i.TaskManagementServiceImpl - 任务已解析: taskId=e85196c1-59b4-4bc7-834e-5a71ec6ceb00
2026-10-06 00:56:48.088 [pool-2-thread-4] [] WARN  c.c.g.e.d.m.AutoCollectScheduler - AutoCollectScheduler 扫描失败: null
2026-10-06 00:56:48.091 [pool-2-thread-4] [] INFO  c.c.g.r.c.t.s.i.TaskManagementServiceImpl - 任务执行完成: taskId=e85196c1-59b4-4bc7-834e-5a71ec6ceb00, status=SUCCEEDED
2026-10-06 00:56:48.093 [pool-2-thread-4] [] INFO  c.c.g.r.c.t.s.TaskSchedulerServiceImpl - 定时任务已提交执行 taskId=e85196c1-59b4-4bc7-834e-5a71ec6ceb00 taskType=AUTO_COLLECT_SCAN scheduleId=5ec0f85a-1af7-4064-9ba5-713b4847ec50
2026-10-06 00:57:48.081 [pool-2-thread-4] [] INFO  c.c.g.r.c.t.s.i.TaskManagementServiceImpl - 任务已提交: taskId=e85196c1-59b4-4bc7-834e-5a71ec6ceb00, taskName=auto-collect-scan
2026-10-06 00:57:48.092 [pool-2-thread-4] [] INFO  c.c.g.r.c.t.s.i.TaskManagementServiceImpl - 任务已解析: taskId=e85196c1-59b4-4bc7-834e-5a71ec6ceb00
2026-10-06 00:57:48.096 [pool-2-thread-4] [] WARN  c.c.g.e.d.m.AutoCollectScheduler - AutoCollectScheduler 扫描失败: null
2026-10-06 00:57:48.098 [pool-2-thread-4] [] INFO  c.c.g.r.c.t.s.i.TaskManagementServiceImpl - 任务执行完成: taskId=e85196c1-59b4-4bc7-834e-5a71ec6ceb00, status=SUCCEEDED
2026-10-06 00:57:48.100 [pool-2-thread-4] [] INFO  c.c.g.r.c.t.s.TaskSchedulerServiceImpl - 定时任务已提交执行 taskId=e85196c1-59b4-4bc7-834e-5a71ec6ceb00 taskType=AUTO_COLLECT_SCAN scheduleId=5ec0f85a-1af7-4064-9ba5-713b4847ec50
2026-10-06 00:58:48.076 [pool-2-thread-4] [] INFO  c.c.g.r.c.t.s.i.TaskManagementServiceImpl - 任务已提交: taskId=e85196c1-59b4-4bc7-834e-5a71ec6ceb00, taskName=auto-collect-scan
2026-10-06 00:58:48.079 [pool-2-thread-4] [] INFO  c.c.g.r.c.t.s.i.TaskManagementServiceImpl - 任务已解析: taskId=e85196c1-59b4-4bc7-834e-5a71ec6ceb00
2026-10-06 00:58:48.082 [pool-2-thread-4] [] WARN  c.c.g.e.d.m.AutoCollectScheduler - AutoCollectScheduler 扫描失败: null
2026-10-06 00:58:48.083 [pool-2-thread-4] [] INFO  c.c.g.r.c.t.s.i.TaskManagementServiceImpl - 任务执行完成: taskId=e85196c1-59b4-4bc7-834e-5a71ec6ceb00, status=SUCCEEDED
2026-10-06 00:58:48.085 [pool-2-thread-4] [] INFO  c.c.g.r.c.t.s.TaskSchedulerServiceImpl - 定时任务已提交执行 taskId=e85196c1-59b4-4bc7-834e-5a71ec6ceb00 taskType=AUTO_COLLECT_SCAN scheduleId=5ec0f85a-1af7-4064-9ba5-713b4847ec50
2026-10-06 00:59:48.077 [pool-2-thread-4] [] INFO  c.c.g.r.c.t.s.i.TaskManagementServiceImpl - 任务已提交: taskId=e85196c1-59b4-4bc7-834e-5a71ec6ceb00, taskName=auto-collect-scan
2026-10-06 00:59:48.089 [pool-2-thread-4] [] INFO  c.c.g.r.c.t.s.i.TaskManagementServiceImpl - 任务已解析: taskId=e85196c1-59b4-4bc7-834e-5a71ec6ceb00
2026-10-06 00:59:48.091 [pool-2-thread-4] [] WARN  c.c.g.e.d.m.AutoCollectScheduler - AutoCollectScheduler 扫描失败: null
2026-10-06 00:59:48.092 [pool-2-thread-4] [] INFO  c.c.g.r.c.t.s.i.TaskManagementServiceImpl - 任务执行完成: taskId=e85196c1-59b4-4bc7-834e-5a71ec6ceb00, status=SUCCEEDED
2026-10-06 00:59:48.093 [pool-2-thread-4] [] INFO  c.c.g.r.c.t.s.TaskSchedulerServiceImpl - 定时任务已提交执行 taskId=e85196c1-59b4-4bc7-834e-5a71ec6ceb00 taskType=AUTO_COLLECT_SCAN scheduleId=5ec0f85a-1af7-4064-9ba5-713b4847ec50
2026-10-06 01:00:48.080 [pool-2-thread-4] [] INFO  c.c.g.r.c.t.s.i.TaskManagementServiceImpl - 任务已提交: taskId=e85196c1-59b4-4bc7-834e-5a71ec6ceb00, taskName=auto-collect-scan
2026-10-06 01:00:48.083 [pool-2-thread-4] [] INFO  c.c.g.r.c.t.s.i.TaskManagementServiceImpl - 任务已解析: taskId=e85196c1-59b4-4bc7-834e-5a71ec6ceb00
2026-10-06 01:00:48.086 [pool-2-thread-4] [] WARN  c.c.g.e.d.m.AutoCollectScheduler - AutoCollectScheduler 扫描失败: null
2026-10-06 01:00:48.087 [pool-2-thread-4] [] INFO  c.c.g.r.c.t.s.i.TaskManagementServiceImpl - 任务执行完成: taskId=e85196c1-59b4-4bc7-834e-5a71ec6ceb00, status=SUCCEEDED
2026-10-06 01:00:48.089 [pool-2-thread-4] [] INFO  c.c.g.r.c.t.s.TaskSchedulerServiceImpl - 定时任务已提交执行 taskId=e85196c1-59b4-4bc7-834e-5a71ec6ceb00 taskType=AUTO_COLLECT_SCAN scheduleId=5ec0f85a-1af7-4064-9ba5-713b4847ec50
2026-10-06 01:01:48.085 [pool-2-thread-4] [] INFO  c.c.g.r.c.t.s.i.TaskManagementServiceImpl - 任务已提交: taskId=e85196c1-59b4-4bc7-834e-5a71ec6ceb00, taskName=auto-collect-scan
2026-10-06 01:01:48.088 [pool-2-thread-4] [] INFO  c.c.g.r.c.t.s.i.TaskManagementServiceImpl - 任务已解析: taskId=e85196c1-59b4-4bc7-834e-5a71ec6ceb00
2026-10-06 01:01:48.090 [pool-2-thread-4] [] WARN  c.c.g.e.d.m.AutoCollectScheduler - AutoCollectScheduler 扫描失败: null
2026-10-06 01:01:48.092 [pool-2-thread-4] [] INFO  c.c.g.r.c.t.s.i.TaskManagementServiceImpl - 任务执行完成: taskId=e85196c1-59b4-4bc7-834e-5a71ec6ceb00, status=SUCCEEDED
2026-10-06 01:01:48.094 [pool-2-thread-4] [] INFO  c.c.g.r.c.t.s.TaskSchedulerServiceImpl - 定时任务已提交执行 taskId=e85196c1-59b4-4bc7-834e-5a71ec6ceb00 taskType=AUTO_COLLECT_SCAN scheduleId=5ec0f85a-1af7-4064-9ba5-713b4847ec50
2026-10-06 01:02:48.078 [pool-2-thread-4] [] INFO  c.c.g.r.c.t.s.i.TaskManagementServiceImpl - 任务已提交: taskId=e85196c1-59b4-4bc7-834e-5a71ec6ceb00, taskName=auto-collect-scan
2026-10-06 01:02:48.090 [pool-2-thread-4] [] INFO  c.c.g.r.c.t.s.i.TaskManagementServiceImpl - 任务已解析: taskId=e85196c1-59b4-4bc7-834e-5a71ec6ceb00
2026-10-06 01:02:48.091 [pool-2-thread-4] [] WARN  c.c.g.e.d.m.AutoCollectScheduler - AutoCollectScheduler 扫描失败: null
2026-10-06 01:02:48.092 [pool-2-thread-4] [] INFO  c.c.g.r.c.t.s.i.TaskManagementServiceImpl - 任务执行完成: taskId=e85196c1-59b4-4bc7-834e-5a71ec6ceb00, status=SUCCEEDED
2026-10-06 01:02:48.093 [pool-2-thread-4] [] INFO  c.c.g.r.c.t.s.TaskSchedulerServiceImpl - 定时任务已提交执行 taskId=e85196c1-59b4-4bc7-834e-5a71ec6ceb00 taskType=AUTO_COLLECT_SCAN scheduleId=5ec0f85a-1af7-4064-9ba5-713b4847ec50
2026-10-06 01:03:48.085 [pool-2-thread-4] [] INFO  c.c.g.r.c.t.s.i.TaskManagementServiceImpl - 任务已提交: taskId=e85196c1-59b4-4bc7-834e-5a71ec6ceb00, taskName=auto-collect-scan
2026-10-06 01:03:48.096 [pool-2-thread-4] [] INFO  c.c.g.r.c.t.s.i.TaskManagementServiceImpl - 任务已解析: taskId=e85196c1-59b4-4bc7-834e-5a71ec6ceb00
2026-10-06 01:03:48.097 [pool-2-thread-4] [] WARN  c.c.g.e.d.m.AutoCollectScheduler - AutoCollectScheduler 扫描失败: null
2026-10-06 01:03:48.097 [pool-2-thread-4] [] INFO  c.c.g.r.c.t.s.i.TaskManagementServiceImpl - 任务执行完成: taskId=e85196c1-59b4-4bc7-834e-5a71ec6ceb00, status=SUCCEEDED
2026-10-06 01:03:48.098 [pool-2-thread-4] [] INFO  c.c.g.r.c.t.s.TaskSchedulerServiceImpl - 定时任务已提交执行 taskId=e85196c1-59b4-4bc7-834e-5a71ec6ceb00 taskType=AUTO_COLLECT_SCAN scheduleId=5ec0f85a-1af7-4064-9ba5-713b4847ec50
2026-10-06 01:04:48.075 [pool-2-thread-4] [] INFO  c.c.g.r.c.t.s.i.TaskManagementServiceImpl - 任务已提交: taskId=e85196c1-59b4-4bc7-834e-5a71ec6ceb00, taskName=auto-collect-scan
2026-10-06 01:04:48.080 [pool-2-thread-4] [] INFO  c.c.g.r.c.t.s.i.TaskManagementServiceImpl - 任务已解析: taskId=e85196c1-59b4-4bc7-834e-5a71ec6ceb00
2026-10-06 01:04:48.086 [pool-2-thread-4] [] WARN  c.c.g.e.d.m.AutoCollectScheduler - AutoCollectScheduler 扫描失败: null
2026-10-06 01:04:48.090 [pool-2-thread-4] [] INFO  c.c.g.r.c.t.s.i.TaskManagementServiceImpl - 任务执行完成: taskId=e85196c1-59b4-4bc7-834e-5a71ec6ceb00, status=SUCCEEDED
2026-10-06 01:04:48.093 [pool-2-thread-4] [] INFO  c.c.g.r.c.t.s.TaskSchedulerServiceImpl - 定时任务已提交执行 taskId=e85196c1-59b4-4bc7-834e-5a71ec6ceb00 taskType=AUTO_COLLECT_SCAN scheduleId=5ec0f85a-1af7-4064-9ba5-713b4847ec50
2026-10-06 01:05:48.081 [pool-2-thread-4] [] INFO  c.c.g.r.c.t.s.i.TaskManagementServiceImpl - 任务已提交: taskId=e85196c1-59b4-4bc7-834e-5a71ec6ceb00, taskName=auto-collect-scan
2026-10-06 01:05:48.083 [pool-2-thread-4] [] INFO  c.c.g.r.c.t.s.i.TaskManagementServiceImpl - 任务已解析: taskId=e85196c1-59b4-4bc7-834e-5a71ec6ceb00
2026-10-06 01:05:48.085 [pool-2-thread-4] [] WARN  c.c.g.e.d.m.AutoCollectScheduler - AutoCollectScheduler 扫描失败: null
2026-10-06 01:05:48.087 [pool-2-thread-4] [] INFO  c.c.g.r.c.t.s.i.TaskManagementServiceImpl - 任务执行完成: taskId=e85196c1-59b4-4bc7-834e-5a71ec6ceb00, status=SUCCEEDED
2026-10-06 01:05:48.088 [pool-2-thread-4] [] INFO  c.c.g.r.c.t.s.TaskSchedulerServiceImpl - 定时任务已提交执行 taskId=e85196c1-59b4-4bc7-834e-5a71ec6ceb00 taskType=AUTO_COLLECT_SCAN scheduleId=5ec0f85a-1af7-4064-9ba5-713b4847ec50
2026-10-06 01:06:48.082 [pool-2-thread-4] [] INFO  c.c.g.r.c.t.s.i.TaskManagementServiceImpl - 任务已提交: taskId=e85196c1-59b4-4bc7-834e-5a71ec6ceb00, taskName=auto-collect-scan
2026-10-06 01:06:48.084 [pool-2-thread-4] [] INFO  c.c.g.r.c.t.s.i.TaskManagementServiceImpl - 任务已解析: taskId=e85196c1-59b4-4bc7-834e-5a71ec6ceb00
2026-10-06 01:06:48.086 [pool-2-thread-4] [] WARN  c.c.g.e.d.m.AutoCollectScheduler - AutoCollectScheduler 扫描失败: null
2026-10-06 01:06:48.088 [pool-2-thread-4] [] INFO  c.c.g.r.c.t.s.i.TaskManagementServiceImpl - 任务执行完成: taskId=e85196c1-59b4-4bc7-834e-5a71ec6ceb00, status=SUCCEEDED
2026-10-06 01:06:48.090 [pool-2-thread-4] [] INFO  c.c.g.r.c.t.s.TaskSchedulerServiceImpl - 定时任务已提交执行 taskId=e85196c1-59b4-4bc7-834e-5a71ec6ceb00 taskType=AUTO_COLLECT_SCAN scheduleId=5ec0f85a-1af7-4064-9ba5-713b4847ec50
2026-10-06 01:07:48.083 [pool-2-thread-4] [] INFO  c.c.g.r.c.t.s.i.TaskManagementServiceImpl - 任务已提交: taskId=e85196c1-59b4-4bc7-834e-5a71ec6ceb00, taskName=auto-collect-scan
2026-10-06 01:07:48.084 [pool-2-thread-4] [] INFO  c.c.g.r.c.t.s.i.TaskManagementServiceImpl - 任务已解析: taskId=e85196c1-59b4-4bc7-834e-5a71ec6ceb00
2026-10-06 01:07:48.087 [pool-2-thread-4] [] WARN  c.c.g.e.d.m.AutoCollectScheduler - AutoCollectScheduler 扫描失败: null
2026-10-06 01:07:48.089 [pool-2-thread-4] [] INFO  c.c.g.r.c.t.s.i.TaskManagementServiceImpl - 任务执行完成: taskId=e85196c1-59b4-4bc7-834e-5a71ec6ceb00, status=SUCCEEDED
2026-10-06 01:07:48.090 [pool-2-thread-4] [] INFO  c.c.g.r.c.t.s.TaskSchedulerServiceImpl - 定时任务已提交执行 taskId=e85196c1-59b4-4bc7-834e-5a71ec6ceb00 taskType=AUTO_COLLECT_SCAN scheduleId=5ec0f85a-1af7-4064-9ba5-713b4847ec50
2026-10-06 01:08:48.087 [pool-2-thread-4] [] INFO  c.c.g.r.c.t.s.i.TaskManagementServiceImpl - 任务已提交: taskId=e85196c1-59b4-4bc7-834e-5a71ec6ceb00, taskName=auto-collect-scan
2026-10-06 01:08:48.092 [pool-2-thread-4] [] INFO  c.c.g.r.c.t.s.i.TaskManagementServiceImpl - 任务已解析: taskId=e85196c1-59b4-4bc7-834e-5a71ec6ceb00
2026-10-06 01:08:48.095 [pool-2-thread-4] [] WARN  c.c.g.e.d.m.AutoCollectScheduler - AutoCollectScheduler 扫描失败: null
2026-10-06 01:08:48.097 [pool-2-thread-4] [] INFO  c.c.g.r.c.t.s.i.TaskManagementServiceImpl - 任务执行完成: taskId=e85196c1-59b4-4bc7-834e-5a71ec6ceb00, status=SUCCEEDED
2026-10-06 01:08:48.099 [pool-2-thread-4] [] INFO  c.c.g.r.c.t.s.TaskSchedulerServiceImpl - 定时任务已提交执行 taskId=e85196c1-59b4-4bc7-834e-5a71ec6ceb00 taskType=AUTO_COLLECT_SCAN scheduleId=5ec0f85a-1af7-4064-9ba5-713b4847ec50
2026-10-06 01:09:48.080 [pool-2-thread-4] [] INFO  c.c.g.r.c.t.s.i.TaskManagementServiceImpl - 任务已提交: taskId=e85196c1-59b4-4bc7-834e-5a71ec6ceb00, taskName=auto-collect-scan
2026-10-06 01:09:48.092 [pool-2-thread-4] [] INFO  c.c.g.r.c.t.s.i.TaskManagementServiceImpl - 任务已解析: taskId=e85196c1-59b4-4bc7-834e-5a71ec6ceb00
2026-10-06 01:09:48.094 [pool-2-thread-4] [] WARN  c.c.g.e.d.m.AutoCollectScheduler - AutoCollectScheduler 扫描失败: null
2026-10-06 01:09:48.096 [pool-2-thread-4] [] INFO  c.c.g.r.c.t.s.i.TaskManagementServiceImpl - 任务执行完成: taskId=e85196c1-59b4-4bc7-834e-5a71ec6ceb00, status=SUCCEEDED
2026-10-06 01:09:48.097 [pool-2-thread-4] [] INFO  c.c.g.r.c.t.s.TaskSchedulerServiceImpl - 定时任务已提交执行 taskId=e85196c1-59b4-4bc7-834e-5a71ec6ceb00 taskType=AUTO_COLLECT_SCAN scheduleId=5ec0f85a-1af7-4064-9ba5-713b4847ec50
2026-10-06 01:10:48.087 [pool-2-thread-4] [] INFO  c.c.g.r.c.t.s.i.TaskManagementServiceImpl - 任务已提交: taskId=e85196c1-59b4-4bc7-834e-5a71ec6ceb00, taskName=auto-collect-scan
2026-10-06 01:10:48.090 [pool-2-thread-4] [] INFO  c.c.g.r.c.t.s.i.TaskManagementServiceImpl - 任务已解析: taskId=e85196c1-59b4-4bc7-834e-5a71ec6ceb00
2026-10-06 01:10:48.093 [pool-2-thread-4] [] WARN  c.c.g.e.d.m.AutoCollectScheduler - AutoCollectScheduler 扫描失败: null
2026-10-06 01:10:48.095 [pool-2-thread-4] [] INFO  c.c.g.r.c.t.s.i.TaskManagementServiceImpl - 任务执行完成: taskId=e85196c1-59b4-4bc7-834e-5a71ec6ceb00, status=SUCCEEDED
2026-10-06 01:10:48.097 [pool-2-thread-4] [] INFO  c.c.g.r.c.t.s.TaskSchedulerServiceImpl - 定时任务已提交执行 taskId=e85196c1-59b4-4bc7-834e-5a71ec6ceb00 taskType=AUTO_COLLECT_SCAN scheduleId=5ec0f85a-1af7-4064-9ba5-713b4847ec50
2026-10-06 01:11:48.080 [pool-2-thread-4] [] INFO  c.c.g.r.c.t.s.i.TaskManagementServiceImpl - 任务已提交: taskId=e85196c1-59b4-4bc7-834e-5a71ec6ceb00, taskName=auto-collect-scan
2026-10-06 01:11:48.082 [pool-2-thread-4] [] INFO  c.c.g.r.c.t.s.i.TaskManagementServiceImpl - 任务已解析: taskId=e85196c1-59b4-4bc7-834e-5a71ec6ceb00
2026-10-06 01:11:48.084 [pool-2-thread-4] [] WARN  c.c.g.e.d.m.AutoCollectScheduler - AutoCollectScheduler 扫描失败: null
2026-10-06 01:11:48.086 [pool-2-thread-4] [] INFO  c.c.g.r.c.t.s.i.TaskManagementServiceImpl - 任务执行完成: taskId=e85196c1-59b4-4bc7-834e-5a71ec6ceb00, status=SUCCEEDED
2026-10-06 01:11:48.087 [pool-2-thread-4] [] INFO  c.c.g.r.c.t.s.TaskSchedulerServiceImpl - 定时任务已提交执行 taskId=e85196c1-59b4-4bc7-834e-5a71ec6ceb00 taskType=AUTO_COLLECT_SCAN scheduleId=5ec0f85a-1af7-4064-9ba5-713b4847ec50
2026-10-06 01:12:48.087 [pool-2-thread-4] [] INFO  c.c.g.r.c.t.s.i.TaskManagementServiceImpl - 任务已提交: taskId=e85196c1-59b4-4bc7-834e-5a71ec6ceb00, taskName=auto-collect-scan
2026-10-06 01:12:48.090 [pool-2-thread-4] [] INFO  c.c.g.r.c.t.s.i.TaskManagementServiceImpl - 任务已解析: taskId=e85196c1-59b4-4bc7-834e-5a71ec6ceb00
2026-10-06 01:12:48.092 [pool-2-thread-4] [] WARN  c.c.g.e.d.m.AutoCollectScheduler - AutoCollectScheduler 扫描失败: null
2026-10-06 01:12:48.094 [pool-2-thread-4] [] INFO  c.c.g.r.c.t.s.i.TaskManagementServiceImpl - 任务执行完成: taskId=e85196c1-59b4-4bc7-834e-5a71ec6ceb00, status=SUCCEEDED
2026-10-06 01:12:48.096 [pool-2-thread-4] [] INFO  c.c.g.r.c.t.s.TaskSchedulerServiceImpl - 定时任务已提交执行 taskId=e85196c1-59b4-4bc7-834e-5a71ec6ceb00 taskType=AUTO_COLLECT_SCAN scheduleId=5ec0f85a-1af7-4064-9ba5-713b4847ec50
2026-10-06 01:13:48.086 [pool-2-thread-4] [] INFO  c.c.g.r.c.t.s.i.TaskManagementServiceImpl - 任务已提交: taskId=e85196c1-59b4-4bc7-834e-5a71ec6ceb00, taskName=auto-collect-scan
2026-10-06 01:13:48.093 [pool-2-thread-4] [] INFO  c.c.g.r.c.t.s.i.TaskManagementServiceImpl - 任务已解析: taskId=e85196c1-59b4-4bc7-834e-5a71ec6ceb00
2026-10-06 01:13:48.103 [pool-2-thread-4] [] WARN  c.c.g.e.d.m.AutoCollectScheduler - AutoCollectScheduler 扫描失败: null
2026-10-06 01:13:48.111 [pool-2-thread-4] [] INFO  c.c.g.r.c.t.s.i.TaskManagementServiceImpl - 任务执行完成: taskId=e85196c1-59b4-4bc7-834e-5a71ec6ceb00, status=SUCCEEDED
2026-10-06 01:13:48.117 [pool-2-thread-4] [] INFO  c.c.g.r.c.t.s.TaskSchedulerServiceImpl - 定时任务已提交执行 taskId=e85196c1-59b4-4bc7-834e-5a71ec6ceb00 taskType=AUTO_COLLECT_SCAN scheduleId=5ec0f85a-1af7-4064-9ba5-713b4847ec50
2026-10-06 01:14:48.078 [pool-2-thread-4] [] INFO  c.c.g.r.c.t.s.i.TaskManagementServiceImpl - 任务已提交: taskId=e85196c1-59b4-4bc7-834e-5a71ec6ceb00, taskName=auto-collect-scan
2026-10-06 01:14:48.081 [pool-2-thread-4] [] INFO  c.c.g.r.c.t.s.i.TaskManagementServiceImpl - 任务已解析: taskId=e85196c1-59b4-4bc7-834e-5a71ec6ceb00
2026-10-06 01:14:48.084 [pool-2-thread-4] [] WARN  c.c.g.e.d.m.AutoCollectScheduler - AutoCollectScheduler 扫描失败: null
2026-10-06 01:14:48.087 [pool-2-thread-4] [] INFO  c.c.g.r.c.t.s.i.TaskManagementServiceImpl - 任务执行完成: taskId=e85196c1-59b4-4bc7-834e-5a71ec6ceb00, status=SUCCEEDED
2026-10-06 01:14:48.089 [pool-2-thread-4] [] INFO  c.c.g.r.c.t.s.TaskSchedulerServiceImpl - 定时任务已提交执行 taskId=e85196c1-59b4-4bc7-834e-5a71ec6ceb00 taskType=AUTO_COLLECT_SCAN scheduleId=5ec0f85a-1af7-4064-9ba5-713b4847ec50
2026-10-06 01:15:48.076 [pool-2-thread-4] [] INFO  c.c.g.r.c.t.s.i.TaskManagementServiceImpl - 任务已提交: taskId=e85196c1-59b4-4bc7-834e-5a71ec6ceb00, taskName=auto-collect-scan
2026-10-06 01:15:48.079 [pool-2-thread-4] [] INFO  c.c.g.r.c.t.s.i.TaskManagementServiceImpl - 任务已解析: taskId=e85196c1-59b4-4bc7-834e-5a71ec6ceb00
2026-10-06 01:15:48.083 [pool-2-thread-4] [] WARN  c.c.g.e.d.m.AutoCollectScheduler - AutoCollectScheduler 扫描失败: null
2026-10-06 01:15:48.087 [pool-2-thread-4] [] INFO  c.c.g.r.c.t.s.i.TaskManagementServiceImpl - 任务执行完成: taskId=e85196c1-59b4-4bc7-834e-5a71ec6ceb00, status=SUCCEEDED
2026-10-06 01:15:48.090 [pool-2-thread-4] [] INFO  c.c.g.r.c.t.s.TaskSchedulerServiceImpl - 定时任务已提交执行 taskId=e85196c1-59b4-4bc7-834e-5a71ec6ceb00 taskType=AUTO_COLLECT_SCAN scheduleId=5ec0f85a-1af7-4064-9ba5-713b4847ec50
2026-10-06 01:16:48.079 [pool-2-thread-4] [] INFO  c.c.g.r.c.t.s.i.TaskManagementServiceImpl - 任务已提交: taskId=e85196c1-59b4-4bc7-834e-5a71ec6ceb00, taskName=auto-collect-scan
2026-10-06 01:16:48.087 [pool-2-thread-4] [] INFO  c.c.g.r.c.t.s.i.TaskManagementServiceImpl - 任务已解析: taskId=e85196c1-59b4-4bc7-834e-5a71ec6ceb00
2026-10-06 01:16:48.101 [pool-2-thread-4] [] WARN  c.c.g.e.d.m.AutoCollectScheduler - AutoCollectScheduler 扫描失败: null
2026-10-06 01:16:48.110 [pool-2-thread-4] [] INFO  c.c.g.r.c.t.s.i.TaskManagementServiceImpl - 任务执行完成: taskId=e85196c1-59b4-4bc7-834e-5a71ec6ceb00, status=SUCCEEDED
2026-10-06 01:16:48.116 [pool-2-thread-4] [] INFO  c.c.g.r.c.t.s.TaskSchedulerServiceImpl - 定时任务已提交执行 taskId=e85196c1-59b4-4bc7-834e-5a71ec6ceb00 taskType=AUTO_COLLECT_SCAN scheduleId=5ec0f85a-1af7-4064-9ba5-713b4847ec50
2026-10-06 01:17:48.086 [pool-2-thread-4] [] INFO  c.c.g.r.c.t.s.i.TaskManagementServiceImpl - 任务已提交: taskId=e85196c1-59b4-4bc7-834e-5a71ec6ceb00, taskName=auto-collect-scan
2026-10-06 01:17:48.098 [pool-2-thread-4] [] INFO  c.c.g.r.c.t.s.i.TaskManagementServiceImpl - 任务已解析: taskId=e85196c1-59b4-4bc7-834e-5a71ec6ceb00
2026-10-06 01:17:48.101 [pool-2-thread-4] [] WARN  c.c.g.e.d.m.AutoCollectScheduler - AutoCollectScheduler 扫描失败: null
2026-10-06 01:17:48.104 [pool-2-thread-4] [] INFO  c.c.g.r.c.t.s.i.TaskManagementServiceImpl - 任务执行完成: taskId=e85196c1-59b4-4bc7-834e-5a71ec6ceb00, status=SUCCEEDED
2026-10-06 01:17:48.107 [pool-2-thread-4] [] INFO  c.c.g.r.c.t.s.TaskSchedulerServiceImpl - 定时任务已提交执行 taskId=e85196c1-59b4-4bc7-834e-5a71ec6ceb00 taskType=AUTO_COLLECT_SCAN scheduleId=5ec0f85a-1af7-4064-9ba5-713b4847ec50
2026-10-06 01:18:48.086 [pool-2-thread-4] [] INFO  c.c.g.r.c.t.s.i.TaskManagementServiceImpl - 任务已提交: taskId=e85196c1-59b4-4bc7-834e-5a71ec6ceb00, taskName=auto-collect-scan
2026-10-06 01:18:48.089 [pool-2-thread-4] [] INFO  c.c.g.r.c.t.s.i.TaskManagementServiceImpl - 任务已解析: taskId=e85196c1-59b4-4bc7-834e-5a71ec6ceb00
2026-10-06 01:18:48.092 [pool-2-thread-4] [] WARN  c.c.g.e.d.m.AutoCollectScheduler - AutoCollectScheduler 扫描失败: null
2026-10-06 01:18:48.094 [pool-2-thread-4] [] INFO  c.c.g.r.c.t.s.i.TaskManagementServiceImpl - 任务执行完成: taskId=e85196c1-59b4-4bc7-834e-5a71ec6ceb00, status=SUCCEEDED
2026-10-06 01:18:48.096 [pool-2-thread-4] [] INFO  c.c.g.r.c.t.s.TaskSchedulerServiceImpl - 定时任务已提交执行 taskId=e85196c1-59b4-4bc7-834e-5a71ec6ceb00 taskType=AUTO_COLLECT_SCAN scheduleId=5ec0f85a-1af7-4064-9ba5-713b4847ec50
2026-10-06 01:19:48.080 [pool-2-thread-4] [] INFO  c.c.g.r.c.t.s.i.TaskManagementServiceImpl - 任务已提交: taskId=e85196c1-59b4-4bc7-834e-5a71ec6ceb00, taskName=auto-collect-scan
2026-10-06 01:19:48.093 [pool-2-thread-4] [] INFO  c.c.g.r.c.t.s.i.TaskManagementServiceImpl - 任务已解析: taskId=e85196c1-59b4-4bc7-834e-5a71ec6ceb00
2026-10-06 01:19:48.097 [pool-2-thread-4] [] WARN  c.c.g.e.d.m.AutoCollectScheduler - AutoCollectScheduler 扫描失败: null
2026-10-06 01:19:48.100 [pool-2-thread-4] [] INFO  c.c.g.r.c.t.s.i.TaskManagementServiceImpl - 任务执行完成: taskId=e85196c1-59b4-4bc7-834e-5a71ec6ceb00, status=SUCCEEDED
2026-10-06 01:19:48.103 [pool-2-thread-4] [] INFO  c.c.g.r.c.t.s.TaskSchedulerServiceImpl - 定时任务已提交执行 taskId=e85196c1-59b4-4bc7-834e-5a71ec6ceb00 taskType=AUTO_COLLECT_SCAN scheduleId=5ec0f85a-1af7-4064-9ba5-713b4847ec50
2026-10-06 01:20:48.084 [pool-2-thread-4] [] INFO  c.c.g.r.c.t.s.i.TaskManagementServiceImpl - 任务已提交: taskId=e85196c1-59b4-4bc7-834e-5a71ec6ceb00, taskName=auto-collect-scan
2026-10-06 01:20:48.086 [pool-2-thread-4] [] INFO  c.c.g.r.c.t.s.i.TaskManagementServiceImpl - 任务已解析: taskId=e85196c1-59b4-4bc7-834e-5a71ec6ceb00
2026-10-06 01:20:48.089 [pool-2-thread-4] [] WARN  c.c.g.e.d.m.AutoCollectScheduler - AutoCollectScheduler 扫描失败: null
2026-10-06 01:20:48.090 [pool-2-thread-4] [] INFO  c.c.g.r.c.t.s.i.TaskManagementServiceImpl - 任务执行完成: taskId=e85196c1-59b4-4bc7-834e-5a71ec6ceb00, status=SUCCEEDED
2026-10-06 01:20:48.091 [pool-2-thread-4] [] INFO  c.c.g.r.c.t.s.TaskSchedulerServiceImpl - 定时任务已提交执行 taskId=e85196c1-59b4-4bc7-834e-5a71ec6ceb00 taskType=AUTO_COLLECT_SCAN scheduleId=5ec0f85a-1af7-4064-9ba5-713b4847ec50
2026-10-06 01:21:48.088 [pool-2-thread-4] [] INFO  c.c.g.r.c.t.s.i.TaskManagementServiceImpl - 任务已提交: taskId=e85196c1-59b4-4bc7-834e-5a71ec6ceb00, taskName=auto-collect-scan
2026-10-06 01:21:48.090 [pool-2-thread-4] [] INFO  c.c.g.r.c.t.s.i.TaskManagementServiceImpl - 任务已解析: taskId=e85196c1-59b4-4bc7-834e-5a71ec6ceb00
2026-10-06 01:21:48.092 [pool-2-thread-4] [] WARN  c.c.g.e.d.m.AutoCollectScheduler - AutoCollectScheduler 扫描失败: null
2026-10-06 01:21:48.094 [pool-2-thread-4] [] INFO  c.c.g.r.c.t.s.i.TaskManagementServiceImpl - 任务执行完成: taskId=e85196c1-59b4-4bc7-834e-5a71ec6ceb00, status=SUCCEEDED
2026-10-06 01:21:48.095 [pool-2-thread-4] [] INFO  c.c.g.r.c.t.s.TaskSchedulerServiceImpl - 定时任务已提交执行 taskId=e85196c1-59b4-4bc7-834e-5a71ec6ceb00 taskType=AUTO_COLLECT_SCAN scheduleId=5ec0f85a-1af7-4064-9ba5-713b4847ec50
2026-10-06 01:22:48.080 [pool-2-thread-4] [] INFO  c.c.g.r.c.t.s.i.TaskManagementServiceImpl - 任务已提交: taskId=e85196c1-59b4-4bc7-834e-5a71ec6ceb00, taskName=auto-collect-scan
2026-10-06 01:22:48.083 [pool-2-thread-4] [] INFO  c.c.g.r.c.t.s.i.TaskManagementServiceImpl - 任务已解析: taskId=e85196c1-59b4-4bc7-834e-5a71ec6ceb00
2026-10-06 01:22:48.087 [pool-2-thread-4] [] WARN  c.c.g.e.d.m.AutoCollectScheduler - AutoCollectScheduler 扫描失败: null
2026-10-06 01:22:48.090 [pool-2-thread-4] [] INFO  c.c.g.r.c.t.s.i.TaskManagementServiceImpl - 任务执行完成: taskId=e85196c1-59b4-4bc7-834e-5a71ec6ceb00, status=SUCCEEDED
2026-10-06 01:22:48.093 [pool-2-thread-4] [] INFO  c.c.g.r.c.t.s.TaskSchedulerServiceImpl - 定时任务已提交执行 taskId=e85196c1-59b4-4bc7-834e-5a71ec6ceb00 taskType=AUTO_COLLECT_SCAN scheduleId=5ec0f85a-1af7-4064-9ba5-713b4847ec50
2026-10-06 01:23:48.077 [pool-2-thread-4] [] INFO  c.c.g.r.c.t.s.i.TaskManagementServiceImpl - 任务已提交: taskId=e85196c1-59b4-4bc7-834e-5a71ec6ceb00, taskName=auto-collect-scan
2026-10-06 01:23:48.080 [pool-2-thread-4] [] INFO  c.c.g.r.c.t.s.i.TaskManagementServiceImpl - 任务已解析: taskId=e85196c1-59b4-4bc7-834e-5a71ec6ceb00
2026-10-06 01:23:48.082 [pool-2-thread-4] [] WARN  c.c.g.e.d.m.AutoCollectScheduler - AutoCollectScheduler 扫描失败: null
2026-10-06 01:23:48.084 [pool-2-thread-4] [] INFO  c.c.g.r.c.t.s.i.TaskManagementServiceImpl - 任务执行完成: taskId=e85196c1-59b4-4bc7-834e-5a71ec6ceb00, status=SUCCEEDED
2026-10-06 01:23:48.085 [pool-2-thread-4] [] INFO  c.c.g.r.c.t.s.TaskSchedulerServiceImpl - 定时任务已提交执行 taskId=e85196c1-59b4-4bc7-834e-5a71ec6ceb00 taskType=AUTO_COLLECT_SCAN scheduleId=5ec0f85a-1af7-4064-9ba5-713b4847ec50
2026-10-06 01:24:48.075 [pool-2-thread-4] [] INFO  c.c.g.r.c.t.s.i.TaskManagementServiceImpl - 任务已提交: taskId=e85196c1-59b4-4bc7-834e-5a71ec6ceb00, taskName=auto-collect-scan
2026-10-06 01:24:48.087 [pool-2-thread-4] [] INFO  c.c.g.r.c.t.s.i.TaskManagementServiceImpl - 任务已解析: taskId=e85196c1-59b4-4bc7-834e-5a71ec6ceb00
2026-10-06 01:24:48.088 [pool-2-thread-4] [] WARN  c.c.g.e.d.m.AutoCollectScheduler - AutoCollectScheduler 扫描失败: null
2026-10-06 01:24:48.090 [pool-2-thread-4] [] INFO  c.c.g.r.c.t.s.i.TaskManagementServiceImpl - 任务执行完成: taskId=e85196c1-59b4-4bc7-834e-5a71ec6ceb00, status=SUCCEEDED
2026-10-06 01:24:48.090 [pool-2-thread-4] [] INFO  c.c.g.r.c.t.s.TaskSchedulerServiceImpl - 定时任务已提交执行 taskId=e85196c1-59b4-4bc7-834e-5a71ec6ceb00 taskType=AUTO_COLLECT_SCAN scheduleId=5ec0f85a-1af7-4064-9ba5-713b4847ec50
2026-10-06 01:25:48.078 [pool-2-thread-4] [] INFO  c.c.g.r.c.t.s.i.TaskManagementServiceImpl - 任务已提交: taskId=e85196c1-59b4-4bc7-834e-5a71ec6ceb00, taskName=auto-collect-scan
2026-10-06 01:25:48.089 [pool-2-thread-4] [] INFO  c.c.g.r.c.t.s.i.TaskManagementServiceImpl - 任务已解析: taskId=e85196c1-59b4-4bc7-834e-5a71ec6ceb00
2026-10-06 01:25:48.091 [pool-2-thread-4] [] WARN  c.c.g.e.d.m.AutoCollectScheduler - AutoCollectScheduler 扫描失败: null
2026-10-06 01:25:48.092 [pool-2-thread-4] [] INFO  c.c.g.r.c.t.s.i.TaskManagementServiceImpl - 任务执行完成: taskId=e85196c1-59b4-4bc7-834e-5a71ec6ceb00, status=SUCCEEDED
2026-10-06 01:25:48.093 [pool-2-thread-4] [] INFO  c.c.g.r.c.t.s.TaskSchedulerServiceImpl - 定时任务已提交执行 taskId=e85196c1-59b4-4bc7-834e-5a71ec6ceb00 taskType=AUTO_COLLECT_SCAN scheduleId=5ec0f85a-1af7-4064-9ba5-713b4847ec50
2026-10-06 01:26:48.086 [pool-2-thread-4] [] INFO  c.c.g.r.c.t.s.i.TaskManagementServiceImpl - 任务已提交: taskId=e85196c1-59b4-4bc7-834e-5a71ec6ceb00, taskName=auto-collect-scan
2026-10-06 01:26:48.097 [pool-2-thread-4] [] INFO  c.c.g.r.c.t.s.i.TaskManagementServiceImpl - 任务已解析: taskId=e85196c1-59b4-4bc7-834e-5a71ec6ceb00
2026-10-06 01:26:48.099 [pool-2-thread-4] [] WARN  c.c.g.e.d.m.AutoCollectScheduler - AutoCollectScheduler 扫描失败: null
2026-10-06 01:26:48.100 [pool-2-thread-4] [] INFO  c.c.g.r.c.t.s.i.TaskManagementServiceImpl - 任务执行完成: taskId=e85196c1-59b4-4bc7-834e-5a71ec6ceb00, status=SUCCEEDED
2026-10-06 01:26:48.101 [pool-2-thread-4] [] INFO  c.c.g.r.c.t.s.TaskSchedulerServiceImpl - 定时任务已提交执行 taskId=e85196c1-59b4-4bc7-834e-5a71ec6ceb00 taskType=AUTO_COLLECT_SCAN scheduleId=5ec0f85a-1af7-4064-9ba5-713b4847ec50
2026-10-06 01:27:48.079 [pool-2-thread-4] [] INFO  c.c.g.r.c.t.s.i.TaskManagementServiceImpl - 任务已提交: taskId=e85196c1-59b4-4bc7-834e-5a71ec6ceb00, taskName=auto-collect-scan
2026-10-06 01:27:48.084 [pool-2-thread-4] [] INFO  c.c.g.r.c.t.s.i.TaskManagementServiceImpl - 任务已解析: taskId=e85196c1-59b4-4bc7-834e-5a71ec6ceb00
2026-10-06 01:27:48.086 [pool-2-thread-4] [] WARN  c.c.g.e.d.m.AutoCollectScheduler - AutoCollectScheduler 扫描失败: null
2026-10-06 01:27:48.087 [pool-2-thread-4] [] INFO  c.c.g.r.c.t.s.i.TaskManagementServiceImpl - 任务执行完成: taskId=e85196c1-59b4-4bc7-834e-5a71ec6ceb00, status=SUCCEEDED
2026-10-06 01:27:48.088 [pool-2-thread-4] [] INFO  c.c.g.r.c.t.s.TaskSchedulerServiceImpl - 定时任务已提交执行 taskId=e85196c1-59b4-4bc7-834e-5a71ec6ceb00 taskType=AUTO_COLLECT_SCAN scheduleId=5ec0f85a-1af7-4064-9ba5-713b4847ec50
2026-10-06 01:28:48.087 [pool-2-thread-4] [] INFO  c.c.g.r.c.t.s.i.TaskManagementServiceImpl - 任务已提交: taskId=e85196c1-59b4-4bc7-834e-5a71ec6ceb00, taskName=auto-collect-scan
2026-10-06 01:28:48.095 [pool-2-thread-4] [] INFO  c.c.g.r.c.t.s.i.TaskManagementServiceImpl - 任务已解析: taskId=e85196c1-59b4-4bc7-834e-5a71ec6ceb00
2026-10-06 01:28:48.101 [pool-2-thread-4] [] WARN  c.c.g.e.d.m.AutoCollectScheduler - AutoCollectScheduler 扫描失败: null
2026-10-06 01:28:48.108 [pool-2-thread-4] [] INFO  c.c.g.r.c.t.s.i.TaskManagementServiceImpl - 任务执行完成: taskId=e85196c1-59b4-4bc7-834e-5a71ec6ceb00, status=SUCCEEDED
2026-10-06 01:28:48.114 [pool-2-thread-4] [] INFO  c.c.g.r.c.t.s.TaskSchedulerServiceImpl - 定时任务已提交执行 taskId=e85196c1-59b4-4bc7-834e-5a71ec6ceb00 taskType=AUTO_COLLECT_SCAN scheduleId=5ec0f85a-1af7-4064-9ba5-713b4847ec50
2026-10-06 01:29:48.081 [pool-2-thread-4] [] INFO  c.c.g.r.c.t.s.i.TaskManagementServiceImpl - 任务已提交: taskId=e85196c1-59b4-4bc7-834e-5a71ec6ceb00, taskName=auto-collect-scan
2026-10-06 01:29:48.085 [pool-2-thread-4] [] INFO  c.c.g.r.c.t.s.i.TaskManagementServiceImpl - 任务已解析: taskId=e85196c1-59b4-4bc7-834e-5a71ec6ceb00
2026-10-06 01:29:48.088 [pool-2-thread-4] [] WARN  c.c.g.e.d.m.AutoCollectScheduler - AutoCollectScheduler 扫描失败: null
2026-10-06 01:29:48.091 [pool-2-thread-4] [] INFO  c.c.g.r.c.t.s.i.TaskManagementServiceImpl - 任务执行完成: taskId=e85196c1-59b4-4bc7-834e-5a71ec6ceb00, status=SUCCEEDED
2026-10-06 01:29:48.093 [pool-2-thread-4] [] INFO  c.c.g.r.c.t.s.TaskSchedulerServiceImpl - 定时任务已提交执行 taskId=e85196c1-59b4-4bc7-834e-5a71ec6ceb00 taskType=AUTO_COLLECT_SCAN scheduleId=5ec0f85a-1af7-4064-9ba5-713b4847ec50
2026-10-06 01:30:48.076 [pool-2-thread-4] [] INFO  c.c.g.r.c.t.s.i.TaskManagementServiceImpl - 任务已提交: taskId=e85196c1-59b4-4bc7-834e-5a71ec6ceb00, taskName=auto-collect-scan
2026-10-06 01:30:48.087 [pool-2-thread-4] [] INFO  c.c.g.r.c.t.s.i.TaskManagementServiceImpl - 任务已解析: taskId=e85196c1-59b4-4bc7-834e-5a71ec6ceb00
2026-10-06 01:30:48.088 [pool-2-thread-4] [] WARN  c.c.g.e.d.m.AutoCollectScheduler - AutoCollectScheduler 扫描失败: null
2026-10-06 01:30:48.089 [pool-2-thread-4] [] INFO  c.c.g.r.c.t.s.i.TaskManagementServiceImpl - 任务执行完成: taskId=e85196c1-59b4-4bc7-834e-5a71ec6ceb00, status=SUCCEEDED
2026-10-06 01:30:48.090 [pool-2-thread-4] [] INFO  c.c.g.r.c.t.s.TaskSchedulerServiceImpl - 定时任务已提交执行 taskId=e85196c1-59b4-4bc7-834e-5a71ec6ceb00 taskType=AUTO_COLLECT_SCAN scheduleId=5ec0f85a-1af7-4064-9ba5-713b4847ec50
2026-10-06 01:31:48.075 [pool-2-thread-4] [] INFO  c.c.g.r.c.t.s.i.TaskManagementServiceImpl - 任务已提交: taskId=e85196c1-59b4-4bc7-834e-5a71ec6ceb00, taskName=auto-collect-scan
2026-10-06 01:31:48.085 [pool-2-thread-4] [] INFO  c.c.g.r.c.t.s.i.TaskManagementServiceImpl - 任务已解析: taskId=e85196c1-59b4-4bc7-834e-5a71ec6ceb00
2026-10-06 01:31:48.087 [pool-2-thread-4] [] WARN  c.c.g.e.d.m.AutoCollectScheduler - AutoCollectScheduler 扫描失败: null
2026-10-06 01:31:48.088 [pool-2-thread-4] [] INFO  c.c.g.r.c.t.s.i.TaskManagementServiceImpl - 任务执行完成: taskId=e85196c1-59b4-4bc7-834e-5a71ec6ceb00, status=SUCCEEDED
2026-10-06 01:31:48.089 [pool-2-thread-4] [] INFO  c.c.g.r.c.t.s.TaskSchedulerServiceImpl - 定时任务已提交执行 taskId=e85196c1-59b4-4bc7-834e-5a71ec6ceb00 taskType=AUTO_COLLECT_SCAN scheduleId=5ec0f85a-1af7-4064-9ba5-713b4847ec50
2026-10-06 01:32:48.088 [pool-2-thread-4] [] INFO  c.c.g.r.c.t.s.i.TaskManagementServiceImpl - 任务已提交: taskId=e85196c1-59b4-4bc7-834e-5a71ec6ceb00, taskName=auto-collect-scan
2026-10-06 01:32:48.090 [pool-2-thread-4] [] INFO  c.c.g.r.c.t.s.i.TaskManagementServiceImpl - 任务已解析: taskId=e85196c1-59b4-4bc7-834e-5a71ec6ceb00
2026-10-06 01:32:48.091 [pool-2-thread-4] [] WARN  c.c.g.e.d.m.AutoCollectScheduler - AutoCollectScheduler 扫描失败: null
2026-10-06 01:32:48.093 [pool-2-thread-4] [] INFO  c.c.g.r.c.t.s.i.TaskManagementServiceImpl - 任务执行完成: taskId=e85196c1-59b4-4bc7-834e-5a71ec6ceb00, status=SUCCEEDED
2026-10-06 01:32:48.094 [pool-2-thread-4] [] INFO  c.c.g.r.c.t.s.TaskSchedulerServiceImpl - 定时任务已提交执行 taskId=e85196c1-59b4-4bc7-834e-5a71ec6ceb00 taskType=AUTO_COLLECT_SCAN scheduleId=5ec0f85a-1af7-4064-9ba5-713b4847ec50
2026-10-06 01:33:48.085 [pool-2-thread-4] [] INFO  c.c.g.r.c.t.s.i.TaskManagementServiceImpl - 任务已提交: taskId=e85196c1-59b4-4bc7-834e-5a71ec6ceb00, taskName=auto-collect-scan
2026-10-06 01:33:48.088 [pool-2-thread-4] [] INFO  c.c.g.r.c.t.s.i.TaskManagementServiceImpl - 任务已解析: taskId=e85196c1-59b4-4bc7-834e-5a71ec6ceb00
2026-10-06 01:33:48.090 [pool-2-thread-4] [] WARN  c.c.g.e.d.m.AutoCollectScheduler - AutoCollectScheduler 扫描失败: null
2026-10-06 01:33:48.091 [pool-2-thread-4] [] INFO  c.c.g.r.c.t.s.i.TaskManagementServiceImpl - 任务执行完成: taskId=e85196c1-59b4-4bc7-834e-5a71ec6ceb00, status=SUCCEEDED
2026-10-06 01:33:48.093 [pool-2-thread-4] [] INFO  c.c.g.r.c.t.s.TaskSchedulerServiceImpl - 定时任务已提交执行 taskId=e85196c1-59b4-4bc7-834e-5a71ec6ceb00 taskType=AUTO_COLLECT_SCAN scheduleId=5ec0f85a-1af7-4064-9ba5-713b4847ec50
2026-10-06 01:34:48.089 [pool-2-thread-4] [] INFO  c.c.g.r.c.t.s.i.TaskManagementServiceImpl - 任务已提交: taskId=e85196c1-59b4-4bc7-834e-5a71ec6ceb00, taskName=auto-collect-scan
2026-10-06 01:34:48.091 [pool-2-thread-4] [] INFO  c.c.g.r.c.t.s.i.TaskManagementServiceImpl - 任务已解析: taskId=e85196c1-59b4-4bc7-834e-5a71ec6ceb00
2026-10-06 01:34:48.094 [pool-2-thread-4] [] WARN  c.c.g.e.d.m.AutoCollectScheduler - AutoCollectScheduler 扫描失败: null
2026-10-06 01:34:48.097 [pool-2-thread-4] [] INFO  c.c.g.r.c.t.s.i.TaskManagementServiceImpl - 任务执行完成: taskId=e85196c1-59b4-4bc7-834e-5a71ec6ceb00, status=SUCCEEDED
2026-10-06 01:34:48.099 [pool-2-thread-4] [] INFO  c.c.g.r.c.t.s.TaskSchedulerServiceImpl - 定时任务已提交执行 taskId=e85196c1-59b4-4bc7-834e-5a71ec6ceb00 taskType=AUTO_COLLECT_SCAN scheduleId=5ec0f85a-1af7-4064-9ba5-713b4847ec50
2026-10-06 01:35:48.081 [pool-2-thread-4] [] INFO  c.c.g.r.c.t.s.i.TaskManagementServiceImpl - 任务已提交: taskId=e85196c1-59b4-4bc7-834e-5a71ec6ceb00, taskName=auto-collect-scan
2026-10-06 01:35:48.084 [pool-2-thread-4] [] INFO  c.c.g.r.c.t.s.i.TaskManagementServiceImpl - 任务已解析: taskId=e85196c1-59b4-4bc7-834e-5a71ec6ceb00
2026-10-06 01:35:48.086 [pool-2-thread-4] [] WARN  c.c.g.e.d.m.AutoCollectScheduler - AutoCollectScheduler 扫描失败: null
2026-10-06 01:35:48.089 [pool-2-thread-4] [] INFO  c.c.g.r.c.t.s.i.TaskManagementServiceImpl - 任务执行完成: taskId=e85196c1-59b4-4bc7-834e-5a71ec6ceb00, status=SUCCEEDED
2026-10-06 01:35:48.091 [pool-2-thread-4] [] INFO  c.c.g.r.c.t.s.TaskSchedulerServiceImpl - 定时任务已提交执行 taskId=e85196c1-59b4-4bc7-834e-5a71ec6ceb00 taskType=AUTO_COLLECT_SCAN scheduleId=5ec0f85a-1af7-4064-9ba5-713b4847ec50
2026-10-06 01:36:48.087 [pool-2-thread-4] [] INFO  c.c.g.r.c.t.s.i.TaskManagementServiceImpl - 任务已提交: taskId=e85196c1-59b4-4bc7-834e-5a71ec6ceb00, taskName=auto-collect-scan
2026-10-06 01:36:48.088 [pool-2-thread-4] [] INFO  c.c.g.r.c.t.s.i.TaskManagementServiceImpl - 任务已解析: taskId=e85196c1-59b4-4bc7-834e-5a71ec6ceb00
2026-10-06 01:36:48.090 [pool-2-thread-4] [] WARN  c.c.g.e.d.m.AutoCollectScheduler - AutoCollectScheduler 扫描失败: null
2026-10-06 01:36:48.091 [pool-2-thread-4] [] INFO  c.c.g.r.c.t.s.i.TaskManagementServiceImpl - 任务执行完成: taskId=e85196c1-59b4-4bc7-834e-5a71ec6ceb00, status=SUCCEEDED
2026-10-06 01:36:48.092 [pool-2-thread-4] [] INFO  c.c.g.r.c.t.s.TaskSchedulerServiceImpl - 定时任务已提交执行 taskId=e85196c1-59b4-4bc7-834e-5a71ec6ceb00 taskType=AUTO_COLLECT_SCAN scheduleId=5ec0f85a-1af7-4064-9ba5-713b4847ec50
2026-10-06 01:37:48.084 [pool-2-thread-4] [] INFO  c.c.g.r.c.t.s.i.TaskManagementServiceImpl - 任务已提交: taskId=e85196c1-59b4-4bc7-834e-5a71ec6ceb00, taskName=auto-collect-scan
2026-10-06 01:37:48.086 [pool-2-thread-4] [] INFO  c.c.g.r.c.t.s.i.TaskManagementServiceImpl - 任务已解析: taskId=e85196c1-59b4-4bc7-834e-5a71ec6ceb00
2026-10-06 01:37:48.087 [pool-2-thread-4] [] WARN  c.c.g.e.d.m.AutoCollectScheduler - AutoCollectScheduler 扫描失败: null
2026-10-06 01:37:48.088 [pool-2-thread-4] [] INFO  c.c.g.r.c.t.s.i.TaskManagementServiceImpl - 任务执行完成: taskId=e85196c1-59b4-4bc7-834e-5a71ec6ceb00, status=SUCCEEDED
2026-10-06 01:37:48.088 [pool-2-thread-4] [] INFO  c.c.g.r.c.t.s.TaskSchedulerServiceImpl - 定时任务已提交执行 taskId=e85196c1-59b4-4bc7-834e-5a71ec6ceb00 taskType=AUTO_COLLECT_SCAN scheduleId=5ec0f85a-1af7-4064-9ba5-713b4847ec50
2026-10-06 01:38:48.074 [pool-2-thread-4] [] INFO  c.c.g.r.c.t.s.i.TaskManagementServiceImpl - 任务已提交: taskId=e85196c1-59b4-4bc7-834e-5a71ec6ceb00, taskName=auto-collect-scan
2026-10-06 01:38:48.084 [pool-2-thread-4] [] INFO  c.c.g.r.c.t.s.i.TaskManagementServiceImpl - 任务已解析: taskId=e85196c1-59b4-4bc7-834e-5a71ec6ceb00
2026-10-06 01:38:48.085 [pool-2-thread-4] [] WARN  c.c.g.e.d.m.AutoCollectScheduler - AutoCollectScheduler 扫描失败: null
2026-10-06 01:38:48.086 [pool-2-thread-4] [] INFO  c.c.g.r.c.t.s.i.TaskManagementServiceImpl - 任务执行完成: taskId=e85196c1-59b4-4bc7-834e-5a71ec6ceb00, status=SUCCEEDED
2026-10-06 01:38:48.087 [pool-2-thread-4] [] INFO  c.c.g.r.c.t.s.TaskSchedulerServiceImpl - 定时任务已提交执行 taskId=e85196c1-59b4-4bc7-834e-5a71ec6ceb00 taskType=AUTO_COLLECT_SCAN scheduleId=5ec0f85a-1af7-4064-9ba5-713b4847ec50
2026-10-06 01:39:48.073 [pool-2-thread-4] [] INFO  c.c.g.r.c.t.s.i.TaskManagementServiceImpl - 任务已提交: taskId=e85196c1-59b4-4bc7-834e-5a71ec6ceb00, taskName=auto-collect-scan
2026-10-06 01:39:48.077 [pool-2-thread-4] [] INFO  c.c.g.r.c.t.s.i.TaskManagementServiceImpl - 任务已解析: taskId=e85196c1-59b4-4bc7-834e-5a71ec6ceb00
2026-10-06 01:39:48.078 [pool-2-thread-4] [] WARN  c.c.g.e.d.m.AutoCollectScheduler - AutoCollectScheduler 扫描失败: null
2026-10-06 01:39:48.080 [pool-2-thread-4] [] INFO  c.c.g.r.c.t.s.i.TaskManagementServiceImpl - 任务执行完成: taskId=e85196c1-59b4-4bc7-834e-5a71ec6ceb00, status=SUCCEEDED
2026-10-06 01:39:48.081 [pool-2-thread-4] [] INFO  c.c.g.r.c.t.s.TaskSchedulerServiceImpl - 定时任务已提交执行 taskId=e85196c1-59b4-4bc7-834e-5a71ec6ceb00 taskType=AUTO_COLLECT_SCAN scheduleId=5ec0f85a-1af7-4064-9ba5-713b4847ec50
2026-10-06 01:40:48.077 [pool-2-thread-4] [] INFO  c.c.g.r.c.t.s.i.TaskManagementServiceImpl - 任务已提交: taskId=e85196c1-59b4-4bc7-834e-5a71ec6ceb00, taskName=auto-collect-scan
2026-10-06 01:40:48.080 [pool-2-thread-4] [] INFO  c.c.g.r.c.t.s.i.TaskManagementServiceImpl - 任务已解析: taskId=e85196c1-59b4-4bc7-834e-5a71ec6ceb00
2026-10-06 01:40:48.082 [pool-2-thread-4] [] WARN  c.c.g.e.d.m.AutoCollectScheduler - AutoCollectScheduler 扫描失败: null
2026-10-06 01:40:48.083 [pool-2-thread-4] [] INFO  c.c.g.r.c.t.s.i.TaskManagementServiceImpl - 任务执行完成: taskId=e85196c1-59b4-4bc7-834e-5a71ec6ceb00, status=SUCCEEDED
2026-10-06 01:40:48.084 [pool-2-thread-4] [] INFO  c.c.g.r.c.t.s.TaskSchedulerServiceImpl - 定时任务已提交执行 taskId=e85196c1-59b4-4bc7-834e-5a71ec6ceb00 taskType=AUTO_COLLECT_SCAN scheduleId=5ec0f85a-1af7-4064-9ba5-713b4847ec50
2026-10-06 01:41:48.075 [pool-2-thread-4] [] INFO  c.c.g.r.c.t.s.i.TaskManagementServiceImpl - 任务已提交: taskId=e85196c1-59b4-4bc7-834e-5a71ec6ceb00, taskName=auto-collect-scan
2026-10-06 01:41:48.077 [pool-2-thread-4] [] INFO  c.c.g.r.c.t.s.i.TaskManagementServiceImpl - 任务已解析: taskId=e85196c1-59b4-4bc7-834e-5a71ec6ceb00
2026-10-06 01:41:48.079 [pool-2-thread-4] [] WARN  c.c.g.e.d.m.AutoCollectScheduler - AutoCollectScheduler 扫描失败: null
2026-10-06 01:41:48.081 [pool-2-thread-4] [] INFO  c.c.g.r.c.t.s.i.TaskManagementServiceImpl - 任务执行完成: taskId=e85196c1-59b4-4bc7-834e-5a71ec6ceb00, status=SUCCEEDED
2026-10-06 01:41:48.082 [pool-2-thread-4] [] INFO  c.c.g.r.c.t.s.TaskSchedulerServiceImpl - 定时任务已提交执行 taskId=e85196c1-59b4-4bc7-834e-5a71ec6ceb00 taskType=AUTO_COLLECT_SCAN scheduleId=5ec0f85a-1af7-4064-9ba5-713b4847ec50
2026-10-06 01:42:48.081 [pool-2-thread-4] [] INFO  c.c.g.r.c.t.s.i.TaskManagementServiceImpl - 任务已提交: taskId=e85196c1-59b4-4bc7-834e-5a71ec6ceb00, taskName=auto-collect-scan
2026-10-06 01:42:48.082 [pool-2-thread-4] [] INFO  c.c.g.r.c.t.s.i.TaskManagementServiceImpl - 任务已解析: taskId=e85196c1-59b4-4bc7-834e-5a71ec6ceb00
2026-10-06 01:42:48.084 [pool-2-thread-4] [] WARN  c.c.g.e.d.m.AutoCollectScheduler - AutoCollectScheduler 扫描失败: null
2026-10-06 01:42:48.084 [pool-2-thread-4] [] INFO  c.c.g.r.c.t.s.i.TaskManagementServiceImpl - 任务执行完成: taskId=e85196c1-59b4-4bc7-834e-5a71ec6ceb00, status=SUCCEEDED
2026-10-06 01:42:48.085 [pool-2-thread-4] [] INFO  c.c.g.r.c.t.s.TaskSchedulerServiceImpl - 定时任务已提交执行 taskId=e85196c1-59b4-4bc7-834e-5a71ec6ceb00 taskType=AUTO_COLLECT_SCAN scheduleId=5ec0f85a-1af7-4064-9ba5-713b4847ec50
2026-10-06 01:43:48.077 [pool-2-thread-4] [] INFO  c.c.g.r.c.t.s.i.TaskManagementServiceImpl - 任务已提交: taskId=e85196c1-59b4-4bc7-834e-5a71ec6ceb00, taskName=auto-collect-scan
2026-10-06 01:43:48.080 [pool-2-thread-4] [] INFO  c.c.g.r.c.t.s.i.TaskManagementServiceImpl - 任务已解析: taskId=e85196c1-59b4-4bc7-834e-5a71ec6ceb00
2026-10-06 01:43:48.083 [pool-2-thread-4] [] WARN  c.c.g.e.d.m.AutoCollectScheduler - AutoCollectScheduler 扫描失败: null
2026-10-06 01:43:48.085 [pool-2-thread-4] [] INFO  c.c.g.r.c.t.s.i.TaskManagementServiceImpl - 任务执行完成: taskId=e85196c1-59b4-4bc7-834e-5a71ec6ceb00, status=SUCCEEDED
2026-10-06 01:43:48.087 [pool-2-thread-4] [] INFO  c.c.g.r.c.t.s.TaskSchedulerServiceImpl - 定时任务已提交执行 taskId=e85196c1-59b4-4bc7-834e-5a71ec6ceb00 taskType=AUTO_COLLECT_SCAN scheduleId=5ec0f85a-1af7-4064-9ba5-713b4847ec50
2026-10-06 01:44:48.076 [pool-2-thread-4] [] INFO  c.c.g.r.c.t.s.i.TaskManagementServiceImpl - 任务已提交: taskId=e85196c1-59b4-4bc7-834e-5a71ec6ceb00, taskName=auto-collect-scan
2026-10-06 01:44:48.078 [pool-2-thread-4] [] INFO  c.c.g.r.c.t.s.i.TaskManagementServiceImpl - 任务已解析: taskId=e85196c1-59b4-4bc7-834e-5a71ec6ceb00
2026-10-06 01:44:48.081 [pool-2-thread-4] [] WARN  c.c.g.e.d.m.AutoCollectScheduler - AutoCollectScheduler 扫描失败: null
2026-10-06 01:44:48.082 [pool-2-thread-4] [] INFO  c.c.g.r.c.t.s.i.TaskManagementServiceImpl - 任务执行完成: taskId=e85196c1-59b4-4bc7-834e-5a71ec6ceb00, status=SUCCEEDED
2026-10-06 01:44:48.084 [pool-2-thread-4] [] INFO  c.c.g.r.c.t.s.TaskSchedulerServiceImpl - 定时任务已提交执行 taskId=e85196c1-59b4-4bc7-834e-5a71ec6ceb00 taskType=AUTO_COLLECT_SCAN scheduleId=5ec0f85a-1af7-4064-9ba5-713b4847ec50
2026-10-06 01:45:48.077 [pool-2-thread-4] [] INFO  c.c.g.r.c.t.s.i.TaskManagementServiceImpl - 任务已提交: taskId=e85196c1-59b4-4bc7-834e-5a71ec6ceb00, taskName=auto-collect-scan
2026-10-06 01:45:48.079 [pool-2-thread-4] [] INFO  c.c.g.r.c.t.s.i.TaskManagementServiceImpl - 任务已解析: taskId=e85196c1-59b4-4bc7-834e-5a71ec6ceb00
2026-10-06 01:45:48.081 [pool-2-thread-4] [] WARN  c.c.g.e.d.m.AutoCollectScheduler - AutoCollectScheduler 扫描失败: null
2026-10-06 01:45:48.083 [pool-2-thread-4] [] INFO  c.c.g.r.c.t.s.i.TaskManagementServiceImpl - 任务执行完成: taskId=e85196c1-59b4-4bc7-834e-5a71ec6ceb00, status=SUCCEEDED
2026-10-06 01:45:48.084 [pool-2-thread-4] [] INFO  c.c.g.r.c.t.s.TaskSchedulerServiceImpl - 定时任务已提交执行 taskId=e85196c1-59b4-4bc7-834e-5a71ec6ceb00 taskType=AUTO_COLLECT_SCAN scheduleId=5ec0f85a-1af7-4064-9ba5-713b4847ec50
2026-10-06 01:46:48.082 [pool-2-thread-4] [] INFO  c.c.g.r.c.t.s.i.TaskManagementServiceImpl - 任务已提交: taskId=e85196c1-59b4-4bc7-834e-5a71ec6ceb00, taskName=auto-collect-scan
2026-10-06 01:46:48.084 [pool-2-thread-4] [] INFO  c.c.g.r.c.t.s.i.TaskManagementServiceImpl - 任务已解析: taskId=e85196c1-59b4-4bc7-834e-5a71ec6ceb00
2026-10-06 01:46:48.085 [pool-2-thread-4] [] WARN  c.c.g.e.d.m.AutoCollectScheduler - AutoCollectScheduler 扫描失败: null
2026-10-06 01:46:48.086 [pool-2-thread-4] [] INFO  c.c.g.r.c.t.s.i.TaskManagementServiceImpl - 任务执行完成: taskId=e85196c1-59b4-4bc7-834e-5a71ec6ceb00, status=SUCCEEDED
2026-10-06 01:46:48.086 [pool-2-thread-4] [] INFO  c.c.g.r.c.t.s.TaskSchedulerServiceImpl - 定时任务已提交执行 taskId=e85196c1-59b4-4bc7-834e-5a71ec6ceb00 taskType=AUTO_COLLECT_SCAN scheduleId=5ec0f85a-1af7-4064-9ba5-713b4847ec50
2026-10-06 01:47:48.080 [pool-2-thread-4] [] INFO  c.c.g.r.c.t.s.i.TaskManagementServiceImpl - 任务已提交: taskId=e85196c1-59b4-4bc7-834e-5a71ec6ceb00, taskName=auto-collect-scan
2026-10-06 01:47:48.082 [pool-2-thread-4] [] INFO  c.c.g.r.c.t.s.i.TaskManagementServiceImpl - 任务已解析: taskId=e85196c1-59b4-4bc7-834e-5a71ec6ceb00
2026-10-06 01:47:48.083 [pool-2-thread-4] [] WARN  c.c.g.e.d.m.AutoCollectScheduler - AutoCollectScheduler 扫描失败: null
2026-10-06 01:47:48.084 [pool-2-thread-4] [] INFO  c.c.g.r.c.t.s.i.TaskManagementServiceImpl - 任务执行完成: taskId=e85196c1-59b4-4bc7-834e-5a71ec6ceb00, status=SUCCEEDED
2026-10-06 01:47:48.085 [pool-2-thread-4] [] INFO  c.c.g.r.c.t.s.TaskSchedulerServiceImpl - 定时任务已提交执行 taskId=e85196c1-59b4-4bc7-834e-5a71ec6ceb00 taskType=AUTO_COLLECT_SCAN scheduleId=5ec0f85a-1af7-4064-9ba5-713b4847ec50
2026-10-06 01:48:48.076 [pool-2-thread-4] [] INFO  c.c.g.r.c.t.s.i.TaskManagementServiceImpl - 任务已提交: taskId=e85196c1-59b4-4bc7-834e-5a71ec6ceb00, taskName=auto-collect-scan
2026-10-06 01:48:48.079 [pool-2-thread-4] [] INFO  c.c.g.r.c.t.s.i.TaskManagementServiceImpl - 任务已解析: taskId=e85196c1-59b4-4bc7-834e-5a71ec6ceb00
2026-10-06 01:48:48.082 [pool-2-thread-4] [] WARN  c.c.g.e.d.m.AutoCollectScheduler - AutoCollectScheduler 扫描失败: null
2026-10-06 01:48:48.084 [pool-2-thread-4] [] INFO  c.c.g.r.c.t.s.i.TaskManagementServiceImpl - 任务执行完成: taskId=e85196c1-59b4-4bc7-834e-5a71ec6ceb00, status=SUCCEEDED
2026-10-06 01:48:48.086 [pool-2-thread-4] [] INFO  c.c.g.r.c.t.s.TaskSchedulerServiceImpl - 定时任务已提交执行 taskId=e85196c1-59b4-4bc7-834e-5a71ec6ceb00 taskType=AUTO_COLLECT_SCAN scheduleId=5ec0f85a-1af7-4064-9ba5-713b4847ec50
2026-10-06 01:49:48.077 [pool-2-thread-4] [] INFO  c.c.g.r.c.t.s.i.TaskManagementServiceImpl - 任务已提交: taskId=e85196c1-59b4-4bc7-834e-5a71ec6ceb00, taskName=auto-collect-scan
2026-10-06 01:49:48.079 [pool-2-thread-4] [] INFO  c.c.g.r.c.t.s.i.TaskManagementServiceImpl - 任务已解析: taskId=e85196c1-59b4-4bc7-834e-5a71ec6ceb00
2026-10-06 01:49:48.081 [pool-2-thread-4] [] WARN  c.c.g.e.d.m.AutoCollectScheduler - AutoCollectScheduler 扫描失败: null
2026-10-06 01:49:48.082 [pool-2-thread-4] [] INFO  c.c.g.r.c.t.s.i.TaskManagementServiceImpl - 任务执行完成: taskId=e85196c1-59b4-4bc7-834e-5a71ec6ceb00, status=SUCCEEDED
2026-10-06 01:49:48.083 [pool-2-thread-4] [] INFO  c.c.g.r.c.t.s.TaskSchedulerServiceImpl - 定时任务已提交执行 taskId=e85196c1-59b4-4bc7-834e-5a71ec6ceb00 taskType=AUTO_COLLECT_SCAN scheduleId=5ec0f85a-1af7-4064-9ba5-713b4847ec50
2026-10-06 01:50:48.086 [pool-2-thread-4] [] INFO  c.c.g.r.c.t.s.i.TaskManagementServiceImpl - 任务已提交: taskId=e85196c1-59b4-4bc7-834e-5a71ec6ceb00, taskName=auto-collect-scan
2026-10-06 01:50:48.089 [pool-2-thread-4] [] INFO  c.c.g.r.c.t.s.i.TaskManagementServiceImpl - 任务已解析: taskId=e85196c1-59b4-4bc7-834e-5a71ec6ceb00
2026-10-06 01:50:48.090 [pool-2-thread-4] [] WARN  c.c.g.e.d.m.AutoCollectScheduler - AutoCollectScheduler 扫描失败: null
2026-10-06 01:50:48.091 [pool-2-thread-4] [] INFO  c.c.g.r.c.t.s.i.TaskManagementServiceImpl - 任务执行完成: taskId=e85196c1-59b4-4bc7-834e-5a71ec6ceb00, status=SUCCEEDED
2026-10-06 01:50:48.092 [pool-2-thread-4] [] INFO  c.c.g.r.c.t.s.TaskSchedulerServiceImpl - 定时任务已提交执行 taskId=e85196c1-59b4-4bc7-834e-5a71ec6ceb00 taskType=AUTO_COLLECT_SCAN scheduleId=5ec0f85a-1af7-4064-9ba5-713b4847ec50
2026-10-06 01:51:48.074 [pool-2-thread-4] [] INFO  c.c.g.r.c.t.s.i.TaskManagementServiceImpl - 任务已提交: taskId=e85196c1-59b4-4bc7-834e-5a71ec6ceb00, taskName=auto-collect-scan
2026-10-06 01:51:48.076 [pool-2-thread-4] [] INFO  c.c.g.r.c.t.s.i.TaskManagementServiceImpl - 任务已解析: taskId=e85196c1-59b4-4bc7-834e-5a71ec6ceb00
2026-10-06 01:51:48.077 [pool-2-thread-4] [] WARN  c.c.g.e.d.m.AutoCollectScheduler - AutoCollectScheduler 扫描失败: null
2026-10-06 01:51:48.079 [pool-2-thread-4] [] INFO  c.c.g.r.c.t.s.i.TaskManagementServiceImpl - 任务执行完成: taskId=e85196c1-59b4-4bc7-834e-5a71ec6ceb00, status=SUCCEEDED
2026-10-06 01:51:48.079 [pool-2-thread-4] [] INFO  c.c.g.r.c.t.s.TaskSchedulerServiceImpl - 定时任务已提交执行 taskId=e85196c1-59b4-4bc7-834e-5a71ec6ceb00 taskType=AUTO_COLLECT_SCAN scheduleId=5ec0f85a-1af7-4064-9ba5-713b4847ec50
2026-10-06 01:52:48.085 [pool-2-thread-4] [] INFO  c.c.g.r.c.t.s.i.TaskManagementServiceImpl - 任务已提交: taskId=e85196c1-59b4-4bc7-834e-5a71ec6ceb00, taskName=auto-collect-scan
2026-10-06 01:52:48.088 [pool-2-thread-4] [] INFO  c.c.g.r.c.t.s.i.TaskManagementServiceImpl - 任务已解析: taskId=e85196c1-59b4-4bc7-834e-5a71ec6ceb00
2026-10-06 01:52:48.089 [pool-2-thread-4] [] WARN  c.c.g.e.d.m.AutoCollectScheduler - AutoCollectScheduler 扫描失败: null
2026-10-06 01:52:48.090 [pool-2-thread-4] [] INFO  c.c.g.r.c.t.s.i.TaskManagementServiceImpl - 任务执行完成: taskId=e85196c1-59b4-4bc7-834e-5a71ec6ceb00, status=SUCCEEDED
2026-10-06 01:52:48.091 [pool-2-thread-4] [] INFO  c.c.g.r.c.t.s.TaskSchedulerServiceImpl - 定时任务已提交执行 taskId=e85196c1-59b4-4bc7-834e-5a71ec6ceb00 taskType=AUTO_COLLECT_SCAN scheduleId=5ec0f85a-1af7-4064-9ba5-713b4847ec50
2026-10-06 01:53:48.077 [pool-2-thread-4] [] INFO  c.c.g.r.c.t.s.i.TaskManagementServiceImpl - 任务已提交: taskId=e85196c1-59b4-4bc7-834e-5a71ec6ceb00, taskName=auto-collect-scan
2026-10-06 01:53:48.083 [pool-2-thread-4] [] INFO  c.c.g.r.c.t.s.i.TaskManagementServiceImpl - 任务已解析: taskId=e85196c1-59b4-4bc7-834e-5a71ec6ceb00
2026-10-06 01:53:48.092 [pool-2-thread-4] [] WARN  c.c.g.e.d.m.AutoCollectScheduler - AutoCollectScheduler 扫描失败: null
2026-10-06 01:53:48.101 [pool-2-thread-4] [] INFO  c.c.g.r.c.t.s.i.TaskManagementServiceImpl - 任务执行完成: taskId=e85196c1-59b4-4bc7-834e-5a71ec6ceb00, status=SUCCEEDED
2026-10-06 01:53:48.107 [pool-2-thread-4] [] INFO  c.c.g.r.c.t.s.TaskSchedulerServiceImpl - 定时任务已提交执行 taskId=e85196c1-59b4-4bc7-834e-5a71ec6ceb00 taskType=AUTO_COLLECT_SCAN scheduleId=5ec0f85a-1af7-4064-9ba5-713b4847ec50
2026-10-06 01:54:48.083 [pool-2-thread-4] [] INFO  c.c.g.r.c.t.s.i.TaskManagementServiceImpl - 任务已提交: taskId=e85196c1-59b4-4bc7-834e-5a71ec6ceb00, taskName=auto-collect-scan
2026-10-06 01:54:48.086 [pool-2-thread-4] [] INFO  c.c.g.r.c.t.s.i.TaskManagementServiceImpl - 任务已解析: taskId=e85196c1-59b4-4bc7-834e-5a71ec6ceb00
2026-10-06 01:54:48.088 [pool-2-thread-4] [] WARN  c.c.g.e.d.m.AutoCollectScheduler - AutoCollectScheduler 扫描失败: null
2026-10-06 01:54:48.089 [pool-2-thread-4] [] INFO  c.c.g.r.c.t.s.i.TaskManagementServiceImpl - 任务执行完成: taskId=e85196c1-59b4-4bc7-834e-5a71ec6ceb00, status=SUCCEEDED
2026-10-06 01:54:48.090 [pool-2-thread-4] [] INFO  c.c.g.r.c.t.s.TaskSchedulerServiceImpl - 定时任务已提交执行 taskId=e85196c1-59b4-4bc7-834e-5a71ec6ceb00 taskType=AUTO_COLLECT_SCAN scheduleId=5ec0f85a-1af7-4064-9ba5-713b4847ec50
2026-10-06 01:55:48.080 [pool-2-thread-4] [] INFO  c.c.g.r.c.t.s.i.TaskManagementServiceImpl - 任务已提交: taskId=e85196c1-59b4-4bc7-834e-5a71ec6ceb00, taskName=auto-collect-scan
2026-10-06 01:55:48.082 [pool-2-thread-4] [] INFO  c.c.g.r.c.t.s.i.TaskManagementServiceImpl - 任务已解析: taskId=e85196c1-59b4-4bc7-834e-5a71ec6ceb00
2026-10-06 01:55:48.084 [pool-2-thread-4] [] WARN  c.c.g.e.d.m.AutoCollectScheduler - AutoCollectScheduler 扫描失败: null
2026-10-06 01:55:48.085 [pool-2-thread-4] [] INFO  c.c.g.r.c.t.s.i.TaskManagementServiceImpl - 任务执行完成: taskId=e85196c1-59b4-4bc7-834e-5a71ec6ceb00, status=SUCCEEDED
2026-10-06 01:55:48.085 [pool-2-thread-4] [] INFO  c.c.g.r.c.t.s.TaskSchedulerServiceImpl - 定时任务已提交执行 taskId=e85196c1-59b4-4bc7-834e-5a71ec6ceb00 taskType=AUTO_COLLECT_SCAN scheduleId=5ec0f85a-1af7-4064-9ba5-713b4847ec50
2026-10-06 01:56:48.085 [pool-2-thread-4] [] INFO  c.c.g.r.c.t.s.i.TaskManagementServiceImpl - 任务已提交: taskId=e85196c1-59b4-4bc7-834e-5a71ec6ceb00, taskName=auto-collect-scan
2026-10-06 01:56:48.088 [pool-2-thread-4] [] INFO  c.c.g.r.c.t.s.i.TaskManagementServiceImpl - 任务已解析: taskId=e85196c1-59b4-4bc7-834e-5a71ec6ceb00
2026-10-06 01:56:48.090 [pool-2-thread-4] [] WARN  c.c.g.e.d.m.AutoCollectScheduler - AutoCollectScheduler 扫描失败: null
2026-10-06 01:56:48.091 [pool-2-thread-4] [] INFO  c.c.g.r.c.t.s.i.TaskManagementServiceImpl - 任务执行完成: taskId=e85196c1-59b4-4bc7-834e-5a71ec6ceb00, status=SUCCEEDED
2026-10-06 01:56:48.093 [pool-2-thread-4] [] INFO  c.c.g.r.c.t.s.TaskSchedulerServiceImpl - 定时任务已提交执行 taskId=e85196c1-59b4-4bc7-834e-5a71ec6ceb00 taskType=AUTO_COLLECT_SCAN scheduleId=5ec0f85a-1af7-4064-9ba5-713b4847ec50
2026-10-06 01:57:48.088 [pool-2-thread-4] [] INFO  c.c.g.r.c.t.s.i.TaskManagementServiceImpl - 任务已提交: taskId=e85196c1-59b4-4bc7-834e-5a71ec6ceb00, taskName=auto-collect-scan
2026-10-06 01:57:48.090 [pool-2-thread-4] [] INFO  c.c.g.r.c.t.s.i.TaskManagementServiceImpl - 任务已解析: taskId=e85196c1-59b4-4bc7-834e-5a71ec6ceb00
2026-10-06 01:57:48.092 [pool-2-thread-4] [] WARN  c.c.g.e.d.m.AutoCollectScheduler - AutoCollectScheduler 扫描失败: null
2026-10-06 01:57:48.094 [pool-2-thread-4] [] INFO  c.c.g.r.c.t.s.i.TaskManagementServiceImpl - 任务执行完成: taskId=e85196c1-59b4-4bc7-834e-5a71ec6ceb00, status=SUCCEEDED
2026-10-06 01:57:48.095 [pool-2-thread-4] [] INFO  c.c.g.r.c.t.s.TaskSchedulerServiceImpl - 定时任务已提交执行 taskId=e85196c1-59b4-4bc7-834e-5a71ec6ceb00 taskType=AUTO_COLLECT_SCAN scheduleId=5ec0f85a-1af7-4064-9ba5-713b4847ec50
2026-10-06 01:58:48.076 [pool-2-thread-4] [] INFO  c.c.g.r.c.t.s.i.TaskManagementServiceImpl - 任务已提交: taskId=e85196c1-59b4-4bc7-834e-5a71ec6ceb00, taskName=auto-collect-scan
2026-10-06 01:58:48.079 [pool-2-thread-4] [] INFO  c.c.g.r.c.t.s.i.TaskManagementServiceImpl - 任务已解析: taskId=e85196c1-59b4-4bc7-834e-5a71ec6ceb00
2026-10-06 01:58:48.080 [pool-2-thread-4] [] WARN  c.c.g.e.d.m.AutoCollectScheduler - AutoCollectScheduler 扫描失败: null
2026-10-06 01:58:48.081 [pool-2-thread-4] [] INFO  c.c.g.r.c.t.s.i.TaskManagementServiceImpl - 任务执行完成: taskId=e85196c1-59b4-4bc7-834e-5a71ec6ceb00, status=SUCCEEDED
2026-10-06 01:58:48.082 [pool-2-thread-4] [] INFO  c.c.g.r.c.t.s.TaskSchedulerServiceImpl - 定时任务已提交执行 taskId=e85196c1-59b4-4bc7-834e-5a71ec6ceb00 taskType=AUTO_COLLECT_SCAN scheduleId=5ec0f85a-1af7-4064-9ba5-713b4847ec50
2026-10-06 01:59:48.083 [pool-2-thread-4] [] INFO  c.c.g.r.c.t.s.i.TaskManagementServiceImpl - 任务已提交: taskId=e85196c1-59b4-4bc7-834e-5a71ec6ceb00, taskName=auto-collect-scan
2026-10-06 01:59:48.085 [pool-2-thread-4] [] INFO  c.c.g.r.c.t.s.i.TaskManagementServiceImpl - 任务已解析: taskId=e85196c1-59b4-4bc7-834e-5a71ec6ceb00
2026-10-06 01:59:48.087 [pool-2-thread-4] [] WARN  c.c.g.e.d.m.AutoCollectScheduler - AutoCollectScheduler 扫描失败: null
2026-10-06 01:59:48.088 [pool-2-thread-4] [] INFO  c.c.g.r.c.t.s.i.TaskManagementServiceImpl - 任务执行完成: taskId=e85196c1-59b4-4bc7-834e-5a71ec6ceb00, status=SUCCEEDED
2026-10-06 01:59:48.089 [pool-2-thread-4] [] INFO  c.c.g.r.c.t.s.TaskSchedulerServiceImpl - 定时任务已提交执行 taskId=e85196c1-59b4-4bc7-834e-5a71ec6ceb00 taskType=AUTO_COLLECT_SCAN scheduleId=5ec0f85a-1af7-4064-9ba5-713b4847ec50
2026-10-06 02:00:48.080 [pool-2-thread-4] [] INFO  c.c.g.r.c.t.s.i.TaskManagementServiceImpl - 任务已提交: taskId=e85196c1-59b4-4bc7-834e-5a71ec6ceb00, taskName=auto-collect-scan
2026-10-06 02:00:48.084 [pool-2-thread-4] [] INFO  c.c.g.r.c.t.s.i.TaskManagementServiceImpl - 任务已解析: taskId=e85196c1-59b4-4bc7-834e-5a71ec6ceb00
2026-10-06 02:00:48.086 [pool-2-thread-4] [] WARN  c.c.g.e.d.m.AutoCollectScheduler - AutoCollectScheduler 扫描失败: null
2026-10-06 02:00:48.087 [pool-2-thread-4] [] INFO  c.c.g.r.c.t.s.i.TaskManagementServiceImpl - 任务执行完成: taskId=e85196c1-59b4-4bc7-834e-5a71ec6ceb00, status=SUCCEEDED
2026-10-06 02:00:48.088 [pool-2-thread-4] [] INFO  c.c.g.r.c.t.s.TaskSchedulerServiceImpl - 定时任务已提交执行 taskId=e85196c1-59b4-4bc7-834e-5a71ec6ceb00 taskType=AUTO_COLLECT_SCAN scheduleId=5ec0f85a-1af7-4064-9ba5-713b4847ec50
2026-10-06 02:01:48.080 [pool-2-thread-4] [] INFO  c.c.g.r.c.t.s.i.TaskManagementServiceImpl - 任务已提交: taskId=e85196c1-59b4-4bc7-834e-5a71ec6ceb00, taskName=auto-collect-scan
2026-10-06 02:01:48.091 [pool-2-thread-4] [] INFO  c.c.g.r.c.t.s.i.TaskManagementServiceImpl - 任务已解析: taskId=e85196c1-59b4-4bc7-834e-5a71ec6ceb00
2026-10-06 02:01:48.093 [pool-2-thread-4] [] WARN  c.c.g.e.d.m.AutoCollectScheduler - AutoCollectScheduler 扫描失败: null
2026-10-06 02:01:48.094 [pool-2-thread-4] [] INFO  c.c.g.r.c.t.s.i.TaskManagementServiceImpl - 任务执行完成: taskId=e85196c1-59b4-4bc7-834e-5a71ec6ceb00, status=SUCCEEDED
2026-10-06 02:01:48.094 [pool-2-thread-4] [] INFO  c.c.g.r.c.t.s.TaskSchedulerServiceImpl - 定时任务已提交执行 taskId=e85196c1-59b4-4bc7-834e-5a71ec6ceb00 taskType=AUTO_COLLECT_SCAN scheduleId=5ec0f85a-1af7-4064-9ba5-713b4847ec50
2026-10-06 02:02:48.085 [pool-2-thread-4] [] INFO  c.c.g.r.c.t.s.i.TaskManagementServiceImpl - 任务已提交: taskId=e85196c1-59b4-4bc7-834e-5a71ec6ceb00, taskName=auto-collect-scan
2026-10-06 02:02:48.086 [pool-2-thread-4] [] INFO  c.c.g.r.c.t.s.i.TaskManagementServiceImpl - 任务已解析: taskId=e85196c1-59b4-4bc7-834e-5a71ec6ceb00
2026-10-06 02:02:48.087 [pool-2-thread-4] [] WARN  c.c.g.e.d.m.AutoCollectScheduler - AutoCollectScheduler 扫描失败: null
2026-10-06 02:02:48.089 [pool-2-thread-4] [] INFO  c.c.g.r.c.t.s.i.TaskManagementServiceImpl - 任务执行完成: taskId=e85196c1-59b4-4bc7-834e-5a71ec6ceb00, status=SUCCEEDED
2026-10-06 02:02:48.089 [pool-2-thread-4] [] INFO  c.c.g.r.c.t.s.TaskSchedulerServiceImpl - 定时任务已提交执行 taskId=e85196c1-59b4-4bc7-834e-5a71ec6ceb00 taskType=AUTO_COLLECT_SCAN scheduleId=5ec0f85a-1af7-4064-9ba5-713b4847ec50
2026-10-06 02:03:48.088 [pool-2-thread-4] [] INFO  c.c.g.r.c.t.s.i.TaskManagementServiceImpl - 任务已提交: taskId=e85196c1-59b4-4bc7-834e-5a71ec6ceb00, taskName=auto-collect-scan
2026-10-06 02:03:48.098 [pool-2-thread-4] [] INFO  c.c.g.r.c.t.s.i.TaskManagementServiceImpl - 任务已解析: taskId=e85196c1-59b4-4bc7-834e-5a71ec6ceb00
2026-10-06 02:03:48.101 [pool-2-thread-4] [] WARN  c.c.g.e.d.m.AutoCollectScheduler - AutoCollectScheduler 扫描失败: null
2026-10-06 02:03:48.102 [pool-2-thread-4] [] INFO  c.c.g.r.c.t.s.i.TaskManagementServiceImpl - 任务执行完成: taskId=e85196c1-59b4-4bc7-834e-5a71ec6ceb00, status=SUCCEEDED
2026-10-06 02:03:48.103 [pool-2-thread-4] [] INFO  c.c.g.r.c.t.s.TaskSchedulerServiceImpl - 定时任务已提交执行 taskId=e85196c1-59b4-4bc7-834e-5a71ec6ceb00 taskType=AUTO_COLLECT_SCAN scheduleId=5ec0f85a-1af7-4064-9ba5-713b4847ec50
2026-10-06 02:04:48.077 [pool-2-thread-4] [] INFO  c.c.g.r.c.t.s.i.TaskManagementServiceImpl - 任务已提交: taskId=e85196c1-59b4-4bc7-834e-5a71ec6ceb00, taskName=auto-collect-scan
2026-10-06 02:04:48.087 [pool-2-thread-4] [] INFO  c.c.g.r.c.t.s.i.TaskManagementServiceImpl - 任务已解析: taskId=e85196c1-59b4-4bc7-834e-5a71ec6ceb00
2026-10-06 02:04:48.088 [pool-2-thread-4] [] WARN  c.c.g.e.d.m.AutoCollectScheduler - AutoCollectScheduler 扫描失败: null
2026-10-06 02:04:48.089 [pool-2-thread-4] [] INFO  c.c.g.r.c.t.s.i.TaskManagementServiceImpl - 任务执行完成: taskId=e85196c1-59b4-4bc7-834e-5a71ec6ceb00, status=SUCCEEDED
2026-10-06 02:04:48.090 [pool-2-thread-4] [] INFO  c.c.g.r.c.t.s.TaskSchedulerServiceImpl - 定时任务已提交执行 taskId=e85196c1-59b4-4bc7-834e-5a71ec6ceb00 taskType=AUTO_COLLECT_SCAN scheduleId=5ec0f85a-1af7-4064-9ba5-713b4847ec50
2026-10-06 02:05:48.087 [pool-2-thread-4] [] INFO  c.c.g.r.c.t.s.i.TaskManagementServiceImpl - 任务已提交: taskId=e85196c1-59b4-4bc7-834e-5a71ec6ceb00, taskName=auto-collect-scan
2026-10-06 02:05:48.099 [pool-2-thread-4] [] INFO  c.c.g.r.c.t.s.i.TaskManagementServiceImpl - 任务已解析: taskId=e85196c1-59b4-4bc7-834e-5a71ec6ceb00
2026-10-06 02:05:48.100 [pool-2-thread-4] [] WARN  c.c.g.e.d.m.AutoCollectScheduler - AutoCollectScheduler 扫描失败: null
2026-10-06 02:05:48.101 [pool-2-thread-4] [] INFO  c.c.g.r.c.t.s.i.TaskManagementServiceImpl - 任务执行完成: taskId=e85196c1-59b4-4bc7-834e-5a71ec6ceb00, status=SUCCEEDED
2026-10-06 02:05:48.103 [pool-2-thread-4] [] INFO  c.c.g.r.c.t.s.TaskSchedulerServiceImpl - 定时任务已提交执行 taskId=e85196c1-59b4-4bc7-834e-5a71ec6ceb00 taskType=AUTO_COLLECT_SCAN scheduleId=5ec0f85a-1af7-4064-9ba5-713b4847ec50
2026-10-06 02:06:48.079 [pool-2-thread-4] [] INFO  c.c.g.r.c.t.s.i.TaskManagementServiceImpl - 任务已提交: taskId=e85196c1-59b4-4bc7-834e-5a71ec6ceb00, taskName=auto-collect-scan
2026-10-06 02:06:48.089 [pool-2-thread-4] [] INFO  c.c.g.r.c.t.s.i.TaskManagementServiceImpl - 任务已解析: taskId=e85196c1-59b4-4bc7-834e-5a71ec6ceb00
2026-10-06 02:06:48.090 [pool-2-thread-4] [] WARN  c.c.g.e.d.m.AutoCollectScheduler - AutoCollectScheduler 扫描失败: null
2026-10-06 02:06:48.091 [pool-2-thread-4] [] INFO  c.c.g.r.c.t.s.i.TaskManagementServiceImpl - 任务执行完成: taskId=e85196c1-59b4-4bc7-834e-5a71ec6ceb00, status=SUCCEEDED
2026-10-06 02:06:48.091 [pool-2-thread-4] [] INFO  c.c.g.r.c.t.s.TaskSchedulerServiceImpl - 定时任务已提交执行 taskId=e85196c1-59b4-4bc7-834e-5a71ec6ceb00 taskType=AUTO_COLLECT_SCAN scheduleId=5ec0f85a-1af7-4064-9ba5-713b4847ec50
2026-10-06 02:07:48.078 [pool-2-thread-4] [] INFO  c.c.g.r.c.t.s.i.TaskManagementServiceImpl - 任务已提交: taskId=e85196c1-59b4-4bc7-834e-5a71ec6ceb00, taskName=auto-collect-scan
2026-10-06 02:07:48.086 [pool-2-thread-4] [] INFO  c.c.g.r.c.t.s.i.TaskManagementServiceImpl - 任务已解析: taskId=e85196c1-59b4-4bc7-834e-5a71ec6ceb00
2026-10-06 02:07:48.094 [pool-2-thread-4] [] WARN  c.c.g.e.d.m.AutoCollectScheduler - AutoCollectScheduler 扫描失败: null
2026-10-06 02:07:48.101 [pool-2-thread-4] [] INFO  c.c.g.r.c.t.s.i.TaskManagementServiceImpl - 任务执行完成: taskId=e85196c1-59b4-4bc7-834e-5a71ec6ceb00, status=SUCCEEDED
2026-10-06 02:07:48.106 [pool-2-thread-4] [] INFO  c.c.g.r.c.t.s.TaskSchedulerServiceImpl - 定时任务已提交执行 taskId=e85196c1-59b4-4bc7-834e-5a71ec6ceb00 taskType=AUTO_COLLECT_SCAN scheduleId=5ec0f85a-1af7-4064-9ba5-713b4847ec50
2026-10-06 02:08:48.087 [pool-2-thread-4] [] INFO  c.c.g.r.c.t.s.i.TaskManagementServiceImpl - 任务已提交: taskId=e85196c1-59b4-4bc7-834e-5a71ec6ceb00, taskName=auto-collect-scan
2026-10-06 02:08:48.090 [pool-2-thread-4] [] INFO  c.c.g.r.c.t.s.i.TaskManagementServiceImpl - 任务已解析: taskId=e85196c1-59b4-4bc7-834e-5a71ec6ceb00
2026-10-06 02:08:48.091 [pool-2-thread-4] [] WARN  c.c.g.e.d.m.AutoCollectScheduler - AutoCollectScheduler 扫描失败: null
2026-10-06 02:08:48.092 [pool-2-thread-4] [] INFO  c.c.g.r.c.t.s.i.TaskManagementServiceImpl - 任务执行完成: taskId=e85196c1-59b4-4bc7-834e-5a71ec6ceb00, status=SUCCEEDED
2026-10-06 02:08:48.093 [pool-2-thread-4] [] INFO  c.c.g.r.c.t.s.TaskSchedulerServiceImpl - 定时任务已提交执行 taskId=e85196c1-59b4-4bc7-834e-5a71ec6ceb00 taskType=AUTO_COLLECT_SCAN scheduleId=5ec0f85a-1af7-4064-9ba5-713b4847ec50
2026-10-06 02:09:48.086 [pool-2-thread-4] [] INFO  c.c.g.r.c.t.s.i.TaskManagementServiceImpl - 任务已提交: taskId=e85196c1-59b4-4bc7-834e-5a71ec6ceb00, taskName=auto-collect-scan
2026-10-06 02:09:48.088 [pool-2-thread-4] [] INFO  c.c.g.r.c.t.s.i.TaskManagementServiceImpl - 任务已解析: taskId=e85196c1-59b4-4bc7-834e-5a71ec6ceb00
2026-10-06 02:09:48.089 [pool-2-thread-4] [] WARN  c.c.g.e.d.m.AutoCollectScheduler - AutoCollectScheduler 扫描失败: null
2026-10-06 02:09:48.091 [pool-2-thread-4] [] INFO  c.c.g.r.c.t.s.i.TaskManagementServiceImpl - 任务执行完成: taskId=e85196c1-59b4-4bc7-834e-5a71ec6ceb00, status=SUCCEEDED
2026-10-06 02:09:48.091 [pool-2-thread-4] [] INFO  c.c.g.r.c.t.s.TaskSchedulerServiceImpl - 定时任务已提交执行 taskId=e85196c1-59b4-4bc7-834e-5a71ec6ceb00 taskType=AUTO_COLLECT_SCAN scheduleId=5ec0f85a-1af7-4064-9ba5-713b4847ec50
2026-10-06 02:10:48.082 [pool-2-thread-4] [] INFO  c.c.g.r.c.t.s.i.TaskManagementServiceImpl - 任务已提交: taskId=e85196c1-59b4-4bc7-834e-5a71ec6ceb00, taskName=auto-collect-scan
2026-10-06 02:10:48.094 [pool-2-thread-4] [] INFO  c.c.g.r.c.t.s.i.TaskManagementServiceImpl - 任务已解析: taskId=e85196c1-59b4-4bc7-834e-5a71ec6ceb00
2026-10-06 02:10:48.096 [pool-2-thread-4] [] WARN  c.c.g.e.d.m.AutoCollectScheduler - AutoCollectScheduler 扫描失败: null
2026-10-06 02:10:48.097 [pool-2-thread-4] [] INFO  c.c.g.r.c.t.s.i.TaskManagementServiceImpl - 任务执行完成: taskId=e85196c1-59b4-4bc7-834e-5a71ec6ceb00, status=SUCCEEDED
2026-10-06 02:10:48.099 [pool-2-thread-4] [] INFO  c.c.g.r.c.t.s.TaskSchedulerServiceImpl - 定时任务已提交执行 taskId=e85196c1-59b4-4bc7-834e-5a71ec6ceb00 taskType=AUTO_COLLECT_SCAN scheduleId=5ec0f85a-1af7-4064-9ba5-713b4847ec50
2026-10-06 02:11:48.087 [pool-2-thread-4] [] INFO  c.c.g.r.c.t.s.i.TaskManagementServiceImpl - 任务已提交: taskId=e85196c1-59b4-4bc7-834e-5a71ec6ceb00, taskName=auto-collect-scan
2026-10-06 02:11:48.090 [pool-2-thread-4] [] INFO  c.c.g.r.c.t.s.i.TaskManagementServiceImpl - 任务已解析: taskId=e85196c1-59b4-4bc7-834e-5a71ec6ceb00
2026-10-06 02:11:48.092 [pool-2-thread-4] [] WARN  c.c.g.e.d.m.AutoCollectScheduler - AutoCollectScheduler 扫描失败: null
2026-10-06 02:11:48.093 [pool-2-thread-4] [] INFO  c.c.g.r.c.t.s.i.TaskManagementServiceImpl - 任务执行完成: taskId=e85196c1-59b4-4bc7-834e-5a71ec6ceb00, status=SUCCEEDED
2026-10-06 02:11:48.095 [pool-2-thread-4] [] INFO  c.c.g.r.c.t.s.TaskSchedulerServiceImpl - 定时任务已提交执行 taskId=e85196c1-59b4-4bc7-834e-5a71ec6ceb00 taskType=AUTO_COLLECT_SCAN scheduleId=5ec0f85a-1af7-4064-9ba5-713b4847ec50
2026-10-06 02:12:48.073 [pool-2-thread-4] [] INFO  c.c.g.r.c.t.s.i.TaskManagementServiceImpl - 任务已提交: taskId=e85196c1-59b4-4bc7-834e-5a71ec6ceb00, taskName=auto-collect-scan
2026-10-06 02:12:48.076 [pool-2-thread-4] [] INFO  c.c.g.r.c.t.s.i.TaskManagementServiceImpl - 任务已解析: taskId=e85196c1-59b4-4bc7-834e-5a71ec6ceb00
2026-10-06 02:12:48.078 [pool-2-thread-4] [] WARN  c.c.g.e.d.m.AutoCollectScheduler - AutoCollectScheduler 扫描失败: null
2026-10-06 02:12:48.079 [pool-2-thread-4] [] INFO  c.c.g.r.c.t.s.i.TaskManagementServiceImpl - 任务执行完成: taskId=e85196c1-59b4-4bc7-834e-5a71ec6ceb00, status=SUCCEEDED
2026-10-06 02:12:48.081 [pool-2-thread-4] [] INFO  c.c.g.r.c.t.s.TaskSchedulerServiceImpl - 定时任务已提交执行 taskId=e85196c1-59b4-4bc7-834e-5a71ec6ceb00 taskType=AUTO_COLLECT_SCAN scheduleId=5ec0f85a-1af7-4064-9ba5-713b4847ec50
2026-10-06 02:13:48.082 [pool-2-thread-4] [] INFO  c.c.g.r.c.t.s.i.TaskManagementServiceImpl - 任务已提交: taskId=e85196c1-59b4-4bc7-834e-5a71ec6ceb00, taskName=auto-collect-scan
2026-10-06 02:13:48.089 [pool-2-thread-4] [] INFO  c.c.g.r.c.t.s.i.TaskManagementServiceImpl - 任务已解析: taskId=e85196c1-59b4-4bc7-834e-5a71ec6ceb00
2026-10-06 02:13:48.097 [pool-2-thread-4] [] WARN  c.c.g.e.d.m.AutoCollectScheduler - AutoCollectScheduler 扫描失败: null
2026-10-06 02:13:48.105 [pool-2-thread-4] [] INFO  c.c.g.r.c.t.s.i.TaskManagementServiceImpl - 任务执行完成: taskId=e85196c1-59b4-4bc7-834e-5a71ec6ceb00, status=SUCCEEDED
2026-10-06 02:13:48.112 [pool-2-thread-4] [] INFO  c.c.g.r.c.t.s.TaskSchedulerServiceImpl - 定时任务已提交执行 taskId=e85196c1-59b4-4bc7-834e-5a71ec6ceb00 taskType=AUTO_COLLECT_SCAN scheduleId=5ec0f85a-1af7-4064-9ba5-713b4847ec50
2026-10-06 02:14:48.080 [pool-2-thread-4] [] INFO  c.c.g.r.c.t.s.i.TaskManagementServiceImpl - 任务已提交: taskId=e85196c1-59b4-4bc7-834e-5a71ec6ceb00, taskName=auto-collect-scan
2026-10-06 02:14:48.092 [pool-2-thread-4] [] INFO  c.c.g.r.c.t.s.i.TaskManagementServiceImpl - 任务已解析: taskId=e85196c1-59b4-4bc7-834e-5a71ec6ceb00
2026-10-06 02:14:48.094 [pool-2-thread-4] [] WARN  c.c.g.e.d.m.AutoCollectScheduler - AutoCollectScheduler 扫描失败: null
2026-10-06 02:14:48.095 [pool-2-thread-4] [] INFO  c.c.g.r.c.t.s.i.TaskManagementServiceImpl - 任务执行完成: taskId=e85196c1-59b4-4bc7-834e-5a71ec6ceb00, status=SUCCEEDED
2026-10-06 02:14:48.096 [pool-2-thread-4] [] INFO  c.c.g.r.c.t.s.TaskSchedulerServiceImpl - 定时任务已提交执行 taskId=e85196c1-59b4-4bc7-834e-5a71ec6ceb00 taskType=AUTO_COLLECT_SCAN scheduleId=5ec0f85a-1af7-4064-9ba5-713b4847ec50
2026-10-06 02:15:48.078 [pool-2-thread-4] [] INFO  c.c.g.r.c.t.s.i.TaskManagementServiceImpl - 任务已提交: taskId=e85196c1-59b4-4bc7-834e-5a71ec6ceb00, taskName=auto-collect-scan
2026-10-06 02:15:48.090 [pool-2-thread-4] [] INFO  c.c.g.r.c.t.s.i.TaskManagementServiceImpl - 任务已解析: taskId=e85196c1-59b4-4bc7-834e-5a71ec6ceb00
2026-10-06 02:15:48.091 [pool-2-thread-4] [] WARN  c.c.g.e.d.m.AutoCollectScheduler - AutoCollectScheduler 扫描失败: null
2026-10-06 02:15:48.092 [pool-2-thread-4] [] INFO  c.c.g.r.c.t.s.i.TaskManagementServiceImpl - 任务执行完成: taskId=e85196c1-59b4-4bc7-834e-5a71ec6ceb00, status=SUCCEEDED
2026-10-06 02:15:48.093 [pool-2-thread-4] [] INFO  c.c.g.r.c.t.s.TaskSchedulerServiceImpl - 定时任务已提交执行 taskId=e85196c1-59b4-4bc7-834e-5a71ec6ceb00 taskType=AUTO_COLLECT_SCAN scheduleId=5ec0f85a-1af7-4064-9ba5-713b4847ec50
2026-10-06 02:16:48.080 [pool-2-thread-4] [] INFO  c.c.g.r.c.t.s.i.TaskManagementServiceImpl - 任务已提交: taskId=e85196c1-59b4-4bc7-834e-5a71ec6ceb00, taskName=auto-collect-scan
2026-10-06 02:16:48.091 [pool-2-thread-4] [] INFO  c.c.g.r.c.t.s.i.TaskManagementServiceImpl - 任务已解析: taskId=e85196c1-59b4-4bc7-834e-5a71ec6ceb00
2026-10-06 02:16:48.093 [pool-2-thread-4] [] WARN  c.c.g.e.d.m.AutoCollectScheduler - AutoCollectScheduler 扫描失败: null
2026-10-06 02:16:48.095 [pool-2-thread-4] [] INFO  c.c.g.r.c.t.s.i.TaskManagementServiceImpl - 任务执行完成: taskId=e85196c1-59b4-4bc7-834e-5a71ec6ceb00, status=SUCCEEDED
2026-10-06 02:16:48.096 [pool-2-thread-4] [] INFO  c.c.g.r.c.t.s.TaskSchedulerServiceImpl - 定时任务已提交执行 taskId=e85196c1-59b4-4bc7-834e-5a71ec6ceb00 taskType=AUTO_COLLECT_SCAN scheduleId=5ec0f85a-1af7-4064-9ba5-713b4847ec50
2026-10-06 02:17:48.078 [pool-2-thread-4] [] INFO  c.c.g.r.c.t.s.i.TaskManagementServiceImpl - 任务已提交: taskId=e85196c1-59b4-4bc7-834e-5a71ec6ceb00, taskName=auto-collect-scan
2026-10-06 02:17:48.088 [pool-2-thread-4] [] INFO  c.c.g.r.c.t.s.i.TaskManagementServiceImpl - 任务已解析: taskId=e85196c1-59b4-4bc7-834e-5a71ec6ceb00
2026-10-06 02:17:48.089 [pool-2-thread-4] [] WARN  c.c.g.e.d.m.AutoCollectScheduler - AutoCollectScheduler 扫描失败: null
2026-10-06 02:17:48.091 [pool-2-thread-4] [] INFO  c.c.g.r.c.t.s.i.TaskManagementServiceImpl - 任务执行完成: taskId=e85196c1-59b4-4bc7-834e-5a71ec6ceb00, status=SUCCEEDED
2026-10-06 02:17:48.092 [pool-2-thread-4] [] INFO  c.c.g.r.c.t.s.TaskSchedulerServiceImpl - 定时任务已提交执行 taskId=e85196c1-59b4-4bc7-834e-5a71ec6ceb00 taskType=AUTO_COLLECT_SCAN scheduleId=5ec0f85a-1af7-4064-9ba5-713b4847ec50
2026-10-06 02:18:48.076 [pool-2-thread-4] [] INFO  c.c.g.r.c.t.s.i.TaskManagementServiceImpl - 任务已提交: taskId=e85196c1-59b4-4bc7-834e-5a71ec6ceb00, taskName=auto-collect-scan
2026-10-06 02:18:48.087 [pool-2-thread-4] [] INFO  c.c.g.r.c.t.s.i.TaskManagementServiceImpl - 任务已解析: taskId=e85196c1-59b4-4bc7-834e-5a71ec6ceb00
2026-10-06 02:18:48.089 [pool-2-thread-4] [] WARN  c.c.g.e.d.m.AutoCollectScheduler - AutoCollectScheduler 扫描失败: null
2026-10-06 02:18:48.090 [pool-2-thread-4] [] INFO  c.c.g.r.c.t.s.i.TaskManagementServiceImpl - 任务执行完成: taskId=e85196c1-59b4-4bc7-834e-5a71ec6ceb00, status=SUCCEEDED
2026-10-06 02:18:48.091 [pool-2-thread-4] [] INFO  c.c.g.r.c.t.s.TaskSchedulerServiceImpl - 定时任务已提交执行 taskId=e85196c1-59b4-4bc7-834e-5a71ec6ceb00 taskType=AUTO_COLLECT_SCAN scheduleId=5ec0f85a-1af7-4064-9ba5-713b4847ec50
2026-10-06 02:19:48.084 [pool-2-thread-4] [] INFO  c.c.g.r.c.t.s.i.TaskManagementServiceImpl - 任务已提交: taskId=e85196c1-59b4-4bc7-834e-5a71ec6ceb00, taskName=auto-collect-scan
2026-10-06 02:19:48.095 [pool-2-thread-4] [] INFO  c.c.g.r.c.t.s.i.TaskManagementServiceImpl - 任务已解析: taskId=e85196c1-59b4-4bc7-834e-5a71ec6ceb00
2026-10-06 02:19:48.097 [pool-2-thread-4] [] WARN  c.c.g.e.d.m.AutoCollectScheduler - AutoCollectScheduler 扫描失败: null
2026-10-06 02:19:48.098 [pool-2-thread-4] [] INFO  c.c.g.r.c.t.s.i.TaskManagementServiceImpl - 任务执行完成: taskId=e85196c1-59b4-4bc7-834e-5a71ec6ceb00, status=SUCCEEDED
2026-10-06 02:19:48.099 [pool-2-thread-4] [] INFO  c.c.g.r.c.t.s.TaskSchedulerServiceImpl - 定时任务已提交执行 taskId=e85196c1-59b4-4bc7-834e-5a71ec6ceb00 taskType=AUTO_COLLECT_SCAN scheduleId=5ec0f85a-1af7-4064-9ba5-713b4847ec50
2026-10-06 02:20:48.085 [pool-2-thread-4] [] INFO  c.c.g.r.c.t.s.i.TaskManagementServiceImpl - 任务已提交: taskId=e85196c1-59b4-4bc7-834e-5a71ec6ceb00, taskName=auto-collect-scan
2026-10-06 02:20:48.098 [pool-2-thread-4] [] INFO  c.c.g.r.c.t.s.i.TaskManagementServiceImpl - 任务已解析: taskId=e85196c1-59b4-4bc7-834e-5a71ec6ceb00
2026-10-06 02:20:48.099 [pool-2-thread-4] [] WARN  c.c.g.e.d.m.AutoCollectScheduler - AutoCollectScheduler 扫描失败: null
2026-10-06 02:20:48.101 [pool-2-thread-4] [] INFO  c.c.g.r.c.t.s.i.TaskManagementServiceImpl - 任务执行完成: taskId=e85196c1-59b4-4bc7-834e-5a71ec6ceb00, status=SUCCEEDED
2026-10-06 02:20:48.102 [pool-2-thread-4] [] INFO  c.c.g.r.c.t.s.TaskSchedulerServiceImpl - 定时任务已提交执行 taskId=e85196c1-59b4-4bc7-834e-5a71ec6ceb00 taskType=AUTO_COLLECT_SCAN scheduleId=5ec0f85a-1af7-4064-9ba5-713b4847ec50
2026-10-06 02:21:48.087 [pool-2-thread-4] [] INFO  c.c.g.r.c.t.s.i.TaskManagementServiceImpl - 任务已提交: taskId=e85196c1-59b4-4bc7-834e-5a71ec6ceb00, taskName=auto-collect-scan
2026-10-06 02:21:48.098 [pool-2-thread-4] [] INFO  c.c.g.r.c.t.s.i.TaskManagementServiceImpl - 任务已解析: taskId=e85196c1-59b4-4bc7-834e-5a71ec6ceb00
2026-10-06 02:21:48.100 [pool-2-thread-4] [] WARN  c.c.g.e.d.m.AutoCollectScheduler - AutoCollectScheduler 扫描失败: null
2026-10-06 02:21:48.102 [pool-2-thread-4] [] INFO  c.c.g.r.c.t.s.i.TaskManagementServiceImpl - 任务执行完成: taskId=e85196c1-59b4-4bc7-834e-5a71ec6ceb00, status=SUCCEEDED
2026-10-06 02:21:48.103 [pool-2-thread-4] [] INFO  c.c.g.r.c.t.s.TaskSchedulerServiceImpl - 定时任务已提交执行 taskId=e85196c1-59b4-4bc7-834e-5a71ec6ceb00 taskType=AUTO_COLLECT_SCAN scheduleId=5ec0f85a-1af7-4064-9ba5-713b4847ec50
2026-10-06 02:22:48.077 [pool-2-thread-4] [] INFO  c.c.g.r.c.t.s.i.TaskManagementServiceImpl - 任务已提交: taskId=e85196c1-59b4-4bc7-834e-5a71ec6ceb00, taskName=auto-collect-scan
2026-10-06 02:22:48.079 [pool-2-thread-4] [] INFO  c.c.g.r.c.t.s.i.TaskManagementServiceImpl - 任务已解析: taskId=e85196c1-59b4-4bc7-834e-5a71ec6ceb00
2026-10-06 02:22:48.082 [pool-2-thread-4] [] WARN  c.c.g.e.d.m.AutoCollectScheduler - AutoCollectScheduler 扫描失败: null
2026-10-06 02:22:48.084 [pool-2-thread-4] [] INFO  c.c.g.r.c.t.s.i.TaskManagementServiceImpl - 任务执行完成: taskId=e85196c1-59b4-4bc7-834e-5a71ec6ceb00, status=SUCCEEDED
2026-10-06 02:22:48.085 [pool-2-thread-4] [] INFO  c.c.g.r.c.t.s.TaskSchedulerServiceImpl - 定时任务已提交执行 taskId=e85196c1-59b4-4bc7-834e-5a71ec6ceb00 taskType=AUTO_COLLECT_SCAN scheduleId=5ec0f85a-1af7-4064-9ba5-713b4847ec50
2026-10-06 02:23:48.080 [pool-2-thread-4] [] INFO  c.c.g.r.c.t.s.i.TaskManagementServiceImpl - 任务已提交: taskId=e85196c1-59b4-4bc7-834e-5a71ec6ceb00, taskName=auto-collect-scan
2026-10-06 02:23:48.093 [pool-2-thread-4] [] INFO  c.c.g.r.c.t.s.i.TaskManagementServiceImpl - 任务已解析: taskId=e85196c1-59b4-4bc7-834e-5a71ec6ceb00
2026-10-06 02:23:48.094 [pool-2-thread-4] [] WARN  c.c.g.e.d.m.AutoCollectScheduler - AutoCollectScheduler 扫描失败: null
2026-10-06 02:23:48.095 [pool-2-thread-4] [] INFO  c.c.g.r.c.t.s.i.TaskManagementServiceImpl - 任务执行完成: taskId=e85196c1-59b4-4bc7-834e-5a71ec6ceb00, status=SUCCEEDED
2026-10-06 02:23:48.097 [pool-2-thread-4] [] INFO  c.c.g.r.c.t.s.TaskSchedulerServiceImpl - 定时任务已提交执行 taskId=e85196c1-59b4-4bc7-834e-5a71ec6ceb00 taskType=AUTO_COLLECT_SCAN scheduleId=5ec0f85a-1af7-4064-9ba5-713b4847ec50
2026-10-06 02:24:48.079 [pool-2-thread-4] [] INFO  c.c.g.r.c.t.s.i.TaskManagementServiceImpl - 任务已提交: taskId=e85196c1-59b4-4bc7-834e-5a71ec6ceb00, taskName=auto-collect-scan
2026-10-06 02:24:48.090 [pool-2-thread-4] [] INFO  c.c.g.r.c.t.s.i.TaskManagementServiceImpl - 任务已解析: taskId=e85196c1-59b4-4bc7-834e-5a71ec6ceb00
2026-10-06 02:24:48.092 [pool-2-thread-4] [] WARN  c.c.g.e.d.m.AutoCollectScheduler - AutoCollectScheduler 扫描失败: null
2026-10-06 02:24:48.094 [pool-2-thread-4] [] INFO  c.c.g.r.c.t.s.i.TaskManagementServiceImpl - 任务执行完成: taskId=e85196c1-59b4-4bc7-834e-5a71ec6ceb00, status=SUCCEEDED
2026-10-06 02:24:48.095 [pool-2-thread-4] [] INFO  c.c.g.r.c.t.s.TaskSchedulerServiceImpl - 定时任务已提交执行 taskId=e85196c1-59b4-4bc7-834e-5a71ec6ceb00 taskType=AUTO_COLLECT_SCAN scheduleId=5ec0f85a-1af7-4064-9ba5-713b4847ec50
2026-10-06 02:25:48.073 [pool-2-thread-4] [] INFO  c.c.g.r.c.t.s.i.TaskManagementServiceImpl - 任务已提交: taskId=e85196c1-59b4-4bc7-834e-5a71ec6ceb00, taskName=auto-collect-scan
2026-10-06 02:25:48.084 [pool-2-thread-4] [] INFO  c.c.g.r.c.t.s.i.TaskManagementServiceImpl - 任务已解析: taskId=e85196c1-59b4-4bc7-834e-5a71ec6ceb00
2026-10-06 02:25:48.085 [pool-2-thread-4] [] WARN  c.c.g.e.d.m.AutoCollectScheduler - AutoCollectScheduler 扫描失败: null
2026-10-06 02:25:48.087 [pool-2-thread-4] [] INFO  c.c.g.r.c.t.s.i.TaskManagementServiceImpl - 任务执行完成: taskId=e85196c1-59b4-4bc7-834e-5a71ec6ceb00, status=SUCCEEDED
2026-10-06 02:25:48.088 [pool-2-thread-4] [] INFO  c.c.g.r.c.t.s.TaskSchedulerServiceImpl - 定时任务已提交执行 taskId=e85196c1-59b4-4bc7-834e-5a71ec6ceb00 taskType=AUTO_COLLECT_SCAN scheduleId=5ec0f85a-1af7-4064-9ba5-713b4847ec50
2026-10-06 02:26:48.077 [pool-2-thread-4] [] INFO  c.c.g.r.c.t.s.i.TaskManagementServiceImpl - 任务已提交: taskId=e85196c1-59b4-4bc7-834e-5a71ec6ceb00, taskName=auto-collect-scan
2026-10-06 02:26:48.090 [pool-2-thread-4] [] INFO  c.c.g.r.c.t.s.i.TaskManagementServiceImpl - 任务已解析: taskId=e85196c1-59b4-4bc7-834e-5a71ec6ceb00
2026-10-06 02:26:48.092 [pool-2-thread-4] [] WARN  c.c.g.e.d.m.AutoCollectScheduler - AutoCollectScheduler 扫描失败: null
2026-10-06 02:26:48.093 [pool-2-thread-4] [] INFO  c.c.g.r.c.t.s.i.TaskManagementServiceImpl - 任务执行完成: taskId=e85196c1-59b4-4bc7-834e-5a71ec6ceb00, status=SUCCEEDED
2026-10-06 02:26:48.095 [pool-2-thread-4] [] INFO  c.c.g.r.c.t.s.TaskSchedulerServiceImpl - 定时任务已提交执行 taskId=e85196c1-59b4-4bc7-834e-5a71ec6ceb00 taskType=AUTO_COLLECT_SCAN scheduleId=5ec0f85a-1af7-4064-9ba5-713b4847ec50
2026-10-06 02:27:48.079 [pool-2-thread-4] [] INFO  c.c.g.r.c.t.s.i.TaskManagementServiceImpl - 任务已提交: taskId=e85196c1-59b4-4bc7-834e-5a71ec6ceb00, taskName=auto-collect-scan
2026-10-06 02:27:48.081 [pool-2-thread-4] [] INFO  c.c.g.r.c.t.s.i.TaskManagementServiceImpl - 任务已解析: taskId=e85196c1-59b4-4bc7-834e-5a71ec6ceb00
2026-10-06 02:27:48.082 [pool-2-thread-4] [] WARN  c.c.g.e.d.m.AutoCollectScheduler - AutoCollectScheduler 扫描失败: null
2026-10-06 02:27:48.084 [pool-2-thread-4] [] INFO  c.c.g.r.c.t.s.i.TaskManagementServiceImpl - 任务执行完成: taskId=e85196c1-59b4-4bc7-834e-5a71ec6ceb00, status=SUCCEEDED
2026-10-06 02:27:48.085 [pool-2-thread-4] [] INFO  c.c.g.r.c.t.s.TaskSchedulerServiceImpl - 定时任务已提交执行 taskId=e85196c1-59b4-4bc7-834e-5a71ec6ceb00 taskType=AUTO_COLLECT_SCAN scheduleId=5ec0f85a-1af7-4064-9ba5-713b4847ec50
2026-10-06 02:28:48.087 [pool-2-thread-4] [] INFO  c.c.g.r.c.t.s.i.TaskManagementServiceImpl - 任务已提交: taskId=e85196c1-59b4-4bc7-834e-5a71ec6ceb00, taskName=auto-collect-scan
2026-10-06 02:28:48.090 [pool-2-thread-4] [] INFO  c.c.g.r.c.t.s.i.TaskManagementServiceImpl - 任务已解析: taskId=e85196c1-59b4-4bc7-834e-5a71ec6ceb00
2026-10-06 02:28:48.092 [pool-2-thread-4] [] WARN  c.c.g.e.d.m.AutoCollectScheduler - AutoCollectScheduler 扫描失败: null
2026-10-06 02:28:48.094 [pool-2-thread-4] [] INFO  c.c.g.r.c.t.s.i.TaskManagementServiceImpl - 任务执行完成: taskId=e85196c1-59b4-4bc7-834e-5a71ec6ceb00, status=SUCCEEDED
2026-10-06 02:28:48.096 [pool-2-thread-4] [] INFO  c.c.g.r.c.t.s.TaskSchedulerServiceImpl - 定时任务已提交执行 taskId=e85196c1-59b4-4bc7-834e-5a71ec6ceb00 taskType=AUTO_COLLECT_SCAN scheduleId=5ec0f85a-1af7-4064-9ba5-713b4847ec50
2026-10-06 02:29:48.085 [pool-2-thread-4] [] INFO  c.c.g.r.c.t.s.i.TaskManagementServiceImpl - 任务已提交: taskId=e85196c1-59b4-4bc7-834e-5a71ec6ceb00, taskName=auto-collect-scan
2026-10-06 02:29:48.095 [pool-2-thread-4] [] INFO  c.c.g.r.c.t.s.i.TaskManagementServiceImpl - 任务已解析: taskId=e85196c1-59b4-4bc7-834e-5a71ec6ceb00
2026-10-06 02:29:48.096 [pool-2-thread-4] [] WARN  c.c.g.e.d.m.AutoCollectScheduler - AutoCollectScheduler 扫描失败: null
2026-10-06 02:29:48.097 [pool-2-thread-4] [] INFO  c.c.g.r.c.t.s.i.TaskManagementServiceImpl - 任务执行完成: taskId=e85196c1-59b4-4bc7-834e-5a71ec6ceb00, status=SUCCEEDED
2026-10-06 02:29:48.098 [pool-2-thread-4] [] INFO  c.c.g.r.c.t.s.TaskSchedulerServiceImpl - 定时任务已提交执行 taskId=e85196c1-59b4-4bc7-834e-5a71ec6ceb00 taskType=AUTO_COLLECT_SCAN scheduleId=5ec0f85a-1af7-4064-9ba5-713b4847ec50
2026-10-06 02:30:48.073 [pool-2-thread-4] [] INFO  c.c.g.r.c.t.s.i.TaskManagementServiceImpl - 任务已提交: taskId=e85196c1-59b4-4bc7-834e-5a71ec6ceb00, taskName=auto-collect-scan
2026-10-06 02:30:48.075 [pool-2-thread-4] [] INFO  c.c.g.r.c.t.s.i.TaskManagementServiceImpl - 任务已解析: taskId=e85196c1-59b4-4bc7-834e-5a71ec6ceb00
2026-10-06 02:30:48.076 [pool-2-thread-4] [] WARN  c.c.g.e.d.m.AutoCollectScheduler - AutoCollectScheduler 扫描失败: null
2026-10-06 02:30:48.078 [pool-2-thread-4] [] INFO  c.c.g.r.c.t.s.i.TaskManagementServiceImpl - 任务执行完成: taskId=e85196c1-59b4-4bc7-834e-5a71ec6ceb00, status=SUCCEEDED
2026-10-06 02:30:48.079 [pool-2-thread-4] [] INFO  c.c.g.r.c.t.s.TaskSchedulerServiceImpl - 定时任务已提交执行 taskId=e85196c1-59b4-4bc7-834e-5a71ec6ceb00 taskType=AUTO_COLLECT_SCAN scheduleId=5ec0f85a-1af7-4064-9ba5-713b4847ec50
2026-10-06 02:31:48.077 [pool-2-thread-4] [] INFO  c.c.g.r.c.t.s.i.TaskManagementServiceImpl - 任务已提交: taskId=e85196c1-59b4-4bc7-834e-5a71ec6ceb00, taskName=auto-collect-scan
2026-10-06 02:31:48.079 [pool-2-thread-4] [] INFO  c.c.g.r.c.t.s.i.TaskManagementServiceImpl - 任务已解析: taskId=e85196c1-59b4-4bc7-834e-5a71ec6ceb00
2026-10-06 02:31:48.080 [pool-2-thread-4] [] WARN  c.c.g.e.d.m.AutoCollectScheduler - AutoCollectScheduler 扫描失败: null
2026-10-06 02:31:48.081 [pool-2-thread-4] [] INFO  c.c.g.r.c.t.s.i.TaskManagementServiceImpl - 任务执行完成: taskId=e85196c1-59b4-4bc7-834e-5a71ec6ceb00, status=SUCCEEDED
2026-10-06 02:31:48.082 [pool-2-thread-4] [] INFO  c.c.g.r.c.t.s.TaskSchedulerServiceImpl - 定时任务已提交执行 taskId=e85196c1-59b4-4bc7-834e-5a71ec6ceb00 taskType=AUTO_COLLECT_SCAN scheduleId=5ec0f85a-1af7-4064-9ba5-713b4847ec50
2026-10-06 02:32:48.088 [pool-2-thread-4] [] INFO  c.c.g.r.c.t.s.i.TaskManagementServiceImpl - 任务已提交: taskId=e85196c1-59b4-4bc7-834e-5a71ec6ceb00, taskName=auto-collect-scan
2026-10-06 02:32:48.106 [pool-2-thread-4] [] INFO  c.c.g.r.c.t.s.i.TaskManagementServiceImpl - 任务已解析: taskId=e85196c1-59b4-4bc7-834e-5a71ec6ceb00
2026-10-06 02:32:48.110 [pool-2-thread-4] [] WARN  c.c.g.e.d.m.AutoCollectScheduler - AutoCollectScheduler 扫描失败: null
2026-10-06 02:32:48.113 [pool-2-thread-4] [] INFO  c.c.g.r.c.t.s.i.TaskManagementServiceImpl - 任务执行完成: taskId=e85196c1-59b4-4bc7-834e-5a71ec6ceb00, status=SUCCEEDED
2026-10-06 02:32:48.115 [pool-2-thread-4] [] INFO  c.c.g.r.c.t.s.TaskSchedulerServiceImpl - 定时任务已提交执行 taskId=e85196c1-59b4-4bc7-834e-5a71ec6ceb00 taskType=AUTO_COLLECT_SCAN scheduleId=5ec0f85a-1af7-4064-9ba5-713b4847ec50
2026-10-06 02:33:48.081 [pool-2-thread-4] [] INFO  c.c.g.r.c.t.s.i.TaskManagementServiceImpl - 任务已提交: taskId=e85196c1-59b4-4bc7-834e-5a71ec6ceb00, taskName=auto-collect-scan
2026-10-06 02:33:48.084 [pool-2-thread-4] [] INFO  c.c.g.r.c.t.s.i.TaskManagementServiceImpl - 任务已解析: taskId=e85196c1-59b4-4bc7-834e-5a71ec6ceb00
2026-10-06 02:33:48.087 [pool-2-thread-4] [] WARN  c.c.g.e.d.m.AutoCollectScheduler - AutoCollectScheduler 扫描失败: null
2026-10-06 02:33:48.088 [pool-2-thread-4] [] INFO  c.c.g.r.c.t.s.i.TaskManagementServiceImpl - 任务执行完成: taskId=e85196c1-59b4-4bc7-834e-5a71ec6ceb00, status=SUCCEEDED
2026-10-06 02:33:48.090 [pool-2-thread-4] [] INFO  c.c.g.r.c.t.s.TaskSchedulerServiceImpl - 定时任务已提交执行 taskId=e85196c1-59b4-4bc7-834e-5a71ec6ceb00 taskType=AUTO_COLLECT_SCAN scheduleId=5ec0f85a-1af7-4064-9ba5-713b4847ec50
2026-10-06 02:34:48.086 [pool-2-thread-4] [] INFO  c.c.g.r.c.t.s.i.TaskManagementServiceImpl - 任务已提交: taskId=e85196c1-59b4-4bc7-834e-5a71ec6ceb00, taskName=auto-collect-scan
2026-10-06 02:34:48.088 [pool-2-thread-4] [] INFO  c.c.g.r.c.t.s.i.TaskManagementServiceImpl - 任务已解析: taskId=e85196c1-59b4-4bc7-834e-5a71ec6ceb00
2026-10-06 02:34:48.090 [pool-2-thread-4] [] WARN  c.c.g.e.d.m.AutoCollectScheduler - AutoCollectScheduler 扫描失败: null
2026-10-06 02:34:48.091 [pool-2-thread-4] [] INFO  c.c.g.r.c.t.s.i.TaskManagementServiceImpl - 任务执行完成: taskId=e85196c1-59b4-4bc7-834e-5a71ec6ceb00, status=SUCCEEDED
2026-10-06 02:34:48.092 [pool-2-thread-4] [] INFO  c.c.g.r.c.t.s.TaskSchedulerServiceImpl - 定时任务已提交执行 taskId=e85196c1-59b4-4bc7-834e-5a71ec6ceb00 taskType=AUTO_COLLECT_SCAN scheduleId=5ec0f85a-1af7-4064-9ba5-713b4847ec50
2026-10-06 02:35:48.084 [pool-2-thread-4] [] INFO  c.c.g.r.c.t.s.i.TaskManagementServiceImpl - 任务已提交: taskId=e85196c1-59b4-4bc7-834e-5a71ec6ceb00, taskName=auto-collect-scan
2026-10-06 02:35:48.096 [pool-2-thread-4] [] INFO  c.c.g.r.c.t.s.i.TaskManagementServiceImpl - 任务已解析: taskId=e85196c1-59b4-4bc7-834e-5a71ec6ceb00
2026-10-06 02:35:48.098 [pool-2-thread-4] [] WARN  c.c.g.e.d.m.AutoCollectScheduler - AutoCollectScheduler 扫描失败: null
2026-10-06 02:35:48.099 [pool-2-thread-4] [] INFO  c.c.g.r.c.t.s.i.TaskManagementServiceImpl - 任务执行完成: taskId=e85196c1-59b4-4bc7-834e-5a71ec6ceb00, status=SUCCEEDED
2026-10-06 02:35:48.100 [pool-2-thread-4] [] INFO  c.c.g.r.c.t.s.TaskSchedulerServiceImpl - 定时任务已提交执行 taskId=e85196c1-59b4-4bc7-834e-5a71ec6ceb00 taskType=AUTO_COLLECT_SCAN scheduleId=5ec0f85a-1af7-4064-9ba5-713b4847ec50
2026-10-06 02:36:48.082 [pool-2-thread-4] [] INFO  c.c.g.r.c.t.s.i.TaskManagementServiceImpl - 任务已提交: taskId=e85196c1-59b4-4bc7-834e-5a71ec6ceb00, taskName=auto-collect-scan
2026-10-06 02:36:48.093 [pool-2-thread-4] [] INFO  c.c.g.r.c.t.s.i.TaskManagementServiceImpl - 任务已解析: taskId=e85196c1-59b4-4bc7-834e-5a71ec6ceb00
2026-10-06 02:36:48.095 [pool-2-thread-4] [] WARN  c.c.g.e.d.m.AutoCollectScheduler - AutoCollectScheduler 扫描失败: null
2026-10-06 02:36:48.096 [pool-2-thread-4] [] INFO  c.c.g.r.c.t.s.i.TaskManagementServiceImpl - 任务执行完成: taskId=e85196c1-59b4-4bc7-834e-5a71ec6ceb00, status=SUCCEEDED
2026-10-06 02:36:48.096 [pool-2-thread-4] [] INFO  c.c.g.r.c.t.s.TaskSchedulerServiceImpl - 定时任务已提交执行 taskId=e85196c1-59b4-4bc7-834e-5a71ec6ceb00 taskType=AUTO_COLLECT_SCAN scheduleId=5ec0f85a-1af7-4064-9ba5-713b4847ec50
2026-10-06 02:37:48.078 [pool-2-thread-4] [] INFO  c.c.g.r.c.t.s.i.TaskManagementServiceImpl - 任务已提交: taskId=e85196c1-59b4-4bc7-834e-5a71ec6ceb00, taskName=auto-collect-scan
2026-10-06 02:37:48.089 [pool-2-thread-4] [] INFO  c.c.g.r.c.t.s.i.TaskManagementServiceImpl - 任务已解析: taskId=e85196c1-59b4-4bc7-834e-5a71ec6ceb00
2026-10-06 02:37:48.091 [pool-2-thread-4] [] WARN  c.c.g.e.d.m.AutoCollectScheduler - AutoCollectScheduler 扫描失败: null
2026-10-06 02:37:48.092 [pool-2-thread-4] [] INFO  c.c.g.r.c.t.s.i.TaskManagementServiceImpl - 任务执行完成: taskId=e85196c1-59b4-4bc7-834e-5a71ec6ceb00, status=SUCCEEDED
2026-10-06 02:37:48.093 [pool-2-thread-4] [] INFO  c.c.g.r.c.t.s.TaskSchedulerServiceImpl - 定时任务已提交执行 taskId=e85196c1-59b4-4bc7-834e-5a71ec6ceb00 taskType=AUTO_COLLECT_SCAN scheduleId=5ec0f85a-1af7-4064-9ba5-713b4847ec50
2026-10-06 02:38:48.077 [pool-2-thread-4] [] INFO  c.c.g.r.c.t.s.i.TaskManagementServiceImpl - 任务已提交: taskId=e85196c1-59b4-4bc7-834e-5a71ec6ceb00, taskName=auto-collect-scan
2026-10-06 02:38:48.079 [pool-2-thread-4] [] INFO  c.c.g.r.c.t.s.i.TaskManagementServiceImpl - 任务已解析: taskId=e85196c1-59b4-4bc7-834e-5a71ec6ceb00
2026-10-06 02:38:48.080 [pool-2-thread-4] [] WARN  c.c.g.e.d.m.AutoCollectScheduler - AutoCollectScheduler 扫描失败: null
2026-10-06 02:38:48.081 [pool-2-thread-4] [] INFO  c.c.g.r.c.t.s.i.TaskManagementServiceImpl - 任务执行完成: taskId=e85196c1-59b4-4bc7-834e-5a71ec6ceb00, status=SUCCEEDED
2026-10-06 02:38:48.082 [pool-2-thread-4] [] INFO  c.c.g.r.c.t.s.TaskSchedulerServiceImpl - 定时任务已提交执行 taskId=e85196c1-59b4-4bc7-834e-5a71ec6ceb00 taskType=AUTO_COLLECT_SCAN scheduleId=5ec0f85a-1af7-4064-9ba5-713b4847ec50
2026-10-06 02:39:48.083 [pool-2-thread-4] [] INFO  c.c.g.r.c.t.s.i.TaskManagementServiceImpl - 任务已提交: taskId=e85196c1-59b4-4bc7-834e-5a71ec6ceb00, taskName=auto-collect-scan
2026-10-06 02:39:48.094 [pool-2-thread-4] [] INFO  c.c.g.r.c.t.s.i.TaskManagementServiceImpl - 任务已解析: taskId=e85196c1-59b4-4bc7-834e-5a71ec6ceb00
2026-10-06 02:39:48.096 [pool-2-thread-4] [] WARN  c.c.g.e.d.m.AutoCollectScheduler - AutoCollectScheduler 扫描失败: null
2026-10-06 02:39:48.097 [pool-2-thread-4] [] INFO  c.c.g.r.c.t.s.i.TaskManagementServiceImpl - 任务执行完成: taskId=e85196c1-59b4-4bc7-834e-5a71ec6ceb00, status=SUCCEEDED
2026-10-06 02:39:48.098 [pool-2-thread-4] [] INFO  c.c.g.r.c.t.s.TaskSchedulerServiceImpl - 定时任务已提交执行 taskId=e85196c1-59b4-4bc7-834e-5a71ec6ceb00 taskType=AUTO_COLLECT_SCAN scheduleId=5ec0f85a-1af7-4064-9ba5-713b4847ec50
2026-10-06 02:40:48.081 [pool-2-thread-4] [] INFO  c.c.g.r.c.t.s.i.TaskManagementServiceImpl - 任务已提交: taskId=e85196c1-59b4-4bc7-834e-5a71ec6ceb00, taskName=auto-collect-scan
2026-10-06 02:40:48.092 [pool-2-thread-4] [] INFO  c.c.g.r.c.t.s.i.TaskManagementServiceImpl - 任务已解析: taskId=e85196c1-59b4-4bc7-834e-5a71ec6ceb00
2026-10-06 02:40:48.094 [pool-2-thread-4] [] WARN  c.c.g.e.d.m.AutoCollectScheduler - AutoCollectScheduler 扫描失败: null
2026-10-06 02:40:48.094 [pool-2-thread-4] [] INFO  c.c.g.r.c.t.s.i.TaskManagementServiceImpl - 任务执行完成: taskId=e85196c1-59b4-4bc7-834e-5a71ec6ceb00, status=SUCCEEDED
2026-10-06 02:40:48.095 [pool-2-thread-4] [] INFO  c.c.g.r.c.t.s.TaskSchedulerServiceImpl - 定时任务已提交执行 taskId=e85196c1-59b4-4bc7-834e-5a71ec6ceb00 taskType=AUTO_COLLECT_SCAN scheduleId=5ec0f85a-1af7-4064-9ba5-713b4847ec50
2026-10-06 02:41:48.077 [pool-2-thread-4] [] INFO  c.c.g.r.c.t.s.i.TaskManagementServiceImpl - 任务已提交: taskId=e85196c1-59b4-4bc7-834e-5a71ec6ceb00, taskName=auto-collect-scan
2026-10-06 02:41:48.088 [pool-2-thread-4] [] INFO  c.c.g.r.c.t.s.i.TaskManagementServiceImpl - 任务已解析: taskId=e85196c1-59b4-4bc7-834e-5a71ec6ceb00
2026-10-06 02:41:48.089 [pool-2-thread-4] [] WARN  c.c.g.e.d.m.AutoCollectScheduler - AutoCollectScheduler 扫描失败: null
2026-10-06 02:41:48.090 [pool-2-thread-4] [] INFO  c.c.g.r.c.t.s.i.TaskManagementServiceImpl - 任务执行完成: taskId=e85196c1-59b4-4bc7-834e-5a71ec6ceb00, status=SUCCEEDED
2026-10-06 02:41:48.091 [pool-2-thread-4] [] INFO  c.c.g.r.c.t.s.TaskSchedulerServiceImpl - 定时任务已提交执行 taskId=e85196c1-59b4-4bc7-834e-5a71ec6ceb00 taskType=AUTO_COLLECT_SCAN scheduleId=5ec0f85a-1af7-4064-9ba5-713b4847ec50
2026-10-06 02:42:48.081 [pool-2-thread-4] [] INFO  c.c.g.r.c.t.s.i.TaskManagementServiceImpl - 任务已提交: taskId=e85196c1-59b4-4bc7-834e-5a71ec6ceb00, taskName=auto-collect-scan
2026-10-06 02:42:48.083 [pool-2-thread-4] [] INFO  c.c.g.r.c.t.s.i.TaskManagementServiceImpl - 任务已解析: taskId=e85196c1-59b4-4bc7-834e-5a71ec6ceb00
2026-10-06 02:42:48.085 [pool-2-thread-4] [] WARN  c.c.g.e.d.m.AutoCollectScheduler - AutoCollectScheduler 扫描失败: null
2026-10-06 02:42:48.087 [pool-2-thread-4] [] INFO  c.c.g.r.c.t.s.i.TaskManagementServiceImpl - 任务执行完成: taskId=e85196c1-59b4-4bc7-834e-5a71ec6ceb00, status=SUCCEEDED
2026-10-06 02:42:48.089 [pool-2-thread-4] [] INFO  c.c.g.r.c.t.s.TaskSchedulerServiceImpl - 定时任务已提交执行 taskId=e85196c1-59b4-4bc7-834e-5a71ec6ceb00 taskType=AUTO_COLLECT_SCAN scheduleId=5ec0f85a-1af7-4064-9ba5-713b4847ec50
2026-10-06 02:43:48.084 [pool-2-thread-4] [] INFO  c.c.g.r.c.t.s.i.TaskManagementServiceImpl - 任务已提交: taskId=e85196c1-59b4-4bc7-834e-5a71ec6ceb00, taskName=auto-collect-scan
2026-10-06 02:43:48.087 [pool-2-thread-4] [] INFO  c.c.g.r.c.t.s.i.TaskManagementServiceImpl - 任务已解析: taskId=e85196c1-59b4-4bc7-834e-5a71ec6ceb00
2026-10-06 02:43:48.091 [pool-2-thread-4] [] WARN  c.c.g.e.d.m.AutoCollectScheduler - AutoCollectScheduler 扫描失败: null
2026-10-06 02:43:48.093 [pool-2-thread-4] [] INFO  c.c.g.r.c.t.s.i.TaskManagementServiceImpl - 任务执行完成: taskId=e85196c1-59b4-4bc7-834e-5a71ec6ceb00, status=SUCCEEDED
2026-10-06 02:43:48.094 [pool-2-thread-4] [] INFO  c.c.g.r.c.t.s.TaskSchedulerServiceImpl - 定时任务已提交执行 taskId=e85196c1-59b4-4bc7-834e-5a71ec6ceb00 taskType=AUTO_COLLECT_SCAN scheduleId=5ec0f85a-1af7-4064-9ba5-713b4847ec50
2026-10-06 02:44:48.081 [pool-2-thread-4] [] INFO  c.c.g.r.c.t.s.i.TaskManagementServiceImpl - 任务已提交: taskId=e85196c1-59b4-4bc7-834e-5a71ec6ceb00, taskName=auto-collect-scan
2026-10-06 02:44:48.091 [pool-2-thread-4] [] INFO  c.c.g.r.c.t.s.i.TaskManagementServiceImpl - 任务已解析: taskId=e85196c1-59b4-4bc7-834e-5a71ec6ceb00
2026-10-06 02:44:48.093 [pool-2-thread-4] [] WARN  c.c.g.e.d.m.AutoCollectScheduler - AutoCollectScheduler 扫描失败: null
2026-10-06 02:44:48.094 [pool-2-thread-4] [] INFO  c.c.g.r.c.t.s.i.TaskManagementServiceImpl - 任务执行完成: taskId=e85196c1-59b4-4bc7-834e-5a71ec6ceb00, status=SUCCEEDED
2026-10-06 02:44:48.095 [pool-2-thread-4] [] INFO  c.c.g.r.c.t.s.TaskSchedulerServiceImpl - 定时任务已提交执行 taskId=e85196c1-59b4-4bc7-834e-5a71ec6ceb00 taskType=AUTO_COLLECT_SCAN scheduleId=5ec0f85a-1af7-4064-9ba5-713b4847ec50
2026-10-06 02:45:48.075 [pool-2-thread-4] [] INFO  c.c.g.r.c.t.s.i.TaskManagementServiceImpl - 任务已提交: taskId=e85196c1-59b4-4bc7-834e-5a71ec6ceb00, taskName=auto-collect-scan
2026-10-06 02:45:48.077 [pool-2-thread-4] [] INFO  c.c.g.r.c.t.s.i.TaskManagementServiceImpl - 任务已解析: taskId=e85196c1-59b4-4bc7-834e-5a71ec6ceb00
2026-10-06 02:45:48.080 [pool-2-thread-4] [] WARN  c.c.g.e.d.m.AutoCollectScheduler - AutoCollectScheduler 扫描失败: null
2026-10-06 02:45:48.082 [pool-2-thread-4] [] INFO  c.c.g.r.c.t.s.i.TaskManagementServiceImpl - 任务执行完成: taskId=e85196c1-59b4-4bc7-834e-5a71ec6ceb00, status=SUCCEEDED
2026-10-06 02:45:48.084 [pool-2-thread-4] [] INFO  c.c.g.r.c.t.s.TaskSchedulerServiceImpl - 定时任务已提交执行 taskId=e85196c1-59b4-4bc7-834e-5a71ec6ceb00 taskType=AUTO_COLLECT_SCAN scheduleId=5ec0f85a-1af7-4064-9ba5-713b4847ec50
2026-10-06 02:46:48.083 [pool-2-thread-4] [] INFO  c.c.g.r.c.t.s.i.TaskManagementServiceImpl - 任务已提交: taskId=e85196c1-59b4-4bc7-834e-5a71ec6ceb00, taskName=auto-collect-scan
2026-10-06 02:46:48.085 [pool-2-thread-4] [] INFO  c.c.g.r.c.t.s.i.TaskManagementServiceImpl - 任务已解析: taskId=e85196c1-59b4-4bc7-834e-5a71ec6ceb00
2026-10-06 02:46:48.086 [pool-2-thread-4] [] WARN  c.c.g.e.d.m.AutoCollectScheduler - AutoCollectScheduler 扫描失败: null
2026-10-06 02:46:48.088 [pool-2-thread-4] [] INFO  c.c.g.r.c.t.s.i.TaskManagementServiceImpl - 任务执行完成: taskId=e85196c1-59b4-4bc7-834e-5a71ec6ceb00, status=SUCCEEDED
2026-10-06 02:46:48.089 [pool-2-thread-4] [] INFO  c.c.g.r.c.t.s.TaskSchedulerServiceImpl - 定时任务已提交执行 taskId=e85196c1-59b4-4bc7-834e-5a71ec6ceb00 taskType=AUTO_COLLECT_SCAN scheduleId=5ec0f85a-1af7-4064-9ba5-713b4847ec50
2026-10-06 02:47:48.088 [pool-2-thread-4] [] INFO  c.c.g.r.c.t.s.i.TaskManagementServiceImpl - 任务已提交: taskId=e85196c1-59b4-4bc7-834e-5a71ec6ceb00, taskName=auto-collect-scan
2026-10-06 02:47:48.089 [pool-2-thread-4] [] INFO  c.c.g.r.c.t.s.i.TaskManagementServiceImpl - 任务已解析: taskId=e85196c1-59b4-4bc7-834e-5a71ec6ceb00
2026-10-06 02:47:48.091 [pool-2-thread-4] [] WARN  c.c.g.e.d.m.AutoCollectScheduler - AutoCollectScheduler 扫描失败: null
2026-10-06 02:47:48.092 [pool-2-thread-4] [] INFO  c.c.g.r.c.t.s.i.TaskManagementServiceImpl - 任务执行完成: taskId=e85196c1-59b4-4bc7-834e-5a71ec6ceb00, status=SUCCEEDED
2026-10-06 02:47:48.093 [pool-2-thread-4] [] INFO  c.c.g.r.c.t.s.TaskSchedulerServiceImpl - 定时任务已提交执行 taskId=e85196c1-59b4-4bc7-834e-5a71ec6ceb00 taskType=AUTO_COLLECT_SCAN scheduleId=5ec0f85a-1af7-4064-9ba5-713b4847ec50
2026-10-06 02:48:48.075 [pool-2-thread-4] [] INFO  c.c.g.r.c.t.s.i.TaskManagementServiceImpl - 任务已提交: taskId=e85196c1-59b4-4bc7-834e-5a71ec6ceb00, taskName=auto-collect-scan
2026-10-06 02:48:48.078 [pool-2-thread-4] [] INFO  c.c.g.r.c.t.s.i.TaskManagementServiceImpl - 任务已解析: taskId=e85196c1-59b4-4bc7-834e-5a71ec6ceb00
2026-10-06 02:48:48.080 [pool-2-thread-4] [] WARN  c.c.g.e.d.m.AutoCollectScheduler - AutoCollectScheduler 扫描失败: null
2026-10-06 02:48:48.081 [pool-2-thread-4] [] INFO  c.c.g.r.c.t.s.i.TaskManagementServiceImpl - 任务执行完成: taskId=e85196c1-59b4-4bc7-834e-5a71ec6ceb00, status=SUCCEEDED
2026-10-06 02:48:48.082 [pool-2-thread-4] [] INFO  c.c.g.r.c.t.s.TaskSchedulerServiceImpl - 定时任务已提交执行 taskId=e85196c1-59b4-4bc7-834e-5a71ec6ceb00 taskType=AUTO_COLLECT_SCAN scheduleId=5ec0f85a-1af7-4064-9ba5-713b4847ec50
2026-10-06 02:49:48.083 [pool-2-thread-4] [] INFO  c.c.g.r.c.t.s.i.TaskManagementServiceImpl - 任务已提交: taskId=e85196c1-59b4-4bc7-834e-5a71ec6ceb00, taskName=auto-collect-scan
2026-10-06 02:49:48.085 [pool-2-thread-4] [] INFO  c.c.g.r.c.t.s.i.TaskManagementServiceImpl - 任务已解析: taskId=e85196c1-59b4-4bc7-834e-5a71ec6ceb00
2026-10-06 02:49:48.087 [pool-2-thread-4] [] WARN  c.c.g.e.d.m.AutoCollectScheduler - AutoCollectScheduler 扫描失败: null
2026-10-06 02:49:48.088 [pool-2-thread-4] [] INFO  c.c.g.r.c.t.s.i.TaskManagementServiceImpl - 任务执行完成: taskId=e85196c1-59b4-4bc7-834e-5a71ec6ceb00, status=SUCCEEDED
2026-10-06 02:49:48.089 [pool-2-thread-4] [] INFO  c.c.g.r.c.t.s.TaskSchedulerServiceImpl - 定时任务已提交执行 taskId=e85196c1-59b4-4bc7-834e-5a71ec6ceb00 taskType=AUTO_COLLECT_SCAN scheduleId=5ec0f85a-1af7-4064-9ba5-713b4847ec50
2026-10-06 02:50:48.075 [pool-2-thread-4] [] INFO  c.c.g.r.c.t.s.i.TaskManagementServiceImpl - 任务已提交: taskId=e85196c1-59b4-4bc7-834e-5a71ec6ceb00, taskName=auto-collect-scan
2026-10-06 02:50:48.078 [pool-2-thread-4] [] INFO  c.c.g.r.c.t.s.i.TaskManagementServiceImpl - 任务已解析: taskId=e85196c1-59b4-4bc7-834e-5a71ec6ceb00
2026-10-06 02:50:48.081 [pool-2-thread-4] [] WARN  c.c.g.e.d.m.AutoCollectScheduler - AutoCollectScheduler 扫描失败: null
2026-10-06 02:50:48.083 [pool-2-thread-4] [] INFO  c.c.g.r.c.t.s.i.TaskManagementServiceImpl - 任务执行完成: taskId=e85196c1-59b4-4bc7-834e-5a71ec6ceb00, status=SUCCEEDED
2026-10-06 02:50:48.085 [pool-2-thread-4] [] INFO  c.c.g.r.c.t.s.TaskSchedulerServiceImpl - 定时任务已提交执行 taskId=e85196c1-59b4-4bc7-834e-5a71ec6ceb00 taskType=AUTO_COLLECT_SCAN scheduleId=5ec0f85a-1af7-4064-9ba5-713b4847ec50
2026-10-06 02:51:48.077 [pool-2-thread-4] [] INFO  c.c.g.r.c.t.s.i.TaskManagementServiceImpl - 任务已提交: taskId=e85196c1-59b4-4bc7-834e-5a71ec6ceb00, taskName=auto-collect-scan
2026-10-06 02:51:48.080 [pool-2-thread-4] [] INFO  c.c.g.r.c.t.s.i.TaskManagementServiceImpl - 任务已解析: taskId=e85196c1-59b4-4bc7-834e-5a71ec6ceb00
2026-10-06 02:51:48.081 [pool-2-thread-4] [] WARN  c.c.g.e.d.m.AutoCollectScheduler - AutoCollectScheduler 扫描失败: null
2026-10-06 02:51:48.083 [pool-2-thread-4] [] INFO  c.c.g.r.c.t.s.i.TaskManagementServiceImpl - 任务执行完成: taskId=e85196c1-59b4-4bc7-834e-5a71ec6ceb00, status=SUCCEEDED
2026-10-06 02:51:48.084 [pool-2-thread-4] [] INFO  c.c.g.r.c.t.s.TaskSchedulerServiceImpl - 定时任务已提交执行 taskId=e85196c1-59b4-4bc7-834e-5a71ec6ceb00 taskType=AUTO_COLLECT_SCAN scheduleId=5ec0f85a-1af7-4064-9ba5-713b4847ec50
2026-10-06 02:52:48.079 [pool-2-thread-4] [] INFO  c.c.g.r.c.t.s.i.TaskManagementServiceImpl - 任务已提交: taskId=e85196c1-59b4-4bc7-834e-5a71ec6ceb00, taskName=auto-collect-scan
2026-10-06 02:52:48.081 [pool-2-thread-4] [] INFO  c.c.g.r.c.t.s.i.TaskManagementServiceImpl - 任务已解析: taskId=e85196c1-59b4-4bc7-834e-5a71ec6ceb00
2026-10-06 02:52:48.084 [pool-2-thread-4] [] WARN  c.c.g.e.d.m.AutoCollectScheduler - AutoCollectScheduler 扫描失败: null
2026-10-06 02:52:48.087 [pool-2-thread-4] [] INFO  c.c.g.r.c.t.s.i.TaskManagementServiceImpl - 任务执行完成: taskId=e85196c1-59b4-4bc7-834e-5a71ec6ceb00, status=SUCCEEDED
2026-10-06 02:52:48.089 [pool-2-thread-4] [] INFO  c.c.g.r.c.t.s.TaskSchedulerServiceImpl - 定时任务已提交执行 taskId=e85196c1-59b4-4bc7-834e-5a71ec6ceb00 taskType=AUTO_COLLECT_SCAN scheduleId=5ec0f85a-1af7-4064-9ba5-713b4847ec50
2026-10-06 02:53:48.083 [pool-2-thread-4] [] INFO  c.c.g.r.c.t.s.i.TaskManagementServiceImpl - 任务已提交: taskId=e85196c1-59b4-4bc7-834e-5a71ec6ceb00, taskName=auto-collect-scan
2026-10-06 02:53:48.085 [pool-2-thread-4] [] INFO  c.c.g.r.c.t.s.i.TaskManagementServiceImpl - 任务已解析: taskId=e85196c1-59b4-4bc7-834e-5a71ec6ceb00
2026-10-06 02:53:48.087 [pool-2-thread-4] [] WARN  c.c.g.e.d.m.AutoCollectScheduler - AutoCollectScheduler 扫描失败: null
2026-10-06 02:53:48.088 [pool-2-thread-4] [] INFO  c.c.g.r.c.t.s.i.TaskManagementServiceImpl - 任务执行完成: taskId=e85196c1-59b4-4bc7-834e-5a71ec6ceb00, status=SUCCEEDED
2026-10-06 02:53:48.089 [pool-2-thread-4] [] INFO  c.c.g.r.c.t.s.TaskSchedulerServiceImpl - 定时任务已提交执行 taskId=e85196c1-59b4-4bc7-834e-5a71ec6ceb00 taskType=AUTO_COLLECT_SCAN scheduleId=5ec0f85a-1af7-4064-9ba5-713b4847ec50
2026-10-06 02:54:48.080 [pool-2-thread-4] [] INFO  c.c.g.r.c.t.s.i.TaskManagementServiceImpl - 任务已提交: taskId=e85196c1-59b4-4bc7-834e-5a71ec6ceb00, taskName=auto-collect-scan
2026-10-06 02:54:48.082 [pool-2-thread-4] [] INFO  c.c.g.r.c.t.s.i.TaskManagementServiceImpl - 任务已解析: taskId=e85196c1-59b4-4bc7-834e-5a71ec6ceb00
2026-10-06 02:54:48.084 [pool-2-thread-4] [] WARN  c.c.g.e.d.m.AutoCollectScheduler - AutoCollectScheduler 扫描失败: null
2026-10-06 02:54:48.086 [pool-2-thread-4] [] INFO  c.c.g.r.c.t.s.i.TaskManagementServiceImpl - 任务执行完成: taskId=e85196c1-59b4-4bc7-834e-5a71ec6ceb00, status=SUCCEEDED
2026-10-06 02:54:48.087 [pool-2-thread-4] [] INFO  c.c.g.r.c.t.s.TaskSchedulerServiceImpl - 定时任务已提交执行 taskId=e85196c1-59b4-4bc7-834e-5a71ec6ceb00 taskType=AUTO_COLLECT_SCAN scheduleId=5ec0f85a-1af7-4064-9ba5-713b4847ec50
2026-10-06 02:55:48.082 [pool-2-thread-4] [] INFO  c.c.g.r.c.t.s.i.TaskManagementServiceImpl - 任务已提交: taskId=e85196c1-59b4-4bc7-834e-5a71ec6ceb00, taskName=auto-collect-scan
2026-10-06 02:55:48.084 [pool-2-thread-4] [] INFO  c.c.g.r.c.t.s.i.TaskManagementServiceImpl - 任务已解析: taskId=e85196c1-59b4-4bc7-834e-5a71ec6ceb00
2026-10-06 02:55:48.085 [pool-2-thread-4] [] WARN  c.c.g.e.d.m.AutoCollectScheduler - AutoCollectScheduler 扫描失败: null
2026-10-06 02:55:48.086 [pool-2-thread-4] [] INFO  c.c.g.r.c.t.s.i.TaskManagementServiceImpl - 任务执行完成: taskId=e85196c1-59b4-4bc7-834e-5a71ec6ceb00, status=SUCCEEDED
2026-10-06 02:55:48.087 [pool-2-thread-4] [] INFO  c.c.g.r.c.t.s.TaskSchedulerServiceImpl - 定时任务已提交执行 taskId=e85196c1-59b4-4bc7-834e-5a71ec6ceb00 taskType=AUTO_COLLECT_SCAN scheduleId=5ec0f85a-1af7-4064-9ba5-713b4847ec50
2026-10-06 02:56:48.079 [pool-2-thread-4] [] INFO  c.c.g.r.c.t.s.i.TaskManagementServiceImpl - 任务已提交: taskId=e85196c1-59b4-4bc7-834e-5a71ec6ceb00, taskName=auto-collect-scan
2026-10-06 02:56:48.081 [pool-2-thread-4] [] INFO  c.c.g.r.c.t.s.i.TaskManagementServiceImpl - 任务已解析: taskId=e85196c1-59b4-4bc7-834e-5a71ec6ceb00
2026-10-06 02:56:48.083 [pool-2-thread-4] [] WARN  c.c.g.e.d.m.AutoCollectScheduler - AutoCollectScheduler 扫描失败: null
2026-10-06 02:56:48.084 [pool-2-thread-4] [] INFO  c.c.g.r.c.t.s.i.TaskManagementServiceImpl - 任务执行完成: taskId=e85196c1-59b4-4bc7-834e-5a71ec6ceb00, status=SUCCEEDED
2026-10-06 02:56:48.085 [pool-2-thread-4] [] INFO  c.c.g.r.c.t.s.TaskSchedulerServiceImpl - 定时任务已提交执行 taskId=e85196c1-59b4-4bc7-834e-5a71ec6ceb00 taskType=AUTO_COLLECT_SCAN scheduleId=5ec0f85a-1af7-4064-9ba5-713b4847ec50
2026-10-06 02:57:48.074 [pool-2-thread-4] [] INFO  c.c.g.r.c.t.s.i.TaskManagementServiceImpl - 任务已提交: taskId=e85196c1-59b4-4bc7-834e-5a71ec6ceb00, taskName=auto-collect-scan
2026-10-06 02:57:48.077 [pool-2-thread-4] [] INFO  c.c.g.r.c.t.s.i.TaskManagementServiceImpl - 任务已解析: taskId=e85196c1-59b4-4bc7-834e-5a71ec6ceb00
2026-10-06 02:57:48.079 [pool-2-thread-4] [] WARN  c.c.g.e.d.m.AutoCollectScheduler - AutoCollectScheduler 扫描失败: null
2026-10-06 02:57:48.080 [pool-2-thread-4] [] INFO  c.c.g.r.c.t.s.i.TaskManagementServiceImpl - 任务执行完成: taskId=e85196c1-59b4-4bc7-834e-5a71ec6ceb00, status=SUCCEEDED
2026-10-06 02:57:48.081 [pool-2-thread-4] [] INFO  c.c.g.r.c.t.s.TaskSchedulerServiceImpl - 定时任务已提交执行 taskId=e85196c1-59b4-4bc7-834e-5a71ec6ceb00 taskType=AUTO_COLLECT_SCAN scheduleId=5ec0f85a-1af7-4064-9ba5-713b4847ec50
2026-10-06 02:58:48.085 [pool-2-thread-4] [] INFO  c.c.g.r.c.t.s.i.TaskManagementServiceImpl - 任务已提交: taskId=e85196c1-59b4-4bc7-834e-5a71ec6ceb00, taskName=auto-collect-scan
2026-10-06 02:58:48.087 [pool-2-thread-4] [] INFO  c.c.g.r.c.t.s.i.TaskManagementServiceImpl - 任务已解析: taskId=e85196c1-59b4-4bc7-834e-5a71ec6ceb00
2026-10-06 02:58:48.089 [pool-2-thread-4] [] WARN  c.c.g.e.d.m.AutoCollectScheduler - AutoCollectScheduler 扫描失败: null
2026-10-06 02:58:48.091 [pool-2-thread-4] [] INFO  c.c.g.r.c.t.s.i.TaskManagementServiceImpl - 任务执行完成: taskId=e85196c1-59b4-4bc7-834e-5a71ec6ceb00, status=SUCCEEDED
2026-10-06 02:58:48.092 [pool-2-thread-4] [] INFO  c.c.g.r.c.t.s.TaskSchedulerServiceImpl - 定时任务已提交执行 taskId=e85196c1-59b4-4bc7-834e-5a71ec6ceb00 taskType=AUTO_COLLECT_SCAN scheduleId=5ec0f85a-1af7-4064-9ba5-713b4847ec50
2026-10-06 02:59:48.075 [pool-2-thread-4] [] INFO  c.c.g.r.c.t.s.i.TaskManagementServiceImpl - 任务已提交: taskId=e85196c1-59b4-4bc7-834e-5a71ec6ceb00, taskName=auto-collect-scan
2026-10-06 02:59:48.077 [pool-2-thread-4] [] INFO  c.c.g.r.c.t.s.i.TaskManagementServiceImpl - 任务已解析: taskId=e85196c1-59b4-4bc7-834e-5a71ec6ceb00
2026-10-06 02:59:48.078 [pool-2-thread-4] [] WARN  c.c.g.e.d.m.AutoCollectScheduler - AutoCollectScheduler 扫描失败: null
2026-10-06 02:59:48.079 [pool-2-thread-4] [] INFO  c.c.g.r.c.t.s.i.TaskManagementServiceImpl - 任务执行完成: taskId=e85196c1-59b4-4bc7-834e-5a71ec6ceb00, status=SUCCEEDED
2026-10-06 02:59:48.079 [pool-2-thread-4] [] INFO  c.c.g.r.c.t.s.TaskSchedulerServiceImpl - 定时任务已提交执行 taskId=e85196c1-59b4-4bc7-834e-5a71ec6ceb00 taskType=AUTO_COLLECT_SCAN scheduleId=5ec0f85a-1af7-4064-9ba5-713b4847ec50
2026-10-06 03:00:48.073 [pool-2-thread-4] [] INFO  c.c.g.r.c.t.s.i.TaskManagementServiceImpl - 任务已提交: taskId=e85196c1-59b4-4bc7-834e-5a71ec6ceb00, taskName=auto-collect-scan
2026-10-06 03:00:48.076 [pool-2-thread-4] [] INFO  c.c.g.r.c.t.s.i.TaskManagementServiceImpl - 任务已解析: taskId=e85196c1-59b4-4bc7-834e-5a71ec6ceb00
2026-10-06 03:00:48.078 [pool-2-thread-4] [] WARN  c.c.g.e.d.m.AutoCollectScheduler - AutoCollectScheduler 扫描失败: null
2026-10-06 03:00:48.079 [pool-2-thread-4] [] INFO  c.c.g.r.c.t.s.i.TaskManagementServiceImpl - 任务执行完成: taskId=e85196c1-59b4-4bc7-834e-5a71ec6ceb00, status=SUCCEEDED
2026-10-06 03:00:48.080 [pool-2-thread-4] [] INFO  c.c.g.r.c.t.s.TaskSchedulerServiceImpl - 定时任务已提交执行 taskId=e85196c1-59b4-4bc7-834e-5a71ec6ceb00 taskType=AUTO_COLLECT_SCAN scheduleId=5ec0f85a-1af7-4064-9ba5-713b4847ec50
2026-10-06 03:01:48.083 [pool-2-thread-4] [] INFO  c.c.g.r.c.t.s.i.TaskManagementServiceImpl - 任务已提交: taskId=e85196c1-59b4-4bc7-834e-5a71ec6ceb00, taskName=auto-collect-scan
2026-10-06 03:01:48.086 [pool-2-thread-4] [] INFO  c.c.g.r.c.t.s.i.TaskManagementServiceImpl - 任务已解析: taskId=e85196c1-59b4-4bc7-834e-5a71ec6ceb00
2026-10-06 03:01:48.089 [pool-2-thread-4] [] WARN  c.c.g.e.d.m.AutoCollectScheduler - AutoCollectScheduler 扫描失败: null
2026-10-06 03:01:48.091 [pool-2-thread-4] [] INFO  c.c.g.r.c.t.s.i.TaskManagementServiceImpl - 任务执行完成: taskId=e85196c1-59b4-4bc7-834e-5a71ec6ceb00, status=SUCCEEDED
2026-10-06 03:01:48.093 [pool-2-thread-4] [] INFO  c.c.g.r.c.t.s.TaskSchedulerServiceImpl - 定时任务已提交执行 taskId=e85196c1-59b4-4bc7-834e-5a71ec6ceb00 taskType=AUTO_COLLECT_SCAN scheduleId=5ec0f85a-1af7-4064-9ba5-713b4847ec50
2026-10-06 03:02:48.079 [pool-2-thread-4] [] INFO  c.c.g.r.c.t.s.i.TaskManagementServiceImpl - 任务已提交: taskId=e85196c1-59b4-4bc7-834e-5a71ec6ceb00, taskName=auto-collect-scan
2026-10-06 03:02:48.081 [pool-2-thread-4] [] INFO  c.c.g.r.c.t.s.i.TaskManagementServiceImpl - 任务已解析: taskId=e85196c1-59b4-4bc7-834e-5a71ec6ceb00
2026-10-06 03:02:48.083 [pool-2-thread-4] [] WARN  c.c.g.e.d.m.AutoCollectScheduler - AutoCollectScheduler 扫描失败: null
2026-10-06 03:02:48.084 [pool-2-thread-4] [] INFO  c.c.g.r.c.t.s.i.TaskManagementServiceImpl - 任务执行完成: taskId=e85196c1-59b4-4bc7-834e-5a71ec6ceb00, status=SUCCEEDED
2026-10-06 03:02:48.085 [pool-2-thread-4] [] INFO  c.c.g.r.c.t.s.TaskSchedulerServiceImpl - 定时任务已提交执行 taskId=e85196c1-59b4-4bc7-834e-5a71ec6ceb00 taskType=AUTO_COLLECT_SCAN scheduleId=5ec0f85a-1af7-4064-9ba5-713b4847ec50
2026-10-06 03:03:48.074 [pool-2-thread-4] [] INFO  c.c.g.r.c.t.s.i.TaskManagementServiceImpl - 任务已提交: taskId=e85196c1-59b4-4bc7-834e-5a71ec6ceb00, taskName=auto-collect-scan
2026-10-06 03:03:48.077 [pool-2-thread-4] [] INFO  c.c.g.r.c.t.s.i.TaskManagementServiceImpl - 任务已解析: taskId=e85196c1-59b4-4bc7-834e-5a71ec6ceb00
2026-10-06 03:03:48.078 [pool-2-thread-4] [] WARN  c.c.g.e.d.m.AutoCollectScheduler - AutoCollectScheduler 扫描失败: null
2026-10-06 03:03:48.079 [pool-2-thread-4] [] INFO  c.c.g.r.c.t.s.i.TaskManagementServiceImpl - 任务执行完成: taskId=e85196c1-59b4-4bc7-834e-5a71ec6ceb00, status=SUCCEEDED
2026-10-06 03:03:48.079 [pool-2-thread-4] [] INFO  c.c.g.r.c.t.s.TaskSchedulerServiceImpl - 定时任务已提交执行 taskId=e85196c1-59b4-4bc7-834e-5a71ec6ceb00 taskType=AUTO_COLLECT_SCAN scheduleId=5ec0f85a-1af7-4064-9ba5-713b4847ec50
2026-10-06 03:04:48.081 [pool-2-thread-4] [] INFO  c.c.g.r.c.t.s.i.TaskManagementServiceImpl - 任务已提交: taskId=e85196c1-59b4-4bc7-834e-5a71ec6ceb00, taskName=auto-collect-scan
2026-10-06 03:04:48.084 [pool-2-thread-4] [] INFO  c.c.g.r.c.t.s.i.TaskManagementServiceImpl - 任务已解析: taskId=e85196c1-59b4-4bc7-834e-5a71ec6ceb00
2026-10-06 03:04:48.085 [pool-2-thread-4] [] WARN  c.c.g.e.d.m.AutoCollectScheduler - AutoCollectScheduler 扫描失败: null
2026-10-06 03:04:48.086 [pool-2-thread-4] [] INFO  c.c.g.r.c.t.s.i.TaskManagementServiceImpl - 任务执行完成: taskId=e85196c1-59b4-4bc7-834e-5a71ec6ceb00, status=SUCCEEDED
2026-10-06 03:04:48.087 [pool-2-thread-4] [] INFO  c.c.g.r.c.t.s.TaskSchedulerServiceImpl - 定时任务已提交执行 taskId=e85196c1-59b4-4bc7-834e-5a71ec6ceb00 taskType=AUTO_COLLECT_SCAN scheduleId=5ec0f85a-1af7-4064-9ba5-713b4847ec50
2026-10-06 03:05:48.086 [pool-2-thread-4] [] INFO  c.c.g.r.c.t.s.i.TaskManagementServiceImpl - 任务已提交: taskId=e85196c1-59b4-4bc7-834e-5a71ec6ceb00, taskName=auto-collect-scan
2026-10-06 03:05:48.089 [pool-2-thread-4] [] INFO  c.c.g.r.c.t.s.i.TaskManagementServiceImpl - 任务已解析: taskId=e85196c1-59b4-4bc7-834e-5a71ec6ceb00
2026-10-06 03:05:48.091 [pool-2-thread-4] [] WARN  c.c.g.e.d.m.AutoCollectScheduler - AutoCollectScheduler 扫描失败: null
2026-10-06 03:05:48.094 [pool-2-thread-4] [] INFO  c.c.g.r.c.t.s.i.TaskManagementServiceImpl - 任务执行完成: taskId=e85196c1-59b4-4bc7-834e-5a71ec6ceb00, status=SUCCEEDED
2026-10-06 03:05:48.096 [pool-2-thread-4] [] INFO  c.c.g.r.c.t.s.TaskSchedulerServiceImpl - 定时任务已提交执行 taskId=e85196c1-59b4-4bc7-834e-5a71ec6ceb00 taskType=AUTO_COLLECT_SCAN scheduleId=5ec0f85a-1af7-4064-9ba5-713b4847ec50
2026-10-06 03:06:48.081 [pool-2-thread-4] [] INFO  c.c.g.r.c.t.s.i.TaskManagementServiceImpl - 任务已提交: taskId=e85196c1-59b4-4bc7-834e-5a71ec6ceb00, taskName=auto-collect-scan
2026-10-06 03:06:48.082 [pool-2-thread-4] [] INFO  c.c.g.r.c.t.s.i.TaskManagementServiceImpl - 任务已解析: taskId=e85196c1-59b4-4bc7-834e-5a71ec6ceb00
2026-10-06 03:06:48.084 [pool-2-thread-4] [] WARN  c.c.g.e.d.m.AutoCollectScheduler - AutoCollectScheduler 扫描失败: null
2026-10-06 03:06:48.085 [pool-2-thread-4] [] INFO  c.c.g.r.c.t.s.i.TaskManagementServiceImpl - 任务执行完成: taskId=e85196c1-59b4-4bc7-834e-5a71ec6ceb00, status=SUCCEEDED
2026-10-06 03:06:48.086 [pool-2-thread-4] [] INFO  c.c.g.r.c.t.s.TaskSchedulerServiceImpl - 定时任务已提交执行 taskId=e85196c1-59b4-4bc7-834e-5a71ec6ceb00 taskType=AUTO_COLLECT_SCAN scheduleId=5ec0f85a-1af7-4064-9ba5-713b4847ec50
2026-10-06 03:07:48.074 [pool-2-thread-4] [] INFO  c.c.g.r.c.t.s.i.TaskManagementServiceImpl - 任务已提交: taskId=e85196c1-59b4-4bc7-834e-5a71ec6ceb00, taskName=auto-collect-scan
2026-10-06 03:07:48.076 [pool-2-thread-4] [] INFO  c.c.g.r.c.t.s.i.TaskManagementServiceImpl - 任务已解析: taskId=e85196c1-59b4-4bc7-834e-5a71ec6ceb00
2026-10-06 03:07:48.077 [pool-2-thread-4] [] WARN  c.c.g.e.d.m.AutoCollectScheduler - AutoCollectScheduler 扫描失败: null
2026-10-06 03:07:48.078 [pool-2-thread-4] [] INFO  c.c.g.r.c.t.s.i.TaskManagementServiceImpl - 任务执行完成: taskId=e85196c1-59b4-4bc7-834e-5a71ec6ceb00, status=SUCCEEDED
2026-10-06 03:07:48.079 [pool-2-thread-4] [] INFO  c.c.g.r.c.t.s.TaskSchedulerServiceImpl - 定时任务已提交执行 taskId=e85196c1-59b4-4bc7-834e-5a71ec6ceb00 taskType=AUTO_COLLECT_SCAN scheduleId=5ec0f85a-1af7-4064-9ba5-713b4847ec50
2026-10-06 03:08:48.075 [pool-2-thread-4] [] INFO  c.c.g.r.c.t.s.i.TaskManagementServiceImpl - 任务已提交: taskId=e85196c1-59b4-4bc7-834e-5a71ec6ceb00, taskName=auto-collect-scan
2026-10-06 03:08:48.077 [pool-2-thread-4] [] INFO  c.c.g.r.c.t.s.i.TaskManagementServiceImpl - 任务已解析: taskId=e85196c1-59b4-4bc7-834e-5a71ec6ceb00
2026-10-06 03:08:48.079 [pool-2-thread-4] [] WARN  c.c.g.e.d.m.AutoCollectScheduler - AutoCollectScheduler 扫描失败: null
2026-10-06 03:08:48.080 [pool-2-thread-4] [] INFO  c.c.g.r.c.t.s.i.TaskManagementServiceImpl - 任务执行完成: taskId=e85196c1-59b4-4bc7-834e-5a71ec6ceb00, status=SUCCEEDED
2026-10-06 03:08:48.081 [pool-2-thread-4] [] INFO  c.c.g.r.c.t.s.TaskSchedulerServiceImpl - 定时任务已提交执行 taskId=e85196c1-59b4-4bc7-834e-5a71ec6ceb00 taskType=AUTO_COLLECT_SCAN scheduleId=5ec0f85a-1af7-4064-9ba5-713b4847ec50
2026-10-06 03:09:48.079 [pool-2-thread-4] [] INFO  c.c.g.r.c.t.s.i.TaskManagementServiceImpl - 任务已提交: taskId=e85196c1-59b4-4bc7-834e-5a71ec6ceb00, taskName=auto-collect-scan
2026-10-06 03:09:48.081 [pool-2-thread-4] [] INFO  c.c.g.r.c.t.s.i.TaskManagementServiceImpl - 任务已解析: taskId=e85196c1-59b4-4bc7-834e-5a71ec6ceb00
2026-10-06 03:09:48.082 [pool-2-thread-4] [] WARN  c.c.g.e.d.m.AutoCollectScheduler - AutoCollectScheduler 扫描失败: null
2026-10-06 03:09:48.083 [pool-2-thread-4] [] INFO  c.c.g.r.c.t.s.i.TaskManagementServiceImpl - 任务执行完成: taskId=e85196c1-59b4-4bc7-834e-5a71ec6ceb00, status=SUCCEEDED
2026-10-06 03:09:48.085 [pool-2-thread-4] [] INFO  c.c.g.r.c.t.s.TaskSchedulerServiceImpl - 定时任务已提交执行 taskId=e85196c1-59b4-4bc7-834e-5a71ec6ceb00 taskType=AUTO_COLLECT_SCAN scheduleId=5ec0f85a-1af7-4064-9ba5-713b4847ec50
2026-10-06 03:10:48.084 [pool-2-thread-4] [] INFO  c.c.g.r.c.t.s.i.TaskManagementServiceImpl - 任务已提交: taskId=e85196c1-59b4-4bc7-834e-5a71ec6ceb00, taskName=auto-collect-scan
2026-10-06 03:10:48.096 [pool-2-thread-4] [] INFO  c.c.g.r.c.t.s.i.TaskManagementServiceImpl - 任务已解析: taskId=e85196c1-59b4-4bc7-834e-5a71ec6ceb00
2026-10-06 03:10:48.098 [pool-2-thread-4] [] WARN  c.c.g.e.d.m.AutoCollectScheduler - AutoCollectScheduler 扫描失败: null
2026-10-06 03:10:48.100 [pool-2-thread-4] [] INFO  c.c.g.r.c.t.s.i.TaskManagementServiceImpl - 任务执行完成: taskId=e85196c1-59b4-4bc7-834e-5a71ec6ceb00, status=SUCCEEDED
2026-10-06 03:10:48.101 [pool-2-thread-4] [] INFO  c.c.g.r.c.t.s.TaskSchedulerServiceImpl - 定时任务已提交执行 taskId=e85196c1-59b4-4bc7-834e-5a71ec6ceb00 taskType=AUTO_COLLECT_SCAN scheduleId=5ec0f85a-1af7-4064-9ba5-713b4847ec50
2026-10-06 03:11:48.081 [pool-2-thread-4] [] INFO  c.c.g.r.c.t.s.i.TaskManagementServiceImpl - 任务已提交: taskId=e85196c1-59b4-4bc7-834e-5a71ec6ceb00, taskName=auto-collect-scan
2026-10-06 03:11:48.084 [pool-2-thread-4] [] INFO  c.c.g.r.c.t.s.i.TaskManagementServiceImpl - 任务已解析: taskId=e85196c1-59b4-4bc7-834e-5a71ec6ceb00
2026-10-06 03:11:48.087 [pool-2-thread-4] [] WARN  c.c.g.e.d.m.AutoCollectScheduler - AutoCollectScheduler 扫描失败: null
2026-10-06 03:11:48.089 [pool-2-thread-4] [] INFO  c.c.g.r.c.t.s.i.TaskManagementServiceImpl - 任务执行完成: taskId=e85196c1-59b4-4bc7-834e-5a71ec6ceb00, status=SUCCEEDED
2026-10-06 03:11:48.091 [pool-2-thread-4] [] INFO  c.c.g.r.c.t.s.TaskSchedulerServiceImpl - 定时任务已提交执行 taskId=e85196c1-59b4-4bc7-834e-5a71ec6ceb00 taskType=AUTO_COLLECT_SCAN scheduleId=5ec0f85a-1af7-4064-9ba5-713b4847ec50
2026-10-06 03:12:48.084 [pool-2-thread-4] [] INFO  c.c.g.r.c.t.s.i.TaskManagementServiceImpl - 任务已提交: taskId=e85196c1-59b4-4bc7-834e-5a71ec6ceb00, taskName=auto-collect-scan
2026-10-06 03:12:48.096 [pool-2-thread-4] [] INFO  c.c.g.r.c.t.s.i.TaskManagementServiceImpl - 任务已解析: taskId=e85196c1-59b4-4bc7-834e-5a71ec6ceb00
2026-10-06 03:12:48.097 [pool-2-thread-4] [] WARN  c.c.g.e.d.m.AutoCollectScheduler - AutoCollectScheduler 扫描失败: null
2026-10-06 03:12:48.099 [pool-2-thread-4] [] INFO  c.c.g.r.c.t.s.i.TaskManagementServiceImpl - 任务执行完成: taskId=e85196c1-59b4-4bc7-834e-5a71ec6ceb00, status=SUCCEEDED
2026-10-06 03:12:48.100 [pool-2-thread-4] [] INFO  c.c.g.r.c.t.s.TaskSchedulerServiceImpl - 定时任务已提交执行 taskId=e85196c1-59b4-4bc7-834e-5a71ec6ceb00 taskType=AUTO_COLLECT_SCAN scheduleId=5ec0f85a-1af7-4064-9ba5-713b4847ec50
2026-10-06 03:13:48.082 [pool-2-thread-4] [] INFO  c.c.g.r.c.t.s.i.TaskManagementServiceImpl - 任务已提交: taskId=e85196c1-59b4-4bc7-834e-5a71ec6ceb00, taskName=auto-collect-scan
2026-10-06 03:13:48.085 [pool-2-thread-4] [] INFO  c.c.g.r.c.t.s.i.TaskManagementServiceImpl - 任务已解析: taskId=e85196c1-59b4-4bc7-834e-5a71ec6ceb00
2026-10-06 03:13:48.088 [pool-2-thread-4] [] WARN  c.c.g.e.d.m.AutoCollectScheduler - AutoCollectScheduler 扫描失败: null
2026-10-06 03:13:48.090 [pool-2-thread-4] [] INFO  c.c.g.r.c.t.s.i.TaskManagementServiceImpl - 任务执行完成: taskId=e85196c1-59b4-4bc7-834e-5a71ec6ceb00, status=SUCCEEDED
2026-10-06 03:13:48.091 [pool-2-thread-4] [] INFO  c.c.g.r.c.t.s.TaskSchedulerServiceImpl - 定时任务已提交执行 taskId=e85196c1-59b4-4bc7-834e-5a71ec6ceb00 taskType=AUTO_COLLECT_SCAN scheduleId=5ec0f85a-1af7-4064-9ba5-713b4847ec50
2026-10-06 03:14:48.086 [pool-2-thread-4] [] INFO  c.c.g.r.c.t.s.i.TaskManagementServiceImpl - 任务已提交: taskId=e85196c1-59b4-4bc7-834e-5a71ec6ceb00, taskName=auto-collect-scan
2026-10-06 03:14:48.096 [pool-2-thread-4] [] INFO  c.c.g.r.c.t.s.i.TaskManagementServiceImpl - 任务已解析: taskId=e85196c1-59b4-4bc7-834e-5a71ec6ceb00
2026-10-06 03:14:48.097 [pool-2-thread-4] [] WARN  c.c.g.e.d.m.AutoCollectScheduler - AutoCollectScheduler 扫描失败: null
2026-10-06 03:14:48.098 [pool-2-thread-4] [] INFO  c.c.g.r.c.t.s.i.TaskManagementServiceImpl - 任务执行完成: taskId=e85196c1-59b4-4bc7-834e-5a71ec6ceb00, status=SUCCEEDED
2026-10-06 03:14:48.099 [pool-2-thread-4] [] INFO  c.c.g.r.c.t.s.TaskSchedulerServiceImpl - 定时任务已提交执行 taskId=e85196c1-59b4-4bc7-834e-5a71ec6ceb00 taskType=AUTO_COLLECT_SCAN scheduleId=5ec0f85a-1af7-4064-9ba5-713b4847ec50
2026-10-06 03:15:48.086 [pool-2-thread-4] [] INFO  c.c.g.r.c.t.s.i.TaskManagementServiceImpl - 任务已提交: taskId=e85196c1-59b4-4bc7-834e-5a71ec6ceb00, taskName=auto-collect-scan
2026-10-06 03:15:48.088 [pool-2-thread-4] [] INFO  c.c.g.r.c.t.s.i.TaskManagementServiceImpl - 任务已解析: taskId=e85196c1-59b4-4bc7-834e-5a71ec6ceb00
2026-10-06 03:15:48.090 [pool-2-thread-4] [] WARN  c.c.g.e.d.m.AutoCollectScheduler - AutoCollectScheduler 扫描失败: null
2026-10-06 03:15:48.092 [pool-2-thread-4] [] INFO  c.c.g.r.c.t.s.i.TaskManagementServiceImpl - 任务执行完成: taskId=e85196c1-59b4-4bc7-834e-5a71ec6ceb00, status=SUCCEEDED
2026-10-06 03:15:48.093 [pool-2-thread-4] [] INFO  c.c.g.r.c.t.s.TaskSchedulerServiceImpl - 定时任务已提交执行 taskId=e85196c1-59b4-4bc7-834e-5a71ec6ceb00 taskType=AUTO_COLLECT_SCAN scheduleId=5ec0f85a-1af7-4064-9ba5-713b4847ec50
2026-10-06 03:16:48.083 [pool-2-thread-4] [] INFO  c.c.g.r.c.t.s.i.TaskManagementServiceImpl - 任务已提交: taskId=e85196c1-59b4-4bc7-834e-5a71ec6ceb00, taskName=auto-collect-scan
2026-10-06 03:16:48.094 [pool-2-thread-4] [] INFO  c.c.g.r.c.t.s.i.TaskManagementServiceImpl - 任务已解析: taskId=e85196c1-59b4-4bc7-834e-5a71ec6ceb00
2026-10-06 03:16:48.096 [pool-2-thread-4] [] WARN  c.c.g.e.d.m.AutoCollectScheduler - AutoCollectScheduler 扫描失败: null
2026-10-06 03:16:48.097 [pool-2-thread-4] [] INFO  c.c.g.r.c.t.s.i.TaskManagementServiceImpl - 任务执行完成: taskId=e85196c1-59b4-4bc7-834e-5a71ec6ceb00, status=SUCCEEDED
2026-10-06 03:16:48.099 [pool-2-thread-4] [] INFO  c.c.g.r.c.t.s.TaskSchedulerServiceImpl - 定时任务已提交执行 taskId=e85196c1-59b4-4bc7-834e-5a71ec6ceb00 taskType=AUTO_COLLECT_SCAN scheduleId=5ec0f85a-1af7-4064-9ba5-713b4847ec50
2026-10-06 03:17:48.081 [pool-2-thread-4] [] INFO  c.c.g.r.c.t.s.i.TaskManagementServiceImpl - 任务已提交: taskId=e85196c1-59b4-4bc7-834e-5a71ec6ceb00, taskName=auto-collect-scan
2026-10-06 03:17:48.083 [pool-2-thread-4] [] INFO  c.c.g.r.c.t.s.i.TaskManagementServiceImpl - 任务已解析: taskId=e85196c1-59b4-4bc7-834e-5a71ec6ceb00
2026-10-06 03:17:48.085 [pool-2-thread-4] [] WARN  c.c.g.e.d.m.AutoCollectScheduler - AutoCollectScheduler 扫描失败: null
2026-10-06 03:17:48.086 [pool-2-thread-4] [] INFO  c.c.g.r.c.t.s.i.TaskManagementServiceImpl - 任务执行完成: taskId=e85196c1-59b4-4bc7-834e-5a71ec6ceb00, status=SUCCEEDED
2026-10-06 03:17:48.087 [pool-2-thread-4] [] INFO  c.c.g.r.c.t.s.TaskSchedulerServiceImpl - 定时任务已提交执行 taskId=e85196c1-59b4-4bc7-834e-5a71ec6ceb00 taskType=AUTO_COLLECT_SCAN scheduleId=5ec0f85a-1af7-4064-9ba5-713b4847ec50
2026-10-06 03:18:48.086 [pool-2-thread-4] [] INFO  c.c.g.r.c.t.s.i.TaskManagementServiceImpl - 任务已提交: taskId=e85196c1-59b4-4bc7-834e-5a71ec6ceb00, taskName=auto-collect-scan
2026-10-06 03:18:48.096 [pool-2-thread-4] [] INFO  c.c.g.r.c.t.s.i.TaskManagementServiceImpl - 任务已解析: taskId=e85196c1-59b4-4bc7-834e-5a71ec6ceb00
2026-10-06 03:18:48.098 [pool-2-thread-4] [] WARN  c.c.g.e.d.m.AutoCollectScheduler - AutoCollectScheduler 扫描失败: null
2026-10-06 03:18:48.099 [pool-2-thread-4] [] INFO  c.c.g.r.c.t.s.i.TaskManagementServiceImpl - 任务执行完成: taskId=e85196c1-59b4-4bc7-834e-5a71ec6ceb00, status=SUCCEEDED
2026-10-06 03:18:48.101 [pool-2-thread-4] [] INFO  c.c.g.r.c.t.s.TaskSchedulerServiceImpl - 定时任务已提交执行 taskId=e85196c1-59b4-4bc7-834e-5a71ec6ceb00 taskType=AUTO_COLLECT_SCAN scheduleId=5ec0f85a-1af7-4064-9ba5-713b4847ec50
2026-10-06 03:19:48.082 [pool-2-thread-4] [] INFO  c.c.g.r.c.t.s.i.TaskManagementServiceImpl - 任务已提交: taskId=e85196c1-59b4-4bc7-834e-5a71ec6ceb00, taskName=auto-collect-scan
2026-10-06 03:19:48.083 [pool-2-thread-4] [] INFO  c.c.g.r.c.t.s.i.TaskManagementServiceImpl - 任务已解析: taskId=e85196c1-59b4-4bc7-834e-5a71ec6ceb00
2026-10-06 03:19:48.085 [pool-2-thread-4] [] WARN  c.c.g.e.d.m.AutoCollectScheduler - AutoCollectScheduler 扫描失败: null
2026-10-06 03:19:48.086 [pool-2-thread-4] [] INFO  c.c.g.r.c.t.s.i.TaskManagementServiceImpl - 任务执行完成: taskId=e85196c1-59b4-4bc7-834e-5a71ec6ceb00, status=SUCCEEDED
2026-10-06 03:19:48.087 [pool-2-thread-4] [] INFO  c.c.g.r.c.t.s.TaskSchedulerServiceImpl - 定时任务已提交执行 taskId=e85196c1-59b4-4bc7-834e-5a71ec6ceb00 taskType=AUTO_COLLECT_SCAN scheduleId=5ec0f85a-1af7-4064-9ba5-713b4847ec50
2026-10-06 03:20:48.084 [pool-2-thread-4] [] INFO  c.c.g.r.c.t.s.i.TaskManagementServiceImpl - 任务已提交: taskId=e85196c1-59b4-4bc7-834e-5a71ec6ceb00, taskName=auto-collect-scan
2026-10-06 03:20:48.095 [pool-2-thread-4] [] INFO  c.c.g.r.c.t.s.i.TaskManagementServiceImpl - 任务已解析: taskId=e85196c1-59b4-4bc7-834e-5a71ec6ceb00
2026-10-06 03:20:48.096 [pool-2-thread-4] [] WARN  c.c.g.e.d.m.AutoCollectScheduler - AutoCollectScheduler 扫描失败: null
2026-10-06 03:20:48.097 [pool-2-thread-4] [] INFO  c.c.g.r.c.t.s.i.TaskManagementServiceImpl - 任务执行完成: taskId=e85196c1-59b4-4bc7-834e-5a71ec6ceb00, status=SUCCEEDED
2026-10-06 03:20:48.098 [pool-2-thread-4] [] INFO  c.c.g.r.c.t.s.TaskSchedulerServiceImpl - 定时任务已提交执行 taskId=e85196c1-59b4-4bc7-834e-5a71ec6ceb00 taskType=AUTO_COLLECT_SCAN scheduleId=5ec0f85a-1af7-4064-9ba5-713b4847ec50
2026-10-06 03:21:48.080 [pool-2-thread-4] [] INFO  c.c.g.r.c.t.s.i.TaskManagementServiceImpl - 任务已提交: taskId=e85196c1-59b4-4bc7-834e-5a71ec6ceb00, taskName=auto-collect-scan
2026-10-06 03:21:48.082 [pool-2-thread-4] [] INFO  c.c.g.r.c.t.s.i.TaskManagementServiceImpl - 任务已解析: taskId=e85196c1-59b4-4bc7-834e-5a71ec6ceb00
2026-10-06 03:21:48.083 [pool-2-thread-4] [] WARN  c.c.g.e.d.m.AutoCollectScheduler - AutoCollectScheduler 扫描失败: null
2026-10-06 03:21:48.085 [pool-2-thread-4] [] INFO  c.c.g.r.c.t.s.i.TaskManagementServiceImpl - 任务执行完成: taskId=e85196c1-59b4-4bc7-834e-5a71ec6ceb00, status=SUCCEEDED
2026-10-06 03:21:48.085 [pool-2-thread-4] [] INFO  c.c.g.r.c.t.s.TaskSchedulerServiceImpl - 定时任务已提交执行 taskId=e85196c1-59b4-4bc7-834e-5a71ec6ceb00 taskType=AUTO_COLLECT_SCAN scheduleId=5ec0f85a-1af7-4064-9ba5-713b4847ec50
2026-10-06 03:22:48.079 [pool-2-thread-4] [] INFO  c.c.g.r.c.t.s.i.TaskManagementServiceImpl - 任务已提交: taskId=e85196c1-59b4-4bc7-834e-5a71ec6ceb00, taskName=auto-collect-scan
2026-10-06 03:22:48.082 [pool-2-thread-4] [] INFO  c.c.g.r.c.t.s.i.TaskManagementServiceImpl - 任务已解析: taskId=e85196c1-59b4-4bc7-834e-5a71ec6ceb00
2026-10-06 03:22:48.085 [pool-2-thread-4] [] WARN  c.c.g.e.d.m.AutoCollectScheduler - AutoCollectScheduler 扫描失败: null
2026-10-06 03:22:48.086 [pool-2-thread-4] [] INFO  c.c.g.r.c.t.s.i.TaskManagementServiceImpl - 任务执行完成: taskId=e85196c1-59b4-4bc7-834e-5a71ec6ceb00, status=SUCCEEDED
2026-10-06 03:22:48.087 [pool-2-thread-4] [] INFO  c.c.g.r.c.t.s.TaskSchedulerServiceImpl - 定时任务已提交执行 taskId=e85196c1-59b4-4bc7-834e-5a71ec6ceb00 taskType=AUTO_COLLECT_SCAN scheduleId=5ec0f85a-1af7-4064-9ba5-713b4847ec50
2026-10-06 03:23:48.080 [pool-2-thread-4] [] INFO  c.c.g.r.c.t.s.i.TaskManagementServiceImpl - 任务已提交: taskId=e85196c1-59b4-4bc7-834e-5a71ec6ceb00, taskName=auto-collect-scan
2026-10-06 03:23:48.082 [pool-2-thread-4] [] INFO  c.c.g.r.c.t.s.i.TaskManagementServiceImpl - 任务已解析: taskId=e85196c1-59b4-4bc7-834e-5a71ec6ceb00
2026-10-06 03:23:48.084 [pool-2-thread-4] [] WARN  c.c.g.e.d.m.AutoCollectScheduler - AutoCollectScheduler 扫描失败: null
2026-10-06 03:23:48.085 [pool-2-thread-4] [] INFO  c.c.g.r.c.t.s.i.TaskManagementServiceImpl - 任务执行完成: taskId=e85196c1-59b4-4bc7-834e-5a71ec6ceb00, status=SUCCEEDED
2026-10-06 03:23:48.087 [pool-2-thread-4] [] INFO  c.c.g.r.c.t.s.TaskSchedulerServiceImpl - 定时任务已提交执行 taskId=e85196c1-59b4-4bc7-834e-5a71ec6ceb00 taskType=AUTO_COLLECT_SCAN scheduleId=5ec0f85a-1af7-4064-9ba5-713b4847ec50
2026-10-06 03:24:48.081 [pool-2-thread-4] [] INFO  c.c.g.r.c.t.s.i.TaskManagementServiceImpl - 任务已提交: taskId=e85196c1-59b4-4bc7-834e-5a71ec6ceb00, taskName=auto-collect-scan
2026-10-06 03:24:48.092 [pool-2-thread-4] [] INFO  c.c.g.r.c.t.s.i.TaskManagementServiceImpl - 任务已解析: taskId=e85196c1-59b4-4bc7-834e-5a71ec6ceb00
2026-10-06 03:24:48.094 [pool-2-thread-4] [] WARN  c.c.g.e.d.m.AutoCollectScheduler - AutoCollectScheduler 扫描失败: null
2026-10-06 03:24:48.096 [pool-2-thread-4] [] INFO  c.c.g.r.c.t.s.i.TaskManagementServiceImpl - 任务执行完成: taskId=e85196c1-59b4-4bc7-834e-5a71ec6ceb00, status=SUCCEEDED
2026-10-06 03:24:48.096 [pool-2-thread-4] [] INFO  c.c.g.r.c.t.s.TaskSchedulerServiceImpl - 定时任务已提交执行 taskId=e85196c1-59b4-4bc7-834e-5a71ec6ceb00 taskType=AUTO_COLLECT_SCAN scheduleId=5ec0f85a-1af7-4064-9ba5-713b4847ec50
2026-10-06 03:25:48.080 [pool-2-thread-4] [] INFO  c.c.g.r.c.t.s.i.TaskManagementServiceImpl - 任务已提交: taskId=e85196c1-59b4-4bc7-834e-5a71ec6ceb00, taskName=auto-collect-scan
2026-10-06 03:25:48.090 [pool-2-thread-4] [] INFO  c.c.g.r.c.t.s.i.TaskManagementServiceImpl - 任务已解析: taskId=e85196c1-59b4-4bc7-834e-5a71ec6ceb00
2026-10-06 03:25:48.092 [pool-2-thread-4] [] WARN  c.c.g.e.d.m.AutoCollectScheduler - AutoCollectScheduler 扫描失败: null
2026-10-06 03:25:48.093 [pool-2-thread-4] [] INFO  c.c.g.r.c.t.s.i.TaskManagementServiceImpl - 任务执行完成: taskId=e85196c1-59b4-4bc7-834e-5a71ec6ceb00, status=SUCCEEDED
2026-10-06 03:25:48.093 [pool-2-thread-4] [] INFO  c.c.g.r.c.t.s.TaskSchedulerServiceImpl - 定时任务已提交执行 taskId=e85196c1-59b4-4bc7-834e-5a71ec6ceb00 taskType=AUTO_COLLECT_SCAN scheduleId=5ec0f85a-1af7-4064-9ba5-713b4847ec50
2026-10-06 03:26:48.078 [pool-2-thread-4] [] INFO  c.c.g.r.c.t.s.i.TaskManagementServiceImpl - 任务已提交: taskId=e85196c1-59b4-4bc7-834e-5a71ec6ceb00, taskName=auto-collect-scan
2026-10-06 03:26:48.090 [pool-2-thread-4] [] INFO  c.c.g.r.c.t.s.i.TaskManagementServiceImpl - 任务已解析: taskId=e85196c1-59b4-4bc7-834e-5a71ec6ceb00
2026-10-06 03:26:48.092 [pool-2-thread-4] [] WARN  c.c.g.e.d.m.AutoCollectScheduler - AutoCollectScheduler 扫描失败: null
2026-10-06 03:26:48.093 [pool-2-thread-4] [] INFO  c.c.g.r.c.t.s.i.TaskManagementServiceImpl - 任务执行完成: taskId=e85196c1-59b4-4bc7-834e-5a71ec6ceb00, status=SUCCEEDED
2026-10-06 03:26:48.094 [pool-2-thread-4] [] INFO  c.c.g.r.c.t.s.TaskSchedulerServiceImpl - 定时任务已提交执行 taskId=e85196c1-59b4-4bc7-834e-5a71ec6ceb00 taskType=AUTO_COLLECT_SCAN scheduleId=5ec0f85a-1af7-4064-9ba5-713b4847ec50
2026-10-06 03:27:48.087 [pool-2-thread-4] [] INFO  c.c.g.r.c.t.s.i.TaskManagementServiceImpl - 任务已提交: taskId=e85196c1-59b4-4bc7-834e-5a71ec6ceb00, taskName=auto-collect-scan
2026-10-06 03:27:48.089 [pool-2-thread-4] [] INFO  c.c.g.r.c.t.s.i.TaskManagementServiceImpl - 任务已解析: taskId=e85196c1-59b4-4bc7-834e-5a71ec6ceb00
2026-10-06 03:27:48.092 [pool-2-thread-4] [] WARN  c.c.g.e.d.m.AutoCollectScheduler - AutoCollectScheduler 扫描失败: null
2026-10-06 03:27:48.093 [pool-2-thread-4] [] INFO  c.c.g.r.c.t.s.i.TaskManagementServiceImpl - 任务执行完成: taskId=e85196c1-59b4-4bc7-834e-5a71ec6ceb00, status=SUCCEEDED
2026-10-06 03:27:48.094 [pool-2-thread-4] [] INFO  c.c.g.r.c.t.s.TaskSchedulerServiceImpl - 定时任务已提交执行 taskId=e85196c1-59b4-4bc7-834e-5a71ec6ceb00 taskType=AUTO_COLLECT_SCAN scheduleId=5ec0f85a-1af7-4064-9ba5-713b4847ec50
2026-10-06 03:28:48.086 [pool-2-thread-4] [] INFO  c.c.g.r.c.t.s.i.TaskManagementServiceImpl - 任务已提交: taskId=e85196c1-59b4-4bc7-834e-5a71ec6ceb00, taskName=auto-collect-scan
2026-10-06 03:28:48.089 [pool-2-thread-4] [] INFO  c.c.g.r.c.t.s.i.TaskManagementServiceImpl - 任务已解析: taskId=e85196c1-59b4-4bc7-834e-5a71ec6ceb00
2026-10-06 03:28:48.091 [pool-2-thread-4] [] WARN  c.c.g.e.d.m.AutoCollectScheduler - AutoCollectScheduler 扫描失败: null
2026-10-06 03:28:48.093 [pool-2-thread-4] [] INFO  c.c.g.r.c.t.s.i.TaskManagementServiceImpl - 任务执行完成: taskId=e85196c1-59b4-4bc7-834e-5a71ec6ceb00, status=SUCCEEDED
2026-10-06 03:28:48.095 [pool-2-thread-4] [] INFO  c.c.g.r.c.t.s.TaskSchedulerServiceImpl - 定时任务已提交执行 taskId=e85196c1-59b4-4bc7-834e-5a71ec6ceb00 taskType=AUTO_COLLECT_SCAN scheduleId=5ec0f85a-1af7-4064-9ba5-713b4847ec50
2026-10-06 03:29:48.077 [pool-2-thread-4] [] INFO  c.c.g.r.c.t.s.i.TaskManagementServiceImpl - 任务已提交: taskId=e85196c1-59b4-4bc7-834e-5a71ec6ceb00, taskName=auto-collect-scan
2026-10-06 03:29:48.089 [pool-2-thread-4] [] INFO  c.c.g.r.c.t.s.i.TaskManagementServiceImpl - 任务已解析: taskId=e85196c1-59b4-4bc7-834e-5a71ec6ceb00
2026-10-06 03:29:48.090 [pool-2-thread-4] [] WARN  c.c.g.e.d.m.AutoCollectScheduler - AutoCollectScheduler 扫描失败: null
2026-10-06 03:29:48.091 [pool-2-thread-4] [] INFO  c.c.g.r.c.t.s.i.TaskManagementServiceImpl - 任务执行完成: taskId=e85196c1-59b4-4bc7-834e-5a71ec6ceb00, status=SUCCEEDED
2026-10-06 03:29:48.092 [pool-2-thread-4] [] INFO  c.c.g.r.c.t.s.TaskSchedulerServiceImpl - 定时任务已提交执行 taskId=e85196c1-59b4-4bc7-834e-5a71ec6ceb00 taskType=AUTO_COLLECT_SCAN scheduleId=5ec0f85a-1af7-4064-9ba5-713b4847ec50
2026-10-06 03:30:48.075 [pool-2-thread-4] [] INFO  c.c.g.r.c.t.s.i.TaskManagementServiceImpl - 任务已提交: taskId=e85196c1-59b4-4bc7-834e-5a71ec6ceb00, taskName=auto-collect-scan
2026-10-06 03:30:48.078 [pool-2-thread-4] [] INFO  c.c.g.r.c.t.s.i.TaskManagementServiceImpl - 任务已解析: taskId=e85196c1-59b4-4bc7-834e-5a71ec6ceb00
2026-10-06 03:30:48.080 [pool-2-thread-4] [] WARN  c.c.g.e.d.m.AutoCollectScheduler - AutoCollectScheduler 扫描失败: null
2026-10-06 03:30:48.082 [pool-2-thread-4] [] INFO  c.c.g.r.c.t.s.i.TaskManagementServiceImpl - 任务执行完成: taskId=e85196c1-59b4-4bc7-834e-5a71ec6ceb00, status=SUCCEEDED
2026-10-06 03:30:48.083 [pool-2-thread-4] [] INFO  c.c.g.r.c.t.s.TaskSchedulerServiceImpl - 定时任务已提交执行 taskId=e85196c1-59b4-4bc7-834e-5a71ec6ceb00 taskType=AUTO_COLLECT_SCAN scheduleId=5ec0f85a-1af7-4064-9ba5-713b4847ec50
2026-10-06 03:31:48.083 [pool-2-thread-4] [] INFO  c.c.g.r.c.t.s.i.TaskManagementServiceImpl - 任务已提交: taskId=e85196c1-59b4-4bc7-834e-5a71ec6ceb00, taskName=auto-collect-scan
2026-10-06 03:31:48.085 [pool-2-thread-4] [] INFO  c.c.g.r.c.t.s.i.TaskManagementServiceImpl - 任务已解析: taskId=e85196c1-59b4-4bc7-834e-5a71ec6ceb00
2026-10-06 03:31:48.087 [pool-2-thread-4] [] WARN  c.c.g.e.d.m.AutoCollectScheduler - AutoCollectScheduler 扫描失败: null
2026-10-06 03:31:48.088 [pool-2-thread-4] [] INFO  c.c.g.r.c.t.s.i.TaskManagementServiceImpl - 任务执行完成: taskId=e85196c1-59b4-4bc7-834e-5a71ec6ceb00, status=SUCCEEDED
2026-10-06 03:31:48.089 [pool-2-thread-4] [] INFO  c.c.g.r.c.t.s.TaskSchedulerServiceImpl - 定时任务已提交执行 taskId=e85196c1-59b4-4bc7-834e-5a71ec6ceb00 taskType=AUTO_COLLECT_SCAN scheduleId=5ec0f85a-1af7-4064-9ba5-713b4847ec50
2026-10-06 03:32:48.081 [pool-2-thread-4] [] INFO  c.c.g.r.c.t.s.i.TaskManagementServiceImpl - 任务已提交: taskId=e85196c1-59b4-4bc7-834e-5a71ec6ceb00, taskName=auto-collect-scan
2026-10-06 03:32:48.084 [pool-2-thread-4] [] INFO  c.c.g.r.c.t.s.i.TaskManagementServiceImpl - 任务已解析: taskId=e85196c1-59b4-4bc7-834e-5a71ec6ceb00
2026-10-06 03:32:48.087 [pool-2-thread-4] [] WARN  c.c.g.e.d.m.AutoCollectScheduler - AutoCollectScheduler 扫描失败: null
2026-10-06 03:32:48.090 [pool-2-thread-4] [] INFO  c.c.g.r.c.t.s.i.TaskManagementServiceImpl - 任务执行完成: taskId=e85196c1-59b4-4bc7-834e-5a71ec6ceb00, status=SUCCEEDED
2026-10-06 03:32:48.092 [pool-2-thread-4] [] INFO  c.c.g.r.c.t.s.TaskSchedulerServiceImpl - 定时任务已提交执行 taskId=e85196c1-59b4-4bc7-834e-5a71ec6ceb00 taskType=AUTO_COLLECT_SCAN scheduleId=5ec0f85a-1af7-4064-9ba5-713b4847ec50
2026-10-06 03:33:48.084 [pool-2-thread-4] [] INFO  c.c.g.r.c.t.s.i.TaskManagementServiceImpl - 任务已提交: taskId=e85196c1-59b4-4bc7-834e-5a71ec6ceb00, taskName=auto-collect-scan
2026-10-06 03:33:48.095 [pool-2-thread-4] [] INFO  c.c.g.r.c.t.s.i.TaskManagementServiceImpl - 任务已解析: taskId=e85196c1-59b4-4bc7-834e-5a71ec6ceb00
2026-10-06 03:33:48.096 [pool-2-thread-4] [] WARN  c.c.g.e.d.m.AutoCollectScheduler - AutoCollectScheduler 扫描失败: null
2026-10-06 03:33:48.098 [pool-2-thread-4] [] INFO  c.c.g.r.c.t.s.i.TaskManagementServiceImpl - 任务执行完成: taskId=e85196c1-59b4-4bc7-834e-5a71ec6ceb00, status=SUCCEEDED
2026-10-06 03:33:48.098 [pool-2-thread-4] [] INFO  c.c.g.r.c.t.s.TaskSchedulerServiceImpl - 定时任务已提交执行 taskId=e85196c1-59b4-4bc7-834e-5a71ec6ceb00 taskType=AUTO_COLLECT_SCAN scheduleId=5ec0f85a-1af7-4064-9ba5-713b4847ec50
2026-10-06 03:34:48.078 [pool-2-thread-4] [] INFO  c.c.g.r.c.t.s.i.TaskManagementServiceImpl - 任务已提交: taskId=e85196c1-59b4-4bc7-834e-5a71ec6ceb00, taskName=auto-collect-scan
2026-10-06 03:34:48.089 [pool-2-thread-4] [] INFO  c.c.g.r.c.t.s.i.TaskManagementServiceImpl - 任务已解析: taskId=e85196c1-59b4-4bc7-834e-5a71ec6ceb00
2026-10-06 03:34:48.091 [pool-2-thread-4] [] WARN  c.c.g.e.d.m.AutoCollectScheduler - AutoCollectScheduler 扫描失败: null
2026-10-06 03:34:48.091 [pool-2-thread-4] [] INFO  c.c.g.r.c.t.s.i.TaskManagementServiceImpl - 任务执行完成: taskId=e85196c1-59b4-4bc7-834e-5a71ec6ceb00, status=SUCCEEDED
2026-10-06 03:34:48.092 [pool-2-thread-4] [] INFO  c.c.g.r.c.t.s.TaskSchedulerServiceImpl - 定时任务已提交执行 taskId=e85196c1-59b4-4bc7-834e-5a71ec6ceb00 taskType=AUTO_COLLECT_SCAN scheduleId=5ec0f85a-1af7-4064-9ba5-713b4847ec50
2026-10-06 03:35:48.080 [pool-2-thread-4] [] INFO  c.c.g.r.c.t.s.i.TaskManagementServiceImpl - 任务已提交: taskId=e85196c1-59b4-4bc7-834e-5a71ec6ceb00, taskName=auto-collect-scan
2026-10-06 03:35:48.091 [pool-2-thread-4] [] INFO  c.c.g.r.c.t.s.i.TaskManagementServiceImpl - 任务已解析: taskId=e85196c1-59b4-4bc7-834e-5a71ec6ceb00
2026-10-06 03:35:48.093 [pool-2-thread-4] [] WARN  c.c.g.e.d.m.AutoCollectScheduler - AutoCollectScheduler 扫描失败: null
2026-10-06 03:35:48.094 [pool-2-thread-4] [] INFO  c.c.g.r.c.t.s.i.TaskManagementServiceImpl - 任务执行完成: taskId=e85196c1-59b4-4bc7-834e-5a71ec6ceb00, status=SUCCEEDED
2026-10-06 03:35:48.094 [pool-2-thread-4] [] INFO  c.c.g.r.c.t.s.TaskSchedulerServiceImpl - 定时任务已提交执行 taskId=e85196c1-59b4-4bc7-834e-5a71ec6ceb00 taskType=AUTO_COLLECT_SCAN scheduleId=5ec0f85a-1af7-4064-9ba5-713b4847ec50
2026-10-06 03:36:48.079 [pool-2-thread-4] [] INFO  c.c.g.r.c.t.s.i.TaskManagementServiceImpl - 任务已提交: taskId=e85196c1-59b4-4bc7-834e-5a71ec6ceb00, taskName=auto-collect-scan
2026-10-06 03:36:48.090 [pool-2-thread-4] [] INFO  c.c.g.r.c.t.s.i.TaskManagementServiceImpl - 任务已解析: taskId=e85196c1-59b4-4bc7-834e-5a71ec6ceb00
2026-10-06 03:36:48.091 [pool-2-thread-4] [] WARN  c.c.g.e.d.m.AutoCollectScheduler - AutoCollectScheduler 扫描失败: null
2026-10-06 03:36:48.091 [pool-2-thread-4] [] INFO  c.c.g.r.c.t.s.i.TaskManagementServiceImpl - 任务执行完成: taskId=e85196c1-59b4-4bc7-834e-5a71ec6ceb00, status=SUCCEEDED
2026-10-06 03:36:48.092 [pool-2-thread-4] [] INFO  c.c.g.r.c.t.s.TaskSchedulerServiceImpl - 定时任务已提交执行 taskId=e85196c1-59b4-4bc7-834e-5a71ec6ceb00 taskType=AUTO_COLLECT_SCAN scheduleId=5ec0f85a-1af7-4064-9ba5-713b4847ec50
2026-10-06 03:37:48.079 [pool-2-thread-4] [] INFO  c.c.g.r.c.t.s.i.TaskManagementServiceImpl - 任务已提交: taskId=e85196c1-59b4-4bc7-834e-5a71ec6ceb00, taskName=auto-collect-scan
2026-10-06 03:37:48.080 [pool-2-thread-4] [] INFO  c.c.g.r.c.t.s.i.TaskManagementServiceImpl - 任务已解析: taskId=e85196c1-59b4-4bc7-834e-5a71ec6ceb00
2026-10-06 03:37:48.082 [pool-2-thread-4] [] WARN  c.c.g.e.d.m.AutoCollectScheduler - AutoCollectScheduler 扫描失败: null
2026-10-06 03:37:48.083 [pool-2-thread-4] [] INFO  c.c.g.r.c.t.s.i.TaskManagementServiceImpl - 任务执行完成: taskId=e85196c1-59b4-4bc7-834e-5a71ec6ceb00, status=SUCCEEDED
2026-10-06 03:37:48.084 [pool-2-thread-4] [] INFO  c.c.g.r.c.t.s.TaskSchedulerServiceImpl - 定时任务已提交执行 taskId=e85196c1-59b4-4bc7-834e-5a71ec6ceb00 taskType=AUTO_COLLECT_SCAN scheduleId=5ec0f85a-1af7-4064-9ba5-713b4847ec50
2026-10-06 03:38:48.082 [pool-2-thread-4] [] INFO  c.c.g.r.c.t.s.i.TaskManagementServiceImpl - 任务已提交: taskId=e85196c1-59b4-4bc7-834e-5a71ec6ceb00, taskName=auto-collect-scan
2026-10-06 03:38:48.092 [pool-2-thread-4] [] INFO  c.c.g.r.c.t.s.i.TaskManagementServiceImpl - 任务已解析: taskId=e85196c1-59b4-4bc7-834e-5a71ec6ceb00
2026-10-06 03:38:48.094 [pool-2-thread-4] [] WARN  c.c.g.e.d.m.AutoCollectScheduler - AutoCollectScheduler 扫描失败: null
2026-10-06 03:38:48.094 [pool-2-thread-4] [] INFO  c.c.g.r.c.t.s.i.TaskManagementServiceImpl - 任务执行完成: taskId=e85196c1-59b4-4bc7-834e-5a71ec6ceb00, status=SUCCEEDED
2026-10-06 03:38:48.095 [pool-2-thread-4] [] INFO  c.c.g.r.c.t.s.TaskSchedulerServiceImpl - 定时任务已提交执行 taskId=e85196c1-59b4-4bc7-834e-5a71ec6ceb00 taskType=AUTO_COLLECT_SCAN scheduleId=5ec0f85a-1af7-4064-9ba5-713b4847ec50
2026-10-06 03:39:48.075 [pool-2-thread-4] [] INFO  c.c.g.r.c.t.s.i.TaskManagementServiceImpl - 任务已提交: taskId=e85196c1-59b4-4bc7-834e-5a71ec6ceb00, taskName=auto-collect-scan
2026-10-06 03:39:48.086 [pool-2-thread-4] [] INFO  c.c.g.r.c.t.s.i.TaskManagementServiceImpl - 任务已解析: taskId=e85196c1-59b4-4bc7-834e-5a71ec6ceb00
2026-10-06 03:39:48.087 [pool-2-thread-4] [] WARN  c.c.g.e.d.m.AutoCollectScheduler - AutoCollectScheduler 扫描失败: null
2026-10-06 03:39:48.088 [pool-2-thread-4] [] INFO  c.c.g.r.c.t.s.i.TaskManagementServiceImpl - 任务执行完成: taskId=e85196c1-59b4-4bc7-834e-5a71ec6ceb00, status=SUCCEEDED
2026-10-06 03:39:48.089 [pool-2-thread-4] [] INFO  c.c.g.r.c.t.s.TaskSchedulerServiceImpl - 定时任务已提交执行 taskId=e85196c1-59b4-4bc7-834e-5a71ec6ceb00 taskType=AUTO_COLLECT_SCAN scheduleId=5ec0f85a-1af7-4064-9ba5-713b4847ec50
2026-10-06 03:40:48.083 [pool-2-thread-4] [] INFO  c.c.g.r.c.t.s.i.TaskManagementServiceImpl - 任务已提交: taskId=e85196c1-59b4-4bc7-834e-5a71ec6ceb00, taskName=auto-collect-scan
2026-10-06 03:40:48.085 [pool-2-thread-4] [] INFO  c.c.g.r.c.t.s.i.TaskManagementServiceImpl - 任务已解析: taskId=e85196c1-59b4-4bc7-834e-5a71ec6ceb00
2026-10-06 03:40:48.086 [pool-2-thread-4] [] WARN  c.c.g.e.d.m.AutoCollectScheduler - AutoCollectScheduler 扫描失败: null
2026-10-06 03:40:48.087 [pool-2-thread-4] [] INFO  c.c.g.r.c.t.s.i.TaskManagementServiceImpl - 任务执行完成: taskId=e85196c1-59b4-4bc7-834e-5a71ec6ceb00, status=SUCCEEDED
2026-10-06 03:40:48.088 [pool-2-thread-4] [] INFO  c.c.g.r.c.t.s.TaskSchedulerServiceImpl - 定时任务已提交执行 taskId=e85196c1-59b4-4bc7-834e-5a71ec6ceb00 taskType=AUTO_COLLECT_SCAN scheduleId=5ec0f85a-1af7-4064-9ba5-713b4847ec50
2026-10-06 03:41:48.081 [pool-2-thread-4] [] INFO  c.c.g.r.c.t.s.i.TaskManagementServiceImpl - 任务已提交: taskId=e85196c1-59b4-4bc7-834e-5a71ec6ceb00, taskName=auto-collect-scan
2026-10-06 03:41:48.083 [pool-2-thread-4] [] INFO  c.c.g.r.c.t.s.i.TaskManagementServiceImpl - 任务已解析: taskId=e85196c1-59b4-4bc7-834e-5a71ec6ceb00
2026-10-06 03:41:48.085 [pool-2-thread-4] [] WARN  c.c.g.e.d.m.AutoCollectScheduler - AutoCollectScheduler 扫描失败: null
2026-10-06 03:41:48.086 [pool-2-thread-4] [] INFO  c.c.g.r.c.t.s.i.TaskManagementServiceImpl - 任务执行完成: taskId=e85196c1-59b4-4bc7-834e-5a71ec6ceb00, status=SUCCEEDED
2026-10-06 03:41:48.087 [pool-2-thread-4] [] INFO  c.c.g.r.c.t.s.TaskSchedulerServiceImpl - 定时任务已提交执行 taskId=e85196c1-59b4-4bc7-834e-5a71ec6ceb00 taskType=AUTO_COLLECT_SCAN scheduleId=5ec0f85a-1af7-4064-9ba5-713b4847ec50
2026-10-06 03:42:48.083 [pool-2-thread-4] [] INFO  c.c.g.r.c.t.s.i.TaskManagementServiceImpl - 任务已提交: taskId=e85196c1-59b4-4bc7-834e-5a71ec6ceb00, taskName=auto-collect-scan
2026-10-06 03:42:48.094 [pool-2-thread-4] [] INFO  c.c.g.r.c.t.s.i.TaskManagementServiceImpl - 任务已解析: taskId=e85196c1-59b4-4bc7-834e-5a71ec6ceb00
2026-10-06 03:42:48.096 [pool-2-thread-4] [] WARN  c.c.g.e.d.m.AutoCollectScheduler - AutoCollectScheduler 扫描失败: null
2026-10-06 03:42:48.097 [pool-2-thread-4] [] INFO  c.c.g.r.c.t.s.i.TaskManagementServiceImpl - 任务执行完成: taskId=e85196c1-59b4-4bc7-834e-5a71ec6ceb00, status=SUCCEEDED
2026-10-06 03:42:48.098 [pool-2-thread-4] [] INFO  c.c.g.r.c.t.s.TaskSchedulerServiceImpl - 定时任务已提交执行 taskId=e85196c1-59b4-4bc7-834e-5a71ec6ceb00 taskType=AUTO_COLLECT_SCAN scheduleId=5ec0f85a-1af7-4064-9ba5-713b4847ec50
2026-10-06 03:43:48.088 [pool-2-thread-4] [] INFO  c.c.g.r.c.t.s.i.TaskManagementServiceImpl - 任务已提交: taskId=e85196c1-59b4-4bc7-834e-5a71ec6ceb00, taskName=auto-collect-scan
2026-10-06 03:43:48.098 [pool-2-thread-4] [] INFO  c.c.g.r.c.t.s.i.TaskManagementServiceImpl - 任务已解析: taskId=e85196c1-59b4-4bc7-834e-5a71ec6ceb00
2026-10-06 03:43:48.099 [pool-2-thread-4] [] WARN  c.c.g.e.d.m.AutoCollectScheduler - AutoCollectScheduler 扫描失败: null
2026-10-06 03:43:48.099 [pool-2-thread-4] [] INFO  c.c.g.r.c.t.s.i.TaskManagementServiceImpl - 任务执行完成: taskId=e85196c1-59b4-4bc7-834e-5a71ec6ceb00, status=SUCCEEDED
2026-10-06 03:43:48.100 [pool-2-thread-4] [] INFO  c.c.g.r.c.t.s.TaskSchedulerServiceImpl - 定时任务已提交执行 taskId=e85196c1-59b4-4bc7-834e-5a71ec6ceb00 taskType=AUTO_COLLECT_SCAN scheduleId=5ec0f85a-1af7-4064-9ba5-713b4847ec50
2026-10-06 03:44:48.079 [pool-2-thread-4] [] INFO  c.c.g.r.c.t.s.i.TaskManagementServiceImpl - 任务已提交: taskId=e85196c1-59b4-4bc7-834e-5a71ec6ceb00, taskName=auto-collect-scan
2026-10-06 03:44:48.083 [pool-2-thread-4] [] INFO  c.c.g.r.c.t.s.i.TaskManagementServiceImpl - 任务已解析: taskId=e85196c1-59b4-4bc7-834e-5a71ec6ceb00
2026-10-06 03:44:48.085 [pool-2-thread-4] [] WARN  c.c.g.e.d.m.AutoCollectScheduler - AutoCollectScheduler 扫描失败: null
2026-10-06 03:44:48.087 [pool-2-thread-4] [] INFO  c.c.g.r.c.t.s.i.TaskManagementServiceImpl - 任务执行完成: taskId=e85196c1-59b4-4bc7-834e-5a71ec6ceb00, status=SUCCEEDED
2026-10-06 03:44:48.088 [pool-2-thread-4] [] INFO  c.c.g.r.c.t.s.TaskSchedulerServiceImpl - 定时任务已提交执行 taskId=e85196c1-59b4-4bc7-834e-5a71ec6ceb00 taskType=AUTO_COLLECT_SCAN scheduleId=5ec0f85a-1af7-4064-9ba5-713b4847ec50
2026-10-06 03:45:48.080 [pool-2-thread-4] [] INFO  c.c.g.r.c.t.s.i.TaskManagementServiceImpl - 任务已提交: taskId=e85196c1-59b4-4bc7-834e-5a71ec6ceb00, taskName=auto-collect-scan
2026-10-06 03:45:48.091 [pool-2-thread-4] [] INFO  c.c.g.r.c.t.s.i.TaskManagementServiceImpl - 任务已解析: taskId=e85196c1-59b4-4bc7-834e-5a71ec6ceb00
2026-10-06 03:45:48.093 [pool-2-thread-4] [] WARN  c.c.g.e.d.m.AutoCollectScheduler - AutoCollectScheduler 扫描失败: null
2026-10-06 03:45:48.094 [pool-2-thread-4] [] INFO  c.c.g.r.c.t.s.i.TaskManagementServiceImpl - 任务执行完成: taskId=e85196c1-59b4-4bc7-834e-5a71ec6ceb00, status=SUCCEEDED
2026-10-06 03:45:48.095 [pool-2-thread-4] [] INFO  c.c.g.r.c.t.s.TaskSchedulerServiceImpl - 定时任务已提交执行 taskId=e85196c1-59b4-4bc7-834e-5a71ec6ceb00 taskType=AUTO_COLLECT_SCAN scheduleId=5ec0f85a-1af7-4064-9ba5-713b4847ec50
2026-10-06 03:46:48.080 [pool-2-thread-4] [] INFO  c.c.g.r.c.t.s.i.TaskManagementServiceImpl - 任务已提交: taskId=e85196c1-59b4-4bc7-834e-5a71ec6ceb00, taskName=auto-collect-scan
2026-10-06 03:46:48.081 [pool-2-thread-4] [] INFO  c.c.g.r.c.t.s.i.TaskManagementServiceImpl - 任务已解析: taskId=e85196c1-59b4-4bc7-834e-5a71ec6ceb00
2026-10-06 03:46:48.082 [pool-2-thread-4] [] WARN  c.c.g.e.d.m.AutoCollectScheduler - AutoCollectScheduler 扫描失败: null
2026-10-06 03:46:48.083 [pool-2-thread-4] [] INFO  c.c.g.r.c.t.s.i.TaskManagementServiceImpl - 任务执行完成: taskId=e85196c1-59b4-4bc7-834e-5a71ec6ceb00, status=SUCCEEDED
2026-10-06 03:46:48.085 [pool-2-thread-4] [] INFO  c.c.g.r.c.t.s.TaskSchedulerServiceImpl - 定时任务已提交执行 taskId=e85196c1-59b4-4bc7-834e-5a71ec6ceb00 taskType=AUTO_COLLECT_SCAN scheduleId=5ec0f85a-1af7-4064-9ba5-713b4847ec50
2026-10-06 03:47:48.079 [pool-2-thread-6] [] INFO  c.c.g.r.c.t.s.i.TaskManagementServiceImpl - 任务已提交: taskId=e85196c1-59b4-4bc7-834e-5a71ec6ceb00, taskName=auto-collect-scan
2026-10-06 03:47:48.091 [pool-2-thread-6] [] INFO  c.c.g.r.c.t.s.i.TaskManagementServiceImpl - 任务已解析: taskId=e85196c1-59b4-4bc7-834e-5a71ec6ceb00
2026-10-06 03:47:48.092 [pool-2-thread-6] [] WARN  c.c.g.e.d.m.AutoCollectScheduler - AutoCollectScheduler 扫描失败: null
2026-10-06 03:47:48.093 [pool-2-thread-6] [] INFO  c.c.g.r.c.t.s.i.TaskManagementServiceImpl - 任务执行完成: taskId=e85196c1-59b4-4bc7-834e-5a71ec6ceb00, status=SUCCEEDED
2026-10-06 03:47:48.094 [pool-2-thread-6] [] INFO  c.c.g.r.c.t.s.TaskSchedulerServiceImpl - 定时任务已提交执行 taskId=e85196c1-59b4-4bc7-834e-5a71ec6ceb00 taskType=AUTO_COLLECT_SCAN scheduleId=5ec0f85a-1af7-4064-9ba5-713b4847ec50
2026-10-06 03:48:48.073 [pool-2-thread-6] [] INFO  c.c.g.r.c.t.s.i.TaskManagementServiceImpl - 任务已提交: taskId=e85196c1-59b4-4bc7-834e-5a71ec6ceb00, taskName=auto-collect-scan
2026-10-06 03:48:48.077 [pool-2-thread-6] [] INFO  c.c.g.r.c.t.s.i.TaskManagementServiceImpl - 任务已解析: taskId=e85196c1-59b4-4bc7-834e-5a71ec6ceb00
2026-10-06 03:48:48.078 [pool-2-thread-6] [] WARN  c.c.g.e.d.m.AutoCollectScheduler - AutoCollectScheduler 扫描失败: null
2026-10-06 03:48:48.079 [pool-2-thread-6] [] INFO  c.c.g.r.c.t.s.i.TaskManagementServiceImpl - 任务执行完成: taskId=e85196c1-59b4-4bc7-834e-5a71ec6ceb00, status=SUCCEEDED
2026-10-06 03:48:48.080 [pool-2-thread-6] [] INFO  c.c.g.r.c.t.s.TaskSchedulerServiceImpl - 定时任务已提交执行 taskId=e85196c1-59b4-4bc7-834e-5a71ec6ceb00 taskType=AUTO_COLLECT_SCAN scheduleId=5ec0f85a-1af7-4064-9ba5-713b4847ec50
2026-10-06 03:49:48.083 [pool-2-thread-6] [] INFO  c.c.g.r.c.t.s.i.TaskManagementServiceImpl - 任务已提交: taskId=e85196c1-59b4-4bc7-834e-5a71ec6ceb00, taskName=auto-collect-scan
2026-10-06 03:49:48.085 [pool-2-thread-6] [] INFO  c.c.g.r.c.t.s.i.TaskManagementServiceImpl - 任务已解析: taskId=e85196c1-59b4-4bc7-834e-5a71ec6ceb00
2026-10-06 03:49:48.087 [pool-2-thread-6] [] WARN  c.c.g.e.d.m.AutoCollectScheduler - AutoCollectScheduler 扫描失败: null
2026-10-06 03:49:48.089 [pool-2-thread-6] [] INFO  c.c.g.r.c.t.s.i.TaskManagementServiceImpl - 任务执行完成: taskId=e85196c1-59b4-4bc7-834e-5a71ec6ceb00, status=SUCCEEDED
2026-10-06 03:49:48.090 [pool-2-thread-6] [] INFO  c.c.g.r.c.t.s.TaskSchedulerServiceImpl - 定时任务已提交执行 taskId=e85196c1-59b4-4bc7-834e-5a71ec6ceb00 taskType=AUTO_COLLECT_SCAN scheduleId=5ec0f85a-1af7-4064-9ba5-713b4847ec50
2026-10-06 03:50:48.080 [pool-2-thread-6] [] INFO  c.c.g.r.c.t.s.i.TaskManagementServiceImpl - 任务已提交: taskId=e85196c1-59b4-4bc7-834e-5a71ec6ceb00, taskName=auto-collect-scan
2026-10-06 03:50:48.081 [pool-2-thread-6] [] INFO  c.c.g.r.c.t.s.i.TaskManagementServiceImpl - 任务已解析: taskId=e85196c1-59b4-4bc7-834e-5a71ec6ceb00
2026-10-06 03:50:48.082 [pool-2-thread-6] [] WARN  c.c.g.e.d.m.AutoCollectScheduler - AutoCollectScheduler 扫描失败: null
2026-10-06 03:50:48.083 [pool-2-thread-6] [] INFO  c.c.g.r.c.t.s.i.TaskManagementServiceImpl - 任务执行完成: taskId=e85196c1-59b4-4bc7-834e-5a71ec6ceb00, status=SUCCEEDED
2026-10-06 03:50:48.084 [pool-2-thread-6] [] INFO  c.c.g.r.c.t.s.TaskSchedulerServiceImpl - 定时任务已提交执行 taskId=e85196c1-59b4-4bc7-834e-5a71ec6ceb00 taskType=AUTO_COLLECT_SCAN scheduleId=5ec0f85a-1af7-4064-9ba5-713b4847ec50
2026-10-06 03:51:48.085 [pool-2-thread-6] [] INFO  c.c.g.r.c.t.s.i.TaskManagementServiceImpl - 任务已提交: taskId=e85196c1-59b4-4bc7-834e-5a71ec6ceb00, taskName=auto-collect-scan
2026-10-06 03:51:48.086 [pool-2-thread-6] [] INFO  c.c.g.r.c.t.s.i.TaskManagementServiceImpl - 任务已解析: taskId=e85196c1-59b4-4bc7-834e-5a71ec6ceb00
2026-10-06 03:51:48.088 [pool-2-thread-6] [] WARN  c.c.g.e.d.m.AutoCollectScheduler - AutoCollectScheduler 扫描失败: null
2026-10-06 03:51:48.090 [pool-2-thread-6] [] INFO  c.c.g.r.c.t.s.i.TaskManagementServiceImpl - 任务执行完成: taskId=e85196c1-59b4-4bc7-834e-5a71ec6ceb00, status=SUCCEEDED
2026-10-06 03:51:48.092 [pool-2-thread-6] [] INFO  c.c.g.r.c.t.s.TaskSchedulerServiceImpl - 定时任务已提交执行 taskId=e85196c1-59b4-4bc7-834e-5a71ec6ceb00 taskType=AUTO_COLLECT_SCAN scheduleId=5ec0f85a-1af7-4064-9ba5-713b4847ec50
2026-10-06 03:52:48.081 [pool-2-thread-6] [] INFO  c.c.g.r.c.t.s.i.TaskManagementServiceImpl - 任务已提交: taskId=e85196c1-59b4-4bc7-834e-5a71ec6ceb00, taskName=auto-collect-scan
2026-10-06 03:52:48.082 [pool-2-thread-6] [] INFO  c.c.g.r.c.t.s.i.TaskManagementServiceImpl - 任务已解析: taskId=e85196c1-59b4-4bc7-834e-5a71ec6ceb00
2026-10-06 03:52:48.083 [pool-2-thread-6] [] WARN  c.c.g.e.d.m.AutoCollectScheduler - AutoCollectScheduler 扫描失败: null
2026-10-06 03:52:48.084 [pool-2-thread-6] [] INFO  c.c.g.r.c.t.s.i.TaskManagementServiceImpl - 任务执行完成: taskId=e85196c1-59b4-4bc7-834e-5a71ec6ceb00, status=SUCCEEDED
2026-10-06 03:52:48.085 [pool-2-thread-6] [] INFO  c.c.g.r.c.t.s.TaskSchedulerServiceImpl - 定时任务已提交执行 taskId=e85196c1-59b4-4bc7-834e-5a71ec6ceb00 taskType=AUTO_COLLECT_SCAN scheduleId=5ec0f85a-1af7-4064-9ba5-713b4847ec50
2026-10-06 03:53:48.074 [pool-2-thread-6] [] INFO  c.c.g.r.c.t.s.i.TaskManagementServiceImpl - 任务已提交: taskId=e85196c1-59b4-4bc7-834e-5a71ec6ceb00, taskName=auto-collect-scan
2026-10-06 03:53:48.076 [pool-2-thread-6] [] INFO  c.c.g.r.c.t.s.i.TaskManagementServiceImpl - 任务已解析: taskId=e85196c1-59b4-4bc7-834e-5a71ec6ceb00
2026-10-06 03:53:48.078 [pool-2-thread-6] [] WARN  c.c.g.e.d.m.AutoCollectScheduler - AutoCollectScheduler 扫描失败: null
2026-10-06 03:53:48.079 [pool-2-thread-6] [] INFO  c.c.g.r.c.t.s.i.TaskManagementServiceImpl - 任务执行完成: taskId=e85196c1-59b4-4bc7-834e-5a71ec6ceb00, status=SUCCEEDED
2026-10-06 03:53:48.080 [pool-2-thread-6] [] INFO  c.c.g.r.c.t.s.TaskSchedulerServiceImpl - 定时任务已提交执行 taskId=e85196c1-59b4-4bc7-834e-5a71ec6ceb00 taskType=AUTO_COLLECT_SCAN scheduleId=5ec0f85a-1af7-4064-9ba5-713b4847ec50
2026-10-06 03:54:48.079 [pool-2-thread-6] [] INFO  c.c.g.r.c.t.s.i.TaskManagementServiceImpl - 任务已提交: taskId=e85196c1-59b4-4bc7-834e-5a71ec6ceb00, taskName=auto-collect-scan
2026-10-06 03:54:48.082 [pool-2-thread-6] [] INFO  c.c.g.r.c.t.s.i.TaskManagementServiceImpl - 任务已解析: taskId=e85196c1-59b4-4bc7-834e-5a71ec6ceb00
2026-10-06 03:54:48.084 [pool-2-thread-6] [] WARN  c.c.g.e.d.m.AutoCollectScheduler - AutoCollectScheduler 扫描失败: null
2026-10-06 03:54:48.084 [pool-2-thread-6] [] INFO  c.c.g.r.c.t.s.i.TaskManagementServiceImpl - 任务执行完成: taskId=e85196c1-59b4-4bc7-834e-5a71ec6ceb00, status=SUCCEEDED
2026-10-06 03:54:48.086 [pool-2-thread-6] [] INFO  c.c.g.r.c.t.s.TaskSchedulerServiceImpl - 定时任务已提交执行 taskId=e85196c1-59b4-4bc7-834e-5a71ec6ceb00 taskType=AUTO_COLLECT_SCAN scheduleId=5ec0f85a-1af7-4064-9ba5-713b4847ec50
2026-10-06 03:55:48.086 [pool-2-thread-6] [] INFO  c.c.g.r.c.t.s.i.TaskManagementServiceImpl - 任务已提交: taskId=e85196c1-59b4-4bc7-834e-5a71ec6ceb00, taskName=auto-collect-scan
2026-10-06 03:55:48.088 [pool-2-thread-6] [] INFO  c.c.g.r.c.t.s.i.TaskManagementServiceImpl - 任务已解析: taskId=e85196c1-59b4-4bc7-834e-5a71ec6ceb00
2026-10-06 03:55:48.090 [pool-2-thread-6] [] WARN  c.c.g.e.d.m.AutoCollectScheduler - AutoCollectScheduler 扫描失败: null
2026-10-06 03:55:48.091 [pool-2-thread-6] [] INFO  c.c.g.r.c.t.s.i.TaskManagementServiceImpl - 任务执行完成: taskId=e85196c1-59b4-4bc7-834e-5a71ec6ceb00, status=SUCCEEDED
2026-10-06 03:55:48.092 [pool-2-thread-6] [] INFO  c.c.g.r.c.t.s.TaskSchedulerServiceImpl - 定时任务已提交执行 taskId=e85196c1-59b4-4bc7-834e-5a71ec6ceb00 taskType=AUTO_COLLECT_SCAN scheduleId=5ec0f85a-1af7-4064-9ba5-713b4847ec50
2026-10-06 03:56:48.079 [pool-2-thread-6] [] INFO  c.c.g.r.c.t.s.i.TaskManagementServiceImpl - 任务已提交: taskId=e85196c1-59b4-4bc7-834e-5a71ec6ceb00, taskName=auto-collect-scan
2026-10-06 03:56:48.082 [pool-2-thread-6] [] INFO  c.c.g.r.c.t.s.i.TaskManagementServiceImpl - 任务已解析: taskId=e85196c1-59b4-4bc7-834e-5a71ec6ceb00
2026-10-06 03:56:48.083 [pool-2-thread-6] [] WARN  c.c.g.e.d.m.AutoCollectScheduler - AutoCollectScheduler 扫描失败: null
2026-10-06 03:56:48.084 [pool-2-thread-6] [] INFO  c.c.g.r.c.t.s.i.TaskManagementServiceImpl - 任务执行完成: taskId=e85196c1-59b4-4bc7-834e-5a71ec6ceb00, status=SUCCEEDED
2026-10-06 03:56:48.085 [pool-2-thread-6] [] INFO  c.c.g.r.c.t.s.TaskSchedulerServiceImpl - 定时任务已提交执行 taskId=e85196c1-59b4-4bc7-834e-5a71ec6ceb00 taskType=AUTO_COLLECT_SCAN scheduleId=5ec0f85a-1af7-4064-9ba5-713b4847ec50
2026-10-06 03:57:48.074 [pool-2-thread-6] [] INFO  c.c.g.r.c.t.s.i.TaskManagementServiceImpl - 任务已提交: taskId=e85196c1-59b4-4bc7-834e-5a71ec6ceb00, taskName=auto-collect-scan
2026-10-06 03:57:48.077 [pool-2-thread-6] [] INFO  c.c.g.r.c.t.s.i.TaskManagementServiceImpl - 任务已解析: taskId=e85196c1-59b4-4bc7-834e-5a71ec6ceb00
2026-10-06 03:57:48.080 [pool-2-thread-6] [] WARN  c.c.g.e.d.m.AutoCollectScheduler - AutoCollectScheduler 扫描失败: null
2026-10-06 03:57:48.081 [pool-2-thread-6] [] INFO  c.c.g.r.c.t.s.i.TaskManagementServiceImpl - 任务执行完成: taskId=e85196c1-59b4-4bc7-834e-5a71ec6ceb00, status=SUCCEEDED
2026-10-06 03:57:48.083 [pool-2-thread-6] [] INFO  c.c.g.r.c.t.s.TaskSchedulerServiceImpl - 定时任务已提交执行 taskId=e85196c1-59b4-4bc7-834e-5a71ec6ceb00 taskType=AUTO_COLLECT_SCAN scheduleId=5ec0f85a-1af7-4064-9ba5-713b4847ec50
2026-10-06 03:58:48.086 [pool-2-thread-6] [] INFO  c.c.g.r.c.t.s.i.TaskManagementServiceImpl - 任务已提交: taskId=e85196c1-59b4-4bc7-834e-5a71ec6ceb00, taskName=auto-collect-scan
2026-10-06 03:58:48.087 [pool-2-thread-6] [] INFO  c.c.g.r.c.t.s.i.TaskManagementServiceImpl - 任务已解析: taskId=e85196c1-59b4-4bc7-834e-5a71ec6ceb00
2026-10-06 03:58:48.089 [pool-2-thread-6] [] WARN  c.c.g.e.d.m.AutoCollectScheduler - AutoCollectScheduler 扫描失败: null
2026-10-06 03:58:48.090 [pool-2-thread-6] [] INFO  c.c.g.r.c.t.s.i.TaskManagementServiceImpl - 任务执行完成: taskId=e85196c1-59b4-4bc7-834e-5a71ec6ceb00, status=SUCCEEDED
2026-10-06 03:58:48.091 [pool-2-thread-6] [] INFO  c.c.g.r.c.t.s.TaskSchedulerServiceImpl - 定时任务已提交执行 taskId=e85196c1-59b4-4bc7-834e-5a71ec6ceb00 taskType=AUTO_COLLECT_SCAN scheduleId=5ec0f85a-1af7-4064-9ba5-713b4847ec50
2026-10-06 03:59:48.075 [pool-2-thread-6] [] INFO  c.c.g.r.c.t.s.i.TaskManagementServiceImpl - 任务已提交: taskId=e85196c1-59b4-4bc7-834e-5a71ec6ceb00, taskName=auto-collect-scan
2026-10-06 03:59:48.077 [pool-2-thread-6] [] INFO  c.c.g.r.c.t.s.i.TaskManagementServiceImpl - 任务已解析: taskId=e85196c1-59b4-4bc7-834e-5a71ec6ceb00
2026-10-06 03:59:48.079 [pool-2-thread-6] [] WARN  c.c.g.e.d.m.AutoCollectScheduler - AutoCollectScheduler 扫描失败: null
2026-10-06 03:59:48.081 [pool-2-thread-6] [] INFO  c.c.g.r.c.t.s.i.TaskManagementServiceImpl - 任务执行完成: taskId=e85196c1-59b4-4bc7-834e-5a71ec6ceb00, status=SUCCEEDED
2026-10-06 03:59:48.082 [pool-2-thread-6] [] INFO  c.c.g.r.c.t.s.TaskSchedulerServiceImpl - 定时任务已提交执行 taskId=e85196c1-59b4-4bc7-834e-5a71ec6ceb00 taskType=AUTO_COLLECT_SCAN scheduleId=5ec0f85a-1af7-4064-9ba5-713b4847ec50
2026-10-06 04:00:48.080 [pool-2-thread-6] [] INFO  c.c.g.r.c.t.s.i.TaskManagementServiceImpl - 任务已提交: taskId=e85196c1-59b4-4bc7-834e-5a71ec6ceb00, taskName=auto-collect-scan
2026-10-06 04:00:48.083 [pool-2-thread-6] [] INFO  c.c.g.r.c.t.s.i.TaskManagementServiceImpl - 任务已解析: taskId=e85196c1-59b4-4bc7-834e-5a71ec6ceb00
2026-10-06 04:00:48.084 [pool-2-thread-6] [] WARN  c.c.g.e.d.m.AutoCollectScheduler - AutoCollectScheduler 扫描失败: null
2026-10-06 04:00:48.085 [pool-2-thread-6] [] INFO  c.c.g.r.c.t.s.i.TaskManagementServiceImpl - 任务执行完成: taskId=e85196c1-59b4-4bc7-834e-5a71ec6ceb00, status=SUCCEEDED
2026-10-06 04:00:48.086 [pool-2-thread-6] [] INFO  c.c.g.r.c.t.s.TaskSchedulerServiceImpl - 定时任务已提交执行 taskId=e85196c1-59b4-4bc7-834e-5a71ec6ceb00 taskType=AUTO_COLLECT_SCAN scheduleId=5ec0f85a-1af7-4064-9ba5-713b4847ec50
2026-10-06 04:01:48.088 [pool-2-thread-6] [] INFO  c.c.g.r.c.t.s.i.TaskManagementServiceImpl - 任务已提交: taskId=e85196c1-59b4-4bc7-834e-5a71ec6ceb00, taskName=auto-collect-scan
2026-10-06 04:01:48.090 [pool-2-thread-6] [] INFO  c.c.g.r.c.t.s.i.TaskManagementServiceImpl - 任务已解析: taskId=e85196c1-59b4-4bc7-834e-5a71ec6ceb00
2026-10-06 04:01:48.093 [pool-2-thread-6] [] WARN  c.c.g.e.d.m.AutoCollectScheduler - AutoCollectScheduler 扫描失败: null
2026-10-06 04:01:48.093 [pool-2-thread-6] [] INFO  c.c.g.r.c.t.s.i.TaskManagementServiceImpl - 任务执行完成: taskId=e85196c1-59b4-4bc7-834e-5a71ec6ceb00, status=SUCCEEDED
2026-10-06 04:01:48.095 [pool-2-thread-6] [] INFO  c.c.g.r.c.t.s.TaskSchedulerServiceImpl - 定时任务已提交执行 taskId=e85196c1-59b4-4bc7-834e-5a71ec6ceb00 taskType=AUTO_COLLECT_SCAN scheduleId=5ec0f85a-1af7-4064-9ba5-713b4847ec50
2026-10-06 04:02:48.075 [pool-2-thread-6] [] INFO  c.c.g.r.c.t.s.i.TaskManagementServiceImpl - 任务已提交: taskId=e85196c1-59b4-4bc7-834e-5a71ec6ceb00, taskName=auto-collect-scan
2026-10-06 04:02:48.086 [pool-2-thread-6] [] INFO  c.c.g.r.c.t.s.i.TaskManagementServiceImpl - 任务已解析: taskId=e85196c1-59b4-4bc7-834e-5a71ec6ceb00
2026-10-06 04:02:48.088 [pool-2-thread-6] [] WARN  c.c.g.e.d.m.AutoCollectScheduler - AutoCollectScheduler 扫描失败: null
2026-10-06 04:02:48.089 [pool-2-thread-6] [] INFO  c.c.g.r.c.t.s.i.TaskManagementServiceImpl - 任务执行完成: taskId=e85196c1-59b4-4bc7-834e-5a71ec6ceb00, status=SUCCEEDED
2026-10-06 04:02:48.089 [pool-2-thread-6] [] INFO  c.c.g.r.c.t.s.TaskSchedulerServiceImpl - 定时任务已提交执行 taskId=e85196c1-59b4-4bc7-834e-5a71ec6ceb00 taskType=AUTO_COLLECT_SCAN scheduleId=5ec0f85a-1af7-4064-9ba5-713b4847ec50
2026-10-06 04:03:48.086 [pool-2-thread-6] [] INFO  c.c.g.r.c.t.s.i.TaskManagementServiceImpl - 任务已提交: taskId=e85196c1-59b4-4bc7-834e-5a71ec6ceb00, taskName=auto-collect-scan
2026-10-06 04:03:48.088 [pool-2-thread-6] [] INFO  c.c.g.r.c.t.s.i.TaskManagementServiceImpl - 任务已解析: taskId=e85196c1-59b4-4bc7-834e-5a71ec6ceb00
2026-10-06 04:03:48.089 [pool-2-thread-6] [] WARN  c.c.g.e.d.m.AutoCollectScheduler - AutoCollectScheduler 扫描失败: null
2026-10-06 04:03:48.091 [pool-2-thread-6] [] INFO  c.c.g.r.c.t.s.i.TaskManagementServiceImpl - 任务执行完成: taskId=e85196c1-59b4-4bc7-834e-5a71ec6ceb00, status=SUCCEEDED
2026-10-06 04:03:48.091 [pool-2-thread-6] [] INFO  c.c.g.r.c.t.s.TaskSchedulerServiceImpl - 定时任务已提交执行 taskId=e85196c1-59b4-4bc7-834e-5a71ec6ceb00 taskType=AUTO_COLLECT_SCAN scheduleId=5ec0f85a-1af7-4064-9ba5-713b4847ec50
2026-10-06 04:04:48.086 [pool-2-thread-6] [] INFO  c.c.g.r.c.t.s.i.TaskManagementServiceImpl - 任务已提交: taskId=e85196c1-59b4-4bc7-834e-5a71ec6ceb00, taskName=auto-collect-scan
2026-10-06 04:04:48.089 [pool-2-thread-6] [] INFO  c.c.g.r.c.t.s.i.TaskManagementServiceImpl - 任务已解析: taskId=e85196c1-59b4-4bc7-834e-5a71ec6ceb00
2026-10-06 04:04:48.090 [pool-2-thread-6] [] WARN  c.c.g.e.d.m.AutoCollectScheduler - AutoCollectScheduler 扫描失败: null
2026-10-06 04:04:48.092 [pool-2-thread-6] [] INFO  c.c.g.r.c.t.s.i.TaskManagementServiceImpl - 任务执行完成: taskId=e85196c1-59b4-4bc7-834e-5a71ec6ceb00, status=SUCCEEDED
2026-10-06 04:04:48.093 [pool-2-thread-6] [] INFO  c.c.g.r.c.t.s.TaskSchedulerServiceImpl - 定时任务已提交执行 taskId=e85196c1-59b4-4bc7-834e-5a71ec6ceb00 taskType=AUTO_COLLECT_SCAN scheduleId=5ec0f85a-1af7-4064-9ba5-713b4847ec50
2026-10-06 04:05:48.086 [pool-2-thread-6] [] INFO  c.c.g.r.c.t.s.i.TaskManagementServiceImpl - 任务已提交: taskId=e85196c1-59b4-4bc7-834e-5a71ec6ceb00, taskName=auto-collect-scan
2026-10-06 04:05:48.097 [pool-2-thread-6] [] INFO  c.c.g.r.c.t.s.i.TaskManagementServiceImpl - 任务已解析: taskId=e85196c1-59b4-4bc7-834e-5a71ec6ceb00
2026-10-06 04:05:48.098 [pool-2-thread-6] [] WARN  c.c.g.e.d.m.AutoCollectScheduler - AutoCollectScheduler 扫描失败: null
2026-10-06 04:05:48.099 [pool-2-thread-6] [] INFO  c.c.g.r.c.t.s.i.TaskManagementServiceImpl - 任务执行完成: taskId=e85196c1-59b4-4bc7-834e-5a71ec6ceb00, status=SUCCEEDED
2026-10-06 04:05:48.100 [pool-2-thread-6] [] INFO  c.c.g.r.c.t.s.TaskSchedulerServiceImpl - 定时任务已提交执行 taskId=e85196c1-59b4-4bc7-834e-5a71ec6ceb00 taskType=AUTO_COLLECT_SCAN scheduleId=5ec0f85a-1af7-4064-9ba5-713b4847ec50
2026-10-06 04:06:48.085 [pool-2-thread-6] [] INFO  c.c.g.r.c.t.s.i.TaskManagementServiceImpl - 任务已提交: taskId=e85196c1-59b4-4bc7-834e-5a71ec6ceb00, taskName=auto-collect-scan
2026-10-06 04:06:48.088 [pool-2-thread-6] [] INFO  c.c.g.r.c.t.s.i.TaskManagementServiceImpl - 任务已解析: taskId=e85196c1-59b4-4bc7-834e-5a71ec6ceb00
2026-10-06 04:06:48.091 [pool-2-thread-6] [] WARN  c.c.g.e.d.m.AutoCollectScheduler - AutoCollectScheduler 扫描失败: null
2026-10-06 04:06:48.092 [pool-2-thread-6] [] INFO  c.c.g.r.c.t.s.i.TaskManagementServiceImpl - 任务执行完成: taskId=e85196c1-59b4-4bc7-834e-5a71ec6ceb00, status=SUCCEEDED
2026-10-06 04:06:48.094 [pool-2-thread-6] [] INFO  c.c.g.r.c.t.s.TaskSchedulerServiceImpl - 定时任务已提交执行 taskId=e85196c1-59b4-4bc7-834e-5a71ec6ceb00 taskType=AUTO_COLLECT_SCAN scheduleId=5ec0f85a-1af7-4064-9ba5-713b4847ec50
2026-10-06 04:07:48.086 [pool-2-thread-6] [] INFO  c.c.g.r.c.t.s.i.TaskManagementServiceImpl - 任务已提交: taskId=e85196c1-59b4-4bc7-834e-5a71ec6ceb00, taskName=auto-collect-scan
2026-10-06 04:07:48.088 [pool-2-thread-6] [] INFO  c.c.g.r.c.t.s.i.TaskManagementServiceImpl - 任务已解析: taskId=e85196c1-59b4-4bc7-834e-5a71ec6ceb00
2026-10-06 04:07:48.089 [pool-2-thread-6] [] WARN  c.c.g.e.d.m.AutoCollectScheduler - AutoCollectScheduler 扫描失败: null
2026-10-06 04:07:48.091 [pool-2-thread-6] [] INFO  c.c.g.r.c.t.s.i.TaskManagementServiceImpl - 任务执行完成: taskId=e85196c1-59b4-4bc7-834e-5a71ec6ceb00, status=SUCCEEDED
2026-10-06 04:07:48.091 [pool-2-thread-6] [] INFO  c.c.g.r.c.t.s.TaskSchedulerServiceImpl - 定时任务已提交执行 taskId=e85196c1-59b4-4bc7-834e-5a71ec6ceb00 taskType=AUTO_COLLECT_SCAN scheduleId=5ec0f85a-1af7-4064-9ba5-713b4847ec50
2026-10-06 04:08:48.084 [pool-2-thread-6] [] INFO  c.c.g.r.c.t.s.i.TaskManagementServiceImpl - 任务已提交: taskId=e85196c1-59b4-4bc7-834e-5a71ec6ceb00, taskName=auto-collect-scan
2026-10-06 04:08:48.095 [pool-2-thread-6] [] INFO  c.c.g.r.c.t.s.i.TaskManagementServiceImpl - 任务已解析: taskId=e85196c1-59b4-4bc7-834e-5a71ec6ceb00
2026-10-06 04:08:48.097 [pool-2-thread-6] [] WARN  c.c.g.e.d.m.AutoCollectScheduler - AutoCollectScheduler 扫描失败: null
2026-10-06 04:08:48.098 [pool-2-thread-6] [] INFO  c.c.g.r.c.t.s.i.TaskManagementServiceImpl - 任务执行完成: taskId=e85196c1-59b4-4bc7-834e-5a71ec6ceb00, status=SUCCEEDED
2026-10-06 04:08:48.098 [pool-2-thread-6] [] INFO  c.c.g.r.c.t.s.TaskSchedulerServiceImpl - 定时任务已提交执行 taskId=e85196c1-59b4-4bc7-834e-5a71ec6ceb00 taskType=AUTO_COLLECT_SCAN scheduleId=5ec0f85a-1af7-4064-9ba5-713b4847ec50
2026-10-06 04:09:48.082 [pool-2-thread-6] [] INFO  c.c.g.r.c.t.s.i.TaskManagementServiceImpl - 任务已提交: taskId=e85196c1-59b4-4bc7-834e-5a71ec6ceb00, taskName=auto-collect-scan
2026-10-06 04:09:48.084 [pool-2-thread-6] [] INFO  c.c.g.r.c.t.s.i.TaskManagementServiceImpl - 任务已解析: taskId=e85196c1-59b4-4bc7-834e-5a71ec6ceb00
2026-10-06 04:09:48.086 [pool-2-thread-6] [] WARN  c.c.g.e.d.m.AutoCollectScheduler - AutoCollectScheduler 扫描失败: null
2026-10-06 04:09:48.088 [pool-2-thread-6] [] INFO  c.c.g.r.c.t.s.i.TaskManagementServiceImpl - 任务执行完成: taskId=e85196c1-59b4-4bc7-834e-5a71ec6ceb00, status=SUCCEEDED
2026-10-06 04:09:48.090 [pool-2-thread-6] [] INFO  c.c.g.r.c.t.s.TaskSchedulerServiceImpl - 定时任务已提交执行 taskId=e85196c1-59b4-4bc7-834e-5a71ec6ceb00 taskType=AUTO_COLLECT_SCAN scheduleId=5ec0f85a-1af7-4064-9ba5-713b4847ec50
2026-10-06 04:10:48.087 [pool-2-thread-6] [] INFO  c.c.g.r.c.t.s.i.TaskManagementServiceImpl - 任务已提交: taskId=e85196c1-59b4-4bc7-834e-5a71ec6ceb00, taskName=auto-collect-scan
2026-10-06 04:10:48.091 [pool-2-thread-6] [] INFO  c.c.g.r.c.t.s.i.TaskManagementServiceImpl - 任务已解析: taskId=e85196c1-59b4-4bc7-834e-5a71ec6ceb00
2026-10-06 04:10:48.093 [pool-2-thread-6] [] WARN  c.c.g.e.d.m.AutoCollectScheduler - AutoCollectScheduler 扫描失败: null
2026-10-06 04:10:48.094 [pool-2-thread-6] [] INFO  c.c.g.r.c.t.s.i.TaskManagementServiceImpl - 任务执行完成: taskId=e85196c1-59b4-4bc7-834e-5a71ec6ceb00, status=SUCCEEDED
2026-10-06 04:10:48.095 [pool-2-thread-6] [] INFO  c.c.g.r.c.t.s.TaskSchedulerServiceImpl - 定时任务已提交执行 taskId=e85196c1-59b4-4bc7-834e-5a71ec6ceb00 taskType=AUTO_COLLECT_SCAN scheduleId=5ec0f85a-1af7-4064-9ba5-713b4847ec50
2026-10-06 04:11:48.079 [pool-2-thread-6] [] INFO  c.c.g.r.c.t.s.i.TaskManagementServiceImpl - 任务已提交: taskId=e85196c1-59b4-4bc7-834e-5a71ec6ceb00, taskName=auto-collect-scan
2026-10-06 04:11:48.081 [pool-2-thread-6] [] INFO  c.c.g.r.c.t.s.i.TaskManagementServiceImpl - 任务已解析: taskId=e85196c1-59b4-4bc7-834e-5a71ec6ceb00
2026-10-06 04:11:48.083 [pool-2-thread-6] [] WARN  c.c.g.e.d.m.AutoCollectScheduler - AutoCollectScheduler 扫描失败: null
2026-10-06 04:11:48.084 [pool-2-thread-6] [] INFO  c.c.g.r.c.t.s.i.TaskManagementServiceImpl - 任务执行完成: taskId=e85196c1-59b4-4bc7-834e-5a71ec6ceb00, status=SUCCEEDED
2026-10-06 04:11:48.085 [pool-2-thread-6] [] INFO  c.c.g.r.c.t.s.TaskSchedulerServiceImpl - 定时任务已提交执行 taskId=e85196c1-59b4-4bc7-834e-5a71ec6ceb00 taskType=AUTO_COLLECT_SCAN scheduleId=5ec0f85a-1af7-4064-9ba5-713b4847ec50
2026-10-06 04:12:48.081 [pool-2-thread-6] [] INFO  c.c.g.r.c.t.s.i.TaskManagementServiceImpl - 任务已提交: taskId=e85196c1-59b4-4bc7-834e-5a71ec6ceb00, taskName=auto-collect-scan
2026-10-06 04:12:48.082 [pool-2-thread-6] [] INFO  c.c.g.r.c.t.s.i.TaskManagementServiceImpl - 任务已解析: taskId=e85196c1-59b4-4bc7-834e-5a71ec6ceb00
2026-10-06 04:12:48.084 [pool-2-thread-6] [] WARN  c.c.g.e.d.m.AutoCollectScheduler - AutoCollectScheduler 扫描失败: null
2026-10-06 04:12:48.085 [pool-2-thread-6] [] INFO  c.c.g.r.c.t.s.i.TaskManagementServiceImpl - 任务执行完成: taskId=e85196c1-59b4-4bc7-834e-5a71ec6ceb00, status=SUCCEEDED
2026-10-06 04:12:48.086 [pool-2-thread-6] [] INFO  c.c.g.r.c.t.s.TaskSchedulerServiceImpl - 定时任务已提交执行 taskId=e85196c1-59b4-4bc7-834e-5a71ec6ceb00 taskType=AUTO_COLLECT_SCAN scheduleId=5ec0f85a-1af7-4064-9ba5-713b4847ec50
2026-10-06 04:13:48.075 [pool-2-thread-6] [] INFO  c.c.g.r.c.t.s.i.TaskManagementServiceImpl - 任务已提交: taskId=e85196c1-59b4-4bc7-834e-5a71ec6ceb00, taskName=auto-collect-scan
2026-10-06 04:13:48.078 [pool-2-thread-6] [] INFO  c.c.g.r.c.t.s.i.TaskManagementServiceImpl - 任务已解析: taskId=e85196c1-59b4-4bc7-834e-5a71ec6ceb00
2026-10-06 04:13:48.081 [pool-2-thread-6] [] WARN  c.c.g.e.d.m.AutoCollectScheduler - AutoCollectScheduler 扫描失败: null
2026-10-06 04:13:48.082 [pool-2-thread-6] [] INFO  c.c.g.r.c.t.s.i.TaskManagementServiceImpl - 任务执行完成: taskId=e85196c1-59b4-4bc7-834e-5a71ec6ceb00, status=SUCCEEDED
2026-10-06 04:13:48.084 [pool-2-thread-6] [] INFO  c.c.g.r.c.t.s.TaskSchedulerServiceImpl - 定时任务已提交执行 taskId=e85196c1-59b4-4bc7-834e-5a71ec6ceb00 taskType=AUTO_COLLECT_SCAN scheduleId=5ec0f85a-1af7-4064-9ba5-713b4847ec50
2026-10-06 04:14:48.080 [pool-2-thread-6] [] INFO  c.c.g.r.c.t.s.i.TaskManagementServiceImpl - 任务已提交: taskId=e85196c1-59b4-4bc7-834e-5a71ec6ceb00, taskName=auto-collect-scan
2026-10-06 04:14:48.091 [pool-2-thread-6] [] INFO  c.c.g.r.c.t.s.i.TaskManagementServiceImpl - 任务已解析: taskId=e85196c1-59b4-4bc7-834e-5a71ec6ceb00
2026-10-06 04:14:48.094 [pool-2-thread-6] [] WARN  c.c.g.e.d.m.AutoCollectScheduler - AutoCollectScheduler 扫描失败: null
2026-10-06 04:14:48.096 [pool-2-thread-6] [] INFO  c.c.g.r.c.t.s.i.TaskManagementServiceImpl - 任务执行完成: taskId=e85196c1-59b4-4bc7-834e-5a71ec6ceb00, status=SUCCEEDED
2026-10-06 04:14:48.099 [pool-2-thread-6] [] INFO  c.c.g.r.c.t.s.TaskSchedulerServiceImpl - 定时任务已提交执行 taskId=e85196c1-59b4-4bc7-834e-5a71ec6ceb00 taskType=AUTO_COLLECT_SCAN scheduleId=5ec0f85a-1af7-4064-9ba5-713b4847ec50
2026-10-06 04:15:48.073 [pool-2-thread-6] [] INFO  c.c.g.r.c.t.s.i.TaskManagementServiceImpl - 任务已提交: taskId=e85196c1-59b4-4bc7-834e-5a71ec6ceb00, taskName=auto-collect-scan
2026-10-06 04:15:48.084 [pool-2-thread-6] [] INFO  c.c.g.r.c.t.s.i.TaskManagementServiceImpl - 任务已解析: taskId=e85196c1-59b4-4bc7-834e-5a71ec6ceb00
2026-10-06 04:15:48.085 [pool-2-thread-6] [] WARN  c.c.g.e.d.m.AutoCollectScheduler - AutoCollectScheduler 扫描失败: null
2026-10-06 04:15:48.087 [pool-2-thread-6] [] INFO  c.c.g.r.c.t.s.i.TaskManagementServiceImpl - 任务执行完成: taskId=e85196c1-59b4-4bc7-834e-5a71ec6ceb00, status=SUCCEEDED
2026-10-06 04:15:48.088 [pool-2-thread-6] [] INFO  c.c.g.r.c.t.s.TaskSchedulerServiceImpl - 定时任务已提交执行 taskId=e85196c1-59b4-4bc7-834e-5a71ec6ceb00 taskType=AUTO_COLLECT_SCAN scheduleId=5ec0f85a-1af7-4064-9ba5-713b4847ec50
2026-10-06 04:16:48.084 [pool-2-thread-6] [] INFO  c.c.g.r.c.t.s.i.TaskManagementServiceImpl - 任务已提交: taskId=e85196c1-59b4-4bc7-834e-5a71ec6ceb00, taskName=auto-collect-scan
2026-10-06 04:16:48.095 [pool-2-thread-6] [] INFO  c.c.g.r.c.t.s.i.TaskManagementServiceImpl - 任务已解析: taskId=e85196c1-59b4-4bc7-834e-5a71ec6ceb00
2026-10-06 04:16:48.096 [pool-2-thread-6] [] WARN  c.c.g.e.d.m.AutoCollectScheduler - AutoCollectScheduler 扫描失败: null
2026-10-06 04:16:48.097 [pool-2-thread-6] [] INFO  c.c.g.r.c.t.s.i.TaskManagementServiceImpl - 任务执行完成: taskId=e85196c1-59b4-4bc7-834e-5a71ec6ceb00, status=SUCCEEDED
2026-10-06 04:16:48.098 [pool-2-thread-6] [] INFO  c.c.g.r.c.t.s.TaskSchedulerServiceImpl - 定时任务已提交执行 taskId=e85196c1-59b4-4bc7-834e-5a71ec6ceb00 taskType=AUTO_COLLECT_SCAN scheduleId=5ec0f85a-1af7-4064-9ba5-713b4847ec50
2026-10-06 04:17:48.076 [pool-2-thread-6] [] INFO  c.c.g.r.c.t.s.i.TaskManagementServiceImpl - 任务已提交: taskId=e85196c1-59b4-4bc7-834e-5a71ec6ceb00, taskName=auto-collect-scan
2026-10-06 04:17:48.079 [pool-2-thread-6] [] INFO  c.c.g.r.c.t.s.i.TaskManagementServiceImpl - 任务已解析: taskId=e85196c1-59b4-4bc7-834e-5a71ec6ceb00
2026-10-06 04:17:48.081 [pool-2-thread-6] [] WARN  c.c.g.e.d.m.AutoCollectScheduler - AutoCollectScheduler 扫描失败: null
2026-10-06 04:17:48.082 [pool-2-thread-6] [] INFO  c.c.g.r.c.t.s.i.TaskManagementServiceImpl - 任务执行完成: taskId=e85196c1-59b4-4bc7-834e-5a71ec6ceb00, status=SUCCEEDED
2026-10-06 04:17:48.083 [pool-2-thread-6] [] INFO  c.c.g.r.c.t.s.TaskSchedulerServiceImpl - 定时任务已提交执行 taskId=e85196c1-59b4-4bc7-834e-5a71ec6ceb00 taskType=AUTO_COLLECT_SCAN scheduleId=5ec0f85a-1af7-4064-9ba5-713b4847ec50
2026-10-06 04:18:48.075 [pool-2-thread-6] [] INFO  c.c.g.r.c.t.s.i.TaskManagementServiceImpl - 任务已提交: taskId=e85196c1-59b4-4bc7-834e-5a71ec6ceb00, taskName=auto-collect-scan
2026-10-06 04:18:48.085 [pool-2-thread-6] [] INFO  c.c.g.r.c.t.s.i.TaskManagementServiceImpl - 任务已解析: taskId=e85196c1-59b4-4bc7-834e-5a71ec6ceb00
2026-10-06 04:18:48.087 [pool-2-thread-6] [] WARN  c.c.g.e.d.m.AutoCollectScheduler - AutoCollectScheduler 扫描失败: null
2026-10-06 04:18:48.088 [pool-2-thread-6] [] INFO  c.c.g.r.c.t.s.i.TaskManagementServiceImpl - 任务执行完成: taskId=e85196c1-59b4-4bc7-834e-5a71ec6ceb00, status=SUCCEEDED
2026-10-06 04:18:48.089 [pool-2-thread-6] [] INFO  c.c.g.r.c.t.s.TaskSchedulerServiceImpl - 定时任务已提交执行 taskId=e85196c1-59b4-4bc7-834e-5a71ec6ceb00 taskType=AUTO_COLLECT_SCAN scheduleId=5ec0f85a-1af7-4064-9ba5-713b4847ec50
2026-10-06 04:19:48.080 [pool-2-thread-6] [] INFO  c.c.g.r.c.t.s.i.TaskManagementServiceImpl - 任务已提交: taskId=e85196c1-59b4-4bc7-834e-5a71ec6ceb00, taskName=auto-collect-scan
2026-10-06 04:19:48.082 [pool-2-thread-6] [] INFO  c.c.g.r.c.t.s.i.TaskManagementServiceImpl - 任务已解析: taskId=e85196c1-59b4-4bc7-834e-5a71ec6ceb00
2026-10-06 04:19:48.083 [pool-2-thread-6] [] WARN  c.c.g.e.d.m.AutoCollectScheduler - AutoCollectScheduler 扫描失败: null
2026-10-06 04:19:48.084 [pool-2-thread-6] [] INFO  c.c.g.r.c.t.s.i.TaskManagementServiceImpl - 任务执行完成: taskId=e85196c1-59b4-4bc7-834e-5a71ec6ceb00, status=SUCCEEDED
2026-10-06 04:19:48.085 [pool-2-thread-6] [] INFO  c.c.g.r.c.t.s.TaskSchedulerServiceImpl - 定时任务已提交执行 taskId=e85196c1-59b4-4bc7-834e-5a71ec6ceb00 taskType=AUTO_COLLECT_SCAN scheduleId=5ec0f85a-1af7-4064-9ba5-713b4847ec50
2026-10-06 04:20:48.080 [pool-2-thread-6] [] INFO  c.c.g.r.c.t.s.i.TaskManagementServiceImpl - 任务已提交: taskId=e85196c1-59b4-4bc7-834e-5a71ec6ceb00, taskName=auto-collect-scan
2026-10-06 04:20:48.082 [pool-2-thread-6] [] INFO  c.c.g.r.c.t.s.i.TaskManagementServiceImpl - 任务已解析: taskId=e85196c1-59b4-4bc7-834e-5a71ec6ceb00
2026-10-06 04:20:48.085 [pool-2-thread-6] [] WARN  c.c.g.e.d.m.AutoCollectScheduler - AutoCollectScheduler 扫描失败: null
2026-10-06 04:20:48.088 [pool-2-thread-6] [] INFO  c.c.g.r.c.t.s.i.TaskManagementServiceImpl - 任务执行完成: taskId=e85196c1-59b4-4bc7-834e-5a71ec6ceb00, status=SUCCEEDED
2026-10-06 04:20:48.090 [pool-2-thread-6] [] INFO  c.c.g.r.c.t.s.TaskSchedulerServiceImpl - 定时任务已提交执行 taskId=e85196c1-59b4-4bc7-834e-5a71ec6ceb00 taskType=AUTO_COLLECT_SCAN scheduleId=5ec0f85a-1af7-4064-9ba5-713b4847ec50
2026-10-06 04:21:48.089 [pool-2-thread-6] [] INFO  c.c.g.r.c.t.s.i.TaskManagementServiceImpl - 任务已提交: taskId=e85196c1-59b4-4bc7-834e-5a71ec6ceb00, taskName=auto-collect-scan
2026-10-06 04:21:48.092 [pool-2-thread-6] [] INFO  c.c.g.r.c.t.s.i.TaskManagementServiceImpl - 任务已解析: taskId=e85196c1-59b4-4bc7-834e-5a71ec6ceb00
2026-10-06 04:21:48.096 [pool-2-thread-6] [] WARN  c.c.g.e.d.m.AutoCollectScheduler - AutoCollectScheduler 扫描失败: null
2026-10-06 04:21:48.098 [pool-2-thread-6] [] INFO  c.c.g.r.c.t.s.i.TaskManagementServiceImpl - 任务执行完成: taskId=e85196c1-59b4-4bc7-834e-5a71ec6ceb00, status=SUCCEEDED
2026-10-06 04:21:48.100 [pool-2-thread-6] [] INFO  c.c.g.r.c.t.s.TaskSchedulerServiceImpl - 定时任务已提交执行 taskId=e85196c1-59b4-4bc7-834e-5a71ec6ceb00 taskType=AUTO_COLLECT_SCAN scheduleId=5ec0f85a-1af7-4064-9ba5-713b4847ec50
2026-10-06 04:22:48.079 [pool-2-thread-6] [] INFO  c.c.g.r.c.t.s.i.TaskManagementServiceImpl - 任务已提交: taskId=e85196c1-59b4-4bc7-834e-5a71ec6ceb00, taskName=auto-collect-scan
2026-10-06 04:22:48.081 [pool-2-thread-6] [] INFO  c.c.g.r.c.t.s.i.TaskManagementServiceImpl - 任务已解析: taskId=e85196c1-59b4-4bc7-834e-5a71ec6ceb00
2026-10-06 04:22:48.084 [pool-2-thread-6] [] WARN  c.c.g.e.d.m.AutoCollectScheduler - AutoCollectScheduler 扫描失败: null
2026-10-06 04:22:48.086 [pool-2-thread-6] [] INFO  c.c.g.r.c.t.s.i.TaskManagementServiceImpl - 任务执行完成: taskId=e85196c1-59b4-4bc7-834e-5a71ec6ceb00, status=SUCCEEDED
2026-10-06 04:22:48.088 [pool-2-thread-6] [] INFO  c.c.g.r.c.t.s.TaskSchedulerServiceImpl - 定时任务已提交执行 taskId=e85196c1-59b4-4bc7-834e-5a71ec6ceb00 taskType=AUTO_COLLECT_SCAN scheduleId=5ec0f85a-1af7-4064-9ba5-713b4847ec50
2026-10-06 04:23:48.085 [pool-2-thread-6] [] INFO  c.c.g.r.c.t.s.i.TaskManagementServiceImpl - 任务已提交: taskId=e85196c1-59b4-4bc7-834e-5a71ec6ceb00, taskName=auto-collect-scan
2026-10-06 04:23:48.087 [pool-2-thread-6] [] INFO  c.c.g.r.c.t.s.i.TaskManagementServiceImpl - 任务已解析: taskId=e85196c1-59b4-4bc7-834e-5a71ec6ceb00
2026-10-06 04:23:48.090 [pool-2-thread-6] [] WARN  c.c.g.e.d.m.AutoCollectScheduler - AutoCollectScheduler 扫描失败: null
2026-10-06 04:23:48.092 [pool-2-thread-6] [] INFO  c.c.g.r.c.t.s.i.TaskManagementServiceImpl - 任务执行完成: taskId=e85196c1-59b4-4bc7-834e-5a71ec6ceb00, status=SUCCEEDED
2026-10-06 04:23:48.093 [pool-2-thread-6] [] INFO  c.c.g.r.c.t.s.TaskSchedulerServiceImpl - 定时任务已提交执行 taskId=e85196c1-59b4-4bc7-834e-5a71ec6ceb00 taskType=AUTO_COLLECT_SCAN scheduleId=5ec0f85a-1af7-4064-9ba5-713b4847ec50
2026-10-06 04:24:48.086 [pool-2-thread-6] [] INFO  c.c.g.r.c.t.s.i.TaskManagementServiceImpl - 任务已提交: taskId=e85196c1-59b4-4bc7-834e-5a71ec6ceb00, taskName=auto-collect-scan
2026-10-06 04:24:48.090 [pool-2-thread-6] [] INFO  c.c.g.r.c.t.s.i.TaskManagementServiceImpl - 任务已解析: taskId=e85196c1-59b4-4bc7-834e-5a71ec6ceb00
2026-10-06 04:24:48.093 [pool-2-thread-6] [] WARN  c.c.g.e.d.m.AutoCollectScheduler - AutoCollectScheduler 扫描失败: null
2026-10-06 04:24:48.095 [pool-2-thread-6] [] INFO  c.c.g.r.c.t.s.i.TaskManagementServiceImpl - 任务执行完成: taskId=e85196c1-59b4-4bc7-834e-5a71ec6ceb00, status=SUCCEEDED
2026-10-06 04:24:48.098 [pool-2-thread-6] [] INFO  c.c.g.r.c.t.s.TaskSchedulerServiceImpl - 定时任务已提交执行 taskId=e85196c1-59b4-4bc7-834e-5a71ec6ceb00 taskType=AUTO_COLLECT_SCAN scheduleId=5ec0f85a-1af7-4064-9ba5-713b4847ec50
2026-10-06 04:25:48.076 [pool-2-thread-6] [] INFO  c.c.g.r.c.t.s.i.TaskManagementServiceImpl - 任务已提交: taskId=e85196c1-59b4-4bc7-834e-5a71ec6ceb00, taskName=auto-collect-scan
2026-10-06 04:25:48.077 [pool-2-thread-6] [] INFO  c.c.g.r.c.t.s.i.TaskManagementServiceImpl - 任务已解析: taskId=e85196c1-59b4-4bc7-834e-5a71ec6ceb00
2026-10-06 04:25:48.078 [pool-2-thread-6] [] WARN  c.c.g.e.d.m.AutoCollectScheduler - AutoCollectScheduler 扫描失败: null
2026-10-06 04:25:48.081 [pool-2-thread-6] [] INFO  c.c.g.r.c.t.s.i.TaskManagementServiceImpl - 任务执行完成: taskId=e85196c1-59b4-4bc7-834e-5a71ec6ceb00, status=SUCCEEDED
2026-10-06 04:25:48.082 [pool-2-thread-6] [] INFO  c.c.g.r.c.t.s.TaskSchedulerServiceImpl - 定时任务已提交执行 taskId=e85196c1-59b4-4bc7-834e-5a71ec6ceb00 taskType=AUTO_COLLECT_SCAN scheduleId=5ec0f85a-1af7-4064-9ba5-713b4847ec50
2026-10-06 04:26:48.082 [pool-2-thread-6] [] INFO  c.c.g.r.c.t.s.i.TaskManagementServiceImpl - 任务已提交: taskId=e85196c1-59b4-4bc7-834e-5a71ec6ceb00, taskName=auto-collect-scan
2026-10-06 04:26:48.085 [pool-2-thread-6] [] INFO  c.c.g.r.c.t.s.i.TaskManagementServiceImpl - 任务已解析: taskId=e85196c1-59b4-4bc7-834e-5a71ec6ceb00
2026-10-06 04:26:48.088 [pool-2-thread-6] [] WARN  c.c.g.e.d.m.AutoCollectScheduler - AutoCollectScheduler 扫描失败: null
2026-10-06 04:26:48.089 [pool-2-thread-6] [] INFO  c.c.g.r.c.t.s.i.TaskManagementServiceImpl - 任务执行完成: taskId=e85196c1-59b4-4bc7-834e-5a71ec6ceb00, status=SUCCEEDED
2026-10-06 04:26:48.091 [pool-2-thread-6] [] INFO  c.c.g.r.c.t.s.TaskSchedulerServiceImpl - 定时任务已提交执行 taskId=e85196c1-59b4-4bc7-834e-5a71ec6ceb00 taskType=AUTO_COLLECT_SCAN scheduleId=5ec0f85a-1af7-4064-9ba5-713b4847ec50
2026-10-06 04:27:48.089 [pool-2-thread-6] [] INFO  c.c.g.r.c.t.s.i.TaskManagementServiceImpl - 任务已提交: taskId=e85196c1-59b4-4bc7-834e-5a71ec6ceb00, taskName=auto-collect-scan
2026-10-06 04:27:48.098 [pool-2-thread-6] [] INFO  c.c.g.r.c.t.s.i.TaskManagementServiceImpl - 任务已解析: taskId=e85196c1-59b4-4bc7-834e-5a71ec6ceb00
2026-10-06 04:27:48.106 [pool-2-thread-6] [] WARN  c.c.g.e.d.m.AutoCollectScheduler - AutoCollectScheduler 扫描失败: null
2026-10-06 04:27:48.114 [pool-2-thread-6] [] INFO  c.c.g.r.c.t.s.i.TaskManagementServiceImpl - 任务执行完成: taskId=e85196c1-59b4-4bc7-834e-5a71ec6ceb00, status=SUCCEEDED
2026-10-06 04:27:48.121 [pool-2-thread-6] [] INFO  c.c.g.r.c.t.s.TaskSchedulerServiceImpl - 定时任务已提交执行 taskId=e85196c1-59b4-4bc7-834e-5a71ec6ceb00 taskType=AUTO_COLLECT_SCAN scheduleId=5ec0f85a-1af7-4064-9ba5-713b4847ec50
2026-10-06 04:28:48.074 [pool-2-thread-6] [] INFO  c.c.g.r.c.t.s.i.TaskManagementServiceImpl - 任务已提交: taskId=e85196c1-59b4-4bc7-834e-5a71ec6ceb00, taskName=auto-collect-scan
2026-10-06 04:28:48.076 [pool-2-thread-6] [] INFO  c.c.g.r.c.t.s.i.TaskManagementServiceImpl - 任务已解析: taskId=e85196c1-59b4-4bc7-834e-5a71ec6ceb00
2026-10-06 04:28:48.079 [pool-2-thread-6] [] WARN  c.c.g.e.d.m.AutoCollectScheduler - AutoCollectScheduler 扫描失败: null
2026-10-06 04:28:48.080 [pool-2-thread-6] [] INFO  c.c.g.r.c.t.s.i.TaskManagementServiceImpl - 任务执行完成: taskId=e85196c1-59b4-4bc7-834e-5a71ec6ceb00, status=SUCCEEDED
2026-10-06 04:28:48.081 [pool-2-thread-6] [] INFO  c.c.g.r.c.t.s.TaskSchedulerServiceImpl - 定时任务已提交执行 taskId=e85196c1-59b4-4bc7-834e-5a71ec6ceb00 taskType=AUTO_COLLECT_SCAN scheduleId=5ec0f85a-1af7-4064-9ba5-713b4847ec50
2026-10-06 04:29:48.087 [pool-2-thread-6] [] INFO  c.c.g.r.c.t.s.i.TaskManagementServiceImpl - 任务已提交: taskId=e85196c1-59b4-4bc7-834e-5a71ec6ceb00, taskName=auto-collect-scan
2026-10-06 04:29:48.091 [pool-2-thread-6] [] INFO  c.c.g.r.c.t.s.i.TaskManagementServiceImpl - 任务已解析: taskId=e85196c1-59b4-4bc7-834e-5a71ec6ceb00
2026-10-06 04:29:48.093 [pool-2-thread-6] [] WARN  c.c.g.e.d.m.AutoCollectScheduler - AutoCollectScheduler 扫描失败: null
2026-10-06 04:29:48.095 [pool-2-thread-6] [] INFO  c.c.g.r.c.t.s.i.TaskManagementServiceImpl - 任务执行完成: taskId=e85196c1-59b4-4bc7-834e-5a71ec6ceb00, status=SUCCEEDED
2026-10-06 04:29:48.096 [pool-2-thread-6] [] INFO  c.c.g.r.c.t.s.TaskSchedulerServiceImpl - 定时任务已提交执行 taskId=e85196c1-59b4-4bc7-834e-5a71ec6ceb00 taskType=AUTO_COLLECT_SCAN scheduleId=5ec0f85a-1af7-4064-9ba5-713b4847ec50
2026-10-06 04:30:48.079 [pool-2-thread-6] [] INFO  c.c.g.r.c.t.s.i.TaskManagementServiceImpl - 任务已提交: taskId=e85196c1-59b4-4bc7-834e-5a71ec6ceb00, taskName=auto-collect-scan
2026-10-06 04:30:48.081 [pool-2-thread-6] [] INFO  c.c.g.r.c.t.s.i.TaskManagementServiceImpl - 任务已解析: taskId=e85196c1-59b4-4bc7-834e-5a71ec6ceb00
2026-10-06 04:30:48.082 [pool-2-thread-6] [] WARN  c.c.g.e.d.m.AutoCollectScheduler - AutoCollectScheduler 扫描失败: null
2026-10-06 04:30:48.083 [pool-2-thread-6] [] INFO  c.c.g.r.c.t.s.i.TaskManagementServiceImpl - 任务执行完成: taskId=e85196c1-59b4-4bc7-834e-5a71ec6ceb00, status=SUCCEEDED
2026-10-06 04:30:48.084 [pool-2-thread-6] [] INFO  c.c.g.r.c.t.s.TaskSchedulerServiceImpl - 定时任务已提交执行 taskId=e85196c1-59b4-4bc7-834e-5a71ec6ceb00 taskType=AUTO_COLLECT_SCAN scheduleId=5ec0f85a-1af7-4064-9ba5-713b4847ec50
2026-10-06 04:31:48.078 [pool-2-thread-6] [] INFO  c.c.g.r.c.t.s.i.TaskManagementServiceImpl - 任务已提交: taskId=e85196c1-59b4-4bc7-834e-5a71ec6ceb00, taskName=auto-collect-scan
2026-10-06 04:31:48.080 [pool-2-thread-6] [] INFO  c.c.g.r.c.t.s.i.TaskManagementServiceImpl - 任务已解析: taskId=e85196c1-59b4-4bc7-834e-5a71ec6ceb00
2026-10-06 04:31:48.082 [pool-2-thread-6] [] WARN  c.c.g.e.d.m.AutoCollectScheduler - AutoCollectScheduler 扫描失败: null
2026-10-06 04:31:48.083 [pool-2-thread-6] [] INFO  c.c.g.r.c.t.s.i.TaskManagementServiceImpl - 任务执行完成: taskId=e85196c1-59b4-4bc7-834e-5a71ec6ceb00, status=SUCCEEDED
2026-10-06 04:31:48.084 [pool-2-thread-6] [] INFO  c.c.g.r.c.t.s.TaskSchedulerServiceImpl - 定时任务已提交执行 taskId=e85196c1-59b4-4bc7-834e-5a71ec6ceb00 taskType=AUTO_COLLECT_SCAN scheduleId=5ec0f85a-1af7-4064-9ba5-713b4847ec50
2026-10-06 04:32:48.078 [pool-2-thread-6] [] INFO  c.c.g.r.c.t.s.i.TaskManagementServiceImpl - 任务已提交: taskId=e85196c1-59b4-4bc7-834e-5a71ec6ceb00, taskName=auto-collect-scan
2026-10-06 04:32:48.084 [pool-2-thread-6] [] INFO  c.c.g.r.c.t.s.i.TaskManagementServiceImpl - 任务已解析: taskId=e85196c1-59b4-4bc7-834e-5a71ec6ceb00
2026-10-06 04:32:48.088 [pool-2-thread-6] [] WARN  c.c.g.e.d.m.AutoCollectScheduler - AutoCollectScheduler 扫描失败: null
2026-10-06 04:32:48.091 [pool-2-thread-6] [] INFO  c.c.g.r.c.t.s.i.TaskManagementServiceImpl - 任务执行完成: taskId=e85196c1-59b4-4bc7-834e-5a71ec6ceb00, status=SUCCEEDED
2026-10-06 04:32:48.093 [pool-2-thread-6] [] INFO  c.c.g.r.c.t.s.TaskSchedulerServiceImpl - 定时任务已提交执行 taskId=e85196c1-59b4-4bc7-834e-5a71ec6ceb00 taskType=AUTO_COLLECT_SCAN scheduleId=5ec0f85a-1af7-4064-9ba5-713b4847ec50
2026-10-06 04:33:48.085 [pool-2-thread-6] [] INFO  c.c.g.r.c.t.s.i.TaskManagementServiceImpl - 任务已提交: taskId=e85196c1-59b4-4bc7-834e-5a71ec6ceb00, taskName=auto-collect-scan
2026-10-06 04:33:48.087 [pool-2-thread-6] [] INFO  c.c.g.r.c.t.s.i.TaskManagementServiceImpl - 任务已解析: taskId=e85196c1-59b4-4bc7-834e-5a71ec6ceb00
2026-10-06 04:33:48.089 [pool-2-thread-6] [] WARN  c.c.g.e.d.m.AutoCollectScheduler - AutoCollectScheduler 扫描失败: null
2026-10-06 04:33:48.091 [pool-2-thread-6] [] INFO  c.c.g.r.c.t.s.i.TaskManagementServiceImpl - 任务执行完成: taskId=e85196c1-59b4-4bc7-834e-5a71ec6ceb00, status=SUCCEEDED
2026-10-06 04:33:48.093 [pool-2-thread-6] [] INFO  c.c.g.r.c.t.s.TaskSchedulerServiceImpl - 定时任务已提交执行 taskId=e85196c1-59b4-4bc7-834e-5a71ec6ceb00 taskType=AUTO_COLLECT_SCAN scheduleId=5ec0f85a-1af7-4064-9ba5-713b4847ec50
2026-10-06 04:34:48.078 [pool-2-thread-6] [] INFO  c.c.g.r.c.t.s.i.TaskManagementServiceImpl - 任务已提交: taskId=e85196c1-59b4-4bc7-834e-5a71ec6ceb00, taskName=auto-collect-scan
2026-10-06 04:34:48.080 [pool-2-thread-6] [] INFO  c.c.g.r.c.t.s.i.TaskManagementServiceImpl - 任务已解析: taskId=e85196c1-59b4-4bc7-834e-5a71ec6ceb00
2026-10-06 04:34:48.082 [pool-2-thread-6] [] WARN  c.c.g.e.d.m.AutoCollectScheduler - AutoCollectScheduler 扫描失败: null
2026-10-06 04:34:48.083 [pool-2-thread-6] [] INFO  c.c.g.r.c.t.s.i.TaskManagementServiceImpl - 任务执行完成: taskId=e85196c1-59b4-4bc7-834e-5a71ec6ceb00, status=SUCCEEDED
2026-10-06 04:34:48.084 [pool-2-thread-6] [] INFO  c.c.g.r.c.t.s.TaskSchedulerServiceImpl - 定时任务已提交执行 taskId=e85196c1-59b4-4bc7-834e-5a71ec6ceb00 taskType=AUTO_COLLECT_SCAN scheduleId=5ec0f85a-1af7-4064-9ba5-713b4847ec50
2026-10-06 04:35:48.076 [pool-2-thread-6] [] INFO  c.c.g.r.c.t.s.i.TaskManagementServiceImpl - 任务已提交: taskId=e85196c1-59b4-4bc7-834e-5a71ec6ceb00, taskName=auto-collect-scan
2026-10-06 04:35:48.079 [pool-2-thread-6] [] INFO  c.c.g.r.c.t.s.i.TaskManagementServiceImpl - 任务已解析: taskId=e85196c1-59b4-4bc7-834e-5a71ec6ceb00
2026-10-06 04:35:48.082 [pool-2-thread-6] [] WARN  c.c.g.e.d.m.AutoCollectScheduler - AutoCollectScheduler 扫描失败: null
2026-10-06 04:35:48.084 [pool-2-thread-6] [] INFO  c.c.g.r.c.t.s.i.TaskManagementServiceImpl - 任务执行完成: taskId=e85196c1-59b4-4bc7-834e-5a71ec6ceb00, status=SUCCEEDED
2026-10-06 04:35:48.085 [pool-2-thread-6] [] INFO  c.c.g.r.c.t.s.TaskSchedulerServiceImpl - 定时任务已提交执行 taskId=e85196c1-59b4-4bc7-834e-5a71ec6ceb00 taskType=AUTO_COLLECT_SCAN scheduleId=5ec0f85a-1af7-4064-9ba5-713b4847ec50
2026-10-06 04:36:48.086 [pool-2-thread-6] [] INFO  c.c.g.r.c.t.s.i.TaskManagementServiceImpl - 任务已提交: taskId=e85196c1-59b4-4bc7-834e-5a71ec6ceb00, taskName=auto-collect-scan
2026-10-06 04:36:48.094 [pool-2-thread-6] [] INFO  c.c.g.r.c.t.s.i.TaskManagementServiceImpl - 任务已解析: taskId=e85196c1-59b4-4bc7-834e-5a71ec6ceb00
2026-10-06 04:36:48.104 [pool-2-thread-6] [] WARN  c.c.g.e.d.m.AutoCollectScheduler - AutoCollectScheduler 扫描失败: null
2026-10-06 04:36:48.113 [pool-2-thread-6] [] INFO  c.c.g.r.c.t.s.i.TaskManagementServiceImpl - 任务执行完成: taskId=e85196c1-59b4-4bc7-834e-5a71ec6ceb00, status=SUCCEEDED
2026-10-06 04:36:48.120 [pool-2-thread-6] [] INFO  c.c.g.r.c.t.s.TaskSchedulerServiceImpl - 定时任务已提交执行 taskId=e85196c1-59b4-4bc7-834e-5a71ec6ceb00 taskType=AUTO_COLLECT_SCAN scheduleId=5ec0f85a-1af7-4064-9ba5-713b4847ec50
2026-10-06 04:37:48.087 [pool-2-thread-6] [] INFO  c.c.g.r.c.t.s.i.TaskManagementServiceImpl - 任务已提交: taskId=e85196c1-59b4-4bc7-834e-5a71ec6ceb00, taskName=auto-collect-scan
2026-10-06 04:37:48.089 [pool-2-thread-6] [] INFO  c.c.g.r.c.t.s.i.TaskManagementServiceImpl - 任务已解析: taskId=e85196c1-59b4-4bc7-834e-5a71ec6ceb00
2026-10-06 04:37:48.091 [pool-2-thread-6] [] WARN  c.c.g.e.d.m.AutoCollectScheduler - AutoCollectScheduler 扫描失败: null
2026-10-06 04:37:48.092 [pool-2-thread-6] [] INFO  c.c.g.r.c.t.s.i.TaskManagementServiceImpl - 任务执行完成: taskId=e85196c1-59b4-4bc7-834e-5a71ec6ceb00, status=SUCCEEDED
2026-10-06 04:37:48.092 [pool-2-thread-6] [] INFO  c.c.g.r.c.t.s.TaskSchedulerServiceImpl - 定时任务已提交执行 taskId=e85196c1-59b4-4bc7-834e-5a71ec6ceb00 taskType=AUTO_COLLECT_SCAN scheduleId=5ec0f85a-1af7-4064-9ba5-713b4847ec50
2026-10-06 04:38:48.074 [pool-2-thread-6] [] INFO  c.c.g.r.c.t.s.i.TaskManagementServiceImpl - 任务已提交: taskId=e85196c1-59b4-4bc7-834e-5a71ec6ceb00, taskName=auto-collect-scan
2026-10-06 04:38:48.076 [pool-2-thread-6] [] INFO  c.c.g.r.c.t.s.i.TaskManagementServiceImpl - 任务已解析: taskId=e85196c1-59b4-4bc7-834e-5a71ec6ceb00
2026-10-06 04:38:48.077 [pool-2-thread-6] [] WARN  c.c.g.e.d.m.AutoCollectScheduler - AutoCollectScheduler 扫描失败: null
2026-10-06 04:38:48.077 [pool-2-thread-6] [] INFO  c.c.g.r.c.t.s.i.TaskManagementServiceImpl - 任务执行完成: taskId=e85196c1-59b4-4bc7-834e-5a71ec6ceb00, status=SUCCEEDED
2026-10-06 04:38:48.078 [pool-2-thread-6] [] INFO  c.c.g.r.c.t.s.TaskSchedulerServiceImpl - 定时任务已提交执行 taskId=e85196c1-59b4-4bc7-834e-5a71ec6ceb00 taskType=AUTO_COLLECT_SCAN scheduleId=5ec0f85a-1af7-4064-9ba5-713b4847ec50
2026-10-06 04:39:48.077 [pool-2-thread-6] [] INFO  c.c.g.r.c.t.s.i.TaskManagementServiceImpl - 任务已提交: taskId=e85196c1-59b4-4bc7-834e-5a71ec6ceb00, taskName=auto-collect-scan
2026-10-06 04:39:48.079 [pool-2-thread-6] [] INFO  c.c.g.r.c.t.s.i.TaskManagementServiceImpl - 任务已解析: taskId=e85196c1-59b4-4bc7-834e-5a71ec6ceb00
2026-10-06 04:39:48.081 [pool-2-thread-6] [] WARN  c.c.g.e.d.m.AutoCollectScheduler - AutoCollectScheduler 扫描失败: null
2026-10-06 04:39:48.083 [pool-2-thread-6] [] INFO  c.c.g.r.c.t.s.i.TaskManagementServiceImpl - 任务执行完成: taskId=e85196c1-59b4-4bc7-834e-5a71ec6ceb00, status=SUCCEEDED
2026-10-06 04:39:48.084 [pool-2-thread-6] [] INFO  c.c.g.r.c.t.s.TaskSchedulerServiceImpl - 定时任务已提交执行 taskId=e85196c1-59b4-4bc7-834e-5a71ec6ceb00 taskType=AUTO_COLLECT_SCAN scheduleId=5ec0f85a-1af7-4064-9ba5-713b4847ec50
2026-10-06 04:40:48.089 [pool-2-thread-6] [] INFO  c.c.g.r.c.t.s.i.TaskManagementServiceImpl - 任务已提交: taskId=e85196c1-59b4-4bc7-834e-5a71ec6ceb00, taskName=auto-collect-scan
2026-10-06 04:40:48.093 [pool-2-thread-6] [] INFO  c.c.g.r.c.t.s.i.TaskManagementServiceImpl - 任务已解析: taskId=e85196c1-59b4-4bc7-834e-5a71ec6ceb00
2026-10-06 04:40:48.095 [pool-2-thread-6] [] WARN  c.c.g.e.d.m.AutoCollectScheduler - AutoCollectScheduler 扫描失败: null
2026-10-06 04:40:48.097 [pool-2-thread-6] [] INFO  c.c.g.r.c.t.s.i.TaskManagementServiceImpl - 任务执行完成: taskId=e85196c1-59b4-4bc7-834e-5a71ec6ceb00, status=SUCCEEDED
2026-10-06 04:40:48.099 [pool-2-thread-6] [] INFO  c.c.g.r.c.t.s.TaskSchedulerServiceImpl - 定时任务已提交执行 taskId=e85196c1-59b4-4bc7-834e-5a71ec6ceb00 taskType=AUTO_COLLECT_SCAN scheduleId=5ec0f85a-1af7-4064-9ba5-713b4847ec50
2026-10-06 04:41:48.086 [pool-2-thread-6] [] INFO  c.c.g.r.c.t.s.i.TaskManagementServiceImpl - 任务已提交: taskId=e85196c1-59b4-4bc7-834e-5a71ec6ceb00, taskName=auto-collect-scan
2026-10-06 04:41:48.089 [pool-2-thread-6] [] INFO  c.c.g.r.c.t.s.i.TaskManagementServiceImpl - 任务已解析: taskId=e85196c1-59b4-4bc7-834e-5a71ec6ceb00
2026-10-06 04:41:48.092 [pool-2-thread-6] [] WARN  c.c.g.e.d.m.AutoCollectScheduler - AutoCollectScheduler 扫描失败: null
2026-10-06 04:41:48.094 [pool-2-thread-6] [] INFO  c.c.g.r.c.t.s.i.TaskManagementServiceImpl - 任务执行完成: taskId=e85196c1-59b4-4bc7-834e-5a71ec6ceb00, status=SUCCEEDED
2026-10-06 04:41:48.095 [pool-2-thread-6] [] INFO  c.c.g.r.c.t.s.TaskSchedulerServiceImpl - 定时任务已提交执行 taskId=e85196c1-59b4-4bc7-834e-5a71ec6ceb00 taskType=AUTO_COLLECT_SCAN scheduleId=5ec0f85a-1af7-4064-9ba5-713b4847ec50
2026-10-06 04:42:48.079 [pool-2-thread-6] [] INFO  c.c.g.r.c.t.s.i.TaskManagementServiceImpl - 任务已提交: taskId=e85196c1-59b4-4bc7-834e-5a71ec6ceb00, taskName=auto-collect-scan
2026-10-06 04:42:48.081 [pool-2-thread-6] [] INFO  c.c.g.r.c.t.s.i.TaskManagementServiceImpl - 任务已解析: taskId=e85196c1-59b4-4bc7-834e-5a71ec6ceb00
2026-10-06 04:42:48.082 [pool-2-thread-6] [] WARN  c.c.g.e.d.m.AutoCollectScheduler - AutoCollectScheduler 扫描失败: null
2026-10-06 04:42:48.084 [pool-2-thread-6] [] INFO  c.c.g.r.c.t.s.i.TaskManagementServiceImpl - 任务执行完成: taskId=e85196c1-59b4-4bc7-834e-5a71ec6ceb00, status=SUCCEEDED
2026-10-06 04:42:48.085 [pool-2-thread-6] [] INFO  c.c.g.r.c.t.s.TaskSchedulerServiceImpl - 定时任务已提交执行 taskId=e85196c1-59b4-4bc7-834e-5a71ec6ceb00 taskType=AUTO_COLLECT_SCAN scheduleId=5ec0f85a-1af7-4064-9ba5-713b4847ec50
2026-10-06 04:43:48.086 [pool-2-thread-6] [] INFO  c.c.g.r.c.t.s.i.TaskManagementServiceImpl - 任务已提交: taskId=e85196c1-59b4-4bc7-834e-5a71ec6ceb00, taskName=auto-collect-scan
2026-10-06 04:43:48.087 [pool-2-thread-6] [] INFO  c.c.g.r.c.t.s.i.TaskManagementServiceImpl - 任务已解析: taskId=e85196c1-59b4-4bc7-834e-5a71ec6ceb00
2026-10-06 04:43:48.089 [pool-2-thread-6] [] WARN  c.c.g.e.d.m.AutoCollectScheduler - AutoCollectScheduler 扫描失败: null
2026-10-06 04:43:48.091 [pool-2-thread-6] [] INFO  c.c.g.r.c.t.s.i.TaskManagementServiceImpl - 任务执行完成: taskId=e85196c1-59b4-4bc7-834e-5a71ec6ceb00, status=SUCCEEDED
2026-10-06 04:43:48.092 [pool-2-thread-6] [] INFO  c.c.g.r.c.t.s.TaskSchedulerServiceImpl - 定时任务已提交执行 taskId=e85196c1-59b4-4bc7-834e-5a71ec6ceb00 taskType=AUTO_COLLECT_SCAN scheduleId=5ec0f85a-1af7-4064-9ba5-713b4847ec50
2026-10-06 04:44:48.083 [pool-2-thread-6] [] INFO  c.c.g.r.c.t.s.i.TaskManagementServiceImpl - 任务已提交: taskId=e85196c1-59b4-4bc7-834e-5a71ec6ceb00, taskName=auto-collect-scan
2026-10-06 04:44:48.084 [pool-2-thread-6] [] INFO  c.c.g.r.c.t.s.i.TaskManagementServiceImpl - 任务已解析: taskId=e85196c1-59b4-4bc7-834e-5a71ec6ceb00
2026-10-06 04:44:48.085 [pool-2-thread-6] [] WARN  c.c.g.e.d.m.AutoCollectScheduler - AutoCollectScheduler 扫描失败: null
2026-10-06 04:44:48.087 [pool-2-thread-6] [] INFO  c.c.g.r.c.t.s.i.TaskManagementServiceImpl - 任务执行完成: taskId=e85196c1-59b4-4bc7-834e-5a71ec6ceb00, status=SUCCEEDED
2026-10-06 04:44:48.088 [pool-2-thread-6] [] INFO  c.c.g.r.c.t.s.TaskSchedulerServiceImpl - 定时任务已提交执行 taskId=e85196c1-59b4-4bc7-834e-5a71ec6ceb00 taskType=AUTO_COLLECT_SCAN scheduleId=5ec0f85a-1af7-4064-9ba5-713b4847ec50
2026-10-06 04:45:48.079 [pool-2-thread-6] [] INFO  c.c.g.r.c.t.s.i.TaskManagementServiceImpl - 任务已提交: taskId=e85196c1-59b4-4bc7-834e-5a71ec6ceb00, taskName=auto-collect-scan
2026-10-06 04:45:48.081 [pool-2-thread-6] [] INFO  c.c.g.r.c.t.s.i.TaskManagementServiceImpl - 任务已解析: taskId=e85196c1-59b4-4bc7-834e-5a71ec6ceb00
2026-10-06 04:45:48.083 [pool-2-thread-6] [] WARN  c.c.g.e.d.m.AutoCollectScheduler - AutoCollectScheduler 扫描失败: null
2026-10-06 04:45:48.085 [pool-2-thread-6] [] INFO  c.c.g.r.c.t.s.i.TaskManagementServiceImpl - 任务执行完成: taskId=e85196c1-59b4-4bc7-834e-5a71ec6ceb00, status=SUCCEEDED
2026-10-06 04:45:48.087 [pool-2-thread-6] [] INFO  c.c.g.r.c.t.s.TaskSchedulerServiceImpl - 定时任务已提交执行 taskId=e85196c1-59b4-4bc7-834e-5a71ec6ceb00 taskType=AUTO_COLLECT_SCAN scheduleId=5ec0f85a-1af7-4064-9ba5-713b4847ec50
2026-10-06 04:46:48.086 [pool-2-thread-6] [] INFO  c.c.g.r.c.t.s.i.TaskManagementServiceImpl - 任务已提交: taskId=e85196c1-59b4-4bc7-834e-5a71ec6ceb00, taskName=auto-collect-scan
2026-10-06 04:46:48.088 [pool-2-thread-6] [] INFO  c.c.g.r.c.t.s.i.TaskManagementServiceImpl - 任务已解析: taskId=e85196c1-59b4-4bc7-834e-5a71ec6ceb00
2026-10-06 04:46:48.090 [pool-2-thread-6] [] WARN  c.c.g.e.d.m.AutoCollectScheduler - AutoCollectScheduler 扫描失败: null
2026-10-06 04:46:48.091 [pool-2-thread-6] [] INFO  c.c.g.r.c.t.s.i.TaskManagementServiceImpl - 任务执行完成: taskId=e85196c1-59b4-4bc7-834e-5a71ec6ceb00, status=SUCCEEDED
2026-10-06 04:46:48.092 [pool-2-thread-6] [] INFO  c.c.g.r.c.t.s.TaskSchedulerServiceImpl - 定时任务已提交执行 taskId=e85196c1-59b4-4bc7-834e-5a71ec6ceb00 taskType=AUTO_COLLECT_SCAN scheduleId=5ec0f85a-1af7-4064-9ba5-713b4847ec50
2026-10-06 04:47:48.073 [pool-2-thread-6] [] INFO  c.c.g.r.c.t.s.i.TaskManagementServiceImpl - 任务已提交: taskId=e85196c1-59b4-4bc7-834e-5a71ec6ceb00, taskName=auto-collect-scan
2026-10-06 04:47:48.075 [pool-2-thread-6] [] INFO  c.c.g.r.c.t.s.i.TaskManagementServiceImpl - 任务已解析: taskId=e85196c1-59b4-4bc7-834e-5a71ec6ceb00
2026-10-06 04:47:48.078 [pool-2-thread-6] [] WARN  c.c.g.e.d.m.AutoCollectScheduler - AutoCollectScheduler 扫描失败: null
2026-10-06 04:47:48.079 [pool-2-thread-6] [] INFO  c.c.g.r.c.t.s.i.TaskManagementServiceImpl - 任务执行完成: taskId=e85196c1-59b4-4bc7-834e-5a71ec6ceb00, status=SUCCEEDED
2026-10-06 04:47:48.080 [pool-2-thread-6] [] INFO  c.c.g.r.c.t.s.TaskSchedulerServiceImpl - 定时任务已提交执行 taskId=e85196c1-59b4-4bc7-834e-5a71ec6ceb00 taskType=AUTO_COLLECT_SCAN scheduleId=5ec0f85a-1af7-4064-9ba5-713b4847ec50
2026-10-06 04:48:48.085 [pool-2-thread-6] [] INFO  c.c.g.r.c.t.s.i.TaskManagementServiceImpl - 任务已提交: taskId=e85196c1-59b4-4bc7-834e-5a71ec6ceb00, taskName=auto-collect-scan
2026-10-06 04:48:48.087 [pool-2-thread-6] [] INFO  c.c.g.r.c.t.s.i.TaskManagementServiceImpl - 任务已解析: taskId=e85196c1-59b4-4bc7-834e-5a71ec6ceb00
2026-10-06 04:48:48.088 [pool-2-thread-6] [] WARN  c.c.g.e.d.m.AutoCollectScheduler - AutoCollectScheduler 扫描失败: null
2026-10-06 04:48:48.090 [pool-2-thread-6] [] INFO  c.c.g.r.c.t.s.i.TaskManagementServiceImpl - 任务执行完成: taskId=e85196c1-59b4-4bc7-834e-5a71ec6ceb00, status=SUCCEEDED
2026-10-06 04:48:48.091 [pool-2-thread-6] [] INFO  c.c.g.r.c.t.s.TaskSchedulerServiceImpl - 定时任务已提交执行 taskId=e85196c1-59b4-4bc7-834e-5a71ec6ceb00 taskType=AUTO_COLLECT_SCAN scheduleId=5ec0f85a-1af7-4064-9ba5-713b4847ec50
2026-10-06 04:49:48.086 [pool-2-thread-6] [] INFO  c.c.g.r.c.t.s.i.TaskManagementServiceImpl - 任务已提交: taskId=e85196c1-59b4-4bc7-834e-5a71ec6ceb00, taskName=auto-collect-scan
2026-10-06 04:49:48.089 [pool-2-thread-6] [] INFO  c.c.g.r.c.t.s.i.TaskManagementServiceImpl - 任务已解析: taskId=e85196c1-59b4-4bc7-834e-5a71ec6ceb00
2026-10-06 04:49:48.090 [pool-2-thread-6] [] WARN  c.c.g.e.d.m.AutoCollectScheduler - AutoCollectScheduler 扫描失败: null
2026-10-06 04:49:48.090 [pool-2-thread-6] [] INFO  c.c.g.r.c.t.s.i.TaskManagementServiceImpl - 任务执行完成: taskId=e85196c1-59b4-4bc7-834e-5a71ec6ceb00, status=SUCCEEDED
2026-10-06 04:49:48.091 [pool-2-thread-6] [] INFO  c.c.g.r.c.t.s.TaskSchedulerServiceImpl - 定时任务已提交执行 taskId=e85196c1-59b4-4bc7-834e-5a71ec6ceb00 taskType=AUTO_COLLECT_SCAN scheduleId=5ec0f85a-1af7-4064-9ba5-713b4847ec50
2026-10-06 04:50:48.079 [pool-2-thread-6] [] INFO  c.c.g.r.c.t.s.i.TaskManagementServiceImpl - 任务已提交: taskId=e85196c1-59b4-4bc7-834e-5a71ec6ceb00, taskName=auto-collect-scan
2026-10-06 04:50:48.081 [pool-2-thread-6] [] INFO  c.c.g.r.c.t.s.i.TaskManagementServiceImpl - 任务已解析: taskId=e85196c1-59b4-4bc7-834e-5a71ec6ceb00
2026-10-06 04:50:48.084 [pool-2-thread-6] [] WARN  c.c.g.e.d.m.AutoCollectScheduler - AutoCollectScheduler 扫描失败: null
2026-10-06 04:50:48.086 [pool-2-thread-6] [] INFO  c.c.g.r.c.t.s.i.TaskManagementServiceImpl - 任务执行完成: taskId=e85196c1-59b4-4bc7-834e-5a71ec6ceb00, status=SUCCEEDED
2026-10-06 04:50:48.088 [pool-2-thread-6] [] INFO  c.c.g.r.c.t.s.TaskSchedulerServiceImpl - 定时任务已提交执行 taskId=e85196c1-59b4-4bc7-834e-5a71ec6ceb00 taskType=AUTO_COLLECT_SCAN scheduleId=5ec0f85a-1af7-4064-9ba5-713b4847ec50
2026-10-06 04:51:48.086 [pool-2-thread-6] [] INFO  c.c.g.r.c.t.s.i.TaskManagementServiceImpl - 任务已提交: taskId=e85196c1-59b4-4bc7-834e-5a71ec6ceb00, taskName=auto-collect-scan
2026-10-06 04:51:48.088 [pool-2-thread-6] [] INFO  c.c.g.r.c.t.s.i.TaskManagementServiceImpl - 任务已解析: taskId=e85196c1-59b4-4bc7-834e-5a71ec6ceb00
2026-10-06 04:51:48.089 [pool-2-thread-6] [] WARN  c.c.g.e.d.m.AutoCollectScheduler - AutoCollectScheduler 扫描失败: null
2026-10-06 04:51:48.089 [pool-2-thread-6] [] INFO  c.c.g.r.c.t.s.i.TaskManagementServiceImpl - 任务执行完成: taskId=e85196c1-59b4-4bc7-834e-5a71ec6ceb00, status=SUCCEEDED
2026-10-06 04:51:48.090 [pool-2-thread-6] [] INFO  c.c.g.r.c.t.s.TaskSchedulerServiceImpl - 定时任务已提交执行 taskId=e85196c1-59b4-4bc7-834e-5a71ec6ceb00 taskType=AUTO_COLLECT_SCAN scheduleId=5ec0f85a-1af7-4064-9ba5-713b4847ec50
2026-10-06 04:52:48.074 [pool-2-thread-6] [] INFO  c.c.g.r.c.t.s.i.TaskManagementServiceImpl - 任务已提交: taskId=e85196c1-59b4-4bc7-834e-5a71ec6ceb00, taskName=auto-collect-scan
2026-10-06 04:52:48.078 [pool-2-thread-6] [] INFO  c.c.g.r.c.t.s.i.TaskManagementServiceImpl - 任务已解析: taskId=e85196c1-59b4-4bc7-834e-5a71ec6ceb00
2026-10-06 04:52:48.079 [pool-2-thread-6] [] WARN  c.c.g.e.d.m.AutoCollectScheduler - AutoCollectScheduler 扫描失败: null
2026-10-06 04:52:48.079 [pool-2-thread-6] [] INFO  c.c.g.r.c.t.s.i.TaskManagementServiceImpl - 任务执行完成: taskId=e85196c1-59b4-4bc7-834e-5a71ec6ceb00, status=SUCCEEDED
2026-10-06 04:52:48.080 [pool-2-thread-6] [] INFO  c.c.g.r.c.t.s.TaskSchedulerServiceImpl - 定时任务已提交执行 taskId=e85196c1-59b4-4bc7-834e-5a71ec6ceb00 taskType=AUTO_COLLECT_SCAN scheduleId=5ec0f85a-1af7-4064-9ba5-713b4847ec50
2026-10-06 04:53:48.082 [pool-2-thread-6] [] INFO  c.c.g.r.c.t.s.i.TaskManagementServiceImpl - 任务已提交: taskId=e85196c1-59b4-4bc7-834e-5a71ec6ceb00, taskName=auto-collect-scan
2026-10-06 04:53:48.083 [pool-2-thread-6] [] INFO  c.c.g.r.c.t.s.i.TaskManagementServiceImpl - 任务已解析: taskId=e85196c1-59b4-4bc7-834e-5a71ec6ceb00
2026-10-06 04:53:48.084 [pool-2-thread-6] [] WARN  c.c.g.e.d.m.AutoCollectScheduler - AutoCollectScheduler 扫描失败: null
2026-10-06 04:53:48.085 [pool-2-thread-6] [] INFO  c.c.g.r.c.t.s.i.TaskManagementServiceImpl - 任务执行完成: taskId=e85196c1-59b4-4bc7-834e-5a71ec6ceb00, status=SUCCEEDED
2026-10-06 04:53:48.086 [pool-2-thread-6] [] INFO  c.c.g.r.c.t.s.TaskSchedulerServiceImpl - 定时任务已提交执行 taskId=e85196c1-59b4-4bc7-834e-5a71ec6ceb00 taskType=AUTO_COLLECT_SCAN scheduleId=5ec0f85a-1af7-4064-9ba5-713b4847ec50
2026-10-06 04:54:48.077 [pool-2-thread-6] [] INFO  c.c.g.r.c.t.s.i.TaskManagementServiceImpl - 任务已提交: taskId=e85196c1-59b4-4bc7-834e-5a71ec6ceb00, taskName=auto-collect-scan
2026-10-06 04:54:48.079 [pool-2-thread-6] [] INFO  c.c.g.r.c.t.s.i.TaskManagementServiceImpl - 任务已解析: taskId=e85196c1-59b4-4bc7-834e-5a71ec6ceb00
2026-10-06 04:54:48.081 [pool-2-thread-6] [] WARN  c.c.g.e.d.m.AutoCollectScheduler - AutoCollectScheduler 扫描失败: null
2026-10-06 04:54:48.082 [pool-2-thread-6] [] INFO  c.c.g.r.c.t.s.i.TaskManagementServiceImpl - 任务执行完成: taskId=e85196c1-59b4-4bc7-834e-5a71ec6ceb00, status=SUCCEEDED
2026-10-06 04:54:48.084 [pool-2-thread-6] [] INFO  c.c.g.r.c.t.s.TaskSchedulerServiceImpl - 定时任务已提交执行 taskId=e85196c1-59b4-4bc7-834e-5a71ec6ceb00 taskType=AUTO_COLLECT_SCAN scheduleId=5ec0f85a-1af7-4064-9ba5-713b4847ec50
2026-10-06 04:55:48.083 [pool-2-thread-6] [] INFO  c.c.g.r.c.t.s.i.TaskManagementServiceImpl - 任务已提交: taskId=e85196c1-59b4-4bc7-834e-5a71ec6ceb00, taskName=auto-collect-scan
2026-10-06 04:55:48.095 [pool-2-thread-6] [] INFO  c.c.g.r.c.t.s.i.TaskManagementServiceImpl - 任务已解析: taskId=e85196c1-59b4-4bc7-834e-5a71ec6ceb00
2026-10-06 04:55:48.097 [pool-2-thread-6] [] WARN  c.c.g.e.d.m.AutoCollectScheduler - AutoCollectScheduler 扫描失败: null
2026-10-06 04:55:48.098 [pool-2-thread-6] [] INFO  c.c.g.r.c.t.s.i.TaskManagementServiceImpl - 任务执行完成: taskId=e85196c1-59b4-4bc7-834e-5a71ec6ceb00, status=SUCCEEDED
2026-10-06 04:55:48.099 [pool-2-thread-6] [] INFO  c.c.g.r.c.t.s.TaskSchedulerServiceImpl - 定时任务已提交执行 taskId=e85196c1-59b4-4bc7-834e-5a71ec6ceb00 taskType=AUTO_COLLECT_SCAN scheduleId=5ec0f85a-1af7-4064-9ba5-713b4847ec50
2026-10-06 04:56:48.073 [pool-2-thread-6] [] INFO  c.c.g.r.c.t.s.i.TaskManagementServiceImpl - 任务已提交: taskId=e85196c1-59b4-4bc7-834e-5a71ec6ceb00, taskName=auto-collect-scan
2026-10-06 04:56:48.074 [pool-2-thread-6] [] INFO  c.c.g.r.c.t.s.i.TaskManagementServiceImpl - 任务已解析: taskId=e85196c1-59b4-4bc7-834e-5a71ec6ceb00
2026-10-06 04:56:48.075 [pool-2-thread-6] [] WARN  c.c.g.e.d.m.AutoCollectScheduler - AutoCollectScheduler 扫描失败: null
2026-10-06 04:56:48.076 [pool-2-thread-6] [] INFO  c.c.g.r.c.t.s.i.TaskManagementServiceImpl - 任务执行完成: taskId=e85196c1-59b4-4bc7-834e-5a71ec6ceb00, status=SUCCEEDED
2026-10-06 04:56:48.077 [pool-2-thread-6] [] INFO  c.c.g.r.c.t.s.TaskSchedulerServiceImpl - 定时任务已提交执行 taskId=e85196c1-59b4-4bc7-834e-5a71ec6ceb00 taskType=AUTO_COLLECT_SCAN scheduleId=5ec0f85a-1af7-4064-9ba5-713b4847ec50
2026-10-06 04:57:48.082 [pool-2-thread-6] [] INFO  c.c.g.r.c.t.s.i.TaskManagementServiceImpl - 任务已提交: taskId=e85196c1-59b4-4bc7-834e-5a71ec6ceb00, taskName=auto-collect-scan
2026-10-06 04:57:48.083 [pool-2-thread-6] [] INFO  c.c.g.r.c.t.s.i.TaskManagementServiceImpl - 任务已解析: taskId=e85196c1-59b4-4bc7-834e-5a71ec6ceb00
2026-10-06 04:57:48.085 [pool-2-thread-6] [] WARN  c.c.g.e.d.m.AutoCollectScheduler - AutoCollectScheduler 扫描失败: null
2026-10-06 04:57:48.086 [pool-2-thread-6] [] INFO  c.c.g.r.c.t.s.i.TaskManagementServiceImpl - 任务执行完成: taskId=e85196c1-59b4-4bc7-834e-5a71ec6ceb00, status=SUCCEEDED
2026-10-06 04:57:48.087 [pool-2-thread-6] [] INFO  c.c.g.r.c.t.s.TaskSchedulerServiceImpl - 定时任务已提交执行 taskId=e85196c1-59b4-4bc7-834e-5a71ec6ceb00 taskType=AUTO_COLLECT_SCAN scheduleId=5ec0f85a-1af7-4064-9ba5-713b4847ec50
2026-10-06 04:58:48.087 [pool-2-thread-6] [] INFO  c.c.g.r.c.t.s.i.TaskManagementServiceImpl - 任务已提交: taskId=e85196c1-59b4-4bc7-834e-5a71ec6ceb00, taskName=auto-collect-scan
2026-10-06 04:58:48.087 [pool-2-thread-6] [] INFO  c.c.g.r.c.t.s.i.TaskManagementServiceImpl - 任务已解析: taskId=e85196c1-59b4-4bc7-834e-5a71ec6ceb00
2026-10-06 04:58:48.089 [pool-2-thread-6] [] WARN  c.c.g.e.d.m.AutoCollectScheduler - AutoCollectScheduler 扫描失败: null
2026-10-06 04:58:48.090 [pool-2-thread-6] [] INFO  c.c.g.r.c.t.s.i.TaskManagementServiceImpl - 任务执行完成: taskId=e85196c1-59b4-4bc7-834e-5a71ec6ceb00, status=SUCCEEDED
2026-10-06 04:58:48.091 [pool-2-thread-6] [] INFO  c.c.g.r.c.t.s.TaskSchedulerServiceImpl - 定时任务已提交执行 taskId=e85196c1-59b4-4bc7-834e-5a71ec6ceb00 taskType=AUTO_COLLECT_SCAN scheduleId=5ec0f85a-1af7-4064-9ba5-713b4847ec50
2026-10-06 04:59:48.086 [pool-2-thread-6] [] INFO  c.c.g.r.c.t.s.i.TaskManagementServiceImpl - 任务已提交: taskId=e85196c1-59b4-4bc7-834e-5a71ec6ceb00, taskName=auto-collect-scan
2026-10-06 04:59:48.088 [pool-2-thread-6] [] INFO  c.c.g.r.c.t.s.i.TaskManagementServiceImpl - 任务已解析: taskId=e85196c1-59b4-4bc7-834e-5a71ec6ceb00
2026-10-06 04:59:48.090 [pool-2-thread-6] [] WARN  c.c.g.e.d.m.AutoCollectScheduler - AutoCollectScheduler 扫描失败: null
2026-10-06 04:59:48.092 [pool-2-thread-6] [] INFO  c.c.g.r.c.t.s.i.TaskManagementServiceImpl - 任务执行完成: taskId=e85196c1-59b4-4bc7-834e-5a71ec6ceb00, status=SUCCEEDED
2026-10-06 04:59:48.093 [pool-2-thread-6] [] INFO  c.c.g.r.c.t.s.TaskSchedulerServiceImpl - 定时任务已提交执行 taskId=e85196c1-59b4-4bc7-834e-5a71ec6ceb00 taskType=AUTO_COLLECT_SCAN scheduleId=5ec0f85a-1af7-4064-9ba5-713b4847ec50
2026-10-06 05:00:48.075 [pool-2-thread-6] [] INFO  c.c.g.r.c.t.s.i.TaskManagementServiceImpl - 任务已提交: taskId=e85196c1-59b4-4bc7-834e-5a71ec6ceb00, taskName=auto-collect-scan
2026-10-06 05:00:48.078 [pool-2-thread-6] [] INFO  c.c.g.r.c.t.s.i.TaskManagementServiceImpl - 任务已解析: taskId=e85196c1-59b4-4bc7-834e-5a71ec6ceb00
2026-10-06 05:00:48.081 [pool-2-thread-6] [] WARN  c.c.g.e.d.m.AutoCollectScheduler - AutoCollectScheduler 扫描失败: null
2026-10-06 05:00:48.084 [pool-2-thread-6] [] INFO  c.c.g.r.c.t.s.i.TaskManagementServiceImpl - 任务执行完成: taskId=e85196c1-59b4-4bc7-834e-5a71ec6ceb00, status=SUCCEEDED
2026-10-06 05:00:48.088 [pool-2-thread-6] [] INFO  c.c.g.r.c.t.s.TaskSchedulerServiceImpl - 定时任务已提交执行 taskId=e85196c1-59b4-4bc7-834e-5a71ec6ceb00 taskType=AUTO_COLLECT_SCAN scheduleId=5ec0f85a-1af7-4064-9ba5-713b4847ec50
2026-10-06 05:01:48.083 [pool-2-thread-6] [] INFO  c.c.g.r.c.t.s.i.TaskManagementServiceImpl - 任务已提交: taskId=e85196c1-59b4-4bc7-834e-5a71ec6ceb00, taskName=auto-collect-scan
2026-10-06 05:01:48.085 [pool-2-thread-6] [] INFO  c.c.g.r.c.t.s.i.TaskManagementServiceImpl - 任务已解析: taskId=e85196c1-59b4-4bc7-834e-5a71ec6ceb00
2026-10-06 05:01:48.087 [pool-2-thread-6] [] WARN  c.c.g.e.d.m.AutoCollectScheduler - AutoCollectScheduler 扫描失败: null
2026-10-06 05:01:48.088 [pool-2-thread-6] [] INFO  c.c.g.r.c.t.s.i.TaskManagementServiceImpl - 任务执行完成: taskId=e85196c1-59b4-4bc7-834e-5a71ec6ceb00, status=SUCCEEDED
2026-10-06 05:01:48.090 [pool-2-thread-6] [] INFO  c.c.g.r.c.t.s.TaskSchedulerServiceImpl - 定时任务已提交执行 taskId=e85196c1-59b4-4bc7-834e-5a71ec6ceb00 taskType=AUTO_COLLECT_SCAN scheduleId=5ec0f85a-1af7-4064-9ba5-713b4847ec50
2026-10-06 05:02:48.075 [pool-2-thread-6] [] INFO  c.c.g.r.c.t.s.i.TaskManagementServiceImpl - 任务已提交: taskId=e85196c1-59b4-4bc7-834e-5a71ec6ceb00, taskName=auto-collect-scan
2026-10-06 05:02:48.077 [pool-2-thread-6] [] INFO  c.c.g.r.c.t.s.i.TaskManagementServiceImpl - 任务已解析: taskId=e85196c1-59b4-4bc7-834e-5a71ec6ceb00
2026-10-06 05:02:48.078 [pool-2-thread-6] [] WARN  c.c.g.e.d.m.AutoCollectScheduler - AutoCollectScheduler 扫描失败: null
2026-10-06 05:02:48.079 [pool-2-thread-6] [] INFO  c.c.g.r.c.t.s.i.TaskManagementServiceImpl - 任务执行完成: taskId=e85196c1-59b4-4bc7-834e-5a71ec6ceb00, status=SUCCEEDED
2026-10-06 05:02:48.080 [pool-2-thread-6] [] INFO  c.c.g.r.c.t.s.TaskSchedulerServiceImpl - 定时任务已提交执行 taskId=e85196c1-59b4-4bc7-834e-5a71ec6ceb00 taskType=AUTO_COLLECT_SCAN scheduleId=5ec0f85a-1af7-4064-9ba5-713b4847ec50
2026-10-06 05:03:48.076 [pool-2-thread-6] [] INFO  c.c.g.r.c.t.s.i.TaskManagementServiceImpl - 任务已提交: taskId=e85196c1-59b4-4bc7-834e-5a71ec6ceb00, taskName=auto-collect-scan
2026-10-06 05:03:48.079 [pool-2-thread-6] [] INFO  c.c.g.r.c.t.s.i.TaskManagementServiceImpl - 任务已解析: taskId=e85196c1-59b4-4bc7-834e-5a71ec6ceb00
2026-10-06 05:03:48.080 [pool-2-thread-6] [] WARN  c.c.g.e.d.m.AutoCollectScheduler - AutoCollectScheduler 扫描失败: null
2026-10-06 05:03:48.081 [pool-2-thread-6] [] INFO  c.c.g.r.c.t.s.i.TaskManagementServiceImpl - 任务执行完成: taskId=e85196c1-59b4-4bc7-834e-5a71ec6ceb00, status=SUCCEEDED
2026-10-06 05:03:48.083 [pool-2-thread-6] [] INFO  c.c.g.r.c.t.s.TaskSchedulerServiceImpl - 定时任务已提交执行 taskId=e85196c1-59b4-4bc7-834e-5a71ec6ceb00 taskType=AUTO_COLLECT_SCAN scheduleId=5ec0f85a-1af7-4064-9ba5-713b4847ec50
2026-10-06 05:04:48.074 [pool-2-thread-6] [] INFO  c.c.g.r.c.t.s.i.TaskManagementServiceImpl - 任务已提交: taskId=e85196c1-59b4-4bc7-834e-5a71ec6ceb00, taskName=auto-collect-scan
2026-10-06 05:04:48.078 [pool-2-thread-6] [] INFO  c.c.g.r.c.t.s.i.TaskManagementServiceImpl - 任务已解析: taskId=e85196c1-59b4-4bc7-834e-5a71ec6ceb00
2026-10-06 05:04:48.080 [pool-2-thread-6] [] WARN  c.c.g.e.d.m.AutoCollectScheduler - AutoCollectScheduler 扫描失败: null
2026-10-06 05:04:48.082 [pool-2-thread-6] [] INFO  c.c.g.r.c.t.s.i.TaskManagementServiceImpl - 任务执行完成: taskId=e85196c1-59b4-4bc7-834e-5a71ec6ceb00, status=SUCCEEDED
2026-10-06 05:04:48.083 [pool-2-thread-6] [] INFO  c.c.g.r.c.t.s.TaskSchedulerServiceImpl - 定时任务已提交执行 taskId=e85196c1-59b4-4bc7-834e-5a71ec6ceb00 taskType=AUTO_COLLECT_SCAN scheduleId=5ec0f85a-1af7-4064-9ba5-713b4847ec50
2026-10-06 05:05:48.081 [pool-2-thread-6] [] INFO  c.c.g.r.c.t.s.i.TaskManagementServiceImpl - 任务已提交: taskId=e85196c1-59b4-4bc7-834e-5a71ec6ceb00, taskName=auto-collect-scan
2026-10-06 05:05:48.083 [pool-2-thread-6] [] INFO  c.c.g.r.c.t.s.i.TaskManagementServiceImpl - 任务已解析: taskId=e85196c1-59b4-4bc7-834e-5a71ec6ceb00
2026-10-06 05:05:48.085 [pool-2-thread-6] [] WARN  c.c.g.e.d.m.AutoCollectScheduler - AutoCollectScheduler 扫描失败: null
2026-10-06 05:05:48.086 [pool-2-thread-6] [] INFO  c.c.g.r.c.t.s.i.TaskManagementServiceImpl - 任务执行完成: taskId=e85196c1-59b4-4bc7-834e-5a71ec6ceb00, status=SUCCEEDED
2026-10-06 05:05:48.087 [pool-2-thread-6] [] INFO  c.c.g.r.c.t.s.TaskSchedulerServiceImpl - 定时任务已提交执行 taskId=e85196c1-59b4-4bc7-834e-5a71ec6ceb00 taskType=AUTO_COLLECT_SCAN scheduleId=5ec0f85a-1af7-4064-9ba5-713b4847ec50
2026-10-06 05:06:48.077 [pool-2-thread-6] [] INFO  c.c.g.r.c.t.s.i.TaskManagementServiceImpl - 任务已提交: taskId=e85196c1-59b4-4bc7-834e-5a71ec6ceb00, taskName=auto-collect-scan
2026-10-06 05:06:48.089 [pool-2-thread-6] [] INFO  c.c.g.r.c.t.s.i.TaskManagementServiceImpl - 任务已解析: taskId=e85196c1-59b4-4bc7-834e-5a71ec6ceb00
2026-10-06 05:06:48.090 [pool-2-thread-6] [] WARN  c.c.g.e.d.m.AutoCollectScheduler - AutoCollectScheduler 扫描失败: null
2026-10-06 05:06:48.092 [pool-2-thread-6] [] INFO  c.c.g.r.c.t.s.i.TaskManagementServiceImpl - 任务执行完成: taskId=e85196c1-59b4-4bc7-834e-5a71ec6ceb00, status=SUCCEEDED
2026-10-06 05:06:48.092 [pool-2-thread-6] [] INFO  c.c.g.r.c.t.s.TaskSchedulerServiceImpl - 定时任务已提交执行 taskId=e85196c1-59b4-4bc7-834e-5a71ec6ceb00 taskType=AUTO_COLLECT_SCAN scheduleId=5ec0f85a-1af7-4064-9ba5-713b4847ec50
2026-10-06 05:07:48.080 [pool-2-thread-6] [] INFO  c.c.g.r.c.t.s.i.TaskManagementServiceImpl - 任务已提交: taskId=e85196c1-59b4-4bc7-834e-5a71ec6ceb00, taskName=auto-collect-scan
2026-10-06 05:07:48.091 [pool-2-thread-6] [] INFO  c.c.g.r.c.t.s.i.TaskManagementServiceImpl - 任务已解析: taskId=e85196c1-59b4-4bc7-834e-5a71ec6ceb00
2026-10-06 05:07:48.092 [pool-2-thread-6] [] WARN  c.c.g.e.d.m.AutoCollectScheduler - AutoCollectScheduler 扫描失败: null
2026-10-06 05:07:48.093 [pool-2-thread-6] [] INFO  c.c.g.r.c.t.s.i.TaskManagementServiceImpl - 任务执行完成: taskId=e85196c1-59b4-4bc7-834e-5a71ec6ceb00, status=SUCCEEDED
2026-10-06 05:07:48.093 [pool-2-thread-6] [] INFO  c.c.g.r.c.t.s.TaskSchedulerServiceImpl - 定时任务已提交执行 taskId=e85196c1-59b4-4bc7-834e-5a71ec6ceb00 taskType=AUTO_COLLECT_SCAN scheduleId=5ec0f85a-1af7-4064-9ba5-713b4847ec50
2026-10-06 05:08:48.077 [pool-2-thread-6] [] INFO  c.c.g.r.c.t.s.i.TaskManagementServiceImpl - 任务已提交: taskId=e85196c1-59b4-4bc7-834e-5a71ec6ceb00, taskName=auto-collect-scan
2026-10-06 05:08:48.079 [pool-2-thread-6] [] INFO  c.c.g.r.c.t.s.i.TaskManagementServiceImpl - 任务已解析: taskId=e85196c1-59b4-4bc7-834e-5a71ec6ceb00
2026-10-06 05:08:48.081 [pool-2-thread-6] [] WARN  c.c.g.e.d.m.AutoCollectScheduler - AutoCollectScheduler 扫描失败: null
2026-10-06 05:08:48.082 [pool-2-thread-6] [] INFO  c.c.g.r.c.t.s.i.TaskManagementServiceImpl - 任务执行完成: taskId=e85196c1-59b4-4bc7-834e-5a71ec6ceb00, status=SUCCEEDED
2026-10-06 05:08:48.084 [pool-2-thread-6] [] INFO  c.c.g.r.c.t.s.TaskSchedulerServiceImpl - 定时任务已提交执行 taskId=e85196c1-59b4-4bc7-834e-5a71ec6ceb00 taskType=AUTO_COLLECT_SCAN scheduleId=5ec0f85a-1af7-4064-9ba5-713b4847ec50
2026-10-06 05:09:48.078 [pool-2-thread-6] [] INFO  c.c.g.r.c.t.s.i.TaskManagementServiceImpl - 任务已提交: taskId=e85196c1-59b4-4bc7-834e-5a71ec6ceb00, taskName=auto-collect-scan
2026-10-06 05:09:48.079 [pool-2-thread-6] [] INFO  c.c.g.r.c.t.s.i.TaskManagementServiceImpl - 任务已解析: taskId=e85196c1-59b4-4bc7-834e-5a71ec6ceb00
2026-10-06 05:09:48.081 [pool-2-thread-6] [] WARN  c.c.g.e.d.m.AutoCollectScheduler - AutoCollectScheduler 扫描失败: null
2026-10-06 05:09:48.082 [pool-2-thread-6] [] INFO  c.c.g.r.c.t.s.i.TaskManagementServiceImpl - 任务执行完成: taskId=e85196c1-59b4-4bc7-834e-5a71ec6ceb00, status=SUCCEEDED
2026-10-06 05:09:48.083 [pool-2-thread-6] [] INFO  c.c.g.r.c.t.s.TaskSchedulerServiceImpl - 定时任务已提交执行 taskId=e85196c1-59b4-4bc7-834e-5a71ec6ceb00 taskType=AUTO_COLLECT_SCAN scheduleId=5ec0f85a-1af7-4064-9ba5-713b4847ec50
2026-10-06 05:10:48.088 [pool-2-thread-6] [] INFO  c.c.g.r.c.t.s.i.TaskManagementServiceImpl - 任务已提交: taskId=e85196c1-59b4-4bc7-834e-5a71ec6ceb00, taskName=auto-collect-scan
2026-10-06 05:10:48.098 [pool-2-thread-6] [] INFO  c.c.g.r.c.t.s.i.TaskManagementServiceImpl - 任务已解析: taskId=e85196c1-59b4-4bc7-834e-5a71ec6ceb00
2026-10-06 05:10:48.100 [pool-2-thread-6] [] WARN  c.c.g.e.d.m.AutoCollectScheduler - AutoCollectScheduler 扫描失败: null
2026-10-06 05:10:48.101 [pool-2-thread-6] [] INFO  c.c.g.r.c.t.s.i.TaskManagementServiceImpl - 任务执行完成: taskId=e85196c1-59b4-4bc7-834e-5a71ec6ceb00, status=SUCCEEDED
2026-10-06 05:10:48.101 [pool-2-thread-6] [] INFO  c.c.g.r.c.t.s.TaskSchedulerServiceImpl - 定时任务已提交执行 taskId=e85196c1-59b4-4bc7-834e-5a71ec6ceb00 taskType=AUTO_COLLECT_SCAN scheduleId=5ec0f85a-1af7-4064-9ba5-713b4847ec50
2026-10-06 05:11:48.086 [pool-2-thread-6] [] INFO  c.c.g.r.c.t.s.i.TaskManagementServiceImpl - 任务已提交: taskId=e85196c1-59b4-4bc7-834e-5a71ec6ceb00, taskName=auto-collect-scan
2026-10-06 05:11:48.089 [pool-2-thread-6] [] INFO  c.c.g.r.c.t.s.i.TaskManagementServiceImpl - 任务已解析: taskId=e85196c1-59b4-4bc7-834e-5a71ec6ceb00
2026-10-06 05:11:48.092 [pool-2-thread-6] [] WARN  c.c.g.e.d.m.AutoCollectScheduler - AutoCollectScheduler 扫描失败: null
2026-10-06 05:11:48.094 [pool-2-thread-6] [] INFO  c.c.g.r.c.t.s.i.TaskManagementServiceImpl - 任务执行完成: taskId=e85196c1-59b4-4bc7-834e-5a71ec6ceb00, status=SUCCEEDED
2026-10-06 05:11:48.096 [pool-2-thread-6] [] INFO  c.c.g.r.c.t.s.TaskSchedulerServiceImpl - 定时任务已提交执行 taskId=e85196c1-59b4-4bc7-834e-5a71ec6ceb00 taskType=AUTO_COLLECT_SCAN scheduleId=5ec0f85a-1af7-4064-9ba5-713b4847ec50
2026-10-06 05:12:48.087 [pool-2-thread-6] [] INFO  c.c.g.r.c.t.s.i.TaskManagementServiceImpl - 任务已提交: taskId=e85196c1-59b4-4bc7-834e-5a71ec6ceb00, taskName=auto-collect-scan
2026-10-06 05:12:48.097 [pool-2-thread-6] [] INFO  c.c.g.r.c.t.s.i.TaskManagementServiceImpl - 任务已解析: taskId=e85196c1-59b4-4bc7-834e-5a71ec6ceb00
2026-10-06 05:12:48.099 [pool-2-thread-6] [] WARN  c.c.g.e.d.m.AutoCollectScheduler - AutoCollectScheduler 扫描失败: null
2026-10-06 05:12:48.100 [pool-2-thread-6] [] INFO  c.c.g.r.c.t.s.i.TaskManagementServiceImpl - 任务执行完成: taskId=e85196c1-59b4-4bc7-834e-5a71ec6ceb00, status=SUCCEEDED
2026-10-06 05:12:48.100 [pool-2-thread-6] [] INFO  c.c.g.r.c.t.s.TaskSchedulerServiceImpl - 定时任务已提交执行 taskId=e85196c1-59b4-4bc7-834e-5a71ec6ceb00 taskType=AUTO_COLLECT_SCAN scheduleId=5ec0f85a-1af7-4064-9ba5-713b4847ec50
2026-10-06 05:13:48.075 [pool-2-thread-6] [] INFO  c.c.g.r.c.t.s.i.TaskManagementServiceImpl - 任务已提交: taskId=e85196c1-59b4-4bc7-834e-5a71ec6ceb00, taskName=auto-collect-scan
2026-10-06 05:13:48.081 [pool-2-thread-6] [] INFO  c.c.g.r.c.t.s.i.TaskManagementServiceImpl - 任务已解析: taskId=e85196c1-59b4-4bc7-834e-5a71ec6ceb00
2026-10-06 05:13:48.087 [pool-2-thread-6] [] WARN  c.c.g.e.d.m.AutoCollectScheduler - AutoCollectScheduler 扫描失败: null
2026-10-06 05:13:48.093 [pool-2-thread-6] [] INFO  c.c.g.r.c.t.s.i.TaskManagementServiceImpl - 任务执行完成: taskId=e85196c1-59b4-4bc7-834e-5a71ec6ceb00, status=SUCCEEDED
2026-10-06 05:13:48.099 [pool-2-thread-6] [] INFO  c.c.g.r.c.t.s.TaskSchedulerServiceImpl - 定时任务已提交执行 taskId=e85196c1-59b4-4bc7-834e-5a71ec6ceb00 taskType=AUTO_COLLECT_SCAN scheduleId=5ec0f85a-1af7-4064-9ba5-713b4847ec50
2026-10-06 05:14:48.088 [pool-2-thread-6] [] INFO  c.c.g.r.c.t.s.i.TaskManagementServiceImpl - 任务已提交: taskId=e85196c1-59b4-4bc7-834e-5a71ec6ceb00, taskName=auto-collect-scan
2026-10-06 05:14:48.099 [pool-2-thread-6] [] INFO  c.c.g.r.c.t.s.i.TaskManagementServiceImpl - 任务已解析: taskId=e85196c1-59b4-4bc7-834e-5a71ec6ceb00
2026-10-06 05:14:48.100 [pool-2-thread-6] [] WARN  c.c.g.e.d.m.AutoCollectScheduler - AutoCollectScheduler 扫描失败: null
2026-10-06 05:14:48.101 [pool-2-thread-6] [] INFO  c.c.g.r.c.t.s.i.TaskManagementServiceImpl - 任务执行完成: taskId=e85196c1-59b4-4bc7-834e-5a71ec6ceb00, status=SUCCEEDED
2026-10-06 05:14:48.102 [pool-2-thread-6] [] INFO  c.c.g.r.c.t.s.TaskSchedulerServiceImpl - 定时任务已提交执行 taskId=e85196c1-59b4-4bc7-834e-5a71ec6ceb00 taskType=AUTO_COLLECT_SCAN scheduleId=5ec0f85a-1af7-4064-9ba5-713b4847ec50
2026-10-06 05:15:48.084 [pool-2-thread-6] [] INFO  c.c.g.r.c.t.s.i.TaskManagementServiceImpl - 任务已提交: taskId=e85196c1-59b4-4bc7-834e-5a71ec6ceb00, taskName=auto-collect-scan
2026-10-06 05:15:48.094 [pool-2-thread-6] [] INFO  c.c.g.r.c.t.s.i.TaskManagementServiceImpl - 任务已解析: taskId=e85196c1-59b4-4bc7-834e-5a71ec6ceb00
2026-10-06 05:15:48.096 [pool-2-thread-6] [] WARN  c.c.g.e.d.m.AutoCollectScheduler - AutoCollectScheduler 扫描失败: null
2026-10-06 05:15:48.097 [pool-2-thread-6] [] INFO  c.c.g.r.c.t.s.i.TaskManagementServiceImpl - 任务执行完成: taskId=e85196c1-59b4-4bc7-834e-5a71ec6ceb00, status=SUCCEEDED
2026-10-06 05:15:48.098 [pool-2-thread-6] [] INFO  c.c.g.r.c.t.s.TaskSchedulerServiceImpl - 定时任务已提交执行 taskId=e85196c1-59b4-4bc7-834e-5a71ec6ceb00 taskType=AUTO_COLLECT_SCAN scheduleId=5ec0f85a-1af7-4064-9ba5-713b4847ec50
2026-10-06 05:16:48.080 [pool-2-thread-6] [] INFO  c.c.g.r.c.t.s.i.TaskManagementServiceImpl - 任务已提交: taskId=e85196c1-59b4-4bc7-834e-5a71ec6ceb00, taskName=auto-collect-scan
2026-10-06 05:16:48.090 [pool-2-thread-6] [] INFO  c.c.g.r.c.t.s.i.TaskManagementServiceImpl - 任务已解析: taskId=e85196c1-59b4-4bc7-834e-5a71ec6ceb00
2026-10-06 05:16:48.092 [pool-2-thread-6] [] WARN  c.c.g.e.d.m.AutoCollectScheduler - AutoCollectScheduler 扫描失败: null
2026-10-06 05:16:48.093 [pool-2-thread-6] [] INFO  c.c.g.r.c.t.s.i.TaskManagementServiceImpl - 任务执行完成: taskId=e85196c1-59b4-4bc7-834e-5a71ec6ceb00, status=SUCCEEDED
2026-10-06 05:16:48.094 [pool-2-thread-6] [] INFO  c.c.g.r.c.t.s.TaskSchedulerServiceImpl - 定时任务已提交执行 taskId=e85196c1-59b4-4bc7-834e-5a71ec6ceb00 taskType=AUTO_COLLECT_SCAN scheduleId=5ec0f85a-1af7-4064-9ba5-713b4847ec50
2026-10-06 05:17:48.073 [pool-2-thread-6] [] INFO  c.c.g.r.c.t.s.i.TaskManagementServiceImpl - 任务已提交: taskId=e85196c1-59b4-4bc7-834e-5a71ec6ceb00, taskName=auto-collect-scan
2026-10-06 05:17:48.083 [pool-2-thread-6] [] INFO  c.c.g.r.c.t.s.i.TaskManagementServiceImpl - 任务已解析: taskId=e85196c1-59b4-4bc7-834e-5a71ec6ceb00
2026-10-06 05:17:48.085 [pool-2-thread-6] [] WARN  c.c.g.e.d.m.AutoCollectScheduler - AutoCollectScheduler 扫描失败: null
2026-10-06 05:17:48.085 [pool-2-thread-6] [] INFO  c.c.g.r.c.t.s.i.TaskManagementServiceImpl - 任务执行完成: taskId=e85196c1-59b4-4bc7-834e-5a71ec6ceb00, status=SUCCEEDED
2026-10-06 05:17:48.086 [pool-2-thread-6] [] INFO  c.c.g.r.c.t.s.TaskSchedulerServiceImpl - 定时任务已提交执行 taskId=e85196c1-59b4-4bc7-834e-5a71ec6ceb00 taskType=AUTO_COLLECT_SCAN scheduleId=5ec0f85a-1af7-4064-9ba5-713b4847ec50
2026-10-06 05:18:48.083 [pool-2-thread-6] [] INFO  c.c.g.r.c.t.s.i.TaskManagementServiceImpl - 任务已提交: taskId=e85196c1-59b4-4bc7-834e-5a71ec6ceb00, taskName=auto-collect-scan
2026-10-06 05:18:48.088 [pool-2-thread-6] [] INFO  c.c.g.r.c.t.s.i.TaskManagementServiceImpl - 任务已解析: taskId=e85196c1-59b4-4bc7-834e-5a71ec6ceb00
2026-10-06 05:18:48.090 [pool-2-thread-6] [] WARN  c.c.g.e.d.m.AutoCollectScheduler - AutoCollectScheduler 扫描失败: null
2026-10-06 05:18:48.091 [pool-2-thread-6] [] INFO  c.c.g.r.c.t.s.i.TaskManagementServiceImpl - 任务执行完成: taskId=e85196c1-59b4-4bc7-834e-5a71ec6ceb00, status=SUCCEEDED
2026-10-06 05:18:48.092 [pool-2-thread-6] [] INFO  c.c.g.r.c.t.s.TaskSchedulerServiceImpl - 定时任务已提交执行 taskId=e85196c1-59b4-4bc7-834e-5a71ec6ceb00 taskType=AUTO_COLLECT_SCAN scheduleId=5ec0f85a-1af7-4064-9ba5-713b4847ec50
2026-10-06 05:19:48.083 [pool-2-thread-6] [] INFO  c.c.g.r.c.t.s.i.TaskManagementServiceImpl - 任务已提交: taskId=e85196c1-59b4-4bc7-834e-5a71ec6ceb00, taskName=auto-collect-scan
2026-10-06 05:19:48.087 [pool-2-thread-6] [] INFO  c.c.g.r.c.t.s.i.TaskManagementServiceImpl - 任务已解析: taskId=e85196c1-59b4-4bc7-834e-5a71ec6ceb00
2026-10-06 05:19:48.088 [pool-2-thread-6] [] WARN  c.c.g.e.d.m.AutoCollectScheduler - AutoCollectScheduler 扫描失败: null
2026-10-06 05:19:48.089 [pool-2-thread-6] [] INFO  c.c.g.r.c.t.s.i.TaskManagementServiceImpl - 任务执行完成: taskId=e85196c1-59b4-4bc7-834e-5a71ec6ceb00, status=SUCCEEDED
2026-10-06 05:19:48.090 [pool-2-thread-6] [] INFO  c.c.g.r.c.t.s.TaskSchedulerServiceImpl - 定时任务已提交执行 taskId=e85196c1-59b4-4bc7-834e-5a71ec6ceb00 taskType=AUTO_COLLECT_SCAN scheduleId=5ec0f85a-1af7-4064-9ba5-713b4847ec50
2026-10-06 05:20:48.081 [pool-2-thread-6] [] INFO  c.c.g.r.c.t.s.i.TaskManagementServiceImpl - 任务已提交: taskId=e85196c1-59b4-4bc7-834e-5a71ec6ceb00, taskName=auto-collect-scan
2026-10-06 05:20:48.093 [pool-2-thread-6] [] INFO  c.c.g.r.c.t.s.i.TaskManagementServiceImpl - 任务已解析: taskId=e85196c1-59b4-4bc7-834e-5a71ec6ceb00
2026-10-06 05:20:48.095 [pool-2-thread-6] [] WARN  c.c.g.e.d.m.AutoCollectScheduler - AutoCollectScheduler 扫描失败: null
2026-10-06 05:20:48.096 [pool-2-thread-6] [] INFO  c.c.g.r.c.t.s.i.TaskManagementServiceImpl - 任务执行完成: taskId=e85196c1-59b4-4bc7-834e-5a71ec6ceb00, status=SUCCEEDED
2026-10-06 05:20:48.097 [pool-2-thread-6] [] INFO  c.c.g.r.c.t.s.TaskSchedulerServiceImpl - 定时任务已提交执行 taskId=e85196c1-59b4-4bc7-834e-5a71ec6ceb00 taskType=AUTO_COLLECT_SCAN scheduleId=5ec0f85a-1af7-4064-9ba5-713b4847ec50
2026-10-06 05:21:48.078 [pool-2-thread-6] [] INFO  c.c.g.r.c.t.s.i.TaskManagementServiceImpl - 任务已提交: taskId=e85196c1-59b4-4bc7-834e-5a71ec6ceb00, taskName=auto-collect-scan
2026-10-06 05:21:48.080 [pool-2-thread-6] [] INFO  c.c.g.r.c.t.s.i.TaskManagementServiceImpl - 任务已解析: taskId=e85196c1-59b4-4bc7-834e-5a71ec6ceb00
2026-10-06 05:21:48.081 [pool-2-thread-6] [] WARN  c.c.g.e.d.m.AutoCollectScheduler - AutoCollectScheduler 扫描失败: null
2026-10-06 05:21:48.082 [pool-2-thread-6] [] INFO  c.c.g.r.c.t.s.i.TaskManagementServiceImpl - 任务执行完成: taskId=e85196c1-59b4-4bc7-834e-5a71ec6ceb00, status=SUCCEEDED
2026-10-06 05:21:48.083 [pool-2-thread-6] [] INFO  c.c.g.r.c.t.s.TaskSchedulerServiceImpl - 定时任务已提交执行 taskId=e85196c1-59b4-4bc7-834e-5a71ec6ceb00 taskType=AUTO_COLLECT_SCAN scheduleId=5ec0f85a-1af7-4064-9ba5-713b4847ec50
2026-10-06 05:22:48.073 [pool-2-thread-6] [] INFO  c.c.g.r.c.t.s.i.TaskManagementServiceImpl - 任务已提交: taskId=e85196c1-59b4-4bc7-834e-5a71ec6ceb00, taskName=auto-collect-scan
2026-10-06 05:22:48.074 [pool-2-thread-6] [] INFO  c.c.g.r.c.t.s.i.TaskManagementServiceImpl - 任务已解析: taskId=e85196c1-59b4-4bc7-834e-5a71ec6ceb00
2026-10-06 05:22:48.076 [pool-2-thread-6] [] WARN  c.c.g.e.d.m.AutoCollectScheduler - AutoCollectScheduler 扫描失败: null
2026-10-06 05:22:48.077 [pool-2-thread-6] [] INFO  c.c.g.r.c.t.s.i.TaskManagementServiceImpl - 任务执行完成: taskId=e85196c1-59b4-4bc7-834e-5a71ec6ceb00, status=SUCCEEDED
2026-10-06 05:22:48.078 [pool-2-thread-6] [] INFO  c.c.g.r.c.t.s.TaskSchedulerServiceImpl - 定时任务已提交执行 taskId=e85196c1-59b4-4bc7-834e-5a71ec6ceb00 taskType=AUTO_COLLECT_SCAN scheduleId=5ec0f85a-1af7-4064-9ba5-713b4847ec50
2026-10-06 05:23:48.087 [pool-2-thread-6] [] INFO  c.c.g.r.c.t.s.i.TaskManagementServiceImpl - 任务已提交: taskId=e85196c1-59b4-4bc7-834e-5a71ec6ceb00, taskName=auto-collect-scan
2026-10-06 05:23:48.098 [pool-2-thread-6] [] INFO  c.c.g.r.c.t.s.i.TaskManagementServiceImpl - 任务已解析: taskId=e85196c1-59b4-4bc7-834e-5a71ec6ceb00
2026-10-06 05:23:48.099 [pool-2-thread-6] [] WARN  c.c.g.e.d.m.AutoCollectScheduler - AutoCollectScheduler 扫描失败: null
2026-10-06 05:23:48.101 [pool-2-thread-6] [] INFO  c.c.g.r.c.t.s.i.TaskManagementServiceImpl - 任务执行完成: taskId=e85196c1-59b4-4bc7-834e-5a71ec6ceb00, status=SUCCEEDED
2026-10-06 05:23:48.101 [pool-2-thread-6] [] INFO  c.c.g.r.c.t.s.TaskSchedulerServiceImpl - 定时任务已提交执行 taskId=e85196c1-59b4-4bc7-834e-5a71ec6ceb00 taskType=AUTO_COLLECT_SCAN scheduleId=5ec0f85a-1af7-4064-9ba5-713b4847ec50
2026-10-06 05:24:48.086 [pool-2-thread-6] [] INFO  c.c.g.r.c.t.s.i.TaskManagementServiceImpl - 任务已提交: taskId=e85196c1-59b4-4bc7-834e-5a71ec6ceb00, taskName=auto-collect-scan
2026-10-06 05:24:48.097 [pool-2-thread-6] [] INFO  c.c.g.r.c.t.s.i.TaskManagementServiceImpl - 任务已解析: taskId=e85196c1-59b4-4bc7-834e-5a71ec6ceb00
2026-10-06 05:24:48.098 [pool-2-thread-6] [] WARN  c.c.g.e.d.m.AutoCollectScheduler - AutoCollectScheduler 扫描失败: null
2026-10-06 05:24:48.099 [pool-2-thread-6] [] INFO  c.c.g.r.c.t.s.i.TaskManagementServiceImpl - 任务执行完成: taskId=e85196c1-59b4-4bc7-834e-5a71ec6ceb00, status=SUCCEEDED
2026-10-06 05:24:48.101 [pool-2-thread-6] [] INFO  c.c.g.r.c.t.s.TaskSchedulerServiceImpl - 定时任务已提交执行 taskId=e85196c1-59b4-4bc7-834e-5a71ec6ceb00 taskType=AUTO_COLLECT_SCAN scheduleId=5ec0f85a-1af7-4064-9ba5-713b4847ec50
2026-10-06 05:25:48.086 [pool-2-thread-6] [] INFO  c.c.g.r.c.t.s.i.TaskManagementServiceImpl - 任务已提交: taskId=e85196c1-59b4-4bc7-834e-5a71ec6ceb00, taskName=auto-collect-scan
2026-10-06 05:25:48.091 [pool-2-thread-6] [] INFO  c.c.g.r.c.t.s.i.TaskManagementServiceImpl - 任务已解析: taskId=e85196c1-59b4-4bc7-834e-5a71ec6ceb00
2026-10-06 05:25:48.095 [pool-2-thread-6] [] WARN  c.c.g.e.d.m.AutoCollectScheduler - AutoCollectScheduler 扫描失败: null
2026-10-06 05:25:48.098 [pool-2-thread-6] [] INFO  c.c.g.r.c.t.s.i.TaskManagementServiceImpl - 任务执行完成: taskId=e85196c1-59b4-4bc7-834e-5a71ec6ceb00, status=SUCCEEDED
2026-10-06 05:25:48.099 [pool-2-thread-6] [] INFO  c.c.g.r.c.t.s.TaskSchedulerServiceImpl - 定时任务已提交执行 taskId=e85196c1-59b4-4bc7-834e-5a71ec6ceb00 taskType=AUTO_COLLECT_SCAN scheduleId=5ec0f85a-1af7-4064-9ba5-713b4847ec50
2026-10-06 05:26:48.076 [pool-2-thread-6] [] INFO  c.c.g.r.c.t.s.i.TaskManagementServiceImpl - 任务已提交: taskId=e85196c1-59b4-4bc7-834e-5a71ec6ceb00, taskName=auto-collect-scan
2026-10-06 05:26:48.078 [pool-2-thread-6] [] INFO  c.c.g.r.c.t.s.i.TaskManagementServiceImpl - 任务已解析: taskId=e85196c1-59b4-4bc7-834e-5a71ec6ceb00
2026-10-06 05:26:48.080 [pool-2-thread-6] [] WARN  c.c.g.e.d.m.AutoCollectScheduler - AutoCollectScheduler 扫描失败: null
2026-10-06 05:26:48.080 [pool-2-thread-6] [] INFO  c.c.g.r.c.t.s.i.TaskManagementServiceImpl - 任务执行完成: taskId=e85196c1-59b4-4bc7-834e-5a71ec6ceb00, status=SUCCEEDED
2026-10-06 05:26:48.081 [pool-2-thread-6] [] INFO  c.c.g.r.c.t.s.TaskSchedulerServiceImpl - 定时任务已提交执行 taskId=e85196c1-59b4-4bc7-834e-5a71ec6ceb00 taskType=AUTO_COLLECT_SCAN scheduleId=5ec0f85a-1af7-4064-9ba5-713b4847ec50
2026-10-06 05:27:48.087 [pool-2-thread-6] [] INFO  c.c.g.r.c.t.s.i.TaskManagementServiceImpl - 任务已提交: taskId=e85196c1-59b4-4bc7-834e-5a71ec6ceb00, taskName=auto-collect-scan
2026-10-06 05:27:48.089 [pool-2-thread-6] [] INFO  c.c.g.r.c.t.s.i.TaskManagementServiceImpl - 任务已解析: taskId=e85196c1-59b4-4bc7-834e-5a71ec6ceb00
2026-10-06 05:27:48.091 [pool-2-thread-6] [] WARN  c.c.g.e.d.m.AutoCollectScheduler - AutoCollectScheduler 扫描失败: null
2026-10-06 05:27:48.092 [pool-2-thread-6] [] INFO  c.c.g.r.c.t.s.i.TaskManagementServiceImpl - 任务执行完成: taskId=e85196c1-59b4-4bc7-834e-5a71ec6ceb00, status=SUCCEEDED
2026-10-06 05:27:48.094 [pool-2-thread-6] [] INFO  c.c.g.r.c.t.s.TaskSchedulerServiceImpl - 定时任务已提交执行 taskId=e85196c1-59b4-4bc7-834e-5a71ec6ceb00 taskType=AUTO_COLLECT_SCAN scheduleId=5ec0f85a-1af7-4064-9ba5-713b4847ec50
2026-10-06 05:28:48.076 [pool-2-thread-6] [] INFO  c.c.g.r.c.t.s.i.TaskManagementServiceImpl - 任务已提交: taskId=e85196c1-59b4-4bc7-834e-5a71ec6ceb00, taskName=auto-collect-scan
2026-10-06 05:28:48.079 [pool-2-thread-6] [] INFO  c.c.g.r.c.t.s.i.TaskManagementServiceImpl - 任务已解析: taskId=e85196c1-59b4-4bc7-834e-5a71ec6ceb00
2026-10-06 05:28:48.080 [pool-2-thread-6] [] WARN  c.c.g.e.d.m.AutoCollectScheduler - AutoCollectScheduler 扫描失败: null
2026-10-06 05:28:48.082 [pool-2-thread-6] [] INFO  c.c.g.r.c.t.s.i.TaskManagementServiceImpl - 任务执行完成: taskId=e85196c1-59b4-4bc7-834e-5a71ec6ceb00, status=SUCCEEDED
2026-10-06 05:28:48.083 [pool-2-thread-6] [] INFO  c.c.g.r.c.t.s.TaskSchedulerServiceImpl - 定时任务已提交执行 taskId=e85196c1-59b4-4bc7-834e-5a71ec6ceb00 taskType=AUTO_COLLECT_SCAN scheduleId=5ec0f85a-1af7-4064-9ba5-713b4847ec50
2026-10-06 05:29:48.080 [pool-2-thread-6] [] INFO  c.c.g.r.c.t.s.i.TaskManagementServiceImpl - 任务已提交: taskId=e85196c1-59b4-4bc7-834e-5a71ec6ceb00, taskName=auto-collect-scan
2026-10-06 05:29:48.081 [pool-2-thread-6] [] INFO  c.c.g.r.c.t.s.i.TaskManagementServiceImpl - 任务已解析: taskId=e85196c1-59b4-4bc7-834e-5a71ec6ceb00
2026-10-06 05:29:48.082 [pool-2-thread-6] [] WARN  c.c.g.e.d.m.AutoCollectScheduler - AutoCollectScheduler 扫描失败: null
2026-10-06 05:29:48.083 [pool-2-thread-6] [] INFO  c.c.g.r.c.t.s.i.TaskManagementServiceImpl - 任务执行完成: taskId=e85196c1-59b4-4bc7-834e-5a71ec6ceb00, status=SUCCEEDED
2026-10-06 05:29:48.083 [pool-2-thread-6] [] INFO  c.c.g.r.c.t.s.TaskSchedulerServiceImpl - 定时任务已提交执行 taskId=e85196c1-59b4-4bc7-834e-5a71ec6ceb00 taskType=AUTO_COLLECT_SCAN scheduleId=5ec0f85a-1af7-4064-9ba5-713b4847ec50
2026-10-06 05:30:48.078 [pool-2-thread-6] [] INFO  c.c.g.r.c.t.s.i.TaskManagementServiceImpl - 任务已提交: taskId=e85196c1-59b4-4bc7-834e-5a71ec6ceb00, taskName=auto-collect-scan
2026-10-06 05:30:48.080 [pool-2-thread-6] [] INFO  c.c.g.r.c.t.s.i.TaskManagementServiceImpl - 任务已解析: taskId=e85196c1-59b4-4bc7-834e-5a71ec6ceb00
2026-10-06 05:30:48.082 [pool-2-thread-6] [] WARN  c.c.g.e.d.m.AutoCollectScheduler - AutoCollectScheduler 扫描失败: null
2026-10-06 05:30:48.084 [pool-2-thread-6] [] INFO  c.c.g.r.c.t.s.i.TaskManagementServiceImpl - 任务执行完成: taskId=e85196c1-59b4-4bc7-834e-5a71ec6ceb00, status=SUCCEEDED
2026-10-06 05:30:48.085 [pool-2-thread-6] [] INFO  c.c.g.r.c.t.s.TaskSchedulerServiceImpl - 定时任务已提交执行 taskId=e85196c1-59b4-4bc7-834e-5a71ec6ceb00 taskType=AUTO_COLLECT_SCAN scheduleId=5ec0f85a-1af7-4064-9ba5-713b4847ec50
2026-10-06 05:31:48.088 [pool-2-thread-6] [] INFO  c.c.g.r.c.t.s.i.TaskManagementServiceImpl - 任务已提交: taskId=e85196c1-59b4-4bc7-834e-5a71ec6ceb00, taskName=auto-collect-scan
2026-10-06 05:31:48.090 [pool-2-thread-6] [] INFO  c.c.g.r.c.t.s.i.TaskManagementServiceImpl - 任务已解析: taskId=e85196c1-59b4-4bc7-834e-5a71ec6ceb00
2026-10-06 05:31:48.092 [pool-2-thread-6] [] WARN  c.c.g.e.d.m.AutoCollectScheduler - AutoCollectScheduler 扫描失败: null
2026-10-06 05:31:48.093 [pool-2-thread-6] [] INFO  c.c.g.r.c.t.s.i.TaskManagementServiceImpl - 任务执行完成: taskId=e85196c1-59b4-4bc7-834e-5a71ec6ceb00, status=SUCCEEDED
2026-10-06 05:31:48.094 [pool-2-thread-6] [] INFO  c.c.g.r.c.t.s.TaskSchedulerServiceImpl - 定时任务已提交执行 taskId=e85196c1-59b4-4bc7-834e-5a71ec6ceb00 taskType=AUTO_COLLECT_SCAN scheduleId=5ec0f85a-1af7-4064-9ba5-713b4847ec50
2026-10-06 05:32:48.076 [pool-2-thread-6] [] INFO  c.c.g.r.c.t.s.i.TaskManagementServiceImpl - 任务已提交: taskId=e85196c1-59b4-4bc7-834e-5a71ec6ceb00, taskName=auto-collect-scan
2026-10-06 05:32:48.078 [pool-2-thread-6] [] INFO  c.c.g.r.c.t.s.i.TaskManagementServiceImpl - 任务已解析: taskId=e85196c1-59b4-4bc7-834e-5a71ec6ceb00
2026-10-06 05:32:48.082 [pool-2-thread-6] [] WARN  c.c.g.e.d.m.AutoCollectScheduler - AutoCollectScheduler 扫描失败: null
2026-10-06 05:32:48.084 [pool-2-thread-6] [] INFO  c.c.g.r.c.t.s.i.TaskManagementServiceImpl - 任务执行完成: taskId=e85196c1-59b4-4bc7-834e-5a71ec6ceb00, status=SUCCEEDED
2026-10-06 05:32:48.086 [pool-2-thread-6] [] INFO  c.c.g.r.c.t.s.TaskSchedulerServiceImpl - 定时任务已提交执行 taskId=e85196c1-59b4-4bc7-834e-5a71ec6ceb00 taskType=AUTO_COLLECT_SCAN scheduleId=5ec0f85a-1af7-4064-9ba5-713b4847ec50
2026-10-06 05:33:48.082 [pool-2-thread-6] [] INFO  c.c.g.r.c.t.s.i.TaskManagementServiceImpl - 任务已提交: taskId=e85196c1-59b4-4bc7-834e-5a71ec6ceb00, taskName=auto-collect-scan
2026-10-06 05:33:48.084 [pool-2-thread-6] [] INFO  c.c.g.r.c.t.s.i.TaskManagementServiceImpl - 任务已解析: taskId=e85196c1-59b4-4bc7-834e-5a71ec6ceb00
2026-10-06 05:33:48.085 [pool-2-thread-6] [] WARN  c.c.g.e.d.m.AutoCollectScheduler - AutoCollectScheduler 扫描失败: null
2026-10-06 05:33:48.086 [pool-2-thread-6] [] INFO  c.c.g.r.c.t.s.i.TaskManagementServiceImpl - 任务执行完成: taskId=e85196c1-59b4-4bc7-834e-5a71ec6ceb00, status=SUCCEEDED
2026-10-06 05:33:48.087 [pool-2-thread-6] [] INFO  c.c.g.r.c.t.s.TaskSchedulerServiceImpl - 定时任务已提交执行 taskId=e85196c1-59b4-4bc7-834e-5a71ec6ceb00 taskType=AUTO_COLLECT_SCAN scheduleId=5ec0f85a-1af7-4064-9ba5-713b4847ec50
2026-10-06 05:34:48.079 [pool-2-thread-6] [] INFO  c.c.g.r.c.t.s.i.TaskManagementServiceImpl - 任务已提交: taskId=e85196c1-59b4-4bc7-834e-5a71ec6ceb00, taskName=auto-collect-scan
2026-10-06 05:34:48.081 [pool-2-thread-6] [] INFO  c.c.g.r.c.t.s.i.TaskManagementServiceImpl - 任务已解析: taskId=e85196c1-59b4-4bc7-834e-5a71ec6ceb00
2026-10-06 05:34:48.084 [pool-2-thread-6] [] WARN  c.c.g.e.d.m.AutoCollectScheduler - AutoCollectScheduler 扫描失败: null
2026-10-06 05:34:48.085 [pool-2-thread-6] [] INFO  c.c.g.r.c.t.s.i.TaskManagementServiceImpl - 任务执行完成: taskId=e85196c1-59b4-4bc7-834e-5a71ec6ceb00, status=SUCCEEDED
2026-10-06 05:34:48.086 [pool-2-thread-6] [] INFO  c.c.g.r.c.t.s.TaskSchedulerServiceImpl - 定时任务已提交执行 taskId=e85196c1-59b4-4bc7-834e-5a71ec6ceb00 taskType=AUTO_COLLECT_SCAN scheduleId=5ec0f85a-1af7-4064-9ba5-713b4847ec50
2026-10-06 05:35:48.076 [pool-2-thread-6] [] INFO  c.c.g.r.c.t.s.i.TaskManagementServiceImpl - 任务已提交: taskId=e85196c1-59b4-4bc7-834e-5a71ec6ceb00, taskName=auto-collect-scan
2026-10-06 05:35:48.077 [pool-2-thread-6] [] INFO  c.c.g.r.c.t.s.i.TaskManagementServiceImpl - 任务已解析: taskId=e85196c1-59b4-4bc7-834e-5a71ec6ceb00
2026-10-06 05:35:48.079 [pool-2-thread-6] [] WARN  c.c.g.e.d.m.AutoCollectScheduler - AutoCollectScheduler 扫描失败: null
2026-10-06 05:35:48.080 [pool-2-thread-6] [] INFO  c.c.g.r.c.t.s.i.TaskManagementServiceImpl - 任务执行完成: taskId=e85196c1-59b4-4bc7-834e-5a71ec6ceb00, status=SUCCEEDED
2026-10-06 05:35:48.080 [pool-2-thread-6] [] INFO  c.c.g.r.c.t.s.TaskSchedulerServiceImpl - 定时任务已提交执行 taskId=e85196c1-59b4-4bc7-834e-5a71ec6ceb00 taskType=AUTO_COLLECT_SCAN scheduleId=5ec0f85a-1af7-4064-9ba5-713b4847ec50
2026-10-06 05:36:48.075 [pool-2-thread-6] [] INFO  c.c.g.r.c.t.s.i.TaskManagementServiceImpl - 任务已提交: taskId=e85196c1-59b4-4bc7-834e-5a71ec6ceb00, taskName=auto-collect-scan
2026-10-06 05:36:48.086 [pool-2-thread-6] [] INFO  c.c.g.r.c.t.s.i.TaskManagementServiceImpl - 任务已解析: taskId=e85196c1-59b4-4bc7-834e-5a71ec6ceb00
2026-10-06 05:36:48.088 [pool-2-thread-6] [] WARN  c.c.g.e.d.m.AutoCollectScheduler - AutoCollectScheduler 扫描失败: null
2026-10-06 05:36:48.090 [pool-2-thread-6] [] INFO  c.c.g.r.c.t.s.i.TaskManagementServiceImpl - 任务执行完成: taskId=e85196c1-59b4-4bc7-834e-5a71ec6ceb00, status=SUCCEEDED
2026-10-06 05:36:48.091 [pool-2-thread-6] [] INFO  c.c.g.r.c.t.s.TaskSchedulerServiceImpl - 定时任务已提交执行 taskId=e85196c1-59b4-4bc7-834e-5a71ec6ceb00 taskType=AUTO_COLLECT_SCAN scheduleId=5ec0f85a-1af7-4064-9ba5-713b4847ec50
2026-10-06 05:37:48.078 [pool-2-thread-6] [] INFO  c.c.g.r.c.t.s.i.TaskManagementServiceImpl - 任务已提交: taskId=e85196c1-59b4-4bc7-834e-5a71ec6ceb00, taskName=auto-collect-scan
2026-10-06 05:37:48.079 [pool-2-thread-6] [] INFO  c.c.g.r.c.t.s.i.TaskManagementServiceImpl - 任务已解析: taskId=e85196c1-59b4-4bc7-834e-5a71ec6ceb00
2026-10-06 05:37:48.082 [pool-2-thread-6] [] WARN  c.c.g.e.d.m.AutoCollectScheduler - AutoCollectScheduler 扫描失败: null
2026-10-06 05:37:48.083 [pool-2-thread-6] [] INFO  c.c.g.r.c.t.s.i.TaskManagementServiceImpl - 任务执行完成: taskId=e85196c1-59b4-4bc7-834e-5a71ec6ceb00, status=SUCCEEDED
2026-10-06 05:37:48.084 [pool-2-thread-6] [] INFO  c.c.g.r.c.t.s.TaskSchedulerServiceImpl - 定时任务已提交执行 taskId=e85196c1-59b4-4bc7-834e-5a71ec6ceb00 taskType=AUTO_COLLECT_SCAN scheduleId=5ec0f85a-1af7-4064-9ba5-713b4847ec50
2026-10-06 05:38:48.074 [pool-2-thread-6] [] INFO  c.c.g.r.c.t.s.i.TaskManagementServiceImpl - 任务已提交: taskId=e85196c1-59b4-4bc7-834e-5a71ec6ceb00, taskName=auto-collect-scan
2026-10-06 05:38:48.086 [pool-2-thread-6] [] INFO  c.c.g.r.c.t.s.i.TaskManagementServiceImpl - 任务已解析: taskId=e85196c1-59b4-4bc7-834e-5a71ec6ceb00
2026-10-06 05:38:48.087 [pool-2-thread-6] [] WARN  c.c.g.e.d.m.AutoCollectScheduler - AutoCollectScheduler 扫描失败: null
2026-10-06 05:38:48.089 [pool-2-thread-6] [] INFO  c.c.g.r.c.t.s.i.TaskManagementServiceImpl - 任务执行完成: taskId=e85196c1-59b4-4bc7-834e-5a71ec6ceb00, status=SUCCEEDED
2026-10-06 05:38:48.090 [pool-2-thread-6] [] INFO  c.c.g.r.c.t.s.TaskSchedulerServiceImpl - 定时任务已提交执行 taskId=e85196c1-59b4-4bc7-834e-5a71ec6ceb00 taskType=AUTO_COLLECT_SCAN scheduleId=5ec0f85a-1af7-4064-9ba5-713b4847ec50
2026-10-06 05:39:48.076 [pool-2-thread-6] [] INFO  c.c.g.r.c.t.s.i.TaskManagementServiceImpl - 任务已提交: taskId=e85196c1-59b4-4bc7-834e-5a71ec6ceb00, taskName=auto-collect-scan
2026-10-06 05:39:48.079 [pool-2-thread-6] [] INFO  c.c.g.r.c.t.s.i.TaskManagementServiceImpl - 任务已解析: taskId=e85196c1-59b4-4bc7-834e-5a71ec6ceb00
2026-10-06 05:39:48.081 [pool-2-thread-6] [] WARN  c.c.g.e.d.m.AutoCollectScheduler - AutoCollectScheduler 扫描失败: null
2026-10-06 05:39:48.082 [pool-2-thread-6] [] INFO  c.c.g.r.c.t.s.i.TaskManagementServiceImpl - 任务执行完成: taskId=e85196c1-59b4-4bc7-834e-5a71ec6ceb00, status=SUCCEEDED
2026-10-06 05:39:48.083 [pool-2-thread-6] [] INFO  c.c.g.r.c.t.s.TaskSchedulerServiceImpl - 定时任务已提交执行 taskId=e85196c1-59b4-4bc7-834e-5a71ec6ceb00 taskType=AUTO_COLLECT_SCAN scheduleId=5ec0f85a-1af7-4064-9ba5-713b4847ec50
2026-10-06 05:40:48.077 [pool-2-thread-6] [] INFO  c.c.g.r.c.t.s.i.TaskManagementServiceImpl - 任务已提交: taskId=e85196c1-59b4-4bc7-834e-5a71ec6ceb00, taskName=auto-collect-scan
2026-10-06 05:40:48.079 [pool-2-thread-6] [] INFO  c.c.g.r.c.t.s.i.TaskManagementServiceImpl - 任务已解析: taskId=e85196c1-59b4-4bc7-834e-5a71ec6ceb00
2026-10-06 05:40:48.081 [pool-2-thread-6] [] WARN  c.c.g.e.d.m.AutoCollectScheduler - AutoCollectScheduler 扫描失败: null
2026-10-06 05:40:48.082 [pool-2-thread-6] [] INFO  c.c.g.r.c.t.s.i.TaskManagementServiceImpl - 任务执行完成: taskId=e85196c1-59b4-4bc7-834e-5a71ec6ceb00, status=SUCCEEDED
2026-10-06 05:40:48.083 [pool-2-thread-6] [] INFO  c.c.g.r.c.t.s.TaskSchedulerServiceImpl - 定时任务已提交执行 taskId=e85196c1-59b4-4bc7-834e-5a71ec6ceb00 taskType=AUTO_COLLECT_SCAN scheduleId=5ec0f85a-1af7-4064-9ba5-713b4847ec50
2026-10-06 05:41:48.087 [pool-2-thread-6] [] INFO  c.c.g.r.c.t.s.i.TaskManagementServiceImpl - 任务已提交: taskId=e85196c1-59b4-4bc7-834e-5a71ec6ceb00, taskName=auto-collect-scan
2026-10-06 05:41:48.098 [pool-2-thread-6] [] INFO  c.c.g.r.c.t.s.i.TaskManagementServiceImpl - 任务已解析: taskId=e85196c1-59b4-4bc7-834e-5a71ec6ceb00
2026-10-06 05:41:48.099 [pool-2-thread-6] [] WARN  c.c.g.e.d.m.AutoCollectScheduler - AutoCollectScheduler 扫描失败: null
2026-10-06 05:41:48.100 [pool-2-thread-6] [] INFO  c.c.g.r.c.t.s.i.TaskManagementServiceImpl - 任务执行完成: taskId=e85196c1-59b4-4bc7-834e-5a71ec6ceb00, status=SUCCEEDED
2026-10-06 05:41:48.101 [pool-2-thread-6] [] INFO  c.c.g.r.c.t.s.TaskSchedulerServiceImpl - 定时任务已提交执行 taskId=e85196c1-59b4-4bc7-834e-5a71ec6ceb00 taskType=AUTO_COLLECT_SCAN scheduleId=5ec0f85a-1af7-4064-9ba5-713b4847ec50
2026-10-06 05:42:48.087 [pool-2-thread-6] [] INFO  c.c.g.r.c.t.s.i.TaskManagementServiceImpl - 任务已提交: taskId=e85196c1-59b4-4bc7-834e-5a71ec6ceb00, taskName=auto-collect-scan
2026-10-06 05:42:48.099 [pool-2-thread-6] [] INFO  c.c.g.r.c.t.s.i.TaskManagementServiceImpl - 任务已解析: taskId=e85196c1-59b4-4bc7-834e-5a71ec6ceb00
2026-10-06 05:42:48.100 [pool-2-thread-6] [] WARN  c.c.g.e.d.m.AutoCollectScheduler - AutoCollectScheduler 扫描失败: null
2026-10-06 05:42:48.101 [pool-2-thread-6] [] INFO  c.c.g.r.c.t.s.i.TaskManagementServiceImpl - 任务执行完成: taskId=e85196c1-59b4-4bc7-834e-5a71ec6ceb00, status=SUCCEEDED
2026-10-06 05:42:48.102 [pool-2-thread-6] [] INFO  c.c.g.r.c.t.s.TaskSchedulerServiceImpl - 定时任务已提交执行 taskId=e85196c1-59b4-4bc7-834e-5a71ec6ceb00 taskType=AUTO_COLLECT_SCAN scheduleId=5ec0f85a-1af7-4064-9ba5-713b4847ec50
2026-10-06 05:43:48.079 [pool-2-thread-6] [] INFO  c.c.g.r.c.t.s.i.TaskManagementServiceImpl - 任务已提交: taskId=e85196c1-59b4-4bc7-834e-5a71ec6ceb00, taskName=auto-collect-scan
2026-10-06 05:43:48.082 [pool-2-thread-6] [] INFO  c.c.g.r.c.t.s.i.TaskManagementServiceImpl - 任务已解析: taskId=e85196c1-59b4-4bc7-834e-5a71ec6ceb00
2026-10-06 05:43:48.083 [pool-2-thread-6] [] WARN  c.c.g.e.d.m.AutoCollectScheduler - AutoCollectScheduler 扫描失败: null
2026-10-06 05:43:48.084 [pool-2-thread-6] [] INFO  c.c.g.r.c.t.s.i.TaskManagementServiceImpl - 任务执行完成: taskId=e85196c1-59b4-4bc7-834e-5a71ec6ceb00, status=SUCCEEDED
2026-10-06 05:43:48.085 [pool-2-thread-6] [] INFO  c.c.g.r.c.t.s.TaskSchedulerServiceImpl - 定时任务已提交执行 taskId=e85196c1-59b4-4bc7-834e-5a71ec6ceb00 taskType=AUTO_COLLECT_SCAN scheduleId=5ec0f85a-1af7-4064-9ba5-713b4847ec50
2026-10-06 05:44:48.080 [pool-2-thread-6] [] INFO  c.c.g.r.c.t.s.i.TaskManagementServiceImpl - 任务已提交: taskId=e85196c1-59b4-4bc7-834e-5a71ec6ceb00, taskName=auto-collect-scan
2026-10-06 05:44:48.092 [pool-2-thread-6] [] INFO  c.c.g.r.c.t.s.i.TaskManagementServiceImpl - 任务已解析: taskId=e85196c1-59b4-4bc7-834e-5a71ec6ceb00
2026-10-06 05:44:48.093 [pool-2-thread-6] [] WARN  c.c.g.e.d.m.AutoCollectScheduler - AutoCollectScheduler 扫描失败: null
2026-10-06 05:44:48.095 [pool-2-thread-6] [] INFO  c.c.g.r.c.t.s.i.TaskManagementServiceImpl - 任务执行完成: taskId=e85196c1-59b4-4bc7-834e-5a71ec6ceb00, status=SUCCEEDED
2026-10-06 05:44:48.096 [pool-2-thread-6] [] INFO  c.c.g.r.c.t.s.TaskSchedulerServiceImpl - 定时任务已提交执行 taskId=e85196c1-59b4-4bc7-834e-5a71ec6ceb00 taskType=AUTO_COLLECT_SCAN scheduleId=5ec0f85a-1af7-4064-9ba5-713b4847ec50
2026-10-06 05:45:48.088 [pool-2-thread-6] [] INFO  c.c.g.r.c.t.s.i.TaskManagementServiceImpl - 任务已提交: taskId=e85196c1-59b4-4bc7-834e-5a71ec6ceb00, taskName=auto-collect-scan
2026-10-06 05:45:48.091 [pool-2-thread-6] [] INFO  c.c.g.r.c.t.s.i.TaskManagementServiceImpl - 任务已解析: taskId=e85196c1-59b4-4bc7-834e-5a71ec6ceb00
2026-10-06 05:45:48.093 [pool-2-thread-6] [] WARN  c.c.g.e.d.m.AutoCollectScheduler - AutoCollectScheduler 扫描失败: null
2026-10-06 05:45:48.094 [pool-2-thread-6] [] INFO  c.c.g.r.c.t.s.i.TaskManagementServiceImpl - 任务执行完成: taskId=e85196c1-59b4-4bc7-834e-5a71ec6ceb00, status=SUCCEEDED
2026-10-06 05:45:48.095 [pool-2-thread-6] [] INFO  c.c.g.r.c.t.s.TaskSchedulerServiceImpl - 定时任务已提交执行 taskId=e85196c1-59b4-4bc7-834e-5a71ec6ceb00 taskType=AUTO_COLLECT_SCAN scheduleId=5ec0f85a-1af7-4064-9ba5-713b4847ec50
2026-10-06 05:46:48.087 [pool-2-thread-6] [] INFO  c.c.g.r.c.t.s.i.TaskManagementServiceImpl - 任务已提交: taskId=e85196c1-59b4-4bc7-834e-5a71ec6ceb00, taskName=auto-collect-scan
2026-10-06 05:46:48.089 [pool-2-thread-6] [] INFO  c.c.g.r.c.t.s.i.TaskManagementServiceImpl - 任务已解析: taskId=e85196c1-59b4-4bc7-834e-5a71ec6ceb00
2026-10-06 05:46:48.090 [pool-2-thread-6] [] WARN  c.c.g.e.d.m.AutoCollectScheduler - AutoCollectScheduler 扫描失败: null
2026-10-06 05:46:48.091 [pool-2-thread-6] [] INFO  c.c.g.r.c.t.s.i.TaskManagementServiceImpl - 任务执行完成: taskId=e85196c1-59b4-4bc7-834e-5a71ec6ceb00, status=SUCCEEDED
2026-10-06 05:46:48.092 [pool-2-thread-6] [] INFO  c.c.g.r.c.t.s.TaskSchedulerServiceImpl - 定时任务已提交执行 taskId=e85196c1-59b4-4bc7-834e-5a71ec6ceb00 taskType=AUTO_COLLECT_SCAN scheduleId=5ec0f85a-1af7-4064-9ba5-713b4847ec50
2026-10-06 05:47:48.075 [pool-2-thread-6] [] INFO  c.c.g.r.c.t.s.i.TaskManagementServiceImpl - 任务已提交: taskId=e85196c1-59b4-4bc7-834e-5a71ec6ceb00, taskName=auto-collect-scan
2026-10-06 05:47:48.076 [pool-2-thread-6] [] INFO  c.c.g.r.c.t.s.i.TaskManagementServiceImpl - 任务已解析: taskId=e85196c1-59b4-4bc7-834e-5a71ec6ceb00
2026-10-06 05:47:48.077 [pool-2-thread-6] [] WARN  c.c.g.e.d.m.AutoCollectScheduler - AutoCollectScheduler 扫描失败: null
2026-10-06 05:47:48.078 [pool-2-thread-6] [] INFO  c.c.g.r.c.t.s.i.TaskManagementServiceImpl - 任务执行完成: taskId=e85196c1-59b4-4bc7-834e-5a71ec6ceb00, status=SUCCEEDED
2026-10-06 05:47:48.079 [pool-2-thread-6] [] INFO  c.c.g.r.c.t.s.TaskSchedulerServiceImpl - 定时任务已提交执行 taskId=e85196c1-59b4-4bc7-834e-5a71ec6ceb00 taskType=AUTO_COLLECT_SCAN scheduleId=5ec0f85a-1af7-4064-9ba5-713b4847ec50
2026-10-06 05:48:48.082 [pool-2-thread-6] [] INFO  c.c.g.r.c.t.s.i.TaskManagementServiceImpl - 任务已提交: taskId=e85196c1-59b4-4bc7-834e-5a71ec6ceb00, taskName=auto-collect-scan
2026-10-06 05:48:48.084 [pool-2-thread-6] [] INFO  c.c.g.r.c.t.s.i.TaskManagementServiceImpl - 任务已解析: taskId=e85196c1-59b4-4bc7-834e-5a71ec6ceb00
2026-10-06 05:48:48.086 [pool-2-thread-6] [] WARN  c.c.g.e.d.m.AutoCollectScheduler - AutoCollectScheduler 扫描失败: null
2026-10-06 05:48:48.088 [pool-2-thread-6] [] INFO  c.c.g.r.c.t.s.i.TaskManagementServiceImpl - 任务执行完成: taskId=e85196c1-59b4-4bc7-834e-5a71ec6ceb00, status=SUCCEEDED
2026-10-06 05:48:48.089 [pool-2-thread-6] [] INFO  c.c.g.r.c.t.s.TaskSchedulerServiceImpl - 定时任务已提交执行 taskId=e85196c1-59b4-4bc7-834e-5a71ec6ceb00 taskType=AUTO_COLLECT_SCAN scheduleId=5ec0f85a-1af7-4064-9ba5-713b4847ec50
2026-10-06 05:49:48.085 [pool-2-thread-6] [] INFO  c.c.g.r.c.t.s.i.TaskManagementServiceImpl - 任务已提交: taskId=e85196c1-59b4-4bc7-834e-5a71ec6ceb00, taskName=auto-collect-scan
2026-10-06 05:49:48.088 [pool-2-thread-6] [] INFO  c.c.g.r.c.t.s.i.TaskManagementServiceImpl - 任务已解析: taskId=e85196c1-59b4-4bc7-834e-5a71ec6ceb00
2026-10-06 05:49:48.090 [pool-2-thread-6] [] WARN  c.c.g.e.d.m.AutoCollectScheduler - AutoCollectScheduler 扫描失败: null
2026-10-06 05:49:48.092 [pool-2-thread-6] [] INFO  c.c.g.r.c.t.s.i.TaskManagementServiceImpl - 任务执行完成: taskId=e85196c1-59b4-4bc7-834e-5a71ec6ceb00, status=SUCCEEDED
2026-10-06 05:49:48.093 [pool-2-thread-6] [] INFO  c.c.g.r.c.t.s.TaskSchedulerServiceImpl - 定时任务已提交执行 taskId=e85196c1-59b4-4bc7-834e-5a71ec6ceb00 taskType=AUTO_COLLECT_SCAN scheduleId=5ec0f85a-1af7-4064-9ba5-713b4847ec50
2026-10-06 05:50:48.078 [pool-2-thread-6] [] INFO  c.c.g.r.c.t.s.i.TaskManagementServiceImpl - 任务已提交: taskId=e85196c1-59b4-4bc7-834e-5a71ec6ceb00, taskName=auto-collect-scan
2026-10-06 05:50:48.089 [pool-2-thread-6] [] INFO  c.c.g.r.c.t.s.i.TaskManagementServiceImpl - 任务已解析: taskId=e85196c1-59b4-4bc7-834e-5a71ec6ceb00
2026-10-06 05:50:48.091 [pool-2-thread-6] [] WARN  c.c.g.e.d.m.AutoCollectScheduler - AutoCollectScheduler 扫描失败: null
2026-10-06 05:50:48.092 [pool-2-thread-6] [] INFO  c.c.g.r.c.t.s.i.TaskManagementServiceImpl - 任务执行完成: taskId=e85196c1-59b4-4bc7-834e-5a71ec6ceb00, status=SUCCEEDED
2026-10-06 05:50:48.093 [pool-2-thread-6] [] INFO  c.c.g.r.c.t.s.TaskSchedulerServiceImpl - 定时任务已提交执行 taskId=e85196c1-59b4-4bc7-834e-5a71ec6ceb00 taskType=AUTO_COLLECT_SCAN scheduleId=5ec0f85a-1af7-4064-9ba5-713b4847ec50
2026-10-06 05:51:48.084 [pool-2-thread-6] [] INFO  c.c.g.r.c.t.s.i.TaskManagementServiceImpl - 任务已提交: taskId=e85196c1-59b4-4bc7-834e-5a71ec6ceb00, taskName=auto-collect-scan
2026-10-06 05:51:48.086 [pool-2-thread-6] [] INFO  c.c.g.r.c.t.s.i.TaskManagementServiceImpl - 任务已解析: taskId=e85196c1-59b4-4bc7-834e-5a71ec6ceb00
2026-10-06 05:51:48.087 [pool-2-thread-6] [] WARN  c.c.g.e.d.m.AutoCollectScheduler - AutoCollectScheduler 扫描失败: null
2026-10-06 05:51:48.089 [pool-2-thread-6] [] INFO  c.c.g.r.c.t.s.i.TaskManagementServiceImpl - 任务执行完成: taskId=e85196c1-59b4-4bc7-834e-5a71ec6ceb00, status=SUCCEEDED
2026-10-06 05:51:48.090 [pool-2-thread-6] [] INFO  c.c.g.r.c.t.s.TaskSchedulerServiceImpl - 定时任务已提交执行 taskId=e85196c1-59b4-4bc7-834e-5a71ec6ceb00 taskType=AUTO_COLLECT_SCAN scheduleId=5ec0f85a-1af7-4064-9ba5-713b4847ec50
2026-10-06 05:52:48.075 [pool-2-thread-6] [] INFO  c.c.g.r.c.t.s.i.TaskManagementServiceImpl - 任务已提交: taskId=e85196c1-59b4-4bc7-834e-5a71ec6ceb00, taskName=auto-collect-scan
2026-10-06 05:52:48.077 [pool-2-thread-6] [] INFO  c.c.g.r.c.t.s.i.TaskManagementServiceImpl - 任务已解析: taskId=e85196c1-59b4-4bc7-834e-5a71ec6ceb00
2026-10-06 05:52:48.078 [pool-2-thread-6] [] WARN  c.c.g.e.d.m.AutoCollectScheduler - AutoCollectScheduler 扫描失败: null
2026-10-06 05:52:48.079 [pool-2-thread-6] [] INFO  c.c.g.r.c.t.s.i.TaskManagementServiceImpl - 任务执行完成: taskId=e85196c1-59b4-4bc7-834e-5a71ec6ceb00, status=SUCCEEDED
2026-10-06 05:52:48.080 [pool-2-thread-6] [] INFO  c.c.g.r.c.t.s.TaskSchedulerServiceImpl - 定时任务已提交执行 taskId=e85196c1-59b4-4bc7-834e-5a71ec6ceb00 taskType=AUTO_COLLECT_SCAN scheduleId=5ec0f85a-1af7-4064-9ba5-713b4847ec50
2026-10-06 05:53:48.088 [pool-2-thread-6] [] INFO  c.c.g.r.c.t.s.i.TaskManagementServiceImpl - 任务已提交: taskId=e85196c1-59b4-4bc7-834e-5a71ec6ceb00, taskName=auto-collect-scan
2026-10-06 05:53:48.091 [pool-2-thread-6] [] INFO  c.c.g.r.c.t.s.i.TaskManagementServiceImpl - 任务已解析: taskId=e85196c1-59b4-4bc7-834e-5a71ec6ceb00
2026-10-06 05:53:48.092 [pool-2-thread-6] [] WARN  c.c.g.e.d.m.AutoCollectScheduler - AutoCollectScheduler 扫描失败: null
2026-10-06 05:53:48.094 [pool-2-thread-6] [] INFO  c.c.g.r.c.t.s.i.TaskManagementServiceImpl - 任务执行完成: taskId=e85196c1-59b4-4bc7-834e-5a71ec6ceb00, status=SUCCEEDED
2026-10-06 05:53:48.095 [pool-2-thread-6] [] INFO  c.c.g.r.c.t.s.TaskSchedulerServiceImpl - 定时任务已提交执行 taskId=e85196c1-59b4-4bc7-834e-5a71ec6ceb00 taskType=AUTO_COLLECT_SCAN scheduleId=5ec0f85a-1af7-4064-9ba5-713b4847ec50
2026-10-06 05:54:48.086 [pool-2-thread-6] [] INFO  c.c.g.r.c.t.s.i.TaskManagementServiceImpl - 任务已提交: taskId=e85196c1-59b4-4bc7-834e-5a71ec6ceb00, taskName=auto-collect-scan
2026-10-06 05:54:48.088 [pool-2-thread-6] [] INFO  c.c.g.r.c.t.s.i.TaskManagementServiceImpl - 任务已解析: taskId=e85196c1-59b4-4bc7-834e-5a71ec6ceb00
2026-10-06 05:54:48.089 [pool-2-thread-6] [] WARN  c.c.g.e.d.m.AutoCollectScheduler - AutoCollectScheduler 扫描失败: null
2026-10-06 05:54:48.091 [pool-2-thread-6] [] INFO  c.c.g.r.c.t.s.i.TaskManagementServiceImpl - 任务执行完成: taskId=e85196c1-59b4-4bc7-834e-5a71ec6ceb00, status=SUCCEEDED
2026-10-06 05:54:48.091 [pool-2-thread-6] [] INFO  c.c.g.r.c.t.s.TaskSchedulerServiceImpl - 定时任务已提交执行 taskId=e85196c1-59b4-4bc7-834e-5a71ec6ceb00 taskType=AUTO_COLLECT_SCAN scheduleId=5ec0f85a-1af7-4064-9ba5-713b4847ec50
2026-10-06 05:55:48.077 [pool-2-thread-6] [] INFO  c.c.g.r.c.t.s.i.TaskManagementServiceImpl - 任务已提交: taskId=e85196c1-59b4-4bc7-834e-5a71ec6ceb00, taskName=auto-collect-scan
2026-10-06 05:55:48.080 [pool-2-thread-6] [] INFO  c.c.g.r.c.t.s.i.TaskManagementServiceImpl - 任务已解析: taskId=e85196c1-59b4-4bc7-834e-5a71ec6ceb00
2026-10-06 05:55:48.082 [pool-2-thread-6] [] WARN  c.c.g.e.d.m.AutoCollectScheduler - AutoCollectScheduler 扫描失败: null
2026-10-06 05:55:48.084 [pool-2-thread-6] [] INFO  c.c.g.r.c.t.s.i.TaskManagementServiceImpl - 任务执行完成: taskId=e85196c1-59b4-4bc7-834e-5a71ec6ceb00, status=SUCCEEDED
2026-10-06 05:55:48.086 [pool-2-thread-6] [] INFO  c.c.g.r.c.t.s.TaskSchedulerServiceImpl - 定时任务已提交执行 taskId=e85196c1-59b4-4bc7-834e-5a71ec6ceb00 taskType=AUTO_COLLECT_SCAN scheduleId=5ec0f85a-1af7-4064-9ba5-713b4847ec50
2026-10-06 05:56:48.073 [pool-2-thread-6] [] INFO  c.c.g.r.c.t.s.i.TaskManagementServiceImpl - 任务已提交: taskId=e85196c1-59b4-4bc7-834e-5a71ec6ceb00, taskName=auto-collect-scan
2026-10-06 05:56:48.079 [pool-2-thread-6] [] INFO  c.c.g.r.c.t.s.i.TaskManagementServiceImpl - 任务已解析: taskId=e85196c1-59b4-4bc7-834e-5a71ec6ceb00
2026-10-06 05:56:48.082 [pool-2-thread-6] [] WARN  c.c.g.e.d.m.AutoCollectScheduler - AutoCollectScheduler 扫描失败: null
2026-10-06 05:56:48.084 [pool-2-thread-6] [] INFO  c.c.g.r.c.t.s.i.TaskManagementServiceImpl - 任务执行完成: taskId=e85196c1-59b4-4bc7-834e-5a71ec6ceb00, status=SUCCEEDED
2026-10-06 05:56:48.085 [pool-2-thread-6] [] INFO  c.c.g.r.c.t.s.TaskSchedulerServiceImpl - 定时任务已提交执行 taskId=e85196c1-59b4-4bc7-834e-5a71ec6ceb00 taskType=AUTO_COLLECT_SCAN scheduleId=5ec0f85a-1af7-4064-9ba5-713b4847ec50
2026-10-06 05:57:48.082 [pool-2-thread-6] [] INFO  c.c.g.r.c.t.s.i.TaskManagementServiceImpl - 任务已提交: taskId=e85196c1-59b4-4bc7-834e-5a71ec6ceb00, taskName=auto-collect-scan
2026-10-06 05:57:48.093 [pool-2-thread-6] [] INFO  c.c.g.r.c.t.s.i.TaskManagementServiceImpl - 任务已解析: taskId=e85196c1-59b4-4bc7-834e-5a71ec6ceb00
2026-10-06 05:57:48.094 [pool-2-thread-6] [] WARN  c.c.g.e.d.m.AutoCollectScheduler - AutoCollectScheduler 扫描失败: null
2026-10-06 05:57:48.094 [pool-2-thread-6] [] INFO  c.c.g.r.c.t.s.i.TaskManagementServiceImpl - 任务执行完成: taskId=e85196c1-59b4-4bc7-834e-5a71ec6ceb00, status=SUCCEEDED
2026-10-06 05:57:48.095 [pool-2-thread-6] [] INFO  c.c.g.r.c.t.s.TaskSchedulerServiceImpl - 定时任务已提交执行 taskId=e85196c1-59b4-4bc7-834e-5a71ec6ceb00 taskType=AUTO_COLLECT_SCAN scheduleId=5ec0f85a-1af7-4064-9ba5-713b4847ec50
2026-10-06 05:58:48.087 [pool-2-thread-6] [] INFO  c.c.g.r.c.t.s.i.TaskManagementServiceImpl - 任务已提交: taskId=e85196c1-59b4-4bc7-834e-5a71ec6ceb00, taskName=auto-collect-scan
2026-10-06 05:58:48.097 [pool-2-thread-6] [] INFO  c.c.g.r.c.t.s.i.TaskManagementServiceImpl - 任务已解析: taskId=e85196c1-59b4-4bc7-834e-5a71ec6ceb00
2026-10-06 05:58:48.098 [pool-2-thread-6] [] WARN  c.c.g.e.d.m.AutoCollectScheduler - AutoCollectScheduler 扫描失败: null
2026-10-06 05:58:48.100 [pool-2-thread-6] [] INFO  c.c.g.r.c.t.s.i.TaskManagementServiceImpl - 任务执行完成: taskId=e85196c1-59b4-4bc7-834e-5a71ec6ceb00, status=SUCCEEDED
2026-10-06 05:58:48.100 [pool-2-thread-6] [] INFO  c.c.g.r.c.t.s.TaskSchedulerServiceImpl - 定时任务已提交执行 taskId=e85196c1-59b4-4bc7-834e-5a71ec6ceb00 taskType=AUTO_COLLECT_SCAN scheduleId=5ec0f85a-1af7-4064-9ba5-713b4847ec50
2026-10-06 05:59:48.076 [pool-2-thread-6] [] INFO  c.c.g.r.c.t.s.i.TaskManagementServiceImpl - 任务已提交: taskId=e85196c1-59b4-4bc7-834e-5a71ec6ceb00, taskName=auto-collect-scan
2026-10-06 05:59:48.087 [pool-2-thread-6] [] INFO  c.c.g.r.c.t.s.i.TaskManagementServiceImpl - 任务已解析: taskId=e85196c1-59b4-4bc7-834e-5a71ec6ceb00
2026-10-06 05:59:48.090 [pool-2-thread-6] [] WARN  c.c.g.e.d.m.AutoCollectScheduler - AutoCollectScheduler 扫描失败: null
2026-10-06 05:59:48.091 [pool-2-thread-6] [] INFO  c.c.g.r.c.t.s.i.TaskManagementServiceImpl - 任务执行完成: taskId=e85196c1-59b4-4bc7-834e-5a71ec6ceb00, status=SUCCEEDED
2026-10-06 05:59:48.092 [pool-2-thread-6] [] INFO  c.c.g.r.c.t.s.TaskSchedulerServiceImpl - 定时任务已提交执行 taskId=e85196c1-59b4-4bc7-834e-5a71ec6ceb00 taskType=AUTO_COLLECT_SCAN scheduleId=5ec0f85a-1af7-4064-9ba5-713b4847ec50
2026-10-06 06:00:48.088 [pool-2-thread-6] [] INFO  c.c.g.r.c.t.s.i.TaskManagementServiceImpl - 任务已提交: taskId=e85196c1-59b4-4bc7-834e-5a71ec6ceb00, taskName=auto-collect-scan
2026-10-06 06:00:48.091 [pool-2-thread-6] [] INFO  c.c.g.r.c.t.s.i.TaskManagementServiceImpl - 任务已解析: taskId=e85196c1-59b4-4bc7-834e-5a71ec6ceb00
2026-10-06 06:00:48.095 [pool-2-thread-6] [] WARN  c.c.g.e.d.m.AutoCollectScheduler - AutoCollectScheduler 扫描失败: null
2026-10-06 06:00:48.098 [pool-2-thread-6] [] INFO  c.c.g.r.c.t.s.i.TaskManagementServiceImpl - 任务执行完成: taskId=e85196c1-59b4-4bc7-834e-5a71ec6ceb00, status=SUCCEEDED
2026-10-06 06:00:48.100 [pool-2-thread-6] [] INFO  c.c.g.r.c.t.s.TaskSchedulerServiceImpl - 定时任务已提交执行 taskId=e85196c1-59b4-4bc7-834e-5a71ec6ceb00 taskType=AUTO_COLLECT_SCAN scheduleId=5ec0f85a-1af7-4064-9ba5-713b4847ec50
2026-10-06 06:01:48.082 [pool-2-thread-6] [] INFO  c.c.g.r.c.t.s.i.TaskManagementServiceImpl - 任务已提交: taskId=e85196c1-59b4-4bc7-834e-5a71ec6ceb00, taskName=auto-collect-scan
2026-10-06 06:01:48.084 [pool-2-thread-6] [] INFO  c.c.g.r.c.t.s.i.TaskManagementServiceImpl - 任务已解析: taskId=e85196c1-59b4-4bc7-834e-5a71ec6ceb00
2026-10-06 06:01:48.085 [pool-2-thread-6] [] WARN  c.c.g.e.d.m.AutoCollectScheduler - AutoCollectScheduler 扫描失败: null
2026-10-06 06:01:48.085 [pool-2-thread-6] [] INFO  c.c.g.r.c.t.s.i.TaskManagementServiceImpl - 任务执行完成: taskId=e85196c1-59b4-4bc7-834e-5a71ec6ceb00, status=SUCCEEDED
2026-10-06 06:01:48.086 [pool-2-thread-6] [] INFO  c.c.g.r.c.t.s.TaskSchedulerServiceImpl - 定时任务已提交执行 taskId=e85196c1-59b4-4bc7-834e-5a71ec6ceb00 taskType=AUTO_COLLECT_SCAN scheduleId=5ec0f85a-1af7-4064-9ba5-713b4847ec50
2026-10-06 06:02:48.083 [pool-2-thread-6] [] INFO  c.c.g.r.c.t.s.i.TaskManagementServiceImpl - 任务已提交: taskId=e85196c1-59b4-4bc7-834e-5a71ec6ceb00, taskName=auto-collect-scan
2026-10-06 06:02:48.086 [pool-2-thread-6] [] INFO  c.c.g.r.c.t.s.i.TaskManagementServiceImpl - 任务已解析: taskId=e85196c1-59b4-4bc7-834e-5a71ec6ceb00
2026-10-06 06:02:48.088 [pool-2-thread-6] [] WARN  c.c.g.e.d.m.AutoCollectScheduler - AutoCollectScheduler 扫描失败: null
2026-10-06 06:02:48.090 [pool-2-thread-6] [] INFO  c.c.g.r.c.t.s.i.TaskManagementServiceImpl - 任务执行完成: taskId=e85196c1-59b4-4bc7-834e-5a71ec6ceb00, status=SUCCEEDED
2026-10-06 06:02:48.091 [pool-2-thread-6] [] INFO  c.c.g.r.c.t.s.TaskSchedulerServiceImpl - 定时任务已提交执行 taskId=e85196c1-59b4-4bc7-834e-5a71ec6ceb00 taskType=AUTO_COLLECT_SCAN scheduleId=5ec0f85a-1af7-4064-9ba5-713b4847ec50
2026-10-06 06:03:48.079 [pool-2-thread-6] [] INFO  c.c.g.r.c.t.s.i.TaskManagementServiceImpl - 任务已提交: taskId=e85196c1-59b4-4bc7-834e-5a71ec6ceb00, taskName=auto-collect-scan
2026-10-06 06:03:48.083 [pool-2-thread-6] [] INFO  c.c.g.r.c.t.s.i.TaskManagementServiceImpl - 任务已解析: taskId=e85196c1-59b4-4bc7-834e-5a71ec6ceb00
2026-10-06 06:03:48.089 [pool-2-thread-6] [] WARN  c.c.g.e.d.m.AutoCollectScheduler - AutoCollectScheduler 扫描失败: null
2026-10-06 06:03:48.091 [pool-2-thread-6] [] INFO  c.c.g.r.c.t.s.i.TaskManagementServiceImpl - 任务执行完成: taskId=e85196c1-59b4-4bc7-834e-5a71ec6ceb00, status=SUCCEEDED
2026-10-06 06:03:48.095 [pool-2-thread-6] [] INFO  c.c.g.r.c.t.s.TaskSchedulerServiceImpl - 定时任务已提交执行 taskId=e85196c1-59b4-4bc7-834e-5a71ec6ceb00 taskType=AUTO_COLLECT_SCAN scheduleId=5ec0f85a-1af7-4064-9ba5-713b4847ec50
2026-10-06 06:04:48.076 [pool-2-thread-6] [] INFO  c.c.g.r.c.t.s.i.TaskManagementServiceImpl - 任务已提交: taskId=e85196c1-59b4-4bc7-834e-5a71ec6ceb00, taskName=auto-collect-scan
2026-10-06 06:04:48.088 [pool-2-thread-6] [] INFO  c.c.g.r.c.t.s.i.TaskManagementServiceImpl - 任务已解析: taskId=e85196c1-59b4-4bc7-834e-5a71ec6ceb00
2026-10-06 06:04:48.092 [pool-2-thread-6] [] WARN  c.c.g.e.d.m.AutoCollectScheduler - AutoCollectScheduler 扫描失败: null
2026-10-06 06:04:48.093 [pool-2-thread-6] [] INFO  c.c.g.r.c.t.s.i.TaskManagementServiceImpl - 任务执行完成: taskId=e85196c1-59b4-4bc7-834e-5a71ec6ceb00, status=SUCCEEDED
2026-10-06 06:04:48.095 [pool-2-thread-6] [] INFO  c.c.g.r.c.t.s.TaskSchedulerServiceImpl - 定时任务已提交执行 taskId=e85196c1-59b4-4bc7-834e-5a71ec6ceb00 taskType=AUTO_COLLECT_SCAN scheduleId=5ec0f85a-1af7-4064-9ba5-713b4847ec50
2026-10-06 06:05:48.077 [pool-2-thread-6] [] INFO  c.c.g.r.c.t.s.i.TaskManagementServiceImpl - 任务已提交: taskId=e85196c1-59b4-4bc7-834e-5a71ec6ceb00, taskName=auto-collect-scan
2026-10-06 06:05:48.078 [pool-2-thread-6] [] INFO  c.c.g.r.c.t.s.i.TaskManagementServiceImpl - 任务已解析: taskId=e85196c1-59b4-4bc7-834e-5a71ec6ceb00
2026-10-06 06:05:48.082 [pool-2-thread-6] [] WARN  c.c.g.e.d.m.AutoCollectScheduler - AutoCollectScheduler 扫描失败: null
2026-10-06 06:05:48.084 [pool-2-thread-6] [] INFO  c.c.g.r.c.t.s.i.TaskManagementServiceImpl - 任务执行完成: taskId=e85196c1-59b4-4bc7-834e-5a71ec6ceb00, status=SUCCEEDED
2026-10-06 06:05:48.085 [pool-2-thread-6] [] INFO  c.c.g.r.c.t.s.TaskSchedulerServiceImpl - 定时任务已提交执行 taskId=e85196c1-59b4-4bc7-834e-5a71ec6ceb00 taskType=AUTO_COLLECT_SCAN scheduleId=5ec0f85a-1af7-4064-9ba5-713b4847ec50
2026-10-06 06:06:48.087 [pool-2-thread-6] [] INFO  c.c.g.r.c.t.s.i.TaskManagementServiceImpl - 任务已提交: taskId=e85196c1-59b4-4bc7-834e-5a71ec6ceb00, taskName=auto-collect-scan
2026-10-06 06:06:48.089 [pool-2-thread-6] [] INFO  c.c.g.r.c.t.s.i.TaskManagementServiceImpl - 任务已解析: taskId=e85196c1-59b4-4bc7-834e-5a71ec6ceb00
2026-10-06 06:06:48.090 [pool-2-thread-6] [] WARN  c.c.g.e.d.m.AutoCollectScheduler - AutoCollectScheduler 扫描失败: null
2026-10-06 06:06:48.090 [pool-2-thread-6] [] INFO  c.c.g.r.c.t.s.i.TaskManagementServiceImpl - 任务执行完成: taskId=e85196c1-59b4-4bc7-834e-5a71ec6ceb00, status=SUCCEEDED
2026-10-06 06:06:48.091 [pool-2-thread-6] [] INFO  c.c.g.r.c.t.s.TaskSchedulerServiceImpl - 定时任务已提交执行 taskId=e85196c1-59b4-4bc7-834e-5a71ec6ceb00 taskType=AUTO_COLLECT_SCAN scheduleId=5ec0f85a-1af7-4064-9ba5-713b4847ec50
2026-10-06 06:07:48.079 [pool-2-thread-6] [] INFO  c.c.g.r.c.t.s.i.TaskManagementServiceImpl - 任务已提交: taskId=e85196c1-59b4-4bc7-834e-5a71ec6ceb00, taskName=auto-collect-scan
2026-10-06 06:07:48.090 [pool-2-thread-6] [] INFO  c.c.g.r.c.t.s.i.TaskManagementServiceImpl - 任务已解析: taskId=e85196c1-59b4-4bc7-834e-5a71ec6ceb00
2026-10-06 06:07:48.092 [pool-2-thread-6] [] WARN  c.c.g.e.d.m.AutoCollectScheduler - AutoCollectScheduler 扫描失败: null
2026-10-06 06:07:48.093 [pool-2-thread-6] [] INFO  c.c.g.r.c.t.s.i.TaskManagementServiceImpl - 任务执行完成: taskId=e85196c1-59b4-4bc7-834e-5a71ec6ceb00, status=SUCCEEDED
2026-10-06 06:07:48.094 [pool-2-thread-6] [] INFO  c.c.g.r.c.t.s.TaskSchedulerServiceImpl - 定时任务已提交执行 taskId=e85196c1-59b4-4bc7-834e-5a71ec6ceb00 taskType=AUTO_COLLECT_SCAN scheduleId=5ec0f85a-1af7-4064-9ba5-713b4847ec50
2026-10-06 06:08:48.078 [pool-2-thread-6] [] INFO  c.c.g.r.c.t.s.i.TaskManagementServiceImpl - 任务已提交: taskId=e85196c1-59b4-4bc7-834e-5a71ec6ceb00, taskName=auto-collect-scan
2026-10-06 06:08:48.081 [pool-2-thread-6] [] INFO  c.c.g.r.c.t.s.i.TaskManagementServiceImpl - 任务已解析: taskId=e85196c1-59b4-4bc7-834e-5a71ec6ceb00
2026-10-06 06:08:48.082 [pool-2-thread-6] [] WARN  c.c.g.e.d.m.AutoCollectScheduler - AutoCollectScheduler 扫描失败: null
2026-10-06 06:08:48.083 [pool-2-thread-6] [] INFO  c.c.g.r.c.t.s.i.TaskManagementServiceImpl - 任务执行完成: taskId=e85196c1-59b4-4bc7-834e-5a71ec6ceb00, status=SUCCEEDED
2026-10-06 06:08:48.084 [pool-2-thread-6] [] INFO  c.c.g.r.c.t.s.TaskSchedulerServiceImpl - 定时任务已提交执行 taskId=e85196c1-59b4-4bc7-834e-5a71ec6ceb00 taskType=AUTO_COLLECT_SCAN scheduleId=5ec0f85a-1af7-4064-9ba5-713b4847ec50
2026-10-06 06:09:48.079 [pool-2-thread-6] [] INFO  c.c.g.r.c.t.s.i.TaskManagementServiceImpl - 任务已提交: taskId=e85196c1-59b4-4bc7-834e-5a71ec6ceb00, taskName=auto-collect-scan
2026-10-06 06:09:48.086 [pool-2-thread-6] [] INFO  c.c.g.r.c.t.s.i.TaskManagementServiceImpl - 任务已解析: taskId=e85196c1-59b4-4bc7-834e-5a71ec6ceb00
2026-10-06 06:09:48.087 [pool-2-thread-6] [] WARN  c.c.g.e.d.m.AutoCollectScheduler - AutoCollectScheduler 扫描失败: null
2026-10-06 06:09:48.087 [pool-2-thread-6] [] INFO  c.c.g.r.c.t.s.i.TaskManagementServiceImpl - 任务执行完成: taskId=e85196c1-59b4-4bc7-834e-5a71ec6ceb00, status=SUCCEEDED
2026-10-06 06:09:48.088 [pool-2-thread-6] [] INFO  c.c.g.r.c.t.s.TaskSchedulerServiceImpl - 定时任务已提交执行 taskId=e85196c1-59b4-4bc7-834e-5a71ec6ceb00 taskType=AUTO_COLLECT_SCAN scheduleId=5ec0f85a-1af7-4064-9ba5-713b4847ec50
2026-10-06 06:10:48.076 [pool-2-thread-6] [] INFO  c.c.g.r.c.t.s.i.TaskManagementServiceImpl - 任务已提交: taskId=e85196c1-59b4-4bc7-834e-5a71ec6ceb00, taskName=auto-collect-scan
2026-10-06 06:10:48.088 [pool-2-thread-6] [] INFO  c.c.g.r.c.t.s.i.TaskManagementServiceImpl - 任务已解析: taskId=e85196c1-59b4-4bc7-834e-5a71ec6ceb00
2026-10-06 06:10:48.089 [pool-2-thread-6] [] WARN  c.c.g.e.d.m.AutoCollectScheduler - AutoCollectScheduler 扫描失败: null
2026-10-06 06:10:48.092 [pool-2-thread-6] [] INFO  c.c.g.r.c.t.s.i.TaskManagementServiceImpl - 任务执行完成: taskId=e85196c1-59b4-4bc7-834e-5a71ec6ceb00, status=SUCCEEDED
2026-10-06 06:10:48.093 [pool-2-thread-6] [] INFO  c.c.g.r.c.t.s.TaskSchedulerServiceImpl - 定时任务已提交执行 taskId=e85196c1-59b4-4bc7-834e-5a71ec6ceb00 taskType=AUTO_COLLECT_SCAN scheduleId=5ec0f85a-1af7-4064-9ba5-713b4847ec50
2026-10-06 06:11:48.084 [pool-2-thread-6] [] INFO  c.c.g.r.c.t.s.i.TaskManagementServiceImpl - 任务已提交: taskId=e85196c1-59b4-4bc7-834e-5a71ec6ceb00, taskName=auto-collect-scan
2026-10-06 06:11:48.092 [pool-2-thread-6] [] INFO  c.c.g.r.c.t.s.i.TaskManagementServiceImpl - 任务已解析: taskId=e85196c1-59b4-4bc7-834e-5a71ec6ceb00
2026-10-06 06:11:48.101 [pool-2-thread-6] [] WARN  c.c.g.e.d.m.AutoCollectScheduler - AutoCollectScheduler 扫描失败: null
2026-10-06 06:11:48.108 [pool-2-thread-6] [] INFO  c.c.g.r.c.t.s.i.TaskManagementServiceImpl - 任务执行完成: taskId=e85196c1-59b4-4bc7-834e-5a71ec6ceb00, status=SUCCEEDED
2026-10-06 06:11:48.115 [pool-2-thread-6] [] INFO  c.c.g.r.c.t.s.TaskSchedulerServiceImpl - 定时任务已提交执行 taskId=e85196c1-59b4-4bc7-834e-5a71ec6ceb00 taskType=AUTO_COLLECT_SCAN scheduleId=5ec0f85a-1af7-4064-9ba5-713b4847ec50
2026-10-06 06:12:48.084 [pool-2-thread-6] [] INFO  c.c.g.r.c.t.s.i.TaskManagementServiceImpl - 任务已提交: taskId=e85196c1-59b4-4bc7-834e-5a71ec6ceb00, taskName=auto-collect-scan
2026-10-06 06:12:48.094 [pool-2-thread-6] [] INFO  c.c.g.r.c.t.s.i.TaskManagementServiceImpl - 任务已解析: taskId=e85196c1-59b4-4bc7-834e-5a71ec6ceb00
2026-10-06 06:12:48.095 [pool-2-thread-6] [] WARN  c.c.g.e.d.m.AutoCollectScheduler - AutoCollectScheduler 扫描失败: null
2026-10-06 06:12:48.096 [pool-2-thread-6] [] INFO  c.c.g.r.c.t.s.i.TaskManagementServiceImpl - 任务执行完成: taskId=e85196c1-59b4-4bc7-834e-5a71ec6ceb00, status=SUCCEEDED
2026-10-06 06:12:48.096 [pool-2-thread-6] [] INFO  c.c.g.r.c.t.s.TaskSchedulerServiceImpl - 定时任务已提交执行 taskId=e85196c1-59b4-4bc7-834e-5a71ec6ceb00 taskType=AUTO_COLLECT_SCAN scheduleId=5ec0f85a-1af7-4064-9ba5-713b4847ec50
2026-10-06 06:13:48.085 [pool-2-thread-6] [] INFO  c.c.g.r.c.t.s.i.TaskManagementServiceImpl - 任务已提交: taskId=e85196c1-59b4-4bc7-834e-5a71ec6ceb00, taskName=auto-collect-scan
2026-10-06 06:13:48.091 [pool-2-thread-6] [] INFO  c.c.g.r.c.t.s.i.TaskManagementServiceImpl - 任务已解析: taskId=e85196c1-59b4-4bc7-834e-5a71ec6ceb00
2026-10-06 06:13:48.099 [pool-2-thread-6] [] WARN  c.c.g.e.d.m.AutoCollectScheduler - AutoCollectScheduler 扫描失败: null
2026-10-06 06:13:48.107 [pool-2-thread-6] [] INFO  c.c.g.r.c.t.s.i.TaskManagementServiceImpl - 任务执行完成: taskId=e85196c1-59b4-4bc7-834e-5a71ec6ceb00, status=SUCCEEDED
2026-10-06 06:13:48.111 [pool-2-thread-6] [] INFO  c.c.g.r.c.t.s.TaskSchedulerServiceImpl - 定时任务已提交执行 taskId=e85196c1-59b4-4bc7-834e-5a71ec6ceb00 taskType=AUTO_COLLECT_SCAN scheduleId=5ec0f85a-1af7-4064-9ba5-713b4847ec50
2026-10-06 06:14:48.075 [pool-2-thread-6] [] INFO  c.c.g.r.c.t.s.i.TaskManagementServiceImpl - 任务已提交: taskId=e85196c1-59b4-4bc7-834e-5a71ec6ceb00, taskName=auto-collect-scan
2026-10-06 06:14:48.085 [pool-2-thread-6] [] INFO  c.c.g.r.c.t.s.i.TaskManagementServiceImpl - 任务已解析: taskId=e85196c1-59b4-4bc7-834e-5a71ec6ceb00
2026-10-06 06:14:48.087 [pool-2-thread-6] [] WARN  c.c.g.e.d.m.AutoCollectScheduler - AutoCollectScheduler 扫描失败: null
2026-10-06 06:14:48.088 [pool-2-thread-6] [] INFO  c.c.g.r.c.t.s.i.TaskManagementServiceImpl - 任务执行完成: taskId=e85196c1-59b4-4bc7-834e-5a71ec6ceb00, status=SUCCEEDED
2026-10-06 06:14:48.089 [pool-2-thread-6] [] INFO  c.c.g.r.c.t.s.TaskSchedulerServiceImpl - 定时任务已提交执行 taskId=e85196c1-59b4-4bc7-834e-5a71ec6ceb00 taskType=AUTO_COLLECT_SCAN scheduleId=5ec0f85a-1af7-4064-9ba5-713b4847ec50
2026-10-06 06:15:48.086 [pool-2-thread-6] [] INFO  c.c.g.r.c.t.s.i.TaskManagementServiceImpl - 任务已提交: taskId=e85196c1-59b4-4bc7-834e-5a71ec6ceb00, taskName=auto-collect-scan
2026-10-06 06:15:48.097 [pool-2-thread-6] [] INFO  c.c.g.r.c.t.s.i.TaskManagementServiceImpl - 任务已解析: taskId=e85196c1-59b4-4bc7-834e-5a71ec6ceb00
2026-10-06 06:15:48.099 [pool-2-thread-6] [] WARN  c.c.g.e.d.m.AutoCollectScheduler - AutoCollectScheduler 扫描失败: null
2026-10-06 06:15:48.100 [pool-2-thread-6] [] INFO  c.c.g.r.c.t.s.i.TaskManagementServiceImpl - 任务执行完成: taskId=e85196c1-59b4-4bc7-834e-5a71ec6ceb00, status=SUCCEEDED
2026-10-06 06:15:48.100 [pool-2-thread-6] [] INFO  c.c.g.r.c.t.s.TaskSchedulerServiceImpl - 定时任务已提交执行 taskId=e85196c1-59b4-4bc7-834e-5a71ec6ceb00 taskType=AUTO_COLLECT_SCAN scheduleId=5ec0f85a-1af7-4064-9ba5-713b4847ec50
2026-10-06 06:16:48.080 [pool-2-thread-6] [] INFO  c.c.g.r.c.t.s.i.TaskManagementServiceImpl - 任务已提交: taskId=e85196c1-59b4-4bc7-834e-5a71ec6ceb00, taskName=auto-collect-scan
2026-10-06 06:16:48.092 [pool-2-thread-6] [] INFO  c.c.g.r.c.t.s.i.TaskManagementServiceImpl - 任务已解析: taskId=e85196c1-59b4-4bc7-834e-5a71ec6ceb00
2026-10-06 06:16:48.094 [pool-2-thread-6] [] WARN  c.c.g.e.d.m.AutoCollectScheduler - AutoCollectScheduler 扫描失败: null
2026-10-06 06:16:48.095 [pool-2-thread-6] [] INFO  c.c.g.r.c.t.s.i.TaskManagementServiceImpl - 任务执行完成: taskId=e85196c1-59b4-4bc7-834e-5a71ec6ceb00, status=SUCCEEDED
2026-10-06 06:16:48.095 [pool-2-thread-6] [] INFO  c.c.g.r.c.t.s.TaskSchedulerServiceImpl - 定时任务已提交执行 taskId=e85196c1-59b4-4bc7-834e-5a71ec6ceb00 taskType=AUTO_COLLECT_SCAN scheduleId=5ec0f85a-1af7-4064-9ba5-713b4847ec50
2026-10-06 06:17:48.086 [pool-2-thread-6] [] INFO  c.c.g.r.c.t.s.i.TaskManagementServiceImpl - 任务已提交: taskId=e85196c1-59b4-4bc7-834e-5a71ec6ceb00, taskName=auto-collect-scan
2026-10-06 06:17:48.090 [pool-2-thread-6] [] INFO  c.c.g.r.c.t.s.i.TaskManagementServiceImpl - 任务已解析: taskId=e85196c1-59b4-4bc7-834e-5a71ec6ceb00
2026-10-06 06:17:48.092 [pool-2-thread-6] [] WARN  c.c.g.e.d.m.AutoCollectScheduler - AutoCollectScheduler 扫描失败: null
2026-10-06 06:17:48.093 [pool-2-thread-6] [] INFO  c.c.g.r.c.t.s.i.TaskManagementServiceImpl - 任务执行完成: taskId=e85196c1-59b4-4bc7-834e-5a71ec6ceb00, status=SUCCEEDED
2026-10-06 06:17:48.093 [pool-2-thread-6] [] INFO  c.c.g.r.c.t.s.TaskSchedulerServiceImpl - 定时任务已提交执行 taskId=e85196c1-59b4-4bc7-834e-5a71ec6ceb00 taskType=AUTO_COLLECT_SCAN scheduleId=5ec0f85a-1af7-4064-9ba5-713b4847ec50
2026-10-06 06:18:48.085 [pool-2-thread-6] [] INFO  c.c.g.r.c.t.s.i.TaskManagementServiceImpl - 任务已提交: taskId=e85196c1-59b4-4bc7-834e-5a71ec6ceb00, taskName=auto-collect-scan
2026-10-06 06:18:48.087 [pool-2-thread-6] [] INFO  c.c.g.r.c.t.s.i.TaskManagementServiceImpl - 任务已解析: taskId=e85196c1-59b4-4bc7-834e-5a71ec6ceb00
2026-10-06 06:18:48.089 [pool-2-thread-6] [] WARN  c.c.g.e.d.m.AutoCollectScheduler - AutoCollectScheduler 扫描失败: null
2026-10-06 06:18:48.090 [pool-2-thread-6] [] INFO  c.c.g.r.c.t.s.i.TaskManagementServiceImpl - 任务执行完成: taskId=e85196c1-59b4-4bc7-834e-5a71ec6ceb00, status=SUCCEEDED
2026-10-06 06:18:48.091 [pool-2-thread-6] [] INFO  c.c.g.r.c.t.s.TaskSchedulerServiceImpl - 定时任务已提交执行 taskId=e85196c1-59b4-4bc7-834e-5a71ec6ceb00 taskType=AUTO_COLLECT_SCAN scheduleId=5ec0f85a-1af7-4064-9ba5-713b4847ec50
2026-10-06 06:19:48.079 [pool-2-thread-6] [] INFO  c.c.g.r.c.t.s.i.TaskManagementServiceImpl - 任务已提交: taskId=e85196c1-59b4-4bc7-834e-5a71ec6ceb00, taskName=auto-collect-scan
2026-10-06 06:19:48.089 [pool-2-thread-6] [] INFO  c.c.g.r.c.t.s.i.TaskManagementServiceImpl - 任务已解析: taskId=e85196c1-59b4-4bc7-834e-5a71ec6ceb00
2026-10-06 06:19:48.092 [pool-2-thread-6] [] WARN  c.c.g.e.d.m.AutoCollectScheduler - AutoCollectScheduler 扫描失败: null
2026-10-06 06:19:48.093 [pool-2-thread-6] [] INFO  c.c.g.r.c.t.s.i.TaskManagementServiceImpl - 任务执行完成: taskId=e85196c1-59b4-4bc7-834e-5a71ec6ceb00, status=SUCCEEDED
2026-10-06 06:19:48.094 [pool-2-thread-6] [] INFO  c.c.g.r.c.t.s.TaskSchedulerServiceImpl - 定时任务已提交执行 taskId=e85196c1-59b4-4bc7-834e-5a71ec6ceb00 taskType=AUTO_COLLECT_SCAN scheduleId=5ec0f85a-1af7-4064-9ba5-713b4847ec50
2026-10-06 06:20:48.085 [pool-2-thread-6] [] INFO  c.c.g.r.c.t.s.i.TaskManagementServiceImpl - 任务已提交: taskId=e85196c1-59b4-4bc7-834e-5a71ec6ceb00, taskName=auto-collect-scan
2026-10-06 06:20:48.096 [pool-2-thread-6] [] INFO  c.c.g.r.c.t.s.i.TaskManagementServiceImpl - 任务已解析: taskId=e85196c1-59b4-4bc7-834e-5a71ec6ceb00
2026-10-06 06:20:48.099 [pool-2-thread-6] [] WARN  c.c.g.e.d.m.AutoCollectScheduler - AutoCollectScheduler 扫描失败: null
2026-10-06 06:20:48.100 [pool-2-thread-6] [] INFO  c.c.g.r.c.t.s.i.TaskManagementServiceImpl - 任务执行完成: taskId=e85196c1-59b4-4bc7-834e-5a71ec6ceb00, status=SUCCEEDED
2026-10-06 06:20:48.102 [pool-2-thread-6] [] INFO  c.c.g.r.c.t.s.TaskSchedulerServiceImpl - 定时任务已提交执行 taskId=e85196c1-59b4-4bc7-834e-5a71ec6ceb00 taskType=AUTO_COLLECT_SCAN scheduleId=5ec0f85a-1af7-4064-9ba5-713b4847ec50
2026-10-06 06:21:48.084 [pool-2-thread-6] [] INFO  c.c.g.r.c.t.s.i.TaskManagementServiceImpl - 任务已提交: taskId=e85196c1-59b4-4bc7-834e-5a71ec6ceb00, taskName=auto-collect-scan
2026-10-06 06:21:48.096 [pool-2-thread-6] [] INFO  c.c.g.r.c.t.s.i.TaskManagementServiceImpl - 任务已解析: taskId=e85196c1-59b4-4bc7-834e-5a71ec6ceb00
2026-10-06 06:21:48.097 [pool-2-thread-6] [] WARN  c.c.g.e.d.m.AutoCollectScheduler - AutoCollectScheduler 扫描失败: null
2026-10-06 06:21:48.099 [pool-2-thread-6] [] INFO  c.c.g.r.c.t.s.i.TaskManagementServiceImpl - 任务执行完成: taskId=e85196c1-59b4-4bc7-834e-5a71ec6ceb00, status=SUCCEEDED
2026-10-06 06:21:48.100 [pool-2-thread-6] [] INFO  c.c.g.r.c.t.s.TaskSchedulerServiceImpl - 定时任务已提交执行 taskId=e85196c1-59b4-4bc7-834e-5a71ec6ceb00 taskType=AUTO_COLLECT_SCAN scheduleId=5ec0f85a-1af7-4064-9ba5-713b4847ec50
2026-10-06 06:22:48.086 [pool-2-thread-6] [] INFO  c.c.g.r.c.t.s.i.TaskManagementServiceImpl - 任务已提交: taskId=e85196c1-59b4-4bc7-834e-5a71ec6ceb00, taskName=auto-collect-scan
2026-10-06 06:22:48.088 [pool-2-thread-6] [] INFO  c.c.g.r.c.t.s.i.TaskManagementServiceImpl - 任务已解析: taskId=e85196c1-59b4-4bc7-834e-5a71ec6ceb00
2026-10-06 06:22:48.091 [pool-2-thread-6] [] WARN  c.c.g.e.d.m.AutoCollectScheduler - AutoCollectScheduler 扫描失败: null
2026-10-06 06:22:48.093 [pool-2-thread-6] [] INFO  c.c.g.r.c.t.s.i.TaskManagementServiceImpl - 任务执行完成: taskId=e85196c1-59b4-4bc7-834e-5a71ec6ceb00, status=SUCCEEDED
2026-10-06 06:22:48.095 [pool-2-thread-6] [] INFO  c.c.g.r.c.t.s.TaskSchedulerServiceImpl - 定时任务已提交执行 taskId=e85196c1-59b4-4bc7-834e-5a71ec6ceb00 taskType=AUTO_COLLECT_SCAN scheduleId=5ec0f85a-1af7-4064-9ba5-713b4847ec50
2026-10-06 06:23:48.085 [pool-2-thread-6] [] INFO  c.c.g.r.c.t.s.i.TaskManagementServiceImpl - 任务已提交: taskId=e85196c1-59b4-4bc7-834e-5a71ec6ceb00, taskName=auto-collect-scan
2026-10-06 06:23:48.086 [pool-2-thread-6] [] INFO  c.c.g.r.c.t.s.i.TaskManagementServiceImpl - 任务已解析: taskId=e85196c1-59b4-4bc7-834e-5a71ec6ceb00
2026-10-06 06:23:48.087 [pool-2-thread-6] [] WARN  c.c.g.e.d.m.AutoCollectScheduler - AutoCollectScheduler 扫描失败: null
2026-10-06 06:23:48.088 [pool-2-thread-6] [] INFO  c.c.g.r.c.t.s.i.TaskManagementServiceImpl - 任务执行完成: taskId=e85196c1-59b4-4bc7-834e-5a71ec6ceb00, status=SUCCEEDED
2026-10-06 06:23:48.089 [pool-2-thread-6] [] INFO  c.c.g.r.c.t.s.TaskSchedulerServiceImpl - 定时任务已提交执行 taskId=e85196c1-59b4-4bc7-834e-5a71ec6ceb00 taskType=AUTO_COLLECT_SCAN scheduleId=5ec0f85a-1af7-4064-9ba5-713b4847ec50
2026-10-06 06:24:48.077 [pool-2-thread-6] [] INFO  c.c.g.r.c.t.s.i.TaskManagementServiceImpl - 任务已提交: taskId=e85196c1-59b4-4bc7-834e-5a71ec6ceb00, taskName=auto-collect-scan
2026-10-06 06:24:48.087 [pool-2-thread-6] [] INFO  c.c.g.r.c.t.s.i.TaskManagementServiceImpl - 任务已解析: taskId=e85196c1-59b4-4bc7-834e-5a71ec6ceb00
2026-10-06 06:24:48.089 [pool-2-thread-6] [] WARN  c.c.g.e.d.m.AutoCollectScheduler - AutoCollectScheduler 扫描失败: null
2026-10-06 06:24:48.090 [pool-2-thread-6] [] INFO  c.c.g.r.c.t.s.i.TaskManagementServiceImpl - 任务执行完成: taskId=e85196c1-59b4-4bc7-834e-5a71ec6ceb00, status=SUCCEEDED
2026-10-06 06:24:48.091 [pool-2-thread-6] [] INFO  c.c.g.r.c.t.s.TaskSchedulerServiceImpl - 定时任务已提交执行 taskId=e85196c1-59b4-4bc7-834e-5a71ec6ceb00 taskType=AUTO_COLLECT_SCAN scheduleId=5ec0f85a-1af7-4064-9ba5-713b4847ec50
2026-10-06 06:25:48.077 [pool-2-thread-6] [] INFO  c.c.g.r.c.t.s.i.TaskManagementServiceImpl - 任务已提交: taskId=e85196c1-59b4-4bc7-834e-5a71ec6ceb00, taskName=auto-collect-scan
2026-10-06 06:25:48.080 [pool-2-thread-6] [] INFO  c.c.g.r.c.t.s.i.TaskManagementServiceImpl - 任务已解析: taskId=e85196c1-59b4-4bc7-834e-5a71ec6ceb00
2026-10-06 06:25:48.081 [pool-2-thread-6] [] WARN  c.c.g.e.d.m.AutoCollectScheduler - AutoCollectScheduler 扫描失败: null
2026-10-06 06:25:48.082 [pool-2-thread-6] [] INFO  c.c.g.r.c.t.s.i.TaskManagementServiceImpl - 任务执行完成: taskId=e85196c1-59b4-4bc7-834e-5a71ec6ceb00, status=SUCCEEDED
2026-10-06 06:25:48.083 [pool-2-thread-6] [] INFO  c.c.g.r.c.t.s.TaskSchedulerServiceImpl - 定时任务已提交执行 taskId=e85196c1-59b4-4bc7-834e-5a71ec6ceb00 taskType=AUTO_COLLECT_SCAN scheduleId=5ec0f85a-1af7-4064-9ba5-713b4847ec50
2026-10-06 06:26:48.084 [pool-2-thread-6] [] INFO  c.c.g.r.c.t.s.i.TaskManagementServiceImpl - 任务已提交: taskId=e85196c1-59b4-4bc7-834e-5a71ec6ceb00, taskName=auto-collect-scan
2026-10-06 06:26:48.088 [pool-2-thread-6] [] INFO  c.c.g.r.c.t.s.i.TaskManagementServiceImpl - 任务已解析: taskId=e85196c1-59b4-4bc7-834e-5a71ec6ceb00
2026-10-06 06:26:48.091 [pool-2-thread-6] [] WARN  c.c.g.e.d.m.AutoCollectScheduler - AutoCollectScheduler 扫描失败: null
2026-10-06 06:26:48.093 [pool-2-thread-6] [] INFO  c.c.g.r.c.t.s.i.TaskManagementServiceImpl - 任务执行完成: taskId=e85196c1-59b4-4bc7-834e-5a71ec6ceb00, status=SUCCEEDED
2026-10-06 06:26:48.094 [pool-2-thread-6] [] INFO  c.c.g.r.c.t.s.TaskSchedulerServiceImpl - 定时任务已提交执行 taskId=e85196c1-59b4-4bc7-834e-5a71ec6ceb00 taskType=AUTO_COLLECT_SCAN scheduleId=5ec0f85a-1af7-4064-9ba5-713b4847ec50
2026-10-06 06:27:48.082 [pool-2-thread-6] [] INFO  c.c.g.r.c.t.s.i.TaskManagementServiceImpl - 任务已提交: taskId=e85196c1-59b4-4bc7-834e-5a71ec6ceb00, taskName=auto-collect-scan
2026-10-06 06:27:48.094 [pool-2-thread-6] [] INFO  c.c.g.r.c.t.s.i.TaskManagementServiceImpl - 任务已解析: taskId=e85196c1-59b4-4bc7-834e-5a71ec6ceb00
2026-10-06 06:27:48.095 [pool-2-thread-6] [] WARN  c.c.g.e.d.m.AutoCollectScheduler - AutoCollectScheduler 扫描失败: null
2026-10-06 06:27:48.096 [pool-2-thread-6] [] INFO  c.c.g.r.c.t.s.i.TaskManagementServiceImpl - 任务执行完成: taskId=e85196c1-59b4-4bc7-834e-5a71ec6ceb00, status=SUCCEEDED
2026-10-06 06:27:48.097 [pool-2-thread-6] [] INFO  c.c.g.r.c.t.s.TaskSchedulerServiceImpl - 定时任务已提交执行 taskId=e85196c1-59b4-4bc7-834e-5a71ec6ceb00 taskType=AUTO_COLLECT_SCAN scheduleId=5ec0f85a-1af7-4064-9ba5-713b4847ec50
2026-10-06 06:28:48.076 [pool-2-thread-6] [] INFO  c.c.g.r.c.t.s.i.TaskManagementServiceImpl - 任务已提交: taskId=e85196c1-59b4-4bc7-834e-5a71ec6ceb00, taskName=auto-collect-scan
2026-10-06 06:28:48.086 [pool-2-thread-6] [] INFO  c.c.g.r.c.t.s.i.TaskManagementServiceImpl - 任务已解析: taskId=e85196c1-59b4-4bc7-834e-5a71ec6ceb00
2026-10-06 06:28:48.087 [pool-2-thread-6] [] WARN  c.c.g.e.d.m.AutoCollectScheduler - AutoCollectScheduler 扫描失败: null
2026-10-06 06:28:48.088 [pool-2-thread-6] [] INFO  c.c.g.r.c.t.s.i.TaskManagementServiceImpl - 任务执行完成: taskId=e85196c1-59b4-4bc7-834e-5a71ec6ceb00, status=SUCCEEDED
2026-10-06 06:28:48.088 [pool-2-thread-6] [] INFO  c.c.g.r.c.t.s.TaskSchedulerServiceImpl - 定时任务已提交执行 taskId=e85196c1-59b4-4bc7-834e-5a71ec6ceb00 taskType=AUTO_COLLECT_SCAN scheduleId=5ec0f85a-1af7-4064-9ba5-713b4847ec50
2026-10-06 06:29:48.087 [pool-2-thread-6] [] INFO  c.c.g.r.c.t.s.i.TaskManagementServiceImpl - 任务已提交: taskId=e85196c1-59b4-4bc7-834e-5a71ec6ceb00, taskName=auto-collect-scan
2026-10-06 06:29:48.098 [pool-2-thread-6] [] INFO  c.c.g.r.c.t.s.i.TaskManagementServiceImpl - 任务已解析: taskId=e85196c1-59b4-4bc7-834e-5a71ec6ceb00
2026-10-06 06:29:48.099 [pool-2-thread-6] [] WARN  c.c.g.e.d.m.AutoCollectScheduler - AutoCollectScheduler 扫描失败: null
2026-10-06 06:29:48.100 [pool-2-thread-6] [] INFO  c.c.g.r.c.t.s.i.TaskManagementServiceImpl - 任务执行完成: taskId=e85196c1-59b4-4bc7-834e-5a71ec6ceb00, status=SUCCEEDED
2026-10-06 06:29:48.101 [pool-2-thread-6] [] INFO  c.c.g.r.c.t.s.TaskSchedulerServiceImpl - 定时任务已提交执行 taskId=e85196c1-59b4-4bc7-834e-5a71ec6ceb00 taskType=AUTO_COLLECT_SCAN scheduleId=5ec0f85a-1af7-4064-9ba5-713b4847ec50
2026-10-06 06:30:48.087 [pool-2-thread-6] [] INFO  c.c.g.r.c.t.s.i.TaskManagementServiceImpl - 任务已提交: taskId=e85196c1-59b4-4bc7-834e-5a71ec6ceb00, taskName=auto-collect-scan
2026-10-06 06:30:48.100 [pool-2-thread-6] [] INFO  c.c.g.r.c.t.s.i.TaskManagementServiceImpl - 任务已解析: taskId=e85196c1-59b4-4bc7-834e-5a71ec6ceb00
2026-10-06 06:30:48.101 [pool-2-thread-6] [] WARN  c.c.g.e.d.m.AutoCollectScheduler - AutoCollectScheduler 扫描失败: null
2026-10-06 06:30:48.102 [pool-2-thread-6] [] INFO  c.c.g.r.c.t.s.i.TaskManagementServiceImpl - 任务执行完成: taskId=e85196c1-59b4-4bc7-834e-5a71ec6ceb00, status=SUCCEEDED
2026-10-06 06:30:48.102 [pool-2-thread-6] [] INFO  c.c.g.r.c.t.s.TaskSchedulerServiceImpl - 定时任务已提交执行 taskId=e85196c1-59b4-4bc7-834e-5a71ec6ceb00 taskType=AUTO_COLLECT_SCAN scheduleId=5ec0f85a-1af7-4064-9ba5-713b4847ec50
2026-10-06 06:31:48.088 [pool-2-thread-6] [] INFO  c.c.g.r.c.t.s.i.TaskManagementServiceImpl - 任务已提交: taskId=e85196c1-59b4-4bc7-834e-5a71ec6ceb00, taskName=auto-collect-scan
2026-10-06 06:31:48.090 [pool-2-thread-6] [] INFO  c.c.g.r.c.t.s.i.TaskManagementServiceImpl - 任务已解析: taskId=e85196c1-59b4-4bc7-834e-5a71ec6ceb00
2026-10-06 06:31:48.091 [pool-2-thread-6] [] WARN  c.c.g.e.d.m.AutoCollectScheduler - AutoCollectScheduler 扫描失败: null
2026-10-06 06:31:48.092 [pool-2-thread-6] [] INFO  c.c.g.r.c.t.s.i.TaskManagementServiceImpl - 任务执行完成: taskId=e85196c1-59b4-4bc7-834e-5a71ec6ceb00, status=SUCCEEDED
2026-10-06 06:31:48.093 [pool-2-thread-6] [] INFO  c.c.g.r.c.t.s.TaskSchedulerServiceImpl - 定时任务已提交执行 taskId=e85196c1-59b4-4bc7-834e-5a71ec6ceb00 taskType=AUTO_COLLECT_SCAN scheduleId=5ec0f85a-1af7-4064-9ba5-713b4847ec50
2026-10-06 06:32:48.086 [pool-2-thread-6] [] INFO  c.c.g.r.c.t.s.i.TaskManagementServiceImpl - 任务已提交: taskId=e85196c1-59b4-4bc7-834e-5a71ec6ceb00, taskName=auto-collect-scan
2026-10-06 06:32:48.098 [pool-2-thread-6] [] INFO  c.c.g.r.c.t.s.i.TaskManagementServiceImpl - 任务已解析: taskId=e85196c1-59b4-4bc7-834e-5a71ec6ceb00
2026-10-06 06:32:48.099 [pool-2-thread-6] [] WARN  c.c.g.e.d.m.AutoCollectScheduler - AutoCollectScheduler 扫描失败: null
2026-10-06 06:32:48.100 [pool-2-thread-6] [] INFO  c.c.g.r.c.t.s.i.TaskManagementServiceImpl - 任务执行完成: taskId=e85196c1-59b4-4bc7-834e-5a71ec6ceb00, status=SUCCEEDED
2026-10-06 06:32:48.101 [pool-2-thread-6] [] INFO  c.c.g.r.c.t.s.TaskSchedulerServiceImpl - 定时任务已提交执行 taskId=e85196c1-59b4-4bc7-834e-5a71ec6ceb00 taskType=AUTO_COLLECT_SCAN scheduleId=5ec0f85a-1af7-4064-9ba5-713b4847ec50
2026-10-06 06:33:48.083 [pool-2-thread-6] [] INFO  c.c.g.r.c.t.s.i.TaskManagementServiceImpl - 任务已提交: taskId=e85196c1-59b4-4bc7-834e-5a71ec6ceb00, taskName=auto-collect-scan
2026-10-06 06:33:48.085 [pool-2-thread-6] [] INFO  c.c.g.r.c.t.s.i.TaskManagementServiceImpl - 任务已解析: taskId=e85196c1-59b4-4bc7-834e-5a71ec6ceb00
2026-10-06 06:33:48.086 [pool-2-thread-6] [] WARN  c.c.g.e.d.m.AutoCollectScheduler - AutoCollectScheduler 扫描失败: null
2026-10-06 06:33:48.087 [pool-2-thread-6] [] INFO  c.c.g.r.c.t.s.i.TaskManagementServiceImpl - 任务执行完成: taskId=e85196c1-59b4-4bc7-834e-5a71ec6ceb00, status=SUCCEEDED
2026-10-06 06:33:48.088 [pool-2-thread-6] [] INFO  c.c.g.r.c.t.s.TaskSchedulerServiceImpl - 定时任务已提交执行 taskId=e85196c1-59b4-4bc7-834e-5a71ec6ceb00 taskType=AUTO_COLLECT_SCAN scheduleId=5ec0f85a-1af7-4064-9ba5-713b4847ec50
2026-10-06 06:34:48.082 [pool-2-thread-6] [] INFO  c.c.g.r.c.t.s.i.TaskManagementServiceImpl - 任务已提交: taskId=e85196c1-59b4-4bc7-834e-5a71ec6ceb00, taskName=auto-collect-scan
2026-10-06 06:34:48.083 [pool-2-thread-6] [] INFO  c.c.g.r.c.t.s.i.TaskManagementServiceImpl - 任务已解析: taskId=e85196c1-59b4-4bc7-834e-5a71ec6ceb00
2026-10-06 06:34:48.084 [pool-2-thread-6] [] WARN  c.c.g.e.d.m.AutoCollectScheduler - AutoCollectScheduler 扫描失败: null
2026-10-06 06:34:48.085 [pool-2-thread-6] [] INFO  c.c.g.r.c.t.s.i.TaskManagementServiceImpl - 任务执行完成: taskId=e85196c1-59b4-4bc7-834e-5a71ec6ceb00, status=SUCCEEDED
2026-10-06 06:34:48.086 [pool-2-thread-6] [] INFO  c.c.g.r.c.t.s.TaskSchedulerServiceImpl - 定时任务已提交执行 taskId=e85196c1-59b4-4bc7-834e-5a71ec6ceb00 taskType=AUTO_COLLECT_SCAN scheduleId=5ec0f85a-1af7-4064-9ba5-713b4847ec50
2026-10-06 06:35:48.082 [pool-2-thread-6] [] INFO  c.c.g.r.c.t.s.i.TaskManagementServiceImpl - 任务已提交: taskId=e85196c1-59b4-4bc7-834e-5a71ec6ceb00, taskName=auto-collect-scan
2026-10-06 06:35:48.084 [pool-2-thread-6] [] INFO  c.c.g.r.c.t.s.i.TaskManagementServiceImpl - 任务已解析: taskId=e85196c1-59b4-4bc7-834e-5a71ec6ceb00
2026-10-06 06:35:48.086 [pool-2-thread-6] [] WARN  c.c.g.e.d.m.AutoCollectScheduler - AutoCollectScheduler 扫描失败: null
2026-10-06 06:35:48.087 [pool-2-thread-6] [] INFO  c.c.g.r.c.t.s.i.TaskManagementServiceImpl - 任务执行完成: taskId=e85196c1-59b4-4bc7-834e-5a71ec6ceb00, status=SUCCEEDED
2026-10-06 06:35:48.088 [pool-2-thread-6] [] INFO  c.c.g.r.c.t.s.TaskSchedulerServiceImpl - 定时任务已提交执行 taskId=e85196c1-59b4-4bc7-834e-5a71ec6ceb00 taskType=AUTO_COLLECT_SCAN scheduleId=5ec0f85a-1af7-4064-9ba5-713b4847ec50
2026-10-06 06:36:48.081 [pool-2-thread-6] [] INFO  c.c.g.r.c.t.s.i.TaskManagementServiceImpl - 任务已提交: taskId=e85196c1-59b4-4bc7-834e-5a71ec6ceb00, taskName=auto-collect-scan
2026-10-06 06:36:48.083 [pool-2-thread-6] [] INFO  c.c.g.r.c.t.s.i.TaskManagementServiceImpl - 任务已解析: taskId=e85196c1-59b4-4bc7-834e-5a71ec6ceb00
2026-10-06 06:36:48.085 [pool-2-thread-6] [] WARN  c.c.g.e.d.m.AutoCollectScheduler - AutoCollectScheduler 扫描失败: null
2026-10-06 06:36:48.086 [pool-2-thread-6] [] INFO  c.c.g.r.c.t.s.i.TaskManagementServiceImpl - 任务执行完成: taskId=e85196c1-59b4-4bc7-834e-5a71ec6ceb00, status=SUCCEEDED
2026-10-06 06:36:48.087 [pool-2-thread-6] [] INFO  c.c.g.r.c.t.s.TaskSchedulerServiceImpl - 定时任务已提交执行 taskId=e85196c1-59b4-4bc7-834e-5a71ec6ceb00 taskType=AUTO_COLLECT_SCAN scheduleId=5ec0f85a-1af7-4064-9ba5-713b4847ec50
2026-10-06 06:37:48.083 [pool-2-thread-6] [] INFO  c.c.g.r.c.t.s.i.TaskManagementServiceImpl - 任务已提交: taskId=e85196c1-59b4-4bc7-834e-5a71ec6ceb00, taskName=auto-collect-scan
2026-10-06 06:37:48.094 [pool-2-thread-6] [] INFO  c.c.g.r.c.t.s.i.TaskManagementServiceImpl - 任务已解析: taskId=e85196c1-59b4-4bc7-834e-5a71ec6ceb00
2026-10-06 06:37:48.096 [pool-2-thread-6] [] WARN  c.c.g.e.d.m.AutoCollectScheduler - AutoCollectScheduler 扫描失败: null
2026-10-06 06:37:48.097 [pool-2-thread-6] [] INFO  c.c.g.r.c.t.s.i.TaskManagementServiceImpl - 任务执行完成: taskId=e85196c1-59b4-4bc7-834e-5a71ec6ceb00, status=SUCCEEDED
2026-10-06 06:37:48.097 [pool-2-thread-6] [] INFO  c.c.g.r.c.t.s.TaskSchedulerServiceImpl - 定时任务已提交执行 taskId=e85196c1-59b4-4bc7-834e-5a71ec6ceb00 taskType=AUTO_COLLECT_SCAN scheduleId=5ec0f85a-1af7-4064-9ba5-713b4847ec50
2026-10-06 06:38:48.081 [pool-2-thread-6] [] INFO  c.c.g.r.c.t.s.i.TaskManagementServiceImpl - 任务已提交: taskId=e85196c1-59b4-4bc7-834e-5a71ec6ceb00, taskName=auto-collect-scan
2026-10-06 06:38:48.093 [pool-2-thread-6] [] INFO  c.c.g.r.c.t.s.i.TaskManagementServiceImpl - 任务已解析: taskId=e85196c1-59b4-4bc7-834e-5a71ec6ceb00
2026-10-06 06:38:48.094 [pool-2-thread-6] [] WARN  c.c.g.e.d.m.AutoCollectScheduler - AutoCollectScheduler 扫描失败: null
2026-10-06 06:38:48.095 [pool-2-thread-6] [] INFO  c.c.g.r.c.t.s.i.TaskManagementServiceImpl - 任务执行完成: taskId=e85196c1-59b4-4bc7-834e-5a71ec6ceb00, status=SUCCEEDED
2026-10-06 06:38:48.096 [pool-2-thread-6] [] INFO  c.c.g.r.c.t.s.TaskSchedulerServiceImpl - 定时任务已提交执行 taskId=e85196c1-59b4-4bc7-834e-5a71ec6ceb00 taskType=AUTO_COLLECT_SCAN scheduleId=5ec0f85a-1af7-4064-9ba5-713b4847ec50
2026-10-06 06:39:48.086 [pool-2-thread-6] [] INFO  c.c.g.r.c.t.s.i.TaskManagementServiceImpl - 任务已提交: taskId=e85196c1-59b4-4bc7-834e-5a71ec6ceb00, taskName=auto-collect-scan
2026-10-06 06:39:48.097 [pool-2-thread-6] [] INFO  c.c.g.r.c.t.s.i.TaskManagementServiceImpl - 任务已解析: taskId=e85196c1-59b4-4bc7-834e-5a71ec6ceb00
2026-10-06 06:39:48.099 [pool-2-thread-6] [] WARN  c.c.g.e.d.m.AutoCollectScheduler - AutoCollectScheduler 扫描失败: null
2026-10-06 06:39:48.100 [pool-2-thread-6] [] INFO  c.c.g.r.c.t.s.i.TaskManagementServiceImpl - 任务执行完成: taskId=e85196c1-59b4-4bc7-834e-5a71ec6ceb00, status=SUCCEEDED
2026-10-06 06:39:48.100 [pool-2-thread-6] [] INFO  c.c.g.r.c.t.s.TaskSchedulerServiceImpl - 定时任务已提交执行 taskId=e85196c1-59b4-4bc7-834e-5a71ec6ceb00 taskType=AUTO_COLLECT_SCAN scheduleId=5ec0f85a-1af7-4064-9ba5-713b4847ec50
2026-10-06 06:40:48.080 [pool-2-thread-6] [] INFO  c.c.g.r.c.t.s.i.TaskManagementServiceImpl - 任务已提交: taskId=e85196c1-59b4-4bc7-834e-5a71ec6ceb00, taskName=auto-collect-scan
2026-10-06 06:40:48.081 [pool-2-thread-6] [] INFO  c.c.g.r.c.t.s.i.TaskManagementServiceImpl - 任务已解析: taskId=e85196c1-59b4-4bc7-834e-5a71ec6ceb00
2026-10-06 06:40:48.082 [pool-2-thread-6] [] WARN  c.c.g.e.d.m.AutoCollectScheduler - AutoCollectScheduler 扫描失败: null
2026-10-06 06:40:48.082 [pool-2-thread-6] [] INFO  c.c.g.r.c.t.s.i.TaskManagementServiceImpl - 任务执行完成: taskId=e85196c1-59b4-4bc7-834e-5a71ec6ceb00, status=SUCCEEDED
2026-10-06 06:40:48.083 [pool-2-thread-6] [] INFO  c.c.g.r.c.t.s.TaskSchedulerServiceImpl - 定时任务已提交执行 taskId=e85196c1-59b4-4bc7-834e-5a71ec6ceb00 taskType=AUTO_COLLECT_SCAN scheduleId=5ec0f85a-1af7-4064-9ba5-713b4847ec50
2026-10-06 06:41:48.083 [pool-2-thread-6] [] INFO  c.c.g.r.c.t.s.i.TaskManagementServiceImpl - 任务已提交: taskId=e85196c1-59b4-4bc7-834e-5a71ec6ceb00, taskName=auto-collect-scan
2026-10-06 06:41:48.094 [pool-2-thread-6] [] INFO  c.c.g.r.c.t.s.i.TaskManagementServiceImpl - 任务已解析: taskId=e85196c1-59b4-4bc7-834e-5a71ec6ceb00
2026-10-06 06:41:48.096 [pool-2-thread-6] [] WARN  c.c.g.e.d.m.AutoCollectScheduler - AutoCollectScheduler 扫描失败: null
2026-10-06 06:41:48.097 [pool-2-thread-6] [] INFO  c.c.g.r.c.t.s.i.TaskManagementServiceImpl - 任务执行完成: taskId=e85196c1-59b4-4bc7-834e-5a71ec6ceb00, status=SUCCEEDED
2026-10-06 06:41:48.097 [pool-2-thread-6] [] INFO  c.c.g.r.c.t.s.TaskSchedulerServiceImpl - 定时任务已提交执行 taskId=e85196c1-59b4-4bc7-834e-5a71ec6ceb00 taskType=AUTO_COLLECT_SCAN scheduleId=5ec0f85a-1af7-4064-9ba5-713b4847ec50
2026-10-06 06:42:48.075 [pool-2-thread-6] [] INFO  c.c.g.r.c.t.s.i.TaskManagementServiceImpl - 任务已提交: taskId=e85196c1-59b4-4bc7-834e-5a71ec6ceb00, taskName=auto-collect-scan
2026-10-06 06:42:48.080 [pool-2-thread-6] [] INFO  c.c.g.r.c.t.s.i.TaskManagementServiceImpl - 任务已解析: taskId=e85196c1-59b4-4bc7-834e-5a71ec6ceb00
2026-10-06 06:42:48.086 [pool-2-thread-6] [] WARN  c.c.g.e.d.m.AutoCollectScheduler - AutoCollectScheduler 扫描失败: null
2026-10-06 06:42:48.090 [pool-2-thread-6] [] INFO  c.c.g.r.c.t.s.i.TaskManagementServiceImpl - 任务执行完成: taskId=e85196c1-59b4-4bc7-834e-5a71ec6ceb00, status=SUCCEEDED
2026-10-06 06:42:48.093 [pool-2-thread-6] [] INFO  c.c.g.r.c.t.s.TaskSchedulerServiceImpl - 定时任务已提交执行 taskId=e85196c1-59b4-4bc7-834e-5a71ec6ceb00 taskType=AUTO_COLLECT_SCAN scheduleId=5ec0f85a-1af7-4064-9ba5-713b4847ec50
2026-10-06 06:43:48.088 [pool-2-thread-6] [] INFO  c.c.g.r.c.t.s.i.TaskManagementServiceImpl - 任务已提交: taskId=e85196c1-59b4-4bc7-834e-5a71ec6ceb00, taskName=auto-collect-scan
2026-10-06 06:43:48.090 [pool-2-thread-6] [] INFO  c.c.g.r.c.t.s.i.TaskManagementServiceImpl - 任务已解析: taskId=e85196c1-59b4-4bc7-834e-5a71ec6ceb00
2026-10-06 06:43:48.092 [pool-2-thread-6] [] WARN  c.c.g.e.d.m.AutoCollectScheduler - AutoCollectScheduler 扫描失败: null
2026-10-06 06:43:48.093 [pool-2-thread-6] [] INFO  c.c.g.r.c.t.s.i.TaskManagementServiceImpl - 任务执行完成: taskId=e85196c1-59b4-4bc7-834e-5a71ec6ceb00, status=SUCCEEDED
2026-10-06 06:43:48.093 [pool-2-thread-6] [] INFO  c.c.g.r.c.t.s.TaskSchedulerServiceImpl - 定时任务已提交执行 taskId=e85196c1-59b4-4bc7-834e-5a71ec6ceb00 taskType=AUTO_COLLECT_SCAN scheduleId=5ec0f85a-1af7-4064-9ba5-713b4847ec50
2026-10-06 06:44:48.076 [pool-2-thread-6] [] INFO  c.c.g.r.c.t.s.i.TaskManagementServiceImpl - 任务已提交: taskId=e85196c1-59b4-4bc7-834e-5a71ec6ceb00, taskName=auto-collect-scan
2026-10-06 06:44:48.079 [pool-2-thread-6] [] INFO  c.c.g.r.c.t.s.i.TaskManagementServiceImpl - 任务已解析: taskId=e85196c1-59b4-4bc7-834e-5a71ec6ceb00
2026-10-06 06:44:48.082 [pool-2-thread-6] [] WARN  c.c.g.e.d.m.AutoCollectScheduler - AutoCollectScheduler 扫描失败: null
2026-10-06 06:44:48.084 [pool-2-thread-6] [] INFO  c.c.g.r.c.t.s.i.TaskManagementServiceImpl - 任务执行完成: taskId=e85196c1-59b4-4bc7-834e-5a71ec6ceb00, status=SUCCEEDED
2026-10-06 06:44:48.086 [pool-2-thread-6] [] INFO  c.c.g.r.c.t.s.TaskSchedulerServiceImpl - 定时任务已提交执行 taskId=e85196c1-59b4-4bc7-834e-5a71ec6ceb00 taskType=AUTO_COLLECT_SCAN scheduleId=5ec0f85a-1af7-4064-9ba5-713b4847ec50
2026-10-06 06:45:48.075 [pool-2-thread-6] [] INFO  c.c.g.r.c.t.s.i.TaskManagementServiceImpl - 任务已提交: taskId=e85196c1-59b4-4bc7-834e-5a71ec6ceb00, taskName=auto-collect-scan
2026-10-06 06:45:48.081 [pool-2-thread-6] [] INFO  c.c.g.r.c.t.s.i.TaskManagementServiceImpl - 任务已解析: taskId=e85196c1-59b4-4bc7-834e-5a71ec6ceb00
2026-10-06 06:45:48.082 [pool-2-thread-6] [] WARN  c.c.g.e.d.m.AutoCollectScheduler - AutoCollectScheduler 扫描失败: null
2026-10-06 06:45:48.083 [pool-2-thread-6] [] INFO  c.c.g.r.c.t.s.i.TaskManagementServiceImpl - 任务执行完成: taskId=e85196c1-59b4-4bc7-834e-5a71ec6ceb00, status=SUCCEEDED
2026-10-06 06:45:48.083 [pool-2-thread-6] [] INFO  c.c.g.r.c.t.s.TaskSchedulerServiceImpl - 定时任务已提交执行 taskId=e85196c1-59b4-4bc7-834e-5a71ec6ceb00 taskType=AUTO_COLLECT_SCAN scheduleId=5ec0f85a-1af7-4064-9ba5-713b4847ec50
2026-10-06 06:46:48.083 [pool-2-thread-6] [] INFO  c.c.g.r.c.t.s.i.TaskManagementServiceImpl - 任务已提交: taskId=e85196c1-59b4-4bc7-834e-5a71ec6ceb00, taskName=auto-collect-scan
2026-10-06 06:46:48.093 [pool-2-thread-6] [] INFO  c.c.g.r.c.t.s.i.TaskManagementServiceImpl - 任务已解析: taskId=e85196c1-59b4-4bc7-834e-5a71ec6ceb00
2026-10-06 06:46:48.095 [pool-2-thread-6] [] WARN  c.c.g.e.d.m.AutoCollectScheduler - AutoCollectScheduler 扫描失败: null
2026-10-06 06:46:48.096 [pool-2-thread-6] [] INFO  c.c.g.r.c.t.s.i.TaskManagementServiceImpl - 任务执行完成: taskId=e85196c1-59b4-4bc7-834e-5a71ec6ceb00, status=SUCCEEDED
2026-10-06 06:46:48.097 [pool-2-thread-6] [] INFO  c.c.g.r.c.t.s.TaskSchedulerServiceImpl - 定时任务已提交执行 taskId=e85196c1-59b4-4bc7-834e-5a71ec6ceb00 taskType=AUTO_COLLECT_SCAN scheduleId=5ec0f85a-1af7-4064-9ba5-713b4847ec50
2026-10-06 06:47:48.074 [pool-2-thread-6] [] INFO  c.c.g.r.c.t.s.i.TaskManagementServiceImpl - 任务已提交: taskId=e85196c1-59b4-4bc7-834e-5a71ec6ceb00, taskName=auto-collect-scan
2026-10-06 06:47:48.084 [pool-2-thread-6] [] INFO  c.c.g.r.c.t.s.i.TaskManagementServiceImpl - 任务已解析: taskId=e85196c1-59b4-4bc7-834e-5a71ec6ceb00
2026-10-06 06:47:48.085 [pool-2-thread-6] [] WARN  c.c.g.e.d.m.AutoCollectScheduler - AutoCollectScheduler 扫描失败: null
2026-10-06 06:47:48.086 [pool-2-thread-6] [] INFO  c.c.g.r.c.t.s.i.TaskManagementServiceImpl - 任务执行完成: taskId=e85196c1-59b4-4bc7-834e-5a71ec6ceb00, status=SUCCEEDED
2026-10-06 06:47:48.087 [pool-2-thread-6] [] INFO  c.c.g.r.c.t.s.TaskSchedulerServiceImpl - 定时任务已提交执行 taskId=e85196c1-59b4-4bc7-834e-5a71ec6ceb00 taskType=AUTO_COLLECT_SCAN scheduleId=5ec0f85a-1af7-4064-9ba5-713b4847ec50
2026-10-06 06:48:48.084 [pool-2-thread-6] [] INFO  c.c.g.r.c.t.s.i.TaskManagementServiceImpl - 任务已提交: taskId=e85196c1-59b4-4bc7-834e-5a71ec6ceb00, taskName=auto-collect-scan
2026-10-06 06:48:48.094 [pool-2-thread-6] [] INFO  c.c.g.r.c.t.s.i.TaskManagementServiceImpl - 任务已解析: taskId=e85196c1-59b4-4bc7-834e-5a71ec6ceb00
2026-10-06 06:48:48.095 [pool-2-thread-6] [] WARN  c.c.g.e.d.m.AutoCollectScheduler - AutoCollectScheduler 扫描失败: null
2026-10-06 06:48:48.096 [pool-2-thread-6] [] INFO  c.c.g.r.c.t.s.i.TaskManagementServiceImpl - 任务执行完成: taskId=e85196c1-59b4-4bc7-834e-5a71ec6ceb00, status=SUCCEEDED
2026-10-06 06:48:48.097 [pool-2-thread-6] [] INFO  c.c.g.r.c.t.s.TaskSchedulerServiceImpl - 定时任务已提交执行 taskId=e85196c1-59b4-4bc7-834e-5a71ec6ceb00 taskType=AUTO_COLLECT_SCAN scheduleId=5ec0f85a-1af7-4064-9ba5-713b4847ec50
2026-10-06 06:49:48.087 [pool-2-thread-6] [] INFO  c.c.g.r.c.t.s.i.TaskManagementServiceImpl - 任务已提交: taskId=e85196c1-59b4-4bc7-834e-5a71ec6ceb00, taskName=auto-collect-scan
2026-10-06 06:49:48.098 [pool-2-thread-6] [] INFO  c.c.g.r.c.t.s.i.TaskManagementServiceImpl - 任务已解析: taskId=e85196c1-59b4-4bc7-834e-5a71ec6ceb00
2026-10-06 06:49:48.099 [pool-2-thread-6] [] WARN  c.c.g.e.d.m.AutoCollectScheduler - AutoCollectScheduler 扫描失败: null
2026-10-06 06:49:48.100 [pool-2-thread-6] [] INFO  c.c.g.r.c.t.s.i.TaskManagementServiceImpl - 任务执行完成: taskId=e85196c1-59b4-4bc7-834e-5a71ec6ceb00, status=SUCCEEDED
2026-10-06 06:49:48.101 [pool-2-thread-6] [] INFO  c.c.g.r.c.t.s.TaskSchedulerServiceImpl - 定时任务已提交执行 taskId=e85196c1-59b4-4bc7-834e-5a71ec6ceb00 taskType=AUTO_COLLECT_SCAN scheduleId=5ec0f85a-1af7-4064-9ba5-713b4847ec50
2026-10-06 06:50:48.079 [pool-2-thread-6] [] INFO  c.c.g.r.c.t.s.i.TaskManagementServiceImpl - 任务已提交: taskId=e85196c1-59b4-4bc7-834e-5a71ec6ceb00, taskName=auto-collect-scan
2026-10-06 06:50:48.081 [pool-2-thread-6] [] INFO  c.c.g.r.c.t.s.i.TaskManagementServiceImpl - 任务已解析: taskId=e85196c1-59b4-4bc7-834e-5a71ec6ceb00
2026-10-06 06:50:48.082 [pool-2-thread-6] [] WARN  c.c.g.e.d.m.AutoCollectScheduler - AutoCollectScheduler 扫描失败: null
2026-10-06 06:50:48.083 [pool-2-thread-6] [] INFO  c.c.g.r.c.t.s.i.TaskManagementServiceImpl - 任务执行完成: taskId=e85196c1-59b4-4bc7-834e-5a71ec6ceb00, status=SUCCEEDED
2026-10-06 06:50:48.083 [pool-2-thread-6] [] INFO  c.c.g.r.c.t.s.TaskSchedulerServiceImpl - 定时任务已提交执行 taskId=e85196c1-59b4-4bc7-834e-5a71ec6ceb00 taskType=AUTO_COLLECT_SCAN scheduleId=5ec0f85a-1af7-4064-9ba5-713b4847ec50
2026-10-06 06:51:48.086 [pool-2-thread-6] [] INFO  c.c.g.r.c.t.s.i.TaskManagementServiceImpl - 任务已提交: taskId=e85196c1-59b4-4bc7-834e-5a71ec6ceb00, taskName=auto-collect-scan
2026-10-06 06:51:48.088 [pool-2-thread-6] [] INFO  c.c.g.r.c.t.s.i.TaskManagementServiceImpl - 任务已解析: taskId=e85196c1-59b4-4bc7-834e-5a71ec6ceb00
2026-10-06 06:51:48.090 [pool-2-thread-6] [] WARN  c.c.g.e.d.m.AutoCollectScheduler - AutoCollectScheduler 扫描失败: null
2026-10-06 06:51:48.091 [pool-2-thread-6] [] INFO  c.c.g.r.c.t.s.i.TaskManagementServiceImpl - 任务执行完成: taskId=e85196c1-59b4-4bc7-834e-5a71ec6ceb00, status=SUCCEEDED
2026-10-06 06:51:48.092 [pool-2-thread-6] [] INFO  c.c.g.r.c.t.s.TaskSchedulerServiceImpl - 定时任务已提交执行 taskId=e85196c1-59b4-4bc7-834e-5a71ec6ceb00 taskType=AUTO_COLLECT_SCAN scheduleId=5ec0f85a-1af7-4064-9ba5-713b4847ec50
2026-10-06 06:52:48.085 [pool-2-thread-6] [] INFO  c.c.g.r.c.t.s.i.TaskManagementServiceImpl - 任务已提交: taskId=e85196c1-59b4-4bc7-834e-5a71ec6ceb00, taskName=auto-collect-scan
2026-10-06 06:52:48.090 [pool-2-thread-6] [] INFO  c.c.g.r.c.t.s.i.TaskManagementServiceImpl - 任务已解析: taskId=e85196c1-59b4-4bc7-834e-5a71ec6ceb00
2026-10-06 06:52:48.091 [pool-2-thread-6] [] WARN  c.c.g.e.d.m.AutoCollectScheduler - AutoCollectScheduler 扫描失败: null
2026-10-06 06:52:48.092 [pool-2-thread-6] [] INFO  c.c.g.r.c.t.s.i.TaskManagementServiceImpl - 任务执行完成: taskId=e85196c1-59b4-4bc7-834e-5a71ec6ceb00, status=SUCCEEDED
2026-10-06 06:52:48.093 [pool-2-thread-6] [] INFO  c.c.g.r.c.t.s.TaskSchedulerServiceImpl - 定时任务已提交执行 taskId=e85196c1-59b4-4bc7-834e-5a71ec6ceb00 taskType=AUTO_COLLECT_SCAN scheduleId=5ec0f85a-1af7-4064-9ba5-713b4847ec50
2026-10-06 06:53:48.084 [pool-2-thread-6] [] INFO  c.c.g.r.c.t.s.i.TaskManagementServiceImpl - 任务已提交: taskId=e85196c1-59b4-4bc7-834e-5a71ec6ceb00, taskName=auto-collect-scan
2026-10-06 06:53:48.085 [pool-2-thread-6] [] INFO  c.c.g.r.c.t.s.i.TaskManagementServiceImpl - 任务已解析: taskId=e85196c1-59b4-4bc7-834e-5a71ec6ceb00
2026-10-06 06:53:48.086 [pool-2-thread-6] [] WARN  c.c.g.e.d.m.AutoCollectScheduler - AutoCollectScheduler 扫描失败: null
2026-10-06 06:53:48.088 [pool-2-thread-6] [] INFO  c.c.g.r.c.t.s.i.TaskManagementServiceImpl - 任务执行完成: taskId=e85196c1-59b4-4bc7-834e-5a71ec6ceb00, status=SUCCEEDED
2026-10-06 06:53:48.089 [pool-2-thread-6] [] INFO  c.c.g.r.c.t.s.TaskSchedulerServiceImpl - 定时任务已提交执行 taskId=e85196c1-59b4-4bc7-834e-5a71ec6ceb00 taskType=AUTO_COLLECT_SCAN scheduleId=5ec0f85a-1af7-4064-9ba5-713b4847ec50
2026-10-06 06:54:48.078 [pool-2-thread-6] [] INFO  c.c.g.r.c.t.s.i.TaskManagementServiceImpl - 任务已提交: taskId=e85196c1-59b4-4bc7-834e-5a71ec6ceb00, taskName=auto-collect-scan
2026-10-06 06:54:48.089 [pool-2-thread-6] [] INFO  c.c.g.r.c.t.s.i.TaskManagementServiceImpl - 任务已解析: taskId=e85196c1-59b4-4bc7-834e-5a71ec6ceb00
2026-10-06 06:54:48.090 [pool-2-thread-6] [] WARN  c.c.g.e.d.m.AutoCollectScheduler - AutoCollectScheduler 扫描失败: null
2026-10-06 06:54:48.091 [pool-2-thread-6] [] INFO  c.c.g.r.c.t.s.i.TaskManagementServiceImpl - 任务执行完成: taskId=e85196c1-59b4-4bc7-834e-5a71ec6ceb00, status=SUCCEEDED
2026-10-06 06:54:48.092 [pool-2-thread-6] [] INFO  c.c.g.r.c.t.s.TaskSchedulerServiceImpl - 定时任务已提交执行 taskId=e85196c1-59b4-4bc7-834e-5a71ec6ceb00 taskType=AUTO_COLLECT_SCAN scheduleId=5ec0f85a-1af7-4064-9ba5-713b4847ec50
2026-10-06 06:55:48.085 [pool-2-thread-6] [] INFO  c.c.g.r.c.t.s.i.TaskManagementServiceImpl - 任务已提交: taskId=e85196c1-59b4-4bc7-834e-5a71ec6ceb00, taskName=auto-collect-scan
2026-10-06 06:55:48.087 [pool-2-thread-6] [] INFO  c.c.g.r.c.t.s.i.TaskManagementServiceImpl - 任务已解析: taskId=e85196c1-59b4-4bc7-834e-5a71ec6ceb00
2026-10-06 06:55:48.088 [pool-2-thread-6] [] WARN  c.c.g.e.d.m.AutoCollectScheduler - AutoCollectScheduler 扫描失败: null
2026-10-06 06:55:48.089 [pool-2-thread-6] [] INFO  c.c.g.r.c.t.s.i.TaskManagementServiceImpl - 任务执行完成: taskId=e85196c1-59b4-4bc7-834e-5a71ec6ceb00, status=SUCCEEDED
2026-10-06 06:55:48.090 [pool-2-thread-6] [] INFO  c.c.g.r.c.t.s.TaskSchedulerServiceImpl - 定时任务已提交执行 taskId=e85196c1-59b4-4bc7-834e-5a71ec6ceb00 taskType=AUTO_COLLECT_SCAN scheduleId=5ec0f85a-1af7-4064-9ba5-713b4847ec50
2026-10-06 06:56:48.081 [pool-2-thread-6] [] INFO  c.c.g.r.c.t.s.i.TaskManagementServiceImpl - 任务已提交: taskId=e85196c1-59b4-4bc7-834e-5a71ec6ceb00, taskName=auto-collect-scan
2026-10-06 06:56:48.086 [pool-2-thread-6] [] INFO  c.c.g.r.c.t.s.i.TaskManagementServiceImpl - 任务已解析: taskId=e85196c1-59b4-4bc7-834e-5a71ec6ceb00
2026-10-06 06:56:48.087 [pool-2-thread-6] [] WARN  c.c.g.e.d.m.AutoCollectScheduler - AutoCollectScheduler 扫描失败: null
2026-10-06 06:56:48.089 [pool-2-thread-6] [] INFO  c.c.g.r.c.t.s.i.TaskManagementServiceImpl - 任务执行完成: taskId=e85196c1-59b4-4bc7-834e-5a71ec6ceb00, status=SUCCEEDED
2026-10-06 06:56:48.090 [pool-2-thread-6] [] INFO  c.c.g.r.c.t.s.TaskSchedulerServiceImpl - 定时任务已提交执行 taskId=e85196c1-59b4-4bc7-834e-5a71ec6ceb00 taskType=AUTO_COLLECT_SCAN scheduleId=5ec0f85a-1af7-4064-9ba5-713b4847ec50
2026-10-06 06:57:48.085 [pool-2-thread-6] [] INFO  c.c.g.r.c.t.s.i.TaskManagementServiceImpl - 任务已提交: taskId=e85196c1-59b4-4bc7-834e-5a71ec6ceb00, taskName=auto-collect-scan
2026-10-06 06:57:48.086 [pool-2-thread-6] [] INFO  c.c.g.r.c.t.s.i.TaskManagementServiceImpl - 任务已解析: taskId=e85196c1-59b4-4bc7-834e-5a71ec6ceb00
2026-10-06 06:57:48.089 [pool-2-thread-6] [] WARN  c.c.g.e.d.m.AutoCollectScheduler - AutoCollectScheduler 扫描失败: null
2026-10-06 06:57:48.090 [pool-2-thread-6] [] INFO  c.c.g.r.c.t.s.i.TaskManagementServiceImpl - 任务执行完成: taskId=e85196c1-59b4-4bc7-834e-5a71ec6ceb00, status=SUCCEEDED
2026-10-06 06:57:48.091 [pool-2-thread-6] [] INFO  c.c.g.r.c.t.s.TaskSchedulerServiceImpl - 定时任务已提交执行 taskId=e85196c1-59b4-4bc7-834e-5a71ec6ceb00 taskType=AUTO_COLLECT_SCAN scheduleId=5ec0f85a-1af7-4064-9ba5-713b4847ec50
2026-10-06 06:58:48.083 [pool-2-thread-6] [] INFO  c.c.g.r.c.t.s.i.TaskManagementServiceImpl - 任务已提交: taskId=e85196c1-59b4-4bc7-834e-5a71ec6ceb00, taskName=auto-collect-scan
2026-10-06 06:58:48.083 [pool-2-thread-6] [] INFO  c.c.g.r.c.t.s.i.TaskManagementServiceImpl - 任务已解析: taskId=e85196c1-59b4-4bc7-834e-5a71ec6ceb00
2026-10-06 06:58:48.085 [pool-2-thread-6] [] WARN  c.c.g.e.d.m.AutoCollectScheduler - AutoCollectScheduler 扫描失败: null
2026-10-06 06:58:48.086 [pool-2-thread-6] [] INFO  c.c.g.r.c.t.s.i.TaskManagementServiceImpl - 任务执行完成: taskId=e85196c1-59b4-4bc7-834e-5a71ec6ceb00, status=SUCCEEDED
2026-10-06 06:58:48.087 [pool-2-thread-6] [] INFO  c.c.g.r.c.t.s.TaskSchedulerServiceImpl - 定时任务已提交执行 taskId=e85196c1-59b4-4bc7-834e-5a71ec6ceb00 taskType=AUTO_COLLECT_SCAN scheduleId=5ec0f85a-1af7-4064-9ba5-713b4847ec50
2026-10-06 06:59:48.079 [pool-2-thread-6] [] INFO  c.c.g.r.c.t.s.i.TaskManagementServiceImpl - 任务已提交: taskId=e85196c1-59b4-4bc7-834e-5a71ec6ceb00, taskName=auto-collect-scan
2026-10-06 06:59:48.081 [pool-2-thread-6] [] INFO  c.c.g.r.c.t.s.i.TaskManagementServiceImpl - 任务已解析: taskId=e85196c1-59b4-4bc7-834e-5a71ec6ceb00
2026-10-06 06:59:48.082 [pool-2-thread-6] [] WARN  c.c.g.e.d.m.AutoCollectScheduler - AutoCollectScheduler 扫描失败: null
2026-10-06 06:59:48.084 [pool-2-thread-6] [] INFO  c.c.g.r.c.t.s.i.TaskManagementServiceImpl - 任务执行完成: taskId=e85196c1-59b4-4bc7-834e-5a71ec6ceb00, status=SUCCEEDED
2026-10-06 06:59:48.085 [pool-2-thread-6] [] INFO  c.c.g.r.c.t.s.TaskSchedulerServiceImpl - 定时任务已提交执行 taskId=e85196c1-59b4-4bc7-834e-5a71ec6ceb00 taskType=AUTO_COLLECT_SCAN scheduleId=5ec0f85a-1af7-4064-9ba5-713b4847ec50
2026-10-06 07:00:48.085 [pool-2-thread-6] [] INFO  c.c.g.r.c.t.s.i.TaskManagementServiceImpl - 任务已提交: taskId=e85196c1-59b4-4bc7-834e-5a71ec6ceb00, taskName=auto-collect-scan
2026-10-06 07:00:48.088 [pool-2-thread-6] [] INFO  c.c.g.r.c.t.s.i.TaskManagementServiceImpl - 任务已解析: taskId=e85196c1-59b4-4bc7-834e-5a71ec6ceb00
2026-10-06 07:00:48.091 [pool-2-thread-6] [] WARN  c.c.g.e.d.m.AutoCollectScheduler - AutoCollectScheduler 扫描失败: null
2026-10-06 07:00:48.092 [pool-2-thread-6] [] INFO  c.c.g.r.c.t.s.i.TaskManagementServiceImpl - 任务执行完成: taskId=e85196c1-59b4-4bc7-834e-5a71ec6ceb00, status=SUCCEEDED
2026-10-06 07:00:48.093 [pool-2-thread-6] [] INFO  c.c.g.r.c.t.s.TaskSchedulerServiceImpl - 定时任务已提交执行 taskId=e85196c1-59b4-4bc7-834e-5a71ec6ceb00 taskType=AUTO_COLLECT_SCAN scheduleId=5ec0f85a-1af7-4064-9ba5-713b4847ec50
2026-10-06 07:01:48.079 [pool-2-thread-6] [] INFO  c.c.g.r.c.t.s.i.TaskManagementServiceImpl - 任务已提交: taskId=e85196c1-59b4-4bc7-834e-5a71ec6ceb00, taskName=auto-collect-scan
2026-10-06 07:01:48.082 [pool-2-thread-6] [] INFO  c.c.g.r.c.t.s.i.TaskManagementServiceImpl - 任务已解析: taskId=e85196c1-59b4-4bc7-834e-5a71ec6ceb00
2026-10-06 07:01:48.083 [pool-2-thread-6] [] WARN  c.c.g.e.d.m.AutoCollectScheduler - AutoCollectScheduler 扫描失败: null
2026-10-06 07:01:48.085 [pool-2-thread-6] [] INFO  c.c.g.r.c.t.s.i.TaskManagementServiceImpl - 任务执行完成: taskId=e85196c1-59b4-4bc7-834e-5a71ec6ceb00, status=SUCCEEDED
2026-10-06 07:01:48.086 [pool-2-thread-6] [] INFO  c.c.g.r.c.t.s.TaskSchedulerServiceImpl - 定时任务已提交执行 taskId=e85196c1-59b4-4bc7-834e-5a71ec6ceb00 taskType=AUTO_COLLECT_SCAN scheduleId=5ec0f85a-1af7-4064-9ba5-713b4847ec50
2026-10-06 07:02:48.074 [pool-2-thread-6] [] INFO  c.c.g.r.c.t.s.i.TaskManagementServiceImpl - 任务已提交: taskId=e85196c1-59b4-4bc7-834e-5a71ec6ceb00, taskName=auto-collect-scan
2026-10-06 07:02:48.076 [pool-2-thread-6] [] INFO  c.c.g.r.c.t.s.i.TaskManagementServiceImpl - 任务已解析: taskId=e85196c1-59b4-4bc7-834e-5a71ec6ceb00
2026-10-06 07:02:48.078 [pool-2-thread-6] [] WARN  c.c.g.e.d.m.AutoCollectScheduler - AutoCollectScheduler 扫描失败: null
2026-10-06 07:02:48.080 [pool-2-thread-6] [] INFO  c.c.g.r.c.t.s.i.TaskManagementServiceImpl - 任务执行完成: taskId=e85196c1-59b4-4bc7-834e-5a71ec6ceb00, status=SUCCEEDED
2026-10-06 07:02:48.081 [pool-2-thread-6] [] INFO  c.c.g.r.c.t.s.TaskSchedulerServiceImpl - 定时任务已提交执行 taskId=e85196c1-59b4-4bc7-834e-5a71ec6ceb00 taskType=AUTO_COLLECT_SCAN scheduleId=5ec0f85a-1af7-4064-9ba5-713b4847ec50
2026-10-06 07:03:48.080 [pool-2-thread-6] [] INFO  c.c.g.r.c.t.s.i.TaskManagementServiceImpl - 任务已提交: taskId=e85196c1-59b4-4bc7-834e-5a71ec6ceb00, taskName=auto-collect-scan
2026-10-06 07:03:48.082 [pool-2-thread-6] [] INFO  c.c.g.r.c.t.s.i.TaskManagementServiceImpl - 任务已解析: taskId=e85196c1-59b4-4bc7-834e-5a71ec6ceb00
2026-10-06 07:03:48.083 [pool-2-thread-6] [] WARN  c.c.g.e.d.m.AutoCollectScheduler - AutoCollectScheduler 扫描失败: null
2026-10-06 07:03:48.084 [pool-2-thread-6] [] INFO  c.c.g.r.c.t.s.i.TaskManagementServiceImpl - 任务执行完成: taskId=e85196c1-59b4-4bc7-834e-5a71ec6ceb00, status=SUCCEEDED
2026-10-06 07:03:48.085 [pool-2-thread-6] [] INFO  c.c.g.r.c.t.s.TaskSchedulerServiceImpl - 定时任务已提交执行 taskId=e85196c1-59b4-4bc7-834e-5a71ec6ceb00 taskType=AUTO_COLLECT_SCAN scheduleId=5ec0f85a-1af7-4064-9ba5-713b4847ec50
2026-10-06 07:04:48.080 [pool-2-thread-6] [] INFO  c.c.g.r.c.t.s.i.TaskManagementServiceImpl - 任务已提交: taskId=e85196c1-59b4-4bc7-834e-5a71ec6ceb00, taskName=auto-collect-scan
2026-10-06 07:04:48.082 [pool-2-thread-6] [] INFO  c.c.g.r.c.t.s.i.TaskManagementServiceImpl - 任务已解析: taskId=e85196c1-59b4-4bc7-834e-5a71ec6ceb00
2026-10-06 07:04:48.084 [pool-2-thread-6] [] WARN  c.c.g.e.d.m.AutoCollectScheduler - AutoCollectScheduler 扫描失败: null
2026-10-06 07:04:48.085 [pool-2-thread-6] [] INFO  c.c.g.r.c.t.s.i.TaskManagementServiceImpl - 任务执行完成: taskId=e85196c1-59b4-4bc7-834e-5a71ec6ceb00, status=SUCCEEDED
2026-10-06 07:04:48.086 [pool-2-thread-6] [] INFO  c.c.g.r.c.t.s.TaskSchedulerServiceImpl - 定时任务已提交执行 taskId=e85196c1-59b4-4bc7-834e-5a71ec6ceb00 taskType=AUTO_COLLECT_SCAN scheduleId=5ec0f85a-1af7-4064-9ba5-713b4847ec50
2026-10-06 07:05:48.076 [pool-2-thread-6] [] INFO  c.c.g.r.c.t.s.i.TaskManagementServiceImpl - 任务已提交: taskId=e85196c1-59b4-4bc7-834e-5a71ec6ceb00, taskName=auto-collect-scan
2026-10-06 07:05:48.078 [pool-2-thread-6] [] INFO  c.c.g.r.c.t.s.i.TaskManagementServiceImpl - 任务已解析: taskId=e85196c1-59b4-4bc7-834e-5a71ec6ceb00
2026-10-06 07:05:48.080 [pool-2-thread-6] [] WARN  c.c.g.e.d.m.AutoCollectScheduler - AutoCollectScheduler 扫描失败: null
2026-10-06 07:05:48.081 [pool-2-thread-6] [] INFO  c.c.g.r.c.t.s.i.TaskManagementServiceImpl - 任务执行完成: taskId=e85196c1-59b4-4bc7-834e-5a71ec6ceb00, status=SUCCEEDED
2026-10-06 07:05:48.082 [pool-2-thread-6] [] INFO  c.c.g.r.c.t.s.TaskSchedulerServiceImpl - 定时任务已提交执行 taskId=e85196c1-59b4-4bc7-834e-5a71ec6ceb00 taskType=AUTO_COLLECT_SCAN scheduleId=5ec0f85a-1af7-4064-9ba5-713b4847ec50
2026-10-06 07:06:48.081 [pool-2-thread-6] [] INFO  c.c.g.r.c.t.s.i.TaskManagementServiceImpl - 任务已提交: taskId=e85196c1-59b4-4bc7-834e-5a71ec6ceb00, taskName=auto-collect-scan
2026-10-06 07:06:48.085 [pool-2-thread-6] [] INFO  c.c.g.r.c.t.s.i.TaskManagementServiceImpl - 任务已解析: taskId=e85196c1-59b4-4bc7-834e-5a71ec6ceb00
2026-10-06 07:06:48.087 [pool-2-thread-6] [] WARN  c.c.g.e.d.m.AutoCollectScheduler - AutoCollectScheduler 扫描失败: null
2026-10-06 07:06:48.088 [pool-2-thread-6] [] INFO  c.c.g.r.c.t.s.i.TaskManagementServiceImpl - 任务执行完成: taskId=e85196c1-59b4-4bc7-834e-5a71ec6ceb00, status=SUCCEEDED
2026-10-06 07:06:48.088 [pool-2-thread-6] [] INFO  c.c.g.r.c.t.s.TaskSchedulerServiceImpl - 定时任务已提交执行 taskId=e85196c1-59b4-4bc7-834e-5a71ec6ceb00 taskType=AUTO_COLLECT_SCAN scheduleId=5ec0f85a-1af7-4064-9ba5-713b4847ec50
2026-10-06 07:07:48.088 [pool-2-thread-6] [] INFO  c.c.g.r.c.t.s.i.TaskManagementServiceImpl - 任务已提交: taskId=e85196c1-59b4-4bc7-834e-5a71ec6ceb00, taskName=auto-collect-scan
2026-10-06 07:07:48.090 [pool-2-thread-6] [] INFO  c.c.g.r.c.t.s.i.TaskManagementServiceImpl - 任务已解析: taskId=e85196c1-59b4-4bc7-834e-5a71ec6ceb00
2026-10-06 07:07:48.092 [pool-2-thread-6] [] WARN  c.c.g.e.d.m.AutoCollectScheduler - AutoCollectScheduler 扫描失败: null
2026-10-06 07:07:48.093 [pool-2-thread-6] [] INFO  c.c.g.r.c.t.s.i.TaskManagementServiceImpl - 任务执行完成: taskId=e85196c1-59b4-4bc7-834e-5a71ec6ceb00, status=SUCCEEDED
2026-10-06 07:07:48.094 [pool-2-thread-6] [] INFO  c.c.g.r.c.t.s.TaskSchedulerServiceImpl - 定时任务已提交执行 taskId=e85196c1-59b4-4bc7-834e-5a71ec6ceb00 taskType=AUTO_COLLECT_SCAN scheduleId=5ec0f85a-1af7-4064-9ba5-713b4847ec50
2026-10-06 07:08:48.077 [pool-2-thread-6] [] INFO  c.c.g.r.c.t.s.i.TaskManagementServiceImpl - 任务已提交: taskId=e85196c1-59b4-4bc7-834e-5a71ec6ceb00, taskName=auto-collect-scan
2026-10-06 07:08:48.079 [pool-2-thread-6] [] INFO  c.c.g.r.c.t.s.i.TaskManagementServiceImpl - 任务已解析: taskId=e85196c1-59b4-4bc7-834e-5a71ec6ceb00
2026-10-06 07:08:48.080 [pool-2-thread-6] [] WARN  c.c.g.e.d.m.AutoCollectScheduler - AutoCollectScheduler 扫描失败: null
2026-10-06 07:08:48.081 [pool-2-thread-6] [] INFO  c.c.g.r.c.t.s.i.TaskManagementServiceImpl - 任务执行完成: taskId=e85196c1-59b4-4bc7-834e-5a71ec6ceb00, status=SUCCEEDED
2026-10-06 07:08:48.082 [pool-2-thread-6] [] INFO  c.c.g.r.c.t.s.TaskSchedulerServiceImpl - 定时任务已提交执行 taskId=e85196c1-59b4-4bc7-834e-5a71ec6ceb00 taskType=AUTO_COLLECT_SCAN scheduleId=5ec0f85a-1af7-4064-9ba5-713b4847ec50
2026-10-06 07:09:48.085 [pool-2-thread-6] [] INFO  c.c.g.r.c.t.s.i.TaskManagementServiceImpl - 任务已提交: taskId=e85196c1-59b4-4bc7-834e-5a71ec6ceb00, taskName=auto-collect-scan
2026-10-06 07:09:48.087 [pool-2-thread-6] [] INFO  c.c.g.r.c.t.s.i.TaskManagementServiceImpl - 任务已解析: taskId=e85196c1-59b4-4bc7-834e-5a71ec6ceb00
2026-10-06 07:09:48.090 [pool-2-thread-6] [] WARN  c.c.g.e.d.m.AutoCollectScheduler - AutoCollectScheduler 扫描失败: null
2026-10-06 07:09:48.091 [pool-2-thread-6] [] INFO  c.c.g.r.c.t.s.i.TaskManagementServiceImpl - 任务执行完成: taskId=e85196c1-59b4-4bc7-834e-5a71ec6ceb00, status=SUCCEEDED
2026-10-06 07:09:48.091 [pool-2-thread-6] [] INFO  c.c.g.r.c.t.s.TaskSchedulerServiceImpl - 定时任务已提交执行 taskId=e85196c1-59b4-4bc7-834e-5a71ec6ceb00 taskType=AUTO_COLLECT_SCAN scheduleId=5ec0f85a-1af7-4064-9ba5-713b4847ec50
2026-10-06 07:10:48.075 [pool-2-thread-6] [] INFO  c.c.g.r.c.t.s.i.TaskManagementServiceImpl - 任务已提交: taskId=e85196c1-59b4-4bc7-834e-5a71ec6ceb00, taskName=auto-collect-scan
2026-10-06 07:10:48.077 [pool-2-thread-6] [] INFO  c.c.g.r.c.t.s.i.TaskManagementServiceImpl - 任务已解析: taskId=e85196c1-59b4-4bc7-834e-5a71ec6ceb00
2026-10-06 07:10:48.079 [pool-2-thread-6] [] WARN  c.c.g.e.d.m.AutoCollectScheduler - AutoCollectScheduler 扫描失败: null
2026-10-06 07:10:48.080 [pool-2-thread-6] [] INFO  c.c.g.r.c.t.s.i.TaskManagementServiceImpl - 任务执行完成: taskId=e85196c1-59b4-4bc7-834e-5a71ec6ceb00, status=SUCCEEDED
2026-10-06 07:10:48.081 [pool-2-thread-6] [] INFO  c.c.g.r.c.t.s.TaskSchedulerServiceImpl - 定时任务已提交执行 taskId=e85196c1-59b4-4bc7-834e-5a71ec6ceb00 taskType=AUTO_COLLECT_SCAN scheduleId=5ec0f85a-1af7-4064-9ba5-713b4847ec50
2026-10-06 07:11:48.085 [pool-2-thread-6] [] INFO  c.c.g.r.c.t.s.i.TaskManagementServiceImpl - 任务已提交: taskId=e85196c1-59b4-4bc7-834e-5a71ec6ceb00, taskName=auto-collect-scan
2026-10-06 07:11:48.088 [pool-2-thread-6] [] INFO  c.c.g.r.c.t.s.i.TaskManagementServiceImpl - 任务已解析: taskId=e85196c1-59b4-4bc7-834e-5a71ec6ceb00
2026-10-06 07:11:48.089 [pool-2-thread-6] [] WARN  c.c.g.e.d.m.AutoCollectScheduler - AutoCollectScheduler 扫描失败: null
2026-10-06 07:11:48.090 [pool-2-thread-6] [] INFO  c.c.g.r.c.t.s.i.TaskManagementServiceImpl - 任务执行完成: taskId=e85196c1-59b4-4bc7-834e-5a71ec6ceb00, status=SUCCEEDED
2026-10-06 07:11:48.091 [pool-2-thread-6] [] INFO  c.c.g.r.c.t.s.TaskSchedulerServiceImpl - 定时任务已提交执行 taskId=e85196c1-59b4-4bc7-834e-5a71ec6ceb00 taskType=AUTO_COLLECT_SCAN scheduleId=5ec0f85a-1af7-4064-9ba5-713b4847ec50
2026-10-06 07:12:48.074 [pool-2-thread-6] [] INFO  c.c.g.r.c.t.s.i.TaskManagementServiceImpl - 任务已提交: taskId=e85196c1-59b4-4bc7-834e-5a71ec6ceb00, taskName=auto-collect-scan
2026-10-06 07:12:48.084 [pool-2-thread-6] [] INFO  c.c.g.r.c.t.s.i.TaskManagementServiceImpl - 任务已解析: taskId=e85196c1-59b4-4bc7-834e-5a71ec6ceb00
2026-10-06 07:12:48.086 [pool-2-thread-6] [] WARN  c.c.g.e.d.m.AutoCollectScheduler - AutoCollectScheduler 扫描失败: null
2026-10-06 07:12:48.087 [pool-2-thread-6] [] INFO  c.c.g.r.c.t.s.i.TaskManagementServiceImpl - 任务执行完成: taskId=e85196c1-59b4-4bc7-834e-5a71ec6ceb00, status=SUCCEEDED
2026-10-06 07:12:48.087 [pool-2-thread-6] [] INFO  c.c.g.r.c.t.s.TaskSchedulerServiceImpl - 定时任务已提交执行 taskId=e85196c1-59b4-4bc7-834e-5a71ec6ceb00 taskType=AUTO_COLLECT_SCAN scheduleId=5ec0f85a-1af7-4064-9ba5-713b4847ec50
2026-10-06 07:13:48.076 [pool-2-thread-6] [] INFO  c.c.g.r.c.t.s.i.TaskManagementServiceImpl - 任务已提交: taskId=e85196c1-59b4-4bc7-834e-5a71ec6ceb00, taskName=auto-collect-scan
2026-10-06 07:13:48.079 [pool-2-thread-6] [] INFO  c.c.g.r.c.t.s.i.TaskManagementServiceImpl - 任务已解析: taskId=e85196c1-59b4-4bc7-834e-5a71ec6ceb00
2026-10-06 07:13:48.081 [pool-2-thread-6] [] WARN  c.c.g.e.d.m.AutoCollectScheduler - AutoCollectScheduler 扫描失败: null
2026-10-06 07:13:48.083 [pool-2-thread-6] [] INFO  c.c.g.r.c.t.s.i.TaskManagementServiceImpl - 任务执行完成: taskId=e85196c1-59b4-4bc7-834e-5a71ec6ceb00, status=SUCCEEDED
2026-10-06 07:13:48.084 [pool-2-thread-6] [] INFO  c.c.g.r.c.t.s.TaskSchedulerServiceImpl - 定时任务已提交执行 taskId=e85196c1-59b4-4bc7-834e-5a71ec6ceb00 taskType=AUTO_COLLECT_SCAN scheduleId=5ec0f85a-1af7-4064-9ba5-713b4847ec50
2026-10-06 07:14:48.081 [pool-2-thread-6] [] INFO  c.c.g.r.c.t.s.i.TaskManagementServiceImpl - 任务已提交: taskId=e85196c1-59b4-4bc7-834e-5a71ec6ceb00, taskName=auto-collect-scan
2026-10-06 07:14:48.092 [pool-2-thread-6] [] INFO  c.c.g.r.c.t.s.i.TaskManagementServiceImpl - 任务已解析: taskId=e85196c1-59b4-4bc7-834e-5a71ec6ceb00
2026-10-06 07:14:48.093 [pool-2-thread-6] [] WARN  c.c.g.e.d.m.AutoCollectScheduler - AutoCollectScheduler 扫描失败: null
2026-10-06 07:14:48.093 [pool-2-thread-6] [] INFO  c.c.g.r.c.t.s.i.TaskManagementServiceImpl - 任务执行完成: taskId=e85196c1-59b4-4bc7-834e-5a71ec6ceb00, status=SUCCEEDED
2026-10-06 07:14:48.094 [pool-2-thread-6] [] INFO  c.c.g.r.c.t.s.TaskSchedulerServiceImpl - 定时任务已提交执行 taskId=e85196c1-59b4-4bc7-834e-5a71ec6ceb00 taskType=AUTO_COLLECT_SCAN scheduleId=5ec0f85a-1af7-4064-9ba5-713b4847ec50
2026-10-06 07:15:48.082 [pool-2-thread-6] [] INFO  c.c.g.r.c.t.s.i.TaskManagementServiceImpl - 任务已提交: taskId=e85196c1-59b4-4bc7-834e-5a71ec6ceb00, taskName=auto-collect-scan
2026-10-06 07:15:48.085 [pool-2-thread-6] [] INFO  c.c.g.r.c.t.s.i.TaskManagementServiceImpl - 任务已解析: taskId=e85196c1-59b4-4bc7-834e-5a71ec6ceb00
2026-10-06 07:15:48.088 [pool-2-thread-6] [] WARN  c.c.g.e.d.m.AutoCollectScheduler - AutoCollectScheduler 扫描失败: null
2026-10-06 07:15:48.090 [pool-2-thread-6] [] INFO  c.c.g.r.c.t.s.i.TaskManagementServiceImpl - 任务执行完成: taskId=e85196c1-59b4-4bc7-834e-5a71ec6ceb00, status=SUCCEEDED
2026-10-06 07:15:48.092 [pool-2-thread-6] [] INFO  c.c.g.r.c.t.s.TaskSchedulerServiceImpl - 定时任务已提交执行 taskId=e85196c1-59b4-4bc7-834e-5a71ec6ceb00 taskType=AUTO_COLLECT_SCAN scheduleId=5ec0f85a-1af7-4064-9ba5-713b4847ec50
2026-10-06 07:16:48.089 [pool-2-thread-6] [] INFO  c.c.g.r.c.t.s.i.TaskManagementServiceImpl - 任务已提交: taskId=e85196c1-59b4-4bc7-834e-5a71ec6ceb00, taskName=auto-collect-scan
2026-10-06 07:16:48.100 [pool-2-thread-6] [] INFO  c.c.g.r.c.t.s.i.TaskManagementServiceImpl - 任务已解析: taskId=e85196c1-59b4-4bc7-834e-5a71ec6ceb00
2026-10-06 07:16:48.102 [pool-2-thread-6] [] WARN  c.c.g.e.d.m.AutoCollectScheduler - AutoCollectScheduler 扫描失败: null
2026-10-06 07:16:48.103 [pool-2-thread-6] [] INFO  c.c.g.r.c.t.s.i.TaskManagementServiceImpl - 任务执行完成: taskId=e85196c1-59b4-4bc7-834e-5a71ec6ceb00, status=SUCCEEDED
2026-10-06 07:16:48.104 [pool-2-thread-6] [] INFO  c.c.g.r.c.t.s.TaskSchedulerServiceImpl - 定时任务已提交执行 taskId=e85196c1-59b4-4bc7-834e-5a71ec6ceb00 taskType=AUTO_COLLECT_SCAN scheduleId=5ec0f85a-1af7-4064-9ba5-713b4847ec50
2026-10-06 07:17:48.084 [pool-2-thread-6] [] INFO  c.c.g.r.c.t.s.i.TaskManagementServiceImpl - 任务已提交: taskId=e85196c1-59b4-4bc7-834e-5a71ec6ceb00, taskName=auto-collect-scan
2026-10-06 07:17:48.085 [pool-2-thread-6] [] INFO  c.c.g.r.c.t.s.i.TaskManagementServiceImpl - 任务已解析: taskId=e85196c1-59b4-4bc7-834e-5a71ec6ceb00
2026-10-06 07:17:48.087 [pool-2-thread-6] [] WARN  c.c.g.e.d.m.AutoCollectScheduler - AutoCollectScheduler 扫描失败: null
2026-10-06 07:17:48.088 [pool-2-thread-6] [] INFO  c.c.g.r.c.t.s.i.TaskManagementServiceImpl - 任务执行完成: taskId=e85196c1-59b4-4bc7-834e-5a71ec6ceb00, status=SUCCEEDED
2026-10-06 07:17:48.089 [pool-2-thread-6] [] INFO  c.c.g.r.c.t.s.TaskSchedulerServiceImpl - 定时任务已提交执行 taskId=e85196c1-59b4-4bc7-834e-5a71ec6ceb00 taskType=AUTO_COLLECT_SCAN scheduleId=5ec0f85a-1af7-4064-9ba5-713b4847ec50
2026-10-06 07:18:48.087 [pool-2-thread-6] [] INFO  c.c.g.r.c.t.s.i.TaskManagementServiceImpl - 任务已提交: taskId=e85196c1-59b4-4bc7-834e-5a71ec6ceb00, taskName=auto-collect-scan
2026-10-06 07:18:48.088 [pool-2-thread-6] [] INFO  c.c.g.r.c.t.s.i.TaskManagementServiceImpl - 任务已解析: taskId=e85196c1-59b4-4bc7-834e-5a71ec6ceb00
2026-10-06 07:18:48.089 [pool-2-thread-6] [] WARN  c.c.g.e.d.m.AutoCollectScheduler - AutoCollectScheduler 扫描失败: null
2026-10-06 07:18:48.090 [pool-2-thread-6] [] INFO  c.c.g.r.c.t.s.i.TaskManagementServiceImpl - 任务执行完成: taskId=e85196c1-59b4-4bc7-834e-5a71ec6ceb00, status=SUCCEEDED
2026-10-06 07:18:48.090 [pool-2-thread-6] [] INFO  c.c.g.r.c.t.s.TaskSchedulerServiceImpl - 定时任务已提交执行 taskId=e85196c1-59b4-4bc7-834e-5a71ec6ceb00 taskType=AUTO_COLLECT_SCAN scheduleId=5ec0f85a-1af7-4064-9ba5-713b4847ec50
2026-10-06 07:19:48.076 [pool-2-thread-6] [] INFO  c.c.g.r.c.t.s.i.TaskManagementServiceImpl - 任务已提交: taskId=e85196c1-59b4-4bc7-834e-5a71ec6ceb00, taskName=auto-collect-scan
2026-10-06 07:19:48.086 [pool-2-thread-6] [] INFO  c.c.g.r.c.t.s.i.TaskManagementServiceImpl - 任务已解析: taskId=e85196c1-59b4-4bc7-834e-5a71ec6ceb00
2026-10-06 07:19:48.087 [pool-2-thread-6] [] WARN  c.c.g.e.d.m.AutoCollectScheduler - AutoCollectScheduler 扫描失败: null
2026-10-06 07:19:48.088 [pool-2-thread-6] [] INFO  c.c.g.r.c.t.s.i.TaskManagementServiceImpl - 任务执行完成: taskId=e85196c1-59b4-4bc7-834e-5a71ec6ceb00, status=SUCCEEDED
2026-10-06 07:19:48.088 [pool-2-thread-6] [] INFO  c.c.g.r.c.t.s.TaskSchedulerServiceImpl - 定时任务已提交执行 taskId=e85196c1-59b4-4bc7-834e-5a71ec6ceb00 taskType=AUTO_COLLECT_SCAN scheduleId=5ec0f85a-1af7-4064-9ba5-713b4847ec50
2026-10-06 07:20:48.080 [pool-2-thread-6] [] INFO  c.c.g.r.c.t.s.i.TaskManagementServiceImpl - 任务已提交: taskId=e85196c1-59b4-4bc7-834e-5a71ec6ceb00, taskName=auto-collect-scan
2026-10-06 07:20:48.081 [pool-2-thread-6] [] INFO  c.c.g.r.c.t.s.i.TaskManagementServiceImpl - 任务已解析: taskId=e85196c1-59b4-4bc7-834e-5a71ec6ceb00
2026-10-06 07:20:48.082 [pool-2-thread-6] [] WARN  c.c.g.e.d.m.AutoCollectScheduler - AutoCollectScheduler 扫描失败: null
2026-10-06 07:20:48.083 [pool-2-thread-6] [] INFO  c.c.g.r.c.t.s.i.TaskManagementServiceImpl - 任务执行完成: taskId=e85196c1-59b4-4bc7-834e-5a71ec6ceb00, status=SUCCEEDED
2026-10-06 07:20:48.084 [pool-2-thread-6] [] INFO  c.c.g.r.c.t.s.TaskSchedulerServiceImpl - 定时任务已提交执行 taskId=e85196c1-59b4-4bc7-834e-5a71ec6ceb00 taskType=AUTO_COLLECT_SCAN scheduleId=5ec0f85a-1af7-4064-9ba5-713b4847ec50
2026-10-06 07:21:48.074 [pool-2-thread-6] [] INFO  c.c.g.r.c.t.s.i.TaskManagementServiceImpl - 任务已提交: taskId=e85196c1-59b4-4bc7-834e-5a71ec6ceb00, taskName=auto-collect-scan
2026-10-06 07:21:48.085 [pool-2-thread-6] [] INFO  c.c.g.r.c.t.s.i.TaskManagementServiceImpl - 任务已解析: taskId=e85196c1-59b4-4bc7-834e-5a71ec6ceb00
2026-10-06 07:21:48.086 [pool-2-thread-6] [] WARN  c.c.g.e.d.m.AutoCollectScheduler - AutoCollectScheduler 扫描失败: null
2026-10-06 07:21:48.088 [pool-2-thread-6] [] INFO  c.c.g.r.c.t.s.i.TaskManagementServiceImpl - 任务执行完成: taskId=e85196c1-59b4-4bc7-834e-5a71ec6ceb00, status=SUCCEEDED
2026-10-06 07:21:48.089 [pool-2-thread-6] [] INFO  c.c.g.r.c.t.s.TaskSchedulerServiceImpl - 定时任务已提交执行 taskId=e85196c1-59b4-4bc7-834e-5a71ec6ceb00 taskType=AUTO_COLLECT_SCAN scheduleId=5ec0f85a-1af7-4064-9ba5-713b4847ec50
2026-10-06 07:22:48.078 [pool-2-thread-6] [] INFO  c.c.g.r.c.t.s.i.TaskManagementServiceImpl - 任务已提交: taskId=e85196c1-59b4-4bc7-834e-5a71ec6ceb00, taskName=auto-collect-scan
2026-10-06 07:22:48.080 [pool-2-thread-6] [] INFO  c.c.g.r.c.t.s.i.TaskManagementServiceImpl - 任务已解析: taskId=e85196c1-59b4-4bc7-834e-5a71ec6ceb00
2026-10-06 07:22:48.082 [pool-2-thread-6] [] WARN  c.c.g.e.d.m.AutoCollectScheduler - AutoCollectScheduler 扫描失败: null
2026-10-06 07:22:48.083 [pool-2-thread-6] [] INFO  c.c.g.r.c.t.s.i.TaskManagementServiceImpl - 任务执行完成: taskId=e85196c1-59b4-4bc7-834e-5a71ec6ceb00, status=SUCCEEDED
2026-10-06 07:22:48.083 [pool-2-thread-6] [] INFO  c.c.g.r.c.t.s.TaskSchedulerServiceImpl - 定时任务已提交执行 taskId=e85196c1-59b4-4bc7-834e-5a71ec6ceb00 taskType=AUTO_COLLECT_SCAN scheduleId=5ec0f85a-1af7-4064-9ba5-713b4847ec50
2026-10-06 07:23:48.087 [pool-2-thread-6] [] INFO  c.c.g.r.c.t.s.i.TaskManagementServiceImpl - 任务已提交: taskId=e85196c1-59b4-4bc7-834e-5a71ec6ceb00, taskName=auto-collect-scan
2026-10-06 07:23:48.097 [pool-2-thread-6] [] INFO  c.c.g.r.c.t.s.i.TaskManagementServiceImpl - 任务已解析: taskId=e85196c1-59b4-4bc7-834e-5a71ec6ceb00
2026-10-06 07:23:48.100 [pool-2-thread-6] [] WARN  c.c.g.e.d.m.AutoCollectScheduler - AutoCollectScheduler 扫描失败: null
2026-10-06 07:23:48.101 [pool-2-thread-6] [] INFO  c.c.g.r.c.t.s.i.TaskManagementServiceImpl - 任务执行完成: taskId=e85196c1-59b4-4bc7-834e-5a71ec6ceb00, status=SUCCEEDED
2026-10-06 07:23:48.103 [pool-2-thread-6] [] INFO  c.c.g.r.c.t.s.TaskSchedulerServiceImpl - 定时任务已提交执行 taskId=e85196c1-59b4-4bc7-834e-5a71ec6ceb00 taskType=AUTO_COLLECT_SCAN scheduleId=5ec0f85a-1af7-4064-9ba5-713b4847ec50
2026-10-06 07:24:48.077 [pool-2-thread-6] [] INFO  c.c.g.r.c.t.s.i.TaskManagementServiceImpl - 任务已提交: taskId=e85196c1-59b4-4bc7-834e-5a71ec6ceb00, taskName=auto-collect-scan
2026-10-06 07:24:48.088 [pool-2-thread-6] [] INFO  c.c.g.r.c.t.s.i.TaskManagementServiceImpl - 任务已解析: taskId=e85196c1-59b4-4bc7-834e-5a71ec6ceb00
2026-10-06 07:24:48.089 [pool-2-thread-6] [] WARN  c.c.g.e.d.m.AutoCollectScheduler - AutoCollectScheduler 扫描失败: null
2026-10-06 07:24:48.090 [pool-2-thread-6] [] INFO  c.c.g.r.c.t.s.i.TaskManagementServiceImpl - 任务执行完成: taskId=e85196c1-59b4-4bc7-834e-5a71ec6ceb00, status=SUCCEEDED
2026-10-06 07:24:48.090 [pool-2-thread-6] [] INFO  c.c.g.r.c.t.s.TaskSchedulerServiceImpl - 定时任务已提交执行 taskId=e85196c1-59b4-4bc7-834e-5a71ec6ceb00 taskType=AUTO_COLLECT_SCAN scheduleId=5ec0f85a-1af7-4064-9ba5-713b4847ec50
2026-10-06 07:25:48.085 [pool-2-thread-6] [] INFO  c.c.g.r.c.t.s.i.TaskManagementServiceImpl - 任务已提交: taskId=e85196c1-59b4-4bc7-834e-5a71ec6ceb00, taskName=auto-collect-scan
2026-10-06 07:25:48.088 [pool-2-thread-6] [] INFO  c.c.g.r.c.t.s.i.TaskManagementServiceImpl - 任务已解析: taskId=e85196c1-59b4-4bc7-834e-5a71ec6ceb00
2026-10-06 07:25:48.090 [pool-2-thread-6] [] WARN  c.c.g.e.d.m.AutoCollectScheduler - AutoCollectScheduler 扫描失败: null
2026-10-06 07:25:48.091 [pool-2-thread-6] [] INFO  c.c.g.r.c.t.s.i.TaskManagementServiceImpl - 任务执行完成: taskId=e85196c1-59b4-4bc7-834e-5a71ec6ceb00, status=SUCCEEDED
2026-10-06 07:25:48.093 [pool-2-thread-6] [] INFO  c.c.g.r.c.t.s.TaskSchedulerServiceImpl - 定时任务已提交执行 taskId=e85196c1-59b4-4bc7-834e-5a71ec6ceb00 taskType=AUTO_COLLECT_SCAN scheduleId=5ec0f85a-1af7-4064-9ba5-713b4847ec50
2026-10-06 07:26:48.075 [pool-2-thread-6] [] INFO  c.c.g.r.c.t.s.i.TaskManagementServiceImpl - 任务已提交: taskId=e85196c1-59b4-4bc7-834e-5a71ec6ceb00, taskName=auto-collect-scan
2026-10-06 07:26:48.086 [pool-2-thread-6] [] INFO  c.c.g.r.c.t.s.i.TaskManagementServiceImpl - 任务已解析: taskId=e85196c1-59b4-4bc7-834e-5a71ec6ceb00
2026-10-06 07:26:48.087 [pool-2-thread-6] [] WARN  c.c.g.e.d.m.AutoCollectScheduler - AutoCollectScheduler 扫描失败: null
2026-10-06 07:26:48.088 [pool-2-thread-6] [] INFO  c.c.g.r.c.t.s.i.TaskManagementServiceImpl - 任务执行完成: taskId=e85196c1-59b4-4bc7-834e-5a71ec6ceb00, status=SUCCEEDED
2026-10-06 07:26:48.088 [pool-2-thread-6] [] INFO  c.c.g.r.c.t.s.TaskSchedulerServiceImpl - 定时任务已提交执行 taskId=e85196c1-59b4-4bc7-834e-5a71ec6ceb00 taskType=AUTO_COLLECT_SCAN scheduleId=5ec0f85a-1af7-4064-9ba5-713b4847ec50
2026-10-06 07:27:48.075 [pool-2-thread-6] [] INFO  c.c.g.r.c.t.s.i.TaskManagementServiceImpl - 任务已提交: taskId=e85196c1-59b4-4bc7-834e-5a71ec6ceb00, taskName=auto-collect-scan
2026-10-06 07:27:48.087 [pool-2-thread-6] [] INFO  c.c.g.r.c.t.s.i.TaskManagementServiceImpl - 任务已解析: taskId=e85196c1-59b4-4bc7-834e-5a71ec6ceb00
2026-10-06 07:27:48.089 [pool-2-thread-6] [] WARN  c.c.g.e.d.m.AutoCollectScheduler - AutoCollectScheduler 扫描失败: null
2026-10-06 07:27:48.090 [pool-2-thread-6] [] INFO  c.c.g.r.c.t.s.i.TaskManagementServiceImpl - 任务执行完成: taskId=e85196c1-59b4-4bc7-834e-5a71ec6ceb00, status=SUCCEEDED
2026-10-06 07:27:48.091 [pool-2-thread-6] [] INFO  c.c.g.r.c.t.s.TaskSchedulerServiceImpl - 定时任务已提交执行 taskId=e85196c1-59b4-4bc7-834e-5a71ec6ceb00 taskType=AUTO_COLLECT_SCAN scheduleId=5ec0f85a-1af7-4064-9ba5-713b4847ec50
2026-10-06 07:28:48.074 [pool-2-thread-6] [] INFO  c.c.g.r.c.t.s.i.TaskManagementServiceImpl - 任务已提交: taskId=e85196c1-59b4-4bc7-834e-5a71ec6ceb00, taskName=auto-collect-scan
2026-10-06 07:28:48.086 [pool-2-thread-6] [] INFO  c.c.g.r.c.t.s.i.TaskManagementServiceImpl - 任务已解析: taskId=e85196c1-59b4-4bc7-834e-5a71ec6ceb00
2026-10-06 07:28:48.088 [pool-2-thread-6] [] WARN  c.c.g.e.d.m.AutoCollectScheduler - AutoCollectScheduler 扫描失败: null
2026-10-06 07:28:48.089 [pool-2-thread-6] [] INFO  c.c.g.r.c.t.s.i.TaskManagementServiceImpl - 任务执行完成: taskId=e85196c1-59b4-4bc7-834e-5a71ec6ceb00, status=SUCCEEDED
2026-10-06 07:28:48.090 [pool-2-thread-6] [] INFO  c.c.g.r.c.t.s.TaskSchedulerServiceImpl - 定时任务已提交执行 taskId=e85196c1-59b4-4bc7-834e-5a71ec6ceb00 taskType=AUTO_COLLECT_SCAN scheduleId=5ec0f85a-1af7-4064-9ba5-713b4847ec50
2026-10-06 07:29:48.087 [pool-2-thread-6] [] INFO  c.c.g.r.c.t.s.i.TaskManagementServiceImpl - 任务已提交: taskId=e85196c1-59b4-4bc7-834e-5a71ec6ceb00, taskName=auto-collect-scan
2026-10-06 07:29:48.090 [pool-2-thread-6] [] INFO  c.c.g.r.c.t.s.i.TaskManagementServiceImpl - 任务已解析: taskId=e85196c1-59b4-4bc7-834e-5a71ec6ceb00
2026-10-06 07:29:48.092 [pool-2-thread-6] [] WARN  c.c.g.e.d.m.AutoCollectScheduler - AutoCollectScheduler 扫描失败: null
2026-10-06 07:29:48.095 [pool-2-thread-6] [] INFO  c.c.g.r.c.t.s.i.TaskManagementServiceImpl - 任务执行完成: taskId=e85196c1-59b4-4bc7-834e-5a71ec6ceb00, status=SUCCEEDED
2026-10-06 07:29:48.098 [pool-2-thread-6] [] INFO  c.c.g.r.c.t.s.TaskSchedulerServiceImpl - 定时任务已提交执行 taskId=e85196c1-59b4-4bc7-834e-5a71ec6ceb00 taskType=AUTO_COLLECT_SCAN scheduleId=5ec0f85a-1af7-4064-9ba5-713b4847ec50
2026-10-06 07:30:48.083 [pool-2-thread-6] [] INFO  c.c.g.r.c.t.s.i.TaskManagementServiceImpl - 任务已提交: taskId=e85196c1-59b4-4bc7-834e-5a71ec6ceb00, taskName=auto-collect-scan
2026-10-06 07:30:48.092 [pool-2-thread-6] [] INFO  c.c.g.r.c.t.s.i.TaskManagementServiceImpl - 任务已解析: taskId=e85196c1-59b4-4bc7-834e-5a71ec6ceb00
2026-10-06 07:30:48.093 [pool-2-thread-6] [] WARN  c.c.g.e.d.m.AutoCollectScheduler - AutoCollectScheduler 扫描失败: null
2026-10-06 07:30:48.094 [pool-2-thread-6] [] INFO  c.c.g.r.c.t.s.i.TaskManagementServiceImpl - 任务执行完成: taskId=e85196c1-59b4-4bc7-834e-5a71ec6ceb00, status=SUCCEEDED
2026-10-06 07:30:48.095 [pool-2-thread-6] [] INFO  c.c.g.r.c.t.s.TaskSchedulerServiceImpl - 定时任务已提交执行 taskId=e85196c1-59b4-4bc7-834e-5a71ec6ceb00 taskType=AUTO_COLLECT_SCAN scheduleId=5ec0f85a-1af7-4064-9ba5-713b4847ec50
2026-10-06 07:31:48.078 [pool-2-thread-6] [] INFO  c.c.g.r.c.t.s.i.TaskManagementServiceImpl - 任务已提交: taskId=e85196c1-59b4-4bc7-834e-5a71ec6ceb00, taskName=auto-collect-scan
2026-10-06 07:31:48.080 [pool-2-thread-6] [] INFO  c.c.g.r.c.t.s.i.TaskManagementServiceImpl - 任务已解析: taskId=e85196c1-59b4-4bc7-834e-5a71ec6ceb00
2026-10-06 07:31:48.081 [pool-2-thread-6] [] WARN  c.c.g.e.d.m.AutoCollectScheduler - AutoCollectScheduler 扫描失败: null
2026-10-06 07:31:48.083 [pool-2-thread-6] [] INFO  c.c.g.r.c.t.s.i.TaskManagementServiceImpl - 任务执行完成: taskId=e85196c1-59b4-4bc7-834e-5a71ec6ceb00, status=SUCCEEDED
2026-10-06 07:31:48.084 [pool-2-thread-6] [] INFO  c.c.g.r.c.t.s.TaskSchedulerServiceImpl - 定时任务已提交执行 taskId=e85196c1-59b4-4bc7-834e-5a71ec6ceb00 taskType=AUTO_COLLECT_SCAN scheduleId=5ec0f85a-1af7-4064-9ba5-713b4847ec50
2026-10-06 07:32:48.085 [pool-2-thread-6] [] INFO  c.c.g.r.c.t.s.i.TaskManagementServiceImpl - 任务已提交: taskId=e85196c1-59b4-4bc7-834e-5a71ec6ceb00, taskName=auto-collect-scan
2026-10-06 07:32:48.111 [pool-2-thread-6] [] INFO  c.c.g.r.c.t.s.i.TaskManagementServiceImpl - 任务已解析: taskId=e85196c1-59b4-4bc7-834e-5a71ec6ceb00
2026-10-06 07:32:48.114 [pool-2-thread-6] [] WARN  c.c.g.e.d.m.AutoCollectScheduler - AutoCollectScheduler 扫描失败: null
2026-10-06 07:32:48.116 [pool-2-thread-6] [] INFO  c.c.g.r.c.t.s.i.TaskManagementServiceImpl - 任务执行完成: taskId=e85196c1-59b4-4bc7-834e-5a71ec6ceb00, status=SUCCEEDED
2026-10-06 07:32:48.119 [pool-2-thread-6] [] INFO  c.c.g.r.c.t.s.TaskSchedulerServiceImpl - 定时任务已提交执行 taskId=e85196c1-59b4-4bc7-834e-5a71ec6ceb00 taskType=AUTO_COLLECT_SCAN scheduleId=5ec0f85a-1af7-4064-9ba5-713b4847ec50
2026-10-06 07:33:48.084 [pool-2-thread-6] [] INFO  c.c.g.r.c.t.s.i.TaskManagementServiceImpl - 任务已提交: taskId=e85196c1-59b4-4bc7-834e-5a71ec6ceb00, taskName=auto-collect-scan
2026-10-06 07:33:48.088 [pool-2-thread-6] [] INFO  c.c.g.r.c.t.s.i.TaskManagementServiceImpl - 任务已解析: taskId=e85196c1-59b4-4bc7-834e-5a71ec6ceb00
2026-10-06 07:33:48.091 [pool-2-thread-6] [] WARN  c.c.g.e.d.m.AutoCollectScheduler - AutoCollectScheduler 扫描失败: null
2026-10-06 07:33:48.093 [pool-2-thread-6] [] INFO  c.c.g.r.c.t.s.i.TaskManagementServiceImpl - 任务执行完成: taskId=e85196c1-59b4-4bc7-834e-5a71ec6ceb00, status=SUCCEEDED
2026-10-06 07:33:48.095 [pool-2-thread-6] [] INFO  c.c.g.r.c.t.s.TaskSchedulerServiceImpl - 定时任务已提交执行 taskId=e85196c1-59b4-4bc7-834e-5a71ec6ceb00 taskType=AUTO_COLLECT_SCAN scheduleId=5ec0f85a-1af7-4064-9ba5-713b4847ec50
2026-10-06 07:34:48.085 [pool-2-thread-6] [] INFO  c.c.g.r.c.t.s.i.TaskManagementServiceImpl - 任务已提交: taskId=e85196c1-59b4-4bc7-834e-5a71ec6ceb00, taskName=auto-collect-scan
2026-10-06 07:34:48.086 [pool-2-thread-6] [] INFO  c.c.g.r.c.t.s.i.TaskManagementServiceImpl - 任务已解析: taskId=e85196c1-59b4-4bc7-834e-5a71ec6ceb00
2026-10-06 07:34:48.088 [pool-2-thread-6] [] WARN  c.c.g.e.d.m.AutoCollectScheduler - AutoCollectScheduler 扫描失败: null
2026-10-06 07:34:48.091 [pool-2-thread-6] [] INFO  c.c.g.r.c.t.s.i.TaskManagementServiceImpl - 任务执行完成: taskId=e85196c1-59b4-4bc7-834e-5a71ec6ceb00, status=SUCCEEDED
2026-10-06 07:34:48.092 [pool-2-thread-6] [] INFO  c.c.g.r.c.t.s.TaskSchedulerServiceImpl - 定时任务已提交执行 taskId=e85196c1-59b4-4bc7-834e-5a71ec6ceb00 taskType=AUTO_COLLECT_SCAN scheduleId=5ec0f85a-1af7-4064-9ba5-713b4847ec50
2026-10-06 07:35:48.081 [pool-2-thread-6] [] INFO  c.c.g.r.c.t.s.i.TaskManagementServiceImpl - 任务已提交: taskId=e85196c1-59b4-4bc7-834e-5a71ec6ceb00, taskName=auto-collect-scan
2026-10-06 07:35:48.083 [pool-2-thread-6] [] INFO  c.c.g.r.c.t.s.i.TaskManagementServiceImpl - 任务已解析: taskId=e85196c1-59b4-4bc7-834e-5a71ec6ceb00
2026-10-06 07:35:48.084 [pool-2-thread-6] [] WARN  c.c.g.e.d.m.AutoCollectScheduler - AutoCollectScheduler 扫描失败: null
2026-10-06 07:35:48.087 [pool-2-thread-6] [] INFO  c.c.g.r.c.t.s.i.TaskManagementServiceImpl - 任务执行完成: taskId=e85196c1-59b4-4bc7-834e-5a71ec6ceb00, status=SUCCEEDED
2026-10-06 07:35:48.088 [pool-2-thread-6] [] INFO  c.c.g.r.c.t.s.TaskSchedulerServiceImpl - 定时任务已提交执行 taskId=e85196c1-59b4-4bc7-834e-5a71ec6ceb00 taskType=AUTO_COLLECT_SCAN scheduleId=5ec0f85a-1af7-4064-9ba5-713b4847ec50
2026-10-06 07:36:48.079 [pool-2-thread-6] [] INFO  c.c.g.r.c.t.s.i.TaskManagementServiceImpl - 任务已提交: taskId=e85196c1-59b4-4bc7-834e-5a71ec6ceb00, taskName=auto-collect-scan
2026-10-06 07:36:48.089 [pool-2-thread-6] [] INFO  c.c.g.r.c.t.s.i.TaskManagementServiceImpl - 任务已解析: taskId=e85196c1-59b4-4bc7-834e-5a71ec6ceb00
2026-10-06 07:36:48.090 [pool-2-thread-6] [] WARN  c.c.g.e.d.m.AutoCollectScheduler - AutoCollectScheduler 扫描失败: null
2026-10-06 07:36:48.092 [pool-2-thread-6] [] INFO  c.c.g.r.c.t.s.i.TaskManagementServiceImpl - 任务执行完成: taskId=e85196c1-59b4-4bc7-834e-5a71ec6ceb00, status=SUCCEEDED
2026-10-06 07:36:48.093 [pool-2-thread-6] [] INFO  c.c.g.r.c.t.s.TaskSchedulerServiceImpl - 定时任务已提交执行 taskId=e85196c1-59b4-4bc7-834e-5a71ec6ceb00 taskType=AUTO_COLLECT_SCAN scheduleId=5ec0f85a-1af7-4064-9ba5-713b4847ec50
2026-10-06 07:37:48.085 [pool-2-thread-6] [] INFO  c.c.g.r.c.t.s.i.TaskManagementServiceImpl - 任务已提交: taskId=e85196c1-59b4-4bc7-834e-5a71ec6ceb00, taskName=auto-collect-scan
2026-10-06 07:37:48.087 [pool-2-thread-6] [] INFO  c.c.g.r.c.t.s.i.TaskManagementServiceImpl - 任务已解析: taskId=e85196c1-59b4-4bc7-834e-5a71ec6ceb00
2026-10-06 07:37:48.089 [pool-2-thread-6] [] WARN  c.c.g.e.d.m.AutoCollectScheduler - AutoCollectScheduler 扫描失败: null
2026-10-06 07:37:48.090 [pool-2-thread-6] [] INFO  c.c.g.r.c.t.s.i.TaskManagementServiceImpl - 任务执行完成: taskId=e85196c1-59b4-4bc7-834e-5a71ec6ceb00, status=SUCCEEDED
2026-10-06 07:37:48.091 [pool-2-thread-6] [] INFO  c.c.g.r.c.t.s.TaskSchedulerServiceImpl - 定时任务已提交执行 taskId=e85196c1-59b4-4bc7-834e-5a71ec6ceb00 taskType=AUTO_COLLECT_SCAN scheduleId=5ec0f85a-1af7-4064-9ba5-713b4847ec50
2026-10-06 07:38:48.084 [pool-2-thread-6] [] INFO  c.c.g.r.c.t.s.i.TaskManagementServiceImpl - 任务已提交: taskId=e85196c1-59b4-4bc7-834e-5a71ec6ceb00, taskName=auto-collect-scan
2026-10-06 07:38:48.095 [pool-2-thread-6] [] INFO  c.c.g.r.c.t.s.i.TaskManagementServiceImpl - 任务已解析: taskId=e85196c1-59b4-4bc7-834e-5a71ec6ceb00
2026-10-06 07:38:48.097 [pool-2-thread-6] [] WARN  c.c.g.e.d.m.AutoCollectScheduler - AutoCollectScheduler 扫描失败: null
2026-10-06 07:38:48.098 [pool-2-thread-6] [] INFO  c.c.g.r.c.t.s.i.TaskManagementServiceImpl - 任务执行完成: taskId=e85196c1-59b4-4bc7-834e-5a71ec6ceb00, status=SUCCEEDED
2026-10-06 07:38:48.099 [pool-2-thread-6] [] INFO  c.c.g.r.c.t.s.TaskSchedulerServiceImpl - 定时任务已提交执行 taskId=e85196c1-59b4-4bc7-834e-5a71ec6ceb00 taskType=AUTO_COLLECT_SCAN scheduleId=5ec0f85a-1af7-4064-9ba5-713b4847ec50
2026-10-06 07:39:48.075 [pool-2-thread-6] [] INFO  c.c.g.r.c.t.s.i.TaskManagementServiceImpl - 任务已提交: taskId=e85196c1-59b4-4bc7-834e-5a71ec6ceb00, taskName=auto-collect-scan
2026-10-06 07:39:48.076 [pool-2-thread-6] [] INFO  c.c.g.r.c.t.s.i.TaskManagementServiceImpl - 任务已解析: taskId=e85196c1-59b4-4bc7-834e-5a71ec6ceb00
2026-10-06 07:39:48.078 [pool-2-thread-6] [] WARN  c.c.g.e.d.m.AutoCollectScheduler - AutoCollectScheduler 扫描失败: null
2026-10-06 07:39:48.079 [pool-2-thread-6] [] INFO  c.c.g.r.c.t.s.i.TaskManagementServiceImpl - 任务执行完成: taskId=e85196c1-59b4-4bc7-834e-5a71ec6ceb00, status=SUCCEEDED
2026-10-06 07:39:48.080 [pool-2-thread-6] [] INFO  c.c.g.r.c.t.s.TaskSchedulerServiceImpl - 定时任务已提交执行 taskId=e85196c1-59b4-4bc7-834e-5a71ec6ceb00 taskType=AUTO_COLLECT_SCAN scheduleId=5ec0f85a-1af7-4064-9ba5-713b4847ec50
2026-10-06 07:40:48.079 [pool-2-thread-6] [] INFO  c.c.g.r.c.t.s.i.TaskManagementServiceImpl - 任务已提交: taskId=e85196c1-59b4-4bc7-834e-5a71ec6ceb00, taskName=auto-collect-scan
2026-10-06 07:40:48.081 [pool-2-thread-6] [] INFO  c.c.g.r.c.t.s.i.TaskManagementServiceImpl - 任务已解析: taskId=e85196c1-59b4-4bc7-834e-5a71ec6ceb00
2026-10-06 07:40:48.083 [pool-2-thread-6] [] WARN  c.c.g.e.d.m.AutoCollectScheduler - AutoCollectScheduler 扫描失败: null
2026-10-06 07:40:48.084 [pool-2-thread-6] [] INFO  c.c.g.r.c.t.s.i.TaskManagementServiceImpl - 任务执行完成: taskId=e85196c1-59b4-4bc7-834e-5a71ec6ceb00, status=SUCCEEDED
2026-10-06 07:40:48.085 [pool-2-thread-6] [] INFO  c.c.g.r.c.t.s.TaskSchedulerServiceImpl - 定时任务已提交执行 taskId=e85196c1-59b4-4bc7-834e-5a71ec6ceb00 taskType=AUTO_COLLECT_SCAN scheduleId=5ec0f85a-1af7-4064-9ba5-713b4847ec50
2026-10-06 07:41:48.088 [pool-2-thread-6] [] INFO  c.c.g.r.c.t.s.i.TaskManagementServiceImpl - 任务已提交: taskId=e85196c1-59b4-4bc7-834e-5a71ec6ceb00, taskName=auto-collect-scan
2026-10-06 07:41:48.090 [pool-2-thread-6] [] INFO  c.c.g.r.c.t.s.i.TaskManagementServiceImpl - 任务已解析: taskId=e85196c1-59b4-4bc7-834e-5a71ec6ceb00
2026-10-06 07:41:48.091 [pool-2-thread-6] [] WARN  c.c.g.e.d.m.AutoCollectScheduler - AutoCollectScheduler 扫描失败: null
2026-10-06 07:41:48.093 [pool-2-thread-6] [] INFO  c.c.g.r.c.t.s.i.TaskManagementServiceImpl - 任务执行完成: taskId=e85196c1-59b4-4bc7-834e-5a71ec6ceb00, status=SUCCEEDED
2026-10-06 07:41:48.094 [pool-2-thread-6] [] INFO  c.c.g.r.c.t.s.TaskSchedulerServiceImpl - 定时任务已提交执行 taskId=e85196c1-59b4-4bc7-834e-5a71ec6ceb00 taskType=AUTO_COLLECT_SCAN scheduleId=5ec0f85a-1af7-4064-9ba5-713b4847ec50
2026-10-06 07:42:48.080 [pool-2-thread-6] [] INFO  c.c.g.r.c.t.s.i.TaskManagementServiceImpl - 任务已提交: taskId=e85196c1-59b4-4bc7-834e-5a71ec6ceb00, taskName=auto-collect-scan
2026-10-06 07:42:48.082 [pool-2-thread-6] [] INFO  c.c.g.r.c.t.s.i.TaskManagementServiceImpl - 任务已解析: taskId=e85196c1-59b4-4bc7-834e-5a71ec6ceb00
2026-10-06 07:42:48.083 [pool-2-thread-6] [] WARN  c.c.g.e.d.m.AutoCollectScheduler - AutoCollectScheduler 扫描失败: null
2026-10-06 07:42:48.084 [pool-2-thread-6] [] INFO  c.c.g.r.c.t.s.i.TaskManagementServiceImpl - 任务执行完成: taskId=e85196c1-59b4-4bc7-834e-5a71ec6ceb00, status=SUCCEEDED
2026-10-06 07:42:48.085 [pool-2-thread-6] [] INFO  c.c.g.r.c.t.s.TaskSchedulerServiceImpl - 定时任务已提交执行 taskId=e85196c1-59b4-4bc7-834e-5a71ec6ceb00 taskType=AUTO_COLLECT_SCAN scheduleId=5ec0f85a-1af7-4064-9ba5-713b4847ec50
2026-10-06 07:43:48.074 [pool-2-thread-6] [] INFO  c.c.g.r.c.t.s.i.TaskManagementServiceImpl - 任务已提交: taskId=e85196c1-59b4-4bc7-834e-5a71ec6ceb00, taskName=auto-collect-scan
2026-10-06 07:43:48.085 [pool-2-thread-6] [] INFO  c.c.g.r.c.t.s.i.TaskManagementServiceImpl - 任务已解析: taskId=e85196c1-59b4-4bc7-834e-5a71ec6ceb00
2026-10-06 07:43:48.086 [pool-2-thread-6] [] WARN  c.c.g.e.d.m.AutoCollectScheduler - AutoCollectScheduler 扫描失败: null
2026-10-06 07:43:48.087 [pool-2-thread-6] [] INFO  c.c.g.r.c.t.s.i.TaskManagementServiceImpl - 任务执行完成: taskId=e85196c1-59b4-4bc7-834e-5a71ec6ceb00, status=SUCCEEDED
2026-10-06 07:43:48.088 [pool-2-thread-6] [] INFO  c.c.g.r.c.t.s.TaskSchedulerServiceImpl - 定时任务已提交执行 taskId=e85196c1-59b4-4bc7-834e-5a71ec6ceb00 taskType=AUTO_COLLECT_SCAN scheduleId=5ec0f85a-1af7-4064-9ba5-713b4847ec50
2026-10-06 07:44:48.085 [pool-2-thread-6] [] INFO  c.c.g.r.c.t.s.i.TaskManagementServiceImpl - 任务已提交: taskId=e85196c1-59b4-4bc7-834e-5a71ec6ceb00, taskName=auto-collect-scan
2026-10-06 07:44:48.087 [pool-2-thread-6] [] INFO  c.c.g.r.c.t.s.i.TaskManagementServiceImpl - 任务已解析: taskId=e85196c1-59b4-4bc7-834e-5a71ec6ceb00
2026-10-06 07:44:48.089 [pool-2-thread-6] [] WARN  c.c.g.e.d.m.AutoCollectScheduler - AutoCollectScheduler 扫描失败: null
2026-10-06 07:44:48.090 [pool-2-thread-6] [] INFO  c.c.g.r.c.t.s.i.TaskManagementServiceImpl - 任务执行完成: taskId=e85196c1-59b4-4bc7-834e-5a71ec6ceb00, status=SUCCEEDED
2026-10-06 07:44:48.091 [pool-2-thread-6] [] INFO  c.c.g.r.c.t.s.TaskSchedulerServiceImpl - 定时任务已提交执行 taskId=e85196c1-59b4-4bc7-834e-5a71ec6ceb00 taskType=AUTO_COLLECT_SCAN scheduleId=5ec0f85a-1af7-4064-9ba5-713b4847ec50
2026-10-06 07:45:48.073 [pool-2-thread-6] [] INFO  c.c.g.r.c.t.s.i.TaskManagementServiceImpl - 任务已提交: taskId=e85196c1-59b4-4bc7-834e-5a71ec6ceb00, taskName=auto-collect-scan
2026-10-06 07:45:48.085 [pool-2-thread-6] [] INFO  c.c.g.r.c.t.s.i.TaskManagementServiceImpl - 任务已解析: taskId=e85196c1-59b4-4bc7-834e-5a71ec6ceb00
2026-10-06 07:45:48.086 [pool-2-thread-6] [] WARN  c.c.g.e.d.m.AutoCollectScheduler - AutoCollectScheduler 扫描失败: null
2026-10-06 07:45:48.088 [pool-2-thread-6] [] INFO  c.c.g.r.c.t.s.i.TaskManagementServiceImpl - 任务执行完成: taskId=e85196c1-59b4-4bc7-834e-5a71ec6ceb00, status=SUCCEEDED
2026-10-06 07:45:48.089 [pool-2-thread-6] [] INFO  c.c.g.r.c.t.s.TaskSchedulerServiceImpl - 定时任务已提交执行 taskId=e85196c1-59b4-4bc7-834e-5a71ec6ceb00 taskType=AUTO_COLLECT_SCAN scheduleId=5ec0f85a-1af7-4064-9ba5-713b4847ec50
2026-10-06 07:46:48.084 [pool-2-thread-6] [] INFO  c.c.g.r.c.t.s.i.TaskManagementServiceImpl - 任务已提交: taskId=e85196c1-59b4-4bc7-834e-5a71ec6ceb00, taskName=auto-collect-scan
2026-10-06 07:46:48.086 [pool-2-thread-6] [] INFO  c.c.g.r.c.t.s.i.TaskManagementServiceImpl - 任务已解析: taskId=e85196c1-59b4-4bc7-834e-5a71ec6ceb00
2026-10-06 07:46:48.087 [pool-2-thread-6] [] WARN  c.c.g.e.d.m.AutoCollectScheduler - AutoCollectScheduler 扫描失败: null
2026-10-06 07:46:48.089 [pool-2-thread-6] [] INFO  c.c.g.r.c.t.s.i.TaskManagementServiceImpl - 任务执行完成: taskId=e85196c1-59b4-4bc7-834e-5a71ec6ceb00, status=SUCCEEDED
2026-10-06 07:46:48.089 [pool-2-thread-6] [] INFO  c.c.g.r.c.t.s.TaskSchedulerServiceImpl - 定时任务已提交执行 taskId=e85196c1-59b4-4bc7-834e-5a71ec6ceb00 taskType=AUTO_COLLECT_SCAN scheduleId=5ec0f85a-1af7-4064-9ba5-713b4847ec50
2026-10-06 07:47:48.077 [pool-2-thread-6] [] INFO  c.c.g.r.c.t.s.i.TaskManagementServiceImpl - 任务已提交: taskId=e85196c1-59b4-4bc7-834e-5a71ec6ceb00, taskName=auto-collect-scan
2026-10-06 07:47:48.089 [pool-2-thread-6] [] INFO  c.c.g.r.c.t.s.i.TaskManagementServiceImpl - 任务已解析: taskId=e85196c1-59b4-4bc7-834e-5a71ec6ceb00
2026-10-06 07:47:48.091 [pool-2-thread-6] [] WARN  c.c.g.e.d.m.AutoCollectScheduler - AutoCollectScheduler 扫描失败: null
2026-10-06 07:47:48.092 [pool-2-thread-6] [] INFO  c.c.g.r.c.t.s.i.TaskManagementServiceImpl - 任务执行完成: taskId=e85196c1-59b4-4bc7-834e-5a71ec6ceb00, status=SUCCEEDED
2026-10-06 07:47:48.093 [pool-2-thread-6] [] INFO  c.c.g.r.c.t.s.TaskSchedulerServiceImpl - 定时任务已提交执行 taskId=e85196c1-59b4-4bc7-834e-5a71ec6ceb00 taskType=AUTO_COLLECT_SCAN scheduleId=5ec0f85a-1af7-4064-9ba5-713b4847ec50
2026-10-06 07:48:48.073 [pool-2-thread-6] [] INFO  c.c.g.r.c.t.s.i.TaskManagementServiceImpl - 任务已提交: taskId=e85196c1-59b4-4bc7-834e-5a71ec6ceb00, taskName=auto-collect-scan
2026-10-06 07:48:48.076 [pool-2-thread-6] [] INFO  c.c.g.r.c.t.s.i.TaskManagementServiceImpl - 任务已解析: taskId=e85196c1-59b4-4bc7-834e-5a71ec6ceb00
2026-10-06 07:48:48.078 [pool-2-thread-6] [] WARN  c.c.g.e.d.m.AutoCollectScheduler - AutoCollectScheduler 扫描失败: null
2026-10-06 07:48:48.080 [pool-2-thread-6] [] INFO  c.c.g.r.c.t.s.i.TaskManagementServiceImpl - 任务执行完成: taskId=e85196c1-59b4-4bc7-834e-5a71ec6ceb00, status=SUCCEEDED
2026-10-06 07:48:48.081 [pool-2-thread-6] [] INFO  c.c.g.r.c.t.s.TaskSchedulerServiceImpl - 定时任务已提交执行 taskId=e85196c1-59b4-4bc7-834e-5a71ec6ceb00 taskType=AUTO_COLLECT_SCAN scheduleId=5ec0f85a-1af7-4064-9ba5-713b4847ec50
2026-10-06 07:49:48.073 [pool-2-thread-6] [] INFO  c.c.g.r.c.t.s.i.TaskManagementServiceImpl - 任务已提交: taskId=e85196c1-59b4-4bc7-834e-5a71ec6ceb00, taskName=auto-collect-scan
2026-10-06 07:49:48.083 [pool-2-thread-6] [] INFO  c.c.g.r.c.t.s.i.TaskManagementServiceImpl - 任务已解析: taskId=e85196c1-59b4-4bc7-834e-5a71ec6ceb00
2026-10-06 07:49:48.085 [pool-2-thread-6] [] WARN  c.c.g.e.d.m.AutoCollectScheduler - AutoCollectScheduler 扫描失败: null
2026-10-06 07:49:48.086 [pool-2-thread-6] [] INFO  c.c.g.r.c.t.s.i.TaskManagementServiceImpl - 任务执行完成: taskId=e85196c1-59b4-4bc7-834e-5a71ec6ceb00, status=SUCCEEDED
2026-10-06 07:49:48.087 [pool-2-thread-6] [] INFO  c.c.g.r.c.t.s.TaskSchedulerServiceImpl - 定时任务已提交执行 taskId=e85196c1-59b4-4bc7-834e-5a71ec6ceb00 taskType=AUTO_COLLECT_SCAN scheduleId=5ec0f85a-1af7-4064-9ba5-713b4847ec50
2026-10-06 07:50:48.078 [pool-2-thread-6] [] INFO  c.c.g.r.c.t.s.i.TaskManagementServiceImpl - 任务已提交: taskId=e85196c1-59b4-4bc7-834e-5a71ec6ceb00, taskName=auto-collect-scan
2026-10-06 07:50:48.080 [pool-2-thread-6] [] INFO  c.c.g.r.c.t.s.i.TaskManagementServiceImpl - 任务已解析: taskId=e85196c1-59b4-4bc7-834e-5a71ec6ceb00
2026-10-06 07:50:48.082 [pool-2-thread-6] [] WARN  c.c.g.e.d.m.AutoCollectScheduler - AutoCollectScheduler 扫描失败: null
2026-10-06 07:50:48.083 [pool-2-thread-6] [] INFO  c.c.g.r.c.t.s.i.TaskManagementServiceImpl - 任务执行完成: taskId=e85196c1-59b4-4bc7-834e-5a71ec6ceb00, status=SUCCEEDED
2026-10-06 07:50:48.084 [pool-2-thread-6] [] INFO  c.c.g.r.c.t.s.TaskSchedulerServiceImpl - 定时任务已提交执行 taskId=e85196c1-59b4-4bc7-834e-5a71ec6ceb00 taskType=AUTO_COLLECT_SCAN scheduleId=5ec0f85a-1af7-4064-9ba5-713b4847ec50
2026-10-06 07:51:48.086 [pool-2-thread-6] [] INFO  c.c.g.r.c.t.s.i.TaskManagementServiceImpl - 任务已提交: taskId=e85196c1-59b4-4bc7-834e-5a71ec6ceb00, taskName=auto-collect-scan
2026-10-06 07:51:48.096 [pool-2-thread-6] [] INFO  c.c.g.r.c.t.s.i.TaskManagementServiceImpl - 任务已解析: taskId=e85196c1-59b4-4bc7-834e-5a71ec6ceb00
2026-10-06 07:51:48.098 [pool-2-thread-6] [] WARN  c.c.g.e.d.m.AutoCollectScheduler - AutoCollectScheduler 扫描失败: null
2026-10-06 07:51:48.099 [pool-2-thread-6] [] INFO  c.c.g.r.c.t.s.i.TaskManagementServiceImpl - 任务执行完成: taskId=e85196c1-59b4-4bc7-834e-5a71ec6ceb00, status=SUCCEEDED
2026-10-06 07:51:48.099 [pool-2-thread-6] [] INFO  c.c.g.r.c.t.s.TaskSchedulerServiceImpl - 定时任务已提交执行 taskId=e85196c1-59b4-4bc7-834e-5a71ec6ceb00 taskType=AUTO_COLLECT_SCAN scheduleId=5ec0f85a-1af7-4064-9ba5-713b4847ec50
2026-10-06 07:52:48.083 [pool-2-thread-6] [] INFO  c.c.g.r.c.t.s.i.TaskManagementServiceImpl - 任务已提交: taskId=e85196c1-59b4-4bc7-834e-5a71ec6ceb00, taskName=auto-collect-scan
2026-10-06 07:52:48.094 [pool-2-thread-6] [] INFO  c.c.g.r.c.t.s.i.TaskManagementServiceImpl - 任务已解析: taskId=e85196c1-59b4-4bc7-834e-5a71ec6ceb00
2026-10-06 07:52:48.095 [pool-2-thread-6] [] WARN  c.c.g.e.d.m.AutoCollectScheduler - AutoCollectScheduler 扫描失败: null
2026-10-06 07:52:48.097 [pool-2-thread-6] [] INFO  c.c.g.r.c.t.s.i.TaskManagementServiceImpl - 任务执行完成: taskId=e85196c1-59b4-4bc7-834e-5a71ec6ceb00, status=SUCCEEDED
2026-10-06 07:52:48.097 [pool-2-thread-6] [] INFO  c.c.g.r.c.t.s.TaskSchedulerServiceImpl - 定时任务已提交执行 taskId=e85196c1-59b4-4bc7-834e-5a71ec6ceb00 taskType=AUTO_COLLECT_SCAN scheduleId=5ec0f85a-1af7-4064-9ba5-713b4847ec50
2026-10-06 07:53:48.081 [pool-2-thread-6] [] INFO  c.c.g.r.c.t.s.i.TaskManagementServiceImpl - 任务已提交: taskId=e85196c1-59b4-4bc7-834e-5a71ec6ceb00, taskName=auto-collect-scan
2026-10-06 07:53:48.082 [pool-2-thread-6] [] INFO  c.c.g.r.c.t.s.i.TaskManagementServiceImpl - 任务已解析: taskId=e85196c1-59b4-4bc7-834e-5a71ec6ceb00
2026-10-06 07:53:48.085 [pool-2-thread-6] [] WARN  c.c.g.e.d.m.AutoCollectScheduler - AutoCollectScheduler 扫描失败: null
2026-10-06 07:53:48.085 [pool-2-thread-6] [] INFO  c.c.g.r.c.t.s.i.TaskManagementServiceImpl - 任务执行完成: taskId=e85196c1-59b4-4bc7-834e-5a71ec6ceb00, status=SUCCEEDED
2026-10-06 07:53:48.086 [pool-2-thread-6] [] INFO  c.c.g.r.c.t.s.TaskSchedulerServiceImpl - 定时任务已提交执行 taskId=e85196c1-59b4-4bc7-834e-5a71ec6ceb00 taskType=AUTO_COLLECT_SCAN scheduleId=5ec0f85a-1af7-4064-9ba5-713b4847ec50
2026-10-06 07:54:48.084 [pool-2-thread-6] [] INFO  c.c.g.r.c.t.s.i.TaskManagementServiceImpl - 任务已提交: taskId=e85196c1-59b4-4bc7-834e-5a71ec6ceb00, taskName=auto-collect-scan
2026-10-06 07:54:48.094 [pool-2-thread-6] [] INFO  c.c.g.r.c.t.s.i.TaskManagementServiceImpl - 任务已解析: taskId=e85196c1-59b4-4bc7-834e-5a71ec6ceb00
2026-10-06 07:54:48.095 [pool-2-thread-6] [] WARN  c.c.g.e.d.m.AutoCollectScheduler - AutoCollectScheduler 扫描失败: null
2026-10-06 07:54:48.096 [pool-2-thread-6] [] INFO  c.c.g.r.c.t.s.i.TaskManagementServiceImpl - 任务执行完成: taskId=e85196c1-59b4-4bc7-834e-5a71ec6ceb00, status=SUCCEEDED
2026-10-06 07:54:48.097 [pool-2-thread-6] [] INFO  c.c.g.r.c.t.s.TaskSchedulerServiceImpl - 定时任务已提交执行 taskId=e85196c1-59b4-4bc7-834e-5a71ec6ceb00 taskType=AUTO_COLLECT_SCAN scheduleId=5ec0f85a-1af7-4064-9ba5-713b4847ec50
2026-10-06 07:55:48.086 [pool-2-thread-1] [] INFO  c.c.g.r.c.t.s.i.TaskManagementServiceImpl - 任务已提交: taskId=e85196c1-59b4-4bc7-834e-5a71ec6ceb00, taskName=auto-collect-scan
2026-10-06 07:55:48.096 [pool-2-thread-1] [] INFO  c.c.g.r.c.t.s.i.TaskManagementServiceImpl - 任务已解析: taskId=e85196c1-59b4-4bc7-834e-5a71ec6ceb00
2026-10-06 07:55:48.097 [pool-2-thread-1] [] WARN  c.c.g.e.d.m.AutoCollectScheduler - AutoCollectScheduler 扫描失败: null
2026-10-06 07:55:48.098 [pool-2-thread-1] [] INFO  c.c.g.r.c.t.s.i.TaskManagementServiceImpl - 任务执行完成: taskId=e85196c1-59b4-4bc7-834e-5a71ec6ceb00, status=SUCCEEDED
2026-10-06 07:55:48.099 [pool-2-thread-1] [] INFO  c.c.g.r.c.t.s.TaskSchedulerServiceImpl - 定时任务已提交执行 taskId=e85196c1-59b4-4bc7-834e-5a71ec6ceb00 taskType=AUTO_COLLECT_SCAN scheduleId=5ec0f85a-1af7-4064-9ba5-713b4847ec50
2026-10-06 07:56:48.077 [pool-2-thread-1] [] INFO  c.c.g.r.c.t.s.i.TaskManagementServiceImpl - 任务已提交: taskId=e85196c1-59b4-4bc7-834e-5a71ec6ceb00, taskName=auto-collect-scan
2026-10-06 07:56:48.089 [pool-2-thread-1] [] INFO  c.c.g.r.c.t.s.i.TaskManagementServiceImpl - 任务已解析: taskId=e85196c1-59b4-4bc7-834e-5a71ec6ceb00
2026-10-06 07:56:48.090 [pool-2-thread-1] [] WARN  c.c.g.e.d.m.AutoCollectScheduler - AutoCollectScheduler 扫描失败: null
2026-10-06 07:56:48.091 [pool-2-thread-1] [] INFO  c.c.g.r.c.t.s.i.TaskManagementServiceImpl - 任务执行完成: taskId=e85196c1-59b4-4bc7-834e-5a71ec6ceb00, status=SUCCEEDED
2026-10-06 07:56:48.092 [pool-2-thread-1] [] INFO  c.c.g.r.c.t.s.TaskSchedulerServiceImpl - 定时任务已提交执行 taskId=e85196c1-59b4-4bc7-834e-5a71ec6ceb00 taskType=AUTO_COLLECT_SCAN scheduleId=5ec0f85a-1af7-4064-9ba5-713b4847ec50
2026-10-06 07:57:48.084 [pool-2-thread-1] [] INFO  c.c.g.r.c.t.s.i.TaskManagementServiceImpl - 任务已提交: taskId=e85196c1-59b4-4bc7-834e-5a71ec6ceb00, taskName=auto-collect-scan
2026-10-06 07:57:48.085 [pool-2-thread-1] [] INFO  c.c.g.r.c.t.s.i.TaskManagementServiceImpl - 任务已解析: taskId=e85196c1-59b4-4bc7-834e-5a71ec6ceb00
2026-10-06 07:57:48.087 [pool-2-thread-1] [] WARN  c.c.g.e.d.m.AutoCollectScheduler - AutoCollectScheduler 扫描失败: null
2026-10-06 07:57:48.088 [pool-2-thread-1] [] INFO  c.c.g.r.c.t.s.i.TaskManagementServiceImpl - 任务执行完成: taskId=e85196c1-59b4-4bc7-834e-5a71ec6ceb00, status=SUCCEEDED
2026-10-06 07:57:48.089 [pool-2-thread-1] [] INFO  c.c.g.r.c.t.s.TaskSchedulerServiceImpl - 定时任务已提交执行 taskId=e85196c1-59b4-4bc7-834e-5a71ec6ceb00 taskType=AUTO_COLLECT_SCAN scheduleId=5ec0f85a-1af7-4064-9ba5-713b4847ec50
2026-10-06 07:58:48.086 [pool-2-thread-1] [] INFO  c.c.g.r.c.t.s.i.TaskManagementServiceImpl - 任务已提交: taskId=e85196c1-59b4-4bc7-834e-5a71ec6ceb00, taskName=auto-collect-scan
2026-10-06 07:58:48.098 [pool-2-thread-1] [] INFO  c.c.g.r.c.t.s.i.TaskManagementServiceImpl - 任务已解析: taskId=e85196c1-59b4-4bc7-834e-5a71ec6ceb00
2026-10-06 07:58:48.100 [pool-2-thread-1] [] WARN  c.c.g.e.d.m.AutoCollectScheduler - AutoCollectScheduler 扫描失败: null
2026-10-06 07:58:48.102 [pool-2-thread-1] [] INFO  c.c.g.r.c.t.s.i.TaskManagementServiceImpl - 任务执行完成: taskId=e85196c1-59b4-4bc7-834e-5a71ec6ceb00, status=SUCCEEDED
2026-10-06 07:58:48.104 [pool-2-thread-1] [] INFO  c.c.g.r.c.t.s.TaskSchedulerServiceImpl - 定时任务已提交执行 taskId=e85196c1-59b4-4bc7-834e-5a71ec6ceb00 taskType=AUTO_COLLECT_SCAN scheduleId=5ec0f85a-1af7-4064-9ba5-713b4847ec50
2026-10-06 07:59:48.075 [pool-2-thread-1] [] INFO  c.c.g.r.c.t.s.i.TaskManagementServiceImpl - 任务已提交: taskId=e85196c1-59b4-4bc7-834e-5a71ec6ceb00, taskName=auto-collect-scan
2026-10-06 07:59:48.086 [pool-2-thread-1] [] INFO  c.c.g.r.c.t.s.i.TaskManagementServiceImpl - 任务已解析: taskId=e85196c1-59b4-4bc7-834e-5a71ec6ceb00
2026-10-06 07:59:48.088 [pool-2-thread-1] [] WARN  c.c.g.e.d.m.AutoCollectScheduler - AutoCollectScheduler 扫描失败: null
2026-10-06 07:59:48.089 [pool-2-thread-1] [] INFO  c.c.g.r.c.t.s.i.TaskManagementServiceImpl - 任务执行完成: taskId=e85196c1-59b4-4bc7-834e-5a71ec6ceb00, status=SUCCEEDED
2026-10-06 07:59:48.091 [pool-2-thread-1] [] INFO  c.c.g.r.c.t.s.TaskSchedulerServiceImpl - 定时任务已提交执行 taskId=e85196c1-59b4-4bc7-834e-5a71ec6ceb00 taskType=AUTO_COLLECT_SCAN scheduleId=5ec0f85a-1af7-4064-9ba5-713b4847ec50
2026-10-06 08:00:48.083 [pool-2-thread-1] [] INFO  c.c.g.r.c.t.s.i.TaskManagementServiceImpl - 任务已提交: taskId=e85196c1-59b4-4bc7-834e-5a71ec6ceb00, taskName=auto-collect-scan
2026-10-06 08:00:48.086 [pool-2-thread-1] [] INFO  c.c.g.r.c.t.s.i.TaskManagementServiceImpl - 任务已解析: taskId=e85196c1-59b4-4bc7-834e-5a71ec6ceb00
2026-10-06 08:00:48.090 [pool-2-thread-1] [] WARN  c.c.g.e.d.m.AutoCollectScheduler - AutoCollectScheduler 扫描失败: null
2026-10-06 08:00:48.093 [pool-2-thread-1] [] INFO  c.c.g.r.c.t.s.i.TaskManagementServiceImpl - 任务执行完成: taskId=e85196c1-59b4-4bc7-834e-5a71ec6ceb00, status=SUCCEEDED
2026-10-06 08:00:48.096 [pool-2-thread-1] [] INFO  c.c.g.r.c.t.s.TaskSchedulerServiceImpl - 定时任务已提交执行 taskId=e85196c1-59b4-4bc7-834e-5a71ec6ceb00 taskType=AUTO_COLLECT_SCAN scheduleId=5ec0f85a-1af7-4064-9ba5-713b4847ec50
2026-10-06 08:01:48.086 [pool-2-thread-1] [] INFO  c.c.g.r.c.t.s.i.TaskManagementServiceImpl - 任务已提交: taskId=e85196c1-59b4-4bc7-834e-5a71ec6ceb00, taskName=auto-collect-scan
2026-10-06 08:01:48.088 [pool-2-thread-1] [] INFO  c.c.g.r.c.t.s.i.TaskManagementServiceImpl - 任务已解析: taskId=e85196c1-59b4-4bc7-834e-5a71ec6ceb00
2026-10-06 08:01:48.090 [pool-2-thread-1] [] WARN  c.c.g.e.d.m.AutoCollectScheduler - AutoCollectScheduler 扫描失败: null
2026-10-06 08:01:48.091 [pool-2-thread-1] [] INFO  c.c.g.r.c.t.s.i.TaskManagementServiceImpl - 任务执行完成: taskId=e85196c1-59b4-4bc7-834e-5a71ec6ceb00, status=SUCCEEDED
2026-10-06 08:01:48.092 [pool-2-thread-1] [] INFO  c.c.g.r.c.t.s.TaskSchedulerServiceImpl - 定时任务已提交执行 taskId=e85196c1-59b4-4bc7-834e-5a71ec6ceb00 taskType=AUTO_COLLECT_SCAN scheduleId=5ec0f85a-1af7-4064-9ba5-713b4847ec50
2026-10-06 08:02:48.084 [pool-2-thread-1] [] INFO  c.c.g.r.c.t.s.i.TaskManagementServiceImpl - 任务已提交: taskId=e85196c1-59b4-4bc7-834e-5a71ec6ceb00, taskName=auto-collect-scan
2026-10-06 08:02:48.089 [pool-2-thread-1] [] INFO  c.c.g.r.c.t.s.i.TaskManagementServiceImpl - 任务已解析: taskId=e85196c1-59b4-4bc7-834e-5a71ec6ceb00
2026-10-06 08:02:48.091 [pool-2-thread-1] [] WARN  c.c.g.e.d.m.AutoCollectScheduler - AutoCollectScheduler 扫描失败: null
2026-10-06 08:02:48.093 [pool-2-thread-1] [] INFO  c.c.g.r.c.t.s.i.TaskManagementServiceImpl - 任务执行完成: taskId=e85196c1-59b4-4bc7-834e-5a71ec6ceb00, status=SUCCEEDED
2026-10-06 08:02:48.094 [pool-2-thread-1] [] INFO  c.c.g.r.c.t.s.TaskSchedulerServiceImpl - 定时任务已提交执行 taskId=e85196c1-59b4-4bc7-834e-5a71ec6ceb00 taskType=AUTO_COLLECT_SCAN scheduleId=5ec0f85a-1af7-4064-9ba5-713b4847ec50
2026-10-06 08:03:48.076 [pool-2-thread-1] [] INFO  c.c.g.r.c.t.s.i.TaskManagementServiceImpl - 任务已提交: taskId=e85196c1-59b4-4bc7-834e-5a71ec6ceb00, taskName=auto-collect-scan
2026-10-06 08:03:48.077 [pool-2-thread-1] [] INFO  c.c.g.r.c.t.s.i.TaskManagementServiceImpl - 任务已解析: taskId=e85196c1-59b4-4bc7-834e-5a71ec6ceb00
2026-10-06 08:03:48.078 [pool-2-thread-1] [] WARN  c.c.g.e.d.m.AutoCollectScheduler - AutoCollectScheduler 扫描失败: null
2026-10-06 08:03:48.079 [pool-2-thread-1] [] INFO  c.c.g.r.c.t.s.i.TaskManagementServiceImpl - 任务执行完成: taskId=e85196c1-59b4-4bc7-834e-5a71ec6ceb00, status=SUCCEEDED
2026-10-06 08:03:48.079 [pool-2-thread-1] [] INFO  c.c.g.r.c.t.s.TaskSchedulerServiceImpl - 定时任务已提交执行 taskId=e85196c1-59b4-4bc7-834e-5a71ec6ceb00 taskType=AUTO_COLLECT_SCAN scheduleId=5ec0f85a-1af7-4064-9ba5-713b4847ec50
2026-10-06 08:04:48.075 [pool-2-thread-1] [] INFO  c.c.g.r.c.t.s.i.TaskManagementServiceImpl - 任务已提交: taskId=e85196c1-59b4-4bc7-834e-5a71ec6ceb00, taskName=auto-collect-scan
2026-10-06 08:04:48.076 [pool-2-thread-1] [] INFO  c.c.g.r.c.t.s.i.TaskManagementServiceImpl - 任务已解析: taskId=e85196c1-59b4-4bc7-834e-5a71ec6ceb00
2026-10-06 08:04:48.077 [pool-2-thread-1] [] WARN  c.c.g.e.d.m.AutoCollectScheduler - AutoCollectScheduler 扫描失败: null
2026-10-06 08:04:48.078 [pool-2-thread-1] [] INFO  c.c.g.r.c.t.s.i.TaskManagementServiceImpl - 任务执行完成: taskId=e85196c1-59b4-4bc7-834e-5a71ec6ceb00, status=SUCCEEDED
2026-10-06 08:04:48.079 [pool-2-thread-1] [] INFO  c.c.g.r.c.t.s.TaskSchedulerServiceImpl - 定时任务已提交执行 taskId=e85196c1-59b4-4bc7-834e-5a71ec6ceb00 taskType=AUTO_COLLECT_SCAN scheduleId=5ec0f85a-1af7-4064-9ba5-713b4847ec50
2026-10-06 08:05:48.074 [pool-2-thread-1] [] INFO  c.c.g.r.c.t.s.i.TaskManagementServiceImpl - 任务已提交: taskId=e85196c1-59b4-4bc7-834e-5a71ec6ceb00, taskName=auto-collect-scan
2026-10-06 08:05:48.076 [pool-2-thread-1] [] INFO  c.c.g.r.c.t.s.i.TaskManagementServiceImpl - 任务已解析: taskId=e85196c1-59b4-4bc7-834e-5a71ec6ceb00
2026-10-06 08:05:48.079 [pool-2-thread-1] [] WARN  c.c.g.e.d.m.AutoCollectScheduler - AutoCollectScheduler 扫描失败: null
2026-10-06 08:05:48.081 [pool-2-thread-1] [] INFO  c.c.g.r.c.t.s.i.TaskManagementServiceImpl - 任务执行完成: taskId=e85196c1-59b4-4bc7-834e-5a71ec6ceb00, status=SUCCEEDED
2026-10-06 08:05:48.083 [pool-2-thread-1] [] INFO  c.c.g.r.c.t.s.TaskSchedulerServiceImpl - 定时任务已提交执行 taskId=e85196c1-59b4-4bc7-834e-5a71ec6ceb00 taskType=AUTO_COLLECT_SCAN scheduleId=5ec0f85a-1af7-4064-9ba5-713b4847ec50
2026-10-06 08:06:48.084 [pool-2-thread-1] [] INFO  c.c.g.r.c.t.s.i.TaskManagementServiceImpl - 任务已提交: taskId=e85196c1-59b4-4bc7-834e-5a71ec6ceb00, taskName=auto-collect-scan
2026-10-06 08:06:48.087 [pool-2-thread-1] [] INFO  c.c.g.r.c.t.s.i.TaskManagementServiceImpl - 任务已解析: taskId=e85196c1-59b4-4bc7-834e-5a71ec6ceb00
2026-10-06 08:06:48.089 [pool-2-thread-1] [] WARN  c.c.g.e.d.m.AutoCollectScheduler - AutoCollectScheduler 扫描失败: null
2026-10-06 08:06:48.092 [pool-2-thread-1] [] INFO  c.c.g.r.c.t.s.i.TaskManagementServiceImpl - 任务执行完成: taskId=e85196c1-59b4-4bc7-834e-5a71ec6ceb00, status=SUCCEEDED
2026-10-06 08:06:48.094 [pool-2-thread-1] [] INFO  c.c.g.r.c.t.s.TaskSchedulerServiceImpl - 定时任务已提交执行 taskId=e85196c1-59b4-4bc7-834e-5a71ec6ceb00 taskType=AUTO_COLLECT_SCAN scheduleId=5ec0f85a-1af7-4064-9ba5-713b4847ec50
2026-10-06 08:07:48.177 [pool-2-thread-1] [] INFO  c.c.g.r.c.t.s.i.TaskManagementServiceImpl - 任务已提交: taskId=e85196c1-59b4-4bc7-834e-5a71ec6ceb00, taskName=auto-collect-scan
2026-10-06 08:07:48.221 [pool-2-thread-1] [] INFO  c.c.g.r.c.t.s.i.TaskManagementServiceImpl - 任务已解析: taskId=e85196c1-59b4-4bc7-834e-5a71ec6ceb00
2026-10-06 08:07:48.222 [pool-2-thread-1] [] WARN  c.c.g.e.d.m.AutoCollectScheduler - AutoCollectScheduler 扫描失败: null
2026-10-06 08:07:48.224 [pool-2-thread-1] [] INFO  c.c.g.r.c.t.s.i.TaskManagementServiceImpl - 任务执行完成: taskId=e85196c1-59b4-4bc7-834e-5a71ec6ceb00, status=SUCCEEDED
2026-10-06 08:07:48.225 [pool-2-thread-1] [] INFO  c.c.g.r.c.t.s.TaskSchedulerServiceImpl - 定时任务已提交执行 taskId=e85196c1-59b4-4bc7-834e-5a71ec6ceb00 taskType=AUTO_COLLECT_SCAN scheduleId=5ec0f85a-1af7-4064-9ba5-713b4847ec50
2026-10-06 08:08:48.082 [pool-2-thread-1] [] INFO  c.c.g.r.c.t.s.i.TaskManagementServiceImpl - 任务已提交: taskId=e85196c1-59b4-4bc7-834e-5a71ec6ceb00, taskName=auto-collect-scan
2026-10-06 08:08:48.084 [pool-2-thread-1] [] INFO  c.c.g.r.c.t.s.i.TaskManagementServiceImpl - 任务已解析: taskId=e85196c1-59b4-4bc7-834e-5a71ec6ceb00
2026-10-06 08:08:48.087 [pool-2-thread-1] [] WARN  c.c.g.e.d.m.AutoCollectScheduler - AutoCollectScheduler 扫描失败: null
2026-10-06 08:08:48.089 [pool-2-thread-1] [] INFO  c.c.g.r.c.t.s.i.TaskManagementServiceImpl - 任务执行完成: taskId=e85196c1-59b4-4bc7-834e-5a71ec6ceb00, status=SUCCEEDED
2026-10-06 08:08:48.091 [pool-2-thread-1] [] INFO  c.c.g.r.c.t.s.TaskSchedulerServiceImpl - 定时任务已提交执行 taskId=e85196c1-59b4-4bc7-834e-5a71ec6ceb00 taskType=AUTO_COLLECT_SCAN scheduleId=5ec0f85a-1af7-4064-9ba5-713b4847ec50
2026-10-06 08:09:48.077 [pool-2-thread-1] [] INFO  c.c.g.r.c.t.s.i.TaskManagementServiceImpl - 任务已提交: taskId=e85196c1-59b4-4bc7-834e-5a71ec6ceb00, taskName=auto-collect-scan
2026-10-06 08:09:48.086 [pool-2-thread-1] [] INFO  c.c.g.r.c.t.s.i.TaskManagementServiceImpl - 任务已解析: taskId=e85196c1-59b4-4bc7-834e-5a71ec6ceb00
2026-10-06 08:09:48.095 [pool-2-thread-1] [] WARN  c.c.g.e.d.m.AutoCollectScheduler - AutoCollectScheduler 扫描失败: null
2026-10-06 08:09:48.103 [pool-2-thread-1] [] INFO  c.c.g.r.c.t.s.i.TaskManagementServiceImpl - 任务执行完成: taskId=e85196c1-59b4-4bc7-834e-5a71ec6ceb00, status=SUCCEEDED
2026-10-06 08:09:48.109 [pool-2-thread-1] [] INFO  c.c.g.r.c.t.s.TaskSchedulerServiceImpl - 定时任务已提交执行 taskId=e85196c1-59b4-4bc7-834e-5a71ec6ceb00 taskType=AUTO_COLLECT_SCAN scheduleId=5ec0f85a-1af7-4064-9ba5-713b4847ec50
2026-10-06 08:10:48.079 [pool-2-thread-1] [] INFO  c.c.g.r.c.t.s.i.TaskManagementServiceImpl - 任务已提交: taskId=e85196c1-59b4-4bc7-834e-5a71ec6ceb00, taskName=auto-collect-scan
2026-10-06 08:10:48.080 [pool-2-thread-1] [] INFO  c.c.g.r.c.t.s.i.TaskManagementServiceImpl - 任务已解析: taskId=e85196c1-59b4-4bc7-834e-5a71ec6ceb00
2026-10-06 08:10:48.082 [pool-2-thread-1] [] WARN  c.c.g.e.d.m.AutoCollectScheduler - AutoCollectScheduler 扫描失败: null
2026-10-06 08:10:48.083 [pool-2-thread-1] [] INFO  c.c.g.r.c.t.s.i.TaskManagementServiceImpl - 任务执行完成: taskId=e85196c1-59b4-4bc7-834e-5a71ec6ceb00, status=SUCCEEDED
2026-10-06 08:10:48.083 [pool-2-thread-1] [] INFO  c.c.g.r.c.t.s.TaskSchedulerServiceImpl - 定时任务已提交执行 taskId=e85196c1-59b4-4bc7-834e-5a71ec6ceb00 taskType=AUTO_COLLECT_SCAN scheduleId=5ec0f85a-1af7-4064-9ba5-713b4847ec50
2026-10-06 08:11:48.075 [pool-2-thread-1] [] INFO  c.c.g.r.c.t.s.i.TaskManagementServiceImpl - 任务已提交: taskId=e85196c1-59b4-4bc7-834e-5a71ec6ceb00, taskName=auto-collect-scan
2026-10-06 08:11:48.078 [pool-2-thread-1] [] INFO  c.c.g.r.c.t.s.i.TaskManagementServiceImpl - 任务已解析: taskId=e85196c1-59b4-4bc7-834e-5a71ec6ceb00
2026-10-06 08:11:48.080 [pool-2-thread-1] [] WARN  c.c.g.e.d.m.AutoCollectScheduler - AutoCollectScheduler 扫描失败: null
2026-10-06 08:11:48.082 [pool-2-thread-1] [] INFO  c.c.g.r.c.t.s.i.TaskManagementServiceImpl - 任务执行完成: taskId=e85196c1-59b4-4bc7-834e-5a71ec6ceb00, status=SUCCEEDED
2026-10-06 08:11:48.083 [pool-2-thread-1] [] INFO  c.c.g.r.c.t.s.TaskSchedulerServiceImpl - 定时任务已提交执行 taskId=e85196c1-59b4-4bc7-834e-5a71ec6ceb00 taskType=AUTO_COLLECT_SCAN scheduleId=5ec0f85a-1af7-4064-9ba5-713b4847ec50
2026-10-06 08:12:48.079 [pool-2-thread-1] [] INFO  c.c.g.r.c.t.s.i.TaskManagementServiceImpl - 任务已提交: taskId=e85196c1-59b4-4bc7-834e-5a71ec6ceb00, taskName=auto-collect-scan
2026-10-06 08:12:48.081 [pool-2-thread-1] [] INFO  c.c.g.r.c.t.s.i.TaskManagementServiceImpl - 任务已解析: taskId=e85196c1-59b4-4bc7-834e-5a71ec6ceb00
2026-10-06 08:12:48.082 [pool-2-thread-1] [] WARN  c.c.g.e.d.m.AutoCollectScheduler - AutoCollectScheduler 扫描失败: null
2026-10-06 08:12:48.083 [pool-2-thread-1] [] INFO  c.c.g.r.c.t.s.i.TaskManagementServiceImpl - 任务执行完成: taskId=e85196c1-59b4-4bc7-834e-5a71ec6ceb00, status=SUCCEEDED
2026-10-06 08:12:48.084 [pool-2-thread-1] [] INFO  c.c.g.r.c.t.s.TaskSchedulerServiceImpl - 定时任务已提交执行 taskId=e85196c1-59b4-4bc7-834e-5a71ec6ceb00 taskType=AUTO_COLLECT_SCAN scheduleId=5ec0f85a-1af7-4064-9ba5-713b4847ec50
2026-10-06 08:13:48.076 [pool-2-thread-1] [] INFO  c.c.g.r.c.t.s.i.TaskManagementServiceImpl - 任务已提交: taskId=e85196c1-59b4-4bc7-834e-5a71ec6ceb00, taskName=auto-collect-scan
2026-10-06 08:13:48.079 [pool-2-thread-1] [] INFO  c.c.g.r.c.t.s.i.TaskManagementServiceImpl - 任务已解析: taskId=e85196c1-59b4-4bc7-834e-5a71ec6ceb00
2026-10-06 08:13:48.082 [pool-2-thread-1] [] WARN  c.c.g.e.d.m.AutoCollectScheduler - AutoCollectScheduler 扫描失败: null
2026-10-06 08:13:48.084 [pool-2-thread-1] [] INFO  c.c.g.r.c.t.s.i.TaskManagementServiceImpl - 任务执行完成: taskId=e85196c1-59b4-4bc7-834e-5a71ec6ceb00, status=SUCCEEDED
2026-10-06 08:13:48.087 [pool-2-thread-1] [] INFO  c.c.g.r.c.t.s.TaskSchedulerServiceImpl - 定时任务已提交执行 taskId=e85196c1-59b4-4bc7-834e-5a71ec6ceb00 taskType=AUTO_COLLECT_SCAN scheduleId=5ec0f85a-1af7-4064-9ba5-713b4847ec50
2026-10-06 08:14:48.075 [pool-2-thread-1] [] INFO  c.c.g.r.c.t.s.i.TaskManagementServiceImpl - 任务已提交: taskId=e85196c1-59b4-4bc7-834e-5a71ec6ceb00, taskName=auto-collect-scan
2026-10-06 08:14:48.077 [pool-2-thread-1] [] INFO  c.c.g.r.c.t.s.i.TaskManagementServiceImpl - 任务已解析: taskId=e85196c1-59b4-4bc7-834e-5a71ec6ceb00
2026-10-06 08:14:48.079 [pool-2-thread-1] [] WARN  c.c.g.e.d.m.AutoCollectScheduler - AutoCollectScheduler 扫描失败: null
2026-10-06 08:14:48.080 [pool-2-thread-1] [] INFO  c.c.g.r.c.t.s.i.TaskManagementServiceImpl - 任务执行完成: taskId=e85196c1-59b4-4bc7-834e-5a71ec6ceb00, status=SUCCEEDED
2026-10-06 08:14:48.082 [pool-2-thread-1] [] INFO  c.c.g.r.c.t.s.TaskSchedulerServiceImpl - 定时任务已提交执行 taskId=e85196c1-59b4-4bc7-834e-5a71ec6ceb00 taskType=AUTO_COLLECT_SCAN scheduleId=5ec0f85a-1af7-4064-9ba5-713b4847ec50
2026-10-06 08:15:48.088 [pool-2-thread-1] [] INFO  c.c.g.r.c.t.s.i.TaskManagementServiceImpl - 任务已提交: taskId=e85196c1-59b4-4bc7-834e-5a71ec6ceb00, taskName=auto-collect-scan
2026-10-06 08:15:48.089 [pool-2-thread-1] [] INFO  c.c.g.r.c.t.s.i.TaskManagementServiceImpl - 任务已解析: taskId=e85196c1-59b4-4bc7-834e-5a71ec6ceb00
2026-10-06 08:15:48.091 [pool-2-thread-1] [] WARN  c.c.g.e.d.m.AutoCollectScheduler - AutoCollectScheduler 扫描失败: null
2026-10-06 08:15:48.093 [pool-2-thread-1] [] INFO  c.c.g.r.c.t.s.i.TaskManagementServiceImpl - 任务执行完成: taskId=e85196c1-59b4-4bc7-834e-5a71ec6ceb00, status=SUCCEEDED
2026-10-06 08:15:48.093 [pool-2-thread-1] [] INFO  c.c.g.r.c.t.s.TaskSchedulerServiceImpl - 定时任务已提交执行 taskId=e85196c1-59b4-4bc7-834e-5a71ec6ceb00 taskType=AUTO_COLLECT_SCAN scheduleId=5ec0f85a-1af7-4064-9ba5-713b4847ec50
2026-10-06 08:16:48.078 [pool-2-thread-1] [] INFO  c.c.g.r.c.t.s.i.TaskManagementServiceImpl - 任务已提交: taskId=e85196c1-59b4-4bc7-834e-5a71ec6ceb00, taskName=auto-collect-scan
2026-10-06 08:16:48.080 [pool-2-thread-1] [] INFO  c.c.g.r.c.t.s.i.TaskManagementServiceImpl - 任务已解析: taskId=e85196c1-59b4-4bc7-834e-5a71ec6ceb00
2026-10-06 08:16:48.081 [pool-2-thread-1] [] WARN  c.c.g.e.d.m.AutoCollectScheduler - AutoCollectScheduler 扫描失败: null
2026-10-06 08:16:48.082 [pool-2-thread-1] [] INFO  c.c.g.r.c.t.s.i.TaskManagementServiceImpl - 任务执行完成: taskId=e85196c1-59b4-4bc7-834e-5a71ec6ceb00, status=SUCCEEDED
2026-10-06 08:16:48.083 [pool-2-thread-1] [] INFO  c.c.g.r.c.t.s.TaskSchedulerServiceImpl - 定时任务已提交执行 taskId=e85196c1-59b4-4bc7-834e-5a71ec6ceb00 taskType=AUTO_COLLECT_SCAN scheduleId=5ec0f85a-1af7-4064-9ba5-713b4847ec50
2026-10-06 08:17:48.086 [pool-2-thread-1] [] INFO  c.c.g.r.c.t.s.i.TaskManagementServiceImpl - 任务已提交: taskId=e85196c1-59b4-4bc7-834e-5a71ec6ceb00, taskName=auto-collect-scan
2026-10-06 08:17:48.089 [pool-2-thread-1] [] INFO  c.c.g.r.c.t.s.i.TaskManagementServiceImpl - 任务已解析: taskId=e85196c1-59b4-4bc7-834e-5a71ec6ceb00
2026-10-06 08:17:48.092 [pool-2-thread-1] [] WARN  c.c.g.e.d.m.AutoCollectScheduler - AutoCollectScheduler 扫描失败: null
2026-10-06 08:17:48.094 [pool-2-thread-1] [] INFO  c.c.g.r.c.t.s.i.TaskManagementServiceImpl - 任务执行完成: taskId=e85196c1-59b4-4bc7-834e-5a71ec6ceb00, status=SUCCEEDED
2026-10-06 08:17:48.095 [pool-2-thread-1] [] INFO  c.c.g.r.c.t.s.TaskSchedulerServiceImpl - 定时任务已提交执行 taskId=e85196c1-59b4-4bc7-834e-5a71ec6ceb00 taskType=AUTO_COLLECT_SCAN scheduleId=5ec0f85a-1af7-4064-9ba5-713b4847ec50
2026-10-06 08:18:48.078 [pool-2-thread-1] [] INFO  c.c.g.r.c.t.s.i.TaskManagementServiceImpl - 任务已提交: taskId=e85196c1-59b4-4bc7-834e-5a71ec6ceb00, taskName=auto-collect-scan
2026-10-06 08:18:48.090 [pool-2-thread-1] [] INFO  c.c.g.r.c.t.s.i.TaskManagementServiceImpl - 任务已解析: taskId=e85196c1-59b4-4bc7-834e-5a71ec6ceb00
2026-10-06 08:18:48.101 [pool-2-thread-1] [] WARN  c.c.g.e.d.m.AutoCollectScheduler - AutoCollectScheduler 扫描失败: null
2026-10-06 08:18:48.108 [pool-2-thread-1] [] INFO  c.c.g.r.c.t.s.i.TaskManagementServiceImpl - 任务执行完成: taskId=e85196c1-59b4-4bc7-834e-5a71ec6ceb00, status=SUCCEEDED
2026-10-06 08:18:48.115 [pool-2-thread-1] [] INFO  c.c.g.r.c.t.s.TaskSchedulerServiceImpl - 定时任务已提交执行 taskId=e85196c1-59b4-4bc7-834e-5a71ec6ceb00 taskType=AUTO_COLLECT_SCAN scheduleId=5ec0f85a-1af7-4064-9ba5-713b4847ec50
2026-10-06 08:19:48.077 [pool-2-thread-1] [] INFO  c.c.g.r.c.t.s.i.TaskManagementServiceImpl - 任务已提交: taskId=e85196c1-59b4-4bc7-834e-5a71ec6ceb00, taskName=auto-collect-scan
2026-10-06 08:19:48.079 [pool-2-thread-1] [] INFO  c.c.g.r.c.t.s.i.TaskManagementServiceImpl - 任务已解析: taskId=e85196c1-59b4-4bc7-834e-5a71ec6ceb00
2026-10-06 08:19:48.081 [pool-2-thread-1] [] WARN  c.c.g.e.d.m.AutoCollectScheduler - AutoCollectScheduler 扫描失败: null
2026-10-06 08:19:48.082 [pool-2-thread-1] [] INFO  c.c.g.r.c.t.s.i.TaskManagementServiceImpl - 任务执行完成: taskId=e85196c1-59b4-4bc7-834e-5a71ec6ceb00, status=SUCCEEDED
2026-10-06 08:19:48.084 [pool-2-thread-1] [] INFO  c.c.g.r.c.t.s.TaskSchedulerServiceImpl - 定时任务已提交执行 taskId=e85196c1-59b4-4bc7-834e-5a71ec6ceb00 taskType=AUTO_COLLECT_SCAN scheduleId=5ec0f85a-1af7-4064-9ba5-713b4847ec50
2026-10-06 08:20:48.079 [pool-2-thread-1] [] INFO  c.c.g.r.c.t.s.i.TaskManagementServiceImpl - 任务已提交: taskId=e85196c1-59b4-4bc7-834e-5a71ec6ceb00, taskName=auto-collect-scan
2026-10-06 08:20:48.081 [pool-2-thread-1] [] INFO  c.c.g.r.c.t.s.i.TaskManagementServiceImpl - 任务已解析: taskId=e85196c1-59b4-4bc7-834e-5a71ec6ceb00
2026-10-06 08:20:48.083 [pool-2-thread-1] [] WARN  c.c.g.e.d.m.AutoCollectScheduler - AutoCollectScheduler 扫描失败: null
2026-10-06 08:20:48.085 [pool-2-thread-1] [] INFO  c.c.g.r.c.t.s.i.TaskManagementServiceImpl - 任务执行完成: taskId=e85196c1-59b4-4bc7-834e-5a71ec6ceb00, status=SUCCEEDED
2026-10-06 08:20:48.086 [pool-2-thread-1] [] INFO  c.c.g.r.c.t.s.TaskSchedulerServiceImpl - 定时任务已提交执行 taskId=e85196c1-59b4-4bc7-834e-5a71ec6ceb00 taskType=AUTO_COLLECT_SCAN scheduleId=5ec0f85a-1af7-4064-9ba5-713b4847ec50
2026-10-06 08:21:48.082 [pool-2-thread-1] [] INFO  c.c.g.r.c.t.s.i.TaskManagementServiceImpl - 任务已提交: taskId=e85196c1-59b4-4bc7-834e-5a71ec6ceb00, taskName=auto-collect-scan
2026-10-06 08:21:48.084 [pool-2-thread-1] [] INFO  c.c.g.r.c.t.s.i.TaskManagementServiceImpl - 任务已解析: taskId=e85196c1-59b4-4bc7-834e-5a71ec6ceb00
2026-10-06 08:21:48.085 [pool-2-thread-1] [] WARN  c.c.g.e.d.m.AutoCollectScheduler - AutoCollectScheduler 扫描失败: null
2026-10-06 08:21:48.086 [pool-2-thread-1] [] INFO  c.c.g.r.c.t.s.i.TaskManagementServiceImpl - 任务执行完成: taskId=e85196c1-59b4-4bc7-834e-5a71ec6ceb00, status=SUCCEEDED
2026-10-06 08:21:48.088 [pool-2-thread-1] [] INFO  c.c.g.r.c.t.s.TaskSchedulerServiceImpl - 定时任务已提交执行 taskId=e85196c1-59b4-4bc7-834e-5a71ec6ceb00 taskType=AUTO_COLLECT_SCAN scheduleId=5ec0f85a-1af7-4064-9ba5-713b4847ec50
2026-10-06 08:22:48.078 [pool-2-thread-1] [] INFO  c.c.g.r.c.t.s.i.TaskManagementServiceImpl - 任务已提交: taskId=e85196c1-59b4-4bc7-834e-5a71ec6ceb00, taskName=auto-collect-scan
2026-10-06 08:22:48.080 [pool-2-thread-1] [] INFO  c.c.g.r.c.t.s.i.TaskManagementServiceImpl - 任务已解析: taskId=e85196c1-59b4-4bc7-834e-5a71ec6ceb00
2026-10-06 08:22:48.081 [pool-2-thread-1] [] WARN  c.c.g.e.d.m.AutoCollectScheduler - AutoCollectScheduler 扫描失败: null
2026-10-06 08:22:48.082 [pool-2-thread-1] [] INFO  c.c.g.r.c.t.s.i.TaskManagementServiceImpl - 任务执行完成: taskId=e85196c1-59b4-4bc7-834e-5a71ec6ceb00, status=SUCCEEDED
2026-10-06 08:22:48.083 [pool-2-thread-1] [] INFO  c.c.g.r.c.t.s.TaskSchedulerServiceImpl - 定时任务已提交执行 taskId=e85196c1-59b4-4bc7-834e-5a71ec6ceb00 taskType=AUTO_COLLECT_SCAN scheduleId=5ec0f85a-1af7-4064-9ba5-713b4847ec50
2026-10-06 08:23:48.078 [pool-2-thread-1] [] INFO  c.c.g.r.c.t.s.i.TaskManagementServiceImpl - 任务已提交: taskId=e85196c1-59b4-4bc7-834e-5a71ec6ceb00, taskName=auto-collect-scan
2026-10-06 08:23:48.090 [pool-2-thread-1] [] INFO  c.c.g.r.c.t.s.i.TaskManagementServiceImpl - 任务已解析: taskId=e85196c1-59b4-4bc7-834e-5a71ec6ceb00
2026-10-06 08:23:48.091 [pool-2-thread-1] [] WARN  c.c.g.e.d.m.AutoCollectScheduler - AutoCollectScheduler 扫描失败: null
2026-10-06 08:23:48.092 [pool-2-thread-1] [] INFO  c.c.g.r.c.t.s.i.TaskManagementServiceImpl - 任务执行完成: taskId=e85196c1-59b4-4bc7-834e-5a71ec6ceb00, status=SUCCEEDED
2026-10-06 08:23:48.093 [pool-2-thread-1] [] INFO  c.c.g.r.c.t.s.TaskSchedulerServiceImpl - 定时任务已提交执行 taskId=e85196c1-59b4-4bc7-834e-5a71ec6ceb00 taskType=AUTO_COLLECT_SCAN scheduleId=5ec0f85a-1af7-4064-9ba5-713b4847ec50
2026-10-06 08:24:48.084 [pool-2-thread-1] [] INFO  c.c.g.r.c.t.s.i.TaskManagementServiceImpl - 任务已提交: taskId=e85196c1-59b4-4bc7-834e-5a71ec6ceb00, taskName=auto-collect-scan
2026-10-06 08:24:48.086 [pool-2-thread-1] [] INFO  c.c.g.r.c.t.s.i.TaskManagementServiceImpl - 任务已解析: taskId=e85196c1-59b4-4bc7-834e-5a71ec6ceb00
2026-10-06 08:24:48.087 [pool-2-thread-1] [] WARN  c.c.g.e.d.m.AutoCollectScheduler - AutoCollectScheduler 扫描失败: null
2026-10-06 08:24:48.088 [pool-2-thread-1] [] INFO  c.c.g.r.c.t.s.i.TaskManagementServiceImpl - 任务执行完成: taskId=e85196c1-59b4-4bc7-834e-5a71ec6ceb00, status=SUCCEEDED
2026-10-06 08:24:48.089 [pool-2-thread-1] [] INFO  c.c.g.r.c.t.s.TaskSchedulerServiceImpl - 定时任务已提交执行 taskId=e85196c1-59b4-4bc7-834e-5a71ec6ceb00 taskType=AUTO_COLLECT_SCAN scheduleId=5ec0f85a-1af7-4064-9ba5-713b4847ec50
2026-10-06 08:25:48.080 [pool-2-thread-1] [] INFO  c.c.g.r.c.t.s.i.TaskManagementServiceImpl - 任务已提交: taskId=e85196c1-59b4-4bc7-834e-5a71ec6ceb00, taskName=auto-collect-scan
2026-10-06 08:25:48.083 [pool-2-thread-1] [] INFO  c.c.g.r.c.t.s.i.TaskManagementServiceImpl - 任务已解析: taskId=e85196c1-59b4-4bc7-834e-5a71ec6ceb00
2026-10-06 08:25:48.086 [pool-2-thread-1] [] WARN  c.c.g.e.d.m.AutoCollectScheduler - AutoCollectScheduler 扫描失败: null
2026-10-06 08:25:48.087 [pool-2-thread-1] [] INFO  c.c.g.r.c.t.s.i.TaskManagementServiceImpl - 任务执行完成: taskId=e85196c1-59b4-4bc7-834e-5a71ec6ceb00, status=SUCCEEDED
2026-10-06 08:25:48.089 [pool-2-thread-1] [] INFO  c.c.g.r.c.t.s.TaskSchedulerServiceImpl - 定时任务已提交执行 taskId=e85196c1-59b4-4bc7-834e-5a71ec6ceb00 taskType=AUTO_COLLECT_SCAN scheduleId=5ec0f85a-1af7-4064-9ba5-713b4847ec50
2026-10-06 08:26:48.087 [pool-2-thread-1] [] INFO  c.c.g.r.c.t.s.i.TaskManagementServiceImpl - 任务已提交: taskId=e85196c1-59b4-4bc7-834e-5a71ec6ceb00, taskName=auto-collect-scan
2026-10-06 08:26:48.089 [pool-2-thread-1] [] INFO  c.c.g.r.c.t.s.i.TaskManagementServiceImpl - 任务已解析: taskId=e85196c1-59b4-4bc7-834e-5a71ec6ceb00
2026-10-06 08:26:48.091 [pool-2-thread-1] [] WARN  c.c.g.e.d.m.AutoCollectScheduler - AutoCollectScheduler 扫描失败: null
2026-10-06 08:26:48.093 [pool-2-thread-1] [] INFO  c.c.g.r.c.t.s.i.TaskManagementServiceImpl - 任务执行完成: taskId=e85196c1-59b4-4bc7-834e-5a71ec6ceb00, status=SUCCEEDED
2026-10-06 08:26:48.094 [pool-2-thread-1] [] INFO  c.c.g.r.c.t.s.TaskSchedulerServiceImpl - 定时任务已提交执行 taskId=e85196c1-59b4-4bc7-834e-5a71ec6ceb00 taskType=AUTO_COLLECT_SCAN scheduleId=5ec0f85a-1af7-4064-9ba5-713b4847ec50
2026-10-06 08:27:48.082 [pool-2-thread-1] [] INFO  c.c.g.r.c.t.s.i.TaskManagementServiceImpl - 任务已提交: taskId=e85196c1-59b4-4bc7-834e-5a71ec6ceb00, taskName=auto-collect-scan
2026-10-06 08:27:48.093 [pool-2-thread-1] [] INFO  c.c.g.r.c.t.s.i.TaskManagementServiceImpl - 任务已解析: taskId=e85196c1-59b4-4bc7-834e-5a71ec6ceb00
2026-10-06 08:27:48.094 [pool-2-thread-1] [] WARN  c.c.g.e.d.m.AutoCollectScheduler - AutoCollectScheduler 扫描失败: null
2026-10-06 08:27:48.095 [pool-2-thread-1] [] INFO  c.c.g.r.c.t.s.i.TaskManagementServiceImpl - 任务执行完成: taskId=e85196c1-59b4-4bc7-834e-5a71ec6ceb00, status=SUCCEEDED
2026-10-06 08:27:48.095 [pool-2-thread-1] [] INFO  c.c.g.r.c.t.s.TaskSchedulerServiceImpl - 定时任务已提交执行 taskId=e85196c1-59b4-4bc7-834e-5a71ec6ceb00 taskType=AUTO_COLLECT_SCAN scheduleId=5ec0f85a-1af7-4064-9ba5-713b4847ec50
2026-10-06 08:28:48.089 [pool-2-thread-1] [] INFO  c.c.g.r.c.t.s.i.TaskManagementServiceImpl - 任务已提交: taskId=e85196c1-59b4-4bc7-834e-5a71ec6ceb00, taskName=auto-collect-scan
2026-10-06 08:28:48.099 [pool-2-thread-1] [] INFO  c.c.g.r.c.t.s.i.TaskManagementServiceImpl - 任务已解析: taskId=e85196c1-59b4-4bc7-834e-5a71ec6ceb00
2026-10-06 08:28:48.101 [pool-2-thread-1] [] WARN  c.c.g.e.d.m.AutoCollectScheduler - AutoCollectScheduler 扫描失败: null
2026-10-06 08:28:48.102 [pool-2-thread-1] [] INFO  c.c.g.r.c.t.s.i.TaskManagementServiceImpl - 任务执行完成: taskId=e85196c1-59b4-4bc7-834e-5a71ec6ceb00, status=SUCCEEDED
2026-10-06 08:28:48.104 [pool-2-thread-1] [] INFO  c.c.g.r.c.t.s.TaskSchedulerServiceImpl - 定时任务已提交执行 taskId=e85196c1-59b4-4bc7-834e-5a71ec6ceb00 taskType=AUTO_COLLECT_SCAN scheduleId=5ec0f85a-1af7-4064-9ba5-713b4847ec50
2026-10-06 08:29:48.076 [pool-2-thread-1] [] INFO  c.c.g.r.c.t.s.i.TaskManagementServiceImpl - 任务已提交: taskId=e85196c1-59b4-4bc7-834e-5a71ec6ceb00, taskName=auto-collect-scan
2026-10-06 08:29:48.079 [pool-2-thread-1] [] INFO  c.c.g.r.c.t.s.i.TaskManagementServiceImpl - 任务已解析: taskId=e85196c1-59b4-4bc7-834e-5a71ec6ceb00
2026-10-06 08:29:48.081 [pool-2-thread-1] [] WARN  c.c.g.e.d.m.AutoCollectScheduler - AutoCollectScheduler 扫描失败: null
2026-10-06 08:29:48.083 [pool-2-thread-1] [] INFO  c.c.g.r.c.t.s.i.TaskManagementServiceImpl - 任务执行完成: taskId=e85196c1-59b4-4bc7-834e-5a71ec6ceb00, status=SUCCEEDED
2026-10-06 08:29:48.085 [pool-2-thread-1] [] INFO  c.c.g.r.c.t.s.TaskSchedulerServiceImpl - 定时任务已提交执行 taskId=e85196c1-59b4-4bc7-834e-5a71ec6ceb00 taskType=AUTO_COLLECT_SCAN scheduleId=5ec0f85a-1af7-4064-9ba5-713b4847ec50
2026-10-06 08:30:48.076 [pool-2-thread-1] [] INFO  c.c.g.r.c.t.s.i.TaskManagementServiceImpl - 任务已提交: taskId=e85196c1-59b4-4bc7-834e-5a71ec6ceb00, taskName=auto-collect-scan
2026-10-06 08:30:48.077 [pool-2-thread-1] [] INFO  c.c.g.r.c.t.s.i.TaskManagementServiceImpl - 任务已解析: taskId=e85196c1-59b4-4bc7-834e-5a71ec6ceb00
2026-10-06 08:30:48.078 [pool-2-thread-1] [] WARN  c.c.g.e.d.m.AutoCollectScheduler - AutoCollectScheduler 扫描失败: null
2026-10-06 08:30:48.080 [pool-2-thread-1] [] INFO  c.c.g.r.c.t.s.i.TaskManagementServiceImpl - 任务执行完成: taskId=e85196c1-59b4-4bc7-834e-5a71ec6ceb00, status=SUCCEEDED
2026-10-06 08:30:48.081 [pool-2-thread-1] [] INFO  c.c.g.r.c.t.s.TaskSchedulerServiceImpl - 定时任务已提交执行 taskId=e85196c1-59b4-4bc7-834e-5a71ec6ceb00 taskType=AUTO_COLLECT_SCAN scheduleId=5ec0f85a-1af7-4064-9ba5-713b4847ec50
2026-10-06 08:31:48.088 [pool-2-thread-1] [] INFO  c.c.g.r.c.t.s.i.TaskManagementServiceImpl - 任务已提交: taskId=e85196c1-59b4-4bc7-834e-5a71ec6ceb00, taskName=auto-collect-scan
2026-10-06 08:31:48.098 [pool-2-thread-1] [] INFO  c.c.g.r.c.t.s.i.TaskManagementServiceImpl - 任务已解析: taskId=e85196c1-59b4-4bc7-834e-5a71ec6ceb00
2026-10-06 08:31:48.100 [pool-2-thread-1] [] WARN  c.c.g.e.d.m.AutoCollectScheduler - AutoCollectScheduler 扫描失败: null
2026-10-06 08:31:48.102 [pool-2-thread-1] [] INFO  c.c.g.r.c.t.s.i.TaskManagementServiceImpl - 任务执行完成: taskId=e85196c1-59b4-4bc7-834e-5a71ec6ceb00, status=SUCCEEDED
2026-10-06 08:31:48.103 [pool-2-thread-1] [] INFO  c.c.g.r.c.t.s.TaskSchedulerServiceImpl - 定时任务已提交执行 taskId=e85196c1-59b4-4bc7-834e-5a71ec6ceb00 taskType=AUTO_COLLECT_SCAN scheduleId=5ec0f85a-1af7-4064-9ba5-713b4847ec50
2026-10-06 08:32:48.075 [pool-2-thread-1] [] INFO  c.c.g.r.c.t.s.i.TaskManagementServiceImpl - 任务已提交: taskId=e85196c1-59b4-4bc7-834e-5a71ec6ceb00, taskName=auto-collect-scan
2026-10-06 08:32:48.085 [pool-2-thread-1] [] INFO  c.c.g.r.c.t.s.i.TaskManagementServiceImpl - 任务已解析: taskId=e85196c1-59b4-4bc7-834e-5a71ec6ceb00
2026-10-06 08:32:48.086 [pool-2-thread-1] [] WARN  c.c.g.e.d.m.AutoCollectScheduler - AutoCollectScheduler 扫描失败: null
2026-10-06 08:32:48.087 [pool-2-thread-1] [] INFO  c.c.g.r.c.t.s.i.TaskManagementServiceImpl - 任务执行完成: taskId=e85196c1-59b4-4bc7-834e-5a71ec6ceb00, status=SUCCEEDED
2026-10-06 08:32:48.087 [pool-2-thread-1] [] INFO  c.c.g.r.c.t.s.TaskSchedulerServiceImpl - 定时任务已提交执行 taskId=e85196c1-59b4-4bc7-834e-5a71ec6ceb00 taskType=AUTO_COLLECT_SCAN scheduleId=5ec0f85a-1af7-4064-9ba5-713b4847ec50
2026-10-06 08:33:48.078 [pool-2-thread-1] [] INFO  c.c.g.r.c.t.s.i.TaskManagementServiceImpl - 任务已提交: taskId=e85196c1-59b4-4bc7-834e-5a71ec6ceb00, taskName=auto-collect-scan
2026-10-06 08:33:48.083 [pool-2-thread-1] [] INFO  c.c.g.r.c.t.s.i.TaskManagementServiceImpl - 任务已解析: taskId=e85196c1-59b4-4bc7-834e-5a71ec6ceb00
2026-10-06 08:33:48.087 [pool-2-thread-1] [] WARN  c.c.g.e.d.m.AutoCollectScheduler - AutoCollectScheduler 扫描失败: null
2026-10-06 08:33:48.089 [pool-2-thread-1] [] INFO  c.c.g.r.c.t.s.i.TaskManagementServiceImpl - 任务执行完成: taskId=e85196c1-59b4-4bc7-834e-5a71ec6ceb00, status=SUCCEEDED
2026-10-06 08:33:48.092 [pool-2-thread-1] [] INFO  c.c.g.r.c.t.s.TaskSchedulerServiceImpl - 定时任务已提交执行 taskId=e85196c1-59b4-4bc7-834e-5a71ec6ceb00 taskType=AUTO_COLLECT_SCAN scheduleId=5ec0f85a-1af7-4064-9ba5-713b4847ec50
2026-10-06 08:34:48.086 [pool-2-thread-1] [] INFO  c.c.g.r.c.t.s.i.TaskManagementServiceImpl - 任务已提交: taskId=e85196c1-59b4-4bc7-834e-5a71ec6ceb00, taskName=auto-collect-scan
2026-10-06 08:34:48.097 [pool-2-thread-1] [] INFO  c.c.g.r.c.t.s.i.TaskManagementServiceImpl - 任务已解析: taskId=e85196c1-59b4-4bc7-834e-5a71ec6ceb00
2026-10-06 08:34:48.098 [pool-2-thread-1] [] WARN  c.c.g.e.d.m.AutoCollectScheduler - AutoCollectScheduler 扫描失败: null
2026-10-06 08:34:48.099 [pool-2-thread-1] [] INFO  c.c.g.r.c.t.s.i.TaskManagementServiceImpl - 任务执行完成: taskId=e85196c1-59b4-4bc7-834e-5a71ec6ceb00, status=SUCCEEDED
2026-10-06 08:34:48.099 [pool-2-thread-1] [] INFO  c.c.g.r.c.t.s.TaskSchedulerServiceImpl - 定时任务已提交执行 taskId=e85196c1-59b4-4bc7-834e-5a71ec6ceb00 taskType=AUTO_COLLECT_SCAN scheduleId=5ec0f85a-1af7-4064-9ba5-713b4847ec50
2026-10-06 08:35:48.078 [pool-2-thread-1] [] INFO  c.c.g.r.c.t.s.i.TaskManagementServiceImpl - 任务已提交: taskId=e85196c1-59b4-4bc7-834e-5a71ec6ceb00, taskName=auto-collect-scan
2026-10-06 08:35:48.088 [pool-2-thread-1] [] INFO  c.c.g.r.c.t.s.i.TaskManagementServiceImpl - 任务已解析: taskId=e85196c1-59b4-4bc7-834e-5a71ec6ceb00
2026-10-06 08:35:48.090 [pool-2-thread-1] [] WARN  c.c.g.e.d.m.AutoCollectScheduler - AutoCollectScheduler 扫描失败: null
2026-10-06 08:35:48.091 [pool-2-thread-1] [] INFO  c.c.g.r.c.t.s.i.TaskManagementServiceImpl - 任务执行完成: taskId=e85196c1-59b4-4bc7-834e-5a71ec6ceb00, status=SUCCEEDED
2026-10-06 08:35:48.093 [pool-2-thread-1] [] INFO  c.c.g.r.c.t.s.TaskSchedulerServiceImpl - 定时任务已提交执行 taskId=e85196c1-59b4-4bc7-834e-5a71ec6ceb00 taskType=AUTO_COLLECT_SCAN scheduleId=5ec0f85a-1af7-4064-9ba5-713b4847ec50
2026-10-06 08:36:48.085 [pool-2-thread-1] [] INFO  c.c.g.r.c.t.s.i.TaskManagementServiceImpl - 任务已提交: taskId=e85196c1-59b4-4bc7-834e-5a71ec6ceb00, taskName=auto-collect-scan
2026-10-06 08:36:48.087 [pool-2-thread-1] [] INFO  c.c.g.r.c.t.s.i.TaskManagementServiceImpl - 任务已解析: taskId=e85196c1-59b4-4bc7-834e-5a71ec6ceb00
2026-10-06 08:36:48.088 [pool-2-thread-1] [] WARN  c.c.g.e.d.m.AutoCollectScheduler - AutoCollectScheduler 扫描失败: null
2026-10-06 08:36:48.089 [pool-2-thread-1] [] INFO  c.c.g.r.c.t.s.i.TaskManagementServiceImpl - 任务执行完成: taskId=e85196c1-59b4-4bc7-834e-5a71ec6ceb00, status=SUCCEEDED
2026-10-06 08:36:48.090 [pool-2-thread-1] [] INFO  c.c.g.r.c.t.s.TaskSchedulerServiceImpl - 定时任务已提交执行 taskId=e85196c1-59b4-4bc7-834e-5a71ec6ceb00 taskType=AUTO_COLLECT_SCAN scheduleId=5ec0f85a-1af7-4064-9ba5-713b4847ec50
2026-10-06 08:37:48.087 [pool-2-thread-1] [] INFO  c.c.g.r.c.t.s.i.TaskManagementServiceImpl - 任务已提交: taskId=e85196c1-59b4-4bc7-834e-5a71ec6ceb00, taskName=auto-collect-scan
2026-10-06 08:37:48.090 [pool-2-thread-1] [] INFO  c.c.g.r.c.t.s.i.TaskManagementServiceImpl - 任务已解析: taskId=e85196c1-59b4-4bc7-834e-5a71ec6ceb00
2026-10-06 08:37:48.092 [pool-2-thread-1] [] WARN  c.c.g.e.d.m.AutoCollectScheduler - AutoCollectScheduler 扫描失败: null
2026-10-06 08:37:48.094 [pool-2-thread-1] [] INFO  c.c.g.r.c.t.s.i.TaskManagementServiceImpl - 任务执行完成: taskId=e85196c1-59b4-4bc7-834e-5a71ec6ceb00, status=SUCCEEDED
2026-10-06 08:37:48.094 [pool-2-thread-1] [] INFO  c.c.g.r.c.t.s.TaskSchedulerServiceImpl - 定时任务已提交执行 taskId=e85196c1-59b4-4bc7-834e-5a71ec6ceb00 taskType=AUTO_COLLECT_SCAN scheduleId=5ec0f85a-1af7-4064-9ba5-713b4847ec50
2026-10-06 08:38:48.077 [pool-2-thread-1] [] INFO  c.c.g.r.c.t.s.i.TaskManagementServiceImpl - 任务已提交: taskId=e85196c1-59b4-4bc7-834e-5a71ec6ceb00, taskName=auto-collect-scan
2026-10-06 08:38:48.087 [pool-2-thread-1] [] INFO  c.c.g.r.c.t.s.i.TaskManagementServiceImpl - 任务已解析: taskId=e85196c1-59b4-4bc7-834e-5a71ec6ceb00
2026-10-06 08:38:48.088 [pool-2-thread-1] [] WARN  c.c.g.e.d.m.AutoCollectScheduler - AutoCollectScheduler 扫描失败: null
2026-10-06 08:38:48.089 [pool-2-thread-1] [] INFO  c.c.g.r.c.t.s.i.TaskManagementServiceImpl - 任务执行完成: taskId=e85196c1-59b4-4bc7-834e-5a71ec6ceb00, status=SUCCEEDED
2026-10-06 08:38:48.090 [pool-2-thread-1] [] INFO  c.c.g.r.c.t.s.TaskSchedulerServiceImpl - 定时任务已提交执行 taskId=e85196c1-59b4-4bc7-834e-5a71ec6ceb00 taskType=AUTO_COLLECT_SCAN scheduleId=5ec0f85a-1af7-4064-9ba5-713b4847ec50
2026-10-06 08:39:48.082 [pool-2-thread-1] [] INFO  c.c.g.r.c.t.s.i.TaskManagementServiceImpl - 任务已提交: taskId=e85196c1-59b4-4bc7-834e-5a71ec6ceb00, taskName=auto-collect-scan
2026-10-06 08:39:48.084 [pool-2-thread-1] [] INFO  c.c.g.r.c.t.s.i.TaskManagementServiceImpl - 任务已解析: taskId=e85196c1-59b4-4bc7-834e-5a71ec6ceb00
2026-10-06 08:39:48.086 [pool-2-thread-1] [] WARN  c.c.g.e.d.m.AutoCollectScheduler - AutoCollectScheduler 扫描失败: null
2026-10-06 08:39:48.087 [pool-2-thread-1] [] INFO  c.c.g.r.c.t.s.i.TaskManagementServiceImpl - 任务执行完成: taskId=e85196c1-59b4-4bc7-834e-5a71ec6ceb00, status=SUCCEEDED
2026-10-06 08:39:48.088 [pool-2-thread-1] [] INFO  c.c.g.r.c.t.s.TaskSchedulerServiceImpl - 定时任务已提交执行 taskId=e85196c1-59b4-4bc7-834e-5a71ec6ceb00 taskType=AUTO_COLLECT_SCAN scheduleId=5ec0f85a-1af7-4064-9ba5-713b4847ec50
2026-10-06 08:40:48.085 [pool-2-thread-1] [] INFO  c.c.g.r.c.t.s.i.TaskManagementServiceImpl - 任务已提交: taskId=e85196c1-59b4-4bc7-834e-5a71ec6ceb00, taskName=auto-collect-scan
2026-10-06 08:40:48.086 [pool-2-thread-1] [] INFO  c.c.g.r.c.t.s.i.TaskManagementServiceImpl - 任务已解析: taskId=e85196c1-59b4-4bc7-834e-5a71ec6ceb00
2026-10-06 08:40:48.088 [pool-2-thread-1] [] WARN  c.c.g.e.d.m.AutoCollectScheduler - AutoCollectScheduler 扫描失败: null
2026-10-06 08:40:48.089 [pool-2-thread-1] [] INFO  c.c.g.r.c.t.s.i.TaskManagementServiceImpl - 任务执行完成: taskId=e85196c1-59b4-4bc7-834e-5a71ec6ceb00, status=SUCCEEDED
2026-10-06 08:40:48.090 [pool-2-thread-1] [] INFO  c.c.g.r.c.t.s.TaskSchedulerServiceImpl - 定时任务已提交执行 taskId=e85196c1-59b4-4bc7-834e-5a71ec6ceb00 taskType=AUTO_COLLECT_SCAN scheduleId=5ec0f85a-1af7-4064-9ba5-713b4847ec50
2026-10-06 08:41:48.084 [pool-2-thread-1] [] INFO  c.c.g.r.c.t.s.i.TaskManagementServiceImpl - 任务已提交: taskId=e85196c1-59b4-4bc7-834e-5a71ec6ceb00, taskName=auto-collect-scan
2026-10-06 08:41:48.095 [pool-2-thread-1] [] INFO  c.c.g.r.c.t.s.i.TaskManagementServiceImpl - 任务已解析: taskId=e85196c1-59b4-4bc7-834e-5a71ec6ceb00
2026-10-06 08:41:48.097 [pool-2-thread-1] [] WARN  c.c.g.e.d.m.AutoCollectScheduler - AutoCollectScheduler 扫描失败: null
2026-10-06 08:41:48.098 [pool-2-thread-1] [] INFO  c.c.g.r.c.t.s.i.TaskManagementServiceImpl - 任务执行完成: taskId=e85196c1-59b4-4bc7-834e-5a71ec6ceb00, status=SUCCEEDED
2026-10-06 08:41:48.099 [pool-2-thread-1] [] INFO  c.c.g.r.c.t.s.TaskSchedulerServiceImpl - 定时任务已提交执行 taskId=e85196c1-59b4-4bc7-834e-5a71ec6ceb00 taskType=AUTO_COLLECT_SCAN scheduleId=5ec0f85a-1af7-4064-9ba5-713b4847ec50
2026-10-06 08:42:48.073 [pool-2-thread-1] [] INFO  c.c.g.r.c.t.s.i.TaskManagementServiceImpl - 任务已提交: taskId=e85196c1-59b4-4bc7-834e-5a71ec6ceb00, taskName=auto-collect-scan
2026-10-06 08:42:48.083 [pool-2-thread-1] [] INFO  c.c.g.r.c.t.s.i.TaskManagementServiceImpl - 任务已解析: taskId=e85196c1-59b4-4bc7-834e-5a71ec6ceb00
2026-10-06 08:42:48.085 [pool-2-thread-1] [] WARN  c.c.g.e.d.m.AutoCollectScheduler - AutoCollectScheduler 扫描失败: null
2026-10-06 08:42:48.087 [pool-2-thread-1] [] INFO  c.c.g.r.c.t.s.i.TaskManagementServiceImpl - 任务执行完成: taskId=e85196c1-59b4-4bc7-834e-5a71ec6ceb00, status=SUCCEEDED
2026-10-06 08:42:48.088 [pool-2-thread-1] [] INFO  c.c.g.r.c.t.s.TaskSchedulerServiceImpl - 定时任务已提交执行 taskId=e85196c1-59b4-4bc7-834e-5a71ec6ceb00 taskType=AUTO_COLLECT_SCAN scheduleId=5ec0f85a-1af7-4064-9ba5-713b4847ec50
2026-10-06 08:43:48.082 [pool-2-thread-1] [] INFO  c.c.g.r.c.t.s.i.TaskManagementServiceImpl - 任务已提交: taskId=e85196c1-59b4-4bc7-834e-5a71ec6ceb00, taskName=auto-collect-scan
2026-10-06 08:43:48.092 [pool-2-thread-1] [] INFO  c.c.g.r.c.t.s.i.TaskManagementServiceImpl - 任务已解析: taskId=e85196c1-59b4-4bc7-834e-5a71ec6ceb00
2026-10-06 08:43:48.094 [pool-2-thread-1] [] WARN  c.c.g.e.d.m.AutoCollectScheduler - AutoCollectScheduler 扫描失败: null
2026-10-06 08:43:48.095 [pool-2-thread-1] [] INFO  c.c.g.r.c.t.s.i.TaskManagementServiceImpl - 任务执行完成: taskId=e85196c1-59b4-4bc7-834e-5a71ec6ceb00, status=SUCCEEDED
2026-10-06 08:43:48.096 [pool-2-thread-1] [] INFO  c.c.g.r.c.t.s.TaskSchedulerServiceImpl - 定时任务已提交执行 taskId=e85196c1-59b4-4bc7-834e-5a71ec6ceb00 taskType=AUTO_COLLECT_SCAN scheduleId=5ec0f85a-1af7-4064-9ba5-713b4847ec50
2026-10-06 08:44:48.084 [pool-2-thread-1] [] INFO  c.c.g.r.c.t.s.i.TaskManagementServiceImpl - 任务已提交: taskId=e85196c1-59b4-4bc7-834e-5a71ec6ceb00, taskName=auto-collect-scan
2026-10-06 08:44:48.086 [pool-2-thread-1] [] INFO  c.c.g.r.c.t.s.i.TaskManagementServiceImpl - 任务已解析: taskId=e85196c1-59b4-4bc7-834e-5a71ec6ceb00
2026-10-06 08:44:48.088 [pool-2-thread-1] [] WARN  c.c.g.e.d.m.AutoCollectScheduler - AutoCollectScheduler 扫描失败: null
2026-10-06 08:44:48.090 [pool-2-thread-1] [] INFO  c.c.g.r.c.t.s.i.TaskManagementServiceImpl - 任务执行完成: taskId=e85196c1-59b4-4bc7-834e-5a71ec6ceb00, status=SUCCEEDED
2026-10-06 08:44:48.091 [pool-2-thread-1] [] INFO  c.c.g.r.c.t.s.TaskSchedulerServiceImpl - 定时任务已提交执行 taskId=e85196c1-59b4-4bc7-834e-5a71ec6ceb00 taskType=AUTO_COLLECT_SCAN scheduleId=5ec0f85a-1af7-4064-9ba5-713b4847ec50
2026-10-06 08:45:48.088 [pool-2-thread-1] [] INFO  c.c.g.r.c.t.s.i.TaskManagementServiceImpl - 任务已提交: taskId=e85196c1-59b4-4bc7-834e-5a71ec6ceb00, taskName=auto-collect-scan
2026-10-06 08:45:48.090 [pool-2-thread-1] [] INFO  c.c.g.r.c.t.s.i.TaskManagementServiceImpl - 任务已解析: taskId=e85196c1-59b4-4bc7-834e-5a71ec6ceb00
2026-10-06 08:45:48.092 [pool-2-thread-1] [] WARN  c.c.g.e.d.m.AutoCollectScheduler - AutoCollectScheduler 扫描失败: null
2026-10-06 08:45:48.094 [pool-2-thread-1] [] INFO  c.c.g.r.c.t.s.i.TaskManagementServiceImpl - 任务执行完成: taskId=e85196c1-59b4-4bc7-834e-5a71ec6ceb00, status=SUCCEEDED
2026-10-06 08:45:48.097 [pool-2-thread-1] [] INFO  c.c.g.r.c.t.s.TaskSchedulerServiceImpl - 定时任务已提交执行 taskId=e85196c1-59b4-4bc7-834e-5a71ec6ceb00 taskType=AUTO_COLLECT_SCAN scheduleId=5ec0f85a-1af7-4064-9ba5-713b4847ec50
2026-10-06 08:46:48.084 [pool-2-thread-1] [] INFO  c.c.g.r.c.t.s.i.TaskManagementServiceImpl - 任务已提交: taskId=e85196c1-59b4-4bc7-834e-5a71ec6ceb00, taskName=auto-collect-scan
2026-10-06 08:46:48.095 [pool-2-thread-1] [] INFO  c.c.g.r.c.t.s.i.TaskManagementServiceImpl - 任务已解析: taskId=e85196c1-59b4-4bc7-834e-5a71ec6ceb00
2026-10-06 08:46:48.097 [pool-2-thread-1] [] WARN  c.c.g.e.d.m.AutoCollectScheduler - AutoCollectScheduler 扫描失败: null
2026-10-06 08:46:48.098 [pool-2-thread-1] [] INFO  c.c.g.r.c.t.s.i.TaskManagementServiceImpl - 任务执行完成: taskId=e85196c1-59b4-4bc7-834e-5a71ec6ceb00, status=SUCCEEDED
2026-10-06 08:46:48.099 [pool-2-thread-1] [] INFO  c.c.g.r.c.t.s.TaskSchedulerServiceImpl - 定时任务已提交执行 taskId=e85196c1-59b4-4bc7-834e-5a71ec6ceb00 taskType=AUTO_COLLECT_SCAN scheduleId=5ec0f85a-1af7-4064-9ba5-713b4847ec50
2026-10-06 08:47:48.077 [pool-2-thread-1] [] INFO  c.c.g.r.c.t.s.i.TaskManagementServiceImpl - 任务已提交: taskId=e85196c1-59b4-4bc7-834e-5a71ec6ceb00, taskName=auto-collect-scan
2026-10-06 08:47:48.081 [pool-2-thread-1] [] INFO  c.c.g.r.c.t.s.i.TaskManagementServiceImpl - 任务已解析: taskId=e85196c1-59b4-4bc7-834e-5a71ec6ceb00
2026-10-06 08:47:48.082 [pool-2-thread-1] [] WARN  c.c.g.e.d.m.AutoCollectScheduler - AutoCollectScheduler 扫描失败: null
2026-10-06 08:47:48.083 [pool-2-thread-1] [] INFO  c.c.g.r.c.t.s.i.TaskManagementServiceImpl - 任务执行完成: taskId=e85196c1-59b4-4bc7-834e-5a71ec6ceb00, status=SUCCEEDED
2026-10-06 08:47:48.084 [pool-2-thread-1] [] INFO  c.c.g.r.c.t.s.TaskSchedulerServiceImpl - 定时任务已提交执行 taskId=e85196c1-59b4-4bc7-834e-5a71ec6ceb00 taskType=AUTO_COLLECT_SCAN scheduleId=5ec0f85a-1af7-4064-9ba5-713b4847ec50
2026-10-06 08:48:48.083 [pool-2-thread-1] [] INFO  c.c.g.r.c.t.s.i.TaskManagementServiceImpl - 任务已提交: taskId=e85196c1-59b4-4bc7-834e-5a71ec6ceb00, taskName=auto-collect-scan
2026-10-06 08:48:48.094 [pool-2-thread-1] [] INFO  c.c.g.r.c.t.s.i.TaskManagementServiceImpl - 任务已解析: taskId=e85196c1-59b4-4bc7-834e-5a71ec6ceb00
2026-10-06 08:48:48.095 [pool-2-thread-1] [] WARN  c.c.g.e.d.m.AutoCollectScheduler - AutoCollectScheduler 扫描失败: null
2026-10-06 08:48:48.096 [pool-2-thread-1] [] INFO  c.c.g.r.c.t.s.i.TaskManagementServiceImpl - 任务执行完成: taskId=e85196c1-59b4-4bc7-834e-5a71ec6ceb00, status=SUCCEEDED
2026-10-06 08:48:48.097 [pool-2-thread-1] [] INFO  c.c.g.r.c.t.s.TaskSchedulerServiceImpl - 定时任务已提交执行 taskId=e85196c1-59b4-4bc7-834e-5a71ec6ceb00 taskType=AUTO_COLLECT_SCAN scheduleId=5ec0f85a-1af7-4064-9ba5-713b4847ec50
2026-10-06 08:49:48.074 [pool-2-thread-1] [] INFO  c.c.g.r.c.t.s.i.TaskManagementServiceImpl - 任务已提交: taskId=e85196c1-59b4-4bc7-834e-5a71ec6ceb00, taskName=auto-collect-scan
2026-10-06 08:49:48.085 [pool-2-thread-1] [] INFO  c.c.g.r.c.t.s.i.TaskManagementServiceImpl - 任务已解析: taskId=e85196c1-59b4-4bc7-834e-5a71ec6ceb00
2026-10-06 08:49:48.086 [pool-2-thread-1] [] WARN  c.c.g.e.d.m.AutoCollectScheduler - AutoCollectScheduler 扫描失败: null
2026-10-06 08:49:48.088 [pool-2-thread-1] [] INFO  c.c.g.r.c.t.s.i.TaskManagementServiceImpl - 任务执行完成: taskId=e85196c1-59b4-4bc7-834e-5a71ec6ceb00, status=SUCCEEDED
2026-10-06 08:49:48.089 [pool-2-thread-1] [] INFO  c.c.g.r.c.t.s.TaskSchedulerServiceImpl - 定时任务已提交执行 taskId=e85196c1-59b4-4bc7-834e-5a71ec6ceb00 taskType=AUTO_COLLECT_SCAN scheduleId=5ec0f85a-1af7-4064-9ba5-713b4847ec50
2026-10-06 08:50:48.089 [pool-2-thread-1] [] INFO  c.c.g.r.c.t.s.i.TaskManagementServiceImpl - 任务已提交: taskId=e85196c1-59b4-4bc7-834e-5a71ec6ceb00, taskName=auto-collect-scan
2026-10-06 08:50:48.100 [pool-2-thread-1] [] INFO  c.c.g.r.c.t.s.i.TaskManagementServiceImpl - 任务已解析: taskId=e85196c1-59b4-4bc7-834e-5a71ec6ceb00
2026-10-06 08:50:48.104 [pool-2-thread-1] [] WARN  c.c.g.e.d.m.AutoCollectScheduler - AutoCollectScheduler 扫描失败: null
2026-10-06 08:50:48.106 [pool-2-thread-1] [] INFO  c.c.g.r.c.t.s.i.TaskManagementServiceImpl - 任务执行完成: taskId=e85196c1-59b4-4bc7-834e-5a71ec6ceb00, status=SUCCEEDED
2026-10-06 08:50:48.107 [pool-2-thread-1] [] INFO  c.c.g.r.c.t.s.TaskSchedulerServiceImpl - 定时任务已提交执行 taskId=e85196c1-59b4-4bc7-834e-5a71ec6ceb00 taskType=AUTO_COLLECT_SCAN scheduleId=5ec0f85a-1af7-4064-9ba5-713b4847ec50
2026-10-06 08:51:48.081 [pool-2-thread-1] [] INFO  c.c.g.r.c.t.s.i.TaskManagementServiceImpl - 任务已提交: taskId=e85196c1-59b4-4bc7-834e-5a71ec6ceb00, taskName=auto-collect-scan
2026-10-06 08:51:48.091 [pool-2-thread-1] [] INFO  c.c.g.r.c.t.s.i.TaskManagementServiceImpl - 任务已解析: taskId=e85196c1-59b4-4bc7-834e-5a71ec6ceb00
2026-10-06 08:51:48.094 [pool-2-thread-1] [] WARN  c.c.g.e.d.m.AutoCollectScheduler - AutoCollectScheduler 扫描失败: null
2026-10-06 08:51:48.095 [pool-2-thread-1] [] INFO  c.c.g.r.c.t.s.i.TaskManagementServiceImpl - 任务执行完成: taskId=e85196c1-59b4-4bc7-834e-5a71ec6ceb00, status=SUCCEEDED
2026-10-06 08:51:48.096 [pool-2-thread-1] [] INFO  c.c.g.r.c.t.s.TaskSchedulerServiceImpl - 定时任务已提交执行 taskId=e85196c1-59b4-4bc7-834e-5a71ec6ceb00 taskType=AUTO_COLLECT_SCAN scheduleId=5ec0f85a-1af7-4064-9ba5-713b4847ec50
2026-10-06 08:52:48.074 [pool-2-thread-1] [] INFO  c.c.g.r.c.t.s.i.TaskManagementServiceImpl - 任务已提交: taskId=e85196c1-59b4-4bc7-834e-5a71ec6ceb00, taskName=auto-collect-scan
2026-10-06 08:52:48.084 [pool-2-thread-1] [] INFO  c.c.g.r.c.t.s.i.TaskManagementServiceImpl - 任务已解析: taskId=e85196c1-59b4-4bc7-834e-5a71ec6ceb00
2026-10-06 08:52:48.086 [pool-2-thread-1] [] WARN  c.c.g.e.d.m.AutoCollectScheduler - AutoCollectScheduler 扫描失败: null
2026-10-06 08:52:48.086 [pool-2-thread-1] [] INFO  c.c.g.r.c.t.s.i.TaskManagementServiceImpl - 任务执行完成: taskId=e85196c1-59b4-4bc7-834e-5a71ec6ceb00, status=SUCCEEDED
2026-10-06 08:52:48.087 [pool-2-thread-1] [] INFO  c.c.g.r.c.t.s.TaskSchedulerServiceImpl - 定时任务已提交执行 taskId=e85196c1-59b4-4bc7-834e-5a71ec6ceb00 taskType=AUTO_COLLECT_SCAN scheduleId=5ec0f85a-1af7-4064-9ba5-713b4847ec50
2026-10-06 08:53:48.088 [pool-2-thread-1] [] INFO  c.c.g.r.c.t.s.i.TaskManagementServiceImpl - 任务已提交: taskId=e85196c1-59b4-4bc7-834e-5a71ec6ceb00, taskName=auto-collect-scan
2026-10-06 08:53:48.090 [pool-2-thread-1] [] INFO  c.c.g.r.c.t.s.i.TaskManagementServiceImpl - 任务已解析: taskId=e85196c1-59b4-4bc7-834e-5a71ec6ceb00
2026-10-06 08:53:48.092 [pool-2-thread-1] [] WARN  c.c.g.e.d.m.AutoCollectScheduler - AutoCollectScheduler 扫描失败: null
2026-10-06 08:53:48.094 [pool-2-thread-1] [] INFO  c.c.g.r.c.t.s.i.TaskManagementServiceImpl - 任务执行完成: taskId=e85196c1-59b4-4bc7-834e-5a71ec6ceb00, status=SUCCEEDED
2026-10-06 08:53:48.095 [pool-2-thread-1] [] INFO  c.c.g.r.c.t.s.TaskSchedulerServiceImpl - 定时任务已提交执行 taskId=e85196c1-59b4-4bc7-834e-5a71ec6ceb00 taskType=AUTO_COLLECT_SCAN scheduleId=5ec0f85a-1af7-4064-9ba5-713b4847ec50
2026-10-06 08:54:48.078 [pool-2-thread-1] [] INFO  c.c.g.r.c.t.s.i.TaskManagementServiceImpl - 任务已提交: taskId=e85196c1-59b4-4bc7-834e-5a71ec6ceb00, taskName=auto-collect-scan
2026-10-06 08:54:48.079 [pool-2-thread-1] [] INFO  c.c.g.r.c.t.s.i.TaskManagementServiceImpl - 任务已解析: taskId=e85196c1-59b4-4bc7-834e-5a71ec6ceb00
2026-10-06 08:54:48.081 [pool-2-thread-1] [] WARN  c.c.g.e.d.m.AutoCollectScheduler - AutoCollectScheduler 扫描失败: null
2026-10-06 08:54:48.083 [pool-2-thread-1] [] INFO  c.c.g.r.c.t.s.i.TaskManagementServiceImpl - 任务执行完成: taskId=e85196c1-59b4-4bc7-834e-5a71ec6ceb00, status=SUCCEEDED
2026-10-06 08:54:48.084 [pool-2-thread-1] [] INFO  c.c.g.r.c.t.s.TaskSchedulerServiceImpl - 定时任务已提交执行 taskId=e85196c1-59b4-4bc7-834e-5a71ec6ceb00 taskType=AUTO_COLLECT_SCAN scheduleId=5ec0f85a-1af7-4064-9ba5-713b4847ec50
2026-10-06 08:55:48.083 [pool-2-thread-1] [] INFO  c.c.g.r.c.t.s.i.TaskManagementServiceImpl - 任务已提交: taskId=e85196c1-59b4-4bc7-834e-5a71ec6ceb00, taskName=auto-collect-scan
2026-10-06 08:55:48.084 [pool-2-thread-1] [] INFO  c.c.g.r.c.t.s.i.TaskManagementServiceImpl - 任务已解析: taskId=e85196c1-59b4-4bc7-834e-5a71ec6ceb00
2026-10-06 08:55:48.085 [pool-2-thread-1] [] WARN  c.c.g.e.d.m.AutoCollectScheduler - AutoCollectScheduler 扫描失败: null
2026-10-06 08:55:48.088 [pool-2-thread-1] [] INFO  c.c.g.r.c.t.s.i.TaskManagementServiceImpl - 任务执行完成: taskId=e85196c1-59b4-4bc7-834e-5a71ec6ceb00, status=SUCCEEDED
2026-10-06 08:55:48.089 [pool-2-thread-1] [] INFO  c.c.g.r.c.t.s.TaskSchedulerServiceImpl - 定时任务已提交执行 taskId=e85196c1-59b4-4bc7-834e-5a71ec6ceb00 taskType=AUTO_COLLECT_SCAN scheduleId=5ec0f85a-1af7-4064-9ba5-713b4847ec50
2026-10-06 08:56:48.082 [pool-2-thread-1] [] INFO  c.c.g.r.c.t.s.i.TaskManagementServiceImpl - 任务已提交: taskId=e85196c1-59b4-4bc7-834e-5a71ec6ceb00, taskName=auto-collect-scan
2026-10-06 08:56:48.083 [pool-2-thread-1] [] INFO  c.c.g.r.c.t.s.i.TaskManagementServiceImpl - 任务已解析: taskId=e85196c1-59b4-4bc7-834e-5a71ec6ceb00
2026-10-06 08:56:48.086 [pool-2-thread-1] [] WARN  c.c.g.e.d.m.AutoCollectScheduler - AutoCollectScheduler 扫描失败: null
2026-10-06 08:56:48.087 [pool-2-thread-1] [] INFO  c.c.g.r.c.t.s.i.TaskManagementServiceImpl - 任务执行完成: taskId=e85196c1-59b4-4bc7-834e-5a71ec6ceb00, status=SUCCEEDED
2026-10-06 08:56:48.088 [pool-2-thread-1] [] INFO  c.c.g.r.c.t.s.TaskSchedulerServiceImpl - 定时任务已提交执行 taskId=e85196c1-59b4-4bc7-834e-5a71ec6ceb00 taskType=AUTO_COLLECT_SCAN scheduleId=5ec0f85a-1af7-4064-9ba5-713b4847ec50
2026-10-06 08:57:48.085 [pool-2-thread-1] [] INFO  c.c.g.r.c.t.s.i.TaskManagementServiceImpl - 任务已提交: taskId=e85196c1-59b4-4bc7-834e-5a71ec6ceb00, taskName=auto-collect-scan
2026-10-06 08:57:48.086 [pool-2-thread-1] [] INFO  c.c.g.r.c.t.s.i.TaskManagementServiceImpl - 任务已解析: taskId=e85196c1-59b4-4bc7-834e-5a71ec6ceb00
2026-10-06 08:57:48.087 [pool-2-thread-1] [] WARN  c.c.g.e.d.m.AutoCollectScheduler - AutoCollectScheduler 扫描失败: null
2026-10-06 08:57:48.088 [pool-2-thread-1] [] INFO  c.c.g.r.c.t.s.i.TaskManagementServiceImpl - 任务执行完成: taskId=e85196c1-59b4-4bc7-834e-5a71ec6ceb00, status=SUCCEEDED
2026-10-06 08:57:48.089 [pool-2-thread-1] [] INFO  c.c.g.r.c.t.s.TaskSchedulerServiceImpl - 定时任务已提交执行 taskId=e85196c1-59b4-4bc7-834e-5a71ec6ceb00 taskType=AUTO_COLLECT_SCAN scheduleId=5ec0f85a-1af7-4064-9ba5-713b4847ec50
2026-10-06 08:58:48.085 [pool-2-thread-1] [] INFO  c.c.g.r.c.t.s.i.TaskManagementServiceImpl - 任务已提交: taskId=e85196c1-59b4-4bc7-834e-5a71ec6ceb00, taskName=auto-collect-scan
2026-10-06 08:58:48.087 [pool-2-thread-1] [] INFO  c.c.g.r.c.t.s.i.TaskManagementServiceImpl - 任务已解析: taskId=e85196c1-59b4-4bc7-834e-5a71ec6ceb00
2026-10-06 08:58:48.090 [pool-2-thread-1] [] WARN  c.c.g.e.d.m.AutoCollectScheduler - AutoCollectScheduler 扫描失败: null
2026-10-06 08:58:48.092 [pool-2-thread-1] [] INFO  c.c.g.r.c.t.s.i.TaskManagementServiceImpl - 任务执行完成: taskId=e85196c1-59b4-4bc7-834e-5a71ec6ceb00, status=SUCCEEDED
2026-10-06 08:58:48.094 [pool-2-thread-1] [] INFO  c.c.g.r.c.t.s.TaskSchedulerServiceImpl - 定时任务已提交执行 taskId=e85196c1-59b4-4bc7-834e-5a71ec6ceb00 taskType=AUTO_COLLECT_SCAN scheduleId=5ec0f85a-1af7-4064-9ba5-713b4847ec50
2026-10-06 08:59:48.074 [pool-2-thread-1] [] INFO  c.c.g.r.c.t.s.i.TaskManagementServiceImpl - 任务已提交: taskId=e85196c1-59b4-4bc7-834e-5a71ec6ceb00, taskName=auto-collect-scan
2026-10-06 08:59:48.077 [pool-2-thread-1] [] INFO  c.c.g.r.c.t.s.i.TaskManagementServiceImpl - 任务已解析: taskId=e85196c1-59b4-4bc7-834e-5a71ec6ceb00
2026-10-06 08:59:48.079 [pool-2-thread-1] [] WARN  c.c.g.e.d.m.AutoCollectScheduler - AutoCollectScheduler 扫描失败: null
2026-10-06 08:59:48.081 [pool-2-thread-1] [] INFO  c.c.g.r.c.t.s.i.TaskManagementServiceImpl - 任务执行完成: taskId=e85196c1-59b4-4bc7-834e-5a71ec6ceb00, status=SUCCEEDED
2026-10-06 08:59:48.082 [pool-2-thread-1] [] INFO  c.c.g.r.c.t.s.TaskSchedulerServiceImpl - 定时任务已提交执行 taskId=e85196c1-59b4-4bc7-834e-5a71ec6ceb00 taskType=AUTO_COLLECT_SCAN scheduleId=5ec0f85a-1af7-4064-9ba5-713b4847ec50
2026-10-06 09:00:48.079 [pool-2-thread-1] [] INFO  c.c.g.r.c.t.s.i.TaskManagementServiceImpl - 任务已提交: taskId=e85196c1-59b4-4bc7-834e-5a71ec6ceb00, taskName=auto-collect-scan
2026-10-06 09:00:48.081 [pool-2-thread-1] [] INFO  c.c.g.r.c.t.s.i.TaskManagementServiceImpl - 任务已解析: taskId=e85196c1-59b4-4bc7-834e-5a71ec6ceb00
2026-10-06 09:00:48.082 [pool-2-thread-1] [] WARN  c.c.g.e.d.m.AutoCollectScheduler - AutoCollectScheduler 扫描失败: null
2026-10-06 09:00:48.084 [pool-2-thread-1] [] INFO  c.c.g.r.c.t.s.i.TaskManagementServiceImpl - 任务执行完成: taskId=e85196c1-59b4-4bc7-834e-5a71ec6ceb00, status=SUCCEEDED
2026-10-06 09:00:48.085 [pool-2-thread-1] [] INFO  c.c.g.r.c.t.s.TaskSchedulerServiceImpl - 定时任务已提交执行 taskId=e85196c1-59b4-4bc7-834e-5a71ec6ceb00 taskType=AUTO_COLLECT_SCAN scheduleId=5ec0f85a-1af7-4064-9ba5-713b4847ec50
2026-10-06 09:01:48.080 [pool-2-thread-1] [] INFO  c.c.g.r.c.t.s.i.TaskManagementServiceImpl - 任务已提交: taskId=e85196c1-59b4-4bc7-834e-5a71ec6ceb00, taskName=auto-collect-scan
2026-10-06 09:01:48.082 [pool-2-thread-1] [] INFO  c.c.g.r.c.t.s.i.TaskManagementServiceImpl - 任务已解析: taskId=e85196c1-59b4-4bc7-834e-5a71ec6ceb00
2026-10-06 09:01:48.084 [pool-2-thread-1] [] WARN  c.c.g.e.d.m.AutoCollectScheduler - AutoCollectScheduler 扫描失败: null
2026-10-06 09:01:48.086 [pool-2-thread-1] [] INFO  c.c.g.r.c.t.s.i.TaskManagementServiceImpl - 任务执行完成: taskId=e85196c1-59b4-4bc7-834e-5a71ec6ceb00, status=SUCCEEDED
2026-10-06 09:01:48.087 [pool-2-thread-1] [] INFO  c.c.g.r.c.t.s.TaskSchedulerServiceImpl - 定时任务已提交执行 taskId=e85196c1-59b4-4bc7-834e-5a71ec6ceb00 taskType=AUTO_COLLECT_SCAN scheduleId=5ec0f85a-1af7-4064-9ba5-713b4847ec50
2026-10-06 09:02:48.073 [pool-2-thread-1] [] INFO  c.c.g.r.c.t.s.i.TaskManagementServiceImpl - 任务已提交: taskId=e85196c1-59b4-4bc7-834e-5a71ec6ceb00, taskName=auto-collect-scan
2026-10-06 09:02:48.075 [pool-2-thread-1] [] INFO  c.c.g.r.c.t.s.i.TaskManagementServiceImpl - 任务已解析: taskId=e85196c1-59b4-4bc7-834e-5a71ec6ceb00
2026-10-06 09:02:48.077 [pool-2-thread-1] [] WARN  c.c.g.e.d.m.AutoCollectScheduler - AutoCollectScheduler 扫描失败: null
2026-10-06 09:02:48.078 [pool-2-thread-1] [] INFO  c.c.g.r.c.t.s.i.TaskManagementServiceImpl - 任务执行完成: taskId=e85196c1-59b4-4bc7-834e-5a71ec6ceb00, status=SUCCEEDED
2026-10-06 09:02:48.080 [pool-2-thread-1] [] INFO  c.c.g.r.c.t.s.TaskSchedulerServiceImpl - 定时任务已提交执行 taskId=e85196c1-59b4-4bc7-834e-5a71ec6ceb00 taskType=AUTO_COLLECT_SCAN scheduleId=5ec0f85a-1af7-4064-9ba5-713b4847ec50
2026-10-06 09:03:48.086 [pool-2-thread-1] [] INFO  c.c.g.r.c.t.s.i.TaskManagementServiceImpl - 任务已提交: taskId=e85196c1-59b4-4bc7-834e-5a71ec6ceb00, taskName=auto-collect-scan
2026-10-06 09:03:48.089 [pool-2-thread-1] [] INFO  c.c.g.r.c.t.s.i.TaskManagementServiceImpl - 任务已解析: taskId=e85196c1-59b4-4bc7-834e-5a71ec6ceb00
2026-10-06 09:03:48.090 [pool-2-thread-1] [] WARN  c.c.g.e.d.m.AutoCollectScheduler - AutoCollectScheduler 扫描失败: null
2026-10-06 09:03:48.092 [pool-2-thread-1] [] INFO  c.c.g.r.c.t.s.i.TaskManagementServiceImpl - 任务执行完成: taskId=e85196c1-59b4-4bc7-834e-5a71ec6ceb00, status=SUCCEEDED
2026-10-06 09:03:48.094 [pool-2-thread-1] [] INFO  c.c.g.r.c.t.s.TaskSchedulerServiceImpl - 定时任务已提交执行 taskId=e85196c1-59b4-4bc7-834e-5a71ec6ceb00 taskType=AUTO_COLLECT_SCAN scheduleId=5ec0f85a-1af7-4064-9ba5-713b4847ec50
2026-10-06 09:04:48.086 [pool-2-thread-1] [] INFO  c.c.g.r.c.t.s.i.TaskManagementServiceImpl - 任务已提交: taskId=e85196c1-59b4-4bc7-834e-5a71ec6ceb00, taskName=auto-collect-scan
2026-10-06 09:04:48.087 [pool-2-thread-1] [] INFO  c.c.g.r.c.t.s.i.TaskManagementServiceImpl - 任务已解析: taskId=e85196c1-59b4-4bc7-834e-5a71ec6ceb00
2026-10-06 09:04:48.088 [pool-2-thread-1] [] WARN  c.c.g.e.d.m.AutoCollectScheduler - AutoCollectScheduler 扫描失败: null
2026-10-06 09:04:48.089 [pool-2-thread-1] [] INFO  c.c.g.r.c.t.s.i.TaskManagementServiceImpl - 任务执行完成: taskId=e85196c1-59b4-4bc7-834e-5a71ec6ceb00, status=SUCCEEDED
2026-10-06 09:04:48.090 [pool-2-thread-1] [] INFO  c.c.g.r.c.t.s.TaskSchedulerServiceImpl - 定时任务已提交执行 taskId=e85196c1-59b4-4bc7-834e-5a71ec6ceb00 taskType=AUTO_COLLECT_SCAN scheduleId=5ec0f85a-1af7-4064-9ba5-713b4847ec50
2026-10-06 09:05:48.083 [pool-2-thread-1] [] INFO  c.c.g.r.c.t.s.i.TaskManagementServiceImpl - 任务已提交: taskId=e85196c1-59b4-4bc7-834e-5a71ec6ceb00, taskName=auto-collect-scan
2026-10-06 09:05:48.084 [pool-2-thread-1] [] INFO  c.c.g.r.c.t.s.i.TaskManagementServiceImpl - 任务已解析: taskId=e85196c1-59b4-4bc7-834e-5a71ec6ceb00
2026-10-06 09:05:48.085 [pool-2-thread-1] [] WARN  c.c.g.e.d.m.AutoCollectScheduler - AutoCollectScheduler 扫描失败: null
2026-10-06 09:05:48.086 [pool-2-thread-1] [] INFO  c.c.g.r.c.t.s.i.TaskManagementServiceImpl - 任务执行完成: taskId=e85196c1-59b4-4bc7-834e-5a71ec6ceb00, status=SUCCEEDED
2026-10-06 09:05:48.087 [pool-2-thread-1] [] INFO  c.c.g.r.c.t.s.TaskSchedulerServiceImpl - 定时任务已提交执行 taskId=e85196c1-59b4-4bc7-834e-5a71ec6ceb00 taskType=AUTO_COLLECT_SCAN scheduleId=5ec0f85a-1af7-4064-9ba5-713b4847ec50
2026-10-06 09:06:48.082 [pool-2-thread-1] [] INFO  c.c.g.r.c.t.s.i.TaskManagementServiceImpl - 任务已提交: taskId=e85196c1-59b4-4bc7-834e-5a71ec6ceb00, taskName=auto-collect-scan
2026-10-06 09:06:48.083 [pool-2-thread-1] [] INFO  c.c.g.r.c.t.s.i.TaskManagementServiceImpl - 任务已解析: taskId=e85196c1-59b4-4bc7-834e-5a71ec6ceb00
2026-10-06 09:06:48.085 [pool-2-thread-1] [] WARN  c.c.g.e.d.m.AutoCollectScheduler - AutoCollectScheduler 扫描失败: null
2026-10-06 09:06:48.087 [pool-2-thread-1] [] INFO  c.c.g.r.c.t.s.i.TaskManagementServiceImpl - 任务执行完成: taskId=e85196c1-59b4-4bc7-834e-5a71ec6ceb00, status=SUCCEEDED
2026-10-06 09:06:48.088 [pool-2-thread-1] [] INFO  c.c.g.r.c.t.s.TaskSchedulerServiceImpl - 定时任务已提交执行 taskId=e85196c1-59b4-4bc7-834e-5a71ec6ceb00 taskType=AUTO_COLLECT_SCAN scheduleId=5ec0f85a-1af7-4064-9ba5-713b4847ec50
2026-10-06 09:07:48.076 [pool-2-thread-1] [] INFO  c.c.g.r.c.t.s.i.TaskManagementServiceImpl - 任务已提交: taskId=e85196c1-59b4-4bc7-834e-5a71ec6ceb00, taskName=auto-collect-scan
2026-10-06 09:07:48.079 [pool-2-thread-1] [] INFO  c.c.g.r.c.t.s.i.TaskManagementServiceImpl - 任务已解析: taskId=e85196c1-59b4-4bc7-834e-5a71ec6ceb00
2026-10-06 09:07:48.080 [pool-2-thread-1] [] WARN  c.c.g.e.d.m.AutoCollectScheduler - AutoCollectScheduler 扫描失败: null
2026-10-06 09:07:48.082 [pool-2-thread-1] [] INFO  c.c.g.r.c.t.s.i.TaskManagementServiceImpl - 任务执行完成: taskId=e85196c1-59b4-4bc7-834e-5a71ec6ceb00, status=SUCCEEDED
2026-10-06 09:07:48.083 [pool-2-thread-1] [] INFO  c.c.g.r.c.t.s.TaskSchedulerServiceImpl - 定时任务已提交执行 taskId=e85196c1-59b4-4bc7-834e-5a71ec6ceb00 taskType=AUTO_COLLECT_SCAN scheduleId=5ec0f85a-1af7-4064-9ba5-713b4847ec50
2026-10-06 09:08:48.084 [pool-2-thread-1] [] INFO  c.c.g.r.c.t.s.i.TaskManagementServiceImpl - 任务已提交: taskId=e85196c1-59b4-4bc7-834e-5a71ec6ceb00, taskName=auto-collect-scan
2026-10-06 09:08:48.086 [pool-2-thread-1] [] INFO  c.c.g.r.c.t.s.i.TaskManagementServiceImpl - 任务已解析: taskId=e85196c1-59b4-4bc7-834e-5a71ec6ceb00
2026-10-06 09:08:48.087 [pool-2-thread-1] [] WARN  c.c.g.e.d.m.AutoCollectScheduler - AutoCollectScheduler 扫描失败: null
2026-10-06 09:08:48.088 [pool-2-thread-1] [] INFO  c.c.g.r.c.t.s.i.TaskManagementServiceImpl - 任务执行完成: taskId=e85196c1-59b4-4bc7-834e-5a71ec6ceb00, status=SUCCEEDED
2026-10-06 09:08:48.090 [pool-2-thread-1] [] INFO  c.c.g.r.c.t.s.TaskSchedulerServiceImpl - 定时任务已提交执行 taskId=e85196c1-59b4-4bc7-834e-5a71ec6ceb00 taskType=AUTO_COLLECT_SCAN scheduleId=5ec0f85a-1af7-4064-9ba5-713b4847ec50
2026-10-06 09:09:48.087 [pool-2-thread-1] [] INFO  c.c.g.r.c.t.s.i.TaskManagementServiceImpl - 任务已提交: taskId=e85196c1-59b4-4bc7-834e-5a71ec6ceb00, taskName=auto-collect-scan
2026-10-06 09:09:48.089 [pool-2-thread-1] [] INFO  c.c.g.r.c.t.s.i.TaskManagementServiceImpl - 任务已解析: taskId=e85196c1-59b4-4bc7-834e-5a71ec6ceb00
2026-10-06 09:09:48.090 [pool-2-thread-1] [] WARN  c.c.g.e.d.m.AutoCollectScheduler - AutoCollectScheduler 扫描失败: null
2026-10-06 09:09:48.091 [pool-2-thread-1] [] INFO  c.c.g.r.c.t.s.i.TaskManagementServiceImpl - 任务执行完成: taskId=e85196c1-59b4-4bc7-834e-5a71ec6ceb00, status=SUCCEEDED
2026-10-06 09:09:48.092 [pool-2-thread-1] [] INFO  c.c.g.r.c.t.s.TaskSchedulerServiceImpl - 定时任务已提交执行 taskId=e85196c1-59b4-4bc7-834e-5a71ec6ceb00 taskType=AUTO_COLLECT_SCAN scheduleId=5ec0f85a-1af7-4064-9ba5-713b4847ec50
2026-10-06 09:10:48.076 [pool-2-thread-1] [] INFO  c.c.g.r.c.t.s.i.TaskManagementServiceImpl - 任务已提交: taskId=e85196c1-59b4-4bc7-834e-5a71ec6ceb00, taskName=auto-collect-scan
2026-10-06 09:10:48.079 [pool-2-thread-1] [] INFO  c.c.g.r.c.t.s.i.TaskManagementServiceImpl - 任务已解析: taskId=e85196c1-59b4-4bc7-834e-5a71ec6ceb00
2026-10-06 09:10:48.081 [pool-2-thread-1] [] WARN  c.c.g.e.d.m.AutoCollectScheduler - AutoCollectScheduler 扫描失败: null
2026-10-06 09:10:48.083 [pool-2-thread-1] [] INFO  c.c.g.r.c.t.s.i.TaskManagementServiceImpl - 任务执行完成: taskId=e85196c1-59b4-4bc7-834e-5a71ec6ceb00, status=SUCCEEDED
2026-10-06 09:10:48.086 [pool-2-thread-1] [] INFO  c.c.g.r.c.t.s.TaskSchedulerServiceImpl - 定时任务已提交执行 taskId=e85196c1-59b4-4bc7-834e-5a71ec6ceb00 taskType=AUTO_COLLECT_SCAN scheduleId=5ec0f85a-1af7-4064-9ba5-713b4847ec50
2026-10-06 09:11:48.087 [pool-2-thread-1] [] INFO  c.c.g.r.c.t.s.i.TaskManagementServiceImpl - 任务已提交: taskId=e85196c1-59b4-4bc7-834e-5a71ec6ceb00, taskName=auto-collect-scan
2026-10-06 09:11:48.089 [pool-2-thread-1] [] INFO  c.c.g.r.c.t.s.i.TaskManagementServiceImpl - 任务已解析: taskId=e85196c1-59b4-4bc7-834e-5a71ec6ceb00
2026-10-06 09:11:48.090 [pool-2-thread-1] [] WARN  c.c.g.e.d.m.AutoCollectScheduler - AutoCollectScheduler 扫描失败: null
2026-10-06 09:11:48.091 [pool-2-thread-1] [] INFO  c.c.g.r.c.t.s.i.TaskManagementServiceImpl - 任务执行完成: taskId=e85196c1-59b4-4bc7-834e-5a71ec6ceb00, status=SUCCEEDED
2026-10-06 09:11:48.092 [pool-2-thread-1] [] INFO  c.c.g.r.c.t.s.TaskSchedulerServiceImpl - 定时任务已提交执行 taskId=e85196c1-59b4-4bc7-834e-5a71ec6ceb00 taskType=AUTO_COLLECT_SCAN scheduleId=5ec0f85a-1af7-4064-9ba5-713b4847ec50
2026-10-06 09:12:48.076 [pool-2-thread-1] [] INFO  c.c.g.r.c.t.s.i.TaskManagementServiceImpl - 任务已提交: taskId=e85196c1-59b4-4bc7-834e-5a71ec6ceb00, taskName=auto-collect-scan
2026-10-06 09:12:48.079 [pool-2-thread-1] [] INFO  c.c.g.r.c.t.s.i.TaskManagementServiceImpl - 任务已解析: taskId=e85196c1-59b4-4bc7-834e-5a71ec6ceb00
2026-10-06 09:12:48.081 [pool-2-thread-1] [] WARN  c.c.g.e.d.m.AutoCollectScheduler - AutoCollectScheduler 扫描失败: null
2026-10-06 09:12:48.083 [pool-2-thread-1] [] INFO  c.c.g.r.c.t.s.i.TaskManagementServiceImpl - 任务执行完成: taskId=e85196c1-59b4-4bc7-834e-5a71ec6ceb00, status=SUCCEEDED
2026-10-06 09:12:48.085 [pool-2-thread-1] [] INFO  c.c.g.r.c.t.s.TaskSchedulerServiceImpl - 定时任务已提交执行 taskId=e85196c1-59b4-4bc7-834e-5a71ec6ceb00 taskType=AUTO_COLLECT_SCAN scheduleId=5ec0f85a-1af7-4064-9ba5-713b4847ec50
2026-10-06 09:13:48.085 [pool-2-thread-1] [] INFO  c.c.g.r.c.t.s.i.TaskManagementServiceImpl - 任务已提交: taskId=e85196c1-59b4-4bc7-834e-5a71ec6ceb00, taskName=auto-collect-scan
2026-10-06 09:13:48.095 [pool-2-thread-1] [] INFO  c.c.g.r.c.t.s.i.TaskManagementServiceImpl - 任务已解析: taskId=e85196c1-59b4-4bc7-834e-5a71ec6ceb00
2026-10-06 09:13:48.107 [pool-2-thread-1] [] WARN  c.c.g.e.d.m.AutoCollectScheduler - AutoCollectScheduler 扫描失败: null
2026-10-06 09:13:48.116 [pool-2-thread-1] [] INFO  c.c.g.r.c.t.s.i.TaskManagementServiceImpl - 任务执行完成: taskId=e85196c1-59b4-4bc7-834e-5a71ec6ceb00, status=SUCCEEDED
2026-10-06 09:13:48.122 [pool-2-thread-1] [] INFO  c.c.g.r.c.t.s.TaskSchedulerServiceImpl - 定时任务已提交执行 taskId=e85196c1-59b4-4bc7-834e-5a71ec6ceb00 taskType=AUTO_COLLECT_SCAN scheduleId=5ec0f85a-1af7-4064-9ba5-713b4847ec50
2026-10-06 09:14:48.080 [pool-2-thread-1] [] INFO  c.c.g.r.c.t.s.i.TaskManagementServiceImpl - 任务已提交: taskId=e85196c1-59b4-4bc7-834e-5a71ec6ceb00, taskName=auto-collect-scan
2026-10-06 09:14:48.082 [pool-2-thread-1] [] INFO  c.c.g.r.c.t.s.i.TaskManagementServiceImpl - 任务已解析: taskId=e85196c1-59b4-4bc7-834e-5a71ec6ceb00
2026-10-06 09:14:48.083 [pool-2-thread-1] [] WARN  c.c.g.e.d.m.AutoCollectScheduler - AutoCollectScheduler 扫描失败: null
2026-10-06 09:14:48.084 [pool-2-thread-1] [] INFO  c.c.g.r.c.t.s.i.TaskManagementServiceImpl - 任务执行完成: taskId=e85196c1-59b4-4bc7-834e-5a71ec6ceb00, status=SUCCEEDED
2026-10-06 09:14:48.085 [pool-2-thread-1] [] INFO  c.c.g.r.c.t.s.TaskSchedulerServiceImpl - 定时任务已提交执行 taskId=e85196c1-59b4-4bc7-834e-5a71ec6ceb00 taskType=AUTO_COLLECT_SCAN scheduleId=5ec0f85a-1af7-4064-9ba5-713b4847ec50
2026-10-06 09:15:48.080 [pool-2-thread-1] [] INFO  c.c.g.r.c.t.s.i.TaskManagementServiceImpl - 任务已提交: taskId=e85196c1-59b4-4bc7-834e-5a71ec6ceb00, taskName=auto-collect-scan
2026-10-06 09:15:48.082 [pool-2-thread-1] [] INFO  c.c.g.r.c.t.s.i.TaskManagementServiceImpl - 任务已解析: taskId=e85196c1-59b4-4bc7-834e-5a71ec6ceb00
2026-10-06 09:15:48.083 [pool-2-thread-1] [] WARN  c.c.g.e.d.m.AutoCollectScheduler - AutoCollectScheduler 扫描失败: null
2026-10-06 09:15:48.084 [pool-2-thread-1] [] INFO  c.c.g.r.c.t.s.i.TaskManagementServiceImpl - 任务执行完成: taskId=e85196c1-59b4-4bc7-834e-5a71ec6ceb00, status=SUCCEEDED
2026-10-06 09:15:48.085 [pool-2-thread-1] [] INFO  c.c.g.r.c.t.s.TaskSchedulerServiceImpl - 定时任务已提交执行 taskId=e85196c1-59b4-4bc7-834e-5a71ec6ceb00 taskType=AUTO_COLLECT_SCAN scheduleId=5ec0f85a-1af7-4064-9ba5-713b4847ec50
2026-10-06 09:16:48.079 [pool-2-thread-1] [] INFO  c.c.g.r.c.t.s.i.TaskManagementServiceImpl - 任务已提交: taskId=e85196c1-59b4-4bc7-834e-5a71ec6ceb00, taskName=auto-collect-scan
2026-10-06 09:16:48.081 [pool-2-thread-1] [] INFO  c.c.g.r.c.t.s.i.TaskManagementServiceImpl - 任务已解析: taskId=e85196c1-59b4-4bc7-834e-5a71ec6ceb00
2026-10-06 09:16:48.082 [pool-2-thread-1] [] WARN  c.c.g.e.d.m.AutoCollectScheduler - AutoCollectScheduler 扫描失败: null
2026-10-06 09:16:48.083 [pool-2-thread-1] [] INFO  c.c.g.r.c.t.s.i.TaskManagementServiceImpl - 任务执行完成: taskId=e85196c1-59b4-4bc7-834e-5a71ec6ceb00, status=SUCCEEDED
2026-10-06 09:16:48.084 [pool-2-thread-1] [] INFO  c.c.g.r.c.t.s.TaskSchedulerServiceImpl - 定时任务已提交执行 taskId=e85196c1-59b4-4bc7-834e-5a71ec6ceb00 taskType=AUTO_COLLECT_SCAN scheduleId=5ec0f85a-1af7-4064-9ba5-713b4847ec50
2026-10-06 09:17:48.085 [pool-2-thread-1] [] INFO  c.c.g.r.c.t.s.i.TaskManagementServiceImpl - 任务已提交: taskId=e85196c1-59b4-4bc7-834e-5a71ec6ceb00, taskName=auto-collect-scan
2026-10-06 09:17:48.086 [pool-2-thread-1] [] INFO  c.c.g.r.c.t.s.i.TaskManagementServiceImpl - 任务已解析: taskId=e85196c1-59b4-4bc7-834e-5a71ec6ceb00
2026-10-06 09:17:48.088 [pool-2-thread-1] [] WARN  c.c.g.e.d.m.AutoCollectScheduler - AutoCollectScheduler 扫描失败: null
2026-10-06 09:17:48.089 [pool-2-thread-1] [] INFO  c.c.g.r.c.t.s.i.TaskManagementServiceImpl - 任务执行完成: taskId=e85196c1-59b4-4bc7-834e-5a71ec6ceb00, status=SUCCEEDED
2026-10-06 09:17:48.090 [pool-2-thread-1] [] INFO  c.c.g.r.c.t.s.TaskSchedulerServiceImpl - 定时任务已提交执行 taskId=e85196c1-59b4-4bc7-834e-5a71ec6ceb00 taskType=AUTO_COLLECT_SCAN scheduleId=5ec0f85a-1af7-4064-9ba5-713b4847ec50
2026-10-06 09:18:48.089 [pool-2-thread-1] [] INFO  c.c.g.r.c.t.s.i.TaskManagementServiceImpl - 任务已提交: taskId=e85196c1-59b4-4bc7-834e-5a71ec6ceb00, taskName=auto-collect-scan
2026-10-06 09:18:48.090 [pool-2-thread-1] [] INFO  c.c.g.r.c.t.s.i.TaskManagementServiceImpl - 任务已解析: taskId=e85196c1-59b4-4bc7-834e-5a71ec6ceb00
2026-10-06 09:18:48.091 [pool-2-thread-1] [] WARN  c.c.g.e.d.m.AutoCollectScheduler - AutoCollectScheduler 扫描失败: null
2026-10-06 09:18:48.092 [pool-2-thread-1] [] INFO  c.c.g.r.c.t.s.i.TaskManagementServiceImpl - 任务执行完成: taskId=e85196c1-59b4-4bc7-834e-5a71ec6ceb00, status=SUCCEEDED
2026-10-06 09:18:48.093 [pool-2-thread-1] [] INFO  c.c.g.r.c.t.s.TaskSchedulerServiceImpl - 定时任务已提交执行 taskId=e85196c1-59b4-4bc7-834e-5a71ec6ceb00 taskType=AUTO_COLLECT_SCAN scheduleId=5ec0f85a-1af7-4064-9ba5-713b4847ec50
2026-10-06 09:19:48.079 [pool-2-thread-1] [] INFO  c.c.g.r.c.t.s.i.TaskManagementServiceImpl - 任务已提交: taskId=e85196c1-59b4-4bc7-834e-5a71ec6ceb00, taskName=auto-collect-scan
2026-10-06 09:19:48.080 [pool-2-thread-1] [] INFO  c.c.g.r.c.t.s.i.TaskManagementServiceImpl - 任务已解析: taskId=e85196c1-59b4-4bc7-834e-5a71ec6ceb00
2026-10-06 09:19:48.081 [pool-2-thread-1] [] WARN  c.c.g.e.d.m.AutoCollectScheduler - AutoCollectScheduler 扫描失败: null
2026-10-06 09:19:48.083 [pool-2-thread-1] [] INFO  c.c.g.r.c.t.s.i.TaskManagementServiceImpl - 任务执行完成: taskId=e85196c1-59b4-4bc7-834e-5a71ec6ceb00, status=SUCCEEDED
2026-10-06 09:19:48.085 [pool-2-thread-1] [] INFO  c.c.g.r.c.t.s.TaskSchedulerServiceImpl - 定时任务已提交执行 taskId=e85196c1-59b4-4bc7-834e-5a71ec6ceb00 taskType=AUTO_COLLECT_SCAN scheduleId=5ec0f85a-1af7-4064-9ba5-713b4847ec50
2026-10-06 09:20:48.082 [pool-2-thread-1] [] INFO  c.c.g.r.c.t.s.i.TaskManagementServiceImpl - 任务已提交: taskId=e85196c1-59b4-4bc7-834e-5a71ec6ceb00, taskName=auto-collect-scan
2026-10-06 09:20:48.084 [pool-2-thread-1] [] INFO  c.c.g.r.c.t.s.i.TaskManagementServiceImpl - 任务已解析: taskId=e85196c1-59b4-4bc7-834e-5a71ec6ceb00
2026-10-06 09:20:48.088 [pool-2-thread-1] [] WARN  c.c.g.e.d.m.AutoCollectScheduler - AutoCollectScheduler 扫描失败: null
2026-10-06 09:20:48.090 [pool-2-thread-1] [] INFO  c.c.g.r.c.t.s.i.TaskManagementServiceImpl - 任务执行完成: taskId=e85196c1-59b4-4bc7-834e-5a71ec6ceb00, status=SUCCEEDED
2026-10-06 09:20:48.092 [pool-2-thread-1] [] INFO  c.c.g.r.c.t.s.TaskSchedulerServiceImpl - 定时任务已提交执行 taskId=e85196c1-59b4-4bc7-834e-5a71ec6ceb00 taskType=AUTO_COLLECT_SCAN scheduleId=5ec0f85a-1af7-4064-9ba5-713b4847ec50
2026-10-06 09:21:48.086 [pool-2-thread-1] [] INFO  c.c.g.r.c.t.s.i.TaskManagementServiceImpl - 任务已提交: taskId=e85196c1-59b4-4bc7-834e-5a71ec6ceb00, taskName=auto-collect-scan
2026-10-06 09:21:48.088 [pool-2-thread-1] [] INFO  c.c.g.r.c.t.s.i.TaskManagementServiceImpl - 任务已解析: taskId=e85196c1-59b4-4bc7-834e-5a71ec6ceb00
2026-10-06 09:21:48.091 [pool-2-thread-1] [] WARN  c.c.g.e.d.m.AutoCollectScheduler - AutoCollectScheduler 扫描失败: null
2026-10-06 09:21:48.093 [pool-2-thread-1] [] INFO  c.c.g.r.c.t.s.i.TaskManagementServiceImpl - 任务执行完成: taskId=e85196c1-59b4-4bc7-834e-5a71ec6ceb00, status=SUCCEEDED
2026-10-06 09:21:48.094 [pool-2-thread-1] [] INFO  c.c.g.r.c.t.s.TaskSchedulerServiceImpl - 定时任务已提交执行 taskId=e85196c1-59b4-4bc7-834e-5a71ec6ceb00 taskType=AUTO_COLLECT_SCAN scheduleId=5ec0f85a-1af7-4064-9ba5-713b4847ec50
2026-10-06 09:22:48.083 [pool-2-thread-1] [] INFO  c.c.g.r.c.t.s.i.TaskManagementServiceImpl - 任务已提交: taskId=e85196c1-59b4-4bc7-834e-5a71ec6ceb00, taskName=auto-collect-scan
2026-10-06 09:22:48.085 [pool-2-thread-1] [] INFO  c.c.g.r.c.t.s.i.TaskManagementServiceImpl - 任务已解析: taskId=e85196c1-59b4-4bc7-834e-5a71ec6ceb00
2026-10-06 09:22:48.087 [pool-2-thread-1] [] WARN  c.c.g.e.d.m.AutoCollectScheduler - AutoCollectScheduler 扫描失败: null
2026-10-06 09:22:48.089 [pool-2-thread-1] [] INFO  c.c.g.r.c.t.s.i.TaskManagementServiceImpl - 任务执行完成: taskId=e85196c1-59b4-4bc7-834e-5a71ec6ceb00, status=SUCCEEDED
2026-10-06 09:22:48.090 [pool-2-thread-1] [] INFO  c.c.g.r.c.t.s.TaskSchedulerServiceImpl - 定时任务已提交执行 taskId=e85196c1-59b4-4bc7-834e-5a71ec6ceb00 taskType=AUTO_COLLECT_SCAN scheduleId=5ec0f85a-1af7-4064-9ba5-713b4847ec50
2026-10-06 09:23:48.082 [pool-2-thread-1] [] INFO  c.c.g.r.c.t.s.i.TaskManagementServiceImpl - 任务已提交: taskId=e85196c1-59b4-4bc7-834e-5a71ec6ceb00, taskName=auto-collect-scan
2026-10-06 09:23:48.085 [pool-2-thread-1] [] INFO  c.c.g.r.c.t.s.i.TaskManagementServiceImpl - 任务已解析: taskId=e85196c1-59b4-4bc7-834e-5a71ec6ceb00
2026-10-06 09:23:48.086 [pool-2-thread-1] [] WARN  c.c.g.e.d.m.AutoCollectScheduler - AutoCollectScheduler 扫描失败: null
2026-10-06 09:23:48.088 [pool-2-thread-1] [] INFO  c.c.g.r.c.t.s.i.TaskManagementServiceImpl - 任务执行完成: taskId=e85196c1-59b4-4bc7-834e-5a71ec6ceb00, status=SUCCEEDED
2026-10-06 09:23:48.089 [pool-2-thread-1] [] INFO  c.c.g.r.c.t.s.TaskSchedulerServiceImpl - 定时任务已提交执行 taskId=e85196c1-59b4-4bc7-834e-5a71ec6ceb00 taskType=AUTO_COLLECT_SCAN scheduleId=5ec0f85a-1af7-4064-9ba5-713b4847ec50
2026-10-06 09:24:48.087 [pool-2-thread-1] [] INFO  c.c.g.r.c.t.s.i.TaskManagementServiceImpl - 任务已提交: taskId=e85196c1-59b4-4bc7-834e-5a71ec6ceb00, taskName=auto-collect-scan
2026-10-06 09:24:48.089 [pool-2-thread-1] [] INFO  c.c.g.r.c.t.s.i.TaskManagementServiceImpl - 任务已解析: taskId=e85196c1-59b4-4bc7-834e-5a71ec6ceb00
2026-10-06 09:24:48.091 [pool-2-thread-1] [] WARN  c.c.g.e.d.m.AutoCollectScheduler - AutoCollectScheduler 扫描失败: null
2026-10-06 09:24:48.092 [pool-2-thread-1] [] INFO  c.c.g.r.c.t.s.i.TaskManagementServiceImpl - 任务执行完成: taskId=e85196c1-59b4-4bc7-834e-5a71ec6ceb00, status=SUCCEEDED
2026-10-06 09:24:48.093 [pool-2-thread-1] [] INFO  c.c.g.r.c.t.s.TaskSchedulerServiceImpl - 定时任务已提交执行 taskId=e85196c1-59b4-4bc7-834e-5a71ec6ceb00 taskType=AUTO_COLLECT_SCAN scheduleId=5ec0f85a-1af7-4064-9ba5-713b4847ec50
2026-10-06 09:25:48.076 [pool-2-thread-1] [] INFO  c.c.g.r.c.t.s.i.TaskManagementServiceImpl - 任务已提交: taskId=e85196c1-59b4-4bc7-834e-5a71ec6ceb00, taskName=auto-collect-scan
2026-10-06 09:25:48.078 [pool-2-thread-1] [] INFO  c.c.g.r.c.t.s.i.TaskManagementServiceImpl - 任务已解析: taskId=e85196c1-59b4-4bc7-834e-5a71ec6ceb00
2026-10-06 09:25:48.079 [pool-2-thread-1] [] WARN  c.c.g.e.d.m.AutoCollectScheduler - AutoCollectScheduler 扫描失败: null
2026-10-06 09:25:48.080 [pool-2-thread-1] [] INFO  c.c.g.r.c.t.s.i.TaskManagementServiceImpl - 任务执行完成: taskId=e85196c1-59b4-4bc7-834e-5a71ec6ceb00, status=SUCCEEDED
2026-10-06 09:25:48.081 [pool-2-thread-1] [] INFO  c.c.g.r.c.t.s.TaskSchedulerServiceImpl - 定时任务已提交执行 taskId=e85196c1-59b4-4bc7-834e-5a71ec6ceb00 taskType=AUTO_COLLECT_SCAN scheduleId=5ec0f85a-1af7-4064-9ba5-713b4847ec50
2026-10-06 09:26:48.082 [pool-2-thread-1] [] INFO  c.c.g.r.c.t.s.i.TaskManagementServiceImpl - 任务已提交: taskId=e85196c1-59b4-4bc7-834e-5a71ec6ceb00, taskName=auto-collect-scan
2026-10-06 09:26:48.083 [pool-2-thread-1] [] INFO  c.c.g.r.c.t.s.i.TaskManagementServiceImpl - 任务已解析: taskId=e85196c1-59b4-4bc7-834e-5a71ec6ceb00
2026-10-06 09:26:48.085 [pool-2-thread-1] [] WARN  c.c.g.e.d.m.AutoCollectScheduler - AutoCollectScheduler 扫描失败: null
2026-10-06 09:26:48.086 [pool-2-thread-1] [] INFO  c.c.g.r.c.t.s.i.TaskManagementServiceImpl - 任务执行完成: taskId=e85196c1-59b4-4bc7-834e-5a71ec6ceb00, status=SUCCEEDED
2026-10-06 09:26:48.086 [pool-2-thread-1] [] INFO  c.c.g.r.c.t.s.TaskSchedulerServiceImpl - 定时任务已提交执行 taskId=e85196c1-59b4-4bc7-834e-5a71ec6ceb00 taskType=AUTO_COLLECT_SCAN scheduleId=5ec0f85a-1af7-4064-9ba5-713b4847ec50
2026-10-06 09:27:48.079 [pool-2-thread-1] [] INFO  c.c.g.r.c.t.s.i.TaskManagementServiceImpl - 任务已提交: taskId=e85196c1-59b4-4bc7-834e-5a71ec6ceb00, taskName=auto-collect-scan
2026-10-06 09:27:48.081 [pool-2-thread-1] [] INFO  c.c.g.r.c.t.s.i.TaskManagementServiceImpl - 任务已解析: taskId=e85196c1-59b4-4bc7-834e-5a71ec6ceb00
2026-10-06 09:27:48.083 [pool-2-thread-1] [] WARN  c.c.g.e.d.m.AutoCollectScheduler - AutoCollectScheduler 扫描失败: null
2026-10-06 09:27:48.085 [pool-2-thread-1] [] INFO  c.c.g.r.c.t.s.i.TaskManagementServiceImpl - 任务执行完成: taskId=e85196c1-59b4-4bc7-834e-5a71ec6ceb00, status=SUCCEEDED
2026-10-06 09:27:48.087 [pool-2-thread-1] [] INFO  c.c.g.r.c.t.s.TaskSchedulerServiceImpl - 定时任务已提交执行 taskId=e85196c1-59b4-4bc7-834e-5a71ec6ceb00 taskType=AUTO_COLLECT_SCAN scheduleId=5ec0f85a-1af7-4064-9ba5-713b4847ec50
2026-10-06 09:28:48.077 [pool-2-thread-1] [] INFO  c.c.g.r.c.t.s.i.TaskManagementServiceImpl - 任务已提交: taskId=e85196c1-59b4-4bc7-834e-5a71ec6ceb00, taskName=auto-collect-scan
2026-10-06 09:28:48.079 [pool-2-thread-1] [] INFO  c.c.g.r.c.t.s.i.TaskManagementServiceImpl - 任务已解析: taskId=e85196c1-59b4-4bc7-834e-5a71ec6ceb00
2026-10-06 09:28:48.081 [pool-2-thread-1] [] WARN  c.c.g.e.d.m.AutoCollectScheduler - AutoCollectScheduler 扫描失败: null
2026-10-06 09:28:48.082 [pool-2-thread-1] [] INFO  c.c.g.r.c.t.s.i.TaskManagementServiceImpl - 任务执行完成: taskId=e85196c1-59b4-4bc7-834e-5a71ec6ceb00, status=SUCCEEDED
2026-10-06 09:28:48.083 [pool-2-thread-1] [] INFO  c.c.g.r.c.t.s.TaskSchedulerServiceImpl - 定时任务已提交执行 taskId=e85196c1-59b4-4bc7-834e-5a71ec6ceb00 taskType=AUTO_COLLECT_SCAN scheduleId=5ec0f85a-1af7-4064-9ba5-713b4847ec50
2026-10-06 09:29:48.085 [pool-2-thread-1] [] INFO  c.c.g.r.c.t.s.i.TaskManagementServiceImpl - 任务已提交: taskId=e85196c1-59b4-4bc7-834e-5a71ec6ceb00, taskName=auto-collect-scan
2026-10-06 09:29:48.087 [pool-2-thread-1] [] INFO  c.c.g.r.c.t.s.i.TaskManagementServiceImpl - 任务已解析: taskId=e85196c1-59b4-4bc7-834e-5a71ec6ceb00
2026-10-06 09:29:48.089 [pool-2-thread-1] [] WARN  c.c.g.e.d.m.AutoCollectScheduler - AutoCollectScheduler 扫描失败: null
2026-10-06 09:29:48.090 [pool-2-thread-1] [] INFO  c.c.g.r.c.t.s.i.TaskManagementServiceImpl - 任务执行完成: taskId=e85196c1-59b4-4bc7-834e-5a71ec6ceb00, status=SUCCEEDED
2026-10-06 09:29:48.091 [pool-2-thread-1] [] INFO  c.c.g.r.c.t.s.TaskSchedulerServiceImpl - 定时任务已提交执行 taskId=e85196c1-59b4-4bc7-834e-5a71ec6ceb00 taskType=AUTO_COLLECT_SCAN scheduleId=5ec0f85a-1af7-4064-9ba5-713b4847ec50
2026-10-06 09:30:48.087 [pool-2-thread-1] [] INFO  c.c.g.r.c.t.s.i.TaskManagementServiceImpl - 任务已提交: taskId=e85196c1-59b4-4bc7-834e-5a71ec6ceb00, taskName=auto-collect-scan
2026-10-06 09:30:48.098 [pool-2-thread-1] [] INFO  c.c.g.r.c.t.s.i.TaskManagementServiceImpl - 任务已解析: taskId=e85196c1-59b4-4bc7-834e-5a71ec6ceb00
2026-10-06 09:30:48.099 [pool-2-thread-1] [] WARN  c.c.g.e.d.m.AutoCollectScheduler - AutoCollectScheduler 扫描失败: null
2026-10-06 09:30:48.100 [pool-2-thread-1] [] INFO  c.c.g.r.c.t.s.i.TaskManagementServiceImpl - 任务执行完成: taskId=e85196c1-59b4-4bc7-834e-5a71ec6ceb00, status=SUCCEEDED
2026-10-06 09:30:48.101 [pool-2-thread-1] [] INFO  c.c.g.r.c.t.s.TaskSchedulerServiceImpl - 定时任务已提交执行 taskId=e85196c1-59b4-4bc7-834e-5a71ec6ceb00 taskType=AUTO_COLLECT_SCAN scheduleId=5ec0f85a-1af7-4064-9ba5-713b4847ec50
2026-10-06 09:31:48.077 [pool-2-thread-1] [] INFO  c.c.g.r.c.t.s.i.TaskManagementServiceImpl - 任务已提交: taskId=e85196c1-59b4-4bc7-834e-5a71ec6ceb00, taskName=auto-collect-scan
2026-10-06 09:31:48.087 [pool-2-thread-1] [] INFO  c.c.g.r.c.t.s.i.TaskManagementServiceImpl - 任务已解析: taskId=e85196c1-59b4-4bc7-834e-5a71ec6ceb00
2026-10-06 09:31:48.088 [pool-2-thread-1] [] WARN  c.c.g.e.d.m.AutoCollectScheduler - AutoCollectScheduler 扫描失败: null
2026-10-06 09:31:48.089 [pool-2-thread-1] [] INFO  c.c.g.r.c.t.s.i.TaskManagementServiceImpl - 任务执行完成: taskId=e85196c1-59b4-4bc7-834e-5a71ec6ceb00, status=SUCCEEDED
2026-10-06 09:31:48.090 [pool-2-thread-1] [] INFO  c.c.g.r.c.t.s.TaskSchedulerServiceImpl - 定时任务已提交执行 taskId=e85196c1-59b4-4bc7-834e-5a71ec6ceb00 taskType=AUTO_COLLECT_SCAN scheduleId=5ec0f85a-1af7-4064-9ba5-713b4847ec50
2026-10-06 09:32:48.080 [pool-2-thread-1] [] INFO  c.c.g.r.c.t.s.i.TaskManagementServiceImpl - 任务已提交: taskId=e85196c1-59b4-4bc7-834e-5a71ec6ceb00, taskName=auto-collect-scan
2026-10-06 09:32:48.090 [pool-2-thread-1] [] INFO  c.c.g.r.c.t.s.i.TaskManagementServiceImpl - 任务已解析: taskId=e85196c1-59b4-4bc7-834e-5a71ec6ceb00
2026-10-06 09:32:48.091 [pool-2-thread-1] [] WARN  c.c.g.e.d.m.AutoCollectScheduler - AutoCollectScheduler 扫描失败: null
2026-10-06 09:32:48.092 [pool-2-thread-1] [] INFO  c.c.g.r.c.t.s.i.TaskManagementServiceImpl - 任务执行完成: taskId=e85196c1-59b4-4bc7-834e-5a71ec6ceb00, status=SUCCEEDED
2026-10-06 09:32:48.093 [pool-2-thread-1] [] INFO  c.c.g.r.c.t.s.TaskSchedulerServiceImpl - 定时任务已提交执行 taskId=e85196c1-59b4-4bc7-834e-5a71ec6ceb00 taskType=AUTO_COLLECT_SCAN scheduleId=5ec0f85a-1af7-4064-9ba5-713b4847ec50
2026-10-06 09:33:48.082 [pool-2-thread-1] [] INFO  c.c.g.r.c.t.s.i.TaskManagementServiceImpl - 任务已提交: taskId=e85196c1-59b4-4bc7-834e-5a71ec6ceb00, taskName=auto-collect-scan
2026-10-06 09:33:48.084 [pool-2-thread-1] [] INFO  c.c.g.r.c.t.s.i.TaskManagementServiceImpl - 任务已解析: taskId=e85196c1-59b4-4bc7-834e-5a71ec6ceb00
2026-10-06 09:33:48.086 [pool-2-thread-1] [] WARN  c.c.g.e.d.m.AutoCollectScheduler - AutoCollectScheduler 扫描失败: null
2026-10-06 09:33:48.087 [pool-2-thread-1] [] INFO  c.c.g.r.c.t.s.i.TaskManagementServiceImpl - 任务执行完成: taskId=e85196c1-59b4-4bc7-834e-5a71ec6ceb00, status=SUCCEEDED
2026-10-06 09:33:48.088 [pool-2-thread-1] [] INFO  c.c.g.r.c.t.s.TaskSchedulerServiceImpl - 定时任务已提交执行 taskId=e85196c1-59b4-4bc7-834e-5a71ec6ceb00 taskType=AUTO_COLLECT_SCAN scheduleId=5ec0f85a-1af7-4064-9ba5-713b4847ec50
2026-10-06 09:34:48.074 [pool-2-thread-1] [] INFO  c.c.g.r.c.t.s.i.TaskManagementServiceImpl - 任务已提交: taskId=e85196c1-59b4-4bc7-834e-5a71ec6ceb00, taskName=auto-collect-scan
2026-10-06 09:34:48.084 [pool-2-thread-1] [] INFO  c.c.g.r.c.t.s.i.TaskManagementServiceImpl - 任务已解析: taskId=e85196c1-59b4-4bc7-834e-5a71ec6ceb00
2026-10-06 09:34:48.086 [pool-2-thread-1] [] WARN  c.c.g.e.d.m.AutoCollectScheduler - AutoCollectScheduler 扫描失败: null
2026-10-06 09:34:48.086 [pool-2-thread-1] [] INFO  c.c.g.r.c.t.s.i.TaskManagementServiceImpl - 任务执行完成: taskId=e85196c1-59b4-4bc7-834e-5a71ec6ceb00, status=SUCCEEDED
2026-10-06 09:34:48.087 [pool-2-thread-1] [] INFO  c.c.g.r.c.t.s.TaskSchedulerServiceImpl - 定时任务已提交执行 taskId=e85196c1-59b4-4bc7-834e-5a71ec6ceb00 taskType=AUTO_COLLECT_SCAN scheduleId=5ec0f85a-1af7-4064-9ba5-713b4847ec50
2026-10-06 09:35:48.081 [pool-2-thread-1] [] INFO  c.c.g.r.c.t.s.i.TaskManagementServiceImpl - 任务已提交: taskId=e85196c1-59b4-4bc7-834e-5a71ec6ceb00, taskName=auto-collect-scan
2026-10-06 09:35:48.093 [pool-2-thread-1] [] INFO  c.c.g.r.c.t.s.i.TaskManagementServiceImpl - 任务已解析: taskId=e85196c1-59b4-4bc7-834e-5a71ec6ceb00
2026-10-06 09:35:48.095 [pool-2-thread-1] [] WARN  c.c.g.e.d.m.AutoCollectScheduler - AutoCollectScheduler 扫描失败: null
2026-10-06 09:35:48.096 [pool-2-thread-1] [] INFO  c.c.g.r.c.t.s.i.TaskManagementServiceImpl - 任务执行完成: taskId=e85196c1-59b4-4bc7-834e-5a71ec6ceb00, status=SUCCEEDED
2026-10-06 09:35:48.098 [pool-2-thread-1] [] INFO  c.c.g.r.c.t.s.TaskSchedulerServiceImpl - 定时任务已提交执行 taskId=e85196c1-59b4-4bc7-834e-5a71ec6ceb00 taskType=AUTO_COLLECT_SCAN scheduleId=5ec0f85a-1af7-4064-9ba5-713b4847ec50
2026-10-06 09:36:48.084 [pool-2-thread-1] [] INFO  c.c.g.r.c.t.s.i.TaskManagementServiceImpl - 任务已提交: taskId=e85196c1-59b4-4bc7-834e-5a71ec6ceb00, taskName=auto-collect-scan
2026-10-06 09:36:48.086 [pool-2-thread-1] [] INFO  c.c.g.r.c.t.s.i.TaskManagementServiceImpl - 任务已解析: taskId=e85196c1-59b4-4bc7-834e-5a71ec6ceb00
2026-10-06 09:36:48.087 [pool-2-thread-1] [] WARN  c.c.g.e.d.m.AutoCollectScheduler - AutoCollectScheduler 扫描失败: null
2026-10-06 09:36:48.088 [pool-2-thread-1] [] INFO  c.c.g.r.c.t.s.i.TaskManagementServiceImpl - 任务执行完成: taskId=e85196c1-59b4-4bc7-834e-5a71ec6ceb00, status=SUCCEEDED
2026-10-06 09:36:48.089 [pool-2-thread-1] [] INFO  c.c.g.r.c.t.s.TaskSchedulerServiceImpl - 定时任务已提交执行 taskId=e85196c1-59b4-4bc7-834e-5a71ec6ceb00 taskType=AUTO_COLLECT_SCAN scheduleId=5ec0f85a-1af7-4064-9ba5-713b4847ec50
2026-10-06 09:37:48.075 [pool-2-thread-1] [] INFO  c.c.g.r.c.t.s.i.TaskManagementServiceImpl - 任务已提交: taskId=e85196c1-59b4-4bc7-834e-5a71ec6ceb00, taskName=auto-collect-scan
2026-10-06 09:37:48.076 [pool-2-thread-1] [] INFO  c.c.g.r.c.t.s.i.TaskManagementServiceImpl - 任务已解析: taskId=e85196c1-59b4-4bc7-834e-5a71ec6ceb00
2026-10-06 09:37:48.077 [pool-2-thread-1] [] WARN  c.c.g.e.d.m.AutoCollectScheduler - AutoCollectScheduler 扫描失败: null
2026-10-06 09:37:48.079 [pool-2-thread-1] [] INFO  c.c.g.r.c.t.s.i.TaskManagementServiceImpl - 任务执行完成: taskId=e85196c1-59b4-4bc7-834e-5a71ec6ceb00, status=SUCCEEDED
2026-10-06 09:37:48.080 [pool-2-thread-1] [] INFO  c.c.g.r.c.t.s.TaskSchedulerServiceImpl - 定时任务已提交执行 taskId=e85196c1-59b4-4bc7-834e-5a71ec6ceb00 taskType=AUTO_COLLECT_SCAN scheduleId=5ec0f85a-1af7-4064-9ba5-713b4847ec50
2026-10-06 09:38:48.077 [pool-2-thread-1] [] INFO  c.c.g.r.c.t.s.i.TaskManagementServiceImpl - 任务已提交: taskId=e85196c1-59b4-4bc7-834e-5a71ec6ceb00, taskName=auto-collect-scan
2026-10-06 09:38:48.088 [pool-2-thread-1] [] INFO  c.c.g.r.c.t.s.i.TaskManagementServiceImpl - 任务已解析: taskId=e85196c1-59b4-4bc7-834e-5a71ec6ceb00
2026-10-06 09:38:48.089 [pool-2-thread-1] [] WARN  c.c.g.e.d.m.AutoCollectScheduler - AutoCollectScheduler 扫描失败: null
2026-10-06 09:38:48.090 [pool-2-thread-1] [] INFO  c.c.g.r.c.t.s.i.TaskManagementServiceImpl - 任务执行完成: taskId=e85196c1-59b4-4bc7-834e-5a71ec6ceb00, status=SUCCEEDED
2026-10-06 09:38:48.091 [pool-2-thread-1] [] INFO  c.c.g.r.c.t.s.TaskSchedulerServiceImpl - 定时任务已提交执行 taskId=e85196c1-59b4-4bc7-834e-5a71ec6ceb00 taskType=AUTO_COLLECT_SCAN scheduleId=5ec0f85a-1af7-4064-9ba5-713b4847ec50
2026-10-06 09:39:48.085 [pool-2-thread-1] [] INFO  c.c.g.r.c.t.s.i.TaskManagementServiceImpl - 任务已提交: taskId=e85196c1-59b4-4bc7-834e-5a71ec6ceb00, taskName=auto-collect-scan
2026-10-06 09:39:48.086 [pool-2-thread-1] [] INFO  c.c.g.r.c.t.s.i.TaskManagementServiceImpl - 任务已解析: taskId=e85196c1-59b4-4bc7-834e-5a71ec6ceb00
2026-10-06 09:39:48.087 [pool-2-thread-1] [] WARN  c.c.g.e.d.m.AutoCollectScheduler - AutoCollectScheduler 扫描失败: null
2026-10-06 09:39:48.089 [pool-2-thread-1] [] INFO  c.c.g.r.c.t.s.i.TaskManagementServiceImpl - 任务执行完成: taskId=e85196c1-59b4-4bc7-834e-5a71ec6ceb00, status=SUCCEEDED
2026-10-06 09:39:48.090 [pool-2-thread-1] [] INFO  c.c.g.r.c.t.s.TaskSchedulerServiceImpl - 定时任务已提交执行 taskId=e85196c1-59b4-4bc7-834e-5a71ec6ceb00 taskType=AUTO_COLLECT_SCAN scheduleId=5ec0f85a-1af7-4064-9ba5-713b4847ec50
2026-10-06 09:40:48.075 [pool-2-thread-1] [] INFO  c.c.g.r.c.t.s.i.TaskManagementServiceImpl - 任务已提交: taskId=e85196c1-59b4-4bc7-834e-5a71ec6ceb00, taskName=auto-collect-scan
2026-10-06 09:40:48.077 [pool-2-thread-1] [] INFO  c.c.g.r.c.t.s.i.TaskManagementServiceImpl - 任务已解析: taskId=e85196c1-59b4-4bc7-834e-5a71ec6ceb00
2026-10-06 09:40:48.079 [pool-2-thread-1] [] WARN  c.c.g.e.d.m.AutoCollectScheduler - AutoCollectScheduler 扫描失败: null
2026-10-06 09:40:48.080 [pool-2-thread-1] [] INFO  c.c.g.r.c.t.s.i.TaskManagementServiceImpl - 任务执行完成: taskId=e85196c1-59b4-4bc7-834e-5a71ec6ceb00, status=SUCCEEDED
2026-10-06 09:40:48.080 [pool-2-thread-1] [] INFO  c.c.g.r.c.t.s.TaskSchedulerServiceImpl - 定时任务已提交执行 taskId=e85196c1-59b4-4bc7-834e-5a71ec6ceb00 taskType=AUTO_COLLECT_SCAN scheduleId=5ec0f85a-1af7-4064-9ba5-713b4847ec50
2026-10-06 09:41:48.081 [pool-2-thread-1] [] INFO  c.c.g.r.c.t.s.i.TaskManagementServiceImpl - 任务已提交: taskId=e85196c1-59b4-4bc7-834e-5a71ec6ceb00, taskName=auto-collect-scan
2026-10-06 09:41:48.092 [pool-2-thread-1] [] INFO  c.c.g.r.c.t.s.i.TaskManagementServiceImpl - 任务已解析: taskId=e85196c1-59b4-4bc7-834e-5a71ec6ceb00
2026-10-06 09:41:48.093 [pool-2-thread-1] [] WARN  c.c.g.e.d.m.AutoCollectScheduler - AutoCollectScheduler 扫描失败: null
2026-10-06 09:41:48.094 [pool-2-thread-1] [] INFO  c.c.g.r.c.t.s.i.TaskManagementServiceImpl - 任务执行完成: taskId=e85196c1-59b4-4bc7-834e-5a71ec6ceb00, status=SUCCEEDED
2026-10-06 09:41:48.095 [pool-2-thread-1] [] INFO  c.c.g.r.c.t.s.TaskSchedulerServiceImpl - 定时任务已提交执行 taskId=e85196c1-59b4-4bc7-834e-5a71ec6ceb00 taskType=AUTO_COLLECT_SCAN scheduleId=5ec0f85a-1af7-4064-9ba5-713b4847ec50
2026-10-06 09:42:48.077 [pool-2-thread-1] [] INFO  c.c.g.r.c.t.s.i.TaskManagementServiceImpl - 任务已提交: taskId=e85196c1-59b4-4bc7-834e-5a71ec6ceb00, taskName=auto-collect-scan
2026-10-06 09:42:48.078 [pool-2-thread-1] [] INFO  c.c.g.r.c.t.s.i.TaskManagementServiceImpl - 任务已解析: taskId=e85196c1-59b4-4bc7-834e-5a71ec6ceb00
2026-10-06 09:42:48.081 [pool-2-thread-1] [] WARN  c.c.g.e.d.m.AutoCollectScheduler - AutoCollectScheduler 扫描失败: null
2026-10-06 09:42:48.082 [pool-2-thread-1] [] INFO  c.c.g.r.c.t.s.i.TaskManagementServiceImpl - 任务执行完成: taskId=e85196c1-59b4-4bc7-834e-5a71ec6ceb00, status=SUCCEEDED
2026-10-06 09:42:48.084 [pool-2-thread-1] [] INFO  c.c.g.r.c.t.s.TaskSchedulerServiceImpl - 定时任务已提交执行 taskId=e85196c1-59b4-4bc7-834e-5a71ec6ceb00 taskType=AUTO_COLLECT_SCAN scheduleId=5ec0f85a-1af7-4064-9ba5-713b4847ec50
2026-10-06 09:43:48.080 [pool-2-thread-1] [] INFO  c.c.g.r.c.t.s.i.TaskManagementServiceImpl - 任务已提交: taskId=e85196c1-59b4-4bc7-834e-5a71ec6ceb00, taskName=auto-collect-scan
2026-10-06 09:43:48.083 [pool-2-thread-1] [] INFO  c.c.g.r.c.t.s.i.TaskManagementServiceImpl - 任务已解析: taskId=e85196c1-59b4-4bc7-834e-5a71ec6ceb00
2026-10-06 09:43:48.084 [pool-2-thread-1] [] WARN  c.c.g.e.d.m.AutoCollectScheduler - AutoCollectScheduler 扫描失败: null
2026-10-06 09:43:48.086 [pool-2-thread-1] [] INFO  c.c.g.r.c.t.s.i.TaskManagementServiceImpl - 任务执行完成: taskId=e85196c1-59b4-4bc7-834e-5a71ec6ceb00, status=SUCCEEDED
2026-10-06 09:43:48.087 [pool-2-thread-1] [] INFO  c.c.g.r.c.t.s.TaskSchedulerServiceImpl - 定时任务已提交执行 taskId=e85196c1-59b4-4bc7-834e-5a71ec6ceb00 taskType=AUTO_COLLECT_SCAN scheduleId=5ec0f85a-1af7-4064-9ba5-713b4847ec50
2026-10-06 09:44:48.080 [pool-2-thread-1] [] INFO  c.c.g.r.c.t.s.i.TaskManagementServiceImpl - 任务已提交: taskId=e85196c1-59b4-4bc7-834e-5a71ec6ceb00, taskName=auto-collect-scan
2026-10-06 09:44:48.081 [pool-2-thread-1] [] INFO  c.c.g.r.c.t.s.i.TaskManagementServiceImpl - 任务已解析: taskId=e85196c1-59b4-4bc7-834e-5a71ec6ceb00
2026-10-06 09:44:48.082 [pool-2-thread-1] [] WARN  c.c.g.e.d.m.AutoCollectScheduler - AutoCollectScheduler 扫描失败: null
2026-10-06 09:44:48.083 [pool-2-thread-1] [] INFO  c.c.g.r.c.t.s.i.TaskManagementServiceImpl - 任务执行完成: taskId=e85196c1-59b4-4bc7-834e-5a71ec6ceb00, status=SUCCEEDED
2026-10-06 09:44:48.084 [pool-2-thread-1] [] INFO  c.c.g.r.c.t.s.TaskSchedulerServiceImpl - 定时任务已提交执行 taskId=e85196c1-59b4-4bc7-834e-5a71ec6ceb00 taskType=AUTO_COLLECT_SCAN scheduleId=5ec0f85a-1af7-4064-9ba5-713b4847ec50
2026-10-06 09:45:48.078 [pool-2-thread-1] [] INFO  c.c.g.r.c.t.s.i.TaskManagementServiceImpl - 任务已提交: taskId=e85196c1-59b4-4bc7-834e-5a71ec6ceb00, taskName=auto-collect-scan
2026-10-06 09:45:48.080 [pool-2-thread-1] [] INFO  c.c.g.r.c.t.s.i.TaskManagementServiceImpl - 任务已解析: taskId=e85196c1-59b4-4bc7-834e-5a71ec6ceb00
2026-10-06 09:45:48.083 [pool-2-thread-1] [] WARN  c.c.g.e.d.m.AutoCollectScheduler - AutoCollectScheduler 扫描失败: null
2026-10-06 09:45:48.084 [pool-2-thread-1] [] INFO  c.c.g.r.c.t.s.i.TaskManagementServiceImpl - 任务执行完成: taskId=e85196c1-59b4-4bc7-834e-5a71ec6ceb00, status=SUCCEEDED
2026-10-06 09:45:48.086 [pool-2-thread-1] [] INFO  c.c.g.r.c.t.s.TaskSchedulerServiceImpl - 定时任务已提交执行 taskId=e85196c1-59b4-4bc7-834e-5a71ec6ceb00 taskType=AUTO_COLLECT_SCAN scheduleId=5ec0f85a-1af7-4064-9ba5-713b4847ec50
2026-10-06 09:46:48.082 [pool-2-thread-1] [] INFO  c.c.g.r.c.t.s.i.TaskManagementServiceImpl - 任务已提交: taskId=e85196c1-59b4-4bc7-834e-5a71ec6ceb00, taskName=auto-collect-scan
2026-10-06 09:46:48.094 [pool-2-thread-1] [] INFO  c.c.g.r.c.t.s.i.TaskManagementServiceImpl - 任务已解析: taskId=e85196c1-59b4-4bc7-834e-5a71ec6ceb00
2026-10-06 09:46:48.095 [pool-2-thread-1] [] WARN  c.c.g.e.d.m.AutoCollectScheduler - AutoCollectScheduler 扫描失败: null
2026-10-06 09:46:48.096 [pool-2-thread-1] [] INFO  c.c.g.r.c.t.s.i.TaskManagementServiceImpl - 任务执行完成: taskId=e85196c1-59b4-4bc7-834e-5a71ec6ceb00, status=SUCCEEDED
2026-10-06 09:46:48.097 [pool-2-thread-1] [] INFO  c.c.g.r.c.t.s.TaskSchedulerServiceImpl - 定时任务已提交执行 taskId=e85196c1-59b4-4bc7-834e-5a71ec6ceb00 taskType=AUTO_COLLECT_SCAN scheduleId=5ec0f85a-1af7-4064-9ba5-713b4847ec50
2026-10-06 09:47:48.074 [pool-2-thread-1] [] INFO  c.c.g.r.c.t.s.i.TaskManagementServiceImpl - 任务已提交: taskId=e85196c1-59b4-4bc7-834e-5a71ec6ceb00, taskName=auto-collect-scan
2026-10-06 09:47:48.075 [pool-2-thread-1] [] INFO  c.c.g.r.c.t.s.i.TaskManagementServiceImpl - 任务已解析: taskId=e85196c1-59b4-4bc7-834e-5a71ec6ceb00
2026-10-06 09:47:48.078 [pool-2-thread-1] [] WARN  c.c.g.e.d.m.AutoCollectScheduler - AutoCollectScheduler 扫描失败: null
2026-10-06 09:47:48.079 [pool-2-thread-1] [] INFO  c.c.g.r.c.t.s.i.TaskManagementServiceImpl - 任务执行完成: taskId=e85196c1-59b4-4bc7-834e-5a71ec6ceb00, status=SUCCEEDED
2026-10-06 09:47:48.081 [pool-2-thread-1] [] INFO  c.c.g.r.c.t.s.TaskSchedulerServiceImpl - 定时任务已提交执行 taskId=e85196c1-59b4-4bc7-834e-5a71ec6ceb00 taskType=AUTO_COLLECT_SCAN scheduleId=5ec0f85a-1af7-4064-9ba5-713b4847ec50
2026-10-06 09:48:48.083 [pool-2-thread-1] [] INFO  c.c.g.r.c.t.s.i.TaskManagementServiceImpl - 任务已提交: taskId=e85196c1-59b4-4bc7-834e-5a71ec6ceb00, taskName=auto-collect-scan
2026-10-06 09:48:48.085 [pool-2-thread-1] [] INFO  c.c.g.r.c.t.s.i.TaskManagementServiceImpl - 任务已解析: taskId=e85196c1-59b4-4bc7-834e-5a71ec6ceb00
2026-10-06 09:48:48.086 [pool-2-thread-1] [] WARN  c.c.g.e.d.m.AutoCollectScheduler - AutoCollectScheduler 扫描失败: null
2026-10-06 09:48:48.087 [pool-2-thread-1] [] INFO  c.c.g.r.c.t.s.i.TaskManagementServiceImpl - 任务执行完成: taskId=e85196c1-59b4-4bc7-834e-5a71ec6ceb00, status=SUCCEEDED
2026-10-06 09:48:48.088 [pool-2-thread-1] [] INFO  c.c.g.r.c.t.s.TaskSchedulerServiceImpl - 定时任务已提交执行 taskId=e85196c1-59b4-4bc7-834e-5a71ec6ceb00 taskType=AUTO_COLLECT_SCAN scheduleId=5ec0f85a-1af7-4064-9ba5-713b4847ec50
2026-10-06 09:49:48.076 [pool-2-thread-1] [] INFO  c.c.g.r.c.t.s.i.TaskManagementServiceImpl - 任务已提交: taskId=e85196c1-59b4-4bc7-834e-5a71ec6ceb00, taskName=auto-collect-scan
2026-10-06 09:49:48.080 [pool-2-thread-1] [] INFO  c.c.g.r.c.t.s.i.TaskManagementServiceImpl - 任务已解析: taskId=e85196c1-59b4-4bc7-834e-5a71ec6ceb00
2026-10-06 09:49:48.083 [pool-2-thread-1] [] WARN  c.c.g.e.d.m.AutoCollectScheduler - AutoCollectScheduler 扫描失败: null
2026-10-06 09:49:48.085 [pool-2-thread-1] [] INFO  c.c.g.r.c.t.s.i.TaskManagementServiceImpl - 任务执行完成: taskId=e85196c1-59b4-4bc7-834e-5a71ec6ceb00, status=SUCCEEDED
2026-10-06 09:49:48.087 [pool-2-thread-1] [] INFO  c.c.g.r.c.t.s.TaskSchedulerServiceImpl - 定时任务已提交执行 taskId=e85196c1-59b4-4bc7-834e-5a71ec6ceb00 taskType=AUTO_COLLECT_SCAN scheduleId=5ec0f85a-1af7-4064-9ba5-713b4847ec50
2026-10-06 09:50:48.090 [pool-2-thread-1] [] INFO  c.c.g.r.c.t.s.i.TaskManagementServiceImpl - 任务已提交: taskId=e85196c1-59b4-4bc7-834e-5a71ec6ceb00, taskName=auto-collect-scan
2026-10-06 09:50:48.114 [pool-2-thread-1] [] INFO  c.c.g.r.c.t.s.i.TaskManagementServiceImpl - 任务已解析: taskId=e85196c1-59b4-4bc7-834e-5a71ec6ceb00
2026-10-06 09:50:48.116 [pool-2-thread-1] [] WARN  c.c.g.e.d.m.AutoCollectScheduler - AutoCollectScheduler 扫描失败: null
2026-10-06 09:50:48.118 [pool-2-thread-1] [] INFO  c.c.g.r.c.t.s.i.TaskManagementServiceImpl - 任务执行完成: taskId=e85196c1-59b4-4bc7-834e-5a71ec6ceb00, status=SUCCEEDED
2026-10-06 09:50:48.119 [pool-2-thread-1] [] INFO  c.c.g.r.c.t.s.TaskSchedulerServiceImpl - 定时任务已提交执行 taskId=e85196c1-59b4-4bc7-834e-5a71ec6ceb00 taskType=AUTO_COLLECT_SCAN scheduleId=5ec0f85a-1af7-4064-9ba5-713b4847ec50
2026-10-06 09:51:48.080 [pool-2-thread-1] [] INFO  c.c.g.r.c.t.s.i.TaskManagementServiceImpl - 任务已提交: taskId=e85196c1-59b4-4bc7-834e-5a71ec6ceb00, taskName=auto-collect-scan
2026-10-06 09:51:48.085 [pool-2-thread-1] [] INFO  c.c.g.r.c.t.s.i.TaskManagementServiceImpl - 任务已解析: taskId=e85196c1-59b4-4bc7-834e-5a71ec6ceb00
2026-10-06 09:51:48.088 [pool-2-thread-1] [] WARN  c.c.g.e.d.m.AutoCollectScheduler - AutoCollectScheduler 扫描失败: null
2026-10-06 09:51:48.090 [pool-2-thread-1] [] INFO  c.c.g.r.c.t.s.i.TaskManagementServiceImpl - 任务执行完成: taskId=e85196c1-59b4-4bc7-834e-5a71ec6ceb00, status=SUCCEEDED
2026-10-06 09:51:48.092 [pool-2-thread-1] [] INFO  c.c.g.r.c.t.s.TaskSchedulerServiceImpl - 定时任务已提交执行 taskId=e85196c1-59b4-4bc7-834e-5a71ec6ceb00 taskType=AUTO_COLLECT_SCAN scheduleId=5ec0f85a-1af7-4064-9ba5-713b4847ec50
2026-10-06 09:52:48.115 [pool-2-thread-1] [] INFO  c.c.g.r.c.t.s.i.TaskManagementServiceImpl - 任务已提交: taskId=e85196c1-59b4-4bc7-834e-5a71ec6ceb00, taskName=auto-collect-scan
2026-10-06 09:52:48.155 [pool-2-thread-1] [] INFO  c.c.g.r.c.t.s.i.TaskManagementServiceImpl - 任务已解析: taskId=e85196c1-59b4-4bc7-834e-5a71ec6ceb00
2026-10-06 09:52:48.158 [pool-2-thread-1] [] WARN  c.c.g.e.d.m.AutoCollectScheduler - AutoCollectScheduler 扫描失败: null
2026-10-06 09:52:48.160 [pool-2-thread-1] [] INFO  c.c.g.r.c.t.s.i.TaskManagementServiceImpl - 任务执行完成: taskId=e85196c1-59b4-4bc7-834e-5a71ec6ceb00, status=SUCCEEDED
2026-10-06 09:52:48.162 [pool-2-thread-1] [] INFO  c.c.g.r.c.t.s.TaskSchedulerServiceImpl - 定时任务已提交执行 taskId=e85196c1-59b4-4bc7-834e-5a71ec6ceb00 taskType=AUTO_COLLECT_SCAN scheduleId=5ec0f85a-1af7-4064-9ba5-713b4847ec50
2026-10-06 09:53:48.087 [pool-2-thread-1] [] INFO  c.c.g.r.c.t.s.i.TaskManagementServiceImpl - 任务已提交: taskId=e85196c1-59b4-4bc7-834e-5a71ec6ceb00, taskName=auto-collect-scan
2026-10-06 09:53:48.098 [pool-2-thread-1] [] INFO  c.c.g.r.c.t.s.i.TaskManagementServiceImpl - 任务已解析: taskId=e85196c1-59b4-4bc7-834e-5a71ec6ceb00
2026-10-06 09:53:48.099 [pool-2-thread-1] [] WARN  c.c.g.e.d.m.AutoCollectScheduler - AutoCollectScheduler 扫描失败: null
2026-10-06 09:53:48.099 [pool-2-thread-1] [] INFO  c.c.g.r.c.t.s.i.TaskManagementServiceImpl - 任务执行完成: taskId=e85196c1-59b4-4bc7-834e-5a71ec6ceb00, status=SUCCEEDED
2026-10-06 09:53:48.100 [pool-2-thread-1] [] INFO  c.c.g.r.c.t.s.TaskSchedulerServiceImpl - 定时任务已提交执行 taskId=e85196c1-59b4-4bc7-834e-5a71ec6ceb00 taskType=AUTO_COLLECT_SCAN scheduleId=5ec0f85a-1af7-4064-9ba5-713b4847ec50
2026-10-06 09:54:48.085 [pool-2-thread-1] [] INFO  c.c.g.r.c.t.s.i.TaskManagementServiceImpl - 任务已提交: taskId=e85196c1-59b4-4bc7-834e-5a71ec6ceb00, taskName=auto-collect-scan
2026-10-06 09:54:48.086 [pool-2-thread-1] [] INFO  c.c.g.r.c.t.s.i.TaskManagementServiceImpl - 任务已解析: taskId=e85196c1-59b4-4bc7-834e-5a71ec6ceb00
2026-10-06 09:54:48.088 [pool-2-thread-1] [] WARN  c.c.g.e.d.m.AutoCollectScheduler - AutoCollectScheduler 扫描失败: null
2026-10-06 09:54:48.089 [pool-2-thread-1] [] INFO  c.c.g.r.c.t.s.i.TaskManagementServiceImpl - 任务执行完成: taskId=e85196c1-59b4-4bc7-834e-5a71ec6ceb00, status=SUCCEEDED
2026-10-06 09:54:48.090 [pool-2-thread-1] [] INFO  c.c.g.r.c.t.s.TaskSchedulerServiceImpl - 定时任务已提交执行 taskId=e85196c1-59b4-4bc7-834e-5a71ec6ceb00 taskType=AUTO_COLLECT_SCAN scheduleId=5ec0f85a-1af7-4064-9ba5-713b4847ec50
2026-10-06 09:55:48.087 [pool-2-thread-1] [] INFO  c.c.g.r.c.t.s.i.TaskManagementServiceImpl - 任务已提交: taskId=e85196c1-59b4-4bc7-834e-5a71ec6ceb00, taskName=auto-collect-scan
2026-10-06 09:55:48.089 [pool-2-thread-1] [] INFO  c.c.g.r.c.t.s.i.TaskManagementServiceImpl - 任务已解析: taskId=e85196c1-59b4-4bc7-834e-5a71ec6ceb00
2026-10-06 09:55:48.091 [pool-2-thread-1] [] WARN  c.c.g.e.d.m.AutoCollectScheduler - AutoCollectScheduler 扫描失败: null
2026-10-06 09:55:48.092 [pool-2-thread-1] [] INFO  c.c.g.r.c.t.s.i.TaskManagementServiceImpl - 任务执行完成: taskId=e85196c1-59b4-4bc7-834e-5a71ec6ceb00, status=SUCCEEDED
2026-10-06 09:55:48.093 [pool-2-thread-1] [] INFO  c.c.g.r.c.t.s.TaskSchedulerServiceImpl - 定时任务已提交执行 taskId=e85196c1-59b4-4bc7-834e-5a71ec6ceb00 taskType=AUTO_COLLECT_SCAN scheduleId=5ec0f85a-1af7-4064-9ba5-713b4847ec50
2026-10-06 09:56:48.096 [pool-2-thread-1] [] INFO  c.c.g.r.c.t.s.i.TaskManagementServiceImpl - 任务已提交: taskId=e85196c1-59b4-4bc7-834e-5a71ec6ceb00, taskName=auto-collect-scan
2026-10-06 09:56:48.103 [pool-2-thread-1] [] INFO  c.c.g.r.c.t.s.i.TaskManagementServiceImpl - 任务已解析: taskId=e85196c1-59b4-4bc7-834e-5a71ec6ceb00
2026-10-06 09:56:48.106 [pool-2-thread-1] [] WARN  c.c.g.e.d.m.AutoCollectScheduler - AutoCollectScheduler 扫描失败: null
2026-10-06 09:56:48.108 [pool-2-thread-1] [] INFO  c.c.g.r.c.t.s.i.TaskManagementServiceImpl - 任务执行完成: taskId=e85196c1-59b4-4bc7-834e-5a71ec6ceb00, status=SUCCEEDED
2026-10-06 09:56:48.109 [pool-2-thread-1] [] INFO  c.c.g.r.c.t.s.TaskSchedulerServiceImpl - 定时任务已提交执行 taskId=e85196c1-59b4-4bc7-834e-5a71ec6ceb00 taskType=AUTO_COLLECT_SCAN scheduleId=5ec0f85a-1af7-4064-9ba5-713b4847ec50
2026-10-06 09:57:48.077 [pool-2-thread-1] [] INFO  c.c.g.r.c.t.s.i.TaskManagementServiceImpl - 任务已提交: taskId=e85196c1-59b4-4bc7-834e-5a71ec6ceb00, taskName=auto-collect-scan
2026-10-06 09:57:48.089 [pool-2-thread-1] [] INFO  c.c.g.r.c.t.s.i.TaskManagementServiceImpl - 任务已解析: taskId=e85196c1-59b4-4bc7-834e-5a71ec6ceb00
2026-10-06 09:57:48.090 [pool-2-thread-1] [] WARN  c.c.g.e.d.m.AutoCollectScheduler - AutoCollectScheduler 扫描失败: null
2026-10-06 09:57:48.092 [pool-2-thread-1] [] INFO  c.c.g.r.c.t.s.i.TaskManagementServiceImpl - 任务执行完成: taskId=e85196c1-59b4-4bc7-834e-5a71ec6ceb00, status=SUCCEEDED
2026-10-06 09:57:48.093 [pool-2-thread-1] [] INFO  c.c.g.r.c.t.s.TaskSchedulerServiceImpl - 定时任务已提交执行 taskId=e85196c1-59b4-4bc7-834e-5a71ec6ceb00 taskType=AUTO_COLLECT_SCAN scheduleId=5ec0f85a-1af7-4064-9ba5-713b4847ec50
2026-10-06 09:58:48.083 [pool-2-thread-1] [] INFO  c.c.g.r.c.t.s.i.TaskManagementServiceImpl - 任务已提交: taskId=e85196c1-59b4-4bc7-834e-5a71ec6ceb00, taskName=auto-collect-scan
2026-10-06 09:58:48.093 [pool-2-thread-1] [] INFO  c.c.g.r.c.t.s.i.TaskManagementServiceImpl - 任务已解析: taskId=e85196c1-59b4-4bc7-834e-5a71ec6ceb00
2026-10-06 09:58:48.095 [pool-2-thread-1] [] WARN  c.c.g.e.d.m.AutoCollectScheduler - AutoCollectScheduler 扫描失败: null
2026-10-06 09:58:48.096 [pool-2-thread-1] [] INFO  c.c.g.r.c.t.s.i.TaskManagementServiceImpl - 任务执行完成: taskId=e85196c1-59b4-4bc7-834e-5a71ec6ceb00, status=SUCCEEDED
2026-10-06 09:58:48.097 [pool-2-thread-1] [] INFO  c.c.g.r.c.t.s.TaskSchedulerServiceImpl - 定时任务已提交执行 taskId=e85196c1-59b4-4bc7-834e-5a71ec6ceb00 taskType=AUTO_COLLECT_SCAN scheduleId=5ec0f85a-1af7-4064-9ba5-713b4847ec50
2026-10-06 09:59:48.084 [pool-2-thread-1] [] INFO  c.c.g.r.c.t.s.i.TaskManagementServiceImpl - 任务已提交: taskId=e85196c1-59b4-4bc7-834e-5a71ec6ceb00, taskName=auto-collect-scan
2026-10-06 09:59:48.096 [pool-2-thread-1] [] INFO  c.c.g.r.c.t.s.i.TaskManagementServiceImpl - 任务已解析: taskId=e85196c1-59b4-4bc7-834e-5a71ec6ceb00
2026-10-06 09:59:48.098 [pool-2-thread-1] [] WARN  c.c.g.e.d.m.AutoCollectScheduler - AutoCollectScheduler 扫描失败: null
2026-10-06 09:59:48.100 [pool-2-thread-1] [] INFO  c.c.g.r.c.t.s.i.TaskManagementServiceImpl - 任务执行完成: taskId=e85196c1-59b4-4bc7-834e-5a71ec6ceb00, status=SUCCEEDED
2026-10-06 09:59:48.102 [pool-2-thread-1] [] INFO  c.c.g.r.c.t.s.TaskSchedulerServiceImpl - 定时任务已提交执行 taskId=e85196c1-59b4-4bc7-834e-5a71ec6ceb00 taskType=AUTO_COLLECT_SCAN scheduleId=5ec0f85a-1af7-4064-9ba5-713b4847ec50
2026-10-06 10:00:48.084 [pool-2-thread-1] [] INFO  c.c.g.r.c.t.s.i.TaskManagementServiceImpl - 任务已提交: taskId=e85196c1-59b4-4bc7-834e-5a71ec6ceb00, taskName=auto-collect-scan
2026-10-06 10:00:48.095 [pool-2-thread-1] [] INFO  c.c.g.r.c.t.s.i.TaskManagementServiceImpl - 任务已解析: taskId=e85196c1-59b4-4bc7-834e-5a71ec6ceb00
2026-10-06 10:00:48.096 [pool-2-thread-1] [] WARN  c.c.g.e.d.m.AutoCollectScheduler - AutoCollectScheduler 扫描失败: null
2026-10-06 10:00:48.097 [pool-2-thread-1] [] INFO  c.c.g.r.c.t.s.i.TaskManagementServiceImpl - 任务执行完成: taskId=e85196c1-59b4-4bc7-834e-5a71ec6ceb00, status=SUCCEEDED
2026-10-06 10:00:48.098 [pool-2-thread-1] [] INFO  c.c.g.r.c.t.s.TaskSchedulerServiceImpl - 定时任务已提交执行 taskId=e85196c1-59b4-4bc7-834e-5a71ec6ceb00 taskType=AUTO_COLLECT_SCAN scheduleId=5ec0f85a-1af7-4064-9ba5-713b4847ec50
2026-10-06 10:01:48.086 [pool-2-thread-1] [] INFO  c.c.g.r.c.t.s.i.TaskManagementServiceImpl - 任务已提交: taskId=e85196c1-59b4-4bc7-834e-5a71ec6ceb00, taskName=auto-collect-scan
2026-10-06 10:01:48.089 [pool-2-thread-1] [] INFO  c.c.g.r.c.t.s.i.TaskManagementServiceImpl - 任务已解析: taskId=e85196c1-59b4-4bc7-834e-5a71ec6ceb00
2026-10-06 10:01:48.092 [pool-2-thread-1] [] WARN  c.c.g.e.d.m.AutoCollectScheduler - AutoCollectScheduler 扫描失败: null
2026-10-06 10:01:48.094 [pool-2-thread-1] [] INFO  c.c.g.r.c.t.s.i.TaskManagementServiceImpl - 任务执行完成: taskId=e85196c1-59b4-4bc7-834e-5a71ec6ceb00, status=SUCCEEDED
2026-10-06 10:01:48.096 [pool-2-thread-1] [] INFO  c.c.g.r.c.t.s.TaskSchedulerServiceImpl - 定时任务已提交执行 taskId=e85196c1-59b4-4bc7-834e-5a71ec6ceb00 taskType=AUTO_COLLECT_SCAN scheduleId=5ec0f85a-1af7-4064-9ba5-713b4847ec50
2026-10-06 10:02:48.084 [pool-2-thread-1] [] INFO  c.c.g.r.c.t.s.i.TaskManagementServiceImpl - 任务已提交: taskId=e85196c1-59b4-4bc7-834e-5a71ec6ceb00, taskName=auto-collect-scan
2026-10-06 10:02:48.086 [pool-2-thread-1] [] INFO  c.c.g.r.c.t.s.i.TaskManagementServiceImpl - 任务已解析: taskId=e85196c1-59b4-4bc7-834e-5a71ec6ceb00
2026-10-06 10:02:48.088 [pool-2-thread-1] [] WARN  c.c.g.e.d.m.AutoCollectScheduler - AutoCollectScheduler 扫描失败: null
2026-10-06 10:02:48.089 [pool-2-thread-1] [] INFO  c.c.g.r.c.t.s.i.TaskManagementServiceImpl - 任务执行完成: taskId=e85196c1-59b4-4bc7-834e-5a71ec6ceb00, status=SUCCEEDED
2026-10-06 10:02:48.090 [pool-2-thread-1] [] INFO  c.c.g.r.c.t.s.TaskSchedulerServiceImpl - 定时任务已提交执行 taskId=e85196c1-59b4-4bc7-834e-5a71ec6ceb00 taskType=AUTO_COLLECT_SCAN scheduleId=5ec0f85a-1af7-4064-9ba5-713b4847ec50
2026-10-06 10:03:48.087 [pool-2-thread-1] [] INFO  c.c.g.r.c.t.s.i.TaskManagementServiceImpl - 任务已提交: taskId=e85196c1-59b4-4bc7-834e-5a71ec6ceb00, taskName=auto-collect-scan
2026-10-06 10:03:48.096 [pool-2-thread-1] [] INFO  c.c.g.r.c.t.s.i.TaskManagementServiceImpl - 任务已解析: taskId=e85196c1-59b4-4bc7-834e-5a71ec6ceb00
2026-10-06 10:03:48.101 [pool-2-thread-1] [] WARN  c.c.g.e.d.m.AutoCollectScheduler - AutoCollectScheduler 扫描失败: null
2026-10-06 10:03:48.105 [pool-2-thread-1] [] INFO  c.c.g.r.c.t.s.i.TaskManagementServiceImpl - 任务执行完成: taskId=e85196c1-59b4-4bc7-834e-5a71ec6ceb00, status=SUCCEEDED
2026-10-06 10:03:48.110 [pool-2-thread-1] [] INFO  c.c.g.r.c.t.s.TaskSchedulerServiceImpl - 定时任务已提交执行 taskId=e85196c1-59b4-4bc7-834e-5a71ec6ceb00 taskType=AUTO_COLLECT_SCAN scheduleId=5ec0f85a-1af7-4064-9ba5-713b4847ec50
2026-10-06 10:04:48.087 [pool-2-thread-1] [] INFO  c.c.g.r.c.t.s.i.TaskManagementServiceImpl - 任务已提交: taskId=e85196c1-59b4-4bc7-834e-5a71ec6ceb00, taskName=auto-collect-scan
2026-10-06 10:04:48.089 [pool-2-thread-1] [] INFO  c.c.g.r.c.t.s.i.TaskManagementServiceImpl - 任务已解析: taskId=e85196c1-59b4-4bc7-834e-5a71ec6ceb00
2026-10-06 10:04:48.092 [pool-2-thread-1] [] WARN  c.c.g.e.d.m.AutoCollectScheduler - AutoCollectScheduler 扫描失败: null
2026-10-06 10:04:48.094 [pool-2-thread-1] [] INFO  c.c.g.r.c.t.s.i.TaskManagementServiceImpl - 任务执行完成: taskId=e85196c1-59b4-4bc7-834e-5a71ec6ceb00, status=SUCCEEDED
2026-10-06 10:04:48.095 [pool-2-thread-1] [] INFO  c.c.g.r.c.t.s.TaskSchedulerServiceImpl - 定时任务已提交执行 taskId=e85196c1-59b4-4bc7-834e-5a71ec6ceb00 taskType=AUTO_COLLECT_SCAN scheduleId=5ec0f85a-1af7-4064-9ba5-713b4847ec50
2026-10-06 10:05:48.078 [pool-2-thread-1] [] INFO  c.c.g.r.c.t.s.i.TaskManagementServiceImpl - 任务已提交: taskId=e85196c1-59b4-4bc7-834e-5a71ec6ceb00, taskName=auto-collect-scan
2026-10-06 10:05:48.084 [pool-2-thread-1] [] INFO  c.c.g.r.c.t.s.i.TaskManagementServiceImpl - 任务已解析: taskId=e85196c1-59b4-4bc7-834e-5a71ec6ceb00
2026-10-06 10:05:48.088 [pool-2-thread-1] [] WARN  c.c.g.e.d.m.AutoCollectScheduler - AutoCollectScheduler 扫描失败: null
2026-10-06 10:05:48.091 [pool-2-thread-1] [] INFO  c.c.g.r.c.t.s.i.TaskManagementServiceImpl - 任务执行完成: taskId=e85196c1-59b4-4bc7-834e-5a71ec6ceb00, status=SUCCEEDED
2026-10-06 10:05:48.094 [pool-2-thread-1] [] INFO  c.c.g.r.c.t.s.TaskSchedulerServiceImpl - 定时任务已提交执行 taskId=e85196c1-59b4-4bc7-834e-5a71ec6ceb00 taskType=AUTO_COLLECT_SCAN scheduleId=5ec0f85a-1af7-4064-9ba5-713b4847ec50
2026-10-06 10:06:48.085 [pool-2-thread-1] [] INFO  c.c.g.r.c.t.s.i.TaskManagementServiceImpl - 任务已提交: taskId=e85196c1-59b4-4bc7-834e-5a71ec6ceb00, taskName=auto-collect-scan
2026-10-06 10:06:48.087 [pool-2-thread-1] [] INFO  c.c.g.r.c.t.s.i.TaskManagementServiceImpl - 任务已解析: taskId=e85196c1-59b4-4bc7-834e-5a71ec6ceb00
2026-10-06 10:06:48.090 [pool-2-thread-1] [] WARN  c.c.g.e.d.m.AutoCollectScheduler - AutoCollectScheduler 扫描失败: null
2026-10-06 10:06:48.091 [pool-2-thread-1] [] INFO  c.c.g.r.c.t.s.i.TaskManagementServiceImpl - 任务执行完成: taskId=e85196c1-59b4-4bc7-834e-5a71ec6ceb00, status=SUCCEEDED
2026-10-06 10:06:48.093 [pool-2-thread-1] [] INFO  c.c.g.r.c.t.s.TaskSchedulerServiceImpl - 定时任务已提交执行 taskId=e85196c1-59b4-4bc7-834e-5a71ec6ceb00 taskType=AUTO_COLLECT_SCAN scheduleId=5ec0f85a-1af7-4064-9ba5-713b4847ec50
2026-10-06 10:07:48.087 [pool-2-thread-1] [] INFO  c.c.g.r.c.t.s.i.TaskManagementServiceImpl - 任务已提交: taskId=e85196c1-59b4-4bc7-834e-5a71ec6ceb00, taskName=auto-collect-scan
2026-10-06 10:07:48.090 [pool-2-thread-1] [] INFO  c.c.g.r.c.t.s.i.TaskManagementServiceImpl - 任务已解析: taskId=e85196c1-59b4-4bc7-834e-5a71ec6ceb00
2026-10-06 10:07:48.092 [pool-2-thread-1] [] WARN  c.c.g.e.d.m.AutoCollectScheduler - AutoCollectScheduler 扫描失败: null
2026-10-06 10:07:48.095 [pool-2-thread-1] [] INFO  c.c.g.r.c.t.s.i.TaskManagementServiceImpl - 任务执行完成: taskId=e85196c1-59b4-4bc7-834e-5a71ec6ceb00, status=SUCCEEDED
2026-10-06 10:07:48.096 [pool-2-thread-1] [] INFO  c.c.g.r.c.t.s.TaskSchedulerServiceImpl - 定时任务已提交执行 taskId=e85196c1-59b4-4bc7-834e-5a71ec6ceb00 taskType=AUTO_COLLECT_SCAN scheduleId=5ec0f85a-1af7-4064-9ba5-713b4847ec50
2026-10-06 10:08:48.074 [pool-2-thread-1] [] INFO  c.c.g.r.c.t.s.i.TaskManagementServiceImpl - 任务已提交: taskId=e85196c1-59b4-4bc7-834e-5a71ec6ceb00, taskName=auto-collect-scan
2026-10-06 10:08:48.080 [pool-2-thread-1] [] INFO  c.c.g.r.c.t.s.i.TaskManagementServiceImpl - 任务已解析: taskId=e85196c1-59b4-4bc7-834e-5a71ec6ceb00
2026-10-06 10:08:48.082 [pool-2-thread-1] [] WARN  c.c.g.e.d.m.AutoCollectScheduler - AutoCollectScheduler 扫描失败: null
2026-10-06 10:08:48.083 [pool-2-thread-1] [] INFO  c.c.g.r.c.t.s.i.TaskManagementServiceImpl - 任务执行完成: taskId=e85196c1-59b4-4bc7-834e-5a71ec6ceb00, status=SUCCEEDED
2026-10-06 10:08:48.084 [pool-2-thread-1] [] INFO  c.c.g.r.c.t.s.TaskSchedulerServiceImpl - 定时任务已提交执行 taskId=e85196c1-59b4-4bc7-834e-5a71ec6ceb00 taskType=AUTO_COLLECT_SCAN scheduleId=5ec0f85a-1af7-4064-9ba5-713b4847ec50
2026-10-06 10:30:21.804 [main] [] INFO  c.c.g.s.d.DatanetServiceApplication - Starting DatanetServiceApplication using Java 17.0.17 with PID 872 (D:\workspace\javaprojects\ECOS\ecos_backend\services\datanet\target\datanet-service-1.0.0-SNAPSHOT.jar started by guoro in D:\workspace\javaprojects\ECOS)
2026-10-06 10:30:21.821 [main] [] INFO  c.c.g.s.d.DatanetServiceApplication - The following 1 profile is active: "standard"
2026-10-06 10:30:34.147 [main] [] WARN  o.m.s.mapper.ClassPathMapperScanner - Skipping MapperFactoryBean with name 'dqRuleMapper' and 'com.chinacreator.gzcm.engine.data.quality.mapper.DqRuleMapper' mapperInterface. Bean already defined with the same name!
2026-10-06 10:30:34.150 [main] [] WARN  o.m.s.mapper.ClassPathMapperScanner - Skipping MapperFactoryBean with name 'dqScheduleMapper' and 'com.chinacreator.gzcm.engine.data.quality.mapper.DqScheduleMapper' mapperInterface. Bean already defined with the same name!
2026-10-06 10:30:34.160 [main] [] WARN  o.m.s.mapper.ClassPathMapperScanner - Skipping MapperFactoryBean with name 'dataDescriptionDao' and 'com.chinacreator.gzcm.engine.data.datadescription.dao.DataDescriptionDao' mapperInterface. Bean already defined with the same name!
2026-10-06 10:30:34.163 [main] [] WARN  o.m.s.mapper.ClassPathMapperScanner - Skipping MapperFactoryBean with name 'schemaRegistryDao' and 'com.chinacreator.gzcm.engine.data.datadescription.dao.SchemaRegistryDao' mapperInterface. Bean already defined with the same name!
2026-10-06 10:30:34.173 [main] [] WARN  o.m.s.mapper.ClassPathMapperScanner - Skipping MapperFactoryBean with name 'dqRuleMapper' and 'com.chinacreator.gzcm.engine.data.quality.mapper.DqRuleMapper' mapperInterface. Bean already defined with the same name!
2026-10-06 10:30:34.176 [main] [] WARN  o.m.s.mapper.ClassPathMapperScanner - Skipping MapperFactoryBean with name 'dqScheduleMapper' and 'com.chinacreator.gzcm.engine.data.quality.mapper.DqScheduleMapper' mapperInterface. Bean already defined with the same name!
2026-10-06 10:30:34.189 [main] [] WARN  o.m.s.mapper.ClassPathMapperScanner - Skipping MapperFactoryBean with name 'alertRecordMapper' and 'com.chinacreator.gzcm.runtime.core.alert.mapper.AlertRecordMapper' mapperInterface. Bean already defined with the same name!
2026-10-06 10:30:34.193 [main] [] WARN  o.m.s.mapper.ClassPathMapperScanner - Skipping MapperFactoryBean with name 'alertRuleMapper' and 'com.chinacreator.gzcm.runtime.core.alert.mapper.AlertRuleMapper' mapperInterface. Bean already defined with the same name!
2026-10-06 10:30:34.204 [main] [] WARN  o.m.s.mapper.ClassPathMapperScanner - Skipping MapperFactoryBean with name 'IMonitorDataDao' and 'com.chinacreator.gzcm.runtime.core.monitor.monitordata.dao.IMonitorDataDao' mapperInterface. Bean already defined with the same name!
2026-10-06 10:30:34.207 [main] [] WARN  o.m.s.mapper.ClassPathMapperScanner - Skipping MapperFactoryBean with name 'IMonitorObjectDao' and 'com.chinacreator.gzcm.runtime.core.monitor.monitorobject.dao.IMonitorObjectDao' mapperInterface. Bean already defined with the same name!
2026-10-06 10:30:34.211 [main] [] WARN  o.m.s.mapper.ClassPathMapperScanner - Skipping MapperFactoryBean with name 'IMonitorObjectTargetDao' and 'com.chinacreator.gzcm.runtime.core.monitor.monitorobject.dao.IMonitorObjectTargetDao' mapperInterface. Bean already defined with the same name!
2026-10-06 10:30:34.213 [main] [] WARN  o.m.s.mapper.ClassPathMapperScanner - Skipping MapperFactoryBean with name 'IPluginDao' and 'com.chinacreator.gzcm.runtime.core.monitor.plugin.dao.IPluginDao' mapperInterface. Bean already defined with the same name!
2026-10-06 10:30:34.216 [main] [] WARN  o.m.s.mapper.ClassPathMapperScanner - Skipping MapperFactoryBean with name 'IPluginParamsDao' and 'com.chinacreator.gzcm.runtime.core.monitor.plugin.dao.IPluginParamsDao' mapperInterface. Bean already defined with the same name!
2026-10-06 10:30:34.221 [main] [] WARN  o.m.s.mapper.ClassPathMapperScanner - Skipping MapperFactoryBean with name 'IPluginTargetDao' and 'com.chinacreator.gzcm.runtime.core.monitor.plugin.dao.IPluginTargetDao' mapperInterface. Bean already defined with the same name!
2026-10-06 10:30:34.224 [main] [] WARN  o.m.s.mapper.ClassPathMapperScanner - Skipping MapperFactoryBean with name 'IMonitorWarnContactDao' and 'com.chinacreator.gzcm.runtime.core.monitor.server.warn.dao.IMonitorWarnContactDao' mapperInterface. Bean already defined with the same name!
2026-10-06 10:30:34.228 [main] [] WARN  o.m.s.mapper.ClassPathMapperScanner - Skipping MapperFactoryBean with name 'IWarnLogDao' and 'com.chinacreator.gzcm.runtime.core.monitor.server.warn.dao.IWarnLogDao' mapperInterface. Bean already defined with the same name!
2026-10-06 10:30:34.232 [main] [] WARN  o.m.s.mapper.ClassPathMapperScanner - Skipping MapperFactoryBean with name 'IStrategyDao' and 'com.chinacreator.gzcm.runtime.core.monitor.strategy.dao.IStrategyDao' mapperInterface. Bean already defined with the same name!
2026-10-06 10:30:34.263 [main] [] WARN  o.s.c.a.ConfigurationClassPostProcessor - Cannot enhance @Configuration bean definition 'myBatisConfig' since its singleton instance has been created too early. The typical cause is a non-static @Bean method with a BeanDefinitionRegistryPostProcessor return type: Consider declaring such methods as 'static' and/or marking the containing configuration class as 'proxyBeanMethods=false'.
2026-10-06 10:30:45.340 [main] [] INFO  o.s.b.w.e.tomcat.TomcatWebServer - Tomcat initialized with port 18082 (http)
2026-10-06 10:30:45.535 [main] [] INFO  o.a.coyote.http11.Http11NioProtocol - Initializing ProtocolHandler ["http-nio-18082"]
2026-10-06 10:30:45.555 [main] [] INFO  o.a.catalina.core.StandardService - Starting service [Tomcat]
2026-10-06 10:30:45.558 [main] [] INFO  o.a.catalina.core.StandardEngine - Starting Servlet engine: [Apache Tomcat/10.1.18]
2026-10-06 10:30:45.881 [main] [] INFO  o.a.c.c.C.[Tomcat].[localhost].[/] - Initializing Spring embedded WebApplicationContext
2026-10-06 10:30:45.888 [main] [] INFO  o.s.b.w.s.c.ServletWebServerApplicationContext - Root WebApplicationContext: initialization completed in 23181 ms
2026-10-06 10:30:47.933 [main] [] INFO  c.c.g.r.a.olap.DuckDBQueryService - DuckDBQueryService downgraded (DuckDB migrated to Doris) — all operations are no-ops
2026-10-06 10:30:49.486 [main] [] INFO  c.c.gzcm.engine.data.DataEngineImpl - Data engine started (was STOPPED)
2026-10-06 10:30:49.498 [main] [] INFO  c.c.gzcm.engine.data.DataEngineImpl - Data engine auto-started on boot
2026-10-06 10:30:50.459 [main] [] INFO  c.c.g.r.c.t.s.i.TaskManagementServiceImpl - onStartup: PG 恢复 0 个任务 + 0 个执行计划
2026-10-06 10:30:55.938 [main] [] INFO  o.s.b.f.a.AutowiredAnnotationBeanPostProcessor - Inconsistent constructor declaration on bean with name 'securityCryptoEgress': single autowire-marked constructor flagged as optional - this constructor is effectively required since there is no default constructor to fall back to: public com.chinacreator.gzcm.runtime.core.crypto.SecurityCryptoEgress(org.springframework.context.ApplicationContext)
2026-10-06 10:30:56.476 [main] [] INFO  c.c.g.r.e.KafkaBusProducerConfig - [runtime-event] Kafka producer 装配: bootstrap=localhost:9092
2026-10-06 10:30:57.342 [main] [] INFO  c.c.g.r.e.KafkaBusConsumerConfig - [runtime-event] Kafka consumer 基参装配: bootstrap=localhost:9092, autoOffsetReset=latest
2026-10-06 10:30:57.361 [main] [] INFO  c.c.g.r.e.KafkaEventBusServiceImpl - [EventBus][KAFKA] activated — broker 在/不在都能发, 失败仅记 WARN 不阻塞主流程; groupPrefix=<per-subscription fan-out>
2026-10-06 10:30:57.647 [main] [] INFO  c.c.g.r.l.c.LLMGatewayAutoConfiguration - Hermes Engine auto-configuration initialized: enabled=true, defaultProvider=openrouter, defaultModel=deepseek/deepseek-chat
2026-10-06 10:30:58.916 [main] [] INFO  c.c.g.r.l.c.LLMGatewayAutoConfiguration - Hermes OkHttpClient created: timeout=PT1M, retryMaxAttempts=3
2026-10-06 10:30:59.280 [main] [] INFO  com.zaxxer.hikari.HikariDataSource - DatanetHikariCP - Starting...
2026-10-06 10:31:00.294 [main] [] INFO  com.zaxxer.hikari.pool.HikariPool - DatanetHikariCP - Added connection org.postgresql.jdbc.PgConnection@3c205259
2026-10-06 10:31:00.303 [main] [] INFO  com.zaxxer.hikari.HikariDataSource - DatanetHikariCP - Start completed.
2026-10-06 10:31:00.464 [main] [] WARN  c.c.g.e.d.s.PipelineFunctionServiceImpl - 种子数据初始化异常: StatementCallback; bad SQL grammar [SELECT COUNT(*) FROM ecos_pipeline_function WHERE is_builtin = true]
2026-10-06 10:31:00.522 [main] [] WARN  o.s.b.w.s.c.AnnotationConfigServletWebServerApplicationContext - Exception encountered during context initialization - cancelling refresh attempt: org.springframework.beans.factory.UnsatisfiedDependencyException: Error creating bean with name 'pipelineGitController' defined in URL [jar:nested:/D:/workspace/javaprojects/ECOS/ecos_backend/services/datanet/target/datanet-service-1.0.0-SNAPSHOT.jar/!BOOT-INF/lib/data-engine-impl-1.0.0-SNAPSHOT.jar!/com/chinacreator/gzcm/engine/data/controller/PipelineGitController.class]: Unsatisfied dependency expressed through constructor parameter 0: Error creating bean with name 'pipelineGitService' defined in URL [jar:nested:/D:/workspace/javaprojects/ECOS/ecos_backend/services/datanet/target/datanet-service-1.0.0-SNAPSHOT.jar/!BOOT-INF/lib/data-engine-impl-1.0.0-SNAPSHOT.jar!/com/chinacreator/gzcm/engine/data/service/PipelineGitService.class]: Unsatisfied dependency expressed through constructor parameter 2: No qualifying bean of type 'com.chinacreator.gzcm.sysman.config.service.impl.SysConfigService' available: expected at least 1 bean which qualifies as autowire candidate. Dependency annotations: {}
2026-10-06 10:31:00.545 [main] [] INFO  com.zaxxer.hikari.HikariDataSource - DatanetHikariCP - Shutdown initiated...
2026-10-06 10:31:00.579 [main] [] INFO  com.zaxxer.hikari.HikariDataSource - DatanetHikariCP - Shutdown completed.
2026-10-06 10:31:00.647 [main] [] INFO  o.a.catalina.core.StandardService - Stopping service [Tomcat]
2026-10-06 10:31:00.805 [main] [] INFO  o.s.b.a.l.ConditionEvaluationReportLogger - 

Error starting ApplicationContext. To display the condition evaluation report re-run your application with 'debug' enabled.
2026-10-06 10:31:01.049 [main] [] ERROR o.s.b.d.LoggingFailureAnalysisReporter - 

***************************
APPLICATION FAILED TO START
***************************

Description:

Parameter 2 of constructor in com.chinacreator.gzcm.engine.data.service.PipelineGitService required a bean of type 'com.chinacreator.gzcm.sysman.config.service.impl.SysConfigService' that could not be found.


Action:

Consider defining a bean of type 'com.chinacreator.gzcm.sysman.config.service.impl.SysConfigService' in your configuration.

2026-10-06 10:31:27.474 [pool-2-thread-1] [] INFO  c.c.g.r.c.t.s.i.TaskManagementServiceImpl - 任务已提交: taskId=3b81fafd-005c-4dc9-b44d-b3850e76b82c, taskName=auto-collect-scan
2026-10-06 10:31:27.483 [pool-2-thread-1] [] INFO  c.c.g.r.c.t.s.i.TaskManagementServiceImpl - 任务已解析: taskId=3b81fafd-005c-4dc9-b44d-b3850e76b82c
2026-10-06 10:31:27.581 [pool-2-thread-1] [] WARN  c.c.g.e.d.m.AutoCollectScheduler - AutoCollectScheduler 扫描失败: null
2026-10-06 10:31:27.592 [pool-2-thread-1] [] INFO  c.c.g.r.c.t.s.i.TaskManagementServiceImpl - 任务执行完成: taskId=3b81fafd-005c-4dc9-b44d-b3850e76b82c, status=SUCCEEDED
2026-10-06 10:31:27.594 [pool-2-thread-1] [] INFO  c.c.g.r.c.t.s.TaskSchedulerServiceImpl - 定时任务已提交执行 taskId=3b81fafd-005c-4dc9-b44d-b3850e76b82c taskType=AUTO_COLLECT_SCAN scheduleId=b00131aa-8363-4b6b-98d8-10d2461995bb
2026-10-06 10:32:27.473 [pool-2-thread-1] [] INFO  c.c.g.r.c.t.s.i.TaskManagementServiceImpl - 任务已提交: taskId=3b81fafd-005c-4dc9-b44d-b3850e76b82c, taskName=auto-collect-scan
2026-10-06 10:32:27.475 [pool-2-thread-1] [] INFO  c.c.g.r.c.t.s.i.TaskManagementServiceImpl - 任务已解析: taskId=3b81fafd-005c-4dc9-b44d-b3850e76b82c
2026-10-06 10:32:27.477 [pool-2-thread-1] [] WARN  c.c.g.e.d.m.AutoCollectScheduler - AutoCollectScheduler 扫描失败: null
2026-10-06 10:32:27.479 [pool-2-thread-1] [] INFO  c.c.g.r.c.t.s.i.TaskManagementServiceImpl - 任务执行完成: taskId=3b81fafd-005c-4dc9-b44d-b3850e76b82c, status=SUCCEEDED
2026-10-06 10:32:27.480 [pool-2-thread-1] [] INFO  c.c.g.r.c.t.s.TaskSchedulerServiceImpl - 定时任务已提交执行 taskId=3b81fafd-005c-4dc9-b44d-b3850e76b82c taskType=AUTO_COLLECT_SCAN scheduleId=b00131aa-8363-4b6b-98d8-10d2461995bb
2026-10-06 10:33:27.472 [pool-2-thread-2] [] INFO  c.c.g.r.c.t.s.i.TaskManagementServiceImpl - 任务已提交: taskId=3b81fafd-005c-4dc9-b44d-b3850e76b82c, taskName=auto-collect-scan
2026-10-06 10:33:27.475 [pool-2-thread-2] [] INFO  c.c.g.r.c.t.s.i.TaskManagementServiceImpl - 任务已解析: taskId=3b81fafd-005c-4dc9-b44d-b3850e76b82c
2026-10-06 10:33:27.479 [pool-2-thread-2] [] WARN  c.c.g.e.d.m.AutoCollectScheduler - AutoCollectScheduler 扫描失败: null
2026-10-06 10:33:27.481 [pool-2-thread-2] [] INFO  c.c.g.r.c.t.s.i.TaskManagementServiceImpl - 任务执行完成: taskId=3b81fafd-005c-4dc9-b44d-b3850e76b82c, status=SUCCEEDED
2026-10-06 10:33:27.483 [pool-2-thread-2] [] INFO  c.c.g.r.c.t.s.TaskSchedulerServiceImpl - 定时任务已提交执行 taskId=3b81fafd-005c-4dc9-b44d-b3850e76b82c taskType=AUTO_COLLECT_SCAN scheduleId=b00131aa-8363-4b6b-98d8-10d2461995bb
2026-10-06 10:34:27.481 [pool-2-thread-1] [] INFO  c.c.g.r.c.t.s.i.TaskManagementServiceImpl - 任务已提交: taskId=3b81fafd-005c-4dc9-b44d-b3850e76b82c, taskName=auto-collect-scan
2026-10-06 10:34:27.484 [pool-2-thread-1] [] INFO  c.c.g.r.c.t.s.i.TaskManagementServiceImpl - 任务已解析: taskId=3b81fafd-005c-4dc9-b44d-b3850e76b82c
2026-10-06 10:34:27.488 [pool-2-thread-1] [] WARN  c.c.g.e.d.m.AutoCollectScheduler - AutoCollectScheduler 扫描失败: null
2026-10-06 10:34:27.492 [pool-2-thread-1] [] INFO  c.c.g.r.c.t.s.i.TaskManagementServiceImpl - 任务执行完成: taskId=3b81fafd-005c-4dc9-b44d-b3850e76b82c, status=SUCCEEDED
2026-10-06 10:34:27.494 [pool-2-thread-1] [] INFO  c.c.g.r.c.t.s.TaskSchedulerServiceImpl - 定时任务已提交执行 taskId=3b81fafd-005c-4dc9-b44d-b3850e76b82c taskType=AUTO_COLLECT_SCAN scheduleId=b00131aa-8363-4b6b-98d8-10d2461995bb
2026-10-06 10:35:27.477 [pool-2-thread-3] [] INFO  c.c.g.r.c.t.s.i.TaskManagementServiceImpl - 任务已提交: taskId=3b81fafd-005c-4dc9-b44d-b3850e76b82c, taskName=auto-collect-scan
2026-10-06 10:35:27.480 [pool-2-thread-3] [] INFO  c.c.g.r.c.t.s.i.TaskManagementServiceImpl - 任务已解析: taskId=3b81fafd-005c-4dc9-b44d-b3850e76b82c
2026-10-06 10:35:27.482 [pool-2-thread-3] [] WARN  c.c.g.e.d.m.AutoCollectScheduler - AutoCollectScheduler 扫描失败: null
2026-10-06 10:35:27.484 [pool-2-thread-3] [] INFO  c.c.g.r.c.t.s.i.TaskManagementServiceImpl - 任务执行完成: taskId=3b81fafd-005c-4dc9-b44d-b3850e76b82c, status=SUCCEEDED
2026-10-06 10:35:27.486 [pool-2-thread-3] [] INFO  c.c.g.r.c.t.s.TaskSchedulerServiceImpl - 定时任务已提交执行 taskId=3b81fafd-005c-4dc9-b44d-b3850e76b82c taskType=AUTO_COLLECT_SCAN scheduleId=b00131aa-8363-4b6b-98d8-10d2461995bb
2026-10-06 10:36:27.479 [pool-2-thread-2] [] INFO  c.c.g.r.c.t.s.i.TaskManagementServiceImpl - 任务已提交: taskId=3b81fafd-005c-4dc9-b44d-b3850e76b82c, taskName=auto-collect-scan
2026-10-06 10:36:27.482 [pool-2-thread-2] [] INFO  c.c.g.r.c.t.s.i.TaskManagementServiceImpl - 任务已解析: taskId=3b81fafd-005c-4dc9-b44d-b3850e76b82c
2026-10-06 10:36:27.484 [pool-2-thread-2] [] WARN  c.c.g.e.d.m.AutoCollectScheduler - AutoCollectScheduler 扫描失败: null
2026-10-06 10:36:27.485 [pool-2-thread-2] [] INFO  c.c.g.r.c.t.s.i.TaskManagementServiceImpl - 任务执行完成: taskId=3b81fafd-005c-4dc9-b44d-b3850e76b82c, status=SUCCEEDED
2026-10-06 10:36:27.486 [pool-2-thread-2] [] INFO  c.c.g.r.c.t.s.TaskSchedulerServiceImpl - 定时任务已提交执行 taskId=3b81fafd-005c-4dc9-b44d-b3850e76b82c taskType=AUTO_COLLECT_SCAN scheduleId=b00131aa-8363-4b6b-98d8-10d2461995bb
2026-10-06 10:37:27.475 [pool-2-thread-4] [] INFO  c.c.g.r.c.t.s.i.TaskManagementServiceImpl - 任务已提交: taskId=3b81fafd-005c-4dc9-b44d-b3850e76b82c, taskName=auto-collect-scan
2026-10-06 10:37:27.479 [pool-2-thread-4] [] INFO  c.c.g.r.c.t.s.i.TaskManagementServiceImpl - 任务已解析: taskId=3b81fafd-005c-4dc9-b44d-b3850e76b82c
2026-10-06 10:37:27.482 [pool-2-thread-4] [] WARN  c.c.g.e.d.m.AutoCollectScheduler - AutoCollectScheduler 扫描失败: null
2026-10-06 10:37:27.485 [pool-2-thread-4] [] INFO  c.c.g.r.c.t.s.i.TaskManagementServiceImpl - 任务执行完成: taskId=3b81fafd-005c-4dc9-b44d-b3850e76b82c, status=SUCCEEDED
2026-10-06 10:37:27.487 [pool-2-thread-4] [] INFO  c.c.g.r.c.t.s.TaskSchedulerServiceImpl - 定时任务已提交执行 taskId=3b81fafd-005c-4dc9-b44d-b3850e76b82c taskType=AUTO_COLLECT_SCAN scheduleId=b00131aa-8363-4b6b-98d8-10d2461995bb
2026-10-06 10:38:27.474 [pool-2-thread-1] [] INFO  c.c.g.r.c.t.s.i.TaskManagementServiceImpl - 任务已提交: taskId=3b81fafd-005c-4dc9-b44d-b3850e76b82c, taskName=auto-collect-scan
2026-10-06 10:38:27.476 [pool-2-thread-1] [] INFO  c.c.g.r.c.t.s.i.TaskManagementServiceImpl - 任务已解析: taskId=3b81fafd-005c-4dc9-b44d-b3850e76b82c
2026-10-06 10:38:27.477 [pool-2-thread-1] [] WARN  c.c.g.e.d.m.AutoCollectScheduler - AutoCollectScheduler 扫描失败: null
2026-10-06 10:38:27.478 [pool-2-thread-1] [] INFO  c.c.g.r.c.t.s.i.TaskManagementServiceImpl - 任务执行完成: taskId=3b81fafd-005c-4dc9-b44d-b3850e76b82c, status=SUCCEEDED
2026-10-06 10:38:27.479 [pool-2-thread-1] [] INFO  c.c.g.r.c.t.s.TaskSchedulerServiceImpl - 定时任务已提交执行 taskId=3b81fafd-005c-4dc9-b44d-b3850e76b82c taskType=AUTO_COLLECT_SCAN scheduleId=b00131aa-8363-4b6b-98d8-10d2461995bb
2026-10-06 10:39:27.468 [pool-2-thread-5] [] INFO  c.c.g.r.c.t.s.i.TaskManagementServiceImpl - 任务已提交: taskId=3b81fafd-005c-4dc9-b44d-b3850e76b82c, taskName=auto-collect-scan
2026-10-06 10:39:27.471 [pool-2-thread-5] [] INFO  c.c.g.r.c.t.s.i.TaskManagementServiceImpl - 任务已解析: taskId=3b81fafd-005c-4dc9-b44d-b3850e76b82c
2026-10-06 10:39:27.474 [pool-2-thread-5] [] WARN  c.c.g.e.d.m.AutoCollectScheduler - AutoCollectScheduler 扫描失败: null
2026-10-06 10:39:27.477 [pool-2-thread-5] [] INFO  c.c.g.r.c.t.s.i.TaskManagementServiceImpl - 任务执行完成: taskId=3b81fafd-005c-4dc9-b44d-b3850e76b82c, status=SUCCEEDED
2026-10-06 10:39:27.480 [pool-2-thread-5] [] INFO  c.c.g.r.c.t.s.TaskSchedulerServiceImpl - 定时任务已提交执行 taskId=3b81fafd-005c-4dc9-b44d-b3850e76b82c taskType=AUTO_COLLECT_SCAN scheduleId=b00131aa-8363-4b6b-98d8-10d2461995bb
2026-10-06 10:40:27.472 [pool-2-thread-3] [] INFO  c.c.g.r.c.t.s.i.TaskManagementServiceImpl - 任务已提交: taskId=3b81fafd-005c-4dc9-b44d-b3850e76b82c, taskName=auto-collect-scan
2026-10-06 10:40:27.476 [pool-2-thread-3] [] INFO  c.c.g.r.c.t.s.i.TaskManagementServiceImpl - 任务已解析: taskId=3b81fafd-005c-4dc9-b44d-b3850e76b82c
2026-10-06 10:40:27.478 [pool-2-thread-3] [] WARN  c.c.g.e.d.m.AutoCollectScheduler - AutoCollectScheduler 扫描失败: null
2026-10-06 10:40:27.479 [pool-2-thread-3] [] INFO  c.c.g.r.c.t.s.i.TaskManagementServiceImpl - 任务执行完成: taskId=3b81fafd-005c-4dc9-b44d-b3850e76b82c, status=SUCCEEDED
2026-10-06 10:40:27.481 [pool-2-thread-3] [] INFO  c.c.g.r.c.t.s.TaskSchedulerServiceImpl - 定时任务已提交执行 taskId=3b81fafd-005c-4dc9-b44d-b3850e76b82c taskType=AUTO_COLLECT_SCAN scheduleId=b00131aa-8363-4b6b-98d8-10d2461995bb
2026-10-06 10:41:27.471 [pool-2-thread-3] [] INFO  c.c.g.r.c.t.s.i.TaskManagementServiceImpl - 任务已提交: taskId=3b81fafd-005c-4dc9-b44d-b3850e76b82c, taskName=auto-collect-scan
2026-10-06 10:41:27.473 [pool-2-thread-3] [] INFO  c.c.g.r.c.t.s.i.TaskManagementServiceImpl - 任务已解析: taskId=3b81fafd-005c-4dc9-b44d-b3850e76b82c
2026-10-06 10:41:27.475 [pool-2-thread-3] [] WARN  c.c.g.e.d.m.AutoCollectScheduler - AutoCollectScheduler 扫描失败: null
2026-10-06 10:41:27.476 [pool-2-thread-3] [] INFO  c.c.g.r.c.t.s.i.TaskManagementServiceImpl - 任务执行完成: taskId=3b81fafd-005c-4dc9-b44d-b3850e76b82c, status=SUCCEEDED
2026-10-06 10:41:27.477 [pool-2-thread-3] [] INFO  c.c.g.r.c.t.s.TaskSchedulerServiceImpl - 定时任务已提交执行 taskId=3b81fafd-005c-4dc9-b44d-b3850e76b82c taskType=AUTO_COLLECT_SCAN scheduleId=b00131aa-8363-4b6b-98d8-10d2461995bb
2026-10-06 10:42:27.479 [pool-2-thread-3] [] INFO  c.c.g.r.c.t.s.i.TaskManagementServiceImpl - 任务已提交: taskId=3b81fafd-005c-4dc9-b44d-b3850e76b82c, taskName=auto-collect-scan
2026-10-06 10:42:27.490 [pool-2-thread-3] [] INFO  c.c.g.r.c.t.s.i.TaskManagementServiceImpl - 任务已解析: taskId=3b81fafd-005c-4dc9-b44d-b3850e76b82c
2026-10-06 10:42:27.492 [pool-2-thread-3] [] WARN  c.c.g.e.d.m.AutoCollectScheduler - AutoCollectScheduler 扫描失败: null
2026-10-06 10:42:27.493 [pool-2-thread-3] [] INFO  c.c.g.r.c.t.s.i.TaskManagementServiceImpl - 任务执行完成: taskId=3b81fafd-005c-4dc9-b44d-b3850e76b82c, status=SUCCEEDED
2026-10-06 10:42:27.495 [pool-2-thread-3] [] INFO  c.c.g.r.c.t.s.TaskSchedulerServiceImpl - 定时任务已提交执行 taskId=3b81fafd-005c-4dc9-b44d-b3850e76b82c taskType=AUTO_COLLECT_SCAN scheduleId=b00131aa-8363-4b6b-98d8-10d2461995bb
2026-10-06 10:43:27.481 [pool-2-thread-3] [] INFO  c.c.g.r.c.t.s.i.TaskManagementServiceImpl - 任务已提交: taskId=3b81fafd-005c-4dc9-b44d-b3850e76b82c, taskName=auto-collect-scan
2026-10-06 10:43:27.483 [pool-2-thread-3] [] INFO  c.c.g.r.c.t.s.i.TaskManagementServiceImpl - 任务已解析: taskId=3b81fafd-005c-4dc9-b44d-b3850e76b82c
2026-10-06 10:43:27.484 [pool-2-thread-3] [] WARN  c.c.g.e.d.m.AutoCollectScheduler - AutoCollectScheduler 扫描失败: null
2026-10-06 10:43:27.485 [pool-2-thread-3] [] INFO  c.c.g.r.c.t.s.i.TaskManagementServiceImpl - 任务执行完成: taskId=3b81fafd-005c-4dc9-b44d-b3850e76b82c, status=SUCCEEDED
2026-10-06 10:43:27.486 [pool-2-thread-3] [] INFO  c.c.g.r.c.t.s.TaskSchedulerServiceImpl - 定时任务已提交执行 taskId=3b81fafd-005c-4dc9-b44d-b3850e76b82c taskType=AUTO_COLLECT_SCAN scheduleId=b00131aa-8363-4b6b-98d8-10d2461995bb
2026-10-06 10:44:27.468 [pool-2-thread-3] [] INFO  c.c.g.r.c.t.s.i.TaskManagementServiceImpl - 任务已提交: taskId=3b81fafd-005c-4dc9-b44d-b3850e76b82c, taskName=auto-collect-scan
2026-10-06 10:44:27.471 [pool-2-thread-3] [] INFO  c.c.g.r.c.t.s.i.TaskManagementServiceImpl - 任务已解析: taskId=3b81fafd-005c-4dc9-b44d-b3850e76b82c
2026-10-06 10:44:27.473 [pool-2-thread-3] [] WARN  c.c.g.e.d.m.AutoCollectScheduler - AutoCollectScheduler 扫描失败: null
2026-10-06 10:44:27.475 [pool-2-thread-3] [] INFO  c.c.g.r.c.t.s.i.TaskManagementServiceImpl - 任务执行完成: taskId=3b81fafd-005c-4dc9-b44d-b3850e76b82c, status=SUCCEEDED
2026-10-06 10:44:27.476 [pool-2-thread-3] [] INFO  c.c.g.r.c.t.s.TaskSchedulerServiceImpl - 定时任务已提交执行 taskId=3b81fafd-005c-4dc9-b44d-b3850e76b82c taskType=AUTO_COLLECT_SCAN scheduleId=b00131aa-8363-4b6b-98d8-10d2461995bb
2026-10-06 10:45:27.474 [pool-2-thread-3] [] INFO  c.c.g.r.c.t.s.i.TaskManagementServiceImpl - 任务已提交: taskId=3b81fafd-005c-4dc9-b44d-b3850e76b82c, taskName=auto-collect-scan
2026-10-06 10:45:27.485 [pool-2-thread-3] [] INFO  c.c.g.r.c.t.s.i.TaskManagementServiceImpl - 任务已解析: taskId=3b81fafd-005c-4dc9-b44d-b3850e76b82c
2026-10-06 10:45:27.487 [pool-2-thread-3] [] WARN  c.c.g.e.d.m.AutoCollectScheduler - AutoCollectScheduler 扫描失败: null
2026-10-06 10:45:27.489 [pool-2-thread-3] [] INFO  c.c.g.r.c.t.s.i.TaskManagementServiceImpl - 任务执行完成: taskId=3b81fafd-005c-4dc9-b44d-b3850e76b82c, status=SUCCEEDED
2026-10-06 10:45:27.490 [pool-2-thread-3] [] INFO  c.c.g.r.c.t.s.TaskSchedulerServiceImpl - 定时任务已提交执行 taskId=3b81fafd-005c-4dc9-b44d-b3850e76b82c taskType=AUTO_COLLECT_SCAN scheduleId=b00131aa-8363-4b6b-98d8-10d2461995bb
2026-10-06 10:46:27.478 [pool-2-thread-3] [] INFO  c.c.g.r.c.t.s.i.TaskManagementServiceImpl - 任务已提交: taskId=3b81fafd-005c-4dc9-b44d-b3850e76b82c, taskName=auto-collect-scan
2026-10-06 10:46:27.480 [pool-2-thread-3] [] INFO  c.c.g.r.c.t.s.i.TaskManagementServiceImpl - 任务已解析: taskId=3b81fafd-005c-4dc9-b44d-b3850e76b82c
2026-10-06 10:46:27.484 [pool-2-thread-3] [] WARN  c.c.g.e.d.m.AutoCollectScheduler - AutoCollectScheduler 扫描失败: null
2026-10-06 10:46:27.485 [pool-2-thread-3] [] INFO  c.c.g.r.c.t.s.i.TaskManagementServiceImpl - 任务执行完成: taskId=3b81fafd-005c-4dc9-b44d-b3850e76b82c, status=SUCCEEDED
2026-10-06 10:46:27.486 [pool-2-thread-3] [] INFO  c.c.g.r.c.t.s.TaskSchedulerServiceImpl - 定时任务已提交执行 taskId=3b81fafd-005c-4dc9-b44d-b3850e76b82c taskType=AUTO_COLLECT_SCAN scheduleId=b00131aa-8363-4b6b-98d8-10d2461995bb
2026-10-06 10:47:27.477 [pool-2-thread-3] [] INFO  c.c.g.r.c.t.s.i.TaskManagementServiceImpl - 任务已提交: taskId=3b81fafd-005c-4dc9-b44d-b3850e76b82c, taskName=auto-collect-scan
2026-10-06 10:47:27.479 [pool-2-thread-3] [] INFO  c.c.g.r.c.t.s.i.TaskManagementServiceImpl - 任务已解析: taskId=3b81fafd-005c-4dc9-b44d-b3850e76b82c
2026-10-06 10:47:27.480 [pool-2-thread-3] [] WARN  c.c.g.e.d.m.AutoCollectScheduler - AutoCollectScheduler 扫描失败: null
2026-10-06 10:47:27.482 [pool-2-thread-3] [] INFO  c.c.g.r.c.t.s.i.TaskManagementServiceImpl - 任务执行完成: taskId=3b81fafd-005c-4dc9-b44d-b3850e76b82c, status=SUCCEEDED
2026-10-06 10:47:27.484 [pool-2-thread-3] [] INFO  c.c.g.r.c.t.s.TaskSchedulerServiceImpl - 定时任务已提交执行 taskId=3b81fafd-005c-4dc9-b44d-b3850e76b82c taskType=AUTO_COLLECT_SCAN scheduleId=b00131aa-8363-4b6b-98d8-10d2461995bb
2026-10-06 10:48:27.479 [pool-2-thread-3] [] INFO  c.c.g.r.c.t.s.i.TaskManagementServiceImpl - 任务已提交: taskId=3b81fafd-005c-4dc9-b44d-b3850e76b82c, taskName=auto-collect-scan
2026-10-06 10:48:27.482 [pool-2-thread-3] [] INFO  c.c.g.r.c.t.s.i.TaskManagementServiceImpl - 任务已解析: taskId=3b81fafd-005c-4dc9-b44d-b3850e76b82c
2026-10-06 10:48:27.483 [pool-2-thread-3] [] WARN  c.c.g.e.d.m.AutoCollectScheduler - AutoCollectScheduler 扫描失败: null
2026-10-06 10:48:27.484 [pool-2-thread-3] [] INFO  c.c.g.r.c.t.s.i.TaskManagementServiceImpl - 任务执行完成: taskId=3b81fafd-005c-4dc9-b44d-b3850e76b82c, status=SUCCEEDED
2026-10-06 10:48:27.485 [pool-2-thread-3] [] INFO  c.c.g.r.c.t.s.TaskSchedulerServiceImpl - 定时任务已提交执行 taskId=3b81fafd-005c-4dc9-b44d-b3850e76b82c taskType=AUTO_COLLECT_SCAN scheduleId=b00131aa-8363-4b6b-98d8-10d2461995bb
2026-10-06 10:49:27.474 [pool-2-thread-3] [] INFO  c.c.g.r.c.t.s.i.TaskManagementServiceImpl - 任务已提交: taskId=3b81fafd-005c-4dc9-b44d-b3850e76b82c, taskName=auto-collect-scan
2026-10-06 10:49:27.477 [pool-2-thread-3] [] INFO  c.c.g.r.c.t.s.i.TaskManagementServiceImpl - 任务已解析: taskId=3b81fafd-005c-4dc9-b44d-b3850e76b82c
2026-10-06 10:49:27.479 [pool-2-thread-3] [] WARN  c.c.g.e.d.m.AutoCollectScheduler - AutoCollectScheduler 扫描失败: null
2026-10-06 10:49:27.480 [pool-2-thread-3] [] INFO  c.c.g.r.c.t.s.i.TaskManagementServiceImpl - 任务执行完成: taskId=3b81fafd-005c-4dc9-b44d-b3850e76b82c, status=SUCCEEDED
2026-10-06 10:49:27.481 [pool-2-thread-3] [] INFO  c.c.g.r.c.t.s.TaskSchedulerServiceImpl - 定时任务已提交执行 taskId=3b81fafd-005c-4dc9-b44d-b3850e76b82c taskType=AUTO_COLLECT_SCAN scheduleId=b00131aa-8363-4b6b-98d8-10d2461995bb
2026-10-06 10:50:27.481 [pool-2-thread-3] [] INFO  c.c.g.r.c.t.s.i.TaskManagementServiceImpl - 任务已提交: taskId=3b81fafd-005c-4dc9-b44d-b3850e76b82c, taskName=auto-collect-scan
2026-10-06 10:50:27.493 [pool-2-thread-3] [] INFO  c.c.g.r.c.t.s.i.TaskManagementServiceImpl - 任务已解析: taskId=3b81fafd-005c-4dc9-b44d-b3850e76b82c
2026-10-06 10:50:27.495 [pool-2-thread-3] [] WARN  c.c.g.e.d.m.AutoCollectScheduler - AutoCollectScheduler 扫描失败: null
2026-10-06 10:50:27.498 [pool-2-thread-3] [] INFO  c.c.g.r.c.t.s.i.TaskManagementServiceImpl - 任务执行完成: taskId=3b81fafd-005c-4dc9-b44d-b3850e76b82c, status=SUCCEEDED
2026-10-06 10:50:27.499 [pool-2-thread-3] [] INFO  c.c.g.r.c.t.s.TaskSchedulerServiceImpl - 定时任务已提交执行 taskId=3b81fafd-005c-4dc9-b44d-b3850e76b82c taskType=AUTO_COLLECT_SCAN scheduleId=b00131aa-8363-4b6b-98d8-10d2461995bb
2026-10-06 10:51:27.468 [pool-2-thread-3] [] INFO  c.c.g.r.c.t.s.i.TaskManagementServiceImpl - 任务已提交: taskId=3b81fafd-005c-4dc9-b44d-b3850e76b82c, taskName=auto-collect-scan
2026-10-06 10:51:27.470 [pool-2-thread-3] [] INFO  c.c.g.r.c.t.s.i.TaskManagementServiceImpl - 任务已解析: taskId=3b81fafd-005c-4dc9-b44d-b3850e76b82c
2026-10-06 10:51:27.471 [pool-2-thread-3] [] WARN  c.c.g.e.d.m.AutoCollectScheduler - AutoCollectScheduler 扫描失败: null
2026-10-06 10:51:27.472 [pool-2-thread-3] [] INFO  c.c.g.r.c.t.s.i.TaskManagementServiceImpl - 任务执行完成: taskId=3b81fafd-005c-4dc9-b44d-b3850e76b82c, status=SUCCEEDED
2026-10-06 10:51:27.473 [pool-2-thread-3] [] INFO  c.c.g.r.c.t.s.TaskSchedulerServiceImpl - 定时任务已提交执行 taskId=3b81fafd-005c-4dc9-b44d-b3850e76b82c taskType=AUTO_COLLECT_SCAN scheduleId=b00131aa-8363-4b6b-98d8-10d2461995bb
2026-10-06 10:52:27.476 [pool-2-thread-3] [] INFO  c.c.g.r.c.t.s.i.TaskManagementServiceImpl - 任务已提交: taskId=3b81fafd-005c-4dc9-b44d-b3850e76b82c, taskName=auto-collect-scan
2026-10-06 10:52:27.479 [pool-2-thread-3] [] INFO  c.c.g.r.c.t.s.i.TaskManagementServiceImpl - 任务已解析: taskId=3b81fafd-005c-4dc9-b44d-b3850e76b82c
2026-10-06 10:52:27.481 [pool-2-thread-3] [] WARN  c.c.g.e.d.m.AutoCollectScheduler - AutoCollectScheduler 扫描失败: null
2026-10-06 10:52:27.483 [pool-2-thread-3] [] INFO  c.c.g.r.c.t.s.i.TaskManagementServiceImpl - 任务执行完成: taskId=3b81fafd-005c-4dc9-b44d-b3850e76b82c, status=SUCCEEDED
2026-10-06 10:52:27.484 [pool-2-thread-3] [] INFO  c.c.g.r.c.t.s.TaskSchedulerServiceImpl - 定时任务已提交执行 taskId=3b81fafd-005c-4dc9-b44d-b3850e76b82c taskType=AUTO_COLLECT_SCAN scheduleId=b00131aa-8363-4b6b-98d8-10d2461995bb
2026-10-06 10:53:27.475 [pool-2-thread-3] [] INFO  c.c.g.r.c.t.s.i.TaskManagementServiceImpl - 任务已提交: taskId=3b81fafd-005c-4dc9-b44d-b3850e76b82c, taskName=auto-collect-scan
2026-10-06 10:53:27.478 [pool-2-thread-3] [] INFO  c.c.g.r.c.t.s.i.TaskManagementServiceImpl - 任务已解析: taskId=3b81fafd-005c-4dc9-b44d-b3850e76b82c
2026-10-06 10:53:27.480 [pool-2-thread-3] [] WARN  c.c.g.e.d.m.AutoCollectScheduler - AutoCollectScheduler 扫描失败: null
2026-10-06 10:53:27.482 [pool-2-thread-3] [] INFO  c.c.g.r.c.t.s.i.TaskManagementServiceImpl - 任务执行完成: taskId=3b81fafd-005c-4dc9-b44d-b3850e76b82c, status=SUCCEEDED
2026-10-06 10:53:27.483 [pool-2-thread-3] [] INFO  c.c.g.r.c.t.s.TaskSchedulerServiceImpl - 定时任务已提交执行 taskId=3b81fafd-005c-4dc9-b44d-b3850e76b82c taskType=AUTO_COLLECT_SCAN scheduleId=b00131aa-8363-4b6b-98d8-10d2461995bb
2026-10-06 10:54:27.478 [pool-2-thread-3] [] INFO  c.c.g.r.c.t.s.i.TaskManagementServiceImpl - 任务已提交: taskId=3b81fafd-005c-4dc9-b44d-b3850e76b82c, taskName=auto-collect-scan
2026-10-06 10:54:27.480 [pool-2-thread-3] [] INFO  c.c.g.r.c.t.s.i.TaskManagementServiceImpl - 任务已解析: taskId=3b81fafd-005c-4dc9-b44d-b3850e76b82c
2026-10-06 10:54:27.482 [pool-2-thread-3] [] WARN  c.c.g.e.d.m.AutoCollectScheduler - AutoCollectScheduler 扫描失败: null
2026-10-06 10:54:27.483 [pool-2-thread-3] [] INFO  c.c.g.r.c.t.s.i.TaskManagementServiceImpl - 任务执行完成: taskId=3b81fafd-005c-4dc9-b44d-b3850e76b82c, status=SUCCEEDED
2026-10-06 10:54:27.484 [pool-2-thread-3] [] INFO  c.c.g.r.c.t.s.TaskSchedulerServiceImpl - 定时任务已提交执行 taskId=3b81fafd-005c-4dc9-b44d-b3850e76b82c taskType=AUTO_COLLECT_SCAN scheduleId=b00131aa-8363-4b6b-98d8-10d2461995bb
2026-10-06 10:55:27.467 [pool-2-thread-3] [] INFO  c.c.g.r.c.t.s.i.TaskManagementServiceImpl - 任务已提交: taskId=3b81fafd-005c-4dc9-b44d-b3850e76b82c, taskName=auto-collect-scan
2026-10-06 10:55:27.469 [pool-2-thread-3] [] INFO  c.c.g.r.c.t.s.i.TaskManagementServiceImpl - 任务已解析: taskId=3b81fafd-005c-4dc9-b44d-b3850e76b82c
2026-10-06 10:55:27.472 [pool-2-thread-3] [] WARN  c.c.g.e.d.m.AutoCollectScheduler - AutoCollectScheduler 扫描失败: null
2026-10-06 10:55:27.473 [pool-2-thread-3] [] INFO  c.c.g.r.c.t.s.i.TaskManagementServiceImpl - 任务执行完成: taskId=3b81fafd-005c-4dc9-b44d-b3850e76b82c, status=SUCCEEDED
2026-10-06 10:55:27.475 [pool-2-thread-3] [] INFO  c.c.g.r.c.t.s.TaskSchedulerServiceImpl - 定时任务已提交执行 taskId=3b81fafd-005c-4dc9-b44d-b3850e76b82c taskType=AUTO_COLLECT_SCAN scheduleId=b00131aa-8363-4b6b-98d8-10d2461995bb
2026-10-06 10:56:27.480 [pool-2-thread-3] [] INFO  c.c.g.r.c.t.s.i.TaskManagementServiceImpl - 任务已提交: taskId=3b81fafd-005c-4dc9-b44d-b3850e76b82c, taskName=auto-collect-scan
2026-10-06 10:56:27.491 [pool-2-thread-3] [] INFO  c.c.g.r.c.t.s.i.TaskManagementServiceImpl - 任务已解析: taskId=3b81fafd-005c-4dc9-b44d-b3850e76b82c
2026-10-06 10:56:27.492 [pool-2-thread-3] [] WARN  c.c.g.e.d.m.AutoCollectScheduler - AutoCollectScheduler 扫描失败: null
2026-10-06 10:56:27.493 [pool-2-thread-3] [] INFO  c.c.g.r.c.t.s.i.TaskManagementServiceImpl - 任务执行完成: taskId=3b81fafd-005c-4dc9-b44d-b3850e76b82c, status=SUCCEEDED
2026-10-06 10:56:27.493 [pool-2-thread-3] [] INFO  c.c.g.r.c.t.s.TaskSchedulerServiceImpl - 定时任务已提交执行 taskId=3b81fafd-005c-4dc9-b44d-b3850e76b82c taskType=AUTO_COLLECT_SCAN scheduleId=b00131aa-8363-4b6b-98d8-10d2461995bb
2026-10-06 10:57:27.478 [pool-2-thread-3] [] INFO  c.c.g.r.c.t.s.i.TaskManagementServiceImpl - 任务已提交: taskId=3b81fafd-005c-4dc9-b44d-b3850e76b82c, taskName=auto-collect-scan
2026-10-06 10:57:27.490 [pool-2-thread-3] [] INFO  c.c.g.r.c.t.s.i.TaskManagementServiceImpl - 任务已解析: taskId=3b81fafd-005c-4dc9-b44d-b3850e76b82c
2026-10-06 10:57:27.492 [pool-2-thread-3] [] WARN  c.c.g.e.d.m.AutoCollectScheduler - AutoCollectScheduler 扫描失败: null
2026-10-06 10:57:27.493 [pool-2-thread-3] [] INFO  c.c.g.r.c.t.s.i.TaskManagementServiceImpl - 任务执行完成: taskId=3b81fafd-005c-4dc9-b44d-b3850e76b82c, status=SUCCEEDED
2026-10-06 10:57:27.494 [pool-2-thread-3] [] INFO  c.c.g.r.c.t.s.TaskSchedulerServiceImpl - 定时任务已提交执行 taskId=3b81fafd-005c-4dc9-b44d-b3850e76b82c taskType=AUTO_COLLECT_SCAN scheduleId=b00131aa-8363-4b6b-98d8-10d2461995bb
2026-10-06 10:58:27.470 [pool-2-thread-3] [] INFO  c.c.g.r.c.t.s.i.TaskManagementServiceImpl - 任务已提交: taskId=3b81fafd-005c-4dc9-b44d-b3850e76b82c, taskName=auto-collect-scan
2026-10-06 10:58:27.483 [pool-2-thread-3] [] INFO  c.c.g.r.c.t.s.i.TaskManagementServiceImpl - 任务已解析: taskId=3b81fafd-005c-4dc9-b44d-b3850e76b82c
2026-10-06 10:58:27.484 [pool-2-thread-3] [] WARN  c.c.g.e.d.m.AutoCollectScheduler - AutoCollectScheduler 扫描失败: null
2026-10-06 10:58:27.486 [pool-2-thread-3] [] INFO  c.c.g.r.c.t.s.i.TaskManagementServiceImpl - 任务执行完成: taskId=3b81fafd-005c-4dc9-b44d-b3850e76b82c, status=SUCCEEDED
2026-10-06 10:58:27.487 [pool-2-thread-3] [] INFO  c.c.g.r.c.t.s.TaskSchedulerServiceImpl - 定时任务已提交执行 taskId=3b81fafd-005c-4dc9-b44d-b3850e76b82c taskType=AUTO_COLLECT_SCAN scheduleId=b00131aa-8363-4b6b-98d8-10d2461995bb
2026-10-06 10:59:27.480 [pool-2-thread-3] [] INFO  c.c.g.r.c.t.s.i.TaskManagementServiceImpl - 任务已提交: taskId=3b81fafd-005c-4dc9-b44d-b3850e76b82c, taskName=auto-collect-scan
2026-10-06 10:59:27.482 [pool-2-thread-3] [] INFO  c.c.g.r.c.t.s.i.TaskManagementServiceImpl - 任务已解析: taskId=3b81fafd-005c-4dc9-b44d-b3850e76b82c
2026-10-06 10:59:27.483 [pool-2-thread-3] [] WARN  c.c.g.e.d.m.AutoCollectScheduler - AutoCollectScheduler 扫描失败: null
2026-10-06 10:59:27.484 [pool-2-thread-3] [] INFO  c.c.g.r.c.t.s.i.TaskManagementServiceImpl - 任务执行完成: taskId=3b81fafd-005c-4dc9-b44d-b3850e76b82c, status=SUCCEEDED
2026-10-06 10:59:27.485 [pool-2-thread-3] [] INFO  c.c.g.r.c.t.s.TaskSchedulerServiceImpl - 定时任务已提交执行 taskId=3b81fafd-005c-4dc9-b44d-b3850e76b82c taskType=AUTO_COLLECT_SCAN scheduleId=b00131aa-8363-4b6b-98d8-10d2461995bb
2026-10-06 11:00:27.476 [pool-2-thread-3] [] INFO  c.c.g.r.c.t.s.i.TaskManagementServiceImpl - 任务已提交: taskId=3b81fafd-005c-4dc9-b44d-b3850e76b82c, taskName=auto-collect-scan
2026-10-06 11:00:27.480 [pool-2-thread-3] [] INFO  c.c.g.r.c.t.s.i.TaskManagementServiceImpl - 任务已解析: taskId=3b81fafd-005c-4dc9-b44d-b3850e76b82c
2026-10-06 11:00:27.481 [pool-2-thread-3] [] WARN  c.c.g.e.d.m.AutoCollectScheduler - AutoCollectScheduler 扫描失败: null
2026-10-06 11:00:27.482 [pool-2-thread-3] [] INFO  c.c.g.r.c.t.s.i.TaskManagementServiceImpl - 任务执行完成: taskId=3b81fafd-005c-4dc9-b44d-b3850e76b82c, status=SUCCEEDED
2026-10-06 11:00:27.483 [pool-2-thread-3] [] INFO  c.c.g.r.c.t.s.TaskSchedulerServiceImpl - 定时任务已提交执行 taskId=3b81fafd-005c-4dc9-b44d-b3850e76b82c taskType=AUTO_COLLECT_SCAN scheduleId=b00131aa-8363-4b6b-98d8-10d2461995bb
2026-10-06 11:01:27.469 [pool-2-thread-3] [] INFO  c.c.g.r.c.t.s.i.TaskManagementServiceImpl - 任务已提交: taskId=3b81fafd-005c-4dc9-b44d-b3850e76b82c, taskName=auto-collect-scan
2026-10-06 11:01:27.472 [pool-2-thread-3] [] INFO  c.c.g.r.c.t.s.i.TaskManagementServiceImpl - 任务已解析: taskId=3b81fafd-005c-4dc9-b44d-b3850e76b82c
2026-10-06 11:01:27.475 [pool-2-thread-3] [] WARN  c.c.g.e.d.m.AutoCollectScheduler - AutoCollectScheduler 扫描失败: null
2026-10-06 11:01:27.477 [pool-2-thread-3] [] INFO  c.c.g.r.c.t.s.i.TaskManagementServiceImpl - 任务执行完成: taskId=3b81fafd-005c-4dc9-b44d-b3850e76b82c, status=SUCCEEDED
2026-10-06 11:01:27.478 [pool-2-thread-3] [] INFO  c.c.g.r.c.t.s.TaskSchedulerServiceImpl - 定时任务已提交执行 taskId=3b81fafd-005c-4dc9-b44d-b3850e76b82c taskType=AUTO_COLLECT_SCAN scheduleId=b00131aa-8363-4b6b-98d8-10d2461995bb
2026-10-06 11:02:27.478 [pool-2-thread-3] [] INFO  c.c.g.r.c.t.s.i.TaskManagementServiceImpl - 任务已提交: taskId=3b81fafd-005c-4dc9-b44d-b3850e76b82c, taskName=auto-collect-scan
2026-10-06 11:02:27.489 [pool-2-thread-3] [] INFO  c.c.g.r.c.t.s.i.TaskManagementServiceImpl - 任务已解析: taskId=3b81fafd-005c-4dc9-b44d-b3850e76b82c
2026-10-06 11:02:27.491 [pool-2-thread-3] [] WARN  c.c.g.e.d.m.AutoCollectScheduler - AutoCollectScheduler 扫描失败: null
2026-10-06 11:02:27.493 [pool-2-thread-3] [] INFO  c.c.g.r.c.t.s.i.TaskManagementServiceImpl - 任务执行完成: taskId=3b81fafd-005c-4dc9-b44d-b3850e76b82c, status=SUCCEEDED
2026-10-06 11:02:27.494 [pool-2-thread-3] [] INFO  c.c.g.r.c.t.s.TaskSchedulerServiceImpl - 定时任务已提交执行 taskId=3b81fafd-005c-4dc9-b44d-b3850e76b82c taskType=AUTO_COLLECT_SCAN scheduleId=b00131aa-8363-4b6b-98d8-10d2461995bb
2026-10-06 11:03:27.469 [pool-2-thread-3] [] INFO  c.c.g.r.c.t.s.i.TaskManagementServiceImpl - 任务已提交: taskId=3b81fafd-005c-4dc9-b44d-b3850e76b82c, taskName=auto-collect-scan
2026-10-06 11:03:27.480 [pool-2-thread-3] [] INFO  c.c.g.r.c.t.s.i.TaskManagementServiceImpl - 任务已解析: taskId=3b81fafd-005c-4dc9-b44d-b3850e76b82c
2026-10-06 11:03:27.481 [pool-2-thread-3] [] WARN  c.c.g.e.d.m.AutoCollectScheduler - AutoCollectScheduler 扫描失败: null
2026-10-06 11:03:27.482 [pool-2-thread-3] [] INFO  c.c.g.r.c.t.s.i.TaskManagementServiceImpl - 任务执行完成: taskId=3b81fafd-005c-4dc9-b44d-b3850e76b82c, status=SUCCEEDED
2026-10-06 11:03:27.482 [pool-2-thread-3] [] INFO  c.c.g.r.c.t.s.TaskSchedulerServiceImpl - 定时任务已提交执行 taskId=3b81fafd-005c-4dc9-b44d-b3850e76b82c taskType=AUTO_COLLECT_SCAN scheduleId=b00131aa-8363-4b6b-98d8-10d2461995bb
2026-10-06 11:04:27.479 [pool-2-thread-3] [] INFO  c.c.g.r.c.t.s.i.TaskManagementServiceImpl - 任务已提交: taskId=3b81fafd-005c-4dc9-b44d-b3850e76b82c, taskName=auto-collect-scan
2026-10-06 11:04:27.490 [pool-2-thread-3] [] INFO  c.c.g.r.c.t.s.i.TaskManagementServiceImpl - 任务已解析: taskId=3b81fafd-005c-4dc9-b44d-b3850e76b82c
2026-10-06 11:04:27.492 [pool-2-thread-3] [] WARN  c.c.g.e.d.m.AutoCollectScheduler - AutoCollectScheduler 扫描失败: null
2026-10-06 11:04:27.493 [pool-2-thread-3] [] INFO  c.c.g.r.c.t.s.i.TaskManagementServiceImpl - 任务执行完成: taskId=3b81fafd-005c-4dc9-b44d-b3850e76b82c, status=SUCCEEDED
2026-10-06 11:04:27.494 [pool-2-thread-3] [] INFO  c.c.g.r.c.t.s.TaskSchedulerServiceImpl - 定时任务已提交执行 taskId=3b81fafd-005c-4dc9-b44d-b3850e76b82c taskType=AUTO_COLLECT_SCAN scheduleId=b00131aa-8363-4b6b-98d8-10d2461995bb
2026-10-06 11:05:27.471 [pool-2-thread-3] [] INFO  c.c.g.r.c.t.s.i.TaskManagementServiceImpl - 任务已提交: taskId=3b81fafd-005c-4dc9-b44d-b3850e76b82c, taskName=auto-collect-scan
2026-10-06 11:05:27.482 [pool-2-thread-3] [] INFO  c.c.g.r.c.t.s.i.TaskManagementServiceImpl - 任务已解析: taskId=3b81fafd-005c-4dc9-b44d-b3850e76b82c
2026-10-06 11:05:27.484 [pool-2-thread-3] [] WARN  c.c.g.e.d.m.AutoCollectScheduler - AutoCollectScheduler 扫描失败: null
2026-10-06 11:05:27.485 [pool-2-thread-3] [] INFO  c.c.g.r.c.t.s.i.TaskManagementServiceImpl - 任务执行完成: taskId=3b81fafd-005c-4dc9-b44d-b3850e76b82c, status=SUCCEEDED
2026-10-06 11:05:27.486 [pool-2-thread-3] [] INFO  c.c.g.r.c.t.s.TaskSchedulerServiceImpl - 定时任务已提交执行 taskId=3b81fafd-005c-4dc9-b44d-b3850e76b82c taskType=AUTO_COLLECT_SCAN scheduleId=b00131aa-8363-4b6b-98d8-10d2461995bb
2026-10-06 11:06:27.474 [pool-2-thread-3] [] INFO  c.c.g.r.c.t.s.i.TaskManagementServiceImpl - 任务已提交: taskId=3b81fafd-005c-4dc9-b44d-b3850e76b82c, taskName=auto-collect-scan
2026-10-06 11:06:27.475 [pool-2-thread-3] [] INFO  c.c.g.r.c.t.s.i.TaskManagementServiceImpl - 任务已解析: taskId=3b81fafd-005c-4dc9-b44d-b3850e76b82c
2026-10-06 11:06:27.477 [pool-2-thread-3] [] WARN  c.c.g.e.d.m.AutoCollectScheduler - AutoCollectScheduler 扫描失败: null
2026-10-06 11:06:27.479 [pool-2-thread-3] [] INFO  c.c.g.r.c.t.s.i.TaskManagementServiceImpl - 任务执行完成: taskId=3b81fafd-005c-4dc9-b44d-b3850e76b82c, status=SUCCEEDED
2026-10-06 11:06:27.480 [pool-2-thread-3] [] INFO  c.c.g.r.c.t.s.TaskSchedulerServiceImpl - 定时任务已提交执行 taskId=3b81fafd-005c-4dc9-b44d-b3850e76b82c taskType=AUTO_COLLECT_SCAN scheduleId=b00131aa-8363-4b6b-98d8-10d2461995bb
2026-10-06 11:07:27.478 [pool-2-thread-3] [] INFO  c.c.g.r.c.t.s.i.TaskManagementServiceImpl - 任务已提交: taskId=3b81fafd-005c-4dc9-b44d-b3850e76b82c, taskName=auto-collect-scan
2026-10-06 11:07:27.480 [pool-2-thread-3] [] INFO  c.c.g.r.c.t.s.i.TaskManagementServiceImpl - 任务已解析: taskId=3b81fafd-005c-4dc9-b44d-b3850e76b82c
2026-10-06 11:07:27.481 [pool-2-thread-3] [] WARN  c.c.g.e.d.m.AutoCollectScheduler - AutoCollectScheduler 扫描失败: null
2026-10-06 11:07:27.482 [pool-2-thread-3] [] INFO  c.c.g.r.c.t.s.i.TaskManagementServiceImpl - 任务执行完成: taskId=3b81fafd-005c-4dc9-b44d-b3850e76b82c, status=SUCCEEDED
2026-10-06 11:07:27.483 [pool-2-thread-3] [] INFO  c.c.g.r.c.t.s.TaskSchedulerServiceImpl - 定时任务已提交执行 taskId=3b81fafd-005c-4dc9-b44d-b3850e76b82c taskType=AUTO_COLLECT_SCAN scheduleId=b00131aa-8363-4b6b-98d8-10d2461995bb
2026-10-06 11:08:27.480 [pool-2-thread-3] [] INFO  c.c.g.r.c.t.s.i.TaskManagementServiceImpl - 任务已提交: taskId=3b81fafd-005c-4dc9-b44d-b3850e76b82c, taskName=auto-collect-scan
2026-10-06 11:08:27.490 [pool-2-thread-3] [] INFO  c.c.g.r.c.t.s.i.TaskManagementServiceImpl - 任务已解析: taskId=3b81fafd-005c-4dc9-b44d-b3850e76b82c
2026-10-06 11:08:27.492 [pool-2-thread-3] [] WARN  c.c.g.e.d.m.AutoCollectScheduler - AutoCollectScheduler 扫描失败: null
2026-10-06 11:08:27.492 [pool-2-thread-3] [] INFO  c.c.g.r.c.t.s.i.TaskManagementServiceImpl - 任务执行完成: taskId=3b81fafd-005c-4dc9-b44d-b3850e76b82c, status=SUCCEEDED
2026-10-06 11:08:27.494 [pool-2-thread-3] [] INFO  c.c.g.r.c.t.s.TaskSchedulerServiceImpl - 定时任务已提交执行 taskId=3b81fafd-005c-4dc9-b44d-b3850e76b82c taskType=AUTO_COLLECT_SCAN scheduleId=b00131aa-8363-4b6b-98d8-10d2461995bb
2026-10-06 11:09:27.481 [pool-2-thread-3] [] INFO  c.c.g.r.c.t.s.i.TaskManagementServiceImpl - 任务已提交: taskId=3b81fafd-005c-4dc9-b44d-b3850e76b82c, taskName=auto-collect-scan
2026-10-06 11:09:27.482 [pool-2-thread-3] [] INFO  c.c.g.r.c.t.s.i.TaskManagementServiceImpl - 任务已解析: taskId=3b81fafd-005c-4dc9-b44d-b3850e76b82c
2026-10-06 11:09:27.484 [pool-2-thread-3] [] WARN  c.c.g.e.d.m.AutoCollectScheduler - AutoCollectScheduler 扫描失败: null
2026-10-06 11:09:27.485 [pool-2-thread-3] [] INFO  c.c.g.r.c.t.s.i.TaskManagementServiceImpl - 任务执行完成: taskId=3b81fafd-005c-4dc9-b44d-b3850e76b82c, status=SUCCEEDED
2026-10-06 11:09:27.486 [pool-2-thread-3] [] INFO  c.c.g.r.c.t.s.TaskSchedulerServiceImpl - 定时任务已提交执行 taskId=3b81fafd-005c-4dc9-b44d-b3850e76b82c taskType=AUTO_COLLECT_SCAN scheduleId=b00131aa-8363-4b6b-98d8-10d2461995bb
2026-10-06 11:10:27.476 [pool-2-thread-3] [] INFO  c.c.g.r.c.t.s.i.TaskManagementServiceImpl - 任务已提交: taskId=3b81fafd-005c-4dc9-b44d-b3850e76b82c, taskName=auto-collect-scan
2026-10-06 11:10:27.489 [pool-2-thread-3] [] INFO  c.c.g.r.c.t.s.i.TaskManagementServiceImpl - 任务已解析: taskId=3b81fafd-005c-4dc9-b44d-b3850e76b82c
2026-10-06 11:10:27.491 [pool-2-thread-3] [] WARN  c.c.g.e.d.m.AutoCollectScheduler - AutoCollectScheduler 扫描失败: null
2026-10-06 11:10:27.492 [pool-2-thread-3] [] INFO  c.c.g.r.c.t.s.i.TaskManagementServiceImpl - 任务执行完成: taskId=3b81fafd-005c-4dc9-b44d-b3850e76b82c, status=SUCCEEDED
2026-10-06 11:10:27.494 [pool-2-thread-3] [] INFO  c.c.g.r.c.t.s.TaskSchedulerServiceImpl - 定时任务已提交执行 taskId=3b81fafd-005c-4dc9-b44d-b3850e76b82c taskType=AUTO_COLLECT_SCAN scheduleId=b00131aa-8363-4b6b-98d8-10d2461995bb
2026-10-06 11:11:27.476 [pool-2-thread-3] [] INFO  c.c.g.r.c.t.s.i.TaskManagementServiceImpl - 任务已提交: taskId=3b81fafd-005c-4dc9-b44d-b3850e76b82c, taskName=auto-collect-scan
2026-10-06 11:11:27.478 [pool-2-thread-3] [] INFO  c.c.g.r.c.t.s.i.TaskManagementServiceImpl - 任务已解析: taskId=3b81fafd-005c-4dc9-b44d-b3850e76b82c
2026-10-06 11:11:27.479 [pool-2-thread-3] [] WARN  c.c.g.e.d.m.AutoCollectScheduler - AutoCollectScheduler 扫描失败: null
2026-10-06 11:11:27.480 [pool-2-thread-3] [] INFO  c.c.g.r.c.t.s.i.TaskManagementServiceImpl - 任务执行完成: taskId=3b81fafd-005c-4dc9-b44d-b3850e76b82c, status=SUCCEEDED
2026-10-06 11:11:27.481 [pool-2-thread-3] [] INFO  c.c.g.r.c.t.s.TaskSchedulerServiceImpl - 定时任务已提交执行 taskId=3b81fafd-005c-4dc9-b44d-b3850e76b82c taskType=AUTO_COLLECT_SCAN scheduleId=b00131aa-8363-4b6b-98d8-10d2461995bb
2026-10-06 11:12:27.472 [pool-2-thread-3] [] INFO  c.c.g.r.c.t.s.i.TaskManagementServiceImpl - 任务已提交: taskId=3b81fafd-005c-4dc9-b44d-b3850e76b82c, taskName=auto-collect-scan
2026-10-06 11:12:27.474 [pool-2-thread-3] [] INFO  c.c.g.r.c.t.s.i.TaskManagementServiceImpl - 任务已解析: taskId=3b81fafd-005c-4dc9-b44d-b3850e76b82c
2026-10-06 11:12:27.475 [pool-2-thread-3] [] WARN  c.c.g.e.d.m.AutoCollectScheduler - AutoCollectScheduler 扫描失败: null
2026-10-06 11:12:27.475 [pool-2-thread-3] [] INFO  c.c.g.r.c.t.s.i.TaskManagementServiceImpl - 任务执行完成: taskId=3b81fafd-005c-4dc9-b44d-b3850e76b82c, status=SUCCEEDED
2026-10-06 11:12:27.476 [pool-2-thread-3] [] INFO  c.c.g.r.c.t.s.TaskSchedulerServiceImpl - 定时任务已提交执行 taskId=3b81fafd-005c-4dc9-b44d-b3850e76b82c taskType=AUTO_COLLECT_SCAN scheduleId=b00131aa-8363-4b6b-98d8-10d2461995bb
2026-10-06 11:13:27.475 [pool-2-thread-3] [] INFO  c.c.g.r.c.t.s.i.TaskManagementServiceImpl - 任务已提交: taskId=3b81fafd-005c-4dc9-b44d-b3850e76b82c, taskName=auto-collect-scan
2026-10-06 11:13:27.480 [pool-2-thread-3] [] INFO  c.c.g.r.c.t.s.i.TaskManagementServiceImpl - 任务已解析: taskId=3b81fafd-005c-4dc9-b44d-b3850e76b82c
2026-10-06 11:13:27.483 [pool-2-thread-3] [] WARN  c.c.g.e.d.m.AutoCollectScheduler - AutoCollectScheduler 扫描失败: null
2026-10-06 11:13:27.485 [pool-2-thread-3] [] INFO  c.c.g.r.c.t.s.i.TaskManagementServiceImpl - 任务执行完成: taskId=3b81fafd-005c-4dc9-b44d-b3850e76b82c, status=SUCCEEDED
2026-10-06 11:13:27.487 [pool-2-thread-3] [] INFO  c.c.g.r.c.t.s.TaskSchedulerServiceImpl - 定时任务已提交执行 taskId=3b81fafd-005c-4dc9-b44d-b3850e76b82c taskType=AUTO_COLLECT_SCAN scheduleId=b00131aa-8363-4b6b-98d8-10d2461995bb
2026-10-06 11:14:27.480 [pool-2-thread-3] [] INFO  c.c.g.r.c.t.s.i.TaskManagementServiceImpl - 任务已提交: taskId=3b81fafd-005c-4dc9-b44d-b3850e76b82c, taskName=auto-collect-scan
2026-10-06 11:14:27.483 [pool-2-thread-3] [] INFO  c.c.g.r.c.t.s.i.TaskManagementServiceImpl - 任务已解析: taskId=3b81fafd-005c-4dc9-b44d-b3850e76b82c
2026-10-06 11:14:27.486 [pool-2-thread-3] [] WARN  c.c.g.e.d.m.AutoCollectScheduler - AutoCollectScheduler 扫描失败: null
2026-10-06 11:14:27.489 [pool-2-thread-3] [] INFO  c.c.g.r.c.t.s.i.TaskManagementServiceImpl - 任务执行完成: taskId=3b81fafd-005c-4dc9-b44d-b3850e76b82c, status=SUCCEEDED
2026-10-06 11:14:27.490 [pool-2-thread-3] [] INFO  c.c.g.r.c.t.s.TaskSchedulerServiceImpl - 定时任务已提交执行 taskId=3b81fafd-005c-4dc9-b44d-b3850e76b82c taskType=AUTO_COLLECT_SCAN scheduleId=b00131aa-8363-4b6b-98d8-10d2461995bb
2026-10-06 11:15:27.472 [pool-2-thread-3] [] INFO  c.c.g.r.c.t.s.i.TaskManagementServiceImpl - 任务已提交: taskId=3b81fafd-005c-4dc9-b44d-b3850e76b82c, taskName=auto-collect-scan
2026-10-06 11:15:27.474 [pool-2-thread-3] [] INFO  c.c.g.r.c.t.s.i.TaskManagementServiceImpl - 任务已解析: taskId=3b81fafd-005c-4dc9-b44d-b3850e76b82c
2026-10-06 11:15:27.476 [pool-2-thread-3] [] WARN  c.c.g.e.d.m.AutoCollectScheduler - AutoCollectScheduler 扫描失败: null
2026-10-06 11:15:27.477 [pool-2-thread-3] [] INFO  c.c.g.r.c.t.s.i.TaskManagementServiceImpl - 任务执行完成: taskId=3b81fafd-005c-4dc9-b44d-b3850e76b82c, status=SUCCEEDED
2026-10-06 11:15:27.477 [pool-2-thread-3] [] INFO  c.c.g.r.c.t.s.TaskSchedulerServiceImpl - 定时任务已提交执行 taskId=3b81fafd-005c-4dc9-b44d-b3850e76b82c taskType=AUTO_COLLECT_SCAN scheduleId=b00131aa-8363-4b6b-98d8-10d2461995bb
2026-10-06 11:16:27.476 [pool-2-thread-3] [] INFO  c.c.g.r.c.t.s.i.TaskManagementServiceImpl - 任务已提交: taskId=3b81fafd-005c-4dc9-b44d-b3850e76b82c, taskName=auto-collect-scan
2026-10-06 11:16:27.479 [pool-2-thread-3] [] INFO  c.c.g.r.c.t.s.i.TaskManagementServiceImpl - 任务已解析: taskId=3b81fafd-005c-4dc9-b44d-b3850e76b82c
2026-10-06 11:16:27.480 [pool-2-thread-3] [] WARN  c.c.g.e.d.m.AutoCollectScheduler - AutoCollectScheduler 扫描失败: null
2026-10-06 11:16:27.481 [pool-2-thread-3] [] INFO  c.c.g.r.c.t.s.i.TaskManagementServiceImpl - 任务执行完成: taskId=3b81fafd-005c-4dc9-b44d-b3850e76b82c, status=SUCCEEDED
2026-10-06 11:16:27.482 [pool-2-thread-3] [] INFO  c.c.g.r.c.t.s.TaskSchedulerServiceImpl - 定时任务已提交执行 taskId=3b81fafd-005c-4dc9-b44d-b3850e76b82c taskType=AUTO_COLLECT_SCAN scheduleId=b00131aa-8363-4b6b-98d8-10d2461995bb
2026-10-06 11:17:27.475 [pool-2-thread-3] [] INFO  c.c.g.r.c.t.s.i.TaskManagementServiceImpl - 任务已提交: taskId=3b81fafd-005c-4dc9-b44d-b3850e76b82c, taskName=auto-collect-scan
2026-10-06 11:17:27.485 [pool-2-thread-3] [] INFO  c.c.g.r.c.t.s.i.TaskManagementServiceImpl - 任务已解析: taskId=3b81fafd-005c-4dc9-b44d-b3850e76b82c
2026-10-06 11:17:27.486 [pool-2-thread-3] [] WARN  c.c.g.e.d.m.AutoCollectScheduler - AutoCollectScheduler 扫描失败: null
2026-10-06 11:17:27.487 [pool-2-thread-3] [] INFO  c.c.g.r.c.t.s.i.TaskManagementServiceImpl - 任务执行完成: taskId=3b81fafd-005c-4dc9-b44d-b3850e76b82c, status=SUCCEEDED
2026-10-06 11:17:27.488 [pool-2-thread-3] [] INFO  c.c.g.r.c.t.s.TaskSchedulerServiceImpl - 定时任务已提交执行 taskId=3b81fafd-005c-4dc9-b44d-b3850e76b82c taskType=AUTO_COLLECT_SCAN scheduleId=b00131aa-8363-4b6b-98d8-10d2461995bb
2026-10-06 11:18:27.478 [pool-2-thread-3] [] INFO  c.c.g.r.c.t.s.i.TaskManagementServiceImpl - 任务已提交: taskId=3b81fafd-005c-4dc9-b44d-b3850e76b82c, taskName=auto-collect-scan
2026-10-06 11:18:27.479 [pool-2-thread-3] [] INFO  c.c.g.r.c.t.s.i.TaskManagementServiceImpl - 任务已解析: taskId=3b81fafd-005c-4dc9-b44d-b3850e76b82c
2026-10-06 11:18:27.482 [pool-2-thread-3] [] WARN  c.c.g.e.d.m.AutoCollectScheduler - AutoCollectScheduler 扫描失败: null
2026-10-06 11:18:27.483 [pool-2-thread-3] [] INFO  c.c.g.r.c.t.s.i.TaskManagementServiceImpl - 任务执行完成: taskId=3b81fafd-005c-4dc9-b44d-b3850e76b82c, status=SUCCEEDED
2026-10-06 11:18:27.484 [pool-2-thread-3] [] INFO  c.c.g.r.c.t.s.TaskSchedulerServiceImpl - 定时任务已提交执行 taskId=3b81fafd-005c-4dc9-b44d-b3850e76b82c taskType=AUTO_COLLECT_SCAN scheduleId=b00131aa-8363-4b6b-98d8-10d2461995bb
2026-10-06 11:19:27.474 [pool-2-thread-3] [] INFO  c.c.g.r.c.t.s.i.TaskManagementServiceImpl - 任务已提交: taskId=3b81fafd-005c-4dc9-b44d-b3850e76b82c, taskName=auto-collect-scan
2026-10-06 11:19:27.485 [pool-2-thread-3] [] INFO  c.c.g.r.c.t.s.i.TaskManagementServiceImpl - 任务已解析: taskId=3b81fafd-005c-4dc9-b44d-b3850e76b82c
2026-10-06 11:19:27.487 [pool-2-thread-3] [] WARN  c.c.g.e.d.m.AutoCollectScheduler - AutoCollectScheduler 扫描失败: null
2026-10-06 11:19:27.488 [pool-2-thread-3] [] INFO  c.c.g.r.c.t.s.i.TaskManagementServiceImpl - 任务执行完成: taskId=3b81fafd-005c-4dc9-b44d-b3850e76b82c, status=SUCCEEDED
2026-10-06 11:19:27.488 [pool-2-thread-3] [] INFO  c.c.g.r.c.t.s.TaskSchedulerServiceImpl - 定时任务已提交执行 taskId=3b81fafd-005c-4dc9-b44d-b3850e76b82c taskType=AUTO_COLLECT_SCAN scheduleId=b00131aa-8363-4b6b-98d8-10d2461995bb
2026-10-06 11:20:27.468 [pool-2-thread-3] [] INFO  c.c.g.r.c.t.s.i.TaskManagementServiceImpl - 任务已提交: taskId=3b81fafd-005c-4dc9-b44d-b3850e76b82c, taskName=auto-collect-scan
2026-10-06 11:20:27.480 [pool-2-thread-3] [] INFO  c.c.g.r.c.t.s.i.TaskManagementServiceImpl - 任务已解析: taskId=3b81fafd-005c-4dc9-b44d-b3850e76b82c
2026-10-06 11:20:27.482 [pool-2-thread-3] [] WARN  c.c.g.e.d.m.AutoCollectScheduler - AutoCollectScheduler 扫描失败: null
2026-10-06 11:20:27.483 [pool-2-thread-3] [] INFO  c.c.g.r.c.t.s.i.TaskManagementServiceImpl - 任务执行完成: taskId=3b81fafd-005c-4dc9-b44d-b3850e76b82c, status=SUCCEEDED
2026-10-06 11:20:27.484 [pool-2-thread-3] [] INFO  c.c.g.r.c.t.s.TaskSchedulerServiceImpl - 定时任务已提交执行 taskId=3b81fafd-005c-4dc9-b44d-b3850e76b82c taskType=AUTO_COLLECT_SCAN scheduleId=b00131aa-8363-4b6b-98d8-10d2461995bb
2026-10-06 11:21:27.469 [pool-2-thread-3] [] INFO  c.c.g.r.c.t.s.i.TaskManagementServiceImpl - 任务已提交: taskId=3b81fafd-005c-4dc9-b44d-b3850e76b82c, taskName=auto-collect-scan
2026-10-06 11:21:27.481 [pool-2-thread-3] [] INFO  c.c.g.r.c.t.s.i.TaskManagementServiceImpl - 任务已解析: taskId=3b81fafd-005c-4dc9-b44d-b3850e76b82c
2026-10-06 11:21:27.483 [pool-2-thread-3] [] WARN  c.c.g.e.d.m.AutoCollectScheduler - AutoCollectScheduler 扫描失败: null
2026-10-06 11:21:27.483 [pool-2-thread-3] [] INFO  c.c.g.r.c.t.s.i.TaskManagementServiceImpl - 任务执行完成: taskId=3b81fafd-005c-4dc9-b44d-b3850e76b82c, status=SUCCEEDED
2026-10-06 11:21:27.484 [pool-2-thread-3] [] INFO  c.c.g.r.c.t.s.TaskSchedulerServiceImpl - 定时任务已提交执行 taskId=3b81fafd-005c-4dc9-b44d-b3850e76b82c taskType=AUTO_COLLECT_SCAN scheduleId=b00131aa-8363-4b6b-98d8-10d2461995bb
2026-10-06 11:22:27.469 [pool-2-thread-3] [] INFO  c.c.g.r.c.t.s.i.TaskManagementServiceImpl - 任务已提交: taskId=3b81fafd-005c-4dc9-b44d-b3850e76b82c, taskName=auto-collect-scan
2026-10-06 11:22:27.480 [pool-2-thread-3] [] INFO  c.c.g.r.c.t.s.i.TaskManagementServiceImpl - 任务已解析: taskId=3b81fafd-005c-4dc9-b44d-b3850e76b82c
2026-10-06 11:22:27.481 [pool-2-thread-3] [] WARN  c.c.g.e.d.m.AutoCollectScheduler - AutoCollectScheduler 扫描失败: null
2026-10-06 11:22:27.483 [pool-2-thread-3] [] INFO  c.c.g.r.c.t.s.i.TaskManagementServiceImpl - 任务执行完成: taskId=3b81fafd-005c-4dc9-b44d-b3850e76b82c, status=SUCCEEDED
2026-10-06 11:22:27.484 [pool-2-thread-3] [] INFO  c.c.g.r.c.t.s.TaskSchedulerServiceImpl - 定时任务已提交执行 taskId=3b81fafd-005c-4dc9-b44d-b3850e76b82c taskType=AUTO_COLLECT_SCAN scheduleId=b00131aa-8363-4b6b-98d8-10d2461995bb
2026-10-06 11:23:27.471 [pool-2-thread-3] [] INFO  c.c.g.r.c.t.s.i.TaskManagementServiceImpl - 任务已提交: taskId=3b81fafd-005c-4dc9-b44d-b3850e76b82c, taskName=auto-collect-scan
2026-10-06 11:23:27.482 [pool-2-thread-3] [] INFO  c.c.g.r.c.t.s.i.TaskManagementServiceImpl - 任务已解析: taskId=3b81fafd-005c-4dc9-b44d-b3850e76b82c
2026-10-06 11:23:27.483 [pool-2-thread-3] [] WARN  c.c.g.e.d.m.AutoCollectScheduler - AutoCollectScheduler 扫描失败: null
2026-10-06 11:23:27.484 [pool-2-thread-3] [] INFO  c.c.g.r.c.t.s.i.TaskManagementServiceImpl - 任务执行完成: taskId=3b81fafd-005c-4dc9-b44d-b3850e76b82c, status=SUCCEEDED
2026-10-06 11:23:27.485 [pool-2-thread-3] [] INFO  c.c.g.r.c.t.s.TaskSchedulerServiceImpl - 定时任务已提交执行 taskId=3b81fafd-005c-4dc9-b44d-b3850e76b82c taskType=AUTO_COLLECT_SCAN scheduleId=b00131aa-8363-4b6b-98d8-10d2461995bb
2026-10-06 11:24:27.471 [pool-2-thread-3] [] INFO  c.c.g.r.c.t.s.i.TaskManagementServiceImpl - 任务已提交: taskId=3b81fafd-005c-4dc9-b44d-b3850e76b82c, taskName=auto-collect-scan
2026-10-06 11:24:27.482 [pool-2-thread-3] [] INFO  c.c.g.r.c.t.s.i.TaskManagementServiceImpl - 任务已解析: taskId=3b81fafd-005c-4dc9-b44d-b3850e76b82c
2026-10-06 11:24:27.484 [pool-2-thread-3] [] WARN  c.c.g.e.d.m.AutoCollectScheduler - AutoCollectScheduler 扫描失败: null
2026-10-06 11:24:27.484 [pool-2-thread-3] [] INFO  c.c.g.r.c.t.s.i.TaskManagementServiceImpl - 任务执行完成: taskId=3b81fafd-005c-4dc9-b44d-b3850e76b82c, status=SUCCEEDED
2026-10-06 11:24:27.485 [pool-2-thread-3] [] INFO  c.c.g.r.c.t.s.TaskSchedulerServiceImpl - 定时任务已提交执行 taskId=3b81fafd-005c-4dc9-b44d-b3850e76b82c taskType=AUTO_COLLECT_SCAN scheduleId=b00131aa-8363-4b6b-98d8-10d2461995bb
2026-10-06 11:25:27.478 [pool-2-thread-3] [] INFO  c.c.g.r.c.t.s.i.TaskManagementServiceImpl - 任务已提交: taskId=3b81fafd-005c-4dc9-b44d-b3850e76b82c, taskName=auto-collect-scan
2026-10-06 11:25:27.480 [pool-2-thread-3] [] INFO  c.c.g.r.c.t.s.i.TaskManagementServiceImpl - 任务已解析: taskId=3b81fafd-005c-4dc9-b44d-b3850e76b82c
2026-10-06 11:25:27.482 [pool-2-thread-3] [] WARN  c.c.g.e.d.m.AutoCollectScheduler - AutoCollectScheduler 扫描失败: null
2026-10-06 11:25:27.483 [pool-2-thread-3] [] INFO  c.c.g.r.c.t.s.i.TaskManagementServiceImpl - 任务执行完成: taskId=3b81fafd-005c-4dc9-b44d-b3850e76b82c, status=SUCCEEDED
2026-10-06 11:25:27.484 [pool-2-thread-3] [] INFO  c.c.g.r.c.t.s.TaskSchedulerServiceImpl - 定时任务已提交执行 taskId=3b81fafd-005c-4dc9-b44d-b3850e76b82c taskType=AUTO_COLLECT_SCAN scheduleId=b00131aa-8363-4b6b-98d8-10d2461995bb
2026-10-06 11:26:27.472 [pool-2-thread-3] [] INFO  c.c.g.r.c.t.s.i.TaskManagementServiceImpl - 任务已提交: taskId=3b81fafd-005c-4dc9-b44d-b3850e76b82c, taskName=auto-collect-scan
2026-10-06 11:26:27.474 [pool-2-thread-3] [] INFO  c.c.g.r.c.t.s.i.TaskManagementServiceImpl - 任务已解析: taskId=3b81fafd-005c-4dc9-b44d-b3850e76b82c
2026-10-06 11:26:27.476 [pool-2-thread-3] [] WARN  c.c.g.e.d.m.AutoCollectScheduler - AutoCollectScheduler 扫描失败: null
2026-10-06 11:26:27.478 [pool-2-thread-3] [] INFO  c.c.g.r.c.t.s.i.TaskManagementServiceImpl - 任务执行完成: taskId=3b81fafd-005c-4dc9-b44d-b3850e76b82c, status=SUCCEEDED
2026-10-06 11:26:27.478 [pool-2-thread-3] [] INFO  c.c.g.r.c.t.s.TaskSchedulerServiceImpl - 定时任务已提交执行 taskId=3b81fafd-005c-4dc9-b44d-b3850e76b82c taskType=AUTO_COLLECT_SCAN scheduleId=b00131aa-8363-4b6b-98d8-10d2461995bb
2026-10-06 11:27:27.467 [pool-2-thread-3] [] INFO  c.c.g.r.c.t.s.i.TaskManagementServiceImpl - 任务已提交: taskId=3b81fafd-005c-4dc9-b44d-b3850e76b82c, taskName=auto-collect-scan
2026-10-06 11:27:27.470 [pool-2-thread-3] [] INFO  c.c.g.r.c.t.s.i.TaskManagementServiceImpl - 任务已解析: taskId=3b81fafd-005c-4dc9-b44d-b3850e76b82c
2026-10-06 11:27:27.471 [pool-2-thread-3] [] WARN  c.c.g.e.d.m.AutoCollectScheduler - AutoCollectScheduler 扫描失败: null
2026-10-06 11:27:27.472 [pool-2-thread-3] [] INFO  c.c.g.r.c.t.s.i.TaskManagementServiceImpl - 任务执行完成: taskId=3b81fafd-005c-4dc9-b44d-b3850e76b82c, status=SUCCEEDED
2026-10-06 11:27:27.473 [pool-2-thread-3] [] INFO  c.c.g.r.c.t.s.TaskSchedulerServiceImpl - 定时任务已提交执行 taskId=3b81fafd-005c-4dc9-b44d-b3850e76b82c taskType=AUTO_COLLECT_SCAN scheduleId=b00131aa-8363-4b6b-98d8-10d2461995bb
2026-10-06 11:28:27.479 [pool-2-thread-3] [] INFO  c.c.g.r.c.t.s.i.TaskManagementServiceImpl - 任务已提交: taskId=3b81fafd-005c-4dc9-b44d-b3850e76b82c, taskName=auto-collect-scan
2026-10-06 11:28:27.481 [pool-2-thread-3] [] INFO  c.c.g.r.c.t.s.i.TaskManagementServiceImpl - 任务已解析: taskId=3b81fafd-005c-4dc9-b44d-b3850e76b82c
2026-10-06 11:28:27.483 [pool-2-thread-3] [] WARN  c.c.g.e.d.m.AutoCollectScheduler - AutoCollectScheduler 扫描失败: null
2026-10-06 11:28:27.486 [pool-2-thread-3] [] INFO  c.c.g.r.c.t.s.i.TaskManagementServiceImpl - 任务执行完成: taskId=3b81fafd-005c-4dc9-b44d-b3850e76b82c, status=SUCCEEDED
2026-10-06 11:28:27.487 [pool-2-thread-3] [] INFO  c.c.g.r.c.t.s.TaskSchedulerServiceImpl - 定时任务已提交执行 taskId=3b81fafd-005c-4dc9-b44d-b3850e76b82c taskType=AUTO_COLLECT_SCAN scheduleId=b00131aa-8363-4b6b-98d8-10d2461995bb
2026-10-06 11:29:27.468 [pool-2-thread-3] [] INFO  c.c.g.r.c.t.s.i.TaskManagementServiceImpl - 任务已提交: taskId=3b81fafd-005c-4dc9-b44d-b3850e76b82c, taskName=auto-collect-scan
2026-10-06 11:29:27.480 [pool-2-thread-3] [] INFO  c.c.g.r.c.t.s.i.TaskManagementServiceImpl - 任务已解析: taskId=3b81fafd-005c-4dc9-b44d-b3850e76b82c
2026-10-06 11:29:27.483 [pool-2-thread-3] [] WARN  c.c.g.e.d.m.AutoCollectScheduler - AutoCollectScheduler 扫描失败: null
2026-10-06 11:29:27.485 [pool-2-thread-3] [] INFO  c.c.g.r.c.t.s.i.TaskManagementServiceImpl - 任务执行完成: taskId=3b81fafd-005c-4dc9-b44d-b3850e76b82c, status=SUCCEEDED
2026-10-06 11:29:27.486 [pool-2-thread-3] [] INFO  c.c.g.r.c.t.s.TaskSchedulerServiceImpl - 定时任务已提交执行 taskId=3b81fafd-005c-4dc9-b44d-b3850e76b82c taskType=AUTO_COLLECT_SCAN scheduleId=b00131aa-8363-4b6b-98d8-10d2461995bb
2026-10-06 11:30:27.475 [pool-2-thread-3] [] INFO  c.c.g.r.c.t.s.i.TaskManagementServiceImpl - 任务已提交: taskId=3b81fafd-005c-4dc9-b44d-b3850e76b82c, taskName=auto-collect-scan
2026-10-06 11:30:27.489 [pool-2-thread-3] [] INFO  c.c.g.r.c.t.s.i.TaskManagementServiceImpl - 任务已解析: taskId=3b81fafd-005c-4dc9-b44d-b3850e76b82c
2026-10-06 11:30:27.493 [pool-2-thread-3] [] WARN  c.c.g.e.d.m.AutoCollectScheduler - AutoCollectScheduler 扫描失败: null
2026-10-06 11:30:27.494 [pool-2-thread-3] [] INFO  c.c.g.r.c.t.s.i.TaskManagementServiceImpl - 任务执行完成: taskId=3b81fafd-005c-4dc9-b44d-b3850e76b82c, status=SUCCEEDED
2026-10-06 11:30:27.495 [pool-2-thread-3] [] INFO  c.c.g.r.c.t.s.TaskSchedulerServiceImpl - 定时任务已提交执行 taskId=3b81fafd-005c-4dc9-b44d-b3850e76b82c taskType=AUTO_COLLECT_SCAN scheduleId=b00131aa-8363-4b6b-98d8-10d2461995bb
2026-10-06 11:31:27.468 [pool-2-thread-3] [] INFO  c.c.g.r.c.t.s.i.TaskManagementServiceImpl - 任务已提交: taskId=3b81fafd-005c-4dc9-b44d-b3850e76b82c, taskName=auto-collect-scan
2026-10-06 11:31:27.469 [pool-2-thread-3] [] INFO  c.c.g.r.c.t.s.i.TaskManagementServiceImpl - 任务已解析: taskId=3b81fafd-005c-4dc9-b44d-b3850e76b82c
2026-10-06 11:31:27.470 [pool-2-thread-3] [] WARN  c.c.g.e.d.m.AutoCollectScheduler - AutoCollectScheduler 扫描失败: null
2026-10-06 11:31:27.471 [pool-2-thread-3] [] INFO  c.c.g.r.c.t.s.i.TaskManagementServiceImpl - 任务执行完成: taskId=3b81fafd-005c-4dc9-b44d-b3850e76b82c, status=SUCCEEDED
2026-10-06 11:31:27.472 [pool-2-thread-3] [] INFO  c.c.g.r.c.t.s.TaskSchedulerServiceImpl - 定时任务已提交执行 taskId=3b81fafd-005c-4dc9-b44d-b3850e76b82c taskType=AUTO_COLLECT_SCAN scheduleId=b00131aa-8363-4b6b-98d8-10d2461995bb
2026-10-06 11:32:27.480 [pool-2-thread-3] [] INFO  c.c.g.r.c.t.s.i.TaskManagementServiceImpl - 任务已提交: taskId=3b81fafd-005c-4dc9-b44d-b3850e76b82c, taskName=auto-collect-scan
2026-10-06 11:32:27.481 [pool-2-thread-3] [] INFO  c.c.g.r.c.t.s.i.TaskManagementServiceImpl - 任务已解析: taskId=3b81fafd-005c-4dc9-b44d-b3850e76b82c
2026-10-06 11:32:27.482 [pool-2-thread-3] [] WARN  c.c.g.e.d.m.AutoCollectScheduler - AutoCollectScheduler 扫描失败: null
2026-10-06 11:32:27.483 [pool-2-thread-3] [] INFO  c.c.g.r.c.t.s.i.TaskManagementServiceImpl - 任务执行完成: taskId=3b81fafd-005c-4dc9-b44d-b3850e76b82c, status=SUCCEEDED
2026-10-06 11:32:27.484 [pool-2-thread-3] [] INFO  c.c.g.r.c.t.s.TaskSchedulerServiceImpl - 定时任务已提交执行 taskId=3b81fafd-005c-4dc9-b44d-b3850e76b82c taskType=AUTO_COLLECT_SCAN scheduleId=b00131aa-8363-4b6b-98d8-10d2461995bb
2026-10-06 11:33:27.474 [pool-2-thread-3] [] INFO  c.c.g.r.c.t.s.i.TaskManagementServiceImpl - 任务已提交: taskId=3b81fafd-005c-4dc9-b44d-b3850e76b82c, taskName=auto-collect-scan
2026-10-06 11:33:27.476 [pool-2-thread-3] [] INFO  c.c.g.r.c.t.s.i.TaskManagementServiceImpl - 任务已解析: taskId=3b81fafd-005c-4dc9-b44d-b3850e76b82c
2026-10-06 11:33:27.477 [pool-2-thread-3] [] WARN  c.c.g.e.d.m.AutoCollectScheduler - AutoCollectScheduler 扫描失败: null
2026-10-06 11:33:27.478 [pool-2-thread-3] [] INFO  c.c.g.r.c.t.s.i.TaskManagementServiceImpl - 任务执行完成: taskId=3b81fafd-005c-4dc9-b44d-b3850e76b82c, status=SUCCEEDED
2026-10-06 11:33:27.479 [pool-2-thread-3] [] INFO  c.c.g.r.c.t.s.TaskSchedulerServiceImpl - 定时任务已提交执行 taskId=3b81fafd-005c-4dc9-b44d-b3850e76b82c taskType=AUTO_COLLECT_SCAN scheduleId=b00131aa-8363-4b6b-98d8-10d2461995bb
2026-10-06 11:34:27.470 [pool-2-thread-3] [] INFO  c.c.g.r.c.t.s.i.TaskManagementServiceImpl - 任务已提交: taskId=3b81fafd-005c-4dc9-b44d-b3850e76b82c, taskName=auto-collect-scan
2026-10-06 11:34:27.473 [pool-2-thread-3] [] INFO  c.c.g.r.c.t.s.i.TaskManagementServiceImpl - 任务已解析: taskId=3b81fafd-005c-4dc9-b44d-b3850e76b82c
2026-10-06 11:34:27.476 [pool-2-thread-3] [] WARN  c.c.g.e.d.m.AutoCollectScheduler - AutoCollectScheduler 扫描失败: null
2026-10-06 11:34:27.478 [pool-2-thread-3] [] INFO  c.c.g.r.c.t.s.i.TaskManagementServiceImpl - 任务执行完成: taskId=3b81fafd-005c-4dc9-b44d-b3850e76b82c, status=SUCCEEDED
2026-10-06 11:34:27.480 [pool-2-thread-3] [] INFO  c.c.g.r.c.t.s.TaskSchedulerServiceImpl - 定时任务已提交执行 taskId=3b81fafd-005c-4dc9-b44d-b3850e76b82c taskType=AUTO_COLLECT_SCAN scheduleId=b00131aa-8363-4b6b-98d8-10d2461995bb
2026-10-06 11:35:27.475 [pool-2-thread-3] [] INFO  c.c.g.r.c.t.s.i.TaskManagementServiceImpl - 任务已提交: taskId=3b81fafd-005c-4dc9-b44d-b3850e76b82c, taskName=auto-collect-scan
2026-10-06 11:35:27.476 [pool-2-thread-3] [] INFO  c.c.g.r.c.t.s.i.TaskManagementServiceImpl - 任务已解析: taskId=3b81fafd-005c-4dc9-b44d-b3850e76b82c
2026-10-06 11:35:27.477 [pool-2-thread-3] [] WARN  c.c.g.e.d.m.AutoCollectScheduler - AutoCollectScheduler 扫描失败: null
2026-10-06 11:35:27.478 [pool-2-thread-3] [] INFO  c.c.g.r.c.t.s.i.TaskManagementServiceImpl - 任务执行完成: taskId=3b81fafd-005c-4dc9-b44d-b3850e76b82c, status=SUCCEEDED
2026-10-06 11:35:27.478 [pool-2-thread-3] [] INFO  c.c.g.r.c.t.s.TaskSchedulerServiceImpl - 定时任务已提交执行 taskId=3b81fafd-005c-4dc9-b44d-b3850e76b82c taskType=AUTO_COLLECT_SCAN scheduleId=b00131aa-8363-4b6b-98d8-10d2461995bb
2026-10-06 11:36:27.469 [pool-2-thread-3] [] INFO  c.c.g.r.c.t.s.i.TaskManagementServiceImpl - 任务已提交: taskId=3b81fafd-005c-4dc9-b44d-b3850e76b82c, taskName=auto-collect-scan
2026-10-06 11:36:27.471 [pool-2-thread-3] [] INFO  c.c.g.r.c.t.s.i.TaskManagementServiceImpl - 任务已解析: taskId=3b81fafd-005c-4dc9-b44d-b3850e76b82c
2026-10-06 11:36:27.472 [pool-2-thread-3] [] WARN  c.c.g.e.d.m.AutoCollectScheduler - AutoCollectScheduler 扫描失败: null
2026-10-06 11:36:27.473 [pool-2-thread-3] [] INFO  c.c.g.r.c.t.s.i.TaskManagementServiceImpl - 任务执行完成: taskId=3b81fafd-005c-4dc9-b44d-b3850e76b82c, status=SUCCEEDED
2026-10-06 11:36:27.473 [pool-2-thread-3] [] INFO  c.c.g.r.c.t.s.TaskSchedulerServiceImpl - 定时任务已提交执行 taskId=3b81fafd-005c-4dc9-b44d-b3850e76b82c taskType=AUTO_COLLECT_SCAN scheduleId=b00131aa-8363-4b6b-98d8-10d2461995bb
2026-10-06 11:37:27.480 [pool-2-thread-3] [] INFO  c.c.g.r.c.t.s.i.TaskManagementServiceImpl - 任务已提交: taskId=3b81fafd-005c-4dc9-b44d-b3850e76b82c, taskName=auto-collect-scan
2026-10-06 11:37:27.483 [pool-2-thread-3] [] INFO  c.c.g.r.c.t.s.i.TaskManagementServiceImpl - 任务已解析: taskId=3b81fafd-005c-4dc9-b44d-b3850e76b82c
2026-10-06 11:37:27.484 [pool-2-thread-3] [] WARN  c.c.g.e.d.m.AutoCollectScheduler - AutoCollectScheduler 扫描失败: null
2026-10-06 11:37:27.485 [pool-2-thread-3] [] INFO  c.c.g.r.c.t.s.i.TaskManagementServiceImpl - 任务执行完成: taskId=3b81fafd-005c-4dc9-b44d-b3850e76b82c, status=SUCCEEDED
2026-10-06 11:37:27.486 [pool-2-thread-3] [] INFO  c.c.g.r.c.t.s.TaskSchedulerServiceImpl - 定时任务已提交执行 taskId=3b81fafd-005c-4dc9-b44d-b3850e76b82c taskType=AUTO_COLLECT_SCAN scheduleId=b00131aa-8363-4b6b-98d8-10d2461995bb
2026-10-06 11:38:27.482 [pool-2-thread-3] [] INFO  c.c.g.r.c.t.s.i.TaskManagementServiceImpl - 任务已提交: taskId=3b81fafd-005c-4dc9-b44d-b3850e76b82c, taskName=auto-collect-scan
2026-10-06 11:38:27.484 [pool-2-thread-3] [] INFO  c.c.g.r.c.t.s.i.TaskManagementServiceImpl - 任务已解析: taskId=3b81fafd-005c-4dc9-b44d-b3850e76b82c
2026-10-06 11:38:27.485 [pool-2-thread-3] [] WARN  c.c.g.e.d.m.AutoCollectScheduler - AutoCollectScheduler 扫描失败: null
2026-10-06 11:38:27.486 [pool-2-thread-3] [] INFO  c.c.g.r.c.t.s.i.TaskManagementServiceImpl - 任务执行完成: taskId=3b81fafd-005c-4dc9-b44d-b3850e76b82c, status=SUCCEEDED
2026-10-06 11:38:27.487 [pool-2-thread-3] [] INFO  c.c.g.r.c.t.s.TaskSchedulerServiceImpl - 定时任务已提交执行 taskId=3b81fafd-005c-4dc9-b44d-b3850e76b82c taskType=AUTO_COLLECT_SCAN scheduleId=b00131aa-8363-4b6b-98d8-10d2461995bb
2026-10-06 11:39:27.472 [pool-2-thread-3] [] INFO  c.c.g.r.c.t.s.i.TaskManagementServiceImpl - 任务已提交: taskId=3b81fafd-005c-4dc9-b44d-b3850e76b82c, taskName=auto-collect-scan
2026-10-06 11:39:27.474 [pool-2-thread-3] [] INFO  c.c.g.r.c.t.s.i.TaskManagementServiceImpl - 任务已解析: taskId=3b81fafd-005c-4dc9-b44d-b3850e76b82c
2026-10-06 11:39:27.475 [pool-2-thread-3] [] WARN  c.c.g.e.d.m.AutoCollectScheduler - AutoCollectScheduler 扫描失败: null
2026-10-06 11:39:27.476 [pool-2-thread-3] [] INFO  c.c.g.r.c.t.s.i.TaskManagementServiceImpl - 任务执行完成: taskId=3b81fafd-005c-4dc9-b44d-b3850e76b82c, status=SUCCEEDED
2026-10-06 11:39:27.476 [pool-2-thread-3] [] INFO  c.c.g.r.c.t.s.TaskSchedulerServiceImpl - 定时任务已提交执行 taskId=3b81fafd-005c-4dc9-b44d-b3850e76b82c taskType=AUTO_COLLECT_SCAN scheduleId=b00131aa-8363-4b6b-98d8-10d2461995bb
2026-10-06 11:40:27.469 [pool-2-thread-3] [] INFO  c.c.g.r.c.t.s.i.TaskManagementServiceImpl - 任务已提交: taskId=3b81fafd-005c-4dc9-b44d-b3850e76b82c, taskName=auto-collect-scan
2026-10-06 11:40:27.470 [pool-2-thread-3] [] INFO  c.c.g.r.c.t.s.i.TaskManagementServiceImpl - 任务已解析: taskId=3b81fafd-005c-4dc9-b44d-b3850e76b82c
2026-10-06 11:40:27.471 [pool-2-thread-3] [] WARN  c.c.g.e.d.m.AutoCollectScheduler - AutoCollectScheduler 扫描失败: null
2026-10-06 11:40:27.472 [pool-2-thread-3] [] INFO  c.c.g.r.c.t.s.i.TaskManagementServiceImpl - 任务执行完成: taskId=3b81fafd-005c-4dc9-b44d-b3850e76b82c, status=SUCCEEDED
2026-10-06 11:40:27.473 [pool-2-thread-3] [] INFO  c.c.g.r.c.t.s.TaskSchedulerServiceImpl - 定时任务已提交执行 taskId=3b81fafd-005c-4dc9-b44d-b3850e76b82c taskType=AUTO_COLLECT_SCAN scheduleId=b00131aa-8363-4b6b-98d8-10d2461995bb
2026-10-06 11:41:27.467 [pool-2-thread-3] [] INFO  c.c.g.r.c.t.s.i.TaskManagementServiceImpl - 任务已提交: taskId=3b81fafd-005c-4dc9-b44d-b3850e76b82c, taskName=auto-collect-scan
2026-10-06 11:41:27.470 [pool-2-thread-3] [] INFO  c.c.g.r.c.t.s.i.TaskManagementServiceImpl - 任务已解析: taskId=3b81fafd-005c-4dc9-b44d-b3850e76b82c
2026-10-06 11:41:27.471 [pool-2-thread-3] [] WARN  c.c.g.e.d.m.AutoCollectScheduler - AutoCollectScheduler 扫描失败: null
2026-10-06 11:41:27.472 [pool-2-thread-3] [] INFO  c.c.g.r.c.t.s.i.TaskManagementServiceImpl - 任务执行完成: taskId=3b81fafd-005c-4dc9-b44d-b3850e76b82c, status=SUCCEEDED
2026-10-06 11:41:27.473 [pool-2-thread-3] [] INFO  c.c.g.r.c.t.s.TaskSchedulerServiceImpl - 定时任务已提交执行 taskId=3b81fafd-005c-4dc9-b44d-b3850e76b82c taskType=AUTO_COLLECT_SCAN scheduleId=b00131aa-8363-4b6b-98d8-10d2461995bb
2026-10-06 11:42:27.471 [pool-2-thread-3] [] INFO  c.c.g.r.c.t.s.i.TaskManagementServiceImpl - 任务已提交: taskId=3b81fafd-005c-4dc9-b44d-b3850e76b82c, taskName=auto-collect-scan
2026-10-06 11:42:27.477 [pool-2-thread-3] [] INFO  c.c.g.r.c.t.s.i.TaskManagementServiceImpl - 任务已解析: taskId=3b81fafd-005c-4dc9-b44d-b3850e76b82c
2026-10-06 11:42:27.483 [pool-2-thread-3] [] WARN  c.c.g.e.d.m.AutoCollectScheduler - AutoCollectScheduler 扫描失败: null
2026-10-06 11:42:27.489 [pool-2-thread-3] [] INFO  c.c.g.r.c.t.s.i.TaskManagementServiceImpl - 任务执行完成: taskId=3b81fafd-005c-4dc9-b44d-b3850e76b82c, status=SUCCEEDED
2026-10-06 11:42:27.493 [pool-2-thread-3] [] INFO  c.c.g.r.c.t.s.TaskSchedulerServiceImpl - 定时任务已提交执行 taskId=3b81fafd-005c-4dc9-b44d-b3850e76b82c taskType=AUTO_COLLECT_SCAN scheduleId=b00131aa-8363-4b6b-98d8-10d2461995bb
2026-10-06 11:43:27.470 [pool-2-thread-3] [] INFO  c.c.g.r.c.t.s.i.TaskManagementServiceImpl - 任务已提交: taskId=3b81fafd-005c-4dc9-b44d-b3850e76b82c, taskName=auto-collect-scan
2026-10-06 11:43:27.473 [pool-2-thread-3] [] INFO  c.c.g.r.c.t.s.i.TaskManagementServiceImpl - 任务已解析: taskId=3b81fafd-005c-4dc9-b44d-b3850e76b82c
2026-10-06 11:43:27.476 [pool-2-thread-3] [] WARN  c.c.g.e.d.m.AutoCollectScheduler - AutoCollectScheduler 扫描失败: null
2026-10-06 11:43:27.479 [pool-2-thread-3] [] INFO  c.c.g.r.c.t.s.i.TaskManagementServiceImpl - 任务执行完成: taskId=3b81fafd-005c-4dc9-b44d-b3850e76b82c, status=SUCCEEDED
2026-10-06 11:43:27.481 [pool-2-thread-3] [] INFO  c.c.g.r.c.t.s.TaskSchedulerServiceImpl - 定时任务已提交执行 taskId=3b81fafd-005c-4dc9-b44d-b3850e76b82c taskType=AUTO_COLLECT_SCAN scheduleId=b00131aa-8363-4b6b-98d8-10d2461995bb
2026-10-06 11:44:27.470 [pool-2-thread-3] [] INFO  c.c.g.r.c.t.s.i.TaskManagementServiceImpl - 任务已提交: taskId=3b81fafd-005c-4dc9-b44d-b3850e76b82c, taskName=auto-collect-scan
2026-10-06 11:44:27.472 [pool-2-thread-3] [] INFO  c.c.g.r.c.t.s.i.TaskManagementServiceImpl - 任务已解析: taskId=3b81fafd-005c-4dc9-b44d-b3850e76b82c
2026-10-06 11:44:27.474 [pool-2-thread-3] [] WARN  c.c.g.e.d.m.AutoCollectScheduler - AutoCollectScheduler 扫描失败: null
2026-10-06 11:44:27.475 [pool-2-thread-3] [] INFO  c.c.g.r.c.t.s.i.TaskManagementServiceImpl - 任务执行完成: taskId=3b81fafd-005c-4dc9-b44d-b3850e76b82c, status=SUCCEEDED
2026-10-06 11:44:27.477 [pool-2-thread-3] [] INFO  c.c.g.r.c.t.s.TaskSchedulerServiceImpl - 定时任务已提交执行 taskId=3b81fafd-005c-4dc9-b44d-b3850e76b82c taskType=AUTO_COLLECT_SCAN scheduleId=b00131aa-8363-4b6b-98d8-10d2461995bb
2026-10-06 11:45:27.470 [pool-2-thread-3] [] INFO  c.c.g.r.c.t.s.i.TaskManagementServiceImpl - 任务已提交: taskId=3b81fafd-005c-4dc9-b44d-b3850e76b82c, taskName=auto-collect-scan
2026-10-06 11:45:27.472 [pool-2-thread-3] [] INFO  c.c.g.r.c.t.s.i.TaskManagementServiceImpl - 任务已解析: taskId=3b81fafd-005c-4dc9-b44d-b3850e76b82c
2026-10-06 11:45:27.474 [pool-2-thread-3] [] WARN  c.c.g.e.d.m.AutoCollectScheduler - AutoCollectScheduler 扫描失败: null
2026-10-06 11:45:27.475 [pool-2-thread-3] [] INFO  c.c.g.r.c.t.s.i.TaskManagementServiceImpl - 任务执行完成: taskId=3b81fafd-005c-4dc9-b44d-b3850e76b82c, status=SUCCEEDED
2026-10-06 11:45:27.476 [pool-2-thread-3] [] INFO  c.c.g.r.c.t.s.TaskSchedulerServiceImpl - 定时任务已提交执行 taskId=3b81fafd-005c-4dc9-b44d-b3850e76b82c taskType=AUTO_COLLECT_SCAN scheduleId=b00131aa-8363-4b6b-98d8-10d2461995bb
2026-10-06 11:46:27.468 [pool-2-thread-3] [] INFO  c.c.g.r.c.t.s.i.TaskManagementServiceImpl - 任务已提交: taskId=3b81fafd-005c-4dc9-b44d-b3850e76b82c, taskName=auto-collect-scan
2026-10-06 11:46:27.478 [pool-2-thread-3] [] INFO  c.c.g.r.c.t.s.i.TaskManagementServiceImpl - 任务已解析: taskId=3b81fafd-005c-4dc9-b44d-b3850e76b82c
2026-10-06 11:46:27.480 [pool-2-thread-3] [] WARN  c.c.g.e.d.m.AutoCollectScheduler - AutoCollectScheduler 扫描失败: null
2026-10-06 11:46:27.481 [pool-2-thread-3] [] INFO  c.c.g.r.c.t.s.i.TaskManagementServiceImpl - 任务执行完成: taskId=3b81fafd-005c-4dc9-b44d-b3850e76b82c, status=SUCCEEDED
2026-10-06 11:46:27.481 [pool-2-thread-3] [] INFO  c.c.g.r.c.t.s.TaskSchedulerServiceImpl - 定时任务已提交执行 taskId=3b81fafd-005c-4dc9-b44d-b3850e76b82c taskType=AUTO_COLLECT_SCAN scheduleId=b00131aa-8363-4b6b-98d8-10d2461995bb
2026-10-06 11:47:27.471 [pool-2-thread-3] [] INFO  c.c.g.r.c.t.s.i.TaskManagementServiceImpl - 任务已提交: taskId=3b81fafd-005c-4dc9-b44d-b3850e76b82c, taskName=auto-collect-scan
2026-10-06 11:47:27.481 [pool-2-thread-3] [] INFO  c.c.g.r.c.t.s.i.TaskManagementServiceImpl - 任务已解析: taskId=3b81fafd-005c-4dc9-b44d-b3850e76b82c
2026-10-06 11:47:27.483 [pool-2-thread-3] [] WARN  c.c.g.e.d.m.AutoCollectScheduler - AutoCollectScheduler 扫描失败: null
2026-10-06 11:47:27.484 [pool-2-thread-3] [] INFO  c.c.g.r.c.t.s.i.TaskManagementServiceImpl - 任务执行完成: taskId=3b81fafd-005c-4dc9-b44d-b3850e76b82c, status=SUCCEEDED
2026-10-06 11:47:27.484 [pool-2-thread-3] [] INFO  c.c.g.r.c.t.s.TaskSchedulerServiceImpl - 定时任务已提交执行 taskId=3b81fafd-005c-4dc9-b44d-b3850e76b82c taskType=AUTO_COLLECT_SCAN scheduleId=b00131aa-8363-4b6b-98d8-10d2461995bb
2026-10-06 11:48:27.475 [pool-2-thread-3] [] INFO  c.c.g.r.c.t.s.i.TaskManagementServiceImpl - 任务已提交: taskId=3b81fafd-005c-4dc9-b44d-b3850e76b82c, taskName=auto-collect-scan
2026-10-06 11:48:27.476 [pool-2-thread-3] [] INFO  c.c.g.r.c.t.s.i.TaskManagementServiceImpl - 任务已解析: taskId=3b81fafd-005c-4dc9-b44d-b3850e76b82c
2026-10-06 11:48:27.478 [pool-2-thread-3] [] WARN  c.c.g.e.d.m.AutoCollectScheduler - AutoCollectScheduler 扫描失败: null
2026-10-06 11:48:27.479 [pool-2-thread-3] [] INFO  c.c.g.r.c.t.s.i.TaskManagementServiceImpl - 任务执行完成: taskId=3b81fafd-005c-4dc9-b44d-b3850e76b82c, status=SUCCEEDED
2026-10-06 11:48:27.480 [pool-2-thread-3] [] INFO  c.c.g.r.c.t.s.TaskSchedulerServiceImpl - 定时任务已提交执行 taskId=3b81fafd-005c-4dc9-b44d-b3850e76b82c taskType=AUTO_COLLECT_SCAN scheduleId=b00131aa-8363-4b6b-98d8-10d2461995bb
2026-10-06 11:49:27.475 [pool-2-thread-3] [] INFO  c.c.g.r.c.t.s.i.TaskManagementServiceImpl - 任务已提交: taskId=3b81fafd-005c-4dc9-b44d-b3850e76b82c, taskName=auto-collect-scan
2026-10-06 11:49:27.486 [pool-2-thread-3] [] INFO  c.c.g.r.c.t.s.i.TaskManagementServiceImpl - 任务已解析: taskId=3b81fafd-005c-4dc9-b44d-b3850e76b82c
2026-10-06 11:49:27.488 [pool-2-thread-3] [] WARN  c.c.g.e.d.m.AutoCollectScheduler - AutoCollectScheduler 扫描失败: null
2026-10-06 11:49:27.489 [pool-2-thread-3] [] INFO  c.c.g.r.c.t.s.i.TaskManagementServiceImpl - 任务执行完成: taskId=3b81fafd-005c-4dc9-b44d-b3850e76b82c, status=SUCCEEDED
2026-10-06 11:49:27.490 [pool-2-thread-3] [] INFO  c.c.g.r.c.t.s.TaskSchedulerServiceImpl - 定时任务已提交执行 taskId=3b81fafd-005c-4dc9-b44d-b3850e76b82c taskType=AUTO_COLLECT_SCAN scheduleId=b00131aa-8363-4b6b-98d8-10d2461995bb
2026-10-06 11:50:27.481 [pool-2-thread-3] [] INFO  c.c.g.r.c.t.s.i.TaskManagementServiceImpl - 任务已提交: taskId=3b81fafd-005c-4dc9-b44d-b3850e76b82c, taskName=auto-collect-scan
2026-10-06 11:50:27.483 [pool-2-thread-3] [] INFO  c.c.g.r.c.t.s.i.TaskManagementServiceImpl - 任务已解析: taskId=3b81fafd-005c-4dc9-b44d-b3850e76b82c
2026-10-06 11:50:27.484 [pool-2-thread-3] [] WARN  c.c.g.e.d.m.AutoCollectScheduler - AutoCollectScheduler 扫描失败: null
2026-10-06 11:50:27.484 [pool-2-thread-3] [] INFO  c.c.g.r.c.t.s.i.TaskManagementServiceImpl - 任务执行完成: taskId=3b81fafd-005c-4dc9-b44d-b3850e76b82c, status=SUCCEEDED
2026-10-06 11:50:27.485 [pool-2-thread-3] [] INFO  c.c.g.r.c.t.s.TaskSchedulerServiceImpl - 定时任务已提交执行 taskId=3b81fafd-005c-4dc9-b44d-b3850e76b82c taskType=AUTO_COLLECT_SCAN scheduleId=b00131aa-8363-4b6b-98d8-10d2461995bb
2026-10-06 11:51:27.481 [pool-2-thread-3] [] INFO  c.c.g.r.c.t.s.i.TaskManagementServiceImpl - 任务已提交: taskId=3b81fafd-005c-4dc9-b44d-b3850e76b82c, taskName=auto-collect-scan
2026-10-06 11:51:27.484 [pool-2-thread-3] [] INFO  c.c.g.r.c.t.s.i.TaskManagementServiceImpl - 任务已解析: taskId=3b81fafd-005c-4dc9-b44d-b3850e76b82c
2026-10-06 11:51:27.486 [pool-2-thread-3] [] WARN  c.c.g.e.d.m.AutoCollectScheduler - AutoCollectScheduler 扫描失败: null
2026-10-06 11:51:27.487 [pool-2-thread-3] [] INFO  c.c.g.r.c.t.s.i.TaskManagementServiceImpl - 任务执行完成: taskId=3b81fafd-005c-4dc9-b44d-b3850e76b82c, status=SUCCEEDED
2026-10-06 11:51:27.488 [pool-2-thread-3] [] INFO  c.c.g.r.c.t.s.TaskSchedulerServiceImpl - 定时任务已提交执行 taskId=3b81fafd-005c-4dc9-b44d-b3850e76b82c taskType=AUTO_COLLECT_SCAN scheduleId=b00131aa-8363-4b6b-98d8-10d2461995bb
2026-10-06 11:52:27.468 [pool-2-thread-3] [] INFO  c.c.g.r.c.t.s.i.TaskManagementServiceImpl - 任务已提交: taskId=3b81fafd-005c-4dc9-b44d-b3850e76b82c, taskName=auto-collect-scan
2026-10-06 11:52:27.478 [pool-2-thread-3] [] INFO  c.c.g.r.c.t.s.i.TaskManagementServiceImpl - 任务已解析: taskId=3b81fafd-005c-4dc9-b44d-b3850e76b82c
2026-10-06 11:52:27.480 [pool-2-thread-3] [] WARN  c.c.g.e.d.m.AutoCollectScheduler - AutoCollectScheduler 扫描失败: null
2026-10-06 11:52:27.481 [pool-2-thread-3] [] INFO  c.c.g.r.c.t.s.i.TaskManagementServiceImpl - 任务执行完成: taskId=3b81fafd-005c-4dc9-b44d-b3850e76b82c, status=SUCCEEDED
2026-10-06 11:52:27.482 [pool-2-thread-3] [] INFO  c.c.g.r.c.t.s.TaskSchedulerServiceImpl - 定时任务已提交执行 taskId=3b81fafd-005c-4dc9-b44d-b3850e76b82c taskType=AUTO_COLLECT_SCAN scheduleId=b00131aa-8363-4b6b-98d8-10d2461995bb
2026-10-06 11:53:27.477 [pool-2-thread-3] [] INFO  c.c.g.r.c.t.s.i.TaskManagementServiceImpl - 任务已提交: taskId=3b81fafd-005c-4dc9-b44d-b3850e76b82c, taskName=auto-collect-scan
2026-10-06 11:53:27.488 [pool-2-thread-3] [] INFO  c.c.g.r.c.t.s.i.TaskManagementServiceImpl - 任务已解析: taskId=3b81fafd-005c-4dc9-b44d-b3850e76b82c
2026-10-06 11:53:27.489 [pool-2-thread-3] [] WARN  c.c.g.e.d.m.AutoCollectScheduler - AutoCollectScheduler 扫描失败: null
2026-10-06 11:53:27.490 [pool-2-thread-3] [] INFO  c.c.g.r.c.t.s.i.TaskManagementServiceImpl - 任务执行完成: taskId=3b81fafd-005c-4dc9-b44d-b3850e76b82c, status=SUCCEEDED
2026-10-06 11:53:27.491 [pool-2-thread-3] [] INFO  c.c.g.r.c.t.s.TaskSchedulerServiceImpl - 定时任务已提交执行 taskId=3b81fafd-005c-4dc9-b44d-b3850e76b82c taskType=AUTO_COLLECT_SCAN scheduleId=b00131aa-8363-4b6b-98d8-10d2461995bb
2026-10-06 11:54:27.474 [pool-2-thread-3] [] INFO  c.c.g.r.c.t.s.i.TaskManagementServiceImpl - 任务已提交: taskId=3b81fafd-005c-4dc9-b44d-b3850e76b82c, taskName=auto-collect-scan
2026-10-06 11:54:27.476 [pool-2-thread-3] [] INFO  c.c.g.r.c.t.s.i.TaskManagementServiceImpl - 任务已解析: taskId=3b81fafd-005c-4dc9-b44d-b3850e76b82c
2026-10-06 11:54:27.478 [pool-2-thread-3] [] WARN  c.c.g.e.d.m.AutoCollectScheduler - AutoCollectScheduler 扫描失败: null
2026-10-06 11:54:27.479 [pool-2-thread-3] [] INFO  c.c.g.r.c.t.s.i.TaskManagementServiceImpl - 任务执行完成: taskId=3b81fafd-005c-4dc9-b44d-b3850e76b82c, status=SUCCEEDED
2026-10-06 11:54:27.480 [pool-2-thread-3] [] INFO  c.c.g.r.c.t.s.TaskSchedulerServiceImpl - 定时任务已提交执行 taskId=3b81fafd-005c-4dc9-b44d-b3850e76b82c taskType=AUTO_COLLECT_SCAN scheduleId=b00131aa-8363-4b6b-98d8-10d2461995bb
2026-10-06 11:55:27.479 [pool-2-thread-3] [] INFO  c.c.g.r.c.t.s.i.TaskManagementServiceImpl - 任务已提交: taskId=3b81fafd-005c-4dc9-b44d-b3850e76b82c, taskName=auto-collect-scan
2026-10-06 11:55:27.490 [pool-2-thread-3] [] INFO  c.c.g.r.c.t.s.i.TaskManagementServiceImpl - 任务已解析: taskId=3b81fafd-005c-4dc9-b44d-b3850e76b82c
2026-10-06 11:55:27.492 [pool-2-thread-3] [] WARN  c.c.g.e.d.m.AutoCollectScheduler - AutoCollectScheduler 扫描失败: null
2026-10-06 11:55:27.493 [pool-2-thread-3] [] INFO  c.c.g.r.c.t.s.i.TaskManagementServiceImpl - 任务执行完成: taskId=3b81fafd-005c-4dc9-b44d-b3850e76b82c, status=SUCCEEDED
2026-10-06 11:55:27.494 [pool-2-thread-3] [] INFO  c.c.g.r.c.t.s.TaskSchedulerServiceImpl - 定时任务已提交执行 taskId=3b81fafd-005c-4dc9-b44d-b3850e76b82c taskType=AUTO_COLLECT_SCAN scheduleId=b00131aa-8363-4b6b-98d8-10d2461995bb
2026-10-06 11:56:27.481 [pool-2-thread-3] [] INFO  c.c.g.r.c.t.s.i.TaskManagementServiceImpl - 任务已提交: taskId=3b81fafd-005c-4dc9-b44d-b3850e76b82c, taskName=auto-collect-scan
2026-10-06 11:56:27.483 [pool-2-thread-3] [] INFO  c.c.g.r.c.t.s.i.TaskManagementServiceImpl - 任务已解析: taskId=3b81fafd-005c-4dc9-b44d-b3850e76b82c
2026-10-06 11:56:27.485 [pool-2-thread-3] [] WARN  c.c.g.e.d.m.AutoCollectScheduler - AutoCollectScheduler 扫描失败: null
2026-10-06 11:56:27.486 [pool-2-thread-3] [] INFO  c.c.g.r.c.t.s.i.TaskManagementServiceImpl - 任务执行完成: taskId=3b81fafd-005c-4dc9-b44d-b3850e76b82c, status=SUCCEEDED
2026-10-06 11:56:27.487 [pool-2-thread-3] [] INFO  c.c.g.r.c.t.s.TaskSchedulerServiceImpl - 定时任务已提交执行 taskId=3b81fafd-005c-4dc9-b44d-b3850e76b82c taskType=AUTO_COLLECT_SCAN scheduleId=b00131aa-8363-4b6b-98d8-10d2461995bb
2026-10-06 11:57:27.471 [pool-2-thread-3] [] INFO  c.c.g.r.c.t.s.i.TaskManagementServiceImpl - 任务已提交: taskId=3b81fafd-005c-4dc9-b44d-b3850e76b82c, taskName=auto-collect-scan
2026-10-06 11:57:27.484 [pool-2-thread-3] [] INFO  c.c.g.r.c.t.s.i.TaskManagementServiceImpl - 任务已解析: taskId=3b81fafd-005c-4dc9-b44d-b3850e76b82c
2026-10-06 11:57:27.486 [pool-2-thread-3] [] WARN  c.c.g.e.d.m.AutoCollectScheduler - AutoCollectScheduler 扫描失败: null
2026-10-06 11:57:27.487 [pool-2-thread-3] [] INFO  c.c.g.r.c.t.s.i.TaskManagementServiceImpl - 任务执行完成: taskId=3b81fafd-005c-4dc9-b44d-b3850e76b82c, status=SUCCEEDED
2026-10-06 11:57:27.488 [pool-2-thread-3] [] INFO  c.c.g.r.c.t.s.TaskSchedulerServiceImpl - 定时任务已提交执行 taskId=3b81fafd-005c-4dc9-b44d-b3850e76b82c taskType=AUTO_COLLECT_SCAN scheduleId=b00131aa-8363-4b6b-98d8-10d2461995bb
2026-10-06 11:58:27.475 [pool-2-thread-3] [] INFO  c.c.g.r.c.t.s.i.TaskManagementServiceImpl - 任务已提交: taskId=3b81fafd-005c-4dc9-b44d-b3850e76b82c, taskName=auto-collect-scan
2026-10-06 11:58:27.476 [pool-2-thread-3] [] INFO  c.c.g.r.c.t.s.i.TaskManagementServiceImpl - 任务已解析: taskId=3b81fafd-005c-4dc9-b44d-b3850e76b82c
2026-10-06 11:58:27.478 [pool-2-thread-3] [] WARN  c.c.g.e.d.m.AutoCollectScheduler - AutoCollectScheduler 扫描失败: null
2026-10-06 11:58:27.478 [pool-2-thread-3] [] INFO  c.c.g.r.c.t.s.i.TaskManagementServiceImpl - 任务执行完成: taskId=3b81fafd-005c-4dc9-b44d-b3850e76b82c, status=SUCCEEDED
2026-10-06 11:58:27.479 [pool-2-thread-3] [] INFO  c.c.g.r.c.t.s.TaskSchedulerServiceImpl - 定时任务已提交执行 taskId=3b81fafd-005c-4dc9-b44d-b3850e76b82c taskType=AUTO_COLLECT_SCAN scheduleId=b00131aa-8363-4b6b-98d8-10d2461995bb
2026-10-06 11:59:27.476 [pool-2-thread-3] [] INFO  c.c.g.r.c.t.s.i.TaskManagementServiceImpl - 任务已提交: taskId=3b81fafd-005c-4dc9-b44d-b3850e76b82c, taskName=auto-collect-scan
2026-10-06 11:59:27.478 [pool-2-thread-3] [] INFO  c.c.g.r.c.t.s.i.TaskManagementServiceImpl - 任务已解析: taskId=3b81fafd-005c-4dc9-b44d-b3850e76b82c
2026-10-06 11:59:27.480 [pool-2-thread-3] [] WARN  c.c.g.e.d.m.AutoCollectScheduler - AutoCollectScheduler 扫描失败: null
2026-10-06 11:59:27.482 [pool-2-thread-3] [] INFO  c.c.g.r.c.t.s.i.TaskManagementServiceImpl - 任务执行完成: taskId=3b81fafd-005c-4dc9-b44d-b3850e76b82c, status=SUCCEEDED
2026-10-06 11:59:27.483 [pool-2-thread-3] [] INFO  c.c.g.r.c.t.s.TaskSchedulerServiceImpl - 定时任务已提交执行 taskId=3b81fafd-005c-4dc9-b44d-b3850e76b82c taskType=AUTO_COLLECT_SCAN scheduleId=b00131aa-8363-4b6b-98d8-10d2461995bb
2026-10-06 12:00:27.467 [pool-2-thread-3] [] INFO  c.c.g.r.c.t.s.i.TaskManagementServiceImpl - 任务已提交: taskId=3b81fafd-005c-4dc9-b44d-b3850e76b82c, taskName=auto-collect-scan
2026-10-06 12:00:27.469 [pool-2-thread-3] [] INFO  c.c.g.r.c.t.s.i.TaskManagementServiceImpl - 任务已解析: taskId=3b81fafd-005c-4dc9-b44d-b3850e76b82c
2026-10-06 12:00:27.470 [pool-2-thread-3] [] WARN  c.c.g.e.d.m.AutoCollectScheduler - AutoCollectScheduler 扫描失败: null
2026-10-06 12:00:27.471 [pool-2-thread-3] [] INFO  c.c.g.r.c.t.s.i.TaskManagementServiceImpl - 任务执行完成: taskId=3b81fafd-005c-4dc9-b44d-b3850e76b82c, status=SUCCEEDED
2026-10-06 12:00:27.472 [pool-2-thread-3] [] INFO  c.c.g.r.c.t.s.TaskSchedulerServiceImpl - 定时任务已提交执行 taskId=3b81fafd-005c-4dc9-b44d-b3850e76b82c taskType=AUTO_COLLECT_SCAN scheduleId=b00131aa-8363-4b6b-98d8-10d2461995bb
2026-10-06 12:01:27.481 [pool-2-thread-3] [] INFO  c.c.g.r.c.t.s.i.TaskManagementServiceImpl - 任务已提交: taskId=3b81fafd-005c-4dc9-b44d-b3850e76b82c, taskName=auto-collect-scan
2026-10-06 12:01:27.484 [pool-2-thread-3] [] INFO  c.c.g.r.c.t.s.i.TaskManagementServiceImpl - 任务已解析: taskId=3b81fafd-005c-4dc9-b44d-b3850e76b82c
2026-10-06 12:01:27.487 [pool-2-thread-3] [] WARN  c.c.g.e.d.m.AutoCollectScheduler - AutoCollectScheduler 扫描失败: null
2026-10-06 12:01:27.489 [pool-2-thread-3] [] INFO  c.c.g.r.c.t.s.i.TaskManagementServiceImpl - 任务执行完成: taskId=3b81fafd-005c-4dc9-b44d-b3850e76b82c, status=SUCCEEDED
2026-10-06 12:01:27.491 [pool-2-thread-3] [] INFO  c.c.g.r.c.t.s.TaskSchedulerServiceImpl - 定时任务已提交执行 taskId=3b81fafd-005c-4dc9-b44d-b3850e76b82c taskType=AUTO_COLLECT_SCAN scheduleId=b00131aa-8363-4b6b-98d8-10d2461995bb
2026-10-06 12:02:27.482 [pool-2-thread-3] [] INFO  c.c.g.r.c.t.s.i.TaskManagementServiceImpl - 任务已提交: taskId=3b81fafd-005c-4dc9-b44d-b3850e76b82c, taskName=auto-collect-scan
2026-10-06 12:02:27.483 [pool-2-thread-3] [] INFO  c.c.g.r.c.t.s.i.TaskManagementServiceImpl - 任务已解析: taskId=3b81fafd-005c-4dc9-b44d-b3850e76b82c
2026-10-06 12:02:27.486 [pool-2-thread-3] [] WARN  c.c.g.e.d.m.AutoCollectScheduler - AutoCollectScheduler 扫描失败: null
2026-10-06 12:02:27.487 [pool-2-thread-3] [] INFO  c.c.g.r.c.t.s.i.TaskManagementServiceImpl - 任务执行完成: taskId=3b81fafd-005c-4dc9-b44d-b3850e76b82c, status=SUCCEEDED
2026-10-06 12:02:27.488 [pool-2-thread-3] [] INFO  c.c.g.r.c.t.s.TaskSchedulerServiceImpl - 定时任务已提交执行 taskId=3b81fafd-005c-4dc9-b44d-b3850e76b82c taskType=AUTO_COLLECT_SCAN scheduleId=b00131aa-8363-4b6b-98d8-10d2461995bb
2026-10-06 12:03:27.471 [pool-2-thread-3] [] INFO  c.c.g.r.c.t.s.i.TaskManagementServiceImpl - 任务已提交: taskId=3b81fafd-005c-4dc9-b44d-b3850e76b82c, taskName=auto-collect-scan
2026-10-06 12:03:27.475 [pool-2-thread-3] [] INFO  c.c.g.r.c.t.s.i.TaskManagementServiceImpl - 任务已解析: taskId=3b81fafd-005c-4dc9-b44d-b3850e76b82c
2026-10-06 12:03:27.479 [pool-2-thread-3] [] WARN  c.c.g.e.d.m.AutoCollectScheduler - AutoCollectScheduler 扫描失败: null
2026-10-06 12:03:27.482 [pool-2-thread-3] [] INFO  c.c.g.r.c.t.s.i.TaskManagementServiceImpl - 任务执行完成: taskId=3b81fafd-005c-4dc9-b44d-b3850e76b82c, status=SUCCEEDED
2026-10-06 12:03:27.484 [pool-2-thread-3] [] INFO  c.c.g.r.c.t.s.TaskSchedulerServiceImpl - 定时任务已提交执行 taskId=3b81fafd-005c-4dc9-b44d-b3850e76b82c taskType=AUTO_COLLECT_SCAN scheduleId=b00131aa-8363-4b6b-98d8-10d2461995bb
2026-10-06 12:04:27.478 [pool-2-thread-3] [] INFO  c.c.g.r.c.t.s.i.TaskManagementServiceImpl - 任务已提交: taskId=3b81fafd-005c-4dc9-b44d-b3850e76b82c, taskName=auto-collect-scan
2026-10-06 12:04:27.481 [pool-2-thread-3] [] INFO  c.c.g.r.c.t.s.i.TaskManagementServiceImpl - 任务已解析: taskId=3b81fafd-005c-4dc9-b44d-b3850e76b82c
2026-10-06 12:04:27.484 [pool-2-thread-3] [] WARN  c.c.g.e.d.m.AutoCollectScheduler - AutoCollectScheduler 扫描失败: null
2026-10-06 12:04:27.486 [pool-2-thread-3] [] INFO  c.c.g.r.c.t.s.i.TaskManagementServiceImpl - 任务执行完成: taskId=3b81fafd-005c-4dc9-b44d-b3850e76b82c, status=SUCCEEDED
2026-10-06 12:04:27.488 [pool-2-thread-3] [] INFO  c.c.g.r.c.t.s.TaskSchedulerServiceImpl - 定时任务已提交执行 taskId=3b81fafd-005c-4dc9-b44d-b3850e76b82c taskType=AUTO_COLLECT_SCAN scheduleId=b00131aa-8363-4b6b-98d8-10d2461995bb
2026-10-06 12:05:27.480 [pool-2-thread-3] [] INFO  c.c.g.r.c.t.s.i.TaskManagementServiceImpl - 任务已提交: taskId=3b81fafd-005c-4dc9-b44d-b3850e76b82c, taskName=auto-collect-scan
2026-10-06 12:05:27.485 [pool-2-thread-3] [] INFO  c.c.g.r.c.t.s.i.TaskManagementServiceImpl - 任务已解析: taskId=3b81fafd-005c-4dc9-b44d-b3850e76b82c
2026-10-06 12:05:27.494 [pool-2-thread-3] [] WARN  c.c.g.e.d.m.AutoCollectScheduler - AutoCollectScheduler 扫描失败: null
2026-10-06 12:05:27.500 [pool-2-thread-3] [] INFO  c.c.g.r.c.t.s.i.TaskManagementServiceImpl - 任务执行完成: taskId=3b81fafd-005c-4dc9-b44d-b3850e76b82c, status=SUCCEEDED
2026-10-06 12:05:27.505 [pool-2-thread-3] [] INFO  c.c.g.r.c.t.s.TaskSchedulerServiceImpl - 定时任务已提交执行 taskId=3b81fafd-005c-4dc9-b44d-b3850e76b82c taskType=AUTO_COLLECT_SCAN scheduleId=b00131aa-8363-4b6b-98d8-10d2461995bb
2026-10-06 12:06:27.476 [pool-2-thread-3] [] INFO  c.c.g.r.c.t.s.i.TaskManagementServiceImpl - 任务已提交: taskId=3b81fafd-005c-4dc9-b44d-b3850e76b82c, taskName=auto-collect-scan
2026-10-06 12:06:27.480 [pool-2-thread-3] [] INFO  c.c.g.r.c.t.s.i.TaskManagementServiceImpl - 任务已解析: taskId=3b81fafd-005c-4dc9-b44d-b3850e76b82c
2026-10-06 12:06:27.481 [pool-2-thread-3] [] WARN  c.c.g.e.d.m.AutoCollectScheduler - AutoCollectScheduler 扫描失败: null
2026-10-06 12:06:27.483 [pool-2-thread-3] [] INFO  c.c.g.r.c.t.s.i.TaskManagementServiceImpl - 任务执行完成: taskId=3b81fafd-005c-4dc9-b44d-b3850e76b82c, status=SUCCEEDED
2026-10-06 12:06:27.484 [pool-2-thread-3] [] INFO  c.c.g.r.c.t.s.TaskSchedulerServiceImpl - 定时任务已提交执行 taskId=3b81fafd-005c-4dc9-b44d-b3850e76b82c taskType=AUTO_COLLECT_SCAN scheduleId=b00131aa-8363-4b6b-98d8-10d2461995bb
2026-10-06 12:07:27.486 [pool-2-thread-3] [] INFO  c.c.g.r.c.t.s.i.TaskManagementServiceImpl - 任务已提交: taskId=3b81fafd-005c-4dc9-b44d-b3850e76b82c, taskName=auto-collect-scan
2026-10-06 12:07:27.490 [pool-2-thread-3] [] INFO  c.c.g.r.c.t.s.i.TaskManagementServiceImpl - 任务已解析: taskId=3b81fafd-005c-4dc9-b44d-b3850e76b82c
2026-10-06 12:07:27.493 [pool-2-thread-3] [] WARN  c.c.g.e.d.m.AutoCollectScheduler - AutoCollectScheduler 扫描失败: null
2026-10-06 12:07:27.496 [pool-2-thread-3] [] INFO  c.c.g.r.c.t.s.i.TaskManagementServiceImpl - 任务执行完成: taskId=3b81fafd-005c-4dc9-b44d-b3850e76b82c, status=SUCCEEDED
2026-10-06 12:07:27.498 [pool-2-thread-3] [] INFO  c.c.g.r.c.t.s.TaskSchedulerServiceImpl - 定时任务已提交执行 taskId=3b81fafd-005c-4dc9-b44d-b3850e76b82c taskType=AUTO_COLLECT_SCAN scheduleId=b00131aa-8363-4b6b-98d8-10d2461995bb
2026-10-06 12:08:27.473 [pool-2-thread-3] [] INFO  c.c.g.r.c.t.s.i.TaskManagementServiceImpl - 任务已提交: taskId=3b81fafd-005c-4dc9-b44d-b3850e76b82c, taskName=auto-collect-scan
2026-10-06 12:08:27.473 [pool-2-thread-3] [] INFO  c.c.g.r.c.t.s.i.TaskManagementServiceImpl - 任务已解析: taskId=3b81fafd-005c-4dc9-b44d-b3850e76b82c
2026-10-06 12:08:27.475 [pool-2-thread-3] [] WARN  c.c.g.e.d.m.AutoCollectScheduler - AutoCollectScheduler 扫描失败: null
2026-10-06 12:08:27.476 [pool-2-thread-3] [] INFO  c.c.g.r.c.t.s.i.TaskManagementServiceImpl - 任务执行完成: taskId=3b81fafd-005c-4dc9-b44d-b3850e76b82c, status=SUCCEEDED
2026-10-06 12:08:27.477 [pool-2-thread-3] [] INFO  c.c.g.r.c.t.s.TaskSchedulerServiceImpl - 定时任务已提交执行 taskId=3b81fafd-005c-4dc9-b44d-b3850e76b82c taskType=AUTO_COLLECT_SCAN scheduleId=b00131aa-8363-4b6b-98d8-10d2461995bb
2026-10-06 12:09:27.471 [pool-2-thread-3] [] INFO  c.c.g.r.c.t.s.i.TaskManagementServiceImpl - 任务已提交: taskId=3b81fafd-005c-4dc9-b44d-b3850e76b82c, taskName=auto-collect-scan
2026-10-06 12:09:27.474 [pool-2-thread-3] [] INFO  c.c.g.r.c.t.s.i.TaskManagementServiceImpl - 任务已解析: taskId=3b81fafd-005c-4dc9-b44d-b3850e76b82c
2026-10-06 12:09:27.477 [pool-2-thread-3] [] WARN  c.c.g.e.d.m.AutoCollectScheduler - AutoCollectScheduler 扫描失败: null
2026-10-06 12:09:27.479 [pool-2-thread-3] [] INFO  c.c.g.r.c.t.s.i.TaskManagementServiceImpl - 任务执行完成: taskId=3b81fafd-005c-4dc9-b44d-b3850e76b82c, status=SUCCEEDED
2026-10-06 12:09:27.480 [pool-2-thread-3] [] INFO  c.c.g.r.c.t.s.TaskSchedulerServiceImpl - 定时任务已提交执行 taskId=3b81fafd-005c-4dc9-b44d-b3850e76b82c taskType=AUTO_COLLECT_SCAN scheduleId=b00131aa-8363-4b6b-98d8-10d2461995bb
2026-10-06 12:10:27.513 [pool-2-thread-3] [] INFO  c.c.g.r.c.t.s.i.TaskManagementServiceImpl - 任务已提交: taskId=3b81fafd-005c-4dc9-b44d-b3850e76b82c, taskName=auto-collect-scan
2026-10-06 12:10:27.601 [pool-2-thread-3] [] INFO  c.c.g.r.c.t.s.i.TaskManagementServiceImpl - 任务已解析: taskId=3b81fafd-005c-4dc9-b44d-b3850e76b82c
2026-10-06 12:10:27.603 [pool-2-thread-3] [] WARN  c.c.g.e.d.m.AutoCollectScheduler - AutoCollectScheduler 扫描失败: null
2026-10-06 12:10:27.607 [pool-2-thread-3] [] INFO  c.c.g.r.c.t.s.i.TaskManagementServiceImpl - 任务执行完成: taskId=3b81fafd-005c-4dc9-b44d-b3850e76b82c, status=SUCCEEDED
2026-10-06 12:10:27.609 [pool-2-thread-3] [] INFO  c.c.g.r.c.t.s.TaskSchedulerServiceImpl - 定时任务已提交执行 taskId=3b81fafd-005c-4dc9-b44d-b3850e76b82c taskType=AUTO_COLLECT_SCAN scheduleId=b00131aa-8363-4b6b-98d8-10d2461995bb
2026-10-06 12:11:27.482 [pool-2-thread-3] [] INFO  c.c.g.r.c.t.s.i.TaskManagementServiceImpl - 任务已提交: taskId=3b81fafd-005c-4dc9-b44d-b3850e76b82c, taskName=auto-collect-scan
2026-10-06 12:11:27.484 [pool-2-thread-3] [] INFO  c.c.g.r.c.t.s.i.TaskManagementServiceImpl - 任务已解析: taskId=3b81fafd-005c-4dc9-b44d-b3850e76b82c
2026-10-06 12:11:27.485 [pool-2-thread-3] [] WARN  c.c.g.e.d.m.AutoCollectScheduler - AutoCollectScheduler 扫描失败: null
2026-10-06 12:11:27.487 [pool-2-thread-3] [] INFO  c.c.g.r.c.t.s.i.TaskManagementServiceImpl - 任务执行完成: taskId=3b81fafd-005c-4dc9-b44d-b3850e76b82c, status=SUCCEEDED
2026-10-06 12:11:27.488 [pool-2-thread-3] [] INFO  c.c.g.r.c.t.s.TaskSchedulerServiceImpl - 定时任务已提交执行 taskId=3b81fafd-005c-4dc9-b44d-b3850e76b82c taskType=AUTO_COLLECT_SCAN scheduleId=b00131aa-8363-4b6b-98d8-10d2461995bb
2026-10-06 12:12:27.480 [pool-2-thread-3] [] INFO  c.c.g.r.c.t.s.i.TaskManagementServiceImpl - 任务已提交: taskId=3b81fafd-005c-4dc9-b44d-b3850e76b82c, taskName=auto-collect-scan
2026-10-06 12:12:27.484 [pool-2-thread-3] [] INFO  c.c.g.r.c.t.s.i.TaskManagementServiceImpl - 任务已解析: taskId=3b81fafd-005c-4dc9-b44d-b3850e76b82c
2026-10-06 12:12:27.486 [pool-2-thread-3] [] WARN  c.c.g.e.d.m.AutoCollectScheduler - AutoCollectScheduler 扫描失败: null
2026-10-06 12:12:27.487 [pool-2-thread-3] [] INFO  c.c.g.r.c.t.s.i.TaskManagementServiceImpl - 任务执行完成: taskId=3b81fafd-005c-4dc9-b44d-b3850e76b82c, status=SUCCEEDED
2026-10-06 12:12:27.488 [pool-2-thread-3] [] INFO  c.c.g.r.c.t.s.TaskSchedulerServiceImpl - 定时任务已提交执行 taskId=3b81fafd-005c-4dc9-b44d-b3850e76b82c taskType=AUTO_COLLECT_SCAN scheduleId=b00131aa-8363-4b6b-98d8-10d2461995bb
2026-10-06 12:13:27.467 [pool-2-thread-3] [] INFO  c.c.g.r.c.t.s.i.TaskManagementServiceImpl - 任务已提交: taskId=3b81fafd-005c-4dc9-b44d-b3850e76b82c, taskName=auto-collect-scan
2026-10-06 12:13:27.478 [pool-2-thread-3] [] INFO  c.c.g.r.c.t.s.i.TaskManagementServiceImpl - 任务已解析: taskId=3b81fafd-005c-4dc9-b44d-b3850e76b82c
2026-10-06 12:13:27.480 [pool-2-thread-3] [] WARN  c.c.g.e.d.m.AutoCollectScheduler - AutoCollectScheduler 扫描失败: null
2026-10-06 12:13:27.481 [pool-2-thread-3] [] INFO  c.c.g.r.c.t.s.i.TaskManagementServiceImpl - 任务执行完成: taskId=3b81fafd-005c-4dc9-b44d-b3850e76b82c, status=SUCCEEDED
2026-10-06 12:13:27.482 [pool-2-thread-3] [] INFO  c.c.g.r.c.t.s.TaskSchedulerServiceImpl - 定时任务已提交执行 taskId=3b81fafd-005c-4dc9-b44d-b3850e76b82c taskType=AUTO_COLLECT_SCAN scheduleId=b00131aa-8363-4b6b-98d8-10d2461995bb
2026-10-06 12:14:27.477 [pool-2-thread-3] [] INFO  c.c.g.r.c.t.s.i.TaskManagementServiceImpl - 任务已提交: taskId=3b81fafd-005c-4dc9-b44d-b3850e76b82c, taskName=auto-collect-scan
2026-10-06 12:14:27.479 [pool-2-thread-3] [] INFO  c.c.g.r.c.t.s.i.TaskManagementServiceImpl - 任务已解析: taskId=3b81fafd-005c-4dc9-b44d-b3850e76b82c
2026-10-06 12:14:27.482 [pool-2-thread-3] [] WARN  c.c.g.e.d.m.AutoCollectScheduler - AutoCollectScheduler 扫描失败: null
2026-10-06 12:14:27.484 [pool-2-thread-3] [] INFO  c.c.g.r.c.t.s.i.TaskManagementServiceImpl - 任务执行完成: taskId=3b81fafd-005c-4dc9-b44d-b3850e76b82c, status=SUCCEEDED
2026-10-06 12:14:27.485 [pool-2-thread-3] [] INFO  c.c.g.r.c.t.s.TaskSchedulerServiceImpl - 定时任务已提交执行 taskId=3b81fafd-005c-4dc9-b44d-b3850e76b82c taskType=AUTO_COLLECT_SCAN scheduleId=b00131aa-8363-4b6b-98d8-10d2461995bb
2026-10-06 12:15:27.469 [pool-2-thread-3] [] INFO  c.c.g.r.c.t.s.i.TaskManagementServiceImpl - 任务已提交: taskId=3b81fafd-005c-4dc9-b44d-b3850e76b82c, taskName=auto-collect-scan
2026-10-06 12:15:27.471 [pool-2-thread-3] [] INFO  c.c.g.r.c.t.s.i.TaskManagementServiceImpl - 任务已解析: taskId=3b81fafd-005c-4dc9-b44d-b3850e76b82c
2026-10-06 12:15:27.472 [pool-2-thread-3] [] WARN  c.c.g.e.d.m.AutoCollectScheduler - AutoCollectScheduler 扫描失败: null
2026-10-06 12:15:27.473 [pool-2-thread-3] [] INFO  c.c.g.r.c.t.s.i.TaskManagementServiceImpl - 任务执行完成: taskId=3b81fafd-005c-4dc9-b44d-b3850e76b82c, status=SUCCEEDED
2026-10-06 12:15:27.473 [pool-2-thread-3] [] INFO  c.c.g.r.c.t.s.TaskSchedulerServiceImpl - 定时任务已提交执行 taskId=3b81fafd-005c-4dc9-b44d-b3850e76b82c taskType=AUTO_COLLECT_SCAN scheduleId=b00131aa-8363-4b6b-98d8-10d2461995bb
2026-10-06 12:16:27.469 [pool-2-thread-3] [] INFO  c.c.g.r.c.t.s.i.TaskManagementServiceImpl - 任务已提交: taskId=3b81fafd-005c-4dc9-b44d-b3850e76b82c, taskName=auto-collect-scan
2026-10-06 12:16:27.481 [pool-2-thread-3] [] INFO  c.c.g.r.c.t.s.i.TaskManagementServiceImpl - 任务已解析: taskId=3b81fafd-005c-4dc9-b44d-b3850e76b82c
2026-10-06 12:16:27.484 [pool-2-thread-3] [] WARN  c.c.g.e.d.m.AutoCollectScheduler - AutoCollectScheduler 扫描失败: null
2026-10-06 12:16:27.485 [pool-2-thread-3] [] INFO  c.c.g.r.c.t.s.i.TaskManagementServiceImpl - 任务执行完成: taskId=3b81fafd-005c-4dc9-b44d-b3850e76b82c, status=SUCCEEDED
2026-10-06 12:16:27.486 [pool-2-thread-3] [] INFO  c.c.g.r.c.t.s.TaskSchedulerServiceImpl - 定时任务已提交执行 taskId=3b81fafd-005c-4dc9-b44d-b3850e76b82c taskType=AUTO_COLLECT_SCAN scheduleId=b00131aa-8363-4b6b-98d8-10d2461995bb
2026-10-06 12:17:27.467 [pool-2-thread-3] [] INFO  c.c.g.r.c.t.s.i.TaskManagementServiceImpl - 任务已提交: taskId=3b81fafd-005c-4dc9-b44d-b3850e76b82c, taskName=auto-collect-scan
2026-10-06 12:17:27.478 [pool-2-thread-3] [] INFO  c.c.g.r.c.t.s.i.TaskManagementServiceImpl - 任务已解析: taskId=3b81fafd-005c-4dc9-b44d-b3850e76b82c
2026-10-06 12:17:27.480 [pool-2-thread-3] [] WARN  c.c.g.e.d.m.AutoCollectScheduler - AutoCollectScheduler 扫描失败: null
2026-10-06 12:17:27.481 [pool-2-thread-3] [] INFO  c.c.g.r.c.t.s.i.TaskManagementServiceImpl - 任务执行完成: taskId=3b81fafd-005c-4dc9-b44d-b3850e76b82c, status=SUCCEEDED
2026-10-06 12:17:27.482 [pool-2-thread-3] [] INFO  c.c.g.r.c.t.s.TaskSchedulerServiceImpl - 定时任务已提交执行 taskId=3b81fafd-005c-4dc9-b44d-b3850e76b82c taskType=AUTO_COLLECT_SCAN scheduleId=b00131aa-8363-4b6b-98d8-10d2461995bb
2026-10-06 12:18:27.467 [pool-2-thread-3] [] INFO  c.c.g.r.c.t.s.i.TaskManagementServiceImpl - 任务已提交: taskId=3b81fafd-005c-4dc9-b44d-b3850e76b82c, taskName=auto-collect-scan
2026-10-06 12:18:27.478 [pool-2-thread-3] [] INFO  c.c.g.r.c.t.s.i.TaskManagementServiceImpl - 任务已解析: taskId=3b81fafd-005c-4dc9-b44d-b3850e76b82c
2026-10-06 12:18:27.480 [pool-2-thread-3] [] WARN  c.c.g.e.d.m.AutoCollectScheduler - AutoCollectScheduler 扫描失败: null
2026-10-06 12:18:27.481 [pool-2-thread-3] [] INFO  c.c.g.r.c.t.s.i.TaskManagementServiceImpl - 任务执行完成: taskId=3b81fafd-005c-4dc9-b44d-b3850e76b82c, status=SUCCEEDED
2026-10-06 12:18:27.482 [pool-2-thread-3] [] INFO  c.c.g.r.c.t.s.TaskSchedulerServiceImpl - 定时任务已提交执行 taskId=3b81fafd-005c-4dc9-b44d-b3850e76b82c taskType=AUTO_COLLECT_SCAN scheduleId=b00131aa-8363-4b6b-98d8-10d2461995bb
2026-10-06 12:19:27.471 [pool-2-thread-3] [] INFO  c.c.g.r.c.t.s.i.TaskManagementServiceImpl - 任务已提交: taskId=3b81fafd-005c-4dc9-b44d-b3850e76b82c, taskName=auto-collect-scan
2026-10-06 12:19:27.473 [pool-2-thread-3] [] INFO  c.c.g.r.c.t.s.i.TaskManagementServiceImpl - 任务已解析: taskId=3b81fafd-005c-4dc9-b44d-b3850e76b82c
2026-10-06 12:19:27.474 [pool-2-thread-3] [] WARN  c.c.g.e.d.m.AutoCollectScheduler - AutoCollectScheduler 扫描失败: null
2026-10-06 12:19:27.475 [pool-2-thread-3] [] INFO  c.c.g.r.c.t.s.i.TaskManagementServiceImpl - 任务执行完成: taskId=3b81fafd-005c-4dc9-b44d-b3850e76b82c, status=SUCCEEDED
2026-10-06 12:19:27.476 [pool-2-thread-3] [] INFO  c.c.g.r.c.t.s.TaskSchedulerServiceImpl - 定时任务已提交执行 taskId=3b81fafd-005c-4dc9-b44d-b3850e76b82c taskType=AUTO_COLLECT_SCAN scheduleId=b00131aa-8363-4b6b-98d8-10d2461995bb
2026-10-06 12:20:27.476 [pool-2-thread-3] [] INFO  c.c.g.r.c.t.s.i.TaskManagementServiceImpl - 任务已提交: taskId=3b81fafd-005c-4dc9-b44d-b3850e76b82c, taskName=auto-collect-scan
2026-10-06 12:20:27.478 [pool-2-thread-3] [] INFO  c.c.g.r.c.t.s.i.TaskManagementServiceImpl - 任务已解析: taskId=3b81fafd-005c-4dc9-b44d-b3850e76b82c
2026-10-06 12:20:27.479 [pool-2-thread-3] [] WARN  c.c.g.e.d.m.AutoCollectScheduler - AutoCollectScheduler 扫描失败: null
2026-10-06 12:20:27.480 [pool-2-thread-3] [] INFO  c.c.g.r.c.t.s.i.TaskManagementServiceImpl - 任务执行完成: taskId=3b81fafd-005c-4dc9-b44d-b3850e76b82c, status=SUCCEEDED
2026-10-06 12:20:27.481 [pool-2-thread-3] [] INFO  c.c.g.r.c.t.s.TaskSchedulerServiceImpl - 定时任务已提交执行 taskId=3b81fafd-005c-4dc9-b44d-b3850e76b82c taskType=AUTO_COLLECT_SCAN scheduleId=b00131aa-8363-4b6b-98d8-10d2461995bb
2026-10-06 12:21:27.472 [pool-2-thread-3] [] INFO  c.c.g.r.c.t.s.i.TaskManagementServiceImpl - 任务已提交: taskId=3b81fafd-005c-4dc9-b44d-b3850e76b82c, taskName=auto-collect-scan
2026-10-06 12:21:27.484 [pool-2-thread-3] [] INFO  c.c.g.r.c.t.s.i.TaskManagementServiceImpl - 任务已解析: taskId=3b81fafd-005c-4dc9-b44d-b3850e76b82c
2026-10-06 12:21:27.486 [pool-2-thread-3] [] WARN  c.c.g.e.d.m.AutoCollectScheduler - AutoCollectScheduler 扫描失败: null
2026-10-06 12:21:27.488 [pool-2-thread-3] [] INFO  c.c.g.r.c.t.s.i.TaskManagementServiceImpl - 任务执行完成: taskId=3b81fafd-005c-4dc9-b44d-b3850e76b82c, status=SUCCEEDED
2026-10-06 12:21:27.489 [pool-2-thread-3] [] INFO  c.c.g.r.c.t.s.TaskSchedulerServiceImpl - 定时任务已提交执行 taskId=3b81fafd-005c-4dc9-b44d-b3850e76b82c taskType=AUTO_COLLECT_SCAN scheduleId=b00131aa-8363-4b6b-98d8-10d2461995bb
2026-10-06 12:22:27.469 [pool-2-thread-3] [] INFO  c.c.g.r.c.t.s.i.TaskManagementServiceImpl - 任务已提交: taskId=3b81fafd-005c-4dc9-b44d-b3850e76b82c, taskName=auto-collect-scan
2026-10-06 12:22:27.479 [pool-2-thread-3] [] INFO  c.c.g.r.c.t.s.i.TaskManagementServiceImpl - 任务已解析: taskId=3b81fafd-005c-4dc9-b44d-b3850e76b82c
2026-10-06 12:22:27.481 [pool-2-thread-3] [] WARN  c.c.g.e.d.m.AutoCollectScheduler - AutoCollectScheduler 扫描失败: null
2026-10-06 12:22:27.482 [pool-2-thread-3] [] INFO  c.c.g.r.c.t.s.i.TaskManagementServiceImpl - 任务执行完成: taskId=3b81fafd-005c-4dc9-b44d-b3850e76b82c, status=SUCCEEDED
2026-10-06 12:22:27.483 [pool-2-thread-3] [] INFO  c.c.g.r.c.t.s.TaskSchedulerServiceImpl - 定时任务已提交执行 taskId=3b81fafd-005c-4dc9-b44d-b3850e76b82c taskType=AUTO_COLLECT_SCAN scheduleId=b00131aa-8363-4b6b-98d8-10d2461995bb
2026-10-06 12:23:27.480 [pool-2-thread-3] [] INFO  c.c.g.r.c.t.s.i.TaskManagementServiceImpl - 任务已提交: taskId=3b81fafd-005c-4dc9-b44d-b3850e76b82c, taskName=auto-collect-scan
2026-10-06 12:23:27.491 [pool-2-thread-3] [] INFO  c.c.g.r.c.t.s.i.TaskManagementServiceImpl - 任务已解析: taskId=3b81fafd-005c-4dc9-b44d-b3850e76b82c
2026-10-06 12:23:27.492 [pool-2-thread-3] [] WARN  c.c.g.e.d.m.AutoCollectScheduler - AutoCollectScheduler 扫描失败: null
2026-10-06 12:23:27.493 [pool-2-thread-3] [] INFO  c.c.g.r.c.t.s.i.TaskManagementServiceImpl - 任务执行完成: taskId=3b81fafd-005c-4dc9-b44d-b3850e76b82c, status=SUCCEEDED
2026-10-06 12:23:27.494 [pool-2-thread-3] [] INFO  c.c.g.r.c.t.s.TaskSchedulerServiceImpl - 定时任务已提交执行 taskId=3b81fafd-005c-4dc9-b44d-b3850e76b82c taskType=AUTO_COLLECT_SCAN scheduleId=b00131aa-8363-4b6b-98d8-10d2461995bb
2026-10-06 12:24:27.469 [pool-2-thread-3] [] INFO  c.c.g.r.c.t.s.i.TaskManagementServiceImpl - 任务已提交: taskId=3b81fafd-005c-4dc9-b44d-b3850e76b82c, taskName=auto-collect-scan
2026-10-06 12:24:27.472 [pool-2-thread-3] [] INFO  c.c.g.r.c.t.s.i.TaskManagementServiceImpl - 任务已解析: taskId=3b81fafd-005c-4dc9-b44d-b3850e76b82c
2026-10-06 12:24:27.475 [pool-2-thread-3] [] WARN  c.c.g.e.d.m.AutoCollectScheduler - AutoCollectScheduler 扫描失败: null
2026-10-06 12:24:27.477 [pool-2-thread-3] [] INFO  c.c.g.r.c.t.s.i.TaskManagementServiceImpl - 任务执行完成: taskId=3b81fafd-005c-4dc9-b44d-b3850e76b82c, status=SUCCEEDED
2026-10-06 12:24:27.477 [pool-2-thread-3] [] INFO  c.c.g.r.c.t.s.TaskSchedulerServiceImpl - 定时任务已提交执行 taskId=3b81fafd-005c-4dc9-b44d-b3850e76b82c taskType=AUTO_COLLECT_SCAN scheduleId=b00131aa-8363-4b6b-98d8-10d2461995bb
2026-10-06 12:25:27.473 [pool-2-thread-3] [] INFO  c.c.g.r.c.t.s.i.TaskManagementServiceImpl - 任务已提交: taskId=3b81fafd-005c-4dc9-b44d-b3850e76b82c, taskName=auto-collect-scan
2026-10-06 12:25:27.483 [pool-2-thread-3] [] INFO  c.c.g.r.c.t.s.i.TaskManagementServiceImpl - 任务已解析: taskId=3b81fafd-005c-4dc9-b44d-b3850e76b82c
2026-10-06 12:25:27.485 [pool-2-thread-3] [] WARN  c.c.g.e.d.m.AutoCollectScheduler - AutoCollectScheduler 扫描失败: null
2026-10-06 12:25:27.486 [pool-2-thread-3] [] INFO  c.c.g.r.c.t.s.i.TaskManagementServiceImpl - 任务执行完成: taskId=3b81fafd-005c-4dc9-b44d-b3850e76b82c, status=SUCCEEDED
2026-10-06 12:25:27.487 [pool-2-thread-3] [] INFO  c.c.g.r.c.t.s.TaskSchedulerServiceImpl - 定时任务已提交执行 taskId=3b81fafd-005c-4dc9-b44d-b3850e76b82c taskType=AUTO_COLLECT_SCAN scheduleId=b00131aa-8363-4b6b-98d8-10d2461995bb
2026-10-06 12:26:27.471 [pool-2-thread-3] [] INFO  c.c.g.r.c.t.s.i.TaskManagementServiceImpl - 任务已提交: taskId=3b81fafd-005c-4dc9-b44d-b3850e76b82c, taskName=auto-collect-scan
2026-10-06 12:26:27.474 [pool-2-thread-3] [] INFO  c.c.g.r.c.t.s.i.TaskManagementServiceImpl - 任务已解析: taskId=3b81fafd-005c-4dc9-b44d-b3850e76b82c
2026-10-06 12:26:27.476 [pool-2-thread-3] [] WARN  c.c.g.e.d.m.AutoCollectScheduler - AutoCollectScheduler 扫描失败: null
2026-10-06 12:26:27.477 [pool-2-thread-3] [] INFO  c.c.g.r.c.t.s.i.TaskManagementServiceImpl - 任务执行完成: taskId=3b81fafd-005c-4dc9-b44d-b3850e76b82c, status=SUCCEEDED
2026-10-06 12:26:27.479 [pool-2-thread-3] [] INFO  c.c.g.r.c.t.s.TaskSchedulerServiceImpl - 定时任务已提交执行 taskId=3b81fafd-005c-4dc9-b44d-b3850e76b82c taskType=AUTO_COLLECT_SCAN scheduleId=b00131aa-8363-4b6b-98d8-10d2461995bb
2026-10-06 12:27:27.470 [pool-2-thread-3] [] INFO  c.c.g.r.c.t.s.i.TaskManagementServiceImpl - 任务已提交: taskId=3b81fafd-005c-4dc9-b44d-b3850e76b82c, taskName=auto-collect-scan
2026-10-06 12:27:27.481 [pool-2-thread-3] [] INFO  c.c.g.r.c.t.s.i.TaskManagementServiceImpl - 任务已解析: taskId=3b81fafd-005c-4dc9-b44d-b3850e76b82c
2026-10-06 12:27:27.483 [pool-2-thread-3] [] WARN  c.c.g.e.d.m.AutoCollectScheduler - AutoCollectScheduler 扫描失败: null
2026-10-06 12:27:27.484 [pool-2-thread-3] [] INFO  c.c.g.r.c.t.s.i.TaskManagementServiceImpl - 任务执行完成: taskId=3b81fafd-005c-4dc9-b44d-b3850e76b82c, status=SUCCEEDED
2026-10-06 12:27:27.485 [pool-2-thread-3] [] INFO  c.c.g.r.c.t.s.TaskSchedulerServiceImpl - 定时任务已提交执行 taskId=3b81fafd-005c-4dc9-b44d-b3850e76b82c taskType=AUTO_COLLECT_SCAN scheduleId=b00131aa-8363-4b6b-98d8-10d2461995bb
2026-10-06 12:28:27.472 [pool-2-thread-3] [] INFO  c.c.g.r.c.t.s.i.TaskManagementServiceImpl - 任务已提交: taskId=3b81fafd-005c-4dc9-b44d-b3850e76b82c, taskName=auto-collect-scan
2026-10-06 12:28:27.482 [pool-2-thread-3] [] INFO  c.c.g.r.c.t.s.i.TaskManagementServiceImpl - 任务已解析: taskId=3b81fafd-005c-4dc9-b44d-b3850e76b82c
2026-10-06 12:28:27.483 [pool-2-thread-3] [] WARN  c.c.g.e.d.m.AutoCollectScheduler - AutoCollectScheduler 扫描失败: null
2026-10-06 12:28:27.484 [pool-2-thread-3] [] INFO  c.c.g.r.c.t.s.i.TaskManagementServiceImpl - 任务执行完成: taskId=3b81fafd-005c-4dc9-b44d-b3850e76b82c, status=SUCCEEDED
2026-10-06 12:28:27.485 [pool-2-thread-3] [] INFO  c.c.g.r.c.t.s.TaskSchedulerServiceImpl - 定时任务已提交执行 taskId=3b81fafd-005c-4dc9-b44d-b3850e76b82c taskType=AUTO_COLLECT_SCAN scheduleId=b00131aa-8363-4b6b-98d8-10d2461995bb
2026-10-06 13:00:42.061 [main] [] INFO  c.c.g.s.d.DatanetServiceApplication - Starting DatanetServiceApplication using Java 17.0.17 with PID 39984 (D:\workspace\javaprojects\ECOS\ecos_backend\services\datanet\target\datanet-service-1.0.0-SNAPSHOT.jar started by guoro in D:\workspace\javaprojects\ECOS)
2026-10-06 13:00:42.091 [main] [] INFO  c.c.g.s.d.DatanetServiceApplication - The following 1 profile is active: "standard"
2026-10-06 13:00:54.015 [main] [] WARN  o.m.s.mapper.ClassPathMapperScanner - Skipping MapperFactoryBean with name 'dqRuleMapper' and 'com.chinacreator.gzcm.engine.data.quality.mapper.DqRuleMapper' mapperInterface. Bean already defined with the same name!
2026-10-06 13:00:54.027 [main] [] WARN  o.m.s.mapper.ClassPathMapperScanner - Skipping MapperFactoryBean with name 'dqScheduleMapper' and 'com.chinacreator.gzcm.engine.data.quality.mapper.DqScheduleMapper' mapperInterface. Bean already defined with the same name!
2026-10-06 13:00:54.039 [main] [] WARN  o.m.s.mapper.ClassPathMapperScanner - Skipping MapperFactoryBean with name 'dataDescriptionDao' and 'com.chinacreator.gzcm.engine.data.datadescription.dao.DataDescriptionDao' mapperInterface. Bean already defined with the same name!
2026-10-06 13:00:54.041 [main] [] WARN  o.m.s.mapper.ClassPathMapperScanner - Skipping MapperFactoryBean with name 'schemaRegistryDao' and 'com.chinacreator.gzcm.engine.data.datadescription.dao.SchemaRegistryDao' mapperInterface. Bean already defined with the same name!
2026-10-06 13:00:54.050 [main] [] WARN  o.m.s.mapper.ClassPathMapperScanner - Skipping MapperFactoryBean with name 'dqRuleMapper' and 'com.chinacreator.gzcm.engine.data.quality.mapper.DqRuleMapper' mapperInterface. Bean already defined with the same name!
2026-10-06 13:00:54.053 [main] [] WARN  o.m.s.mapper.ClassPathMapperScanner - Skipping MapperFactoryBean with name 'dqScheduleMapper' and 'com.chinacreator.gzcm.engine.data.quality.mapper.DqScheduleMapper' mapperInterface. Bean already defined with the same name!
2026-10-06 13:00:54.063 [main] [] WARN  o.m.s.mapper.ClassPathMapperScanner - Skipping MapperFactoryBean with name 'alertRecordMapper' and 'com.chinacreator.gzcm.runtime.core.alert.mapper.AlertRecordMapper' mapperInterface. Bean already defined with the same name!
2026-10-06 13:00:54.065 [main] [] WARN  o.m.s.mapper.ClassPathMapperScanner - Skipping MapperFactoryBean with name 'alertRuleMapper' and 'com.chinacreator.gzcm.runtime.core.alert.mapper.AlertRuleMapper' mapperInterface. Bean already defined with the same name!
2026-10-06 13:00:54.073 [main] [] WARN  o.m.s.mapper.ClassPathMapperScanner - Skipping MapperFactoryBean with name 'IMonitorDataDao' and 'com.chinacreator.gzcm.runtime.core.monitor.monitordata.dao.IMonitorDataDao' mapperInterface. Bean already defined with the same name!
2026-10-06 13:00:54.075 [main] [] WARN  o.m.s.mapper.ClassPathMapperScanner - Skipping MapperFactoryBean with name 'IMonitorObjectDao' and 'com.chinacreator.gzcm.runtime.core.monitor.monitorobject.dao.IMonitorObjectDao' mapperInterface. Bean already defined with the same name!
2026-10-06 13:00:54.078 [main] [] WARN  o.m.s.mapper.ClassPathMapperScanner - Skipping MapperFactoryBean with name 'IMonitorObjectTargetDao' and 'com.chinacreator.gzcm.runtime.core.monitor.monitorobject.dao.IMonitorObjectTargetDao' mapperInterface. Bean already defined with the same name!
2026-10-06 13:00:54.080 [main] [] WARN  o.m.s.mapper.ClassPathMapperScanner - Skipping MapperFactoryBean with name 'IPluginDao' and 'com.chinacreator.gzcm.runtime.core.monitor.plugin.dao.IPluginDao' mapperInterface. Bean already defined with the same name!
2026-10-06 13:00:54.083 [main] [] WARN  o.m.s.mapper.ClassPathMapperScanner - Skipping MapperFactoryBean with name 'IPluginParamsDao' and 'com.chinacreator.gzcm.runtime.core.monitor.plugin.dao.IPluginParamsDao' mapperInterface. Bean already defined with the same name!
2026-10-06 13:00:54.086 [main] [] WARN  o.m.s.mapper.ClassPathMapperScanner - Skipping MapperFactoryBean with name 'IPluginTargetDao' and 'com.chinacreator.gzcm.runtime.core.monitor.plugin.dao.IPluginTargetDao' mapperInterface. Bean already defined with the same name!
2026-10-06 13:00:54.089 [main] [] WARN  o.m.s.mapper.ClassPathMapperScanner - Skipping MapperFactoryBean with name 'IMonitorWarnContactDao' and 'com.chinacreator.gzcm.runtime.core.monitor.server.warn.dao.IMonitorWarnContactDao' mapperInterface. Bean already defined with the same name!
2026-10-06 13:00:54.092 [main] [] WARN  o.m.s.mapper.ClassPathMapperScanner - Skipping MapperFactoryBean with name 'IWarnLogDao' and 'com.chinacreator.gzcm.runtime.core.monitor.server.warn.dao.IWarnLogDao' mapperInterface. Bean already defined with the same name!
2026-10-06 13:00:54.095 [main] [] WARN  o.m.s.mapper.ClassPathMapperScanner - Skipping MapperFactoryBean with name 'IStrategyDao' and 'com.chinacreator.gzcm.runtime.core.monitor.strategy.dao.IStrategyDao' mapperInterface. Bean already defined with the same name!
2026-10-06 13:00:54.125 [main] [] WARN  o.s.c.a.ConfigurationClassPostProcessor - Cannot enhance @Configuration bean definition 'myBatisConfig' since its singleton instance has been created too early. The typical cause is a non-static @Bean method with a BeanDefinitionRegistryPostProcessor return type: Consider declaring such methods as 'static' and/or marking the containing configuration class as 'proxyBeanMethods=false'.
2026-10-06 13:01:04.609 [main] [] INFO  o.s.b.w.e.tomcat.TomcatWebServer - Tomcat initialized with port 18082 (http)
2026-10-06 13:01:04.871 [main] [] INFO  o.a.coyote.http11.Http11NioProtocol - Initializing ProtocolHandler ["http-nio-18082"]
2026-10-06 13:01:04.926 [main] [] INFO  o.a.catalina.core.StandardService - Starting service [Tomcat]
2026-10-06 13:01:04.931 [main] [] INFO  o.a.catalina.core.StandardEngine - Starting Servlet engine: [Apache Tomcat/10.1.18]
2026-10-06 13:01:06.079 [main] [] INFO  o.a.c.c.C.[Tomcat].[localhost].[/] - Initializing Spring embedded WebApplicationContext
2026-10-06 13:01:06.088 [main] [] INFO  o.s.b.w.s.c.ServletWebServerApplicationContext - Root WebApplicationContext: initialization completed in 23056 ms
2026-10-06 13:01:09.706 [main] [] INFO  c.c.g.r.a.olap.DuckDBQueryService - DuckDBQueryService downgraded (DuckDB migrated to Doris) — all operations are no-ops
2026-10-06 13:01:11.773 [main] [] INFO  c.c.gzcm.engine.data.DataEngineImpl - Data engine started (was STOPPED)
2026-10-06 13:01:11.783 [main] [] INFO  c.c.gzcm.engine.data.DataEngineImpl - Data engine auto-started on boot
2026-10-06 13:01:12.263 [main] [] INFO  c.c.g.r.c.t.s.i.TaskManagementServiceImpl - onStartup: PG 恢复 0 个任务 + 0 个执行计划
2026-10-06 13:01:16.919 [main] [] INFO  o.s.b.f.a.AutowiredAnnotationBeanPostProcessor - Inconsistent constructor declaration on bean with name 'securityCryptoEgress': single autowire-marked constructor flagged as optional - this constructor is effectively required since there is no default constructor to fall back to: public com.chinacreator.gzcm.runtime.core.crypto.SecurityCryptoEgress(org.springframework.context.ApplicationContext)
2026-10-06 13:01:17.486 [main] [] INFO  c.c.g.r.e.KafkaBusProducerConfig - [runtime-event] Kafka producer 装配: bootstrap=localhost:9092
2026-10-06 13:01:18.292 [main] [] INFO  c.c.g.r.e.KafkaBusConsumerConfig - [runtime-event] Kafka consumer 基参装配: bootstrap=localhost:9092, autoOffsetReset=latest
2026-10-06 13:01:18.310 [main] [] INFO  c.c.g.r.e.KafkaEventBusServiceImpl - [EventBus][KAFKA] activated — broker 在/不在都能发, 失败仅记 WARN 不阻塞主流程; groupPrefix=<per-subscription fan-out>
2026-10-06 13:01:18.820 [main] [] INFO  c.c.g.r.l.c.LLMGatewayAutoConfiguration - Hermes Engine auto-configuration initialized: enabled=true, defaultProvider=openrouter, defaultModel=deepseek/deepseek-chat
2026-10-06 13:01:19.593 [main] [] INFO  c.c.g.r.l.c.LLMGatewayAutoConfiguration - Hermes OkHttpClient created: timeout=PT1M, retryMaxAttempts=3
2026-10-06 13:01:19.883 [main] [] INFO  com.zaxxer.hikari.HikariDataSource - DatanetHikariCP - Starting...
2026-10-06 13:01:21.109 [main] [] INFO  com.zaxxer.hikari.pool.HikariPool - DatanetHikariCP - Added connection org.postgresql.jdbc.PgConnection@20923380
2026-10-06 13:01:21.132 [main] [] INFO  com.zaxxer.hikari.HikariDataSource - DatanetHikariCP - Start completed.
2026-10-06 13:01:21.200 [main] [] INFO  c.c.g.e.d.s.PipelineFunctionServiceImpl - PB 函数种子数据已存在 (120 条)，跳过初始化
2026-10-06 13:01:21.237 [main] [] WARN  o.s.b.w.s.c.AnnotationConfigServletWebServerApplicationContext - Exception encountered during context initialization - cancelling refresh attempt: org.springframework.beans.factory.UnsatisfiedDependencyException: Error creating bean with name 'pipelineGitController' defined in URL [jar:nested:/D:/workspace/javaprojects/ECOS/ecos_backend/services/datanet/target/datanet-service-1.0.0-SNAPSHOT.jar/!BOOT-INF/lib/data-engine-impl-1.0.0-SNAPSHOT.jar!/com/chinacreator/gzcm/engine/data/controller/PipelineGitController.class]: Unsatisfied dependency expressed through constructor parameter 0: Error creating bean with name 'pipelineGitService' defined in URL [jar:nested:/D:/workspace/javaprojects/ECOS/ecos_backend/services/datanet/target/datanet-service-1.0.0-SNAPSHOT.jar/!BOOT-INF/lib/data-engine-impl-1.0.0-SNAPSHOT.jar!/com/chinacreator/gzcm/engine/data/service/PipelineGitService.class]: Unsatisfied dependency expressed through constructor parameter 2: No qualifying bean of type 'com.chinacreator.gzcm.sysman.config.service.impl.SysConfigService' available: expected at least 1 bean which qualifies as autowire candidate. Dependency annotations: {}
2026-10-06 13:01:21.252 [main] [] INFO  com.zaxxer.hikari.HikariDataSource - DatanetHikariCP - Shutdown initiated...
2026-10-06 13:01:21.337 [main] [] INFO  com.zaxxer.hikari.HikariDataSource - DatanetHikariCP - Shutdown completed.
2026-10-06 13:01:21.439 [main] [] INFO  o.a.catalina.core.StandardService - Stopping service [Tomcat]
2026-10-06 13:01:21.680 [main] [] INFO  o.s.b.a.l.ConditionEvaluationReportLogger - 

Error starting ApplicationContext. To display the condition evaluation report re-run your application with 'debug' enabled.
2026-10-06 13:01:21.918 [main] [] ERROR o.s.b.d.LoggingFailureAnalysisReporter - 

***************************
APPLICATION FAILED TO START
***************************

Description:

Parameter 2 of constructor in com.chinacreator.gzcm.engine.data.service.PipelineGitService required a bean of type 'com.chinacreator.gzcm.sysman.config.service.impl.SysConfigService' that could not be found.


Action:

Consider defining a bean of type 'com.chinacreator.gzcm.sysman.config.service.impl.SysConfigService' in your configuration.

2026-10-06 13:01:48.445 [pool-2-thread-1] [] INFO  c.c.g.r.c.t.s.i.TaskManagementServiceImpl - 任务已提交: taskId=18f4c72c-29cb-4e7a-9089-dfdfc5e12ee7, taskName=auto-collect-scan
2026-10-06 13:01:48.461 [pool-2-thread-1] [] INFO  c.c.g.r.c.t.s.i.TaskManagementServiceImpl - 任务已解析: taskId=18f4c72c-29cb-4e7a-9089-dfdfc5e12ee7
2026-10-06 13:01:48.546 [pool-2-thread-1] [] WARN  c.c.g.e.d.m.AutoCollectScheduler - AutoCollectScheduler 扫描失败: null
2026-10-06 13:01:48.557 [pool-2-thread-1] [] INFO  c.c.g.r.c.t.s.i.TaskManagementServiceImpl - 任务执行完成: taskId=18f4c72c-29cb-4e7a-9089-dfdfc5e12ee7, status=SUCCEEDED
2026-10-06 13:01:48.561 [pool-2-thread-1] [] INFO  c.c.g.r.c.t.s.TaskSchedulerServiceImpl - 定时任务已提交执行 taskId=18f4c72c-29cb-4e7a-9089-dfdfc5e12ee7 taskType=AUTO_COLLECT_SCAN scheduleId=7bbcce95-470a-4718-bfcc-9f5372d43dd4
2026-10-06 13:02:48.452 [pool-2-thread-1] [] INFO  c.c.g.r.c.t.s.i.TaskManagementServiceImpl - 任务已提交: taskId=18f4c72c-29cb-4e7a-9089-dfdfc5e12ee7, taskName=auto-collect-scan
2026-10-06 13:02:48.455 [pool-2-thread-1] [] INFO  c.c.g.r.c.t.s.i.TaskManagementServiceImpl - 任务已解析: taskId=18f4c72c-29cb-4e7a-9089-dfdfc5e12ee7
2026-10-06 13:02:48.457 [pool-2-thread-1] [] WARN  c.c.g.e.d.m.AutoCollectScheduler - AutoCollectScheduler 扫描失败: null
2026-10-06 13:02:48.459 [pool-2-thread-1] [] INFO  c.c.g.r.c.t.s.i.TaskManagementServiceImpl - 任务执行完成: taskId=18f4c72c-29cb-4e7a-9089-dfdfc5e12ee7, status=SUCCEEDED
2026-10-06 13:02:48.460 [pool-2-thread-1] [] INFO  c.c.g.r.c.t.s.TaskSchedulerServiceImpl - 定时任务已提交执行 taskId=18f4c72c-29cb-4e7a-9089-dfdfc5e12ee7 taskType=AUTO_COLLECT_SCAN scheduleId=7bbcce95-470a-4718-bfcc-9f5372d43dd4
2026-10-06 13:03:48.449 [pool-2-thread-2] [] INFO  c.c.g.r.c.t.s.i.TaskManagementServiceImpl - 任务已提交: taskId=18f4c72c-29cb-4e7a-9089-dfdfc5e12ee7, taskName=auto-collect-scan
2026-10-06 13:03:48.453 [pool-2-thread-2] [] INFO  c.c.g.r.c.t.s.i.TaskManagementServiceImpl - 任务已解析: taskId=18f4c72c-29cb-4e7a-9089-dfdfc5e12ee7
2026-10-06 13:03:48.460 [pool-2-thread-2] [] WARN  c.c.g.e.d.m.AutoCollectScheduler - AutoCollectScheduler 扫描失败: null
2026-10-06 13:03:48.464 [pool-2-thread-2] [] INFO  c.c.g.r.c.t.s.i.TaskManagementServiceImpl - 任务执行完成: taskId=18f4c72c-29cb-4e7a-9089-dfdfc5e12ee7, status=SUCCEEDED
2026-10-06 13:03:48.468 [pool-2-thread-2] [] INFO  c.c.g.r.c.t.s.TaskSchedulerServiceImpl - 定时任务已提交执行 taskId=18f4c72c-29cb-4e7a-9089-dfdfc5e12ee7 taskType=AUTO_COLLECT_SCAN scheduleId=7bbcce95-470a-4718-bfcc-9f5372d43dd4
2026-10-06 13:04:48.442 [pool-2-thread-1] [] INFO  c.c.g.r.c.t.s.i.TaskManagementServiceImpl - 任务已提交: taskId=18f4c72c-29cb-4e7a-9089-dfdfc5e12ee7, taskName=auto-collect-scan
2026-10-06 13:04:48.446 [pool-2-thread-1] [] INFO  c.c.g.r.c.t.s.i.TaskManagementServiceImpl - 任务已解析: taskId=18f4c72c-29cb-4e7a-9089-dfdfc5e12ee7
2026-10-06 13:04:48.449 [pool-2-thread-1] [] WARN  c.c.g.e.d.m.AutoCollectScheduler - AutoCollectScheduler 扫描失败: null
2026-10-06 13:04:48.454 [pool-2-thread-1] [] INFO  c.c.g.r.c.t.s.i.TaskManagementServiceImpl - 任务执行完成: taskId=18f4c72c-29cb-4e7a-9089-dfdfc5e12ee7, status=SUCCEEDED
2026-10-06 13:04:48.456 [pool-2-thread-1] [] INFO  c.c.g.r.c.t.s.TaskSchedulerServiceImpl - 定时任务已提交执行 taskId=18f4c72c-29cb-4e7a-9089-dfdfc5e12ee7 taskType=AUTO_COLLECT_SCAN scheduleId=7bbcce95-470a-4718-bfcc-9f5372d43dd4
2026-10-06 13:05:48.442 [pool-2-thread-3] [] INFO  c.c.g.r.c.t.s.i.TaskManagementServiceImpl - 任务已提交: taskId=18f4c72c-29cb-4e7a-9089-dfdfc5e12ee7, taskName=auto-collect-scan
2026-10-06 13:05:48.448 [pool-2-thread-3] [] INFO  c.c.g.r.c.t.s.i.TaskManagementServiceImpl - 任务已解析: taskId=18f4c72c-29cb-4e7a-9089-dfdfc5e12ee7
2026-10-06 13:05:48.454 [pool-2-thread-3] [] WARN  c.c.g.e.d.m.AutoCollectScheduler - AutoCollectScheduler 扫描失败: null
2026-10-06 13:05:48.461 [pool-2-thread-3] [] INFO  c.c.g.r.c.t.s.i.TaskManagementServiceImpl - 任务执行完成: taskId=18f4c72c-29cb-4e7a-9089-dfdfc5e12ee7, status=SUCCEEDED
2026-10-06 13:05:48.465 [pool-2-thread-3] [] INFO  c.c.g.r.c.t.s.TaskSchedulerServiceImpl - 定时任务已提交执行 taskId=18f4c72c-29cb-4e7a-9089-dfdfc5e12ee7 taskType=AUTO_COLLECT_SCAN scheduleId=7bbcce95-470a-4718-bfcc-9f5372d43dd4
2026-10-06 13:06:48.454 [pool-2-thread-2] [] INFO  c.c.g.r.c.t.s.i.TaskManagementServiceImpl - 任务已提交: taskId=18f4c72c-29cb-4e7a-9089-dfdfc5e12ee7, taskName=auto-collect-scan
2026-10-06 13:06:48.460 [pool-2-thread-2] [] INFO  c.c.g.r.c.t.s.i.TaskManagementServiceImpl - 任务已解析: taskId=18f4c72c-29cb-4e7a-9089-dfdfc5e12ee7
2026-10-06 13:06:48.464 [pool-2-thread-2] [] WARN  c.c.g.e.d.m.AutoCollectScheduler - AutoCollectScheduler 扫描失败: null
2026-10-06 13:06:48.467 [pool-2-thread-2] [] INFO  c.c.g.r.c.t.s.i.TaskManagementServiceImpl - 任务执行完成: taskId=18f4c72c-29cb-4e7a-9089-dfdfc5e12ee7, status=SUCCEEDED
2026-10-06 13:06:48.470 [pool-2-thread-2] [] INFO  c.c.g.r.c.t.s.TaskSchedulerServiceImpl - 定时任务已提交执行 taskId=18f4c72c-29cb-4e7a-9089-dfdfc5e12ee7 taskType=AUTO_COLLECT_SCAN scheduleId=7bbcce95-470a-4718-bfcc-9f5372d43dd4
2026-10-06 13:07:48.456 [pool-2-thread-4] [] INFO  c.c.g.r.c.t.s.i.TaskManagementServiceImpl - 任务已提交: taskId=18f4c72c-29cb-4e7a-9089-dfdfc5e12ee7, taskName=auto-collect-scan
2026-10-06 13:07:48.467 [pool-2-thread-4] [] INFO  c.c.g.r.c.t.s.i.TaskManagementServiceImpl - 任务已解析: taskId=18f4c72c-29cb-4e7a-9089-dfdfc5e12ee7
2026-10-06 13:07:48.468 [pool-2-thread-4] [] WARN  c.c.g.e.d.m.AutoCollectScheduler - AutoCollectScheduler 扫描失败: null
2026-10-06 13:07:48.470 [pool-2-thread-4] [] INFO  c.c.g.r.c.t.s.i.TaskManagementServiceImpl - 任务执行完成: taskId=18f4c72c-29cb-4e7a-9089-dfdfc5e12ee7, status=SUCCEEDED
2026-10-06 13:07:48.472 [pool-2-thread-4] [] INFO  c.c.g.r.c.t.s.TaskSchedulerServiceImpl - 定时任务已提交执行 taskId=18f4c72c-29cb-4e7a-9089-dfdfc5e12ee7 taskType=AUTO_COLLECT_SCAN scheduleId=7bbcce95-470a-4718-bfcc-9f5372d43dd4
2026-10-06 13:08:48.446 [pool-2-thread-1] [] INFO  c.c.g.r.c.t.s.i.TaskManagementServiceImpl - 任务已提交: taskId=18f4c72c-29cb-4e7a-9089-dfdfc5e12ee7, taskName=auto-collect-scan
2026-10-06 13:08:48.449 [pool-2-thread-1] [] INFO  c.c.g.r.c.t.s.i.TaskManagementServiceImpl - 任务已解析: taskId=18f4c72c-29cb-4e7a-9089-dfdfc5e12ee7
2026-10-06 13:08:48.452 [pool-2-thread-1] [] WARN  c.c.g.e.d.m.AutoCollectScheduler - AutoCollectScheduler 扫描失败: null
2026-10-06 13:08:48.454 [pool-2-thread-1] [] INFO  c.c.g.r.c.t.s.i.TaskManagementServiceImpl - 任务执行完成: taskId=18f4c72c-29cb-4e7a-9089-dfdfc5e12ee7, status=SUCCEEDED
2026-10-06 13:08:48.455 [pool-2-thread-1] [] INFO  c.c.g.r.c.t.s.TaskSchedulerServiceImpl - 定时任务已提交执行 taskId=18f4c72c-29cb-4e7a-9089-dfdfc5e12ee7 taskType=AUTO_COLLECT_SCAN scheduleId=7bbcce95-470a-4718-bfcc-9f5372d43dd4
2026-10-06 13:09:48.449 [pool-2-thread-5] [] INFO  c.c.g.r.c.t.s.i.TaskManagementServiceImpl - 任务已提交: taskId=18f4c72c-29cb-4e7a-9089-dfdfc5e12ee7, taskName=auto-collect-scan
2026-10-06 13:09:48.451 [pool-2-thread-5] [] INFO  c.c.g.r.c.t.s.i.TaskManagementServiceImpl - 任务已解析: taskId=18f4c72c-29cb-4e7a-9089-dfdfc5e12ee7
2026-10-06 13:09:48.453 [pool-2-thread-5] [] WARN  c.c.g.e.d.m.AutoCollectScheduler - AutoCollectScheduler 扫描失败: null
2026-10-06 13:09:48.454 [pool-2-thread-5] [] INFO  c.c.g.r.c.t.s.i.TaskManagementServiceImpl - 任务执行完成: taskId=18f4c72c-29cb-4e7a-9089-dfdfc5e12ee7, status=SUCCEEDED
2026-10-06 13:09:48.456 [pool-2-thread-5] [] INFO  c.c.g.r.c.t.s.TaskSchedulerServiceImpl - 定时任务已提交执行 taskId=18f4c72c-29cb-4e7a-9089-dfdfc5e12ee7 taskType=AUTO_COLLECT_SCAN scheduleId=7bbcce95-470a-4718-bfcc-9f5372d43dd4
2026-10-06 13:10:48.457 [pool-2-thread-3] [] INFO  c.c.g.r.c.t.s.i.TaskManagementServiceImpl - 任务已提交: taskId=18f4c72c-29cb-4e7a-9089-dfdfc5e12ee7, taskName=auto-collect-scan
2026-10-06 13:10:48.467 [pool-2-thread-3] [] INFO  c.c.g.r.c.t.s.i.TaskManagementServiceImpl - 任务已解析: taskId=18f4c72c-29cb-4e7a-9089-dfdfc5e12ee7
2026-10-06 13:10:48.470 [pool-2-thread-3] [] WARN  c.c.g.e.d.m.AutoCollectScheduler - AutoCollectScheduler 扫描失败: null
2026-10-06 13:10:48.474 [pool-2-thread-3] [] INFO  c.c.g.r.c.t.s.i.TaskManagementServiceImpl - 任务执行完成: taskId=18f4c72c-29cb-4e7a-9089-dfdfc5e12ee7, status=SUCCEEDED
2026-10-06 13:10:48.477 [pool-2-thread-3] [] INFO  c.c.g.r.c.t.s.TaskSchedulerServiceImpl - 定时任务已提交执行 taskId=18f4c72c-29cb-4e7a-9089-dfdfc5e12ee7 taskType=AUTO_COLLECT_SCAN scheduleId=7bbcce95-470a-4718-bfcc-9f5372d43dd4
2026-10-06 13:11:48.451 [pool-2-thread-3] [] INFO  c.c.g.r.c.t.s.i.TaskManagementServiceImpl - 任务已提交: taskId=18f4c72c-29cb-4e7a-9089-dfdfc5e12ee7, taskName=auto-collect-scan
2026-10-06 13:11:48.454 [pool-2-thread-3] [] INFO  c.c.g.r.c.t.s.i.TaskManagementServiceImpl - 任务已解析: taskId=18f4c72c-29cb-4e7a-9089-dfdfc5e12ee7
2026-10-06 13:11:48.457 [pool-2-thread-3] [] WARN  c.c.g.e.d.m.AutoCollectScheduler - AutoCollectScheduler 扫描失败: null
2026-10-06 13:11:48.458 [pool-2-thread-3] [] INFO  c.c.g.r.c.t.s.i.TaskManagementServiceImpl - 任务执行完成: taskId=18f4c72c-29cb-4e7a-9089-dfdfc5e12ee7, status=SUCCEEDED
2026-10-06 13:11:48.460 [pool-2-thread-3] [] INFO  c.c.g.r.c.t.s.TaskSchedulerServiceImpl - 定时任务已提交执行 taskId=18f4c72c-29cb-4e7a-9089-dfdfc5e12ee7 taskType=AUTO_COLLECT_SCAN scheduleId=7bbcce95-470a-4718-bfcc-9f5372d43dd4
2026-10-06 13:12:48.444 [pool-2-thread-3] [] INFO  c.c.g.r.c.t.s.i.TaskManagementServiceImpl - 任务已提交: taskId=18f4c72c-29cb-4e7a-9089-dfdfc5e12ee7, taskName=auto-collect-scan
2026-10-06 13:12:48.446 [pool-2-thread-3] [] INFO  c.c.g.r.c.t.s.i.TaskManagementServiceImpl - 任务已解析: taskId=18f4c72c-29cb-4e7a-9089-dfdfc5e12ee7
2026-10-06 13:12:48.447 [pool-2-thread-3] [] WARN  c.c.g.e.d.m.AutoCollectScheduler - AutoCollectScheduler 扫描失败: null
2026-10-06 13:12:48.448 [pool-2-thread-3] [] INFO  c.c.g.r.c.t.s.i.TaskManagementServiceImpl - 任务执行完成: taskId=18f4c72c-29cb-4e7a-9089-dfdfc5e12ee7, status=SUCCEEDED
2026-10-06 13:12:48.449 [pool-2-thread-3] [] INFO  c.c.g.r.c.t.s.TaskSchedulerServiceImpl - 定时任务已提交执行 taskId=18f4c72c-29cb-4e7a-9089-dfdfc5e12ee7 taskType=AUTO_COLLECT_SCAN scheduleId=7bbcce95-470a-4718-bfcc-9f5372d43dd4
2026-10-06 13:13:48.448 [pool-2-thread-3] [] INFO  c.c.g.r.c.t.s.i.TaskManagementServiceImpl - 任务已提交: taskId=18f4c72c-29cb-4e7a-9089-dfdfc5e12ee7, taskName=auto-collect-scan
2026-10-06 13:13:48.451 [pool-2-thread-3] [] INFO  c.c.g.r.c.t.s.i.TaskManagementServiceImpl - 任务已解析: taskId=18f4c72c-29cb-4e7a-9089-dfdfc5e12ee7
2026-10-06 13:13:48.453 [pool-2-thread-3] [] WARN  c.c.g.e.d.m.AutoCollectScheduler - AutoCollectScheduler 扫描失败: null
2026-10-06 13:13:48.455 [pool-2-thread-3] [] INFO  c.c.g.r.c.t.s.i.TaskManagementServiceImpl - 任务执行完成: taskId=18f4c72c-29cb-4e7a-9089-dfdfc5e12ee7, status=SUCCEEDED
2026-10-06 13:13:48.457 [pool-2-thread-3] [] INFO  c.c.g.r.c.t.s.TaskSchedulerServiceImpl - 定时任务已提交执行 taskId=18f4c72c-29cb-4e7a-9089-dfdfc5e12ee7 taskType=AUTO_COLLECT_SCAN scheduleId=7bbcce95-470a-4718-bfcc-9f5372d43dd4
2026-10-06 13:14:48.449 [pool-2-thread-3] [] INFO  c.c.g.r.c.t.s.i.TaskManagementServiceImpl - 任务已提交: taskId=18f4c72c-29cb-4e7a-9089-dfdfc5e12ee7, taskName=auto-collect-scan
2026-10-06 13:14:48.462 [pool-2-thread-3] [] INFO  c.c.g.r.c.t.s.i.TaskManagementServiceImpl - 任务已解析: taskId=18f4c72c-29cb-4e7a-9089-dfdfc5e12ee7
2026-10-06 13:14:48.463 [pool-2-thread-3] [] WARN  c.c.g.e.d.m.AutoCollectScheduler - AutoCollectScheduler 扫描失败: null
2026-10-06 13:14:48.465 [pool-2-thread-3] [] INFO  c.c.g.r.c.t.s.i.TaskManagementServiceImpl - 任务执行完成: taskId=18f4c72c-29cb-4e7a-9089-dfdfc5e12ee7, status=SUCCEEDED
2026-10-06 13:14:48.466 [pool-2-thread-3] [] INFO  c.c.g.r.c.t.s.TaskSchedulerServiceImpl - 定时任务已提交执行 taskId=18f4c72c-29cb-4e7a-9089-dfdfc5e12ee7 taskType=AUTO_COLLECT_SCAN scheduleId=7bbcce95-470a-4718-bfcc-9f5372d43dd4
2026-10-06 13:15:48.456 [pool-2-thread-3] [] INFO  c.c.g.r.c.t.s.i.TaskManagementServiceImpl - 任务已提交: taskId=18f4c72c-29cb-4e7a-9089-dfdfc5e12ee7, taskName=auto-collect-scan
2026-10-06 13:15:48.457 [pool-2-thread-3] [] INFO  c.c.g.r.c.t.s.i.TaskManagementServiceImpl - 任务已解析: taskId=18f4c72c-29cb-4e7a-9089-dfdfc5e12ee7
2026-10-06 13:15:48.459 [pool-2-thread-3] [] WARN  c.c.g.e.d.m.AutoCollectScheduler - AutoCollectScheduler 扫描失败: null
2026-10-06 13:15:48.460 [pool-2-thread-3] [] INFO  c.c.g.r.c.t.s.i.TaskManagementServiceImpl - 任务执行完成: taskId=18f4c72c-29cb-4e7a-9089-dfdfc5e12ee7, status=SUCCEEDED
2026-10-06 13:15:48.461 [pool-2-thread-3] [] INFO  c.c.g.r.c.t.s.TaskSchedulerServiceImpl - 定时任务已提交执行 taskId=18f4c72c-29cb-4e7a-9089-dfdfc5e12ee7 taskType=AUTO_COLLECT_SCAN scheduleId=7bbcce95-470a-4718-bfcc-9f5372d43dd4
2026-10-06 13:16:48.460 [pool-2-thread-3] [] INFO  c.c.g.r.c.t.s.i.TaskManagementServiceImpl - 任务已提交: taskId=18f4c72c-29cb-4e7a-9089-dfdfc5e12ee7, taskName=auto-collect-scan
2026-10-06 13:16:48.466 [pool-2-thread-3] [] INFO  c.c.g.r.c.t.s.i.TaskManagementServiceImpl - 任务已解析: taskId=18f4c72c-29cb-4e7a-9089-dfdfc5e12ee7
2026-10-06 13:16:48.473 [pool-2-thread-3] [] WARN  c.c.g.e.d.m.AutoCollectScheduler - AutoCollectScheduler 扫描失败: null
2026-10-06 13:16:48.477 [pool-2-thread-3] [] INFO  c.c.g.r.c.t.s.i.TaskManagementServiceImpl - 任务执行完成: taskId=18f4c72c-29cb-4e7a-9089-dfdfc5e12ee7, status=SUCCEEDED
2026-10-06 13:16:48.480 [pool-2-thread-3] [] INFO  c.c.g.r.c.t.s.TaskSchedulerServiceImpl - 定时任务已提交执行 taskId=18f4c72c-29cb-4e7a-9089-dfdfc5e12ee7 taskType=AUTO_COLLECT_SCAN scheduleId=7bbcce95-470a-4718-bfcc-9f5372d43dd4
2026-10-06 13:17:48.441 [pool-2-thread-3] [] INFO  c.c.g.r.c.t.s.i.TaskManagementServiceImpl - 任务已提交: taskId=18f4c72c-29cb-4e7a-9089-dfdfc5e12ee7, taskName=auto-collect-scan
2026-10-06 13:17:48.452 [pool-2-thread-3] [] INFO  c.c.g.r.c.t.s.i.TaskManagementServiceImpl - 任务已解析: taskId=18f4c72c-29cb-4e7a-9089-dfdfc5e12ee7
2026-10-06 13:17:48.455 [pool-2-thread-3] [] WARN  c.c.g.e.d.m.AutoCollectScheduler - AutoCollectScheduler 扫描失败: null
2026-10-06 13:17:48.457 [pool-2-thread-3] [] INFO  c.c.g.r.c.t.s.i.TaskManagementServiceImpl - 任务执行完成: taskId=18f4c72c-29cb-4e7a-9089-dfdfc5e12ee7, status=SUCCEEDED
2026-10-06 13:17:48.458 [pool-2-thread-3] [] INFO  c.c.g.r.c.t.s.TaskSchedulerServiceImpl - 定时任务已提交执行 taskId=18f4c72c-29cb-4e7a-9089-dfdfc5e12ee7 taskType=AUTO_COLLECT_SCAN scheduleId=7bbcce95-470a-4718-bfcc-9f5372d43dd4
2026-10-06 13:18:48.452 [pool-2-thread-3] [] INFO  c.c.g.r.c.t.s.i.TaskManagementServiceImpl - 任务已提交: taskId=18f4c72c-29cb-4e7a-9089-dfdfc5e12ee7, taskName=auto-collect-scan
2026-10-06 13:18:48.464 [pool-2-thread-3] [] INFO  c.c.g.r.c.t.s.i.TaskManagementServiceImpl - 任务已解析: taskId=18f4c72c-29cb-4e7a-9089-dfdfc5e12ee7
2026-10-06 13:18:48.465 [pool-2-thread-3] [] WARN  c.c.g.e.d.m.AutoCollectScheduler - AutoCollectScheduler 扫描失败: null
2026-10-06 13:18:48.467 [pool-2-thread-3] [] INFO  c.c.g.r.c.t.s.i.TaskManagementServiceImpl - 任务执行完成: taskId=18f4c72c-29cb-4e7a-9089-dfdfc5e12ee7, status=SUCCEEDED
2026-10-06 13:18:48.469 [pool-2-thread-3] [] INFO  c.c.g.r.c.t.s.TaskSchedulerServiceImpl - 定时任务已提交执行 taskId=18f4c72c-29cb-4e7a-9089-dfdfc5e12ee7 taskType=AUTO_COLLECT_SCAN scheduleId=7bbcce95-470a-4718-bfcc-9f5372d43dd4
2026-10-06 13:19:48.446 [pool-2-thread-3] [] INFO  c.c.g.r.c.t.s.i.TaskManagementServiceImpl - 任务已提交: taskId=18f4c72c-29cb-4e7a-9089-dfdfc5e12ee7, taskName=auto-collect-scan
2026-10-06 13:19:48.449 [pool-2-thread-3] [] INFO  c.c.g.r.c.t.s.i.TaskManagementServiceImpl - 任务已解析: taskId=18f4c72c-29cb-4e7a-9089-dfdfc5e12ee7
2026-10-06 13:19:48.450 [pool-2-thread-3] [] WARN  c.c.g.e.d.m.AutoCollectScheduler - AutoCollectScheduler 扫描失败: null
2026-10-06 13:19:48.451 [pool-2-thread-3] [] INFO  c.c.g.r.c.t.s.i.TaskManagementServiceImpl - 任务执行完成: taskId=18f4c72c-29cb-4e7a-9089-dfdfc5e12ee7, status=SUCCEEDED
2026-10-06 13:19:48.452 [pool-2-thread-3] [] INFO  c.c.g.r.c.t.s.TaskSchedulerServiceImpl - 定时任务已提交执行 taskId=18f4c72c-29cb-4e7a-9089-dfdfc5e12ee7 taskType=AUTO_COLLECT_SCAN scheduleId=7bbcce95-470a-4718-bfcc-9f5372d43dd4
2026-10-06 13:20:48.442 [pool-2-thread-3] [] INFO  c.c.g.r.c.t.s.i.TaskManagementServiceImpl - 任务已提交: taskId=18f4c72c-29cb-4e7a-9089-dfdfc5e12ee7, taskName=auto-collect-scan
2026-10-06 13:20:48.445 [pool-2-thread-3] [] INFO  c.c.g.r.c.t.s.i.TaskManagementServiceImpl - 任务已解析: taskId=18f4c72c-29cb-4e7a-9089-dfdfc5e12ee7
2026-10-06 13:20:48.447 [pool-2-thread-3] [] WARN  c.c.g.e.d.m.AutoCollectScheduler - AutoCollectScheduler 扫描失败: null
2026-10-06 13:20:48.447 [pool-2-thread-3] [] INFO  c.c.g.r.c.t.s.i.TaskManagementServiceImpl - 任务执行完成: taskId=18f4c72c-29cb-4e7a-9089-dfdfc5e12ee7, status=SUCCEEDED
2026-10-06 13:20:48.448 [pool-2-thread-3] [] INFO  c.c.g.r.c.t.s.TaskSchedulerServiceImpl - 定时任务已提交执行 taskId=18f4c72c-29cb-4e7a-9089-dfdfc5e12ee7 taskType=AUTO_COLLECT_SCAN scheduleId=7bbcce95-470a-4718-bfcc-9f5372d43dd4
2026-10-06 13:21:48.449 [pool-2-thread-3] [] INFO  c.c.g.r.c.t.s.i.TaskManagementServiceImpl - 任务已提交: taskId=18f4c72c-29cb-4e7a-9089-dfdfc5e12ee7, taskName=auto-collect-scan
2026-10-06 13:21:48.451 [pool-2-thread-3] [] INFO  c.c.g.r.c.t.s.i.TaskManagementServiceImpl - 任务已解析: taskId=18f4c72c-29cb-4e7a-9089-dfdfc5e12ee7
2026-10-06 13:21:48.453 [pool-2-thread-3] [] WARN  c.c.g.e.d.m.AutoCollectScheduler - AutoCollectScheduler 扫描失败: null
2026-10-06 13:21:48.455 [pool-2-thread-3] [] INFO  c.c.g.r.c.t.s.i.TaskManagementServiceImpl - 任务执行完成: taskId=18f4c72c-29cb-4e7a-9089-dfdfc5e12ee7, status=SUCCEEDED
2026-10-06 13:21:48.457 [pool-2-thread-3] [] INFO  c.c.g.r.c.t.s.TaskSchedulerServiceImpl - 定时任务已提交执行 taskId=18f4c72c-29cb-4e7a-9089-dfdfc5e12ee7 taskType=AUTO_COLLECT_SCAN scheduleId=7bbcce95-470a-4718-bfcc-9f5372d43dd4
2026-10-06 13:22:48.446 [pool-2-thread-3] [] INFO  c.c.g.r.c.t.s.i.TaskManagementServiceImpl - 任务已提交: taskId=18f4c72c-29cb-4e7a-9089-dfdfc5e12ee7, taskName=auto-collect-scan
2026-10-06 13:22:48.458 [pool-2-thread-3] [] INFO  c.c.g.r.c.t.s.i.TaskManagementServiceImpl - 任务已解析: taskId=18f4c72c-29cb-4e7a-9089-dfdfc5e12ee7
2026-10-06 13:22:48.459 [pool-2-thread-3] [] WARN  c.c.g.e.d.m.AutoCollectScheduler - AutoCollectScheduler 扫描失败: null
2026-10-06 13:22:48.461 [pool-2-thread-3] [] INFO  c.c.g.r.c.t.s.i.TaskManagementServiceImpl - 任务执行完成: taskId=18f4c72c-29cb-4e7a-9089-dfdfc5e12ee7, status=SUCCEEDED
2026-10-06 13:22:48.462 [pool-2-thread-3] [] INFO  c.c.g.r.c.t.s.TaskSchedulerServiceImpl - 定时任务已提交执行 taskId=18f4c72c-29cb-4e7a-9089-dfdfc5e12ee7 taskType=AUTO_COLLECT_SCAN scheduleId=7bbcce95-470a-4718-bfcc-9f5372d43dd4
2026-10-06 13:23:48.452 [pool-2-thread-3] [] INFO  c.c.g.r.c.t.s.i.TaskManagementServiceImpl - 任务已提交: taskId=18f4c72c-29cb-4e7a-9089-dfdfc5e12ee7, taskName=auto-collect-scan
2026-10-06 13:23:48.464 [pool-2-thread-3] [] INFO  c.c.g.r.c.t.s.i.TaskManagementServiceImpl - 任务已解析: taskId=18f4c72c-29cb-4e7a-9089-dfdfc5e12ee7
2026-10-06 13:23:48.465 [pool-2-thread-3] [] WARN  c.c.g.e.d.m.AutoCollectScheduler - AutoCollectScheduler 扫描失败: null
2026-10-06 13:23:48.466 [pool-2-thread-3] [] INFO  c.c.g.r.c.t.s.i.TaskManagementServiceImpl - 任务执行完成: taskId=18f4c72c-29cb-4e7a-9089-dfdfc5e12ee7, status=SUCCEEDED
2026-10-06 13:23:48.467 [pool-2-thread-3] [] INFO  c.c.g.r.c.t.s.TaskSchedulerServiceImpl - 定时任务已提交执行 taskId=18f4c72c-29cb-4e7a-9089-dfdfc5e12ee7 taskType=AUTO_COLLECT_SCAN scheduleId=7bbcce95-470a-4718-bfcc-9f5372d43dd4
2026-10-06 13:24:48.440 [pool-2-thread-3] [] INFO  c.c.g.r.c.t.s.i.TaskManagementServiceImpl - 任务已提交: taskId=18f4c72c-29cb-4e7a-9089-dfdfc5e12ee7, taskName=auto-collect-scan
2026-10-06 13:24:48.443 [pool-2-thread-3] [] INFO  c.c.g.r.c.t.s.i.TaskManagementServiceImpl - 任务已解析: taskId=18f4c72c-29cb-4e7a-9089-dfdfc5e12ee7
2026-10-06 13:24:48.445 [pool-2-thread-3] [] WARN  c.c.g.e.d.m.AutoCollectScheduler - AutoCollectScheduler 扫描失败: null
2026-10-06 13:24:48.446 [pool-2-thread-3] [] INFO  c.c.g.r.c.t.s.i.TaskManagementServiceImpl - 任务执行完成: taskId=18f4c72c-29cb-4e7a-9089-dfdfc5e12ee7, status=SUCCEEDED
2026-10-06 13:24:48.447 [pool-2-thread-3] [] INFO  c.c.g.r.c.t.s.TaskSchedulerServiceImpl - 定时任务已提交执行 taskId=18f4c72c-29cb-4e7a-9089-dfdfc5e12ee7 taskType=AUTO_COLLECT_SCAN scheduleId=7bbcce95-470a-4718-bfcc-9f5372d43dd4
2026-10-06 13:25:48.446 [pool-2-thread-3] [] INFO  c.c.g.r.c.t.s.i.TaskManagementServiceImpl - 任务已提交: taskId=18f4c72c-29cb-4e7a-9089-dfdfc5e12ee7, taskName=auto-collect-scan
2026-10-06 13:25:48.458 [pool-2-thread-3] [] INFO  c.c.g.r.c.t.s.i.TaskManagementServiceImpl - 任务已解析: taskId=18f4c72c-29cb-4e7a-9089-dfdfc5e12ee7
2026-10-06 13:25:48.461 [pool-2-thread-3] [] WARN  c.c.g.e.d.m.AutoCollectScheduler - AutoCollectScheduler 扫描失败: null
2026-10-06 13:25:48.462 [pool-2-thread-3] [] INFO  c.c.g.r.c.t.s.i.TaskManagementServiceImpl - 任务执行完成: taskId=18f4c72c-29cb-4e7a-9089-dfdfc5e12ee7, status=SUCCEEDED
2026-10-06 13:25:48.463 [pool-2-thread-3] [] INFO  c.c.g.r.c.t.s.TaskSchedulerServiceImpl - 定时任务已提交执行 taskId=18f4c72c-29cb-4e7a-9089-dfdfc5e12ee7 taskType=AUTO_COLLECT_SCAN scheduleId=7bbcce95-470a-4718-bfcc-9f5372d43dd4
2026-10-06 13:26:48.452 [pool-2-thread-3] [] INFO  c.c.g.r.c.t.s.i.TaskManagementServiceImpl - 任务已提交: taskId=18f4c72c-29cb-4e7a-9089-dfdfc5e12ee7, taskName=auto-collect-scan
2026-10-06 13:26:48.454 [pool-2-thread-3] [] INFO  c.c.g.r.c.t.s.i.TaskManagementServiceImpl - 任务已解析: taskId=18f4c72c-29cb-4e7a-9089-dfdfc5e12ee7
2026-10-06 13:26:48.456 [pool-2-thread-3] [] WARN  c.c.g.e.d.m.AutoCollectScheduler - AutoCollectScheduler 扫描失败: null
2026-10-06 13:26:48.457 [pool-2-thread-3] [] INFO  c.c.g.r.c.t.s.i.TaskManagementServiceImpl - 任务执行完成: taskId=18f4c72c-29cb-4e7a-9089-dfdfc5e12ee7, status=SUCCEEDED
2026-10-06 13:26:48.459 [pool-2-thread-3] [] INFO  c.c.g.r.c.t.s.TaskSchedulerServiceImpl - 定时任务已提交执行 taskId=18f4c72c-29cb-4e7a-9089-dfdfc5e12ee7 taskType=AUTO_COLLECT_SCAN scheduleId=7bbcce95-470a-4718-bfcc-9f5372d43dd4
2026-10-06 13:27:48.451 [pool-2-thread-3] [] INFO  c.c.g.r.c.t.s.i.TaskManagementServiceImpl - 任务已提交: taskId=18f4c72c-29cb-4e7a-9089-dfdfc5e12ee7, taskName=auto-collect-scan
2026-10-06 13:27:48.464 [pool-2-thread-3] [] INFO  c.c.g.r.c.t.s.i.TaskManagementServiceImpl - 任务已解析: taskId=18f4c72c-29cb-4e7a-9089-dfdfc5e12ee7
2026-10-06 13:27:48.467 [pool-2-thread-3] [] WARN  c.c.g.e.d.m.AutoCollectScheduler - AutoCollectScheduler 扫描失败: null
2026-10-06 13:27:48.470 [pool-2-thread-3] [] INFO  c.c.g.r.c.t.s.i.TaskManagementServiceImpl - 任务执行完成: taskId=18f4c72c-29cb-4e7a-9089-dfdfc5e12ee7, status=SUCCEEDED
2026-10-06 13:27:48.472 [pool-2-thread-3] [] INFO  c.c.g.r.c.t.s.TaskSchedulerServiceImpl - 定时任务已提交执行 taskId=18f4c72c-29cb-4e7a-9089-dfdfc5e12ee7 taskType=AUTO_COLLECT_SCAN scheduleId=7bbcce95-470a-4718-bfcc-9f5372d43dd4
2026-10-06 13:28:48.448 [pool-2-thread-3] [] INFO  c.c.g.r.c.t.s.i.TaskManagementServiceImpl - 任务已提交: taskId=18f4c72c-29cb-4e7a-9089-dfdfc5e12ee7, taskName=auto-collect-scan
2026-10-06 13:28:48.460 [pool-2-thread-3] [] INFO  c.c.g.r.c.t.s.i.TaskManagementServiceImpl - 任务已解析: taskId=18f4c72c-29cb-4e7a-9089-dfdfc5e12ee7
2026-10-06 13:28:48.461 [pool-2-thread-3] [] WARN  c.c.g.e.d.m.AutoCollectScheduler - AutoCollectScheduler 扫描失败: null
2026-10-06 13:28:48.463 [pool-2-thread-3] [] INFO  c.c.g.r.c.t.s.i.TaskManagementServiceImpl - 任务执行完成: taskId=18f4c72c-29cb-4e7a-9089-dfdfc5e12ee7, status=SUCCEEDED
2026-10-06 13:28:48.464 [pool-2-thread-3] [] INFO  c.c.g.r.c.t.s.TaskSchedulerServiceImpl - 定时任务已提交执行 taskId=18f4c72c-29cb-4e7a-9089-dfdfc5e12ee7 taskType=AUTO_COLLECT_SCAN scheduleId=7bbcce95-470a-4718-bfcc-9f5372d43dd4
2026-10-06 13:29:48.440 [pool-2-thread-3] [] INFO  c.c.g.r.c.t.s.i.TaskManagementServiceImpl - 任务已提交: taskId=18f4c72c-29cb-4e7a-9089-dfdfc5e12ee7, taskName=auto-collect-scan
2026-10-06 13:29:48.453 [pool-2-thread-3] [] INFO  c.c.g.r.c.t.s.i.TaskManagementServiceImpl - 任务已解析: taskId=18f4c72c-29cb-4e7a-9089-dfdfc5e12ee7
2026-10-06 13:29:48.455 [pool-2-thread-3] [] WARN  c.c.g.e.d.m.AutoCollectScheduler - AutoCollectScheduler 扫描失败: null
2026-10-06 13:29:48.457 [pool-2-thread-3] [] INFO  c.c.g.r.c.t.s.i.TaskManagementServiceImpl - 任务执行完成: taskId=18f4c72c-29cb-4e7a-9089-dfdfc5e12ee7, status=SUCCEEDED
2026-10-06 13:29:48.458 [pool-2-thread-3] [] INFO  c.c.g.r.c.t.s.TaskSchedulerServiceImpl - 定时任务已提交执行 taskId=18f4c72c-29cb-4e7a-9089-dfdfc5e12ee7 taskType=AUTO_COLLECT_SCAN scheduleId=7bbcce95-470a-4718-bfcc-9f5372d43dd4
2026-10-06 13:30:48.441 [pool-2-thread-3] [] INFO  c.c.g.r.c.t.s.i.TaskManagementServiceImpl - 任务已提交: taskId=18f4c72c-29cb-4e7a-9089-dfdfc5e12ee7, taskName=auto-collect-scan
2026-10-06 13:30:48.453 [pool-2-thread-3] [] INFO  c.c.g.r.c.t.s.i.TaskManagementServiceImpl - 任务已解析: taskId=18f4c72c-29cb-4e7a-9089-dfdfc5e12ee7
2026-10-06 13:30:48.455 [pool-2-thread-3] [] WARN  c.c.g.e.d.m.AutoCollectScheduler - AutoCollectScheduler 扫描失败: null
2026-10-06 13:30:48.456 [pool-2-thread-3] [] INFO  c.c.g.r.c.t.s.i.TaskManagementServiceImpl - 任务执行完成: taskId=18f4c72c-29cb-4e7a-9089-dfdfc5e12ee7, status=SUCCEEDED
2026-10-06 13:30:48.457 [pool-2-thread-3] [] INFO  c.c.g.r.c.t.s.TaskSchedulerServiceImpl - 定时任务已提交执行 taskId=18f4c72c-29cb-4e7a-9089-dfdfc5e12ee7 taskType=AUTO_COLLECT_SCAN scheduleId=7bbcce95-470a-4718-bfcc-9f5372d43dd4
2026-10-06 13:31:48.448 [pool-2-thread-3] [] INFO  c.c.g.r.c.t.s.i.TaskManagementServiceImpl - 任务已提交: taskId=18f4c72c-29cb-4e7a-9089-dfdfc5e12ee7, taskName=auto-collect-scan
2026-10-06 13:31:48.459 [pool-2-thread-3] [] INFO  c.c.g.r.c.t.s.i.TaskManagementServiceImpl - 任务已解析: taskId=18f4c72c-29cb-4e7a-9089-dfdfc5e12ee7
2026-10-06 13:31:48.460 [pool-2-thread-3] [] WARN  c.c.g.e.d.m.AutoCollectScheduler - AutoCollectScheduler 扫描失败: null
2026-10-06 13:31:48.461 [pool-2-thread-3] [] INFO  c.c.g.r.c.t.s.i.TaskManagementServiceImpl - 任务执行完成: taskId=18f4c72c-29cb-4e7a-9089-dfdfc5e12ee7, status=SUCCEEDED
2026-10-06 13:31:48.462 [pool-2-thread-3] [] INFO  c.c.g.r.c.t.s.TaskSchedulerServiceImpl - 定时任务已提交执行 taskId=18f4c72c-29cb-4e7a-9089-dfdfc5e12ee7 taskType=AUTO_COLLECT_SCAN scheduleId=7bbcce95-470a-4718-bfcc-9f5372d43dd4
2026-10-06 13:32:48.448 [pool-2-thread-3] [] INFO  c.c.g.r.c.t.s.i.TaskManagementServiceImpl - 任务已提交: taskId=18f4c72c-29cb-4e7a-9089-dfdfc5e12ee7, taskName=auto-collect-scan
2026-10-06 13:32:48.451 [pool-2-thread-3] [] INFO  c.c.g.r.c.t.s.i.TaskManagementServiceImpl - 任务已解析: taskId=18f4c72c-29cb-4e7a-9089-dfdfc5e12ee7
2026-10-06 13:32:48.455 [pool-2-thread-3] [] WARN  c.c.g.e.d.m.AutoCollectScheduler - AutoCollectScheduler 扫描失败: null
2026-10-06 13:32:48.458 [pool-2-thread-3] [] INFO  c.c.g.r.c.t.s.i.TaskManagementServiceImpl - 任务执行完成: taskId=18f4c72c-29cb-4e7a-9089-dfdfc5e12ee7, status=SUCCEEDED
2026-10-06 13:32:48.459 [pool-2-thread-3] [] INFO  c.c.g.r.c.t.s.TaskSchedulerServiceImpl - 定时任务已提交执行 taskId=18f4c72c-29cb-4e7a-9089-dfdfc5e12ee7 taskType=AUTO_COLLECT_SCAN scheduleId=7bbcce95-470a-4718-bfcc-9f5372d43dd4
2026-10-06 13:33:48.448 [pool-2-thread-3] [] INFO  c.c.g.r.c.t.s.i.TaskManagementServiceImpl - 任务已提交: taskId=18f4c72c-29cb-4e7a-9089-dfdfc5e12ee7, taskName=auto-collect-scan
2026-10-06 13:33:48.452 [pool-2-thread-3] [] INFO  c.c.g.r.c.t.s.i.TaskManagementServiceImpl - 任务已解析: taskId=18f4c72c-29cb-4e7a-9089-dfdfc5e12ee7
2026-10-06 13:33:48.456 [pool-2-thread-3] [] WARN  c.c.g.e.d.m.AutoCollectScheduler - AutoCollectScheduler 扫描失败: null
2026-10-06 13:33:48.458 [pool-2-thread-3] [] INFO  c.c.g.r.c.t.s.i.TaskManagementServiceImpl - 任务执行完成: taskId=18f4c72c-29cb-4e7a-9089-dfdfc5e12ee7, status=SUCCEEDED
2026-10-06 13:33:48.460 [pool-2-thread-3] [] INFO  c.c.g.r.c.t.s.TaskSchedulerServiceImpl - 定时任务已提交执行 taskId=18f4c72c-29cb-4e7a-9089-dfdfc5e12ee7 taskType=AUTO_COLLECT_SCAN scheduleId=7bbcce95-470a-4718-bfcc-9f5372d43dd4
2026-10-06 13:34:48.446 [pool-2-thread-3] [] INFO  c.c.g.r.c.t.s.i.TaskManagementServiceImpl - 任务已提交: taskId=18f4c72c-29cb-4e7a-9089-dfdfc5e12ee7, taskName=auto-collect-scan
2026-10-06 13:34:48.449 [pool-2-thread-3] [] INFO  c.c.g.r.c.t.s.i.TaskManagementServiceImpl - 任务已解析: taskId=18f4c72c-29cb-4e7a-9089-dfdfc5e12ee7
2026-10-06 13:34:48.451 [pool-2-thread-3] [] WARN  c.c.g.e.d.m.AutoCollectScheduler - AutoCollectScheduler 扫描失败: null
2026-10-06 13:34:48.453 [pool-2-thread-3] [] INFO  c.c.g.r.c.t.s.i.TaskManagementServiceImpl - 任务执行完成: taskId=18f4c72c-29cb-4e7a-9089-dfdfc5e12ee7, status=SUCCEEDED
2026-10-06 13:34:48.454 [pool-2-thread-3] [] INFO  c.c.g.r.c.t.s.TaskSchedulerServiceImpl - 定时任务已提交执行 taskId=18f4c72c-29cb-4e7a-9089-dfdfc5e12ee7 taskType=AUTO_COLLECT_SCAN scheduleId=7bbcce95-470a-4718-bfcc-9f5372d43dd4
2026-10-06 13:35:48.445 [pool-2-thread-3] [] INFO  c.c.g.r.c.t.s.i.TaskManagementServiceImpl - 任务已提交: taskId=18f4c72c-29cb-4e7a-9089-dfdfc5e12ee7, taskName=auto-collect-scan
2026-10-06 13:35:48.448 [pool-2-thread-3] [] INFO  c.c.g.r.c.t.s.i.TaskManagementServiceImpl - 任务已解析: taskId=18f4c72c-29cb-4e7a-9089-dfdfc5e12ee7
2026-10-06 13:35:48.450 [pool-2-thread-3] [] WARN  c.c.g.e.d.m.AutoCollectScheduler - AutoCollectScheduler 扫描失败: null
2026-10-06 13:35:48.452 [pool-2-thread-3] [] INFO  c.c.g.r.c.t.s.i.TaskManagementServiceImpl - 任务执行完成: taskId=18f4c72c-29cb-4e7a-9089-dfdfc5e12ee7, status=SUCCEEDED
2026-10-06 13:35:48.453 [pool-2-thread-3] [] INFO  c.c.g.r.c.t.s.TaskSchedulerServiceImpl - 定时任务已提交执行 taskId=18f4c72c-29cb-4e7a-9089-dfdfc5e12ee7 taskType=AUTO_COLLECT_SCAN scheduleId=7bbcce95-470a-4718-bfcc-9f5372d43dd4
2026-10-06 13:36:48.441 [pool-2-thread-3] [] INFO  c.c.g.r.c.t.s.i.TaskManagementServiceImpl - 任务已提交: taskId=18f4c72c-29cb-4e7a-9089-dfdfc5e12ee7, taskName=auto-collect-scan
2026-10-06 13:36:48.454 [pool-2-thread-3] [] INFO  c.c.g.r.c.t.s.i.TaskManagementServiceImpl - 任务已解析: taskId=18f4c72c-29cb-4e7a-9089-dfdfc5e12ee7
2026-10-06 13:36:48.457 [pool-2-thread-3] [] WARN  c.c.g.e.d.m.AutoCollectScheduler - AutoCollectScheduler 扫描失败: null
2026-10-06 13:36:48.461 [pool-2-thread-3] [] INFO  c.c.g.r.c.t.s.i.TaskManagementServiceImpl - 任务执行完成: taskId=18f4c72c-29cb-4e7a-9089-dfdfc5e12ee7, status=SUCCEEDED
2026-10-06 13:36:48.462 [pool-2-thread-3] [] INFO  c.c.g.r.c.t.s.TaskSchedulerServiceImpl - 定时任务已提交执行 taskId=18f4c72c-29cb-4e7a-9089-dfdfc5e12ee7 taskType=AUTO_COLLECT_SCAN scheduleId=7bbcce95-470a-4718-bfcc-9f5372d43dd4
2026-10-06 13:37:48.442 [pool-2-thread-3] [] INFO  c.c.g.r.c.t.s.i.TaskManagementServiceImpl - 任务已提交: taskId=18f4c72c-29cb-4e7a-9089-dfdfc5e12ee7, taskName=auto-collect-scan
2026-10-06 13:37:48.454 [pool-2-thread-3] [] INFO  c.c.g.r.c.t.s.i.TaskManagementServiceImpl - 任务已解析: taskId=18f4c72c-29cb-4e7a-9089-dfdfc5e12ee7
2026-10-06 13:37:48.456 [pool-2-thread-3] [] WARN  c.c.g.e.d.m.AutoCollectScheduler - AutoCollectScheduler 扫描失败: null
2026-10-06 13:37:48.457 [pool-2-thread-3] [] INFO  c.c.g.r.c.t.s.i.TaskManagementServiceImpl - 任务执行完成: taskId=18f4c72c-29cb-4e7a-9089-dfdfc5e12ee7, status=SUCCEEDED
2026-10-06 13:37:48.459 [pool-2-thread-3] [] INFO  c.c.g.r.c.t.s.TaskSchedulerServiceImpl - 定时任务已提交执行 taskId=18f4c72c-29cb-4e7a-9089-dfdfc5e12ee7 taskType=AUTO_COLLECT_SCAN scheduleId=7bbcce95-470a-4718-bfcc-9f5372d43dd4
2026-10-06 13:38:48.449 [pool-2-thread-3] [] INFO  c.c.g.r.c.t.s.i.TaskManagementServiceImpl - 任务已提交: taskId=18f4c72c-29cb-4e7a-9089-dfdfc5e12ee7, taskName=auto-collect-scan
2026-10-06 13:38:48.461 [pool-2-thread-3] [] INFO  c.c.g.r.c.t.s.i.TaskManagementServiceImpl - 任务已解析: taskId=18f4c72c-29cb-4e7a-9089-dfdfc5e12ee7
2026-10-06 13:38:48.463 [pool-2-thread-3] [] WARN  c.c.g.e.d.m.AutoCollectScheduler - AutoCollectScheduler 扫描失败: null
2026-10-06 13:38:48.465 [pool-2-thread-3] [] INFO  c.c.g.r.c.t.s.i.TaskManagementServiceImpl - 任务执行完成: taskId=18f4c72c-29cb-4e7a-9089-dfdfc5e12ee7, status=SUCCEEDED
2026-10-06 13:38:48.466 [pool-2-thread-3] [] INFO  c.c.g.r.c.t.s.TaskSchedulerServiceImpl - 定时任务已提交执行 taskId=18f4c72c-29cb-4e7a-9089-dfdfc5e12ee7 taskType=AUTO_COLLECT_SCAN scheduleId=7bbcce95-470a-4718-bfcc-9f5372d43dd4
2026-10-06 13:39:48.448 [pool-2-thread-3] [] INFO  c.c.g.r.c.t.s.i.TaskManagementServiceImpl - 任务已提交: taskId=18f4c72c-29cb-4e7a-9089-dfdfc5e12ee7, taskName=auto-collect-scan
2026-10-06 13:39:48.459 [pool-2-thread-3] [] INFO  c.c.g.r.c.t.s.i.TaskManagementServiceImpl - 任务已解析: taskId=18f4c72c-29cb-4e7a-9089-dfdfc5e12ee7
2026-10-06 13:39:48.461 [pool-2-thread-3] [] WARN  c.c.g.e.d.m.AutoCollectScheduler - AutoCollectScheduler 扫描失败: null
2026-10-06 13:39:48.462 [pool-2-thread-3] [] INFO  c.c.g.r.c.t.s.i.TaskManagementServiceImpl - 任务执行完成: taskId=18f4c72c-29cb-4e7a-9089-dfdfc5e12ee7, status=SUCCEEDED
2026-10-06 13:39:48.464 [pool-2-thread-3] [] INFO  c.c.g.r.c.t.s.TaskSchedulerServiceImpl - 定时任务已提交执行 taskId=18f4c72c-29cb-4e7a-9089-dfdfc5e12ee7 taskType=AUTO_COLLECT_SCAN scheduleId=7bbcce95-470a-4718-bfcc-9f5372d43dd4
2026-10-06 13:40:48.451 [pool-2-thread-3] [] INFO  c.c.g.r.c.t.s.i.TaskManagementServiceImpl - 任务已提交: taskId=18f4c72c-29cb-4e7a-9089-dfdfc5e12ee7, taskName=auto-collect-scan
2026-10-06 13:40:48.462 [pool-2-thread-3] [] INFO  c.c.g.r.c.t.s.i.TaskManagementServiceImpl - 任务已解析: taskId=18f4c72c-29cb-4e7a-9089-dfdfc5e12ee7
2026-10-06 13:40:48.464 [pool-2-thread-3] [] WARN  c.c.g.e.d.m.AutoCollectScheduler - AutoCollectScheduler 扫描失败: null
2026-10-06 13:40:48.465 [pool-2-thread-3] [] INFO  c.c.g.r.c.t.s.i.TaskManagementServiceImpl - 任务执行完成: taskId=18f4c72c-29cb-4e7a-9089-dfdfc5e12ee7, status=SUCCEEDED
2026-10-06 13:40:48.466 [pool-2-thread-3] [] INFO  c.c.g.r.c.t.s.TaskSchedulerServiceImpl - 定时任务已提交执行 taskId=18f4c72c-29cb-4e7a-9089-dfdfc5e12ee7 taskType=AUTO_COLLECT_SCAN scheduleId=7bbcce95-470a-4718-bfcc-9f5372d43dd4
2026-10-06 13:41:48.446 [pool-2-thread-3] [] INFO  c.c.g.r.c.t.s.i.TaskManagementServiceImpl - 任务已提交: taskId=18f4c72c-29cb-4e7a-9089-dfdfc5e12ee7, taskName=auto-collect-scan
2026-10-06 13:41:48.457 [pool-2-thread-3] [] INFO  c.c.g.r.c.t.s.i.TaskManagementServiceImpl - 任务已解析: taskId=18f4c72c-29cb-4e7a-9089-dfdfc5e12ee7
2026-10-06 13:41:48.459 [pool-2-thread-3] [] WARN  c.c.g.e.d.m.AutoCollectScheduler - AutoCollectScheduler 扫描失败: null
2026-10-06 13:41:48.460 [pool-2-thread-3] [] INFO  c.c.g.r.c.t.s.i.TaskManagementServiceImpl - 任务执行完成: taskId=18f4c72c-29cb-4e7a-9089-dfdfc5e12ee7, status=SUCCEEDED
2026-10-06 13:41:48.461 [pool-2-thread-3] [] INFO  c.c.g.r.c.t.s.TaskSchedulerServiceImpl - 定时任务已提交执行 taskId=18f4c72c-29cb-4e7a-9089-dfdfc5e12ee7 taskType=AUTO_COLLECT_SCAN scheduleId=7bbcce95-470a-4718-bfcc-9f5372d43dd4
2026-10-06 13:42:48.454 [pool-2-thread-3] [] INFO  c.c.g.r.c.t.s.i.TaskManagementServiceImpl - 任务已提交: taskId=18f4c72c-29cb-4e7a-9089-dfdfc5e12ee7, taskName=auto-collect-scan
2026-10-06 13:42:48.457 [pool-2-thread-3] [] INFO  c.c.g.r.c.t.s.i.TaskManagementServiceImpl - 任务已解析: taskId=18f4c72c-29cb-4e7a-9089-dfdfc5e12ee7
2026-10-06 13:42:48.459 [pool-2-thread-3] [] WARN  c.c.g.e.d.m.AutoCollectScheduler - AutoCollectScheduler 扫描失败: null
2026-10-06 13:42:48.461 [pool-2-thread-3] [] INFO  c.c.g.r.c.t.s.i.TaskManagementServiceImpl - 任务执行完成: taskId=18f4c72c-29cb-4e7a-9089-dfdfc5e12ee7, status=SUCCEEDED
2026-10-06 13:42:48.463 [pool-2-thread-3] [] INFO  c.c.g.r.c.t.s.TaskSchedulerServiceImpl - 定时任务已提交执行 taskId=18f4c72c-29cb-4e7a-9089-dfdfc5e12ee7 taskType=AUTO_COLLECT_SCAN scheduleId=7bbcce95-470a-4718-bfcc-9f5372d43dd4
2026-10-06 13:43:48.444 [pool-2-thread-3] [] INFO  c.c.g.r.c.t.s.i.TaskManagementServiceImpl - 任务已提交: taskId=18f4c72c-29cb-4e7a-9089-dfdfc5e12ee7, taskName=auto-collect-scan
2026-10-06 13:43:48.456 [pool-2-thread-3] [] INFO  c.c.g.r.c.t.s.i.TaskManagementServiceImpl - 任务已解析: taskId=18f4c72c-29cb-4e7a-9089-dfdfc5e12ee7
2026-10-06 13:43:48.457 [pool-2-thread-3] [] WARN  c.c.g.e.d.m.AutoCollectScheduler - AutoCollectScheduler 扫描失败: null
2026-10-06 13:43:48.459 [pool-2-thread-3] [] INFO  c.c.g.r.c.t.s.i.TaskManagementServiceImpl - 任务执行完成: taskId=18f4c72c-29cb-4e7a-9089-dfdfc5e12ee7, status=SUCCEEDED
2026-10-06 13:43:48.461 [pool-2-thread-3] [] INFO  c.c.g.r.c.t.s.TaskSchedulerServiceImpl - 定时任务已提交执行 taskId=18f4c72c-29cb-4e7a-9089-dfdfc5e12ee7 taskType=AUTO_COLLECT_SCAN scheduleId=7bbcce95-470a-4718-bfcc-9f5372d43dd4
2026-10-06 13:44:48.447 [pool-2-thread-3] [] INFO  c.c.g.r.c.t.s.i.TaskManagementServiceImpl - 任务已提交: taskId=18f4c72c-29cb-4e7a-9089-dfdfc5e12ee7, taskName=auto-collect-scan
2026-10-06 13:44:48.449 [pool-2-thread-3] [] INFO  c.c.g.r.c.t.s.i.TaskManagementServiceImpl - 任务已解析: taskId=18f4c72c-29cb-4e7a-9089-dfdfc5e12ee7
2026-10-06 13:44:48.451 [pool-2-thread-3] [] WARN  c.c.g.e.d.m.AutoCollectScheduler - AutoCollectScheduler 扫描失败: null
2026-10-06 13:44:48.452 [pool-2-thread-3] [] INFO  c.c.g.r.c.t.s.i.TaskManagementServiceImpl - 任务执行完成: taskId=18f4c72c-29cb-4e7a-9089-dfdfc5e12ee7, status=SUCCEEDED
2026-10-06 13:44:48.454 [pool-2-thread-3] [] INFO  c.c.g.r.c.t.s.TaskSchedulerServiceImpl - 定时任务已提交执行 taskId=18f4c72c-29cb-4e7a-9089-dfdfc5e12ee7 taskType=AUTO_COLLECT_SCAN scheduleId=7bbcce95-470a-4718-bfcc-9f5372d43dd4
2026-10-06 13:45:48.453 [pool-2-thread-3] [] INFO  c.c.g.r.c.t.s.i.TaskManagementServiceImpl - 任务已提交: taskId=18f4c72c-29cb-4e7a-9089-dfdfc5e12ee7, taskName=auto-collect-scan
2026-10-06 13:45:48.455 [pool-2-thread-3] [] INFO  c.c.g.r.c.t.s.i.TaskManagementServiceImpl - 任务已解析: taskId=18f4c72c-29cb-4e7a-9089-dfdfc5e12ee7
2026-10-06 13:45:48.456 [pool-2-thread-3] [] WARN  c.c.g.e.d.m.AutoCollectScheduler - AutoCollectScheduler 扫描失败: null
2026-10-06 13:45:48.457 [pool-2-thread-3] [] INFO  c.c.g.r.c.t.s.i.TaskManagementServiceImpl - 任务执行完成: taskId=18f4c72c-29cb-4e7a-9089-dfdfc5e12ee7, status=SUCCEEDED
2026-10-06 13:45:48.458 [pool-2-thread-3] [] INFO  c.c.g.r.c.t.s.TaskSchedulerServiceImpl - 定时任务已提交执行 taskId=18f4c72c-29cb-4e7a-9089-dfdfc5e12ee7 taskType=AUTO_COLLECT_SCAN scheduleId=7bbcce95-470a-4718-bfcc-9f5372d43dd4
2026-10-06 13:46:48.441 [pool-2-thread-3] [] INFO  c.c.g.r.c.t.s.i.TaskManagementServiceImpl - 任务已提交: taskId=18f4c72c-29cb-4e7a-9089-dfdfc5e12ee7, taskName=auto-collect-scan
2026-10-06 13:46:48.443 [pool-2-thread-3] [] INFO  c.c.g.r.c.t.s.i.TaskManagementServiceImpl - 任务已解析: taskId=18f4c72c-29cb-4e7a-9089-dfdfc5e12ee7
2026-10-06 13:46:48.445 [pool-2-thread-3] [] WARN  c.c.g.e.d.m.AutoCollectScheduler - AutoCollectScheduler 扫描失败: null
2026-10-06 13:46:48.446 [pool-2-thread-3] [] INFO  c.c.g.r.c.t.s.i.TaskManagementServiceImpl - 任务执行完成: taskId=18f4c72c-29cb-4e7a-9089-dfdfc5e12ee7, status=SUCCEEDED
2026-10-06 13:46:48.447 [pool-2-thread-3] [] INFO  c.c.g.r.c.t.s.TaskSchedulerServiceImpl - 定时任务已提交执行 taskId=18f4c72c-29cb-4e7a-9089-dfdfc5e12ee7 taskType=AUTO_COLLECT_SCAN scheduleId=7bbcce95-470a-4718-bfcc-9f5372d43dd4
2026-10-06 13:47:48.455 [pool-2-thread-3] [] INFO  c.c.g.r.c.t.s.i.TaskManagementServiceImpl - 任务已提交: taskId=18f4c72c-29cb-4e7a-9089-dfdfc5e12ee7, taskName=auto-collect-scan
2026-10-06 13:47:48.459 [pool-2-thread-3] [] INFO  c.c.g.r.c.t.s.i.TaskManagementServiceImpl - 任务已解析: taskId=18f4c72c-29cb-4e7a-9089-dfdfc5e12ee7
2026-10-06 13:47:48.463 [pool-2-thread-3] [] WARN  c.c.g.e.d.m.AutoCollectScheduler - AutoCollectScheduler 扫描失败: null
2026-10-06 13:47:48.465 [pool-2-thread-3] [] INFO  c.c.g.r.c.t.s.i.TaskManagementServiceImpl - 任务执行完成: taskId=18f4c72c-29cb-4e7a-9089-dfdfc5e12ee7, status=SUCCEEDED
2026-10-06 13:47:48.467 [pool-2-thread-3] [] INFO  c.c.g.r.c.t.s.TaskSchedulerServiceImpl - 定时任务已提交执行 taskId=18f4c72c-29cb-4e7a-9089-dfdfc5e12ee7 taskType=AUTO_COLLECT_SCAN scheduleId=7bbcce95-470a-4718-bfcc-9f5372d43dd4
2026-10-06 13:48:48.450 [pool-2-thread-3] [] INFO  c.c.g.r.c.t.s.i.TaskManagementServiceImpl - 任务已提交: taskId=18f4c72c-29cb-4e7a-9089-dfdfc5e12ee7, taskName=auto-collect-scan
2026-10-06 13:48:48.453 [pool-2-thread-3] [] INFO  c.c.g.r.c.t.s.i.TaskManagementServiceImpl - 任务已解析: taskId=18f4c72c-29cb-4e7a-9089-dfdfc5e12ee7
2026-10-06 13:48:48.454 [pool-2-thread-3] [] WARN  c.c.g.e.d.m.AutoCollectScheduler - AutoCollectScheduler 扫描失败: null
2026-10-06 13:48:48.455 [pool-2-thread-3] [] INFO  c.c.g.r.c.t.s.i.TaskManagementServiceImpl - 任务执行完成: taskId=18f4c72c-29cb-4e7a-9089-dfdfc5e12ee7, status=SUCCEEDED
2026-10-06 13:48:48.456 [pool-2-thread-3] [] INFO  c.c.g.r.c.t.s.TaskSchedulerServiceImpl - 定时任务已提交执行 taskId=18f4c72c-29cb-4e7a-9089-dfdfc5e12ee7 taskType=AUTO_COLLECT_SCAN scheduleId=7bbcce95-470a-4718-bfcc-9f5372d43dd4
2026-10-06 13:49:48.441 [pool-2-thread-3] [] INFO  c.c.g.r.c.t.s.i.TaskManagementServiceImpl - 任务已提交: taskId=18f4c72c-29cb-4e7a-9089-dfdfc5e12ee7, taskName=auto-collect-scan
2026-10-06 13:49:48.443 [pool-2-thread-3] [] INFO  c.c.g.r.c.t.s.i.TaskManagementServiceImpl - 任务已解析: taskId=18f4c72c-29cb-4e7a-9089-dfdfc5e12ee7
2026-10-06 13:49:48.444 [pool-2-thread-3] [] WARN  c.c.g.e.d.m.AutoCollectScheduler - AutoCollectScheduler 扫描失败: null
2026-10-06 13:49:48.445 [pool-2-thread-3] [] INFO  c.c.g.r.c.t.s.i.TaskManagementServiceImpl - 任务执行完成: taskId=18f4c72c-29cb-4e7a-9089-dfdfc5e12ee7, status=SUCCEEDED
2026-10-06 13:49:48.446 [pool-2-thread-3] [] INFO  c.c.g.r.c.t.s.TaskSchedulerServiceImpl - 定时任务已提交执行 taskId=18f4c72c-29cb-4e7a-9089-dfdfc5e12ee7 taskType=AUTO_COLLECT_SCAN scheduleId=7bbcce95-470a-4718-bfcc-9f5372d43dd4
2026-10-06 13:50:48.453 [pool-2-thread-3] [] INFO  c.c.g.r.c.t.s.i.TaskManagementServiceImpl - 任务已提交: taskId=18f4c72c-29cb-4e7a-9089-dfdfc5e12ee7, taskName=auto-collect-scan
2026-10-06 13:50:48.455 [pool-2-thread-3] [] INFO  c.c.g.r.c.t.s.i.TaskManagementServiceImpl - 任务已解析: taskId=18f4c72c-29cb-4e7a-9089-dfdfc5e12ee7
2026-10-06 13:50:48.457 [pool-2-thread-3] [] WARN  c.c.g.e.d.m.AutoCollectScheduler - AutoCollectScheduler 扫描失败: null
2026-10-06 13:50:48.459 [pool-2-thread-3] [] INFO  c.c.g.r.c.t.s.i.TaskManagementServiceImpl - 任务执行完成: taskId=18f4c72c-29cb-4e7a-9089-dfdfc5e12ee7, status=SUCCEEDED
2026-10-06 13:50:48.460 [pool-2-thread-3] [] INFO  c.c.g.r.c.t.s.TaskSchedulerServiceImpl - 定时任务已提交执行 taskId=18f4c72c-29cb-4e7a-9089-dfdfc5e12ee7 taskType=AUTO_COLLECT_SCAN scheduleId=7bbcce95-470a-4718-bfcc-9f5372d43dd4
2026-10-06 13:51:48.451 [pool-2-thread-3] [] INFO  c.c.g.r.c.t.s.i.TaskManagementServiceImpl - 任务已提交: taskId=18f4c72c-29cb-4e7a-9089-dfdfc5e12ee7, taskName=auto-collect-scan
2026-10-06 13:51:48.452 [pool-2-thread-3] [] INFO  c.c.g.r.c.t.s.i.TaskManagementServiceImpl - 任务已解析: taskId=18f4c72c-29cb-4e7a-9089-dfdfc5e12ee7
2026-10-06 13:51:48.454 [pool-2-thread-3] [] WARN  c.c.g.e.d.m.AutoCollectScheduler - AutoCollectScheduler 扫描失败: null
2026-10-06 13:51:48.456 [pool-2-thread-3] [] INFO  c.c.g.r.c.t.s.i.TaskManagementServiceImpl - 任务执行完成: taskId=18f4c72c-29cb-4e7a-9089-dfdfc5e12ee7, status=SUCCEEDED
2026-10-06 13:51:48.457 [pool-2-thread-3] [] INFO  c.c.g.r.c.t.s.TaskSchedulerServiceImpl - 定时任务已提交执行 taskId=18f4c72c-29cb-4e7a-9089-dfdfc5e12ee7 taskType=AUTO_COLLECT_SCAN scheduleId=7bbcce95-470a-4718-bfcc-9f5372d43dd4
2026-10-06 13:52:48.449 [pool-2-thread-3] [] INFO  c.c.g.r.c.t.s.i.TaskManagementServiceImpl - 任务已提交: taskId=18f4c72c-29cb-4e7a-9089-dfdfc5e12ee7, taskName=auto-collect-scan
2026-10-06 13:52:48.451 [pool-2-thread-3] [] INFO  c.c.g.r.c.t.s.i.TaskManagementServiceImpl - 任务已解析: taskId=18f4c72c-29cb-4e7a-9089-dfdfc5e12ee7
2026-10-06 13:52:48.454 [pool-2-thread-3] [] WARN  c.c.g.e.d.m.AutoCollectScheduler - AutoCollectScheduler 扫描失败: null
2026-10-06 13:52:48.456 [pool-2-thread-3] [] INFO  c.c.g.r.c.t.s.i.TaskManagementServiceImpl - 任务执行完成: taskId=18f4c72c-29cb-4e7a-9089-dfdfc5e12ee7, status=SUCCEEDED
2026-10-06 13:52:48.457 [pool-2-thread-3] [] INFO  c.c.g.r.c.t.s.TaskSchedulerServiceImpl - 定时任务已提交执行 taskId=18f4c72c-29cb-4e7a-9089-dfdfc5e12ee7 taskType=AUTO_COLLECT_SCAN scheduleId=7bbcce95-470a-4718-bfcc-9f5372d43dd4
2026-10-06 13:53:48.446 [pool-2-thread-3] [] INFO  c.c.g.r.c.t.s.i.TaskManagementServiceImpl - 任务已提交: taskId=18f4c72c-29cb-4e7a-9089-dfdfc5e12ee7, taskName=auto-collect-scan
2026-10-06 13:53:48.457 [pool-2-thread-3] [] INFO  c.c.g.r.c.t.s.i.TaskManagementServiceImpl - 任务已解析: taskId=18f4c72c-29cb-4e7a-9089-dfdfc5e12ee7
2026-10-06 13:53:48.459 [pool-2-thread-3] [] WARN  c.c.g.e.d.m.AutoCollectScheduler - AutoCollectScheduler 扫描失败: null
2026-10-06 13:53:48.460 [pool-2-thread-3] [] INFO  c.c.g.r.c.t.s.i.TaskManagementServiceImpl - 任务执行完成: taskId=18f4c72c-29cb-4e7a-9089-dfdfc5e12ee7, status=SUCCEEDED
2026-10-06 13:53:48.462 [pool-2-thread-3] [] INFO  c.c.g.r.c.t.s.TaskSchedulerServiceImpl - 定时任务已提交执行 taskId=18f4c72c-29cb-4e7a-9089-dfdfc5e12ee7 taskType=AUTO_COLLECT_SCAN scheduleId=7bbcce95-470a-4718-bfcc-9f5372d43dd4
2026-10-06 13:54:48.443 [pool-2-thread-3] [] INFO  c.c.g.r.c.t.s.i.TaskManagementServiceImpl - 任务已提交: taskId=18f4c72c-29cb-4e7a-9089-dfdfc5e12ee7, taskName=auto-collect-scan
2026-10-06 13:54:48.455 [pool-2-thread-3] [] INFO  c.c.g.r.c.t.s.i.TaskManagementServiceImpl - 任务已解析: taskId=18f4c72c-29cb-4e7a-9089-dfdfc5e12ee7
2026-10-06 13:54:48.457 [pool-2-thread-3] [] WARN  c.c.g.e.d.m.AutoCollectScheduler - AutoCollectScheduler 扫描失败: null
2026-10-06 13:54:48.458 [pool-2-thread-3] [] INFO  c.c.g.r.c.t.s.i.TaskManagementServiceImpl - 任务执行完成: taskId=18f4c72c-29cb-4e7a-9089-dfdfc5e12ee7, status=SUCCEEDED
2026-10-06 13:54:48.460 [pool-2-thread-3] [] INFO  c.c.g.r.c.t.s.TaskSchedulerServiceImpl - 定时任务已提交执行 taskId=18f4c72c-29cb-4e7a-9089-dfdfc5e12ee7 taskType=AUTO_COLLECT_SCAN scheduleId=7bbcce95-470a-4718-bfcc-9f5372d43dd4
2026-10-06 13:55:48.455 [pool-2-thread-3] [] INFO  c.c.g.r.c.t.s.i.TaskManagementServiceImpl - 任务已提交: taskId=18f4c72c-29cb-4e7a-9089-dfdfc5e12ee7, taskName=auto-collect-scan
2026-10-06 13:55:48.457 [pool-2-thread-3] [] INFO  c.c.g.r.c.t.s.i.TaskManagementServiceImpl - 任务已解析: taskId=18f4c72c-29cb-4e7a-9089-dfdfc5e12ee7
2026-10-06 13:55:48.459 [pool-2-thread-3] [] WARN  c.c.g.e.d.m.AutoCollectScheduler - AutoCollectScheduler 扫描失败: null
2026-10-06 13:55:48.461 [pool-2-thread-3] [] INFO  c.c.g.r.c.t.s.i.TaskManagementServiceImpl - 任务执行完成: taskId=18f4c72c-29cb-4e7a-9089-dfdfc5e12ee7, status=SUCCEEDED
2026-10-06 13:55:48.463 [pool-2-thread-3] [] INFO  c.c.g.r.c.t.s.TaskSchedulerServiceImpl - 定时任务已提交执行 taskId=18f4c72c-29cb-4e7a-9089-dfdfc5e12ee7 taskType=AUTO_COLLECT_SCAN scheduleId=7bbcce95-470a-4718-bfcc-9f5372d43dd4
2026-10-06 13:56:48.449 [pool-2-thread-3] [] INFO  c.c.g.r.c.t.s.i.TaskManagementServiceImpl - 任务已提交: taskId=18f4c72c-29cb-4e7a-9089-dfdfc5e12ee7, taskName=auto-collect-scan
2026-10-06 13:56:48.453 [pool-2-thread-3] [] INFO  c.c.g.r.c.t.s.i.TaskManagementServiceImpl - 任务已解析: taskId=18f4c72c-29cb-4e7a-9089-dfdfc5e12ee7
2026-10-06 13:56:48.458 [pool-2-thread-3] [] WARN  c.c.g.e.d.m.AutoCollectScheduler - AutoCollectScheduler 扫描失败: null
2026-10-06 13:56:48.462 [pool-2-thread-3] [] INFO  c.c.g.r.c.t.s.i.TaskManagementServiceImpl - 任务执行完成: taskId=18f4c72c-29cb-4e7a-9089-dfdfc5e12ee7, status=SUCCEEDED
2026-10-06 13:56:48.464 [pool-2-thread-3] [] INFO  c.c.g.r.c.t.s.TaskSchedulerServiceImpl - 定时任务已提交执行 taskId=18f4c72c-29cb-4e7a-9089-dfdfc5e12ee7 taskType=AUTO_COLLECT_SCAN scheduleId=7bbcce95-470a-4718-bfcc-9f5372d43dd4
2026-10-06 13:57:48.452 [pool-2-thread-3] [] INFO  c.c.g.r.c.t.s.i.TaskManagementServiceImpl - 任务已提交: taskId=18f4c72c-29cb-4e7a-9089-dfdfc5e12ee7, taskName=auto-collect-scan
2026-10-06 13:57:48.455 [pool-2-thread-3] [] INFO  c.c.g.r.c.t.s.i.TaskManagementServiceImpl - 任务已解析: taskId=18f4c72c-29cb-4e7a-9089-dfdfc5e12ee7
2026-10-06 13:57:48.456 [pool-2-thread-3] [] WARN  c.c.g.e.d.m.AutoCollectScheduler - AutoCollectScheduler 扫描失败: null
2026-10-06 13:57:48.457 [pool-2-thread-3] [] INFO  c.c.g.r.c.t.s.i.TaskManagementServiceImpl - 任务执行完成: taskId=18f4c72c-29cb-4e7a-9089-dfdfc5e12ee7, status=SUCCEEDED
2026-10-06 13:57:48.458 [pool-2-thread-3] [] INFO  c.c.g.r.c.t.s.TaskSchedulerServiceImpl - 定时任务已提交执行 taskId=18f4c72c-29cb-4e7a-9089-dfdfc5e12ee7 taskType=AUTO_COLLECT_SCAN scheduleId=7bbcce95-470a-4718-bfcc-9f5372d43dd4
2026-10-06 13:58:48.447 [pool-2-thread-3] [] INFO  c.c.g.r.c.t.s.i.TaskManagementServiceImpl - 任务已提交: taskId=18f4c72c-29cb-4e7a-9089-dfdfc5e12ee7, taskName=auto-collect-scan
2026-10-06 13:58:48.450 [pool-2-thread-3] [] INFO  c.c.g.r.c.t.s.i.TaskManagementServiceImpl - 任务已解析: taskId=18f4c72c-29cb-4e7a-9089-dfdfc5e12ee7
2026-10-06 13:58:48.454 [pool-2-thread-3] [] WARN  c.c.g.e.d.m.AutoCollectScheduler - AutoCollectScheduler 扫描失败: null
2026-10-06 13:58:48.456 [pool-2-thread-3] [] INFO  c.c.g.r.c.t.s.i.TaskManagementServiceImpl - 任务执行完成: taskId=18f4c72c-29cb-4e7a-9089-dfdfc5e12ee7, status=SUCCEEDED
2026-10-06 13:58:48.458 [pool-2-thread-3] [] INFO  c.c.g.r.c.t.s.TaskSchedulerServiceImpl - 定时任务已提交执行 taskId=18f4c72c-29cb-4e7a-9089-dfdfc5e12ee7 taskType=AUTO_COLLECT_SCAN scheduleId=7bbcce95-470a-4718-bfcc-9f5372d43dd4
2026-10-06 13:59:48.441 [pool-2-thread-3] [] INFO  c.c.g.r.c.t.s.i.TaskManagementServiceImpl - 任务已提交: taskId=18f4c72c-29cb-4e7a-9089-dfdfc5e12ee7, taskName=auto-collect-scan
2026-10-06 13:59:48.444 [pool-2-thread-3] [] INFO  c.c.g.r.c.t.s.i.TaskManagementServiceImpl - 任务已解析: taskId=18f4c72c-29cb-4e7a-9089-dfdfc5e12ee7
2026-10-06 13:59:48.446 [pool-2-thread-3] [] WARN  c.c.g.e.d.m.AutoCollectScheduler - AutoCollectScheduler 扫描失败: null
2026-10-06 13:59:48.448 [pool-2-thread-3] [] INFO  c.c.g.r.c.t.s.i.TaskManagementServiceImpl - 任务执行完成: taskId=18f4c72c-29cb-4e7a-9089-dfdfc5e12ee7, status=SUCCEEDED
2026-10-06 13:59:48.449 [pool-2-thread-3] [] INFO  c.c.g.r.c.t.s.TaskSchedulerServiceImpl - 定时任务已提交执行 taskId=18f4c72c-29cb-4e7a-9089-dfdfc5e12ee7 taskType=AUTO_COLLECT_SCAN scheduleId=7bbcce95-470a-4718-bfcc-9f5372d43dd4
