2026-10-02 00:06:34.469 [pool-3-thread-3] [] INFO  c.c.g.r.c.t.s.i.TaskManagementServiceImpl - 任务已提交: taskId=a2731d5d-92a0-4dcc-8651-8295b1cdc1f4, taskName=cognitive-mental-scan
2026-10-02 00:06:34.556 [pool-3-thread-3] [] INFO  c.c.g.r.c.t.s.i.TaskManagementServiceImpl - 任务已解析: taskId=a2731d5d-92a0-4dcc-8651-8295b1cdc1f4
2026-10-02 00:06:34.564 [pool-3-thread-3] [] ERROR c.c.g.e.c.s.mental.MentalScanTask - PMO-59 心智层补算任务执行失败: Failed to obtain JDBC Connection
org.springframework.jdbc.CannotGetJdbcConnectionException: Failed to obtain JDBC Connection
	at org.springframework.jdbc.datasource.DataSourceUtils.getConnection(DataSourceUtils.java:84)
	at org.springframework.jdbc.core.JdbcTemplate.execute(JdbcTemplate.java:653)
	at org.springframework.jdbc.core.JdbcTemplate.query(JdbcTemplate.java:723)
	at org.springframework.jdbc.core.JdbcTemplate.query(JdbcTemplate.java:754)
	at org.springframework.jdbc.core.JdbcTemplate.query(JdbcTemplate.java:767)
	at org.springframework.jdbc.core.JdbcTemplate.query(JdbcTemplate.java:820)
	at org.springframework.jdbc.core.JdbcTemplate.queryForList(JdbcTemplate.java:952)
	at com.chinacreator.gzcm.engine.cognitive2.service.EvidenceStore.list(EvidenceStore.java:120)
	at com.chinacreator.gzcm.engine.cognitive2.service.CognitiveEvidenceService.list(CognitiveEvidenceService.java:148)
	at com.chinacreator.gzcm.engine.cognitive2.service.mental.MentalScanTask.scanOnce(MentalScanTask.java:94)
	at com.chinacreator.gzcm.engine.cognitive2.service.mental.MentalScanTask$MentalScanTaskExecutor.execute(MentalScanTask.java:163)
	at com.chinacreator.gzcm.runtime.core.task.service.impl.TaskManagementServiceImpl.executeTask(TaskManagementServiceImpl.java:204)
	at com.chinacreator.gzcm.runtime.core.task.service.impl.TaskManagementServiceImpl.submitAndExecute(TaskManagementServiceImpl.java:343)
	at com.chinacreator.gzcm.runtime.core.task.scheduling.TaskSchedulerServiceImpl.executeTask(TaskSchedulerServiceImpl.java:322)
	at com.chinacreator.gzcm.runtime.core.task.scheduling.TaskSchedulerServiceImpl.lambda$schedulePeriodicTask$3(TaskSchedulerServiceImpl.java:231)
	at java.base/java.util.concurrent.Executors$RunnableAdapter.call(Executors.java:539)
	at java.base/java.util.concurrent.FutureTask.runAndReset(FutureTask.java:305)
	at java.base/java.util.concurrent.ScheduledThreadPoolExecutor$ScheduledFutureTask.run(ScheduledThreadPoolExecutor.java:305)
	at java.base/java.util.concurrent.ThreadPoolExecutor.runWorker(ThreadPoolExecutor.java:1136)
	at java.base/java.util.concurrent.ThreadPoolExecutor$Worker.run(ThreadPoolExecutor.java:635)
	at java.base/java.lang.Thread.run(Thread.java:840)
Caused by: java.sql.SQLException: HikariDataSource HikariDataSource (AimingHikariCP) has been closed.
	at com.zaxxer.hikari.HikariDataSource.getConnection(HikariDataSource.java:96)
	at org.springframework.jdbc.datasource.DataSourceUtils.fetchConnection(DataSourceUtils.java:160)
	at org.springframework.jdbc.datasource.DataSourceUtils.doGetConnection(DataSourceUtils.java:118)
	at org.springframework.jdbc.datasource.DataSourceUtils.getConnection(DataSourceUtils.java:81)
	... 20 common frames omitted
2026-10-02 00:06:34.576 [pool-3-thread-3] [] WARN  c.c.g.r.c.t.c.AgentCronTaskExecutor - AgentCronTaskExecutor.onError: taskId=a2731d5d-92a0-4dcc-8651-8295b1cdc1f4, error=cognitive mental scan failed
2026-10-02 00:06:34.581 [pool-3-thread-3] [] WARN  c.c.g.r.c.t.s.TaskSchedulerServiceImpl - 定时任务提交失败 taskId=a2731d5d-92a0-4dcc-8651-8295b1cdc1f4 scheduleId=c75431f7-3451-4a76-af7c-6089a4e233ae: Task execution failed: cognitive mental scan failed
2026-10-02 00:16:34.465 [pool-3-thread-3] [] INFO  c.c.g.r.c.t.s.i.TaskManagementServiceImpl - 任务已提交: taskId=a2731d5d-92a0-4dcc-8651-8295b1cdc1f4, taskName=cognitive-mental-scan
2026-10-02 00:16:34.467 [pool-3-thread-3] [] INFO  c.c.g.r.c.t.s.i.TaskManagementServiceImpl - 任务已解析: taskId=a2731d5d-92a0-4dcc-8651-8295b1cdc1f4
2026-10-02 00:16:34.468 [pool-3-thread-3] [] ERROR c.c.g.e.c.s.mental.MentalScanTask - PMO-59 心智层补算任务执行失败: Failed to obtain JDBC Connection
org.springframework.jdbc.CannotGetJdbcConnectionException: Failed to obtain JDBC Connection
	at org.springframework.jdbc.datasource.DataSourceUtils.getConnection(DataSourceUtils.java:84)
	at org.springframework.jdbc.core.JdbcTemplate.execute(JdbcTemplate.java:653)
	at org.springframework.jdbc.core.JdbcTemplate.query(JdbcTemplate.java:723)
	at org.springframework.jdbc.core.JdbcTemplate.query(JdbcTemplate.java:754)
	at org.springframework.jdbc.core.JdbcTemplate.query(JdbcTemplate.java:767)
	at org.springframework.jdbc.core.JdbcTemplate.query(JdbcTemplate.java:820)
	at org.springframework.jdbc.core.JdbcTemplate.queryForList(JdbcTemplate.java:952)
	at com.chinacreator.gzcm.engine.cognitive2.service.EvidenceStore.list(EvidenceStore.java:120)
	at com.chinacreator.gzcm.engine.cognitive2.service.CognitiveEvidenceService.list(CognitiveEvidenceService.java:148)
	at com.chinacreator.gzcm.engine.cognitive2.service.mental.MentalScanTask.scanOnce(MentalScanTask.java:94)
	at com.chinacreator.gzcm.engine.cognitive2.service.mental.MentalScanTask$MentalScanTaskExecutor.execute(MentalScanTask.java:163)
	at com.chinacreator.gzcm.runtime.core.task.service.impl.TaskManagementServiceImpl.executeTask(TaskManagementServiceImpl.java:204)
	at com.chinacreator.gzcm.runtime.core.task.service.impl.TaskManagementServiceImpl.submitAndExecute(TaskManagementServiceImpl.java:343)
	at com.chinacreator.gzcm.runtime.core.task.scheduling.TaskSchedulerServiceImpl.executeTask(TaskSchedulerServiceImpl.java:322)
	at com.chinacreator.gzcm.runtime.core.task.scheduling.TaskSchedulerServiceImpl.lambda$schedulePeriodicTask$3(TaskSchedulerServiceImpl.java:231)
	at java.base/java.util.concurrent.Executors$RunnableAdapter.call(Executors.java:539)
	at java.base/java.util.concurrent.FutureTask.runAndReset(FutureTask.java:305)
	at java.base/java.util.concurrent.ScheduledThreadPoolExecutor$ScheduledFutureTask.run(ScheduledThreadPoolExecutor.java:305)
	at java.base/java.util.concurrent.ThreadPoolExecutor.runWorker(ThreadPoolExecutor.java:1136)
	at java.base/java.util.concurrent.ThreadPoolExecutor$Worker.run(ThreadPoolExecutor.java:635)
	at java.base/java.lang.Thread.run(Thread.java:840)
Caused by: java.sql.SQLException: HikariDataSource HikariDataSource (AimingHikariCP) has been closed.
	at com.zaxxer.hikari.HikariDataSource.getConnection(HikariDataSource.java:96)
	at org.springframework.jdbc.datasource.DataSourceUtils.fetchConnection(DataSourceUtils.java:160)
	at org.springframework.jdbc.datasource.DataSourceUtils.doGetConnection(DataSourceUtils.java:118)
	at org.springframework.jdbc.datasource.DataSourceUtils.getConnection(DataSourceUtils.java:81)
	... 20 common frames omitted
2026-10-02 00:16:34.469 [pool-3-thread-3] [] WARN  c.c.g.r.c.t.c.AgentCronTaskExecutor - AgentCronTaskExecutor.onError: taskId=a2731d5d-92a0-4dcc-8651-8295b1cdc1f4, error=cognitive mental scan failed
2026-10-02 00:16:34.470 [pool-3-thread-3] [] WARN  c.c.g.r.c.t.s.TaskSchedulerServiceImpl - 定时任务提交失败 taskId=a2731d5d-92a0-4dcc-8651-8295b1cdc1f4 scheduleId=c75431f7-3451-4a76-af7c-6089a4e233ae: Task execution failed: cognitive mental scan failed
2026-10-02 00:26:34.463 [pool-3-thread-3] [] INFO  c.c.g.r.c.t.s.i.TaskManagementServiceImpl - 任务已提交: taskId=a2731d5d-92a0-4dcc-8651-8295b1cdc1f4, taskName=cognitive-mental-scan
2026-10-02 00:26:34.465 [pool-3-thread-3] [] INFO  c.c.g.r.c.t.s.i.TaskManagementServiceImpl - 任务已解析: taskId=a2731d5d-92a0-4dcc-8651-8295b1cdc1f4
2026-10-02 00:26:34.466 [pool-3-thread-3] [] ERROR c.c.g.e.c.s.mental.MentalScanTask - PMO-59 心智层补算任务执行失败: Failed to obtain JDBC Connection
org.springframework.jdbc.CannotGetJdbcConnectionException: Failed to obtain JDBC Connection
	at org.springframework.jdbc.datasource.DataSourceUtils.getConnection(DataSourceUtils.java:84)
	at org.springframework.jdbc.core.JdbcTemplate.execute(JdbcTemplate.java:653)
	at org.springframework.jdbc.core.JdbcTemplate.query(JdbcTemplate.java:723)
	at org.springframework.jdbc.core.JdbcTemplate.query(JdbcTemplate.java:754)
	at org.springframework.jdbc.core.JdbcTemplate.query(JdbcTemplate.java:767)
	at org.springframework.jdbc.core.JdbcTemplate.query(JdbcTemplate.java:820)
	at org.springframework.jdbc.core.JdbcTemplate.queryForList(JdbcTemplate.java:952)
	at com.chinacreator.gzcm.engine.cognitive2.service.EvidenceStore.list(EvidenceStore.java:120)
	at com.chinacreator.gzcm.engine.cognitive2.service.CognitiveEvidenceService.list(CognitiveEvidenceService.java:148)
	at com.chinacreator.gzcm.engine.cognitive2.service.mental.MentalScanTask.scanOnce(MentalScanTask.java:94)
	at com.chinacreator.gzcm.engine.cognitive2.service.mental.MentalScanTask$MentalScanTaskExecutor.execute(MentalScanTask.java:163)
	at com.chinacreator.gzcm.runtime.core.task.service.impl.TaskManagementServiceImpl.executeTask(TaskManagementServiceImpl.java:204)
	at com.chinacreator.gzcm.runtime.core.task.service.impl.TaskManagementServiceImpl.submitAndExecute(TaskManagementServiceImpl.java:343)
	at com.chinacreator.gzcm.runtime.core.task.scheduling.TaskSchedulerServiceImpl.executeTask(TaskSchedulerServiceImpl.java:322)
	at com.chinacreator.gzcm.runtime.core.task.scheduling.TaskSchedulerServiceImpl.lambda$schedulePeriodicTask$3(TaskSchedulerServiceImpl.java:231)
	at java.base/java.util.concurrent.Executors$RunnableAdapter.call(Executors.java:539)
	at java.base/java.util.concurrent.FutureTask.runAndReset(FutureTask.java:305)
	at java.base/java.util.concurrent.ScheduledThreadPoolExecutor$ScheduledFutureTask.run(ScheduledThreadPoolExecutor.java:305)
	at java.base/java.util.concurrent.ThreadPoolExecutor.runWorker(ThreadPoolExecutor.java:1136)
	at java.base/java.util.concurrent.ThreadPoolExecutor$Worker.run(ThreadPoolExecutor.java:635)
	at java.base/java.lang.Thread.run(Thread.java:840)
Caused by: java.sql.SQLException: HikariDataSource HikariDataSource (AimingHikariCP) has been closed.
	at com.zaxxer.hikari.HikariDataSource.getConnection(HikariDataSource.java:96)
	at org.springframework.jdbc.datasource.DataSourceUtils.fetchConnection(DataSourceUtils.java:160)
	at org.springframework.jdbc.datasource.DataSourceUtils.doGetConnection(DataSourceUtils.java:118)
	at org.springframework.jdbc.datasource.DataSourceUtils.getConnection(DataSourceUtils.java:81)
	... 20 common frames omitted
2026-10-02 00:26:34.467 [pool-3-thread-3] [] WARN  c.c.g.r.c.t.c.AgentCronTaskExecutor - AgentCronTaskExecutor.onError: taskId=a2731d5d-92a0-4dcc-8651-8295b1cdc1f4, error=cognitive mental scan failed
2026-10-02 00:26:34.468 [pool-3-thread-3] [] WARN  c.c.g.r.c.t.s.TaskSchedulerServiceImpl - 定时任务提交失败 taskId=a2731d5d-92a0-4dcc-8651-8295b1cdc1f4 scheduleId=c75431f7-3451-4a76-af7c-6089a4e233ae: Task execution failed: cognitive mental scan failed
2026-10-02 00:36:34.472 [pool-3-thread-3] [] INFO  c.c.g.r.c.t.s.i.TaskManagementServiceImpl - 任务已提交: taskId=a2731d5d-92a0-4dcc-8651-8295b1cdc1f4, taskName=cognitive-mental-scan
2026-10-02 00:36:34.472 [pool-3-thread-3] [] INFO  c.c.g.r.c.t.s.i.TaskManagementServiceImpl - 任务已解析: taskId=a2731d5d-92a0-4dcc-8651-8295b1cdc1f4
2026-10-02 00:36:34.474 [pool-3-thread-3] [] ERROR c.c.g.e.c.s.mental.MentalScanTask - PMO-59 心智层补算任务执行失败: Failed to obtain JDBC Connection
org.springframework.jdbc.CannotGetJdbcConnectionException: Failed to obtain JDBC Connection
	at org.springframework.jdbc.datasource.DataSourceUtils.getConnection(DataSourceUtils.java:84)
	at org.springframework.jdbc.core.JdbcTemplate.execute(JdbcTemplate.java:653)
	at org.springframework.jdbc.core.JdbcTemplate.query(JdbcTemplate.java:723)
	at org.springframework.jdbc.core.JdbcTemplate.query(JdbcTemplate.java:754)
	at org.springframework.jdbc.core.JdbcTemplate.query(JdbcTemplate.java:767)
	at org.springframework.jdbc.core.JdbcTemplate.query(JdbcTemplate.java:820)
	at org.springframework.jdbc.core.JdbcTemplate.queryForList(JdbcTemplate.java:952)
	at com.chinacreator.gzcm.engine.cognitive2.service.EvidenceStore.list(EvidenceStore.java:120)
	at com.chinacreator.gzcm.engine.cognitive2.service.CognitiveEvidenceService.list(CognitiveEvidenceService.java:148)
	at com.chinacreator.gzcm.engine.cognitive2.service.mental.MentalScanTask.scanOnce(MentalScanTask.java:94)
	at com.chinacreator.gzcm.engine.cognitive2.service.mental.MentalScanTask$MentalScanTaskExecutor.execute(MentalScanTask.java:163)
	at com.chinacreator.gzcm.runtime.core.task.service.impl.TaskManagementServiceImpl.executeTask(TaskManagementServiceImpl.java:204)
	at com.chinacreator.gzcm.runtime.core.task.service.impl.TaskManagementServiceImpl.submitAndExecute(TaskManagementServiceImpl.java:343)
	at com.chinacreator.gzcm.runtime.core.task.scheduling.TaskSchedulerServiceImpl.executeTask(TaskSchedulerServiceImpl.java:322)
	at com.chinacreator.gzcm.runtime.core.task.scheduling.TaskSchedulerServiceImpl.lambda$schedulePeriodicTask$3(TaskSchedulerServiceImpl.java:231)
	at java.base/java.util.concurrent.Executors$RunnableAdapter.call(Executors.java:539)
	at java.base/java.util.concurrent.FutureTask.runAndReset(FutureTask.java:305)
	at java.base/java.util.concurrent.ScheduledThreadPoolExecutor$ScheduledFutureTask.run(ScheduledThreadPoolExecutor.java:305)
	at java.base/java.util.concurrent.ThreadPoolExecutor.runWorker(ThreadPoolExecutor.java:1136)
	at java.base/java.util.concurrent.ThreadPoolExecutor$Worker.run(ThreadPoolExecutor.java:635)
	at java.base/java.lang.Thread.run(Thread.java:840)
Caused by: java.sql.SQLException: HikariDataSource HikariDataSource (AimingHikariCP) has been closed.
	at com.zaxxer.hikari.HikariDataSource.getConnection(HikariDataSource.java:96)
	at org.springframework.jdbc.datasource.DataSourceUtils.fetchConnection(DataSourceUtils.java:160)
	at org.springframework.jdbc.datasource.DataSourceUtils.doGetConnection(DataSourceUtils.java:118)
	at org.springframework.jdbc.datasource.DataSourceUtils.getConnection(DataSourceUtils.java:81)
	... 20 common frames omitted
2026-10-02 00:36:34.474 [pool-3-thread-3] [] WARN  c.c.g.r.c.t.c.AgentCronTaskExecutor - AgentCronTaskExecutor.onError: taskId=a2731d5d-92a0-4dcc-8651-8295b1cdc1f4, error=cognitive mental scan failed
2026-10-02 00:36:34.476 [pool-3-thread-3] [] WARN  c.c.g.r.c.t.s.TaskSchedulerServiceImpl - 定时任务提交失败 taskId=a2731d5d-92a0-4dcc-8651-8295b1cdc1f4 scheduleId=c75431f7-3451-4a76-af7c-6089a4e233ae: Task execution failed: cognitive mental scan failed
2026-10-02 00:46:34.468 [pool-3-thread-3] [] INFO  c.c.g.r.c.t.s.i.TaskManagementServiceImpl - 任务已提交: taskId=a2731d5d-92a0-4dcc-8651-8295b1cdc1f4, taskName=cognitive-mental-scan
2026-10-02 00:46:34.479 [pool-3-thread-3] [] INFO  c.c.g.r.c.t.s.i.TaskManagementServiceImpl - 任务已解析: taskId=a2731d5d-92a0-4dcc-8651-8295b1cdc1f4
2026-10-02 00:46:34.480 [pool-3-thread-3] [] ERROR c.c.g.e.c.s.mental.MentalScanTask - PMO-59 心智层补算任务执行失败: Failed to obtain JDBC Connection
org.springframework.jdbc.CannotGetJdbcConnectionException: Failed to obtain JDBC Connection
	at org.springframework.jdbc.datasource.DataSourceUtils.getConnection(DataSourceUtils.java:84)
	at org.springframework.jdbc.core.JdbcTemplate.execute(JdbcTemplate.java:653)
	at org.springframework.jdbc.core.JdbcTemplate.query(JdbcTemplate.java:723)
	at org.springframework.jdbc.core.JdbcTemplate.query(JdbcTemplate.java:754)
	at org.springframework.jdbc.core.JdbcTemplate.query(JdbcTemplate.java:767)
	at org.springframework.jdbc.core.JdbcTemplate.query(JdbcTemplate.java:820)
	at org.springframework.jdbc.core.JdbcTemplate.queryForList(JdbcTemplate.java:952)
	at com.chinacreator.gzcm.engine.cognitive2.service.EvidenceStore.list(EvidenceStore.java:120)
	at com.chinacreator.gzcm.engine.cognitive2.service.CognitiveEvidenceService.list(CognitiveEvidenceService.java:148)
	at com.chinacreator.gzcm.engine.cognitive2.service.mental.MentalScanTask.scanOnce(MentalScanTask.java:94)
	at com.chinacreator.gzcm.engine.cognitive2.service.mental.MentalScanTask$MentalScanTaskExecutor.execute(MentalScanTask.java:163)
	at com.chinacreator.gzcm.runtime.core.task.service.impl.TaskManagementServiceImpl.executeTask(TaskManagementServiceImpl.java:204)
	at com.chinacreator.gzcm.runtime.core.task.service.impl.TaskManagementServiceImpl.submitAndExecute(TaskManagementServiceImpl.java:343)
	at com.chinacreator.gzcm.runtime.core.task.scheduling.TaskSchedulerServiceImpl.executeTask(TaskSchedulerServiceImpl.java:322)
	at com.chinacreator.gzcm.runtime.core.task.scheduling.TaskSchedulerServiceImpl.lambda$schedulePeriodicTask$3(TaskSchedulerServiceImpl.java:231)
	at java.base/java.util.concurrent.Executors$RunnableAdapter.call(Executors.java:539)
	at java.base/java.util.concurrent.FutureTask.runAndReset(FutureTask.java:305)
	at java.base/java.util.concurrent.ScheduledThreadPoolExecutor$ScheduledFutureTask.run(ScheduledThreadPoolExecutor.java:305)
	at java.base/java.util.concurrent.ThreadPoolExecutor.runWorker(ThreadPoolExecutor.java:1136)
	at java.base/java.util.concurrent.ThreadPoolExecutor$Worker.run(ThreadPoolExecutor.java:635)
	at java.base/java.lang.Thread.run(Thread.java:840)
Caused by: java.sql.SQLException: HikariDataSource HikariDataSource (AimingHikariCP) has been closed.
	at com.zaxxer.hikari.HikariDataSource.getConnection(HikariDataSource.java:96)
	at org.springframework.jdbc.datasource.DataSourceUtils.fetchConnection(DataSourceUtils.java:160)
	at org.springframework.jdbc.datasource.DataSourceUtils.doGetConnection(DataSourceUtils.java:118)
	at org.springframework.jdbc.datasource.DataSourceUtils.getConnection(DataSourceUtils.java:81)
	... 20 common frames omitted
2026-10-02 00:46:34.482 [pool-3-thread-3] [] WARN  c.c.g.r.c.t.c.AgentCronTaskExecutor - AgentCronTaskExecutor.onError: taskId=a2731d5d-92a0-4dcc-8651-8295b1cdc1f4, error=cognitive mental scan failed
2026-10-02 00:46:34.484 [pool-3-thread-3] [] WARN  c.c.g.r.c.t.s.TaskSchedulerServiceImpl - 定时任务提交失败 taskId=a2731d5d-92a0-4dcc-8651-8295b1cdc1f4 scheduleId=c75431f7-3451-4a76-af7c-6089a4e233ae: Task execution failed: cognitive mental scan failed
2026-10-02 00:56:34.459 [pool-3-thread-3] [] INFO  c.c.g.r.c.t.s.i.TaskManagementServiceImpl - 任务已提交: taskId=a2731d5d-92a0-4dcc-8651-8295b1cdc1f4, taskName=cognitive-mental-scan
2026-10-02 00:56:34.469 [pool-3-thread-3] [] INFO  c.c.g.r.c.t.s.i.TaskManagementServiceImpl - 任务已解析: taskId=a2731d5d-92a0-4dcc-8651-8295b1cdc1f4
2026-10-02 00:56:34.470 [pool-3-thread-3] [] ERROR c.c.g.e.c.s.mental.MentalScanTask - PMO-59 心智层补算任务执行失败: Failed to obtain JDBC Connection
org.springframework.jdbc.CannotGetJdbcConnectionException: Failed to obtain JDBC Connection
	at org.springframework.jdbc.datasource.DataSourceUtils.getConnection(DataSourceUtils.java:84)
	at org.springframework.jdbc.core.JdbcTemplate.execute(JdbcTemplate.java:653)
	at org.springframework.jdbc.core.JdbcTemplate.query(JdbcTemplate.java:723)
	at org.springframework.jdbc.core.JdbcTemplate.query(JdbcTemplate.java:754)
	at org.springframework.jdbc.core.JdbcTemplate.query(JdbcTemplate.java:767)
	at org.springframework.jdbc.core.JdbcTemplate.query(JdbcTemplate.java:820)
	at org.springframework.jdbc.core.JdbcTemplate.queryForList(JdbcTemplate.java:952)
	at com.chinacreator.gzcm.engine.cognitive2.service.EvidenceStore.list(EvidenceStore.java:120)
	at com.chinacreator.gzcm.engine.cognitive2.service.CognitiveEvidenceService.list(CognitiveEvidenceService.java:148)
	at com.chinacreator.gzcm.engine.cognitive2.service.mental.MentalScanTask.scanOnce(MentalScanTask.java:94)
	at com.chinacreator.gzcm.engine.cognitive2.service.mental.MentalScanTask$MentalScanTaskExecutor.execute(MentalScanTask.java:163)
	at com.chinacreator.gzcm.runtime.core.task.service.impl.TaskManagementServiceImpl.executeTask(TaskManagementServiceImpl.java:204)
	at com.chinacreator.gzcm.runtime.core.task.service.impl.TaskManagementServiceImpl.submitAndExecute(TaskManagementServiceImpl.java:343)
	at com.chinacreator.gzcm.runtime.core.task.scheduling.TaskSchedulerServiceImpl.executeTask(TaskSchedulerServiceImpl.java:322)
	at com.chinacreator.gzcm.runtime.core.task.scheduling.TaskSchedulerServiceImpl.lambda$schedulePeriodicTask$3(TaskSchedulerServiceImpl.java:231)
	at java.base/java.util.concurrent.Executors$RunnableAdapter.call(Executors.java:539)
	at java.base/java.util.concurrent.FutureTask.runAndReset(FutureTask.java:305)
	at java.base/java.util.concurrent.ScheduledThreadPoolExecutor$ScheduledFutureTask.run(ScheduledThreadPoolExecutor.java:305)
	at java.base/java.util.concurrent.ThreadPoolExecutor.runWorker(ThreadPoolExecutor.java:1136)
	at java.base/java.util.concurrent.ThreadPoolExecutor$Worker.run(ThreadPoolExecutor.java:635)
	at java.base/java.lang.Thread.run(Thread.java:840)
Caused by: java.sql.SQLException: HikariDataSource HikariDataSource (AimingHikariCP) has been closed.
	at com.zaxxer.hikari.HikariDataSource.getConnection(HikariDataSource.java:96)
	at org.springframework.jdbc.datasource.DataSourceUtils.fetchConnection(DataSourceUtils.java:160)
	at org.springframework.jdbc.datasource.DataSourceUtils.doGetConnection(DataSourceUtils.java:118)
	at org.springframework.jdbc.datasource.DataSourceUtils.getConnection(DataSourceUtils.java:81)
	... 20 common frames omitted
2026-10-02 00:56:34.471 [pool-3-thread-3] [] WARN  c.c.g.r.c.t.c.AgentCronTaskExecutor - AgentCronTaskExecutor.onError: taskId=a2731d5d-92a0-4dcc-8651-8295b1cdc1f4, error=cognitive mental scan failed
2026-10-02 00:56:34.471 [pool-3-thread-3] [] WARN  c.c.g.r.c.t.s.TaskSchedulerServiceImpl - 定时任务提交失败 taskId=a2731d5d-92a0-4dcc-8651-8295b1cdc1f4 scheduleId=c75431f7-3451-4a76-af7c-6089a4e233ae: Task execution failed: cognitive mental scan failed
2026-10-02 01:06:34.458 [pool-3-thread-3] [] INFO  c.c.g.r.c.t.s.i.TaskManagementServiceImpl - 任务已提交: taskId=a2731d5d-92a0-4dcc-8651-8295b1cdc1f4, taskName=cognitive-mental-scan
2026-10-02 01:06:34.460 [pool-3-thread-3] [] INFO  c.c.g.r.c.t.s.i.TaskManagementServiceImpl - 任务已解析: taskId=a2731d5d-92a0-4dcc-8651-8295b1cdc1f4
2026-10-02 01:06:34.460 [pool-3-thread-3] [] ERROR c.c.g.e.c.s.mental.MentalScanTask - PMO-59 心智层补算任务执行失败: Failed to obtain JDBC Connection
org.springframework.jdbc.CannotGetJdbcConnectionException: Failed to obtain JDBC Connection
	at org.springframework.jdbc.datasource.DataSourceUtils.getConnection(DataSourceUtils.java:84)
	at org.springframework.jdbc.core.JdbcTemplate.execute(JdbcTemplate.java:653)
	at org.springframework.jdbc.core.JdbcTemplate.query(JdbcTemplate.java:723)
	at org.springframework.jdbc.core.JdbcTemplate.query(JdbcTemplate.java:754)
	at org.springframework.jdbc.core.JdbcTemplate.query(JdbcTemplate.java:767)
	at org.springframework.jdbc.core.JdbcTemplate.query(JdbcTemplate.java:820)
	at org.springframework.jdbc.core.JdbcTemplate.queryForList(JdbcTemplate.java:952)
	at com.chinacreator.gzcm.engine.cognitive2.service.EvidenceStore.list(EvidenceStore.java:120)
	at com.chinacreator.gzcm.engine.cognitive2.service.CognitiveEvidenceService.list(CognitiveEvidenceService.java:148)
	at com.chinacreator.gzcm.engine.cognitive2.service.mental.MentalScanTask.scanOnce(MentalScanTask.java:94)
	at com.chinacreator.gzcm.engine.cognitive2.service.mental.MentalScanTask$MentalScanTaskExecutor.execute(MentalScanTask.java:163)
	at com.chinacreator.gzcm.runtime.core.task.service.impl.TaskManagementServiceImpl.executeTask(TaskManagementServiceImpl.java:204)
	at com.chinacreator.gzcm.runtime.core.task.service.impl.TaskManagementServiceImpl.submitAndExecute(TaskManagementServiceImpl.java:343)
	at com.chinacreator.gzcm.runtime.core.task.scheduling.TaskSchedulerServiceImpl.executeTask(TaskSchedulerServiceImpl.java:322)
	at com.chinacreator.gzcm.runtime.core.task.scheduling.TaskSchedulerServiceImpl.lambda$schedulePeriodicTask$3(TaskSchedulerServiceImpl.java:231)
	at java.base/java.util.concurrent.Executors$RunnableAdapter.call(Executors.java:539)
	at java.base/java.util.concurrent.FutureTask.runAndReset(FutureTask.java:305)
	at java.base/java.util.concurrent.ScheduledThreadPoolExecutor$ScheduledFutureTask.run(ScheduledThreadPoolExecutor.java:305)
	at java.base/java.util.concurrent.ThreadPoolExecutor.runWorker(ThreadPoolExecutor.java:1136)
	at java.base/java.util.concurrent.ThreadPoolExecutor$Worker.run(ThreadPoolExecutor.java:635)
	at java.base/java.lang.Thread.run(Thread.java:840)
Caused by: java.sql.SQLException: HikariDataSource HikariDataSource (AimingHikariCP) has been closed.
	at com.zaxxer.hikari.HikariDataSource.getConnection(HikariDataSource.java:96)
	at org.springframework.jdbc.datasource.DataSourceUtils.fetchConnection(DataSourceUtils.java:160)
	at org.springframework.jdbc.datasource.DataSourceUtils.doGetConnection(DataSourceUtils.java:118)
	at org.springframework.jdbc.datasource.DataSourceUtils.getConnection(DataSourceUtils.java:81)
	... 20 common frames omitted
2026-10-02 01:06:34.461 [pool-3-thread-3] [] WARN  c.c.g.r.c.t.c.AgentCronTaskExecutor - AgentCronTaskExecutor.onError: taskId=a2731d5d-92a0-4dcc-8651-8295b1cdc1f4, error=cognitive mental scan failed
2026-10-02 01:06:34.461 [pool-3-thread-3] [] WARN  c.c.g.r.c.t.s.TaskSchedulerServiceImpl - 定时任务提交失败 taskId=a2731d5d-92a0-4dcc-8651-8295b1cdc1f4 scheduleId=c75431f7-3451-4a76-af7c-6089a4e233ae: Task execution failed: cognitive mental scan failed
2026-10-02 01:16:34.471 [pool-3-thread-3] [] INFO  c.c.g.r.c.t.s.i.TaskManagementServiceImpl - 任务已提交: taskId=a2731d5d-92a0-4dcc-8651-8295b1cdc1f4, taskName=cognitive-mental-scan
2026-10-02 01:16:34.472 [pool-3-thread-3] [] INFO  c.c.g.r.c.t.s.i.TaskManagementServiceImpl - 任务已解析: taskId=a2731d5d-92a0-4dcc-8651-8295b1cdc1f4
2026-10-02 01:16:34.474 [pool-3-thread-3] [] ERROR c.c.g.e.c.s.mental.MentalScanTask - PMO-59 心智层补算任务执行失败: Failed to obtain JDBC Connection
org.springframework.jdbc.CannotGetJdbcConnectionException: Failed to obtain JDBC Connection
	at org.springframework.jdbc.datasource.DataSourceUtils.getConnection(DataSourceUtils.java:84)
	at org.springframework.jdbc.core.JdbcTemplate.execute(JdbcTemplate.java:653)
	at org.springframework.jdbc.core.JdbcTemplate.query(JdbcTemplate.java:723)
	at org.springframework.jdbc.core.JdbcTemplate.query(JdbcTemplate.java:754)
	at org.springframework.jdbc.core.JdbcTemplate.query(JdbcTemplate.java:767)
	at org.springframework.jdbc.core.JdbcTemplate.query(JdbcTemplate.java:820)
	at org.springframework.jdbc.core.JdbcTemplate.queryForList(JdbcTemplate.java:952)
	at com.chinacreator.gzcm.engine.cognitive2.service.EvidenceStore.list(EvidenceStore.java:120)
	at com.chinacreator.gzcm.engine.cognitive2.service.CognitiveEvidenceService.list(CognitiveEvidenceService.java:148)
	at com.chinacreator.gzcm.engine.cognitive2.service.mental.MentalScanTask.scanOnce(MentalScanTask.java:94)
	at com.chinacreator.gzcm.engine.cognitive2.service.mental.MentalScanTask$MentalScanTaskExecutor.execute(MentalScanTask.java:163)
	at com.chinacreator.gzcm.runtime.core.task.service.impl.TaskManagementServiceImpl.executeTask(TaskManagementServiceImpl.java:204)
	at com.chinacreator.gzcm.runtime.core.task.service.impl.TaskManagementServiceImpl.submitAndExecute(TaskManagementServiceImpl.java:343)
	at com.chinacreator.gzcm.runtime.core.task.scheduling.TaskSchedulerServiceImpl.executeTask(TaskSchedulerServiceImpl.java:322)
	at com.chinacreator.gzcm.runtime.core.task.scheduling.TaskSchedulerServiceImpl.lambda$schedulePeriodicTask$3(TaskSchedulerServiceImpl.java:231)
	at java.base/java.util.concurrent.Executors$RunnableAdapter.call(Executors.java:539)
	at java.base/java.util.concurrent.FutureTask.runAndReset(FutureTask.java:305)
	at java.base/java.util.concurrent.ScheduledThreadPoolExecutor$ScheduledFutureTask.run(ScheduledThreadPoolExecutor.java:305)
	at java.base/java.util.concurrent.ThreadPoolExecutor.runWorker(ThreadPoolExecutor.java:1136)
	at java.base/java.util.concurrent.ThreadPoolExecutor$Worker.run(ThreadPoolExecutor.java:635)
	at java.base/java.lang.Thread.run(Thread.java:840)
Caused by: java.sql.SQLException: HikariDataSource HikariDataSource (AimingHikariCP) has been closed.
	at com.zaxxer.hikari.HikariDataSource.getConnection(HikariDataSource.java:96)
	at org.springframework.jdbc.datasource.DataSourceUtils.fetchConnection(DataSourceUtils.java:160)
	at org.springframework.jdbc.datasource.DataSourceUtils.doGetConnection(DataSourceUtils.java:118)
	at org.springframework.jdbc.datasource.DataSourceUtils.getConnection(DataSourceUtils.java:81)
	... 20 common frames omitted
2026-10-02 01:16:34.475 [pool-3-thread-3] [] WARN  c.c.g.r.c.t.c.AgentCronTaskExecutor - AgentCronTaskExecutor.onError: taskId=a2731d5d-92a0-4dcc-8651-8295b1cdc1f4, error=cognitive mental scan failed
2026-10-02 01:16:34.476 [pool-3-thread-3] [] WARN  c.c.g.r.c.t.s.TaskSchedulerServiceImpl - 定时任务提交失败 taskId=a2731d5d-92a0-4dcc-8651-8295b1cdc1f4 scheduleId=c75431f7-3451-4a76-af7c-6089a4e233ae: Task execution failed: cognitive mental scan failed
2026-10-02 01:26:34.467 [pool-3-thread-3] [] INFO  c.c.g.r.c.t.s.i.TaskManagementServiceImpl - 任务已提交: taskId=a2731d5d-92a0-4dcc-8651-8295b1cdc1f4, taskName=cognitive-mental-scan
2026-10-02 01:26:34.470 [pool-3-thread-3] [] INFO  c.c.g.r.c.t.s.i.TaskManagementServiceImpl - 任务已解析: taskId=a2731d5d-92a0-4dcc-8651-8295b1cdc1f4
2026-10-02 01:26:34.471 [pool-3-thread-3] [] ERROR c.c.g.e.c.s.mental.MentalScanTask - PMO-59 心智层补算任务执行失败: Failed to obtain JDBC Connection
org.springframework.jdbc.CannotGetJdbcConnectionException: Failed to obtain JDBC Connection
	at org.springframework.jdbc.datasource.DataSourceUtils.getConnection(DataSourceUtils.java:84)
	at org.springframework.jdbc.core.JdbcTemplate.execute(JdbcTemplate.java:653)
	at org.springframework.jdbc.core.JdbcTemplate.query(JdbcTemplate.java:723)
	at org.springframework.jdbc.core.JdbcTemplate.query(JdbcTemplate.java:754)
	at org.springframework.jdbc.core.JdbcTemplate.query(JdbcTemplate.java:767)
	at org.springframework.jdbc.core.JdbcTemplate.query(JdbcTemplate.java:820)
	at org.springframework.jdbc.core.JdbcTemplate.queryForList(JdbcTemplate.java:952)
	at com.chinacreator.gzcm.engine.cognitive2.service.EvidenceStore.list(EvidenceStore.java:120)
	at com.chinacreator.gzcm.engine.cognitive2.service.CognitiveEvidenceService.list(CognitiveEvidenceService.java:148)
	at com.chinacreator.gzcm.engine.cognitive2.service.mental.MentalScanTask.scanOnce(MentalScanTask.java:94)
	at com.chinacreator.gzcm.engine.cognitive2.service.mental.MentalScanTask$MentalScanTaskExecutor.execute(MentalScanTask.java:163)
	at com.chinacreator.gzcm.runtime.core.task.service.impl.TaskManagementServiceImpl.executeTask(TaskManagementServiceImpl.java:204)
	at com.chinacreator.gzcm.runtime.core.task.service.impl.TaskManagementServiceImpl.submitAndExecute(TaskManagementServiceImpl.java:343)
	at com.chinacreator.gzcm.runtime.core.task.scheduling.TaskSchedulerServiceImpl.executeTask(TaskSchedulerServiceImpl.java:322)
	at com.chinacreator.gzcm.runtime.core.task.scheduling.TaskSchedulerServiceImpl.lambda$schedulePeriodicTask$3(TaskSchedulerServiceImpl.java:231)
	at java.base/java.util.concurrent.Executors$RunnableAdapter.call(Executors.java:539)
	at java.base/java.util.concurrent.FutureTask.runAndReset(FutureTask.java:305)
	at java.base/java.util.concurrent.ScheduledThreadPoolExecutor$ScheduledFutureTask.run(ScheduledThreadPoolExecutor.java:305)
	at java.base/java.util.concurrent.ThreadPoolExecutor.runWorker(ThreadPoolExecutor.java:1136)
	at java.base/java.util.concurrent.ThreadPoolExecutor$Worker.run(ThreadPoolExecutor.java:635)
	at java.base/java.lang.Thread.run(Thread.java:840)
Caused by: java.sql.SQLException: HikariDataSource HikariDataSource (AimingHikariCP) has been closed.
	at com.zaxxer.hikari.HikariDataSource.getConnection(HikariDataSource.java:96)
	at org.springframework.jdbc.datasource.DataSourceUtils.fetchConnection(DataSourceUtils.java:160)
	at org.springframework.jdbc.datasource.DataSourceUtils.doGetConnection(DataSourceUtils.java:118)
	at org.springframework.jdbc.datasource.DataSourceUtils.getConnection(DataSourceUtils.java:81)
	... 20 common frames omitted
2026-10-02 01:26:34.472 [pool-3-thread-3] [] WARN  c.c.g.r.c.t.c.AgentCronTaskExecutor - AgentCronTaskExecutor.onError: taskId=a2731d5d-92a0-4dcc-8651-8295b1cdc1f4, error=cognitive mental scan failed
2026-10-02 01:26:34.474 [pool-3-thread-3] [] WARN  c.c.g.r.c.t.s.TaskSchedulerServiceImpl - 定时任务提交失败 taskId=a2731d5d-92a0-4dcc-8651-8295b1cdc1f4 scheduleId=c75431f7-3451-4a76-af7c-6089a4e233ae: Task execution failed: cognitive mental scan failed
2026-10-02 01:36:34.470 [pool-3-thread-3] [] INFO  c.c.g.r.c.t.s.i.TaskManagementServiceImpl - 任务已提交: taskId=a2731d5d-92a0-4dcc-8651-8295b1cdc1f4, taskName=cognitive-mental-scan
2026-10-02 01:36:34.472 [pool-3-thread-3] [] INFO  c.c.g.r.c.t.s.i.TaskManagementServiceImpl - 任务已解析: taskId=a2731d5d-92a0-4dcc-8651-8295b1cdc1f4
2026-10-02 01:36:34.474 [pool-3-thread-3] [] ERROR c.c.g.e.c.s.mental.MentalScanTask - PMO-59 心智层补算任务执行失败: Failed to obtain JDBC Connection
org.springframework.jdbc.CannotGetJdbcConnectionException: Failed to obtain JDBC Connection
	at org.springframework.jdbc.datasource.DataSourceUtils.getConnection(DataSourceUtils.java:84)
	at org.springframework.jdbc.core.JdbcTemplate.execute(JdbcTemplate.java:653)
	at org.springframework.jdbc.core.JdbcTemplate.query(JdbcTemplate.java:723)
	at org.springframework.jdbc.core.JdbcTemplate.query(JdbcTemplate.java:754)
	at org.springframework.jdbc.core.JdbcTemplate.query(JdbcTemplate.java:767)
	at org.springframework.jdbc.core.JdbcTemplate.query(JdbcTemplate.java:820)
	at org.springframework.jdbc.core.JdbcTemplate.queryForList(JdbcTemplate.java:952)
	at com.chinacreator.gzcm.engine.cognitive2.service.EvidenceStore.list(EvidenceStore.java:120)
	at com.chinacreator.gzcm.engine.cognitive2.service.CognitiveEvidenceService.list(CognitiveEvidenceService.java:148)
	at com.chinacreator.gzcm.engine.cognitive2.service.mental.MentalScanTask.scanOnce(MentalScanTask.java:94)
	at com.chinacreator.gzcm.engine.cognitive2.service.mental.MentalScanTask$MentalScanTaskExecutor.execute(MentalScanTask.java:163)
	at com.chinacreator.gzcm.runtime.core.task.service.impl.TaskManagementServiceImpl.executeTask(TaskManagementServiceImpl.java:204)
	at com.chinacreator.gzcm.runtime.core.task.service.impl.TaskManagementServiceImpl.submitAndExecute(TaskManagementServiceImpl.java:343)
	at com.chinacreator.gzcm.runtime.core.task.scheduling.TaskSchedulerServiceImpl.executeTask(TaskSchedulerServiceImpl.java:322)
	at com.chinacreator.gzcm.runtime.core.task.scheduling.TaskSchedulerServiceImpl.lambda$schedulePeriodicTask$3(TaskSchedulerServiceImpl.java:231)
	at java.base/java.util.concurrent.Executors$RunnableAdapter.call(Executors.java:539)
	at java.base/java.util.concurrent.FutureTask.runAndReset(FutureTask.java:305)
	at java.base/java.util.concurrent.ScheduledThreadPoolExecutor$ScheduledFutureTask.run(ScheduledThreadPoolExecutor.java:305)
	at java.base/java.util.concurrent.ThreadPoolExecutor.runWorker(ThreadPoolExecutor.java:1136)
	at java.base/java.util.concurrent.ThreadPoolExecutor$Worker.run(ThreadPoolExecutor.java:635)
	at java.base/java.lang.Thread.run(Thread.java:840)
Caused by: java.sql.SQLException: HikariDataSource HikariDataSource (AimingHikariCP) has been closed.
	at com.zaxxer.hikari.HikariDataSource.getConnection(HikariDataSource.java:96)
	at org.springframework.jdbc.datasource.DataSourceUtils.fetchConnection(DataSourceUtils.java:160)
	at org.springframework.jdbc.datasource.DataSourceUtils.doGetConnection(DataSourceUtils.java:118)
	at org.springframework.jdbc.datasource.DataSourceUtils.getConnection(DataSourceUtils.java:81)
	... 20 common frames omitted
2026-10-02 01:36:34.475 [pool-3-thread-3] [] WARN  c.c.g.r.c.t.c.AgentCronTaskExecutor - AgentCronTaskExecutor.onError: taskId=a2731d5d-92a0-4dcc-8651-8295b1cdc1f4, error=cognitive mental scan failed
2026-10-02 01:36:34.476 [pool-3-thread-3] [] WARN  c.c.g.r.c.t.s.TaskSchedulerServiceImpl - 定时任务提交失败 taskId=a2731d5d-92a0-4dcc-8651-8295b1cdc1f4 scheduleId=c75431f7-3451-4a76-af7c-6089a4e233ae: Task execution failed: cognitive mental scan failed
2026-10-02 01:46:34.470 [pool-3-thread-3] [] INFO  c.c.g.r.c.t.s.i.TaskManagementServiceImpl - 任务已提交: taskId=a2731d5d-92a0-4dcc-8651-8295b1cdc1f4, taskName=cognitive-mental-scan
2026-10-02 01:46:34.482 [pool-3-thread-3] [] INFO  c.c.g.r.c.t.s.i.TaskManagementServiceImpl - 任务已解析: taskId=a2731d5d-92a0-4dcc-8651-8295b1cdc1f4
2026-10-02 01:46:34.483 [pool-3-thread-3] [] ERROR c.c.g.e.c.s.mental.MentalScanTask - PMO-59 心智层补算任务执行失败: Failed to obtain JDBC Connection
org.springframework.jdbc.CannotGetJdbcConnectionException: Failed to obtain JDBC Connection
	at org.springframework.jdbc.datasource.DataSourceUtils.getConnection(DataSourceUtils.java:84)
	at org.springframework.jdbc.core.JdbcTemplate.execute(JdbcTemplate.java:653)
	at org.springframework.jdbc.core.JdbcTemplate.query(JdbcTemplate.java:723)
	at org.springframework.jdbc.core.JdbcTemplate.query(JdbcTemplate.java:754)
	at org.springframework.jdbc.core.JdbcTemplate.query(JdbcTemplate.java:767)
	at org.springframework.jdbc.core.JdbcTemplate.query(JdbcTemplate.java:820)
	at org.springframework.jdbc.core.JdbcTemplate.queryForList(JdbcTemplate.java:952)
	at com.chinacreator.gzcm.engine.cognitive2.service.EvidenceStore.list(EvidenceStore.java:120)
	at com.chinacreator.gzcm.engine.cognitive2.service.CognitiveEvidenceService.list(CognitiveEvidenceService.java:148)
	at com.chinacreator.gzcm.engine.cognitive2.service.mental.MentalScanTask.scanOnce(MentalScanTask.java:94)
	at com.chinacreator.gzcm.engine.cognitive2.service.mental.MentalScanTask$MentalScanTaskExecutor.execute(MentalScanTask.java:163)
	at com.chinacreator.gzcm.runtime.core.task.service.impl.TaskManagementServiceImpl.executeTask(TaskManagementServiceImpl.java:204)
	at com.chinacreator.gzcm.runtime.core.task.service.impl.TaskManagementServiceImpl.submitAndExecute(TaskManagementServiceImpl.java:343)
	at com.chinacreator.gzcm.runtime.core.task.scheduling.TaskSchedulerServiceImpl.executeTask(TaskSchedulerServiceImpl.java:322)
	at com.chinacreator.gzcm.runtime.core.task.scheduling.TaskSchedulerServiceImpl.lambda$schedulePeriodicTask$3(TaskSchedulerServiceImpl.java:231)
	at java.base/java.util.concurrent.Executors$RunnableAdapter.call(Executors.java:539)
	at java.base/java.util.concurrent.FutureTask.runAndReset(FutureTask.java:305)
	at java.base/java.util.concurrent.ScheduledThreadPoolExecutor$ScheduledFutureTask.run(ScheduledThreadPoolExecutor.java:305)
	at java.base/java.util.concurrent.ThreadPoolExecutor.runWorker(ThreadPoolExecutor.java:1136)
	at java.base/java.util.concurrent.ThreadPoolExecutor$Worker.run(ThreadPoolExecutor.java:635)
	at java.base/java.lang.Thread.run(Thread.java:840)
Caused by: java.sql.SQLException: HikariDataSource HikariDataSource (AimingHikariCP) has been closed.
	at com.zaxxer.hikari.HikariDataSource.getConnection(HikariDataSource.java:96)
	at org.springframework.jdbc.datasource.DataSourceUtils.fetchConnection(DataSourceUtils.java:160)
	at org.springframework.jdbc.datasource.DataSourceUtils.doGetConnection(DataSourceUtils.java:118)
	at org.springframework.jdbc.datasource.DataSourceUtils.getConnection(DataSourceUtils.java:81)
	... 20 common frames omitted
2026-10-02 01:46:34.484 [pool-3-thread-3] [] WARN  c.c.g.r.c.t.c.AgentCronTaskExecutor - AgentCronTaskExecutor.onError: taskId=a2731d5d-92a0-4dcc-8651-8295b1cdc1f4, error=cognitive mental scan failed
2026-10-02 01:46:34.485 [pool-3-thread-3] [] WARN  c.c.g.r.c.t.s.TaskSchedulerServiceImpl - 定时任务提交失败 taskId=a2731d5d-92a0-4dcc-8651-8295b1cdc1f4 scheduleId=c75431f7-3451-4a76-af7c-6089a4e233ae: Task execution failed: cognitive mental scan failed
2026-10-02 01:56:34.469 [pool-3-thread-3] [] INFO  c.c.g.r.c.t.s.i.TaskManagementServiceImpl - 任务已提交: taskId=a2731d5d-92a0-4dcc-8651-8295b1cdc1f4, taskName=cognitive-mental-scan
2026-10-02 01:56:34.479 [pool-3-thread-3] [] INFO  c.c.g.r.c.t.s.i.TaskManagementServiceImpl - 任务已解析: taskId=a2731d5d-92a0-4dcc-8651-8295b1cdc1f4
2026-10-02 01:56:34.480 [pool-3-thread-3] [] ERROR c.c.g.e.c.s.mental.MentalScanTask - PMO-59 心智层补算任务执行失败: Failed to obtain JDBC Connection
org.springframework.jdbc.CannotGetJdbcConnectionException: Failed to obtain JDBC Connection
	at org.springframework.jdbc.datasource.DataSourceUtils.getConnection(DataSourceUtils.java:84)
	at org.springframework.jdbc.core.JdbcTemplate.execute(JdbcTemplate.java:653)
	at org.springframework.jdbc.core.JdbcTemplate.query(JdbcTemplate.java:723)
	at org.springframework.jdbc.core.JdbcTemplate.query(JdbcTemplate.java:754)
	at org.springframework.jdbc.core.JdbcTemplate.query(JdbcTemplate.java:767)
	at org.springframework.jdbc.core.JdbcTemplate.query(JdbcTemplate.java:820)
	at org.springframework.jdbc.core.JdbcTemplate.queryForList(JdbcTemplate.java:952)
	at com.chinacreator.gzcm.engine.cognitive2.service.EvidenceStore.list(EvidenceStore.java:120)
	at com.chinacreator.gzcm.engine.cognitive2.service.CognitiveEvidenceService.list(CognitiveEvidenceService.java:148)
	at com.chinacreator.gzcm.engine.cognitive2.service.mental.MentalScanTask.scanOnce(MentalScanTask.java:94)
	at com.chinacreator.gzcm.engine.cognitive2.service.mental.MentalScanTask$MentalScanTaskExecutor.execute(MentalScanTask.java:163)
	at com.chinacreator.gzcm.runtime.core.task.service.impl.TaskManagementServiceImpl.executeTask(TaskManagementServiceImpl.java:204)
	at com.chinacreator.gzcm.runtime.core.task.service.impl.TaskManagementServiceImpl.submitAndExecute(TaskManagementServiceImpl.java:343)
	at com.chinacreator.gzcm.runtime.core.task.scheduling.TaskSchedulerServiceImpl.executeTask(TaskSchedulerServiceImpl.java:322)
	at com.chinacreator.gzcm.runtime.core.task.scheduling.TaskSchedulerServiceImpl.lambda$schedulePeriodicTask$3(TaskSchedulerServiceImpl.java:231)
	at java.base/java.util.concurrent.Executors$RunnableAdapter.call(Executors.java:539)
	at java.base/java.util.concurrent.FutureTask.runAndReset(FutureTask.java:305)
	at java.base/java.util.concurrent.ScheduledThreadPoolExecutor$ScheduledFutureTask.run(ScheduledThreadPoolExecutor.java:305)
	at java.base/java.util.concurrent.ThreadPoolExecutor.runWorker(ThreadPoolExecutor.java:1136)
	at java.base/java.util.concurrent.ThreadPoolExecutor$Worker.run(ThreadPoolExecutor.java:635)
	at java.base/java.lang.Thread.run(Thread.java:840)
Caused by: java.sql.SQLException: HikariDataSource HikariDataSource (AimingHikariCP) has been closed.
	at com.zaxxer.hikari.HikariDataSource.getConnection(HikariDataSource.java:96)
	at org.springframework.jdbc.datasource.DataSourceUtils.fetchConnection(DataSourceUtils.java:160)
	at org.springframework.jdbc.datasource.DataSourceUtils.doGetConnection(DataSourceUtils.java:118)
	at org.springframework.jdbc.datasource.DataSourceUtils.getConnection(DataSourceUtils.java:81)
	... 20 common frames omitted
2026-10-02 01:56:34.481 [pool-3-thread-3] [] WARN  c.c.g.r.c.t.c.AgentCronTaskExecutor - AgentCronTaskExecutor.onError: taskId=a2731d5d-92a0-4dcc-8651-8295b1cdc1f4, error=cognitive mental scan failed
2026-10-02 01:56:34.481 [pool-3-thread-3] [] WARN  c.c.g.r.c.t.s.TaskSchedulerServiceImpl - 定时任务提交失败 taskId=a2731d5d-92a0-4dcc-8651-8295b1cdc1f4 scheduleId=c75431f7-3451-4a76-af7c-6089a4e233ae: Task execution failed: cognitive mental scan failed
2026-10-02 02:06:34.462 [pool-3-thread-3] [] INFO  c.c.g.r.c.t.s.i.TaskManagementServiceImpl - 任务已提交: taskId=a2731d5d-92a0-4dcc-8651-8295b1cdc1f4, taskName=cognitive-mental-scan
2026-10-02 02:06:34.473 [pool-3-thread-3] [] INFO  c.c.g.r.c.t.s.i.TaskManagementServiceImpl - 任务已解析: taskId=a2731d5d-92a0-4dcc-8651-8295b1cdc1f4
2026-10-02 02:06:34.474 [pool-3-thread-3] [] ERROR c.c.g.e.c.s.mental.MentalScanTask - PMO-59 心智层补算任务执行失败: Failed to obtain JDBC Connection
org.springframework.jdbc.CannotGetJdbcConnectionException: Failed to obtain JDBC Connection
	at org.springframework.jdbc.datasource.DataSourceUtils.getConnection(DataSourceUtils.java:84)
	at org.springframework.jdbc.core.JdbcTemplate.execute(JdbcTemplate.java:653)
	at org.springframework.jdbc.core.JdbcTemplate.query(JdbcTemplate.java:723)
	at org.springframework.jdbc.core.JdbcTemplate.query(JdbcTemplate.java:754)
	at org.springframework.jdbc.core.JdbcTemplate.query(JdbcTemplate.java:767)
	at org.springframework.jdbc.core.JdbcTemplate.query(JdbcTemplate.java:820)
	at org.springframework.jdbc.core.JdbcTemplate.queryForList(JdbcTemplate.java:952)
	at com.chinacreator.gzcm.engine.cognitive2.service.EvidenceStore.list(EvidenceStore.java:120)
	at com.chinacreator.gzcm.engine.cognitive2.service.CognitiveEvidenceService.list(CognitiveEvidenceService.java:148)
	at com.chinacreator.gzcm.engine.cognitive2.service.mental.MentalScanTask.scanOnce(MentalScanTask.java:94)
	at com.chinacreator.gzcm.engine.cognitive2.service.mental.MentalScanTask$MentalScanTaskExecutor.execute(MentalScanTask.java:163)
	at com.chinacreator.gzcm.runtime.core.task.service.impl.TaskManagementServiceImpl.executeTask(TaskManagementServiceImpl.java:204)
	at com.chinacreator.gzcm.runtime.core.task.service.impl.TaskManagementServiceImpl.submitAndExecute(TaskManagementServiceImpl.java:343)
	at com.chinacreator.gzcm.runtime.core.task.scheduling.TaskSchedulerServiceImpl.executeTask(TaskSchedulerServiceImpl.java:322)
	at com.chinacreator.gzcm.runtime.core.task.scheduling.TaskSchedulerServiceImpl.lambda$schedulePeriodicTask$3(TaskSchedulerServiceImpl.java:231)
	at java.base/java.util.concurrent.Executors$RunnableAdapter.call(Executors.java:539)
	at java.base/java.util.concurrent.FutureTask.runAndReset(FutureTask.java:305)
	at java.base/java.util.concurrent.ScheduledThreadPoolExecutor$ScheduledFutureTask.run(ScheduledThreadPoolExecutor.java:305)
	at java.base/java.util.concurrent.ThreadPoolExecutor.runWorker(ThreadPoolExecutor.java:1136)
	at java.base/java.util.concurrent.ThreadPoolExecutor$Worker.run(ThreadPoolExecutor.java:635)
	at java.base/java.lang.Thread.run(Thread.java:840)
Caused by: java.sql.SQLException: HikariDataSource HikariDataSource (AimingHikariCP) has been closed.
	at com.zaxxer.hikari.HikariDataSource.getConnection(HikariDataSource.java:96)
	at org.springframework.jdbc.datasource.DataSourceUtils.fetchConnection(DataSourceUtils.java:160)
	at org.springframework.jdbc.datasource.DataSourceUtils.doGetConnection(DataSourceUtils.java:118)
	at org.springframework.jdbc.datasource.DataSourceUtils.getConnection(DataSourceUtils.java:81)
	... 20 common frames omitted
2026-10-02 02:06:34.482 [pool-3-thread-3] [] WARN  c.c.g.r.c.t.c.AgentCronTaskExecutor - AgentCronTaskExecutor.onError: taskId=a2731d5d-92a0-4dcc-8651-8295b1cdc1f4, error=cognitive mental scan failed
2026-10-02 02:06:34.484 [pool-3-thread-3] [] WARN  c.c.g.r.c.t.s.TaskSchedulerServiceImpl - 定时任务提交失败 taskId=a2731d5d-92a0-4dcc-8651-8295b1cdc1f4 scheduleId=c75431f7-3451-4a76-af7c-6089a4e233ae: Task execution failed: cognitive mental scan failed
2026-10-02 02:16:34.467 [pool-3-thread-3] [] INFO  c.c.g.r.c.t.s.i.TaskManagementServiceImpl - 任务已提交: taskId=a2731d5d-92a0-4dcc-8651-8295b1cdc1f4, taskName=cognitive-mental-scan
2026-10-02 02:16:34.477 [pool-3-thread-3] [] INFO  c.c.g.r.c.t.s.i.TaskManagementServiceImpl - 任务已解析: taskId=a2731d5d-92a0-4dcc-8651-8295b1cdc1f4
2026-10-02 02:16:34.478 [pool-3-thread-3] [] ERROR c.c.g.e.c.s.mental.MentalScanTask - PMO-59 心智层补算任务执行失败: Failed to obtain JDBC Connection
org.springframework.jdbc.CannotGetJdbcConnectionException: Failed to obtain JDBC Connection
	at org.springframework.jdbc.datasource.DataSourceUtils.getConnection(DataSourceUtils.java:84)
	at org.springframework.jdbc.core.JdbcTemplate.execute(JdbcTemplate.java:653)
	at org.springframework.jdbc.core.JdbcTemplate.query(JdbcTemplate.java:723)
	at org.springframework.jdbc.core.JdbcTemplate.query(JdbcTemplate.java:754)
	at org.springframework.jdbc.core.JdbcTemplate.query(JdbcTemplate.java:767)
	at org.springframework.jdbc.core.JdbcTemplate.query(JdbcTemplate.java:820)
	at org.springframework.jdbc.core.JdbcTemplate.queryForList(JdbcTemplate.java:952)
	at com.chinacreator.gzcm.engine.cognitive2.service.EvidenceStore.list(EvidenceStore.java:120)
	at com.chinacreator.gzcm.engine.cognitive2.service.CognitiveEvidenceService.list(CognitiveEvidenceService.java:148)
	at com.chinacreator.gzcm.engine.cognitive2.service.mental.MentalScanTask.scanOnce(MentalScanTask.java:94)
	at com.chinacreator.gzcm.engine.cognitive2.service.mental.MentalScanTask$MentalScanTaskExecutor.execute(MentalScanTask.java:163)
	at com.chinacreator.gzcm.runtime.core.task.service.impl.TaskManagementServiceImpl.executeTask(TaskManagementServiceImpl.java:204)
	at com.chinacreator.gzcm.runtime.core.task.service.impl.TaskManagementServiceImpl.submitAndExecute(TaskManagementServiceImpl.java:343)
	at com.chinacreator.gzcm.runtime.core.task.scheduling.TaskSchedulerServiceImpl.executeTask(TaskSchedulerServiceImpl.java:322)
	at com.chinacreator.gzcm.runtime.core.task.scheduling.TaskSchedulerServiceImpl.lambda$schedulePeriodicTask$3(TaskSchedulerServiceImpl.java:231)
	at java.base/java.util.concurrent.Executors$RunnableAdapter.call(Executors.java:539)
	at java.base/java.util.concurrent.FutureTask.runAndReset(FutureTask.java:305)
	at java.base/java.util.concurrent.ScheduledThreadPoolExecutor$ScheduledFutureTask.run(ScheduledThreadPoolExecutor.java:305)
	at java.base/java.util.concurrent.ThreadPoolExecutor.runWorker(ThreadPoolExecutor.java:1136)
	at java.base/java.util.concurrent.ThreadPoolExecutor$Worker.run(ThreadPoolExecutor.java:635)
	at java.base/java.lang.Thread.run(Thread.java:840)
Caused by: java.sql.SQLException: HikariDataSource HikariDataSource (AimingHikariCP) has been closed.
	at com.zaxxer.hikari.HikariDataSource.getConnection(HikariDataSource.java:96)
	at org.springframework.jdbc.datasource.DataSourceUtils.fetchConnection(DataSourceUtils.java:160)
	at org.springframework.jdbc.datasource.DataSourceUtils.doGetConnection(DataSourceUtils.java:118)
	at org.springframework.jdbc.datasource.DataSourceUtils.getConnection(DataSourceUtils.java:81)
	... 20 common frames omitted
2026-10-02 02:16:34.478 [pool-3-thread-3] [] WARN  c.c.g.r.c.t.c.AgentCronTaskExecutor - AgentCronTaskExecutor.onError: taskId=a2731d5d-92a0-4dcc-8651-8295b1cdc1f4, error=cognitive mental scan failed
2026-10-02 02:16:34.479 [pool-3-thread-3] [] WARN  c.c.g.r.c.t.s.TaskSchedulerServiceImpl - 定时任务提交失败 taskId=a2731d5d-92a0-4dcc-8651-8295b1cdc1f4 scheduleId=c75431f7-3451-4a76-af7c-6089a4e233ae: Task execution failed: cognitive mental scan failed
2026-10-02 02:26:34.471 [pool-3-thread-3] [] INFO  c.c.g.r.c.t.s.i.TaskManagementServiceImpl - 任务已提交: taskId=a2731d5d-92a0-4dcc-8651-8295b1cdc1f4, taskName=cognitive-mental-scan
2026-10-02 02:26:34.483 [pool-3-thread-3] [] INFO  c.c.g.r.c.t.s.i.TaskManagementServiceImpl - 任务已解析: taskId=a2731d5d-92a0-4dcc-8651-8295b1cdc1f4
2026-10-02 02:26:34.484 [pool-3-thread-3] [] ERROR c.c.g.e.c.s.mental.MentalScanTask - PMO-59 心智层补算任务执行失败: Failed to obtain JDBC Connection
org.springframework.jdbc.CannotGetJdbcConnectionException: Failed to obtain JDBC Connection
	at org.springframework.jdbc.datasource.DataSourceUtils.getConnection(DataSourceUtils.java:84)
	at org.springframework.jdbc.core.JdbcTemplate.execute(JdbcTemplate.java:653)
	at org.springframework.jdbc.core.JdbcTemplate.query(JdbcTemplate.java:723)
	at org.springframework.jdbc.core.JdbcTemplate.query(JdbcTemplate.java:754)
	at org.springframework.jdbc.core.JdbcTemplate.query(JdbcTemplate.java:767)
	at org.springframework.jdbc.core.JdbcTemplate.query(JdbcTemplate.java:820)
	at org.springframework.jdbc.core.JdbcTemplate.queryForList(JdbcTemplate.java:952)
	at com.chinacreator.gzcm.engine.cognitive2.service.EvidenceStore.list(EvidenceStore.java:120)
	at com.chinacreator.gzcm.engine.cognitive2.service.CognitiveEvidenceService.list(CognitiveEvidenceService.java:148)
	at com.chinacreator.gzcm.engine.cognitive2.service.mental.MentalScanTask.scanOnce(MentalScanTask.java:94)
	at com.chinacreator.gzcm.engine.cognitive2.service.mental.MentalScanTask$MentalScanTaskExecutor.execute(MentalScanTask.java:163)
	at com.chinacreator.gzcm.runtime.core.task.service.impl.TaskManagementServiceImpl.executeTask(TaskManagementServiceImpl.java:204)
	at com.chinacreator.gzcm.runtime.core.task.service.impl.TaskManagementServiceImpl.submitAndExecute(TaskManagementServiceImpl.java:343)
	at com.chinacreator.gzcm.runtime.core.task.scheduling.TaskSchedulerServiceImpl.executeTask(TaskSchedulerServiceImpl.java:322)
	at com.chinacreator.gzcm.runtime.core.task.scheduling.TaskSchedulerServiceImpl.lambda$schedulePeriodicTask$3(TaskSchedulerServiceImpl.java:231)
	at java.base/java.util.concurrent.Executors$RunnableAdapter.call(Executors.java:539)
	at java.base/java.util.concurrent.FutureTask.runAndReset(FutureTask.java:305)
	at java.base/java.util.concurrent.ScheduledThreadPoolExecutor$ScheduledFutureTask.run(ScheduledThreadPoolExecutor.java:305)
	at java.base/java.util.concurrent.ThreadPoolExecutor.runWorker(ThreadPoolExecutor.java:1136)
	at java.base/java.util.concurrent.ThreadPoolExecutor$Worker.run(ThreadPoolExecutor.java:635)
	at java.base/java.lang.Thread.run(Thread.java:840)
Caused by: java.sql.SQLException: HikariDataSource HikariDataSource (AimingHikariCP) has been closed.
	at com.zaxxer.hikari.HikariDataSource.getConnection(HikariDataSource.java:96)
	at org.springframework.jdbc.datasource.DataSourceUtils.fetchConnection(DataSourceUtils.java:160)
	at org.springframework.jdbc.datasource.DataSourceUtils.doGetConnection(DataSourceUtils.java:118)
	at org.springframework.jdbc.datasource.DataSourceUtils.getConnection(DataSourceUtils.java:81)
	... 20 common frames omitted
2026-10-02 02:26:34.486 [pool-3-thread-3] [] WARN  c.c.g.r.c.t.c.AgentCronTaskExecutor - AgentCronTaskExecutor.onError: taskId=a2731d5d-92a0-4dcc-8651-8295b1cdc1f4, error=cognitive mental scan failed
2026-10-02 02:26:34.488 [pool-3-thread-3] [] WARN  c.c.g.r.c.t.s.TaskSchedulerServiceImpl - 定时任务提交失败 taskId=a2731d5d-92a0-4dcc-8651-8295b1cdc1f4 scheduleId=c75431f7-3451-4a76-af7c-6089a4e233ae: Task execution failed: cognitive mental scan failed
2026-10-02 02:36:34.470 [pool-3-thread-3] [] INFO  c.c.g.r.c.t.s.i.TaskManagementServiceImpl - 任务已提交: taskId=a2731d5d-92a0-4dcc-8651-8295b1cdc1f4, taskName=cognitive-mental-scan
2026-10-02 02:36:34.481 [pool-3-thread-3] [] INFO  c.c.g.r.c.t.s.i.TaskManagementServiceImpl - 任务已解析: taskId=a2731d5d-92a0-4dcc-8651-8295b1cdc1f4
2026-10-02 02:36:34.483 [pool-3-thread-3] [] ERROR c.c.g.e.c.s.mental.MentalScanTask - PMO-59 心智层补算任务执行失败: Failed to obtain JDBC Connection
org.springframework.jdbc.CannotGetJdbcConnectionException: Failed to obtain JDBC Connection
	at org.springframework.jdbc.datasource.DataSourceUtils.getConnection(DataSourceUtils.java:84)
	at org.springframework.jdbc.core.JdbcTemplate.execute(JdbcTemplate.java:653)
	at org.springframework.jdbc.core.JdbcTemplate.query(JdbcTemplate.java:723)
	at org.springframework.jdbc.core.JdbcTemplate.query(JdbcTemplate.java:754)
	at org.springframework.jdbc.core.JdbcTemplate.query(JdbcTemplate.java:767)
	at org.springframework.jdbc.core.JdbcTemplate.query(JdbcTemplate.java:820)
	at org.springframework.jdbc.core.JdbcTemplate.queryForList(JdbcTemplate.java:952)
	at com.chinacreator.gzcm.engine.cognitive2.service.EvidenceStore.list(EvidenceStore.java:120)
	at com.chinacreator.gzcm.engine.cognitive2.service.CognitiveEvidenceService.list(CognitiveEvidenceService.java:148)
	at com.chinacreator.gzcm.engine.cognitive2.service.mental.MentalScanTask.scanOnce(MentalScanTask.java:94)
	at com.chinacreator.gzcm.engine.cognitive2.service.mental.MentalScanTask$MentalScanTaskExecutor.execute(MentalScanTask.java:163)
	at com.chinacreator.gzcm.runtime.core.task.service.impl.TaskManagementServiceImpl.executeTask(TaskManagementServiceImpl.java:204)
	at com.chinacreator.gzcm.runtime.core.task.service.impl.TaskManagementServiceImpl.submitAndExecute(TaskManagementServiceImpl.java:343)
	at com.chinacreator.gzcm.runtime.core.task.scheduling.TaskSchedulerServiceImpl.executeTask(TaskSchedulerServiceImpl.java:322)
	at com.chinacreator.gzcm.runtime.core.task.scheduling.TaskSchedulerServiceImpl.lambda$schedulePeriodicTask$3(TaskSchedulerServiceImpl.java:231)
	at java.base/java.util.concurrent.Executors$RunnableAdapter.call(Executors.java:539)
	at java.base/java.util.concurrent.FutureTask.runAndReset(FutureTask.java:305)
	at java.base/java.util.concurrent.ScheduledThreadPoolExecutor$ScheduledFutureTask.run(ScheduledThreadPoolExecutor.java:305)
	at java.base/java.util.concurrent.ThreadPoolExecutor.runWorker(ThreadPoolExecutor.java:1136)
	at java.base/java.util.concurrent.ThreadPoolExecutor$Worker.run(ThreadPoolExecutor.java:635)
	at java.base/java.lang.Thread.run(Thread.java:840)
Caused by: java.sql.SQLException: HikariDataSource HikariDataSource (AimingHikariCP) has been closed.
	at com.zaxxer.hikari.HikariDataSource.getConnection(HikariDataSource.java:96)
	at org.springframework.jdbc.datasource.DataSourceUtils.fetchConnection(DataSourceUtils.java:160)
	at org.springframework.jdbc.datasource.DataSourceUtils.doGetConnection(DataSourceUtils.java:118)
	at org.springframework.jdbc.datasource.DataSourceUtils.getConnection(DataSourceUtils.java:81)
	... 20 common frames omitted
2026-10-02 02:36:34.484 [pool-3-thread-3] [] WARN  c.c.g.r.c.t.c.AgentCronTaskExecutor - AgentCronTaskExecutor.onError: taskId=a2731d5d-92a0-4dcc-8651-8295b1cdc1f4, error=cognitive mental scan failed
2026-10-02 02:36:34.485 [pool-3-thread-3] [] WARN  c.c.g.r.c.t.s.TaskSchedulerServiceImpl - 定时任务提交失败 taskId=a2731d5d-92a0-4dcc-8651-8295b1cdc1f4 scheduleId=c75431f7-3451-4a76-af7c-6089a4e233ae: Task execution failed: cognitive mental scan failed
2026-10-02 02:46:34.463 [pool-3-thread-3] [] INFO  c.c.g.r.c.t.s.i.TaskManagementServiceImpl - 任务已提交: taskId=a2731d5d-92a0-4dcc-8651-8295b1cdc1f4, taskName=cognitive-mental-scan
2026-10-02 02:46:34.464 [pool-3-thread-3] [] INFO  c.c.g.r.c.t.s.i.TaskManagementServiceImpl - 任务已解析: taskId=a2731d5d-92a0-4dcc-8651-8295b1cdc1f4
2026-10-02 02:46:34.466 [pool-3-thread-3] [] ERROR c.c.g.e.c.s.mental.MentalScanTask - PMO-59 心智层补算任务执行失败: Failed to obtain JDBC Connection
org.springframework.jdbc.CannotGetJdbcConnectionException: Failed to obtain JDBC Connection
	at org.springframework.jdbc.datasource.DataSourceUtils.getConnection(DataSourceUtils.java:84)
	at org.springframework.jdbc.core.JdbcTemplate.execute(JdbcTemplate.java:653)
	at org.springframework.jdbc.core.JdbcTemplate.query(JdbcTemplate.java:723)
	at org.springframework.jdbc.core.JdbcTemplate.query(JdbcTemplate.java:754)
	at org.springframework.jdbc.core.JdbcTemplate.query(JdbcTemplate.java:767)
	at org.springframework.jdbc.core.JdbcTemplate.query(JdbcTemplate.java:820)
	at org.springframework.jdbc.core.JdbcTemplate.queryForList(JdbcTemplate.java:952)
	at com.chinacreator.gzcm.engine.cognitive2.service.EvidenceStore.list(EvidenceStore.java:120)
	at com.chinacreator.gzcm.engine.cognitive2.service.CognitiveEvidenceService.list(CognitiveEvidenceService.java:148)
	at com.chinacreator.gzcm.engine.cognitive2.service.mental.MentalScanTask.scanOnce(MentalScanTask.java:94)
	at com.chinacreator.gzcm.engine.cognitive2.service.mental.MentalScanTask$MentalScanTaskExecutor.execute(MentalScanTask.java:163)
	at com.chinacreator.gzcm.runtime.core.task.service.impl.TaskManagementServiceImpl.executeTask(TaskManagementServiceImpl.java:204)
	at com.chinacreator.gzcm.runtime.core.task.service.impl.TaskManagementServiceImpl.submitAndExecute(TaskManagementServiceImpl.java:343)
	at com.chinacreator.gzcm.runtime.core.task.scheduling.TaskSchedulerServiceImpl.executeTask(TaskSchedulerServiceImpl.java:322)
	at com.chinacreator.gzcm.runtime.core.task.scheduling.TaskSchedulerServiceImpl.lambda$schedulePeriodicTask$3(TaskSchedulerServiceImpl.java:231)
	at java.base/java.util.concurrent.Executors$RunnableAdapter.call(Executors.java:539)
	at java.base/java.util.concurrent.FutureTask.runAndReset(FutureTask.java:305)
	at java.base/java.util.concurrent.ScheduledThreadPoolExecutor$ScheduledFutureTask.run(ScheduledThreadPoolExecutor.java:305)
	at java.base/java.util.concurrent.ThreadPoolExecutor.runWorker(ThreadPoolExecutor.java:1136)
	at java.base/java.util.concurrent.ThreadPoolExecutor$Worker.run(ThreadPoolExecutor.java:635)
	at java.base/java.lang.Thread.run(Thread.java:840)
Caused by: java.sql.SQLException: HikariDataSource HikariDataSource (AimingHikariCP) has been closed.
	at com.zaxxer.hikari.HikariDataSource.getConnection(HikariDataSource.java:96)
	at org.springframework.jdbc.datasource.DataSourceUtils.fetchConnection(DataSourceUtils.java:160)
	at org.springframework.jdbc.datasource.DataSourceUtils.doGetConnection(DataSourceUtils.java:118)
	at org.springframework.jdbc.datasource.DataSourceUtils.getConnection(DataSourceUtils.java:81)
	... 20 common frames omitted
2026-10-02 02:46:34.468 [pool-3-thread-3] [] WARN  c.c.g.r.c.t.c.AgentCronTaskExecutor - AgentCronTaskExecutor.onError: taskId=a2731d5d-92a0-4dcc-8651-8295b1cdc1f4, error=cognitive mental scan failed
2026-10-02 02:46:34.469 [pool-3-thread-3] [] WARN  c.c.g.r.c.t.s.TaskSchedulerServiceImpl - 定时任务提交失败 taskId=a2731d5d-92a0-4dcc-8651-8295b1cdc1f4 scheduleId=c75431f7-3451-4a76-af7c-6089a4e233ae: Task execution failed: cognitive mental scan failed
2026-10-02 02:56:34.465 [pool-3-thread-3] [] INFO  c.c.g.r.c.t.s.i.TaskManagementServiceImpl - 任务已提交: taskId=a2731d5d-92a0-4dcc-8651-8295b1cdc1f4, taskName=cognitive-mental-scan
2026-10-02 02:56:34.466 [pool-3-thread-3] [] INFO  c.c.g.r.c.t.s.i.TaskManagementServiceImpl - 任务已解析: taskId=a2731d5d-92a0-4dcc-8651-8295b1cdc1f4
2026-10-02 02:56:34.467 [pool-3-thread-3] [] ERROR c.c.g.e.c.s.mental.MentalScanTask - PMO-59 心智层补算任务执行失败: Failed to obtain JDBC Connection
org.springframework.jdbc.CannotGetJdbcConnectionException: Failed to obtain JDBC Connection
	at org.springframework.jdbc.datasource.DataSourceUtils.getConnection(DataSourceUtils.java:84)
	at org.springframework.jdbc.core.JdbcTemplate.execute(JdbcTemplate.java:653)
	at org.springframework.jdbc.core.JdbcTemplate.query(JdbcTemplate.java:723)
	at org.springframework.jdbc.core.JdbcTemplate.query(JdbcTemplate.java:754)
	at org.springframework.jdbc.core.JdbcTemplate.query(JdbcTemplate.java:767)
	at org.springframework.jdbc.core.JdbcTemplate.query(JdbcTemplate.java:820)
	at org.springframework.jdbc.core.JdbcTemplate.queryForList(JdbcTemplate.java:952)
	at com.chinacreator.gzcm.engine.cognitive2.service.EvidenceStore.list(EvidenceStore.java:120)
	at com.chinacreator.gzcm.engine.cognitive2.service.CognitiveEvidenceService.list(CognitiveEvidenceService.java:148)
	at com.chinacreator.gzcm.engine.cognitive2.service.mental.MentalScanTask.scanOnce(MentalScanTask.java:94)
	at com.chinacreator.gzcm.engine.cognitive2.service.mental.MentalScanTask$MentalScanTaskExecutor.execute(MentalScanTask.java:163)
	at com.chinacreator.gzcm.runtime.core.task.service.impl.TaskManagementServiceImpl.executeTask(TaskManagementServiceImpl.java:204)
	at com.chinacreator.gzcm.runtime.core.task.service.impl.TaskManagementServiceImpl.submitAndExecute(TaskManagementServiceImpl.java:343)
	at com.chinacreator.gzcm.runtime.core.task.scheduling.TaskSchedulerServiceImpl.executeTask(TaskSchedulerServiceImpl.java:322)
	at com.chinacreator.gzcm.runtime.core.task.scheduling.TaskSchedulerServiceImpl.lambda$schedulePeriodicTask$3(TaskSchedulerServiceImpl.java:231)
	at java.base/java.util.concurrent.Executors$RunnableAdapter.call(Executors.java:539)
	at java.base/java.util.concurrent.FutureTask.runAndReset(FutureTask.java:305)
	at java.base/java.util.concurrent.ScheduledThreadPoolExecutor$ScheduledFutureTask.run(ScheduledThreadPoolExecutor.java:305)
	at java.base/java.util.concurrent.ThreadPoolExecutor.runWorker(ThreadPoolExecutor.java:1136)
	at java.base/java.util.concurrent.ThreadPoolExecutor$Worker.run(ThreadPoolExecutor.java:635)
	at java.base/java.lang.Thread.run(Thread.java:840)
Caused by: java.sql.SQLException: HikariDataSource HikariDataSource (AimingHikariCP) has been closed.
	at com.zaxxer.hikari.HikariDataSource.getConnection(HikariDataSource.java:96)
	at org.springframework.jdbc.datasource.DataSourceUtils.fetchConnection(DataSourceUtils.java:160)
	at org.springframework.jdbc.datasource.DataSourceUtils.doGetConnection(DataSourceUtils.java:118)
	at org.springframework.jdbc.datasource.DataSourceUtils.getConnection(DataSourceUtils.java:81)
	... 20 common frames omitted
2026-10-02 02:56:34.469 [pool-3-thread-3] [] WARN  c.c.g.r.c.t.c.AgentCronTaskExecutor - AgentCronTaskExecutor.onError: taskId=a2731d5d-92a0-4dcc-8651-8295b1cdc1f4, error=cognitive mental scan failed
2026-10-02 02:56:34.469 [pool-3-thread-3] [] WARN  c.c.g.r.c.t.s.TaskSchedulerServiceImpl - 定时任务提交失败 taskId=a2731d5d-92a0-4dcc-8651-8295b1cdc1f4 scheduleId=c75431f7-3451-4a76-af7c-6089a4e233ae: Task execution failed: cognitive mental scan failed
2026-10-02 03:06:34.471 [pool-3-thread-3] [] INFO  c.c.g.r.c.t.s.i.TaskManagementServiceImpl - 任务已提交: taskId=a2731d5d-92a0-4dcc-8651-8295b1cdc1f4, taskName=cognitive-mental-scan
2026-10-02 03:06:34.481 [pool-3-thread-3] [] INFO  c.c.g.r.c.t.s.i.TaskManagementServiceImpl - 任务已解析: taskId=a2731d5d-92a0-4dcc-8651-8295b1cdc1f4
2026-10-02 03:06:34.482 [pool-3-thread-3] [] ERROR c.c.g.e.c.s.mental.MentalScanTask - PMO-59 心智层补算任务执行失败: Failed to obtain JDBC Connection
org.springframework.jdbc.CannotGetJdbcConnectionException: Failed to obtain JDBC Connection
	at org.springframework.jdbc.datasource.DataSourceUtils.getConnection(DataSourceUtils.java:84)
	at org.springframework.jdbc.core.JdbcTemplate.execute(JdbcTemplate.java:653)
	at org.springframework.jdbc.core.JdbcTemplate.query(JdbcTemplate.java:723)
	at org.springframework.jdbc.core.JdbcTemplate.query(JdbcTemplate.java:754)
	at org.springframework.jdbc.core.JdbcTemplate.query(JdbcTemplate.java:767)
	at org.springframework.jdbc.core.JdbcTemplate.query(JdbcTemplate.java:820)
	at org.springframework.jdbc.core.JdbcTemplate.queryForList(JdbcTemplate.java:952)
	at com.chinacreator.gzcm.engine.cognitive2.service.EvidenceStore.list(EvidenceStore.java:120)
	at com.chinacreator.gzcm.engine.cognitive2.service.CognitiveEvidenceService.list(CognitiveEvidenceService.java:148)
	at com.chinacreator.gzcm.engine.cognitive2.service.mental.MentalScanTask.scanOnce(MentalScanTask.java:94)
	at com.chinacreator.gzcm.engine.cognitive2.service.mental.MentalScanTask$MentalScanTaskExecutor.execute(MentalScanTask.java:163)
	at com.chinacreator.gzcm.runtime.core.task.service.impl.TaskManagementServiceImpl.executeTask(TaskManagementServiceImpl.java:204)
	at com.chinacreator.gzcm.runtime.core.task.service.impl.TaskManagementServiceImpl.submitAndExecute(TaskManagementServiceImpl.java:343)
	at com.chinacreator.gzcm.runtime.core.task.scheduling.TaskSchedulerServiceImpl.executeTask(TaskSchedulerServiceImpl.java:322)
	at com.chinacreator.gzcm.runtime.core.task.scheduling.TaskSchedulerServiceImpl.lambda$schedulePeriodicTask$3(TaskSchedulerServiceImpl.java:231)
	at java.base/java.util.concurrent.Executors$RunnableAdapter.call(Executors.java:539)
	at java.base/java.util.concurrent.FutureTask.runAndReset(FutureTask.java:305)
	at java.base/java.util.concurrent.ScheduledThreadPoolExecutor$ScheduledFutureTask.run(ScheduledThreadPoolExecutor.java:305)
	at java.base/java.util.concurrent.ThreadPoolExecutor.runWorker(ThreadPoolExecutor.java:1136)
	at java.base/java.util.concurrent.ThreadPoolExecutor$Worker.run(ThreadPoolExecutor.java:635)
	at java.base/java.lang.Thread.run(Thread.java:840)
Caused by: java.sql.SQLException: HikariDataSource HikariDataSource (AimingHikariCP) has been closed.
	at com.zaxxer.hikari.HikariDataSource.getConnection(HikariDataSource.java:96)
	at org.springframework.jdbc.datasource.DataSourceUtils.fetchConnection(DataSourceUtils.java:160)
	at org.springframework.jdbc.datasource.DataSourceUtils.doGetConnection(DataSourceUtils.java:118)
	at org.springframework.jdbc.datasource.DataSourceUtils.getConnection(DataSourceUtils.java:81)
	... 20 common frames omitted
2026-10-02 03:06:34.483 [pool-3-thread-3] [] WARN  c.c.g.r.c.t.c.AgentCronTaskExecutor - AgentCronTaskExecutor.onError: taskId=a2731d5d-92a0-4dcc-8651-8295b1cdc1f4, error=cognitive mental scan failed
2026-10-02 03:06:34.483 [pool-3-thread-3] [] WARN  c.c.g.r.c.t.s.TaskSchedulerServiceImpl - 定时任务提交失败 taskId=a2731d5d-92a0-4dcc-8651-8295b1cdc1f4 scheduleId=c75431f7-3451-4a76-af7c-6089a4e233ae: Task execution failed: cognitive mental scan failed
2026-10-02 03:16:34.466 [pool-3-thread-3] [] INFO  c.c.g.r.c.t.s.i.TaskManagementServiceImpl - 任务已提交: taskId=a2731d5d-92a0-4dcc-8651-8295b1cdc1f4, taskName=cognitive-mental-scan
2026-10-02 03:16:34.477 [pool-3-thread-3] [] INFO  c.c.g.r.c.t.s.i.TaskManagementServiceImpl - 任务已解析: taskId=a2731d5d-92a0-4dcc-8651-8295b1cdc1f4
2026-10-02 03:16:34.478 [pool-3-thread-3] [] ERROR c.c.g.e.c.s.mental.MentalScanTask - PMO-59 心智层补算任务执行失败: Failed to obtain JDBC Connection
org.springframework.jdbc.CannotGetJdbcConnectionException: Failed to obtain JDBC Connection
	at org.springframework.jdbc.datasource.DataSourceUtils.getConnection(DataSourceUtils.java:84)
	at org.springframework.jdbc.core.JdbcTemplate.execute(JdbcTemplate.java:653)
	at org.springframework.jdbc.core.JdbcTemplate.query(JdbcTemplate.java:723)
	at org.springframework.jdbc.core.JdbcTemplate.query(JdbcTemplate.java:754)
	at org.springframework.jdbc.core.JdbcTemplate.query(JdbcTemplate.java:767)
	at org.springframework.jdbc.core.JdbcTemplate.query(JdbcTemplate.java:820)
	at org.springframework.jdbc.core.JdbcTemplate.queryForList(JdbcTemplate.java:952)
	at com.chinacreator.gzcm.engine.cognitive2.service.EvidenceStore.list(EvidenceStore.java:120)
	at com.chinacreator.gzcm.engine.cognitive2.service.CognitiveEvidenceService.list(CognitiveEvidenceService.java:148)
	at com.chinacreator.gzcm.engine.cognitive2.service.mental.MentalScanTask.scanOnce(MentalScanTask.java:94)
	at com.chinacreator.gzcm.engine.cognitive2.service.mental.MentalScanTask$MentalScanTaskExecutor.execute(MentalScanTask.java:163)
	at com.chinacreator.gzcm.runtime.core.task.service.impl.TaskManagementServiceImpl.executeTask(TaskManagementServiceImpl.java:204)
	at com.chinacreator.gzcm.runtime.core.task.service.impl.TaskManagementServiceImpl.submitAndExecute(TaskManagementServiceImpl.java:343)
	at com.chinacreator.gzcm.runtime.core.task.scheduling.TaskSchedulerServiceImpl.executeTask(TaskSchedulerServiceImpl.java:322)
	at com.chinacreator.gzcm.runtime.core.task.scheduling.TaskSchedulerServiceImpl.lambda$schedulePeriodicTask$3(TaskSchedulerServiceImpl.java:231)
	at java.base/java.util.concurrent.Executors$RunnableAdapter.call(Executors.java:539)
	at java.base/java.util.concurrent.FutureTask.runAndReset(FutureTask.java:305)
	at java.base/java.util.concurrent.ScheduledThreadPoolExecutor$ScheduledFutureTask.run(ScheduledThreadPoolExecutor.java:305)
	at java.base/java.util.concurrent.ThreadPoolExecutor.runWorker(ThreadPoolExecutor.java:1136)
	at java.base/java.util.concurrent.ThreadPoolExecutor$Worker.run(ThreadPoolExecutor.java:635)
	at java.base/java.lang.Thread.run(Thread.java:840)
Caused by: java.sql.SQLException: HikariDataSource HikariDataSource (AimingHikariCP) has been closed.
	at com.zaxxer.hikari.HikariDataSource.getConnection(HikariDataSource.java:96)
	at org.springframework.jdbc.datasource.DataSourceUtils.fetchConnection(DataSourceUtils.java:160)
	at org.springframework.jdbc.datasource.DataSourceUtils.doGetConnection(DataSourceUtils.java:118)
	at org.springframework.jdbc.datasource.DataSourceUtils.getConnection(DataSourceUtils.java:81)
	... 20 common frames omitted
2026-10-02 03:16:34.479 [pool-3-thread-3] [] WARN  c.c.g.r.c.t.c.AgentCronTaskExecutor - AgentCronTaskExecutor.onError: taskId=a2731d5d-92a0-4dcc-8651-8295b1cdc1f4, error=cognitive mental scan failed
2026-10-02 03:16:34.481 [pool-3-thread-3] [] WARN  c.c.g.r.c.t.s.TaskSchedulerServiceImpl - 定时任务提交失败 taskId=a2731d5d-92a0-4dcc-8651-8295b1cdc1f4 scheduleId=c75431f7-3451-4a76-af7c-6089a4e233ae: Task execution failed: cognitive mental scan failed
2026-10-02 03:26:34.472 [pool-3-thread-3] [] INFO  c.c.g.r.c.t.s.i.TaskManagementServiceImpl - 任务已提交: taskId=a2731d5d-92a0-4dcc-8651-8295b1cdc1f4, taskName=cognitive-mental-scan
2026-10-02 03:26:34.483 [pool-3-thread-3] [] INFO  c.c.g.r.c.t.s.i.TaskManagementServiceImpl - 任务已解析: taskId=a2731d5d-92a0-4dcc-8651-8295b1cdc1f4
2026-10-02 03:26:34.484 [pool-3-thread-3] [] ERROR c.c.g.e.c.s.mental.MentalScanTask - PMO-59 心智层补算任务执行失败: Failed to obtain JDBC Connection
org.springframework.jdbc.CannotGetJdbcConnectionException: Failed to obtain JDBC Connection
	at org.springframework.jdbc.datasource.DataSourceUtils.getConnection(DataSourceUtils.java:84)
	at org.springframework.jdbc.core.JdbcTemplate.execute(JdbcTemplate.java:653)
	at org.springframework.jdbc.core.JdbcTemplate.query(JdbcTemplate.java:723)
	at org.springframework.jdbc.core.JdbcTemplate.query(JdbcTemplate.java:754)
	at org.springframework.jdbc.core.JdbcTemplate.query(JdbcTemplate.java:767)
	at org.springframework.jdbc.core.JdbcTemplate.query(JdbcTemplate.java:820)
	at org.springframework.jdbc.core.JdbcTemplate.queryForList(JdbcTemplate.java:952)
	at com.chinacreator.gzcm.engine.cognitive2.service.EvidenceStore.list(EvidenceStore.java:120)
	at com.chinacreator.gzcm.engine.cognitive2.service.CognitiveEvidenceService.list(CognitiveEvidenceService.java:148)
	at com.chinacreator.gzcm.engine.cognitive2.service.mental.MentalScanTask.scanOnce(MentalScanTask.java:94)
	at com.chinacreator.gzcm.engine.cognitive2.service.mental.MentalScanTask$MentalScanTaskExecutor.execute(MentalScanTask.java:163)
	at com.chinacreator.gzcm.runtime.core.task.service.impl.TaskManagementServiceImpl.executeTask(TaskManagementServiceImpl.java:204)
	at com.chinacreator.gzcm.runtime.core.task.service.impl.TaskManagementServiceImpl.submitAndExecute(TaskManagementServiceImpl.java:343)
	at com.chinacreator.gzcm.runtime.core.task.scheduling.TaskSchedulerServiceImpl.executeTask(TaskSchedulerServiceImpl.java:322)
	at com.chinacreator.gzcm.runtime.core.task.scheduling.TaskSchedulerServiceImpl.lambda$schedulePeriodicTask$3(TaskSchedulerServiceImpl.java:231)
	at java.base/java.util.concurrent.Executors$RunnableAdapter.call(Executors.java:539)
	at java.base/java.util.concurrent.FutureTask.runAndReset(FutureTask.java:305)
	at java.base/java.util.concurrent.ScheduledThreadPoolExecutor$ScheduledFutureTask.run(ScheduledThreadPoolExecutor.java:305)
	at java.base/java.util.concurrent.ThreadPoolExecutor.runWorker(ThreadPoolExecutor.java:1136)
	at java.base/java.util.concurrent.ThreadPoolExecutor$Worker.run(ThreadPoolExecutor.java:635)
	at java.base/java.lang.Thread.run(Thread.java:840)
Caused by: java.sql.SQLException: HikariDataSource HikariDataSource (AimingHikariCP) has been closed.
	at com.zaxxer.hikari.HikariDataSource.getConnection(HikariDataSource.java:96)
	at org.springframework.jdbc.datasource.DataSourceUtils.fetchConnection(DataSourceUtils.java:160)
	at org.springframework.jdbc.datasource.DataSourceUtils.doGetConnection(DataSourceUtils.java:118)
	at org.springframework.jdbc.datasource.DataSourceUtils.getConnection(DataSourceUtils.java:81)
	... 20 common frames omitted
2026-10-02 03:26:34.485 [pool-3-thread-3] [] WARN  c.c.g.r.c.t.c.AgentCronTaskExecutor - AgentCronTaskExecutor.onError: taskId=a2731d5d-92a0-4dcc-8651-8295b1cdc1f4, error=cognitive mental scan failed
2026-10-02 03:26:34.486 [pool-3-thread-3] [] WARN  c.c.g.r.c.t.s.TaskSchedulerServiceImpl - 定时任务提交失败 taskId=a2731d5d-92a0-4dcc-8651-8295b1cdc1f4 scheduleId=c75431f7-3451-4a76-af7c-6089a4e233ae: Task execution failed: cognitive mental scan failed
2026-10-02 03:36:34.466 [pool-3-thread-3] [] INFO  c.c.g.r.c.t.s.i.TaskManagementServiceImpl - 任务已提交: taskId=a2731d5d-92a0-4dcc-8651-8295b1cdc1f4, taskName=cognitive-mental-scan
2026-10-02 03:36:34.468 [pool-3-thread-3] [] INFO  c.c.g.r.c.t.s.i.TaskManagementServiceImpl - 任务已解析: taskId=a2731d5d-92a0-4dcc-8651-8295b1cdc1f4
2026-10-02 03:36:34.470 [pool-3-thread-3] [] ERROR c.c.g.e.c.s.mental.MentalScanTask - PMO-59 心智层补算任务执行失败: Failed to obtain JDBC Connection
org.springframework.jdbc.CannotGetJdbcConnectionException: Failed to obtain JDBC Connection
	at org.springframework.jdbc.datasource.DataSourceUtils.getConnection(DataSourceUtils.java:84)
	at org.springframework.jdbc.core.JdbcTemplate.execute(JdbcTemplate.java:653)
	at org.springframework.jdbc.core.JdbcTemplate.query(JdbcTemplate.java:723)
	at org.springframework.jdbc.core.JdbcTemplate.query(JdbcTemplate.java:754)
	at org.springframework.jdbc.core.JdbcTemplate.query(JdbcTemplate.java:767)
	at org.springframework.jdbc.core.JdbcTemplate.query(JdbcTemplate.java:820)
	at org.springframework.jdbc.core.JdbcTemplate.queryForList(JdbcTemplate.java:952)
	at com.chinacreator.gzcm.engine.cognitive2.service.EvidenceStore.list(EvidenceStore.java:120)
	at com.chinacreator.gzcm.engine.cognitive2.service.CognitiveEvidenceService.list(CognitiveEvidenceService.java:148)
	at com.chinacreator.gzcm.engine.cognitive2.service.mental.MentalScanTask.scanOnce(MentalScanTask.java:94)
	at com.chinacreator.gzcm.engine.cognitive2.service.mental.MentalScanTask$MentalScanTaskExecutor.execute(MentalScanTask.java:163)
	at com.chinacreator.gzcm.runtime.core.task.service.impl.TaskManagementServiceImpl.executeTask(TaskManagementServiceImpl.java:204)
	at com.chinacreator.gzcm.runtime.core.task.service.impl.TaskManagementServiceImpl.submitAndExecute(TaskManagementServiceImpl.java:343)
	at com.chinacreator.gzcm.runtime.core.task.scheduling.TaskSchedulerServiceImpl.executeTask(TaskSchedulerServiceImpl.java:322)
	at com.chinacreator.gzcm.runtime.core.task.scheduling.TaskSchedulerServiceImpl.lambda$schedulePeriodicTask$3(TaskSchedulerServiceImpl.java:231)
	at java.base/java.util.concurrent.Executors$RunnableAdapter.call(Executors.java:539)
	at java.base/java.util.concurrent.FutureTask.runAndReset(FutureTask.java:305)
	at java.base/java.util.concurrent.ScheduledThreadPoolExecutor$ScheduledFutureTask.run(ScheduledThreadPoolExecutor.java:305)
	at java.base/java.util.concurrent.ThreadPoolExecutor.runWorker(ThreadPoolExecutor.java:1136)
	at java.base/java.util.concurrent.ThreadPoolExecutor$Worker.run(ThreadPoolExecutor.java:635)
	at java.base/java.lang.Thread.run(Thread.java:840)
Caused by: java.sql.SQLException: HikariDataSource HikariDataSource (AimingHikariCP) has been closed.
	at com.zaxxer.hikari.HikariDataSource.getConnection(HikariDataSource.java:96)
	at org.springframework.jdbc.datasource.DataSourceUtils.fetchConnection(DataSourceUtils.java:160)
	at org.springframework.jdbc.datasource.DataSourceUtils.doGetConnection(DataSourceUtils.java:118)
	at org.springframework.jdbc.datasource.DataSourceUtils.getConnection(DataSourceUtils.java:81)
	... 20 common frames omitted
2026-10-02 03:36:34.471 [pool-3-thread-3] [] WARN  c.c.g.r.c.t.c.AgentCronTaskExecutor - AgentCronTaskExecutor.onError: taskId=a2731d5d-92a0-4dcc-8651-8295b1cdc1f4, error=cognitive mental scan failed
2026-10-02 03:36:34.472 [pool-3-thread-3] [] WARN  c.c.g.r.c.t.s.TaskSchedulerServiceImpl - 定时任务提交失败 taskId=a2731d5d-92a0-4dcc-8651-8295b1cdc1f4 scheduleId=c75431f7-3451-4a76-af7c-6089a4e233ae: Task execution failed: cognitive mental scan failed
2026-10-02 03:46:34.466 [pool-3-thread-3] [] INFO  c.c.g.r.c.t.s.i.TaskManagementServiceImpl - 任务已提交: taskId=a2731d5d-92a0-4dcc-8651-8295b1cdc1f4, taskName=cognitive-mental-scan
2026-10-02 03:46:34.468 [pool-3-thread-3] [] INFO  c.c.g.r.c.t.s.i.TaskManagementServiceImpl - 任务已解析: taskId=a2731d5d-92a0-4dcc-8651-8295b1cdc1f4
2026-10-02 03:46:34.469 [pool-3-thread-3] [] ERROR c.c.g.e.c.s.mental.MentalScanTask - PMO-59 心智层补算任务执行失败: Failed to obtain JDBC Connection
org.springframework.jdbc.CannotGetJdbcConnectionException: Failed to obtain JDBC Connection
	at org.springframework.jdbc.datasource.DataSourceUtils.getConnection(DataSourceUtils.java:84)
	at org.springframework.jdbc.core.JdbcTemplate.execute(JdbcTemplate.java:653)
	at org.springframework.jdbc.core.JdbcTemplate.query(JdbcTemplate.java:723)
	at org.springframework.jdbc.core.JdbcTemplate.query(JdbcTemplate.java:754)
	at org.springframework.jdbc.core.JdbcTemplate.query(JdbcTemplate.java:767)
	at org.springframework.jdbc.core.JdbcTemplate.query(JdbcTemplate.java:820)
	at org.springframework.jdbc.core.JdbcTemplate.queryForList(JdbcTemplate.java:952)
	at com.chinacreator.gzcm.engine.cognitive2.service.EvidenceStore.list(EvidenceStore.java:120)
	at com.chinacreator.gzcm.engine.cognitive2.service.CognitiveEvidenceService.list(CognitiveEvidenceService.java:148)
	at com.chinacreator.gzcm.engine.cognitive2.service.mental.MentalScanTask.scanOnce(MentalScanTask.java:94)
	at com.chinacreator.gzcm.engine.cognitive2.service.mental.MentalScanTask$MentalScanTaskExecutor.execute(MentalScanTask.java:163)
	at com.chinacreator.gzcm.runtime.core.task.service.impl.TaskManagementServiceImpl.executeTask(TaskManagementServiceImpl.java:204)
	at com.chinacreator.gzcm.runtime.core.task.service.impl.TaskManagementServiceImpl.submitAndExecute(TaskManagementServiceImpl.java:343)
	at com.chinacreator.gzcm.runtime.core.task.scheduling.TaskSchedulerServiceImpl.executeTask(TaskSchedulerServiceImpl.java:322)
	at com.chinacreator.gzcm.runtime.core.task.scheduling.TaskSchedulerServiceImpl.lambda$schedulePeriodicTask$3(TaskSchedulerServiceImpl.java:231)
	at java.base/java.util.concurrent.Executors$RunnableAdapter.call(Executors.java:539)
	at java.base/java.util.concurrent.FutureTask.runAndReset(FutureTask.java:305)
	at java.base/java.util.concurrent.ScheduledThreadPoolExecutor$ScheduledFutureTask.run(ScheduledThreadPoolExecutor.java:305)
	at java.base/java.util.concurrent.ThreadPoolExecutor.runWorker(ThreadPoolExecutor.java:1136)
	at java.base/java.util.concurrent.ThreadPoolExecutor$Worker.run(ThreadPoolExecutor.java:635)
	at java.base/java.lang.Thread.run(Thread.java:840)
Caused by: java.sql.SQLException: HikariDataSource HikariDataSource (AimingHikariCP) has been closed.
	at com.zaxxer.hikari.HikariDataSource.getConnection(HikariDataSource.java:96)
	at org.springframework.jdbc.datasource.DataSourceUtils.fetchConnection(DataSourceUtils.java:160)
	at org.springframework.jdbc.datasource.DataSourceUtils.doGetConnection(DataSourceUtils.java:118)
	at org.springframework.jdbc.datasource.DataSourceUtils.getConnection(DataSourceUtils.java:81)
	... 20 common frames omitted
2026-10-02 03:46:34.471 [pool-3-thread-3] [] WARN  c.c.g.r.c.t.c.AgentCronTaskExecutor - AgentCronTaskExecutor.onError: taskId=a2731d5d-92a0-4dcc-8651-8295b1cdc1f4, error=cognitive mental scan failed
2026-10-02 03:46:34.473 [pool-3-thread-3] [] WARN  c.c.g.r.c.t.s.TaskSchedulerServiceImpl - 定时任务提交失败 taskId=a2731d5d-92a0-4dcc-8651-8295b1cdc1f4 scheduleId=c75431f7-3451-4a76-af7c-6089a4e233ae: Task execution failed: cognitive mental scan failed
2026-10-02 03:56:34.468 [pool-3-thread-3] [] INFO  c.c.g.r.c.t.s.i.TaskManagementServiceImpl - 任务已提交: taskId=a2731d5d-92a0-4dcc-8651-8295b1cdc1f4, taskName=cognitive-mental-scan
2026-10-02 03:56:34.470 [pool-3-thread-3] [] INFO  c.c.g.r.c.t.s.i.TaskManagementServiceImpl - 任务已解析: taskId=a2731d5d-92a0-4dcc-8651-8295b1cdc1f4
2026-10-02 03:56:34.470 [pool-3-thread-3] [] ERROR c.c.g.e.c.s.mental.MentalScanTask - PMO-59 心智层补算任务执行失败: Failed to obtain JDBC Connection
org.springframework.jdbc.CannotGetJdbcConnectionException: Failed to obtain JDBC Connection
	at org.springframework.jdbc.datasource.DataSourceUtils.getConnection(DataSourceUtils.java:84)
	at org.springframework.jdbc.core.JdbcTemplate.execute(JdbcTemplate.java:653)
	at org.springframework.jdbc.core.JdbcTemplate.query(JdbcTemplate.java:723)
	at org.springframework.jdbc.core.JdbcTemplate.query(JdbcTemplate.java:754)
	at org.springframework.jdbc.core.JdbcTemplate.query(JdbcTemplate.java:767)
	at org.springframework.jdbc.core.JdbcTemplate.query(JdbcTemplate.java:820)
	at org.springframework.jdbc.core.JdbcTemplate.queryForList(JdbcTemplate.java:952)
	at com.chinacreator.gzcm.engine.cognitive2.service.EvidenceStore.list(EvidenceStore.java:120)
	at com.chinacreator.gzcm.engine.cognitive2.service.CognitiveEvidenceService.list(CognitiveEvidenceService.java:148)
	at com.chinacreator.gzcm.engine.cognitive2.service.mental.MentalScanTask.scanOnce(MentalScanTask.java:94)
	at com.chinacreator.gzcm.engine.cognitive2.service.mental.MentalScanTask$MentalScanTaskExecutor.execute(MentalScanTask.java:163)
	at com.chinacreator.gzcm.runtime.core.task.service.impl.TaskManagementServiceImpl.executeTask(TaskManagementServiceImpl.java:204)
	at com.chinacreator.gzcm.runtime.core.task.service.impl.TaskManagementServiceImpl.submitAndExecute(TaskManagementServiceImpl.java:343)
	at com.chinacreator.gzcm.runtime.core.task.scheduling.TaskSchedulerServiceImpl.executeTask(TaskSchedulerServiceImpl.java:322)
	at com.chinacreator.gzcm.runtime.core.task.scheduling.TaskSchedulerServiceImpl.lambda$schedulePeriodicTask$3(TaskSchedulerServiceImpl.java:231)
	at java.base/java.util.concurrent.Executors$RunnableAdapter.call(Executors.java:539)
	at java.base/java.util.concurrent.FutureTask.runAndReset(FutureTask.java:305)
	at java.base/java.util.concurrent.ScheduledThreadPoolExecutor$ScheduledFutureTask.run(ScheduledThreadPoolExecutor.java:305)
	at java.base/java.util.concurrent.ThreadPoolExecutor.runWorker(ThreadPoolExecutor.java:1136)
	at java.base/java.util.concurrent.ThreadPoolExecutor$Worker.run(ThreadPoolExecutor.java:635)
	at java.base/java.lang.Thread.run(Thread.java:840)
Caused by: java.sql.SQLException: HikariDataSource HikariDataSource (AimingHikariCP) has been closed.
	at com.zaxxer.hikari.HikariDataSource.getConnection(HikariDataSource.java:96)
	at org.springframework.jdbc.datasource.DataSourceUtils.fetchConnection(DataSourceUtils.java:160)
	at org.springframework.jdbc.datasource.DataSourceUtils.doGetConnection(DataSourceUtils.java:118)
	at org.springframework.jdbc.datasource.DataSourceUtils.getConnection(DataSourceUtils.java:81)
	... 20 common frames omitted
2026-10-02 03:56:34.471 [pool-3-thread-3] [] WARN  c.c.g.r.c.t.c.AgentCronTaskExecutor - AgentCronTaskExecutor.onError: taskId=a2731d5d-92a0-4dcc-8651-8295b1cdc1f4, error=cognitive mental scan failed
2026-10-02 03:56:34.472 [pool-3-thread-3] [] WARN  c.c.g.r.c.t.s.TaskSchedulerServiceImpl - 定时任务提交失败 taskId=a2731d5d-92a0-4dcc-8651-8295b1cdc1f4 scheduleId=c75431f7-3451-4a76-af7c-6089a4e233ae: Task execution failed: cognitive mental scan failed
2026-10-02 04:06:34.464 [pool-3-thread-3] [] INFO  c.c.g.r.c.t.s.i.TaskManagementServiceImpl - 任务已提交: taskId=a2731d5d-92a0-4dcc-8651-8295b1cdc1f4, taskName=cognitive-mental-scan
2026-10-02 04:06:34.466 [pool-3-thread-3] [] INFO  c.c.g.r.c.t.s.i.TaskManagementServiceImpl - 任务已解析: taskId=a2731d5d-92a0-4dcc-8651-8295b1cdc1f4
2026-10-02 04:06:34.467 [pool-3-thread-3] [] ERROR c.c.g.e.c.s.mental.MentalScanTask - PMO-59 心智层补算任务执行失败: Failed to obtain JDBC Connection
org.springframework.jdbc.CannotGetJdbcConnectionException: Failed to obtain JDBC Connection
	at org.springframework.jdbc.datasource.DataSourceUtils.getConnection(DataSourceUtils.java:84)
	at org.springframework.jdbc.core.JdbcTemplate.execute(JdbcTemplate.java:653)
	at org.springframework.jdbc.core.JdbcTemplate.query(JdbcTemplate.java:723)
	at org.springframework.jdbc.core.JdbcTemplate.query(JdbcTemplate.java:754)
	at org.springframework.jdbc.core.JdbcTemplate.query(JdbcTemplate.java:767)
	at org.springframework.jdbc.core.JdbcTemplate.query(JdbcTemplate.java:820)
	at org.springframework.jdbc.core.JdbcTemplate.queryForList(JdbcTemplate.java:952)
	at com.chinacreator.gzcm.engine.cognitive2.service.EvidenceStore.list(EvidenceStore.java:120)
	at com.chinacreator.gzcm.engine.cognitive2.service.CognitiveEvidenceService.list(CognitiveEvidenceService.java:148)
	at com.chinacreator.gzcm.engine.cognitive2.service.mental.MentalScanTask.scanOnce(MentalScanTask.java:94)
	at com.chinacreator.gzcm.engine.cognitive2.service.mental.MentalScanTask$MentalScanTaskExecutor.execute(MentalScanTask.java:163)
	at com.chinacreator.gzcm.runtime.core.task.service.impl.TaskManagementServiceImpl.executeTask(TaskManagementServiceImpl.java:204)
	at com.chinacreator.gzcm.runtime.core.task.service.impl.TaskManagementServiceImpl.submitAndExecute(TaskManagementServiceImpl.java:343)
	at com.chinacreator.gzcm.runtime.core.task.scheduling.TaskSchedulerServiceImpl.executeTask(TaskSchedulerServiceImpl.java:322)
	at com.chinacreator.gzcm.runtime.core.task.scheduling.TaskSchedulerServiceImpl.lambda$schedulePeriodicTask$3(TaskSchedulerServiceImpl.java:231)
	at java.base/java.util.concurrent.Executors$RunnableAdapter.call(Executors.java:539)
	at java.base/java.util.concurrent.FutureTask.runAndReset(FutureTask.java:305)
	at java.base/java.util.concurrent.ScheduledThreadPoolExecutor$ScheduledFutureTask.run(ScheduledThreadPoolExecutor.java:305)
	at java.base/java.util.concurrent.ThreadPoolExecutor.runWorker(ThreadPoolExecutor.java:1136)
	at java.base/java.util.concurrent.ThreadPoolExecutor$Worker.run(ThreadPoolExecutor.java:635)
	at java.base/java.lang.Thread.run(Thread.java:840)
Caused by: java.sql.SQLException: HikariDataSource HikariDataSource (AimingHikariCP) has been closed.
	at com.zaxxer.hikari.HikariDataSource.getConnection(HikariDataSource.java:96)
	at org.springframework.jdbc.datasource.DataSourceUtils.fetchConnection(DataSourceUtils.java:160)
	at org.springframework.jdbc.datasource.DataSourceUtils.doGetConnection(DataSourceUtils.java:118)
	at org.springframework.jdbc.datasource.DataSourceUtils.getConnection(DataSourceUtils.java:81)
	... 20 common frames omitted
2026-10-02 04:06:34.469 [pool-3-thread-3] [] WARN  c.c.g.r.c.t.c.AgentCronTaskExecutor - AgentCronTaskExecutor.onError: taskId=a2731d5d-92a0-4dcc-8651-8295b1cdc1f4, error=cognitive mental scan failed
2026-10-02 04:06:34.470 [pool-3-thread-3] [] WARN  c.c.g.r.c.t.s.TaskSchedulerServiceImpl - 定时任务提交失败 taskId=a2731d5d-92a0-4dcc-8651-8295b1cdc1f4 scheduleId=c75431f7-3451-4a76-af7c-6089a4e233ae: Task execution failed: cognitive mental scan failed
2026-10-02 04:16:34.469 [pool-3-thread-3] [] INFO  c.c.g.r.c.t.s.i.TaskManagementServiceImpl - 任务已提交: taskId=a2731d5d-92a0-4dcc-8651-8295b1cdc1f4, taskName=cognitive-mental-scan
2026-10-02 04:16:34.471 [pool-3-thread-3] [] INFO  c.c.g.r.c.t.s.i.TaskManagementServiceImpl - 任务已解析: taskId=a2731d5d-92a0-4dcc-8651-8295b1cdc1f4
2026-10-02 04:16:34.473 [pool-3-thread-3] [] ERROR c.c.g.e.c.s.mental.MentalScanTask - PMO-59 心智层补算任务执行失败: Failed to obtain JDBC Connection
org.springframework.jdbc.CannotGetJdbcConnectionException: Failed to obtain JDBC Connection
	at org.springframework.jdbc.datasource.DataSourceUtils.getConnection(DataSourceUtils.java:84)
	at org.springframework.jdbc.core.JdbcTemplate.execute(JdbcTemplate.java:653)
	at org.springframework.jdbc.core.JdbcTemplate.query(JdbcTemplate.java:723)
	at org.springframework.jdbc.core.JdbcTemplate.query(JdbcTemplate.java:754)
	at org.springframework.jdbc.core.JdbcTemplate.query(JdbcTemplate.java:767)
	at org.springframework.jdbc.core.JdbcTemplate.query(JdbcTemplate.java:820)
	at org.springframework.jdbc.core.JdbcTemplate.queryForList(JdbcTemplate.java:952)
	at com.chinacreator.gzcm.engine.cognitive2.service.EvidenceStore.list(EvidenceStore.java:120)
	at com.chinacreator.gzcm.engine.cognitive2.service.CognitiveEvidenceService.list(CognitiveEvidenceService.java:148)
	at com.chinacreator.gzcm.engine.cognitive2.service.mental.MentalScanTask.scanOnce(MentalScanTask.java:94)
	at com.chinacreator.gzcm.engine.cognitive2.service.mental.MentalScanTask$MentalScanTaskExecutor.execute(MentalScanTask.java:163)
	at com.chinacreator.gzcm.runtime.core.task.service.impl.TaskManagementServiceImpl.executeTask(TaskManagementServiceImpl.java:204)
	at com.chinacreator.gzcm.runtime.core.task.service.impl.TaskManagementServiceImpl.submitAndExecute(TaskManagementServiceImpl.java:343)
	at com.chinacreator.gzcm.runtime.core.task.scheduling.TaskSchedulerServiceImpl.executeTask(TaskSchedulerServiceImpl.java:322)
	at com.chinacreator.gzcm.runtime.core.task.scheduling.TaskSchedulerServiceImpl.lambda$schedulePeriodicTask$3(TaskSchedulerServiceImpl.java:231)
	at java.base/java.util.concurrent.Executors$RunnableAdapter.call(Executors.java:539)
	at java.base/java.util.concurrent.FutureTask.runAndReset(FutureTask.java:305)
	at java.base/java.util.concurrent.ScheduledThreadPoolExecutor$ScheduledFutureTask.run(ScheduledThreadPoolExecutor.java:305)
	at java.base/java.util.concurrent.ThreadPoolExecutor.runWorker(ThreadPoolExecutor.java:1136)
	at java.base/java.util.concurrent.ThreadPoolExecutor$Worker.run(ThreadPoolExecutor.java:635)
	at java.base/java.lang.Thread.run(Thread.java:840)
Caused by: java.sql.SQLException: HikariDataSource HikariDataSource (AimingHikariCP) has been closed.
	at com.zaxxer.hikari.HikariDataSource.getConnection(HikariDataSource.java:96)
	at org.springframework.jdbc.datasource.DataSourceUtils.fetchConnection(DataSourceUtils.java:160)
	at org.springframework.jdbc.datasource.DataSourceUtils.doGetConnection(DataSourceUtils.java:118)
	at org.springframework.jdbc.datasource.DataSourceUtils.getConnection(DataSourceUtils.java:81)
	... 20 common frames omitted
2026-10-02 04:16:34.475 [pool-3-thread-3] [] WARN  c.c.g.r.c.t.c.AgentCronTaskExecutor - AgentCronTaskExecutor.onError: taskId=a2731d5d-92a0-4dcc-8651-8295b1cdc1f4, error=cognitive mental scan failed
2026-10-02 04:16:34.477 [pool-3-thread-3] [] WARN  c.c.g.r.c.t.s.TaskSchedulerServiceImpl - 定时任务提交失败 taskId=a2731d5d-92a0-4dcc-8651-8295b1cdc1f4 scheduleId=c75431f7-3451-4a76-af7c-6089a4e233ae: Task execution failed: cognitive mental scan failed
2026-10-02 04:26:34.472 [pool-3-thread-3] [] INFO  c.c.g.r.c.t.s.i.TaskManagementServiceImpl - 任务已提交: taskId=a2731d5d-92a0-4dcc-8651-8295b1cdc1f4, taskName=cognitive-mental-scan
2026-10-02 04:26:34.473 [pool-3-thread-3] [] INFO  c.c.g.r.c.t.s.i.TaskManagementServiceImpl - 任务已解析: taskId=a2731d5d-92a0-4dcc-8651-8295b1cdc1f4
2026-10-02 04:26:34.475 [pool-3-thread-3] [] ERROR c.c.g.e.c.s.mental.MentalScanTask - PMO-59 心智层补算任务执行失败: Failed to obtain JDBC Connection
org.springframework.jdbc.CannotGetJdbcConnectionException: Failed to obtain JDBC Connection
	at org.springframework.jdbc.datasource.DataSourceUtils.getConnection(DataSourceUtils.java:84)
	at org.springframework.jdbc.core.JdbcTemplate.execute(JdbcTemplate.java:653)
	at org.springframework.jdbc.core.JdbcTemplate.query(JdbcTemplate.java:723)
	at org.springframework.jdbc.core.JdbcTemplate.query(JdbcTemplate.java:754)
	at org.springframework.jdbc.core.JdbcTemplate.query(JdbcTemplate.java:767)
	at org.springframework.jdbc.core.JdbcTemplate.query(JdbcTemplate.java:820)
	at org.springframework.jdbc.core.JdbcTemplate.queryForList(JdbcTemplate.java:952)
	at com.chinacreator.gzcm.engine.cognitive2.service.EvidenceStore.list(EvidenceStore.java:120)
	at com.chinacreator.gzcm.engine.cognitive2.service.CognitiveEvidenceService.list(CognitiveEvidenceService.java:148)
	at com.chinacreator.gzcm.engine.cognitive2.service.mental.MentalScanTask.scanOnce(MentalScanTask.java:94)
	at com.chinacreator.gzcm.engine.cognitive2.service.mental.MentalScanTask$MentalScanTaskExecutor.execute(MentalScanTask.java:163)
	at com.chinacreator.gzcm.runtime.core.task.service.impl.TaskManagementServiceImpl.executeTask(TaskManagementServiceImpl.java:204)
	at com.chinacreator.gzcm.runtime.core.task.service.impl.TaskManagementServiceImpl.submitAndExecute(TaskManagementServiceImpl.java:343)
	at com.chinacreator.gzcm.runtime.core.task.scheduling.TaskSchedulerServiceImpl.executeTask(TaskSchedulerServiceImpl.java:322)
	at com.chinacreator.gzcm.runtime.core.task.scheduling.TaskSchedulerServiceImpl.lambda$schedulePeriodicTask$3(TaskSchedulerServiceImpl.java:231)
	at java.base/java.util.concurrent.Executors$RunnableAdapter.call(Executors.java:539)
	at java.base/java.util.concurrent.FutureTask.runAndReset(FutureTask.java:305)
	at java.base/java.util.concurrent.ScheduledThreadPoolExecutor$ScheduledFutureTask.run(ScheduledThreadPoolExecutor.java:305)
	at java.base/java.util.concurrent.ThreadPoolExecutor.runWorker(ThreadPoolExecutor.java:1136)
	at java.base/java.util.concurrent.ThreadPoolExecutor$Worker.run(ThreadPoolExecutor.java:635)
	at java.base/java.lang.Thread.run(Thread.java:840)
Caused by: java.sql.SQLException: HikariDataSource HikariDataSource (AimingHikariCP) has been closed.
	at com.zaxxer.hikari.HikariDataSource.getConnection(HikariDataSource.java:96)
	at org.springframework.jdbc.datasource.DataSourceUtils.fetchConnection(DataSourceUtils.java:160)
	at org.springframework.jdbc.datasource.DataSourceUtils.doGetConnection(DataSourceUtils.java:118)
	at org.springframework.jdbc.datasource.DataSourceUtils.getConnection(DataSourceUtils.java:81)
	... 20 common frames omitted
2026-10-02 04:26:34.477 [pool-3-thread-3] [] WARN  c.c.g.r.c.t.c.AgentCronTaskExecutor - AgentCronTaskExecutor.onError: taskId=a2731d5d-92a0-4dcc-8651-8295b1cdc1f4, error=cognitive mental scan failed
2026-10-02 04:26:34.479 [pool-3-thread-3] [] WARN  c.c.g.r.c.t.s.TaskSchedulerServiceImpl - 定时任务提交失败 taskId=a2731d5d-92a0-4dcc-8651-8295b1cdc1f4 scheduleId=c75431f7-3451-4a76-af7c-6089a4e233ae: Task execution failed: cognitive mental scan failed
2026-10-02 04:36:34.464 [pool-3-thread-3] [] INFO  c.c.g.r.c.t.s.i.TaskManagementServiceImpl - 任务已提交: taskId=a2731d5d-92a0-4dcc-8651-8295b1cdc1f4, taskName=cognitive-mental-scan
2026-10-02 04:36:34.476 [pool-3-thread-3] [] INFO  c.c.g.r.c.t.s.i.TaskManagementServiceImpl - 任务已解析: taskId=a2731d5d-92a0-4dcc-8651-8295b1cdc1f4
2026-10-02 04:36:34.485 [pool-3-thread-3] [] ERROR c.c.g.e.c.s.mental.MentalScanTask - PMO-59 心智层补算任务执行失败: Failed to obtain JDBC Connection
org.springframework.jdbc.CannotGetJdbcConnectionException: Failed to obtain JDBC Connection
	at org.springframework.jdbc.datasource.DataSourceUtils.getConnection(DataSourceUtils.java:84)
	at org.springframework.jdbc.core.JdbcTemplate.execute(JdbcTemplate.java:653)
	at org.springframework.jdbc.core.JdbcTemplate.query(JdbcTemplate.java:723)
	at org.springframework.jdbc.core.JdbcTemplate.query(JdbcTemplate.java:754)
	at org.springframework.jdbc.core.JdbcTemplate.query(JdbcTemplate.java:767)
	at org.springframework.jdbc.core.JdbcTemplate.query(JdbcTemplate.java:820)
	at org.springframework.jdbc.core.JdbcTemplate.queryForList(JdbcTemplate.java:952)
	at com.chinacreator.gzcm.engine.cognitive2.service.EvidenceStore.list(EvidenceStore.java:120)
	at com.chinacreator.gzcm.engine.cognitive2.service.CognitiveEvidenceService.list(CognitiveEvidenceService.java:148)
	at com.chinacreator.gzcm.engine.cognitive2.service.mental.MentalScanTask.scanOnce(MentalScanTask.java:94)
	at com.chinacreator.gzcm.engine.cognitive2.service.mental.MentalScanTask$MentalScanTaskExecutor.execute(MentalScanTask.java:163)
	at com.chinacreator.gzcm.runtime.core.task.service.impl.TaskManagementServiceImpl.executeTask(TaskManagementServiceImpl.java:204)
	at com.chinacreator.gzcm.runtime.core.task.service.impl.TaskManagementServiceImpl.submitAndExecute(TaskManagementServiceImpl.java:343)
	at com.chinacreator.gzcm.runtime.core.task.scheduling.TaskSchedulerServiceImpl.executeTask(TaskSchedulerServiceImpl.java:322)
	at com.chinacreator.gzcm.runtime.core.task.scheduling.TaskSchedulerServiceImpl.lambda$schedulePeriodicTask$3(TaskSchedulerServiceImpl.java:231)
	at java.base/java.util.concurrent.Executors$RunnableAdapter.call(Executors.java:539)
	at java.base/java.util.concurrent.FutureTask.runAndReset(FutureTask.java:305)
	at java.base/java.util.concurrent.ScheduledThreadPoolExecutor$ScheduledFutureTask.run(ScheduledThreadPoolExecutor.java:305)
	at java.base/java.util.concurrent.ThreadPoolExecutor.runWorker(ThreadPoolExecutor.java:1136)
	at java.base/java.util.concurrent.ThreadPoolExecutor$Worker.run(ThreadPoolExecutor.java:635)
	at java.base/java.lang.Thread.run(Thread.java:840)
Caused by: java.sql.SQLException: HikariDataSource HikariDataSource (AimingHikariCP) has been closed.
	at com.zaxxer.hikari.HikariDataSource.getConnection(HikariDataSource.java:96)
	at org.springframework.jdbc.datasource.DataSourceUtils.fetchConnection(DataSourceUtils.java:160)
	at org.springframework.jdbc.datasource.DataSourceUtils.doGetConnection(DataSourceUtils.java:118)
	at org.springframework.jdbc.datasource.DataSourceUtils.getConnection(DataSourceUtils.java:81)
	... 20 common frames omitted
2026-10-02 04:36:34.498 [pool-3-thread-3] [] WARN  c.c.g.r.c.t.c.AgentCronTaskExecutor - AgentCronTaskExecutor.onError: taskId=a2731d5d-92a0-4dcc-8651-8295b1cdc1f4, error=cognitive mental scan failed
2026-10-02 04:36:34.503 [pool-3-thread-3] [] WARN  c.c.g.r.c.t.s.TaskSchedulerServiceImpl - 定时任务提交失败 taskId=a2731d5d-92a0-4dcc-8651-8295b1cdc1f4 scheduleId=c75431f7-3451-4a76-af7c-6089a4e233ae: Task execution failed: cognitive mental scan failed
2026-10-02 04:46:34.459 [pool-3-thread-3] [] INFO  c.c.g.r.c.t.s.i.TaskManagementServiceImpl - 任务已提交: taskId=a2731d5d-92a0-4dcc-8651-8295b1cdc1f4, taskName=cognitive-mental-scan
2026-10-02 04:46:34.471 [pool-3-thread-3] [] INFO  c.c.g.r.c.t.s.i.TaskManagementServiceImpl - 任务已解析: taskId=a2731d5d-92a0-4dcc-8651-8295b1cdc1f4
2026-10-02 04:46:34.473 [pool-3-thread-3] [] ERROR c.c.g.e.c.s.mental.MentalScanTask - PMO-59 心智层补算任务执行失败: Failed to obtain JDBC Connection
org.springframework.jdbc.CannotGetJdbcConnectionException: Failed to obtain JDBC Connection
	at org.springframework.jdbc.datasource.DataSourceUtils.getConnection(DataSourceUtils.java:84)
	at org.springframework.jdbc.core.JdbcTemplate.execute(JdbcTemplate.java:653)
	at org.springframework.jdbc.core.JdbcTemplate.query(JdbcTemplate.java:723)
	at org.springframework.jdbc.core.JdbcTemplate.query(JdbcTemplate.java:754)
	at org.springframework.jdbc.core.JdbcTemplate.query(JdbcTemplate.java:767)
	at org.springframework.jdbc.core.JdbcTemplate.query(JdbcTemplate.java:820)
	at org.springframework.jdbc.core.JdbcTemplate.queryForList(JdbcTemplate.java:952)
	at com.chinacreator.gzcm.engine.cognitive2.service.EvidenceStore.list(EvidenceStore.java:120)
	at com.chinacreator.gzcm.engine.cognitive2.service.CognitiveEvidenceService.list(CognitiveEvidenceService.java:148)
	at com.chinacreator.gzcm.engine.cognitive2.service.mental.MentalScanTask.scanOnce(MentalScanTask.java:94)
	at com.chinacreator.gzcm.engine.cognitive2.service.mental.MentalScanTask$MentalScanTaskExecutor.execute(MentalScanTask.java:163)
	at com.chinacreator.gzcm.runtime.core.task.service.impl.TaskManagementServiceImpl.executeTask(TaskManagementServiceImpl.java:204)
	at com.chinacreator.gzcm.runtime.core.task.service.impl.TaskManagementServiceImpl.submitAndExecute(TaskManagementServiceImpl.java:343)
	at com.chinacreator.gzcm.runtime.core.task.scheduling.TaskSchedulerServiceImpl.executeTask(TaskSchedulerServiceImpl.java:322)
	at com.chinacreator.gzcm.runtime.core.task.scheduling.TaskSchedulerServiceImpl.lambda$schedulePeriodicTask$3(TaskSchedulerServiceImpl.java:231)
	at java.base/java.util.concurrent.Executors$RunnableAdapter.call(Executors.java:539)
	at java.base/java.util.concurrent.FutureTask.runAndReset(FutureTask.java:305)
	at java.base/java.util.concurrent.ScheduledThreadPoolExecutor$ScheduledFutureTask.run(ScheduledThreadPoolExecutor.java:305)
	at java.base/java.util.concurrent.ThreadPoolExecutor.runWorker(ThreadPoolExecutor.java:1136)
	at java.base/java.util.concurrent.ThreadPoolExecutor$Worker.run(ThreadPoolExecutor.java:635)
	at java.base/java.lang.Thread.run(Thread.java:840)
Caused by: java.sql.SQLException: HikariDataSource HikariDataSource (AimingHikariCP) has been closed.
	at com.zaxxer.hikari.HikariDataSource.getConnection(HikariDataSource.java:96)
	at org.springframework.jdbc.datasource.DataSourceUtils.fetchConnection(DataSourceUtils.java:160)
	at org.springframework.jdbc.datasource.DataSourceUtils.doGetConnection(DataSourceUtils.java:118)
	at org.springframework.jdbc.datasource.DataSourceUtils.getConnection(DataSourceUtils.java:81)
	... 20 common frames omitted
2026-10-02 04:46:34.474 [pool-3-thread-3] [] WARN  c.c.g.r.c.t.c.AgentCronTaskExecutor - AgentCronTaskExecutor.onError: taskId=a2731d5d-92a0-4dcc-8651-8295b1cdc1f4, error=cognitive mental scan failed
2026-10-02 04:46:34.476 [pool-3-thread-3] [] WARN  c.c.g.r.c.t.s.TaskSchedulerServiceImpl - 定时任务提交失败 taskId=a2731d5d-92a0-4dcc-8651-8295b1cdc1f4 scheduleId=c75431f7-3451-4a76-af7c-6089a4e233ae: Task execution failed: cognitive mental scan failed
2026-10-02 04:56:34.472 [pool-3-thread-3] [] INFO  c.c.g.r.c.t.s.i.TaskManagementServiceImpl - 任务已提交: taskId=a2731d5d-92a0-4dcc-8651-8295b1cdc1f4, taskName=cognitive-mental-scan
2026-10-02 04:56:34.475 [pool-3-thread-3] [] INFO  c.c.g.r.c.t.s.i.TaskManagementServiceImpl - 任务已解析: taskId=a2731d5d-92a0-4dcc-8651-8295b1cdc1f4
2026-10-02 04:56:34.477 [pool-3-thread-3] [] ERROR c.c.g.e.c.s.mental.MentalScanTask - PMO-59 心智层补算任务执行失败: Failed to obtain JDBC Connection
org.springframework.jdbc.CannotGetJdbcConnectionException: Failed to obtain JDBC Connection
	at org.springframework.jdbc.datasource.DataSourceUtils.getConnection(DataSourceUtils.java:84)
	at org.springframework.jdbc.core.JdbcTemplate.execute(JdbcTemplate.java:653)
	at org.springframework.jdbc.core.JdbcTemplate.query(JdbcTemplate.java:723)
	at org.springframework.jdbc.core.JdbcTemplate.query(JdbcTemplate.java:754)
	at org.springframework.jdbc.core.JdbcTemplate.query(JdbcTemplate.java:767)
	at org.springframework.jdbc.core.JdbcTemplate.query(JdbcTemplate.java:820)
	at org.springframework.jdbc.core.JdbcTemplate.queryForList(JdbcTemplate.java:952)
	at com.chinacreator.gzcm.engine.cognitive2.service.EvidenceStore.list(EvidenceStore.java:120)
	at com.chinacreator.gzcm.engine.cognitive2.service.CognitiveEvidenceService.list(CognitiveEvidenceService.java:148)
	at com.chinacreator.gzcm.engine.cognitive2.service.mental.MentalScanTask.scanOnce(MentalScanTask.java:94)
	at com.chinacreator.gzcm.engine.cognitive2.service.mental.MentalScanTask$MentalScanTaskExecutor.execute(MentalScanTask.java:163)
	at com.chinacreator.gzcm.runtime.core.task.service.impl.TaskManagementServiceImpl.executeTask(TaskManagementServiceImpl.java:204)
	at com.chinacreator.gzcm.runtime.core.task.service.impl.TaskManagementServiceImpl.submitAndExecute(TaskManagementServiceImpl.java:343)
	at com.chinacreator.gzcm.runtime.core.task.scheduling.TaskSchedulerServiceImpl.executeTask(TaskSchedulerServiceImpl.java:322)
	at com.chinacreator.gzcm.runtime.core.task.scheduling.TaskSchedulerServiceImpl.lambda$schedulePeriodicTask$3(TaskSchedulerServiceImpl.java:231)
	at java.base/java.util.concurrent.Executors$RunnableAdapter.call(Executors.java:539)
	at java.base/java.util.concurrent.FutureTask.runAndReset(FutureTask.java:305)
	at java.base/java.util.concurrent.ScheduledThreadPoolExecutor$ScheduledFutureTask.run(ScheduledThreadPoolExecutor.java:305)
	at java.base/java.util.concurrent.ThreadPoolExecutor.runWorker(ThreadPoolExecutor.java:1136)
	at java.base/java.util.concurrent.ThreadPoolExecutor$Worker.run(ThreadPoolExecutor.java:635)
	at java.base/java.lang.Thread.run(Thread.java:840)
Caused by: java.sql.SQLException: HikariDataSource HikariDataSource (AimingHikariCP) has been closed.
	at com.zaxxer.hikari.HikariDataSource.getConnection(HikariDataSource.java:96)
	at org.springframework.jdbc.datasource.DataSourceUtils.fetchConnection(DataSourceUtils.java:160)
	at org.springframework.jdbc.datasource.DataSourceUtils.doGetConnection(DataSourceUtils.java:118)
	at org.springframework.jdbc.datasource.DataSourceUtils.getConnection(DataSourceUtils.java:81)
	... 20 common frames omitted
2026-10-02 04:56:34.479 [pool-3-thread-3] [] WARN  c.c.g.r.c.t.c.AgentCronTaskExecutor - AgentCronTaskExecutor.onError: taskId=a2731d5d-92a0-4dcc-8651-8295b1cdc1f4, error=cognitive mental scan failed
2026-10-02 04:56:34.480 [pool-3-thread-3] [] WARN  c.c.g.r.c.t.s.TaskSchedulerServiceImpl - 定时任务提交失败 taskId=a2731d5d-92a0-4dcc-8651-8295b1cdc1f4 scheduleId=c75431f7-3451-4a76-af7c-6089a4e233ae: Task execution failed: cognitive mental scan failed
2026-10-02 05:06:34.463 [pool-3-thread-3] [] INFO  c.c.g.r.c.t.s.i.TaskManagementServiceImpl - 任务已提交: taskId=a2731d5d-92a0-4dcc-8651-8295b1cdc1f4, taskName=cognitive-mental-scan
2026-10-02 05:06:34.474 [pool-3-thread-3] [] INFO  c.c.g.r.c.t.s.i.TaskManagementServiceImpl - 任务已解析: taskId=a2731d5d-92a0-4dcc-8651-8295b1cdc1f4
2026-10-02 05:06:34.475 [pool-3-thread-3] [] ERROR c.c.g.e.c.s.mental.MentalScanTask - PMO-59 心智层补算任务执行失败: Failed to obtain JDBC Connection
org.springframework.jdbc.CannotGetJdbcConnectionException: Failed to obtain JDBC Connection
	at org.springframework.jdbc.datasource.DataSourceUtils.getConnection(DataSourceUtils.java:84)
	at org.springframework.jdbc.core.JdbcTemplate.execute(JdbcTemplate.java:653)
	at org.springframework.jdbc.core.JdbcTemplate.query(JdbcTemplate.java:723)
	at org.springframework.jdbc.core.JdbcTemplate.query(JdbcTemplate.java:754)
	at org.springframework.jdbc.core.JdbcTemplate.query(JdbcTemplate.java:767)
	at org.springframework.jdbc.core.JdbcTemplate.query(JdbcTemplate.java:820)
	at org.springframework.jdbc.core.JdbcTemplate.queryForList(JdbcTemplate.java:952)
	at com.chinacreator.gzcm.engine.cognitive2.service.EvidenceStore.list(EvidenceStore.java:120)
	at com.chinacreator.gzcm.engine.cognitive2.service.CognitiveEvidenceService.list(CognitiveEvidenceService.java:148)
	at com.chinacreator.gzcm.engine.cognitive2.service.mental.MentalScanTask.scanOnce(MentalScanTask.java:94)
	at com.chinacreator.gzcm.engine.cognitive2.service.mental.MentalScanTask$MentalScanTaskExecutor.execute(MentalScanTask.java:163)
	at com.chinacreator.gzcm.runtime.core.task.service.impl.TaskManagementServiceImpl.executeTask(TaskManagementServiceImpl.java:204)
	at com.chinacreator.gzcm.runtime.core.task.service.impl.TaskManagementServiceImpl.submitAndExecute(TaskManagementServiceImpl.java:343)
	at com.chinacreator.gzcm.runtime.core.task.scheduling.TaskSchedulerServiceImpl.executeTask(TaskSchedulerServiceImpl.java:322)
	at com.chinacreator.gzcm.runtime.core.task.scheduling.TaskSchedulerServiceImpl.lambda$schedulePeriodicTask$3(TaskSchedulerServiceImpl.java:231)
	at java.base/java.util.concurrent.Executors$RunnableAdapter.call(Executors.java:539)
	at java.base/java.util.concurrent.FutureTask.runAndReset(FutureTask.java:305)
	at java.base/java.util.concurrent.ScheduledThreadPoolExecutor$ScheduledFutureTask.run(ScheduledThreadPoolExecutor.java:305)
	at java.base/java.util.concurrent.ThreadPoolExecutor.runWorker(ThreadPoolExecutor.java:1136)
	at java.base/java.util.concurrent.ThreadPoolExecutor$Worker.run(ThreadPoolExecutor.java:635)
	at java.base/java.lang.Thread.run(Thread.java:840)
Caused by: java.sql.SQLException: HikariDataSource HikariDataSource (AimingHikariCP) has been closed.
	at com.zaxxer.hikari.HikariDataSource.getConnection(HikariDataSource.java:96)
	at org.springframework.jdbc.datasource.DataSourceUtils.fetchConnection(DataSourceUtils.java:160)
	at org.springframework.jdbc.datasource.DataSourceUtils.doGetConnection(DataSourceUtils.java:118)
	at org.springframework.jdbc.datasource.DataSourceUtils.getConnection(DataSourceUtils.java:81)
	... 20 common frames omitted
2026-10-02 05:06:34.476 [pool-3-thread-3] [] WARN  c.c.g.r.c.t.c.AgentCronTaskExecutor - AgentCronTaskExecutor.onError: taskId=a2731d5d-92a0-4dcc-8651-8295b1cdc1f4, error=cognitive mental scan failed
2026-10-02 05:06:34.477 [pool-3-thread-3] [] WARN  c.c.g.r.c.t.s.TaskSchedulerServiceImpl - 定时任务提交失败 taskId=a2731d5d-92a0-4dcc-8651-8295b1cdc1f4 scheduleId=c75431f7-3451-4a76-af7c-6089a4e233ae: Task execution failed: cognitive mental scan failed
2026-10-02 05:16:34.465 [pool-3-thread-3] [] INFO  c.c.g.r.c.t.s.i.TaskManagementServiceImpl - 任务已提交: taskId=a2731d5d-92a0-4dcc-8651-8295b1cdc1f4, taskName=cognitive-mental-scan
2026-10-02 05:16:34.469 [pool-3-thread-3] [] INFO  c.c.g.r.c.t.s.i.TaskManagementServiceImpl - 任务已解析: taskId=a2731d5d-92a0-4dcc-8651-8295b1cdc1f4
2026-10-02 05:16:34.471 [pool-3-thread-3] [] ERROR c.c.g.e.c.s.mental.MentalScanTask - PMO-59 心智层补算任务执行失败: Failed to obtain JDBC Connection
org.springframework.jdbc.CannotGetJdbcConnectionException: Failed to obtain JDBC Connection
	at org.springframework.jdbc.datasource.DataSourceUtils.getConnection(DataSourceUtils.java:84)
	at org.springframework.jdbc.core.JdbcTemplate.execute(JdbcTemplate.java:653)
	at org.springframework.jdbc.core.JdbcTemplate.query(JdbcTemplate.java:723)
	at org.springframework.jdbc.core.JdbcTemplate.query(JdbcTemplate.java:754)
	at org.springframework.jdbc.core.JdbcTemplate.query(JdbcTemplate.java:767)
	at org.springframework.jdbc.core.JdbcTemplate.query(JdbcTemplate.java:820)
	at org.springframework.jdbc.core.JdbcTemplate.queryForList(JdbcTemplate.java:952)
	at com.chinacreator.gzcm.engine.cognitive2.service.EvidenceStore.list(EvidenceStore.java:120)
	at com.chinacreator.gzcm.engine.cognitive2.service.CognitiveEvidenceService.list(CognitiveEvidenceService.java:148)
	at com.chinacreator.gzcm.engine.cognitive2.service.mental.MentalScanTask.scanOnce(MentalScanTask.java:94)
	at com.chinacreator.gzcm.engine.cognitive2.service.mental.MentalScanTask$MentalScanTaskExecutor.execute(MentalScanTask.java:163)
	at com.chinacreator.gzcm.runtime.core.task.service.impl.TaskManagementServiceImpl.executeTask(TaskManagementServiceImpl.java:204)
	at com.chinacreator.gzcm.runtime.core.task.service.impl.TaskManagementServiceImpl.submitAndExecute(TaskManagementServiceImpl.java:343)
	at com.chinacreator.gzcm.runtime.core.task.scheduling.TaskSchedulerServiceImpl.executeTask(TaskSchedulerServiceImpl.java:322)
	at com.chinacreator.gzcm.runtime.core.task.scheduling.TaskSchedulerServiceImpl.lambda$schedulePeriodicTask$3(TaskSchedulerServiceImpl.java:231)
	at java.base/java.util.concurrent.Executors$RunnableAdapter.call(Executors.java:539)
	at java.base/java.util.concurrent.FutureTask.runAndReset(FutureTask.java:305)
	at java.base/java.util.concurrent.ScheduledThreadPoolExecutor$ScheduledFutureTask.run(ScheduledThreadPoolExecutor.java:305)
	at java.base/java.util.concurrent.ThreadPoolExecutor.runWorker(ThreadPoolExecutor.java:1136)
	at java.base/java.util.concurrent.ThreadPoolExecutor$Worker.run(ThreadPoolExecutor.java:635)
	at java.base/java.lang.Thread.run(Thread.java:840)
Caused by: java.sql.SQLException: HikariDataSource HikariDataSource (AimingHikariCP) has been closed.
	at com.zaxxer.hikari.HikariDataSource.getConnection(HikariDataSource.java:96)
	at org.springframework.jdbc.datasource.DataSourceUtils.fetchConnection(DataSourceUtils.java:160)
	at org.springframework.jdbc.datasource.DataSourceUtils.doGetConnection(DataSourceUtils.java:118)
	at org.springframework.jdbc.datasource.DataSourceUtils.getConnection(DataSourceUtils.java:81)
	... 20 common frames omitted
2026-10-02 05:16:34.472 [pool-3-thread-3] [] WARN  c.c.g.r.c.t.c.AgentCronTaskExecutor - AgentCronTaskExecutor.onError: taskId=a2731d5d-92a0-4dcc-8651-8295b1cdc1f4, error=cognitive mental scan failed
2026-10-02 05:16:34.473 [pool-3-thread-3] [] WARN  c.c.g.r.c.t.s.TaskSchedulerServiceImpl - 定时任务提交失败 taskId=a2731d5d-92a0-4dcc-8651-8295b1cdc1f4 scheduleId=c75431f7-3451-4a76-af7c-6089a4e233ae: Task execution failed: cognitive mental scan failed
2026-10-02 05:26:34.468 [pool-3-thread-3] [] INFO  c.c.g.r.c.t.s.i.TaskManagementServiceImpl - 任务已提交: taskId=a2731d5d-92a0-4dcc-8651-8295b1cdc1f4, taskName=cognitive-mental-scan
2026-10-02 05:26:34.480 [pool-3-thread-3] [] INFO  c.c.g.r.c.t.s.i.TaskManagementServiceImpl - 任务已解析: taskId=a2731d5d-92a0-4dcc-8651-8295b1cdc1f4
2026-10-02 05:26:34.481 [pool-3-thread-3] [] ERROR c.c.g.e.c.s.mental.MentalScanTask - PMO-59 心智层补算任务执行失败: Failed to obtain JDBC Connection
org.springframework.jdbc.CannotGetJdbcConnectionException: Failed to obtain JDBC Connection
	at org.springframework.jdbc.datasource.DataSourceUtils.getConnection(DataSourceUtils.java:84)
	at org.springframework.jdbc.core.JdbcTemplate.execute(JdbcTemplate.java:653)
	at org.springframework.jdbc.core.JdbcTemplate.query(JdbcTemplate.java:723)
	at org.springframework.jdbc.core.JdbcTemplate.query(JdbcTemplate.java:754)
	at org.springframework.jdbc.core.JdbcTemplate.query(JdbcTemplate.java:767)
	at org.springframework.jdbc.core.JdbcTemplate.query(JdbcTemplate.java:820)
	at org.springframework.jdbc.core.JdbcTemplate.queryForList(JdbcTemplate.java:952)
	at com.chinacreator.gzcm.engine.cognitive2.service.EvidenceStore.list(EvidenceStore.java:120)
	at com.chinacreator.gzcm.engine.cognitive2.service.CognitiveEvidenceService.list(CognitiveEvidenceService.java:148)
	at com.chinacreator.gzcm.engine.cognitive2.service.mental.MentalScanTask.scanOnce(MentalScanTask.java:94)
	at com.chinacreator.gzcm.engine.cognitive2.service.mental.MentalScanTask$MentalScanTaskExecutor.execute(MentalScanTask.java:163)
	at com.chinacreator.gzcm.runtime.core.task.service.impl.TaskManagementServiceImpl.executeTask(TaskManagementServiceImpl.java:204)
	at com.chinacreator.gzcm.runtime.core.task.service.impl.TaskManagementServiceImpl.submitAndExecute(TaskManagementServiceImpl.java:343)
	at com.chinacreator.gzcm.runtime.core.task.scheduling.TaskSchedulerServiceImpl.executeTask(TaskSchedulerServiceImpl.java:322)
	at com.chinacreator.gzcm.runtime.core.task.scheduling.TaskSchedulerServiceImpl.lambda$schedulePeriodicTask$3(TaskSchedulerServiceImpl.java:231)
	at java.base/java.util.concurrent.Executors$RunnableAdapter.call(Executors.java:539)
	at java.base/java.util.concurrent.FutureTask.runAndReset(FutureTask.java:305)
	at java.base/java.util.concurrent.ScheduledThreadPoolExecutor$ScheduledFutureTask.run(ScheduledThreadPoolExecutor.java:305)
	at java.base/java.util.concurrent.ThreadPoolExecutor.runWorker(ThreadPoolExecutor.java:1136)
	at java.base/java.util.concurrent.ThreadPoolExecutor$Worker.run(ThreadPoolExecutor.java:635)
	at java.base/java.lang.Thread.run(Thread.java:840)
Caused by: java.sql.SQLException: HikariDataSource HikariDataSource (AimingHikariCP) has been closed.
	at com.zaxxer.hikari.HikariDataSource.getConnection(HikariDataSource.java:96)
	at org.springframework.jdbc.datasource.DataSourceUtils.fetchConnection(DataSourceUtils.java:160)
	at org.springframework.jdbc.datasource.DataSourceUtils.doGetConnection(DataSourceUtils.java:118)
	at org.springframework.jdbc.datasource.DataSourceUtils.getConnection(DataSourceUtils.java:81)
	... 20 common frames omitted
2026-10-02 05:26:34.482 [pool-3-thread-3] [] WARN  c.c.g.r.c.t.c.AgentCronTaskExecutor - AgentCronTaskExecutor.onError: taskId=a2731d5d-92a0-4dcc-8651-8295b1cdc1f4, error=cognitive mental scan failed
2026-10-02 05:26:34.484 [pool-3-thread-3] [] WARN  c.c.g.r.c.t.s.TaskSchedulerServiceImpl - 定时任务提交失败 taskId=a2731d5d-92a0-4dcc-8651-8295b1cdc1f4 scheduleId=c75431f7-3451-4a76-af7c-6089a4e233ae: Task execution failed: cognitive mental scan failed
2026-10-02 05:36:34.466 [pool-3-thread-3] [] INFO  c.c.g.r.c.t.s.i.TaskManagementServiceImpl - 任务已提交: taskId=a2731d5d-92a0-4dcc-8651-8295b1cdc1f4, taskName=cognitive-mental-scan
2026-10-02 05:36:34.467 [pool-3-thread-3] [] INFO  c.c.g.r.c.t.s.i.TaskManagementServiceImpl - 任务已解析: taskId=a2731d5d-92a0-4dcc-8651-8295b1cdc1f4
2026-10-02 05:36:34.468 [pool-3-thread-3] [] ERROR c.c.g.e.c.s.mental.MentalScanTask - PMO-59 心智层补算任务执行失败: Failed to obtain JDBC Connection
org.springframework.jdbc.CannotGetJdbcConnectionException: Failed to obtain JDBC Connection
	at org.springframework.jdbc.datasource.DataSourceUtils.getConnection(DataSourceUtils.java:84)
	at org.springframework.jdbc.core.JdbcTemplate.execute(JdbcTemplate.java:653)
	at org.springframework.jdbc.core.JdbcTemplate.query(JdbcTemplate.java:723)
	at org.springframework.jdbc.core.JdbcTemplate.query(JdbcTemplate.java:754)
	at org.springframework.jdbc.core.JdbcTemplate.query(JdbcTemplate.java:767)
	at org.springframework.jdbc.core.JdbcTemplate.query(JdbcTemplate.java:820)
	at org.springframework.jdbc.core.JdbcTemplate.queryForList(JdbcTemplate.java:952)
	at com.chinacreator.gzcm.engine.cognitive2.service.EvidenceStore.list(EvidenceStore.java:120)
	at com.chinacreator.gzcm.engine.cognitive2.service.CognitiveEvidenceService.list(CognitiveEvidenceService.java:148)
	at com.chinacreator.gzcm.engine.cognitive2.service.mental.MentalScanTask.scanOnce(MentalScanTask.java:94)
	at com.chinacreator.gzcm.engine.cognitive2.service.mental.MentalScanTask$MentalScanTaskExecutor.execute(MentalScanTask.java:163)
	at com.chinacreator.gzcm.runtime.core.task.service.impl.TaskManagementServiceImpl.executeTask(TaskManagementServiceImpl.java:204)
	at com.chinacreator.gzcm.runtime.core.task.service.impl.TaskManagementServiceImpl.submitAndExecute(TaskManagementServiceImpl.java:343)
	at com.chinacreator.gzcm.runtime.core.task.scheduling.TaskSchedulerServiceImpl.executeTask(TaskSchedulerServiceImpl.java:322)
	at com.chinacreator.gzcm.runtime.core.task.scheduling.TaskSchedulerServiceImpl.lambda$schedulePeriodicTask$3(TaskSchedulerServiceImpl.java:231)
	at java.base/java.util.concurrent.Executors$RunnableAdapter.call(Executors.java:539)
	at java.base/java.util.concurrent.FutureTask.runAndReset(FutureTask.java:305)
	at java.base/java.util.concurrent.ScheduledThreadPoolExecutor$ScheduledFutureTask.run(ScheduledThreadPoolExecutor.java:305)
	at java.base/java.util.concurrent.ThreadPoolExecutor.runWorker(ThreadPoolExecutor.java:1136)
	at java.base/java.util.concurrent.ThreadPoolExecutor$Worker.run(ThreadPoolExecutor.java:635)
	at java.base/java.lang.Thread.run(Thread.java:840)
Caused by: java.sql.SQLException: HikariDataSource HikariDataSource (AimingHikariCP) has been closed.
	at com.zaxxer.hikari.HikariDataSource.getConnection(HikariDataSource.java:96)
	at org.springframework.jdbc.datasource.DataSourceUtils.fetchConnection(DataSourceUtils.java:160)
	at org.springframework.jdbc.datasource.DataSourceUtils.doGetConnection(DataSourceUtils.java:118)
	at org.springframework.jdbc.datasource.DataSourceUtils.getConnection(DataSourceUtils.java:81)
	... 20 common frames omitted
2026-10-02 05:36:34.468 [pool-3-thread-3] [] WARN  c.c.g.r.c.t.c.AgentCronTaskExecutor - AgentCronTaskExecutor.onError: taskId=a2731d5d-92a0-4dcc-8651-8295b1cdc1f4, error=cognitive mental scan failed
2026-10-02 05:36:34.470 [pool-3-thread-3] [] WARN  c.c.g.r.c.t.s.TaskSchedulerServiceImpl - 定时任务提交失败 taskId=a2731d5d-92a0-4dcc-8651-8295b1cdc1f4 scheduleId=c75431f7-3451-4a76-af7c-6089a4e233ae: Task execution failed: cognitive mental scan failed
2026-10-02 05:46:34.457 [pool-3-thread-3] [] INFO  c.c.g.r.c.t.s.i.TaskManagementServiceImpl - 任务已提交: taskId=a2731d5d-92a0-4dcc-8651-8295b1cdc1f4, taskName=cognitive-mental-scan
2026-10-02 05:46:34.468 [pool-3-thread-3] [] INFO  c.c.g.r.c.t.s.i.TaskManagementServiceImpl - 任务已解析: taskId=a2731d5d-92a0-4dcc-8651-8295b1cdc1f4
2026-10-02 05:46:34.469 [pool-3-thread-3] [] ERROR c.c.g.e.c.s.mental.MentalScanTask - PMO-59 心智层补算任务执行失败: Failed to obtain JDBC Connection
org.springframework.jdbc.CannotGetJdbcConnectionException: Failed to obtain JDBC Connection
	at org.springframework.jdbc.datasource.DataSourceUtils.getConnection(DataSourceUtils.java:84)
	at org.springframework.jdbc.core.JdbcTemplate.execute(JdbcTemplate.java:653)
	at org.springframework.jdbc.core.JdbcTemplate.query(JdbcTemplate.java:723)
	at org.springframework.jdbc.core.JdbcTemplate.query(JdbcTemplate.java:754)
	at org.springframework.jdbc.core.JdbcTemplate.query(JdbcTemplate.java:767)
	at org.springframework.jdbc.core.JdbcTemplate.query(JdbcTemplate.java:820)
	at org.springframework.jdbc.core.JdbcTemplate.queryForList(JdbcTemplate.java:952)
	at com.chinacreator.gzcm.engine.cognitive2.service.EvidenceStore.list(EvidenceStore.java:120)
	at com.chinacreator.gzcm.engine.cognitive2.service.CognitiveEvidenceService.list(CognitiveEvidenceService.java:148)
	at com.chinacreator.gzcm.engine.cognitive2.service.mental.MentalScanTask.scanOnce(MentalScanTask.java:94)
	at com.chinacreator.gzcm.engine.cognitive2.service.mental.MentalScanTask$MentalScanTaskExecutor.execute(MentalScanTask.java:163)
	at com.chinacreator.gzcm.runtime.core.task.service.impl.TaskManagementServiceImpl.executeTask(TaskManagementServiceImpl.java:204)
	at com.chinacreator.gzcm.runtime.core.task.service.impl.TaskManagementServiceImpl.submitAndExecute(TaskManagementServiceImpl.java:343)
	at com.chinacreator.gzcm.runtime.core.task.scheduling.TaskSchedulerServiceImpl.executeTask(TaskSchedulerServiceImpl.java:322)
	at com.chinacreator.gzcm.runtime.core.task.scheduling.TaskSchedulerServiceImpl.lambda$schedulePeriodicTask$3(TaskSchedulerServiceImpl.java:231)
	at java.base/java.util.concurrent.Executors$RunnableAdapter.call(Executors.java:539)
	at java.base/java.util.concurrent.FutureTask.runAndReset(FutureTask.java:305)
	at java.base/java.util.concurrent.ScheduledThreadPoolExecutor$ScheduledFutureTask.run(ScheduledThreadPoolExecutor.java:305)
	at java.base/java.util.concurrent.ThreadPoolExecutor.runWorker(ThreadPoolExecutor.java:1136)
	at java.base/java.util.concurrent.ThreadPoolExecutor$Worker.run(ThreadPoolExecutor.java:635)
	at java.base/java.lang.Thread.run(Thread.java:840)
Caused by: java.sql.SQLException: HikariDataSource HikariDataSource (AimingHikariCP) has been closed.
	at com.zaxxer.hikari.HikariDataSource.getConnection(HikariDataSource.java:96)
	at org.springframework.jdbc.datasource.DataSourceUtils.fetchConnection(DataSourceUtils.java:160)
	at org.springframework.jdbc.datasource.DataSourceUtils.doGetConnection(DataSourceUtils.java:118)
	at org.springframework.jdbc.datasource.DataSourceUtils.getConnection(DataSourceUtils.java:81)
	... 20 common frames omitted
2026-10-02 05:46:34.470 [pool-3-thread-3] [] WARN  c.c.g.r.c.t.c.AgentCronTaskExecutor - AgentCronTaskExecutor.onError: taskId=a2731d5d-92a0-4dcc-8651-8295b1cdc1f4, error=cognitive mental scan failed
2026-10-02 05:46:34.471 [pool-3-thread-3] [] WARN  c.c.g.r.c.t.s.TaskSchedulerServiceImpl - 定时任务提交失败 taskId=a2731d5d-92a0-4dcc-8651-8295b1cdc1f4 scheduleId=c75431f7-3451-4a76-af7c-6089a4e233ae: Task execution failed: cognitive mental scan failed
2026-10-02 05:56:34.463 [pool-3-thread-3] [] INFO  c.c.g.r.c.t.s.i.TaskManagementServiceImpl - 任务已提交: taskId=a2731d5d-92a0-4dcc-8651-8295b1cdc1f4, taskName=cognitive-mental-scan
2026-10-02 05:56:34.473 [pool-3-thread-3] [] INFO  c.c.g.r.c.t.s.i.TaskManagementServiceImpl - 任务已解析: taskId=a2731d5d-92a0-4dcc-8651-8295b1cdc1f4
2026-10-02 05:56:34.482 [pool-3-thread-3] [] ERROR c.c.g.e.c.s.mental.MentalScanTask - PMO-59 心智层补算任务执行失败: Failed to obtain JDBC Connection
org.springframework.jdbc.CannotGetJdbcConnectionException: Failed to obtain JDBC Connection
	at org.springframework.jdbc.datasource.DataSourceUtils.getConnection(DataSourceUtils.java:84)
	at org.springframework.jdbc.core.JdbcTemplate.execute(JdbcTemplate.java:653)
	at org.springframework.jdbc.core.JdbcTemplate.query(JdbcTemplate.java:723)
	at org.springframework.jdbc.core.JdbcTemplate.query(JdbcTemplate.java:754)
	at org.springframework.jdbc.core.JdbcTemplate.query(JdbcTemplate.java:767)
	at org.springframework.jdbc.core.JdbcTemplate.query(JdbcTemplate.java:820)
	at org.springframework.jdbc.core.JdbcTemplate.queryForList(JdbcTemplate.java:952)
	at com.chinacreator.gzcm.engine.cognitive2.service.EvidenceStore.list(EvidenceStore.java:120)
	at com.chinacreator.gzcm.engine.cognitive2.service.CognitiveEvidenceService.list(CognitiveEvidenceService.java:148)
	at com.chinacreator.gzcm.engine.cognitive2.service.mental.MentalScanTask.scanOnce(MentalScanTask.java:94)
	at com.chinacreator.gzcm.engine.cognitive2.service.mental.MentalScanTask$MentalScanTaskExecutor.execute(MentalScanTask.java:163)
	at com.chinacreator.gzcm.runtime.core.task.service.impl.TaskManagementServiceImpl.executeTask(TaskManagementServiceImpl.java:204)
	at com.chinacreator.gzcm.runtime.core.task.service.impl.TaskManagementServiceImpl.submitAndExecute(TaskManagementServiceImpl.java:343)
	at com.chinacreator.gzcm.runtime.core.task.scheduling.TaskSchedulerServiceImpl.executeTask(TaskSchedulerServiceImpl.java:322)
	at com.chinacreator.gzcm.runtime.core.task.scheduling.TaskSchedulerServiceImpl.lambda$schedulePeriodicTask$3(TaskSchedulerServiceImpl.java:231)
	at java.base/java.util.concurrent.Executors$RunnableAdapter.call(Executors.java:539)
	at java.base/java.util.concurrent.FutureTask.runAndReset(FutureTask.java:305)
	at java.base/java.util.concurrent.ScheduledThreadPoolExecutor$ScheduledFutureTask.run(ScheduledThreadPoolExecutor.java:305)
	at java.base/java.util.concurrent.ThreadPoolExecutor.runWorker(ThreadPoolExecutor.java:1136)
	at java.base/java.util.concurrent.ThreadPoolExecutor$Worker.run(ThreadPoolExecutor.java:635)
	at java.base/java.lang.Thread.run(Thread.java:840)
Caused by: java.sql.SQLException: HikariDataSource HikariDataSource (AimingHikariCP) has been closed.
	at com.zaxxer.hikari.HikariDataSource.getConnection(HikariDataSource.java:96)
	at org.springframework.jdbc.datasource.DataSourceUtils.fetchConnection(DataSourceUtils.java:160)
	at org.springframework.jdbc.datasource.DataSourceUtils.doGetConnection(DataSourceUtils.java:118)
	at org.springframework.jdbc.datasource.DataSourceUtils.getConnection(DataSourceUtils.java:81)
	... 20 common frames omitted
2026-10-02 05:56:34.500 [pool-3-thread-3] [] WARN  c.c.g.r.c.t.c.AgentCronTaskExecutor - AgentCronTaskExecutor.onError: taskId=a2731d5d-92a0-4dcc-8651-8295b1cdc1f4, error=cognitive mental scan failed
2026-10-02 05:56:34.506 [pool-3-thread-3] [] WARN  c.c.g.r.c.t.s.TaskSchedulerServiceImpl - 定时任务提交失败 taskId=a2731d5d-92a0-4dcc-8651-8295b1cdc1f4 scheduleId=c75431f7-3451-4a76-af7c-6089a4e233ae: Task execution failed: cognitive mental scan failed
2026-10-02 06:06:34.465 [pool-3-thread-3] [] INFO  c.c.g.r.c.t.s.i.TaskManagementServiceImpl - 任务已提交: taskId=a2731d5d-92a0-4dcc-8651-8295b1cdc1f4, taskName=cognitive-mental-scan
2026-10-02 06:06:34.467 [pool-3-thread-3] [] INFO  c.c.g.r.c.t.s.i.TaskManagementServiceImpl - 任务已解析: taskId=a2731d5d-92a0-4dcc-8651-8295b1cdc1f4
2026-10-02 06:06:34.468 [pool-3-thread-3] [] ERROR c.c.g.e.c.s.mental.MentalScanTask - PMO-59 心智层补算任务执行失败: Failed to obtain JDBC Connection
org.springframework.jdbc.CannotGetJdbcConnectionException: Failed to obtain JDBC Connection
	at org.springframework.jdbc.datasource.DataSourceUtils.getConnection(DataSourceUtils.java:84)
	at org.springframework.jdbc.core.JdbcTemplate.execute(JdbcTemplate.java:653)
	at org.springframework.jdbc.core.JdbcTemplate.query(JdbcTemplate.java:723)
	at org.springframework.jdbc.core.JdbcTemplate.query(JdbcTemplate.java:754)
	at org.springframework.jdbc.core.JdbcTemplate.query(JdbcTemplate.java:767)
	at org.springframework.jdbc.core.JdbcTemplate.query(JdbcTemplate.java:820)
	at org.springframework.jdbc.core.JdbcTemplate.queryForList(JdbcTemplate.java:952)
	at com.chinacreator.gzcm.engine.cognitive2.service.EvidenceStore.list(EvidenceStore.java:120)
	at com.chinacreator.gzcm.engine.cognitive2.service.CognitiveEvidenceService.list(CognitiveEvidenceService.java:148)
	at com.chinacreator.gzcm.engine.cognitive2.service.mental.MentalScanTask.scanOnce(MentalScanTask.java:94)
	at com.chinacreator.gzcm.engine.cognitive2.service.mental.MentalScanTask$MentalScanTaskExecutor.execute(MentalScanTask.java:163)
	at com.chinacreator.gzcm.runtime.core.task.service.impl.TaskManagementServiceImpl.executeTask(TaskManagementServiceImpl.java:204)
	at com.chinacreator.gzcm.runtime.core.task.service.impl.TaskManagementServiceImpl.submitAndExecute(TaskManagementServiceImpl.java:343)
	at com.chinacreator.gzcm.runtime.core.task.scheduling.TaskSchedulerServiceImpl.executeTask(TaskSchedulerServiceImpl.java:322)
	at com.chinacreator.gzcm.runtime.core.task.scheduling.TaskSchedulerServiceImpl.lambda$schedulePeriodicTask$3(TaskSchedulerServiceImpl.java:231)
	at java.base/java.util.concurrent.Executors$RunnableAdapter.call(Executors.java:539)
	at java.base/java.util.concurrent.FutureTask.runAndReset(FutureTask.java:305)
	at java.base/java.util.concurrent.ScheduledThreadPoolExecutor$ScheduledFutureTask.run(ScheduledThreadPoolExecutor.java:305)
	at java.base/java.util.concurrent.ThreadPoolExecutor.runWorker(ThreadPoolExecutor.java:1136)
	at java.base/java.util.concurrent.ThreadPoolExecutor$Worker.run(ThreadPoolExecutor.java:635)
	at java.base/java.lang.Thread.run(Thread.java:840)
Caused by: java.sql.SQLException: HikariDataSource HikariDataSource (AimingHikariCP) has been closed.
	at com.zaxxer.hikari.HikariDataSource.getConnection(HikariDataSource.java:96)
	at org.springframework.jdbc.datasource.DataSourceUtils.fetchConnection(DataSourceUtils.java:160)
	at org.springframework.jdbc.datasource.DataSourceUtils.doGetConnection(DataSourceUtils.java:118)
	at org.springframework.jdbc.datasource.DataSourceUtils.getConnection(DataSourceUtils.java:81)
	... 20 common frames omitted
2026-10-02 06:06:34.469 [pool-3-thread-3] [] WARN  c.c.g.r.c.t.c.AgentCronTaskExecutor - AgentCronTaskExecutor.onError: taskId=a2731d5d-92a0-4dcc-8651-8295b1cdc1f4, error=cognitive mental scan failed
2026-10-02 06:06:34.470 [pool-3-thread-3] [] WARN  c.c.g.r.c.t.s.TaskSchedulerServiceImpl - 定时任务提交失败 taskId=a2731d5d-92a0-4dcc-8651-8295b1cdc1f4 scheduleId=c75431f7-3451-4a76-af7c-6089a4e233ae: Task execution failed: cognitive mental scan failed
2026-10-02 06:16:34.464 [pool-3-thread-3] [] INFO  c.c.g.r.c.t.s.i.TaskManagementServiceImpl - 任务已提交: taskId=a2731d5d-92a0-4dcc-8651-8295b1cdc1f4, taskName=cognitive-mental-scan
2026-10-02 06:16:34.475 [pool-3-thread-3] [] INFO  c.c.g.r.c.t.s.i.TaskManagementServiceImpl - 任务已解析: taskId=a2731d5d-92a0-4dcc-8651-8295b1cdc1f4
2026-10-02 06:16:34.476 [pool-3-thread-3] [] ERROR c.c.g.e.c.s.mental.MentalScanTask - PMO-59 心智层补算任务执行失败: Failed to obtain JDBC Connection
org.springframework.jdbc.CannotGetJdbcConnectionException: Failed to obtain JDBC Connection
	at org.springframework.jdbc.datasource.DataSourceUtils.getConnection(DataSourceUtils.java:84)
	at org.springframework.jdbc.core.JdbcTemplate.execute(JdbcTemplate.java:653)
	at org.springframework.jdbc.core.JdbcTemplate.query(JdbcTemplate.java:723)
	at org.springframework.jdbc.core.JdbcTemplate.query(JdbcTemplate.java:754)
	at org.springframework.jdbc.core.JdbcTemplate.query(JdbcTemplate.java:767)
	at org.springframework.jdbc.core.JdbcTemplate.query(JdbcTemplate.java:820)
	at org.springframework.jdbc.core.JdbcTemplate.queryForList(JdbcTemplate.java:952)
	at com.chinacreator.gzcm.engine.cognitive2.service.EvidenceStore.list(EvidenceStore.java:120)
	at com.chinacreator.gzcm.engine.cognitive2.service.CognitiveEvidenceService.list(CognitiveEvidenceService.java:148)
	at com.chinacreator.gzcm.engine.cognitive2.service.mental.MentalScanTask.scanOnce(MentalScanTask.java:94)
	at com.chinacreator.gzcm.engine.cognitive2.service.mental.MentalScanTask$MentalScanTaskExecutor.execute(MentalScanTask.java:163)
	at com.chinacreator.gzcm.runtime.core.task.service.impl.TaskManagementServiceImpl.executeTask(TaskManagementServiceImpl.java:204)
	at com.chinacreator.gzcm.runtime.core.task.service.impl.TaskManagementServiceImpl.submitAndExecute(TaskManagementServiceImpl.java:343)
	at com.chinacreator.gzcm.runtime.core.task.scheduling.TaskSchedulerServiceImpl.executeTask(TaskSchedulerServiceImpl.java:322)
	at com.chinacreator.gzcm.runtime.core.task.scheduling.TaskSchedulerServiceImpl.lambda$schedulePeriodicTask$3(TaskSchedulerServiceImpl.java:231)
	at java.base/java.util.concurrent.Executors$RunnableAdapter.call(Executors.java:539)
	at java.base/java.util.concurrent.FutureTask.runAndReset(FutureTask.java:305)
	at java.base/java.util.concurrent.ScheduledThreadPoolExecutor$ScheduledFutureTask.run(ScheduledThreadPoolExecutor.java:305)
	at java.base/java.util.concurrent.ThreadPoolExecutor.runWorker(ThreadPoolExecutor.java:1136)
	at java.base/java.util.concurrent.ThreadPoolExecutor$Worker.run(ThreadPoolExecutor.java:635)
	at java.base/java.lang.Thread.run(Thread.java:840)
Caused by: java.sql.SQLException: HikariDataSource HikariDataSource (AimingHikariCP) has been closed.
	at com.zaxxer.hikari.HikariDataSource.getConnection(HikariDataSource.java:96)
	at org.springframework.jdbc.datasource.DataSourceUtils.fetchConnection(DataSourceUtils.java:160)
	at org.springframework.jdbc.datasource.DataSourceUtils.doGetConnection(DataSourceUtils.java:118)
	at org.springframework.jdbc.datasource.DataSourceUtils.getConnection(DataSourceUtils.java:81)
	... 20 common frames omitted
2026-10-02 06:16:34.477 [pool-3-thread-3] [] WARN  c.c.g.r.c.t.c.AgentCronTaskExecutor - AgentCronTaskExecutor.onError: taskId=a2731d5d-92a0-4dcc-8651-8295b1cdc1f4, error=cognitive mental scan failed
2026-10-02 06:16:34.477 [pool-3-thread-3] [] WARN  c.c.g.r.c.t.s.TaskSchedulerServiceImpl - 定时任务提交失败 taskId=a2731d5d-92a0-4dcc-8651-8295b1cdc1f4 scheduleId=c75431f7-3451-4a76-af7c-6089a4e233ae: Task execution failed: cognitive mental scan failed
2026-10-02 06:26:34.467 [pool-3-thread-3] [] INFO  c.c.g.r.c.t.s.i.TaskManagementServiceImpl - 任务已提交: taskId=a2731d5d-92a0-4dcc-8651-8295b1cdc1f4, taskName=cognitive-mental-scan
2026-10-02 06:26:34.477 [pool-3-thread-3] [] INFO  c.c.g.r.c.t.s.i.TaskManagementServiceImpl - 任务已解析: taskId=a2731d5d-92a0-4dcc-8651-8295b1cdc1f4
2026-10-02 06:26:34.478 [pool-3-thread-3] [] ERROR c.c.g.e.c.s.mental.MentalScanTask - PMO-59 心智层补算任务执行失败: Failed to obtain JDBC Connection
org.springframework.jdbc.CannotGetJdbcConnectionException: Failed to obtain JDBC Connection
	at org.springframework.jdbc.datasource.DataSourceUtils.getConnection(DataSourceUtils.java:84)
	at org.springframework.jdbc.core.JdbcTemplate.execute(JdbcTemplate.java:653)
	at org.springframework.jdbc.core.JdbcTemplate.query(JdbcTemplate.java:723)
	at org.springframework.jdbc.core.JdbcTemplate.query(JdbcTemplate.java:754)
	at org.springframework.jdbc.core.JdbcTemplate.query(JdbcTemplate.java:767)
	at org.springframework.jdbc.core.JdbcTemplate.query(JdbcTemplate.java:820)
	at org.springframework.jdbc.core.JdbcTemplate.queryForList(JdbcTemplate.java:952)
	at com.chinacreator.gzcm.engine.cognitive2.service.EvidenceStore.list(EvidenceStore.java:120)
	at com.chinacreator.gzcm.engine.cognitive2.service.CognitiveEvidenceService.list(CognitiveEvidenceService.java:148)
	at com.chinacreator.gzcm.engine.cognitive2.service.mental.MentalScanTask.scanOnce(MentalScanTask.java:94)
	at com.chinacreator.gzcm.engine.cognitive2.service.mental.MentalScanTask$MentalScanTaskExecutor.execute(MentalScanTask.java:163)
	at com.chinacreator.gzcm.runtime.core.task.service.impl.TaskManagementServiceImpl.executeTask(TaskManagementServiceImpl.java:204)
	at com.chinacreator.gzcm.runtime.core.task.service.impl.TaskManagementServiceImpl.submitAndExecute(TaskManagementServiceImpl.java:343)
	at com.chinacreator.gzcm.runtime.core.task.scheduling.TaskSchedulerServiceImpl.executeTask(TaskSchedulerServiceImpl.java:322)
	at com.chinacreator.gzcm.runtime.core.task.scheduling.TaskSchedulerServiceImpl.lambda$schedulePeriodicTask$3(TaskSchedulerServiceImpl.java:231)
	at java.base/java.util.concurrent.Executors$RunnableAdapter.call(Executors.java:539)
	at java.base/java.util.concurrent.FutureTask.runAndReset(FutureTask.java:305)
	at java.base/java.util.concurrent.ScheduledThreadPoolExecutor$ScheduledFutureTask.run(ScheduledThreadPoolExecutor.java:305)
	at java.base/java.util.concurrent.ThreadPoolExecutor.runWorker(ThreadPoolExecutor.java:1136)
	at java.base/java.util.concurrent.ThreadPoolExecutor$Worker.run(ThreadPoolExecutor.java:635)
	at java.base/java.lang.Thread.run(Thread.java:840)
Caused by: java.sql.SQLException: HikariDataSource HikariDataSource (AimingHikariCP) has been closed.
	at com.zaxxer.hikari.HikariDataSource.getConnection(HikariDataSource.java:96)
	at org.springframework.jdbc.datasource.DataSourceUtils.fetchConnection(DataSourceUtils.java:160)
	at org.springframework.jdbc.datasource.DataSourceUtils.doGetConnection(DataSourceUtils.java:118)
	at org.springframework.jdbc.datasource.DataSourceUtils.getConnection(DataSourceUtils.java:81)
	... 20 common frames omitted
2026-10-02 06:26:34.480 [pool-3-thread-3] [] WARN  c.c.g.r.c.t.c.AgentCronTaskExecutor - AgentCronTaskExecutor.onError: taskId=a2731d5d-92a0-4dcc-8651-8295b1cdc1f4, error=cognitive mental scan failed
2026-10-02 06:26:34.481 [pool-3-thread-3] [] WARN  c.c.g.r.c.t.s.TaskSchedulerServiceImpl - 定时任务提交失败 taskId=a2731d5d-92a0-4dcc-8651-8295b1cdc1f4 scheduleId=c75431f7-3451-4a76-af7c-6089a4e233ae: Task execution failed: cognitive mental scan failed
2026-10-02 06:36:34.471 [pool-3-thread-3] [] INFO  c.c.g.r.c.t.s.i.TaskManagementServiceImpl - 任务已提交: taskId=a2731d5d-92a0-4dcc-8651-8295b1cdc1f4, taskName=cognitive-mental-scan
2026-10-02 06:36:34.474 [pool-3-thread-3] [] INFO  c.c.g.r.c.t.s.i.TaskManagementServiceImpl - 任务已解析: taskId=a2731d5d-92a0-4dcc-8651-8295b1cdc1f4
2026-10-02 06:36:34.475 [pool-3-thread-3] [] ERROR c.c.g.e.c.s.mental.MentalScanTask - PMO-59 心智层补算任务执行失败: Failed to obtain JDBC Connection
org.springframework.jdbc.CannotGetJdbcConnectionException: Failed to obtain JDBC Connection
	at org.springframework.jdbc.datasource.DataSourceUtils.getConnection(DataSourceUtils.java:84)
	at org.springframework.jdbc.core.JdbcTemplate.execute(JdbcTemplate.java:653)
	at org.springframework.jdbc.core.JdbcTemplate.query(JdbcTemplate.java:723)
	at org.springframework.jdbc.core.JdbcTemplate.query(JdbcTemplate.java:754)
	at org.springframework.jdbc.core.JdbcTemplate.query(JdbcTemplate.java:767)
	at org.springframework.jdbc.core.JdbcTemplate.query(JdbcTemplate.java:820)
	at org.springframework.jdbc.core.JdbcTemplate.queryForList(JdbcTemplate.java:952)
	at com.chinacreator.gzcm.engine.cognitive2.service.EvidenceStore.list(EvidenceStore.java:120)
	at com.chinacreator.gzcm.engine.cognitive2.service.CognitiveEvidenceService.list(CognitiveEvidenceService.java:148)
	at com.chinacreator.gzcm.engine.cognitive2.service.mental.MentalScanTask.scanOnce(MentalScanTask.java:94)
	at com.chinacreator.gzcm.engine.cognitive2.service.mental.MentalScanTask$MentalScanTaskExecutor.execute(MentalScanTask.java:163)
	at com.chinacreator.gzcm.runtime.core.task.service.impl.TaskManagementServiceImpl.executeTask(TaskManagementServiceImpl.java:204)
	at com.chinacreator.gzcm.runtime.core.task.service.impl.TaskManagementServiceImpl.submitAndExecute(TaskManagementServiceImpl.java:343)
	at com.chinacreator.gzcm.runtime.core.task.scheduling.TaskSchedulerServiceImpl.executeTask(TaskSchedulerServiceImpl.java:322)
	at com.chinacreator.gzcm.runtime.core.task.scheduling.TaskSchedulerServiceImpl.lambda$schedulePeriodicTask$3(TaskSchedulerServiceImpl.java:231)
	at java.base/java.util.concurrent.Executors$RunnableAdapter.call(Executors.java:539)
	at java.base/java.util.concurrent.FutureTask.runAndReset(FutureTask.java:305)
	at java.base/java.util.concurrent.ScheduledThreadPoolExecutor$ScheduledFutureTask.run(ScheduledThreadPoolExecutor.java:305)
	at java.base/java.util.concurrent.ThreadPoolExecutor.runWorker(ThreadPoolExecutor.java:1136)
	at java.base/java.util.concurrent.ThreadPoolExecutor$Worker.run(ThreadPoolExecutor.java:635)
	at java.base/java.lang.Thread.run(Thread.java:840)
Caused by: java.sql.SQLException: HikariDataSource HikariDataSource (AimingHikariCP) has been closed.
	at com.zaxxer.hikari.HikariDataSource.getConnection(HikariDataSource.java:96)
	at org.springframework.jdbc.datasource.DataSourceUtils.fetchConnection(DataSourceUtils.java:160)
	at org.springframework.jdbc.datasource.DataSourceUtils.doGetConnection(DataSourceUtils.java:118)
	at org.springframework.jdbc.datasource.DataSourceUtils.getConnection(DataSourceUtils.java:81)
	... 20 common frames omitted
2026-10-02 06:36:34.476 [pool-3-thread-3] [] WARN  c.c.g.r.c.t.c.AgentCronTaskExecutor - AgentCronTaskExecutor.onError: taskId=a2731d5d-92a0-4dcc-8651-8295b1cdc1f4, error=cognitive mental scan failed
2026-10-02 06:36:34.477 [pool-3-thread-3] [] WARN  c.c.g.r.c.t.s.TaskSchedulerServiceImpl - 定时任务提交失败 taskId=a2731d5d-92a0-4dcc-8651-8295b1cdc1f4 scheduleId=c75431f7-3451-4a76-af7c-6089a4e233ae: Task execution failed: cognitive mental scan failed
2026-10-02 06:46:34.464 [pool-3-thread-3] [] INFO  c.c.g.r.c.t.s.i.TaskManagementServiceImpl - 任务已提交: taskId=a2731d5d-92a0-4dcc-8651-8295b1cdc1f4, taskName=cognitive-mental-scan
2026-10-02 06:46:34.475 [pool-3-thread-3] [] INFO  c.c.g.r.c.t.s.i.TaskManagementServiceImpl - 任务已解析: taskId=a2731d5d-92a0-4dcc-8651-8295b1cdc1f4
2026-10-02 06:46:34.476 [pool-3-thread-3] [] ERROR c.c.g.e.c.s.mental.MentalScanTask - PMO-59 心智层补算任务执行失败: Failed to obtain JDBC Connection
org.springframework.jdbc.CannotGetJdbcConnectionException: Failed to obtain JDBC Connection
	at org.springframework.jdbc.datasource.DataSourceUtils.getConnection(DataSourceUtils.java:84)
	at org.springframework.jdbc.core.JdbcTemplate.execute(JdbcTemplate.java:653)
	at org.springframework.jdbc.core.JdbcTemplate.query(JdbcTemplate.java:723)
	at org.springframework.jdbc.core.JdbcTemplate.query(JdbcTemplate.java:754)
	at org.springframework.jdbc.core.JdbcTemplate.query(JdbcTemplate.java:767)
	at org.springframework.jdbc.core.JdbcTemplate.query(JdbcTemplate.java:820)
	at org.springframework.jdbc.core.JdbcTemplate.queryForList(JdbcTemplate.java:952)
	at com.chinacreator.gzcm.engine.cognitive2.service.EvidenceStore.list(EvidenceStore.java:120)
	at com.chinacreator.gzcm.engine.cognitive2.service.CognitiveEvidenceService.list(CognitiveEvidenceService.java:148)
	at com.chinacreator.gzcm.engine.cognitive2.service.mental.MentalScanTask.scanOnce(MentalScanTask.java:94)
	at com.chinacreator.gzcm.engine.cognitive2.service.mental.MentalScanTask$MentalScanTaskExecutor.execute(MentalScanTask.java:163)
	at com.chinacreator.gzcm.runtime.core.task.service.impl.TaskManagementServiceImpl.executeTask(TaskManagementServiceImpl.java:204)
	at com.chinacreator.gzcm.runtime.core.task.service.impl.TaskManagementServiceImpl.submitAndExecute(TaskManagementServiceImpl.java:343)
	at com.chinacreator.gzcm.runtime.core.task.scheduling.TaskSchedulerServiceImpl.executeTask(TaskSchedulerServiceImpl.java:322)
	at com.chinacreator.gzcm.runtime.core.task.scheduling.TaskSchedulerServiceImpl.lambda$schedulePeriodicTask$3(TaskSchedulerServiceImpl.java:231)
	at java.base/java.util.concurrent.Executors$RunnableAdapter.call(Executors.java:539)
	at java.base/java.util.concurrent.FutureTask.runAndReset(FutureTask.java:305)
	at java.base/java.util.concurrent.ScheduledThreadPoolExecutor$ScheduledFutureTask.run(ScheduledThreadPoolExecutor.java:305)
	at java.base/java.util.concurrent.ThreadPoolExecutor.runWorker(ThreadPoolExecutor.java:1136)
	at java.base/java.util.concurrent.ThreadPoolExecutor$Worker.run(ThreadPoolExecutor.java:635)
	at java.base/java.lang.Thread.run(Thread.java:840)
Caused by: java.sql.SQLException: HikariDataSource HikariDataSource (AimingHikariCP) has been closed.
	at com.zaxxer.hikari.HikariDataSource.getConnection(HikariDataSource.java:96)
	at org.springframework.jdbc.datasource.DataSourceUtils.fetchConnection(DataSourceUtils.java:160)
	at org.springframework.jdbc.datasource.DataSourceUtils.doGetConnection(DataSourceUtils.java:118)
	at org.springframework.jdbc.datasource.DataSourceUtils.getConnection(DataSourceUtils.java:81)
	... 20 common frames omitted
2026-10-02 06:46:34.477 [pool-3-thread-3] [] WARN  c.c.g.r.c.t.c.AgentCronTaskExecutor - AgentCronTaskExecutor.onError: taskId=a2731d5d-92a0-4dcc-8651-8295b1cdc1f4, error=cognitive mental scan failed
2026-10-02 06:46:34.478 [pool-3-thread-3] [] WARN  c.c.g.r.c.t.s.TaskSchedulerServiceImpl - 定时任务提交失败 taskId=a2731d5d-92a0-4dcc-8651-8295b1cdc1f4 scheduleId=c75431f7-3451-4a76-af7c-6089a4e233ae: Task execution failed: cognitive mental scan failed
2026-10-02 06:56:34.463 [pool-3-thread-3] [] INFO  c.c.g.r.c.t.s.i.TaskManagementServiceImpl - 任务已提交: taskId=a2731d5d-92a0-4dcc-8651-8295b1cdc1f4, taskName=cognitive-mental-scan
2026-10-02 06:56:34.473 [pool-3-thread-3] [] INFO  c.c.g.r.c.t.s.i.TaskManagementServiceImpl - 任务已解析: taskId=a2731d5d-92a0-4dcc-8651-8295b1cdc1f4
2026-10-02 06:56:34.474 [pool-3-thread-3] [] ERROR c.c.g.e.c.s.mental.MentalScanTask - PMO-59 心智层补算任务执行失败: Failed to obtain JDBC Connection
org.springframework.jdbc.CannotGetJdbcConnectionException: Failed to obtain JDBC Connection
	at org.springframework.jdbc.datasource.DataSourceUtils.getConnection(DataSourceUtils.java:84)
	at org.springframework.jdbc.core.JdbcTemplate.execute(JdbcTemplate.java:653)
	at org.springframework.jdbc.core.JdbcTemplate.query(JdbcTemplate.java:723)
	at org.springframework.jdbc.core.JdbcTemplate.query(JdbcTemplate.java:754)
	at org.springframework.jdbc.core.JdbcTemplate.query(JdbcTemplate.java:767)
	at org.springframework.jdbc.core.JdbcTemplate.query(JdbcTemplate.java:820)
	at org.springframework.jdbc.core.JdbcTemplate.queryForList(JdbcTemplate.java:952)
	at com.chinacreator.gzcm.engine.cognitive2.service.EvidenceStore.list(EvidenceStore.java:120)
	at com.chinacreator.gzcm.engine.cognitive2.service.CognitiveEvidenceService.list(CognitiveEvidenceService.java:148)
	at com.chinacreator.gzcm.engine.cognitive2.service.mental.MentalScanTask.scanOnce(MentalScanTask.java:94)
	at com.chinacreator.gzcm.engine.cognitive2.service.mental.MentalScanTask$MentalScanTaskExecutor.execute(MentalScanTask.java:163)
	at com.chinacreator.gzcm.runtime.core.task.service.impl.TaskManagementServiceImpl.executeTask(TaskManagementServiceImpl.java:204)
	at com.chinacreator.gzcm.runtime.core.task.service.impl.TaskManagementServiceImpl.submitAndExecute(TaskManagementServiceImpl.java:343)
	at com.chinacreator.gzcm.runtime.core.task.scheduling.TaskSchedulerServiceImpl.executeTask(TaskSchedulerServiceImpl.java:322)
	at com.chinacreator.gzcm.runtime.core.task.scheduling.TaskSchedulerServiceImpl.lambda$schedulePeriodicTask$3(TaskSchedulerServiceImpl.java:231)
	at java.base/java.util.concurrent.Executors$RunnableAdapter.call(Executors.java:539)
	at java.base/java.util.concurrent.FutureTask.runAndReset(FutureTask.java:305)
	at java.base/java.util.concurrent.ScheduledThreadPoolExecutor$ScheduledFutureTask.run(ScheduledThreadPoolExecutor.java:305)
	at java.base/java.util.concurrent.ThreadPoolExecutor.runWorker(ThreadPoolExecutor.java:1136)
	at java.base/java.util.concurrent.ThreadPoolExecutor$Worker.run(ThreadPoolExecutor.java:635)
	at java.base/java.lang.Thread.run(Thread.java:840)
Caused by: java.sql.SQLException: HikariDataSource HikariDataSource (AimingHikariCP) has been closed.
	at com.zaxxer.hikari.HikariDataSource.getConnection(HikariDataSource.java:96)
	at org.springframework.jdbc.datasource.DataSourceUtils.fetchConnection(DataSourceUtils.java:160)
	at org.springframework.jdbc.datasource.DataSourceUtils.doGetConnection(DataSourceUtils.java:118)
	at org.springframework.jdbc.datasource.DataSourceUtils.getConnection(DataSourceUtils.java:81)
	... 20 common frames omitted
2026-10-02 06:56:34.474 [pool-3-thread-3] [] WARN  c.c.g.r.c.t.c.AgentCronTaskExecutor - AgentCronTaskExecutor.onError: taskId=a2731d5d-92a0-4dcc-8651-8295b1cdc1f4, error=cognitive mental scan failed
2026-10-02 06:56:34.475 [pool-3-thread-3] [] WARN  c.c.g.r.c.t.s.TaskSchedulerServiceImpl - 定时任务提交失败 taskId=a2731d5d-92a0-4dcc-8651-8295b1cdc1f4 scheduleId=c75431f7-3451-4a76-af7c-6089a4e233ae: Task execution failed: cognitive mental scan failed
2026-10-02 07:06:34.464 [pool-3-thread-3] [] INFO  c.c.g.r.c.t.s.i.TaskManagementServiceImpl - 任务已提交: taskId=a2731d5d-92a0-4dcc-8651-8295b1cdc1f4, taskName=cognitive-mental-scan
2026-10-02 07:06:34.465 [pool-3-thread-3] [] INFO  c.c.g.r.c.t.s.i.TaskManagementServiceImpl - 任务已解析: taskId=a2731d5d-92a0-4dcc-8651-8295b1cdc1f4
2026-10-02 07:06:34.466 [pool-3-thread-3] [] ERROR c.c.g.e.c.s.mental.MentalScanTask - PMO-59 心智层补算任务执行失败: Failed to obtain JDBC Connection
org.springframework.jdbc.CannotGetJdbcConnectionException: Failed to obtain JDBC Connection
	at org.springframework.jdbc.datasource.DataSourceUtils.getConnection(DataSourceUtils.java:84)
	at org.springframework.jdbc.core.JdbcTemplate.execute(JdbcTemplate.java:653)
	at org.springframework.jdbc.core.JdbcTemplate.query(JdbcTemplate.java:723)
	at org.springframework.jdbc.core.JdbcTemplate.query(JdbcTemplate.java:754)
	at org.springframework.jdbc.core.JdbcTemplate.query(JdbcTemplate.java:767)
	at org.springframework.jdbc.core.JdbcTemplate.query(JdbcTemplate.java:820)
	at org.springframework.jdbc.core.JdbcTemplate.queryForList(JdbcTemplate.java:952)
	at com.chinacreator.gzcm.engine.cognitive2.service.EvidenceStore.list(EvidenceStore.java:120)
	at com.chinacreator.gzcm.engine.cognitive2.service.CognitiveEvidenceService.list(CognitiveEvidenceService.java:148)
	at com.chinacreator.gzcm.engine.cognitive2.service.mental.MentalScanTask.scanOnce(MentalScanTask.java:94)
	at com.chinacreator.gzcm.engine.cognitive2.service.mental.MentalScanTask$MentalScanTaskExecutor.execute(MentalScanTask.java:163)
	at com.chinacreator.gzcm.runtime.core.task.service.impl.TaskManagementServiceImpl.executeTask(TaskManagementServiceImpl.java:204)
	at com.chinacreator.gzcm.runtime.core.task.service.impl.TaskManagementServiceImpl.submitAndExecute(TaskManagementServiceImpl.java:343)
	at com.chinacreator.gzcm.runtime.core.task.scheduling.TaskSchedulerServiceImpl.executeTask(TaskSchedulerServiceImpl.java:322)
	at com.chinacreator.gzcm.runtime.core.task.scheduling.TaskSchedulerServiceImpl.lambda$schedulePeriodicTask$3(TaskSchedulerServiceImpl.java:231)
	at java.base/java.util.concurrent.Executors$RunnableAdapter.call(Executors.java:539)
	at java.base/java.util.concurrent.FutureTask.runAndReset(FutureTask.java:305)
	at java.base/java.util.concurrent.ScheduledThreadPoolExecutor$ScheduledFutureTask.run(ScheduledThreadPoolExecutor.java:305)
	at java.base/java.util.concurrent.ThreadPoolExecutor.runWorker(ThreadPoolExecutor.java:1136)
	at java.base/java.util.concurrent.ThreadPoolExecutor$Worker.run(ThreadPoolExecutor.java:635)
	at java.base/java.lang.Thread.run(Thread.java:840)
Caused by: java.sql.SQLException: HikariDataSource HikariDataSource (AimingHikariCP) has been closed.
	at com.zaxxer.hikari.HikariDataSource.getConnection(HikariDataSource.java:96)
	at org.springframework.jdbc.datasource.DataSourceUtils.fetchConnection(DataSourceUtils.java:160)
	at org.springframework.jdbc.datasource.DataSourceUtils.doGetConnection(DataSourceUtils.java:118)
	at org.springframework.jdbc.datasource.DataSourceUtils.getConnection(DataSourceUtils.java:81)
	... 20 common frames omitted
2026-10-02 07:06:34.469 [pool-3-thread-3] [] WARN  c.c.g.r.c.t.c.AgentCronTaskExecutor - AgentCronTaskExecutor.onError: taskId=a2731d5d-92a0-4dcc-8651-8295b1cdc1f4, error=cognitive mental scan failed
2026-10-02 07:06:34.470 [pool-3-thread-3] [] WARN  c.c.g.r.c.t.s.TaskSchedulerServiceImpl - 定时任务提交失败 taskId=a2731d5d-92a0-4dcc-8651-8295b1cdc1f4 scheduleId=c75431f7-3451-4a76-af7c-6089a4e233ae: Task execution failed: cognitive mental scan failed
2026-10-02 07:16:34.460 [pool-3-thread-3] [] INFO  c.c.g.r.c.t.s.i.TaskManagementServiceImpl - 任务已提交: taskId=a2731d5d-92a0-4dcc-8651-8295b1cdc1f4, taskName=cognitive-mental-scan
2026-10-02 07:16:34.471 [pool-3-thread-3] [] INFO  c.c.g.r.c.t.s.i.TaskManagementServiceImpl - 任务已解析: taskId=a2731d5d-92a0-4dcc-8651-8295b1cdc1f4
2026-10-02 07:16:34.471 [pool-3-thread-3] [] ERROR c.c.g.e.c.s.mental.MentalScanTask - PMO-59 心智层补算任务执行失败: Failed to obtain JDBC Connection
org.springframework.jdbc.CannotGetJdbcConnectionException: Failed to obtain JDBC Connection
	at org.springframework.jdbc.datasource.DataSourceUtils.getConnection(DataSourceUtils.java:84)
	at org.springframework.jdbc.core.JdbcTemplate.execute(JdbcTemplate.java:653)
	at org.springframework.jdbc.core.JdbcTemplate.query(JdbcTemplate.java:723)
	at org.springframework.jdbc.core.JdbcTemplate.query(JdbcTemplate.java:754)
	at org.springframework.jdbc.core.JdbcTemplate.query(JdbcTemplate.java:767)
	at org.springframework.jdbc.core.JdbcTemplate.query(JdbcTemplate.java:820)
	at org.springframework.jdbc.core.JdbcTemplate.queryForList(JdbcTemplate.java:952)
	at com.chinacreator.gzcm.engine.cognitive2.service.EvidenceStore.list(EvidenceStore.java:120)
	at com.chinacreator.gzcm.engine.cognitive2.service.CognitiveEvidenceService.list(CognitiveEvidenceService.java:148)
	at com.chinacreator.gzcm.engine.cognitive2.service.mental.MentalScanTask.scanOnce(MentalScanTask.java:94)
	at com.chinacreator.gzcm.engine.cognitive2.service.mental.MentalScanTask$MentalScanTaskExecutor.execute(MentalScanTask.java:163)
	at com.chinacreator.gzcm.runtime.core.task.service.impl.TaskManagementServiceImpl.executeTask(TaskManagementServiceImpl.java:204)
	at com.chinacreator.gzcm.runtime.core.task.service.impl.TaskManagementServiceImpl.submitAndExecute(TaskManagementServiceImpl.java:343)
	at com.chinacreator.gzcm.runtime.core.task.scheduling.TaskSchedulerServiceImpl.executeTask(TaskSchedulerServiceImpl.java:322)
	at com.chinacreator.gzcm.runtime.core.task.scheduling.TaskSchedulerServiceImpl.lambda$schedulePeriodicTask$3(TaskSchedulerServiceImpl.java:231)
	at java.base/java.util.concurrent.Executors$RunnableAdapter.call(Executors.java:539)
	at java.base/java.util.concurrent.FutureTask.runAndReset(FutureTask.java:305)
	at java.base/java.util.concurrent.ScheduledThreadPoolExecutor$ScheduledFutureTask.run(ScheduledThreadPoolExecutor.java:305)
	at java.base/java.util.concurrent.ThreadPoolExecutor.runWorker(ThreadPoolExecutor.java:1136)
	at java.base/java.util.concurrent.ThreadPoolExecutor$Worker.run(ThreadPoolExecutor.java:635)
	at java.base/java.lang.Thread.run(Thread.java:840)
Caused by: java.sql.SQLException: HikariDataSource HikariDataSource (AimingHikariCP) has been closed.
	at com.zaxxer.hikari.HikariDataSource.getConnection(HikariDataSource.java:96)
	at org.springframework.jdbc.datasource.DataSourceUtils.fetchConnection(DataSourceUtils.java:160)
	at org.springframework.jdbc.datasource.DataSourceUtils.doGetConnection(DataSourceUtils.java:118)
	at org.springframework.jdbc.datasource.DataSourceUtils.getConnection(DataSourceUtils.java:81)
	... 20 common frames omitted
2026-10-02 07:16:34.472 [pool-3-thread-3] [] WARN  c.c.g.r.c.t.c.AgentCronTaskExecutor - AgentCronTaskExecutor.onError: taskId=a2731d5d-92a0-4dcc-8651-8295b1cdc1f4, error=cognitive mental scan failed
2026-10-02 07:16:34.472 [pool-3-thread-3] [] WARN  c.c.g.r.c.t.s.TaskSchedulerServiceImpl - 定时任务提交失败 taskId=a2731d5d-92a0-4dcc-8651-8295b1cdc1f4 scheduleId=c75431f7-3451-4a76-af7c-6089a4e233ae: Task execution failed: cognitive mental scan failed
2026-10-02 07:26:34.458 [pool-3-thread-3] [] INFO  c.c.g.r.c.t.s.i.TaskManagementServiceImpl - 任务已提交: taskId=a2731d5d-92a0-4dcc-8651-8295b1cdc1f4, taskName=cognitive-mental-scan
2026-10-02 07:26:34.470 [pool-3-thread-3] [] INFO  c.c.g.r.c.t.s.i.TaskManagementServiceImpl - 任务已解析: taskId=a2731d5d-92a0-4dcc-8651-8295b1cdc1f4
2026-10-02 07:26:34.471 [pool-3-thread-3] [] ERROR c.c.g.e.c.s.mental.MentalScanTask - PMO-59 心智层补算任务执行失败: Failed to obtain JDBC Connection
org.springframework.jdbc.CannotGetJdbcConnectionException: Failed to obtain JDBC Connection
	at org.springframework.jdbc.datasource.DataSourceUtils.getConnection(DataSourceUtils.java:84)
	at org.springframework.jdbc.core.JdbcTemplate.execute(JdbcTemplate.java:653)
	at org.springframework.jdbc.core.JdbcTemplate.query(JdbcTemplate.java:723)
	at org.springframework.jdbc.core.JdbcTemplate.query(JdbcTemplate.java:754)
	at org.springframework.jdbc.core.JdbcTemplate.query(JdbcTemplate.java:767)
	at org.springframework.jdbc.core.JdbcTemplate.query(JdbcTemplate.java:820)
	at org.springframework.jdbc.core.JdbcTemplate.queryForList(JdbcTemplate.java:952)
	at com.chinacreator.gzcm.engine.cognitive2.service.EvidenceStore.list(EvidenceStore.java:120)
	at com.chinacreator.gzcm.engine.cognitive2.service.CognitiveEvidenceService.list(CognitiveEvidenceService.java:148)
	at com.chinacreator.gzcm.engine.cognitive2.service.mental.MentalScanTask.scanOnce(MentalScanTask.java:94)
	at com.chinacreator.gzcm.engine.cognitive2.service.mental.MentalScanTask$MentalScanTaskExecutor.execute(MentalScanTask.java:163)
	at com.chinacreator.gzcm.runtime.core.task.service.impl.TaskManagementServiceImpl.executeTask(TaskManagementServiceImpl.java:204)
	at com.chinacreator.gzcm.runtime.core.task.service.impl.TaskManagementServiceImpl.submitAndExecute(TaskManagementServiceImpl.java:343)
	at com.chinacreator.gzcm.runtime.core.task.scheduling.TaskSchedulerServiceImpl.executeTask(TaskSchedulerServiceImpl.java:322)
	at com.chinacreator.gzcm.runtime.core.task.scheduling.TaskSchedulerServiceImpl.lambda$schedulePeriodicTask$3(TaskSchedulerServiceImpl.java:231)
	at java.base/java.util.concurrent.Executors$RunnableAdapter.call(Executors.java:539)
	at java.base/java.util.concurrent.FutureTask.runAndReset(FutureTask.java:305)
	at java.base/java.util.concurrent.ScheduledThreadPoolExecutor$ScheduledFutureTask.run(ScheduledThreadPoolExecutor.java:305)
	at java.base/java.util.concurrent.ThreadPoolExecutor.runWorker(ThreadPoolExecutor.java:1136)
	at java.base/java.util.concurrent.ThreadPoolExecutor$Worker.run(ThreadPoolExecutor.java:635)
	at java.base/java.lang.Thread.run(Thread.java:840)
Caused by: java.sql.SQLException: HikariDataSource HikariDataSource (AimingHikariCP) has been closed.
	at com.zaxxer.hikari.HikariDataSource.getConnection(HikariDataSource.java:96)
	at org.springframework.jdbc.datasource.DataSourceUtils.fetchConnection(DataSourceUtils.java:160)
	at org.springframework.jdbc.datasource.DataSourceUtils.doGetConnection(DataSourceUtils.java:118)
	at org.springframework.jdbc.datasource.DataSourceUtils.getConnection(DataSourceUtils.java:81)
	... 20 common frames omitted
2026-10-02 07:26:34.472 [pool-3-thread-3] [] WARN  c.c.g.r.c.t.c.AgentCronTaskExecutor - AgentCronTaskExecutor.onError: taskId=a2731d5d-92a0-4dcc-8651-8295b1cdc1f4, error=cognitive mental scan failed
2026-10-02 07:26:34.473 [pool-3-thread-3] [] WARN  c.c.g.r.c.t.s.TaskSchedulerServiceImpl - 定时任务提交失败 taskId=a2731d5d-92a0-4dcc-8651-8295b1cdc1f4 scheduleId=c75431f7-3451-4a76-af7c-6089a4e233ae: Task execution failed: cognitive mental scan failed
2026-10-02 07:36:34.458 [pool-3-thread-3] [] INFO  c.c.g.r.c.t.s.i.TaskManagementServiceImpl - 任务已提交: taskId=a2731d5d-92a0-4dcc-8651-8295b1cdc1f4, taskName=cognitive-mental-scan
2026-10-02 07:36:34.470 [pool-3-thread-3] [] INFO  c.c.g.r.c.t.s.i.TaskManagementServiceImpl - 任务已解析: taskId=a2731d5d-92a0-4dcc-8651-8295b1cdc1f4
2026-10-02 07:36:34.470 [pool-3-thread-3] [] ERROR c.c.g.e.c.s.mental.MentalScanTask - PMO-59 心智层补算任务执行失败: Failed to obtain JDBC Connection
org.springframework.jdbc.CannotGetJdbcConnectionException: Failed to obtain JDBC Connection
	at org.springframework.jdbc.datasource.DataSourceUtils.getConnection(DataSourceUtils.java:84)
	at org.springframework.jdbc.core.JdbcTemplate.execute(JdbcTemplate.java:653)
	at org.springframework.jdbc.core.JdbcTemplate.query(JdbcTemplate.java:723)
	at org.springframework.jdbc.core.JdbcTemplate.query(JdbcTemplate.java:754)
	at org.springframework.jdbc.core.JdbcTemplate.query(JdbcTemplate.java:767)
	at org.springframework.jdbc.core.JdbcTemplate.query(JdbcTemplate.java:820)
	at org.springframework.jdbc.core.JdbcTemplate.queryForList(JdbcTemplate.java:952)
	at com.chinacreator.gzcm.engine.cognitive2.service.EvidenceStore.list(EvidenceStore.java:120)
	at com.chinacreator.gzcm.engine.cognitive2.service.CognitiveEvidenceService.list(CognitiveEvidenceService.java:148)
	at com.chinacreator.gzcm.engine.cognitive2.service.mental.MentalScanTask.scanOnce(MentalScanTask.java:94)
	at com.chinacreator.gzcm.engine.cognitive2.service.mental.MentalScanTask$MentalScanTaskExecutor.execute(MentalScanTask.java:163)
	at com.chinacreator.gzcm.runtime.core.task.service.impl.TaskManagementServiceImpl.executeTask(TaskManagementServiceImpl.java:204)
	at com.chinacreator.gzcm.runtime.core.task.service.impl.TaskManagementServiceImpl.submitAndExecute(TaskManagementServiceImpl.java:343)
	at com.chinacreator.gzcm.runtime.core.task.scheduling.TaskSchedulerServiceImpl.executeTask(TaskSchedulerServiceImpl.java:322)
	at com.chinacreator.gzcm.runtime.core.task.scheduling.TaskSchedulerServiceImpl.lambda$schedulePeriodicTask$3(TaskSchedulerServiceImpl.java:231)
	at java.base/java.util.concurrent.Executors$RunnableAdapter.call(Executors.java:539)
	at java.base/java.util.concurrent.FutureTask.runAndReset(FutureTask.java:305)
	at java.base/java.util.concurrent.ScheduledThreadPoolExecutor$ScheduledFutureTask.run(ScheduledThreadPoolExecutor.java:305)
	at java.base/java.util.concurrent.ThreadPoolExecutor.runWorker(ThreadPoolExecutor.java:1136)
	at java.base/java.util.concurrent.ThreadPoolExecutor$Worker.run(ThreadPoolExecutor.java:635)
	at java.base/java.lang.Thread.run(Thread.java:840)
Caused by: java.sql.SQLException: HikariDataSource HikariDataSource (AimingHikariCP) has been closed.
	at com.zaxxer.hikari.HikariDataSource.getConnection(HikariDataSource.java:96)
	at org.springframework.jdbc.datasource.DataSourceUtils.fetchConnection(DataSourceUtils.java:160)
	at org.springframework.jdbc.datasource.DataSourceUtils.doGetConnection(DataSourceUtils.java:118)
	at org.springframework.jdbc.datasource.DataSourceUtils.getConnection(DataSourceUtils.java:81)
	... 20 common frames omitted
2026-10-02 07:36:34.471 [pool-3-thread-3] [] WARN  c.c.g.r.c.t.c.AgentCronTaskExecutor - AgentCronTaskExecutor.onError: taskId=a2731d5d-92a0-4dcc-8651-8295b1cdc1f4, error=cognitive mental scan failed
2026-10-02 07:36:34.472 [pool-3-thread-3] [] WARN  c.c.g.r.c.t.s.TaskSchedulerServiceImpl - 定时任务提交失败 taskId=a2731d5d-92a0-4dcc-8651-8295b1cdc1f4 scheduleId=c75431f7-3451-4a76-af7c-6089a4e233ae: Task execution failed: cognitive mental scan failed
2026-10-02 07:46:34.459 [pool-3-thread-3] [] INFO  c.c.g.r.c.t.s.i.TaskManagementServiceImpl - 任务已提交: taskId=a2731d5d-92a0-4dcc-8651-8295b1cdc1f4, taskName=cognitive-mental-scan
2026-10-02 07:46:34.471 [pool-3-thread-3] [] INFO  c.c.g.r.c.t.s.i.TaskManagementServiceImpl - 任务已解析: taskId=a2731d5d-92a0-4dcc-8651-8295b1cdc1f4
2026-10-02 07:46:34.472 [pool-3-thread-3] [] ERROR c.c.g.e.c.s.mental.MentalScanTask - PMO-59 心智层补算任务执行失败: Failed to obtain JDBC Connection
org.springframework.jdbc.CannotGetJdbcConnectionException: Failed to obtain JDBC Connection
	at org.springframework.jdbc.datasource.DataSourceUtils.getConnection(DataSourceUtils.java:84)
	at org.springframework.jdbc.core.JdbcTemplate.execute(JdbcTemplate.java:653)
	at org.springframework.jdbc.core.JdbcTemplate.query(JdbcTemplate.java:723)
	at org.springframework.jdbc.core.JdbcTemplate.query(JdbcTemplate.java:754)
	at org.springframework.jdbc.core.JdbcTemplate.query(JdbcTemplate.java:767)
	at org.springframework.jdbc.core.JdbcTemplate.query(JdbcTemplate.java:820)
	at org.springframework.jdbc.core.JdbcTemplate.queryForList(JdbcTemplate.java:952)
	at com.chinacreator.gzcm.engine.cognitive2.service.EvidenceStore.list(EvidenceStore.java:120)
	at com.chinacreator.gzcm.engine.cognitive2.service.CognitiveEvidenceService.list(CognitiveEvidenceService.java:148)
	at com.chinacreator.gzcm.engine.cognitive2.service.mental.MentalScanTask.scanOnce(MentalScanTask.java:94)
	at com.chinacreator.gzcm.engine.cognitive2.service.mental.MentalScanTask$MentalScanTaskExecutor.execute(MentalScanTask.java:163)
	at com.chinacreator.gzcm.runtime.core.task.service.impl.TaskManagementServiceImpl.executeTask(TaskManagementServiceImpl.java:204)
	at com.chinacreator.gzcm.runtime.core.task.service.impl.TaskManagementServiceImpl.submitAndExecute(TaskManagementServiceImpl.java:343)
	at com.chinacreator.gzcm.runtime.core.task.scheduling.TaskSchedulerServiceImpl.executeTask(TaskSchedulerServiceImpl.java:322)
	at com.chinacreator.gzcm.runtime.core.task.scheduling.TaskSchedulerServiceImpl.lambda$schedulePeriodicTask$3(TaskSchedulerServiceImpl.java:231)
	at java.base/java.util.concurrent.Executors$RunnableAdapter.call(Executors.java:539)
	at java.base/java.util.concurrent.FutureTask.runAndReset(FutureTask.java:305)
	at java.base/java.util.concurrent.ScheduledThreadPoolExecutor$ScheduledFutureTask.run(ScheduledThreadPoolExecutor.java:305)
	at java.base/java.util.concurrent.ThreadPoolExecutor.runWorker(ThreadPoolExecutor.java:1136)
	at java.base/java.util.concurrent.ThreadPoolExecutor$Worker.run(ThreadPoolExecutor.java:635)
	at java.base/java.lang.Thread.run(Thread.java:840)
Caused by: java.sql.SQLException: HikariDataSource HikariDataSource (AimingHikariCP) has been closed.
	at com.zaxxer.hikari.HikariDataSource.getConnection(HikariDataSource.java:96)
	at org.springframework.jdbc.datasource.DataSourceUtils.fetchConnection(DataSourceUtils.java:160)
	at org.springframework.jdbc.datasource.DataSourceUtils.doGetConnection(DataSourceUtils.java:118)
	at org.springframework.jdbc.datasource.DataSourceUtils.getConnection(DataSourceUtils.java:81)
	... 20 common frames omitted
2026-10-02 07:46:34.473 [pool-3-thread-3] [] WARN  c.c.g.r.c.t.c.AgentCronTaskExecutor - AgentCronTaskExecutor.onError: taskId=a2731d5d-92a0-4dcc-8651-8295b1cdc1f4, error=cognitive mental scan failed
2026-10-02 07:46:34.473 [pool-3-thread-3] [] WARN  c.c.g.r.c.t.s.TaskSchedulerServiceImpl - 定时任务提交失败 taskId=a2731d5d-92a0-4dcc-8651-8295b1cdc1f4 scheduleId=c75431f7-3451-4a76-af7c-6089a4e233ae: Task execution failed: cognitive mental scan failed
2026-10-02 07:56:34.470 [pool-3-thread-3] [] INFO  c.c.g.r.c.t.s.i.TaskManagementServiceImpl - 任务已提交: taskId=a2731d5d-92a0-4dcc-8651-8295b1cdc1f4, taskName=cognitive-mental-scan
2026-10-02 07:56:34.472 [pool-3-thread-3] [] INFO  c.c.g.r.c.t.s.i.TaskManagementServiceImpl - 任务已解析: taskId=a2731d5d-92a0-4dcc-8651-8295b1cdc1f4
2026-10-02 07:56:34.474 [pool-3-thread-3] [] ERROR c.c.g.e.c.s.mental.MentalScanTask - PMO-59 心智层补算任务执行失败: Failed to obtain JDBC Connection
org.springframework.jdbc.CannotGetJdbcConnectionException: Failed to obtain JDBC Connection
	at org.springframework.jdbc.datasource.DataSourceUtils.getConnection(DataSourceUtils.java:84)
	at org.springframework.jdbc.core.JdbcTemplate.execute(JdbcTemplate.java:653)
	at org.springframework.jdbc.core.JdbcTemplate.query(JdbcTemplate.java:723)
	at org.springframework.jdbc.core.JdbcTemplate.query(JdbcTemplate.java:754)
	at org.springframework.jdbc.core.JdbcTemplate.query(JdbcTemplate.java:767)
	at org.springframework.jdbc.core.JdbcTemplate.query(JdbcTemplate.java:820)
	at org.springframework.jdbc.core.JdbcTemplate.queryForList(JdbcTemplate.java:952)
	at com.chinacreator.gzcm.engine.cognitive2.service.EvidenceStore.list(EvidenceStore.java:120)
	at com.chinacreator.gzcm.engine.cognitive2.service.CognitiveEvidenceService.list(CognitiveEvidenceService.java:148)
	at com.chinacreator.gzcm.engine.cognitive2.service.mental.MentalScanTask.scanOnce(MentalScanTask.java:94)
	at com.chinacreator.gzcm.engine.cognitive2.service.mental.MentalScanTask$MentalScanTaskExecutor.execute(MentalScanTask.java:163)
	at com.chinacreator.gzcm.runtime.core.task.service.impl.TaskManagementServiceImpl.executeTask(TaskManagementServiceImpl.java:204)
	at com.chinacreator.gzcm.runtime.core.task.service.impl.TaskManagementServiceImpl.submitAndExecute(TaskManagementServiceImpl.java:343)
	at com.chinacreator.gzcm.runtime.core.task.scheduling.TaskSchedulerServiceImpl.executeTask(TaskSchedulerServiceImpl.java:322)
	at com.chinacreator.gzcm.runtime.core.task.scheduling.TaskSchedulerServiceImpl.lambda$schedulePeriodicTask$3(TaskSchedulerServiceImpl.java:231)
	at java.base/java.util.concurrent.Executors$RunnableAdapter.call(Executors.java:539)
	at java.base/java.util.concurrent.FutureTask.runAndReset(FutureTask.java:305)
	at java.base/java.util.concurrent.ScheduledThreadPoolExecutor$ScheduledFutureTask.run(ScheduledThreadPoolExecutor.java:305)
	at java.base/java.util.concurrent.ThreadPoolExecutor.runWorker(ThreadPoolExecutor.java:1136)
	at java.base/java.util.concurrent.ThreadPoolExecutor$Worker.run(ThreadPoolExecutor.java:635)
	at java.base/java.lang.Thread.run(Thread.java:840)
Caused by: java.sql.SQLException: HikariDataSource HikariDataSource (AimingHikariCP) has been closed.
	at com.zaxxer.hikari.HikariDataSource.getConnection(HikariDataSource.java:96)
	at org.springframework.jdbc.datasource.DataSourceUtils.fetchConnection(DataSourceUtils.java:160)
	at org.springframework.jdbc.datasource.DataSourceUtils.doGetConnection(DataSourceUtils.java:118)
	at org.springframework.jdbc.datasource.DataSourceUtils.getConnection(DataSourceUtils.java:81)
	... 20 common frames omitted
2026-10-02 07:56:34.477 [pool-3-thread-3] [] WARN  c.c.g.r.c.t.c.AgentCronTaskExecutor - AgentCronTaskExecutor.onError: taskId=a2731d5d-92a0-4dcc-8651-8295b1cdc1f4, error=cognitive mental scan failed
2026-10-02 07:56:34.478 [pool-3-thread-3] [] WARN  c.c.g.r.c.t.s.TaskSchedulerServiceImpl - 定时任务提交失败 taskId=a2731d5d-92a0-4dcc-8651-8295b1cdc1f4 scheduleId=c75431f7-3451-4a76-af7c-6089a4e233ae: Task execution failed: cognitive mental scan failed
2026-10-02 08:06:34.466 [pool-3-thread-3] [] INFO  c.c.g.r.c.t.s.i.TaskManagementServiceImpl - 任务已提交: taskId=a2731d5d-92a0-4dcc-8651-8295b1cdc1f4, taskName=cognitive-mental-scan
2026-10-02 08:06:34.467 [pool-3-thread-3] [] INFO  c.c.g.r.c.t.s.i.TaskManagementServiceImpl - 任务已解析: taskId=a2731d5d-92a0-4dcc-8651-8295b1cdc1f4
2026-10-02 08:06:34.469 [pool-3-thread-3] [] ERROR c.c.g.e.c.s.mental.MentalScanTask - PMO-59 心智层补算任务执行失败: Failed to obtain JDBC Connection
org.springframework.jdbc.CannotGetJdbcConnectionException: Failed to obtain JDBC Connection
	at org.springframework.jdbc.datasource.DataSourceUtils.getConnection(DataSourceUtils.java:84)
	at org.springframework.jdbc.core.JdbcTemplate.execute(JdbcTemplate.java:653)
	at org.springframework.jdbc.core.JdbcTemplate.query(JdbcTemplate.java:723)
	at org.springframework.jdbc.core.JdbcTemplate.query(JdbcTemplate.java:754)
	at org.springframework.jdbc.core.JdbcTemplate.query(JdbcTemplate.java:767)
	at org.springframework.jdbc.core.JdbcTemplate.query(JdbcTemplate.java:820)
	at org.springframework.jdbc.core.JdbcTemplate.queryForList(JdbcTemplate.java:952)
	at com.chinacreator.gzcm.engine.cognitive2.service.EvidenceStore.list(EvidenceStore.java:120)
	at com.chinacreator.gzcm.engine.cognitive2.service.CognitiveEvidenceService.list(CognitiveEvidenceService.java:148)
	at com.chinacreator.gzcm.engine.cognitive2.service.mental.MentalScanTask.scanOnce(MentalScanTask.java:94)
	at com.chinacreator.gzcm.engine.cognitive2.service.mental.MentalScanTask$MentalScanTaskExecutor.execute(MentalScanTask.java:163)
	at com.chinacreator.gzcm.runtime.core.task.service.impl.TaskManagementServiceImpl.executeTask(TaskManagementServiceImpl.java:204)
	at com.chinacreator.gzcm.runtime.core.task.service.impl.TaskManagementServiceImpl.submitAndExecute(TaskManagementServiceImpl.java:343)
	at com.chinacreator.gzcm.runtime.core.task.scheduling.TaskSchedulerServiceImpl.executeTask(TaskSchedulerServiceImpl.java:322)
	at com.chinacreator.gzcm.runtime.core.task.scheduling.TaskSchedulerServiceImpl.lambda$schedulePeriodicTask$3(TaskSchedulerServiceImpl.java:231)
	at java.base/java.util.concurrent.Executors$RunnableAdapter.call(Executors.java:539)
	at java.base/java.util.concurrent.FutureTask.runAndReset(FutureTask.java:305)
	at java.base/java.util.concurrent.ScheduledThreadPoolExecutor$ScheduledFutureTask.run(ScheduledThreadPoolExecutor.java:305)
	at java.base/java.util.concurrent.ThreadPoolExecutor.runWorker(ThreadPoolExecutor.java:1136)
	at java.base/java.util.concurrent.ThreadPoolExecutor$Worker.run(ThreadPoolExecutor.java:635)
	at java.base/java.lang.Thread.run(Thread.java:840)
Caused by: java.sql.SQLException: HikariDataSource HikariDataSource (AimingHikariCP) has been closed.
	at com.zaxxer.hikari.HikariDataSource.getConnection(HikariDataSource.java:96)
	at org.springframework.jdbc.datasource.DataSourceUtils.fetchConnection(DataSourceUtils.java:160)
	at org.springframework.jdbc.datasource.DataSourceUtils.doGetConnection(DataSourceUtils.java:118)
	at org.springframework.jdbc.datasource.DataSourceUtils.getConnection(DataSourceUtils.java:81)
	... 20 common frames omitted
2026-10-02 08:06:34.471 [pool-3-thread-3] [] WARN  c.c.g.r.c.t.c.AgentCronTaskExecutor - AgentCronTaskExecutor.onError: taskId=a2731d5d-92a0-4dcc-8651-8295b1cdc1f4, error=cognitive mental scan failed
2026-10-02 08:06:34.472 [pool-3-thread-3] [] WARN  c.c.g.r.c.t.s.TaskSchedulerServiceImpl - 定时任务提交失败 taskId=a2731d5d-92a0-4dcc-8651-8295b1cdc1f4 scheduleId=c75431f7-3451-4a76-af7c-6089a4e233ae: Task execution failed: cognitive mental scan failed
2026-10-02 08:16:34.466 [pool-3-thread-3] [] INFO  c.c.g.r.c.t.s.i.TaskManagementServiceImpl - 任务已提交: taskId=a2731d5d-92a0-4dcc-8651-8295b1cdc1f4, taskName=cognitive-mental-scan
2026-10-02 08:16:34.468 [pool-3-thread-3] [] INFO  c.c.g.r.c.t.s.i.TaskManagementServiceImpl - 任务已解析: taskId=a2731d5d-92a0-4dcc-8651-8295b1cdc1f4
2026-10-02 08:16:34.470 [pool-3-thread-3] [] ERROR c.c.g.e.c.s.mental.MentalScanTask - PMO-59 心智层补算任务执行失败: Failed to obtain JDBC Connection
org.springframework.jdbc.CannotGetJdbcConnectionException: Failed to obtain JDBC Connection
	at org.springframework.jdbc.datasource.DataSourceUtils.getConnection(DataSourceUtils.java:84)
	at org.springframework.jdbc.core.JdbcTemplate.execute(JdbcTemplate.java:653)
	at org.springframework.jdbc.core.JdbcTemplate.query(JdbcTemplate.java:723)
	at org.springframework.jdbc.core.JdbcTemplate.query(JdbcTemplate.java:754)
	at org.springframework.jdbc.core.JdbcTemplate.query(JdbcTemplate.java:767)
	at org.springframework.jdbc.core.JdbcTemplate.query(JdbcTemplate.java:820)
	at org.springframework.jdbc.core.JdbcTemplate.queryForList(JdbcTemplate.java:952)
	at com.chinacreator.gzcm.engine.cognitive2.service.EvidenceStore.list(EvidenceStore.java:120)
	at com.chinacreator.gzcm.engine.cognitive2.service.CognitiveEvidenceService.list(CognitiveEvidenceService.java:148)
	at com.chinacreator.gzcm.engine.cognitive2.service.mental.MentalScanTask.scanOnce(MentalScanTask.java:94)
	at com.chinacreator.gzcm.engine.cognitive2.service.mental.MentalScanTask$MentalScanTaskExecutor.execute(MentalScanTask.java:163)
	at com.chinacreator.gzcm.runtime.core.task.service.impl.TaskManagementServiceImpl.executeTask(TaskManagementServiceImpl.java:204)
	at com.chinacreator.gzcm.runtime.core.task.service.impl.TaskManagementServiceImpl.submitAndExecute(TaskManagementServiceImpl.java:343)
	at com.chinacreator.gzcm.runtime.core.task.scheduling.TaskSchedulerServiceImpl.executeTask(TaskSchedulerServiceImpl.java:322)
	at com.chinacreator.gzcm.runtime.core.task.scheduling.TaskSchedulerServiceImpl.lambda$schedulePeriodicTask$3(TaskSchedulerServiceImpl.java:231)
	at java.base/java.util.concurrent.Executors$RunnableAdapter.call(Executors.java:539)
	at java.base/java.util.concurrent.FutureTask.runAndReset(FutureTask.java:305)
	at java.base/java.util.concurrent.ScheduledThreadPoolExecutor$ScheduledFutureTask.run(ScheduledThreadPoolExecutor.java:305)
	at java.base/java.util.concurrent.ThreadPoolExecutor.runWorker(ThreadPoolExecutor.java:1136)
	at java.base/java.util.concurrent.ThreadPoolExecutor$Worker.run(ThreadPoolExecutor.java:635)
	at java.base/java.lang.Thread.run(Thread.java:840)
Caused by: java.sql.SQLException: HikariDataSource HikariDataSource (AimingHikariCP) has been closed.
	at com.zaxxer.hikari.HikariDataSource.getConnection(HikariDataSource.java:96)
	at org.springframework.jdbc.datasource.DataSourceUtils.fetchConnection(DataSourceUtils.java:160)
	at org.springframework.jdbc.datasource.DataSourceUtils.doGetConnection(DataSourceUtils.java:118)
	at org.springframework.jdbc.datasource.DataSourceUtils.getConnection(DataSourceUtils.java:81)
	... 20 common frames omitted
2026-10-02 08:16:34.473 [pool-3-thread-3] [] WARN  c.c.g.r.c.t.c.AgentCronTaskExecutor - AgentCronTaskExecutor.onError: taskId=a2731d5d-92a0-4dcc-8651-8295b1cdc1f4, error=cognitive mental scan failed
2026-10-02 08:16:34.475 [pool-3-thread-3] [] WARN  c.c.g.r.c.t.s.TaskSchedulerServiceImpl - 定时任务提交失败 taskId=a2731d5d-92a0-4dcc-8651-8295b1cdc1f4 scheduleId=c75431f7-3451-4a76-af7c-6089a4e233ae: Task execution failed: cognitive mental scan failed
2026-10-02 08:26:34.467 [pool-3-thread-3] [] INFO  c.c.g.r.c.t.s.i.TaskManagementServiceImpl - 任务已提交: taskId=a2731d5d-92a0-4dcc-8651-8295b1cdc1f4, taskName=cognitive-mental-scan
2026-10-02 08:26:34.470 [pool-3-thread-3] [] INFO  c.c.g.r.c.t.s.i.TaskManagementServiceImpl - 任务已解析: taskId=a2731d5d-92a0-4dcc-8651-8295b1cdc1f4
2026-10-02 08:26:34.471 [pool-3-thread-3] [] ERROR c.c.g.e.c.s.mental.MentalScanTask - PMO-59 心智层补算任务执行失败: Failed to obtain JDBC Connection
org.springframework.jdbc.CannotGetJdbcConnectionException: Failed to obtain JDBC Connection
	at org.springframework.jdbc.datasource.DataSourceUtils.getConnection(DataSourceUtils.java:84)
	at org.springframework.jdbc.core.JdbcTemplate.execute(JdbcTemplate.java:653)
	at org.springframework.jdbc.core.JdbcTemplate.query(JdbcTemplate.java:723)
	at org.springframework.jdbc.core.JdbcTemplate.query(JdbcTemplate.java:754)
	at org.springframework.jdbc.core.JdbcTemplate.query(JdbcTemplate.java:767)
	at org.springframework.jdbc.core.JdbcTemplate.query(JdbcTemplate.java:820)
	at org.springframework.jdbc.core.JdbcTemplate.queryForList(JdbcTemplate.java:952)
	at com.chinacreator.gzcm.engine.cognitive2.service.EvidenceStore.list(EvidenceStore.java:120)
	at com.chinacreator.gzcm.engine.cognitive2.service.CognitiveEvidenceService.list(CognitiveEvidenceService.java:148)
	at com.chinacreator.gzcm.engine.cognitive2.service.mental.MentalScanTask.scanOnce(MentalScanTask.java:94)
	at com.chinacreator.gzcm.engine.cognitive2.service.mental.MentalScanTask$MentalScanTaskExecutor.execute(MentalScanTask.java:163)
	at com.chinacreator.gzcm.runtime.core.task.service.impl.TaskManagementServiceImpl.executeTask(TaskManagementServiceImpl.java:204)
	at com.chinacreator.gzcm.runtime.core.task.service.impl.TaskManagementServiceImpl.submitAndExecute(TaskManagementServiceImpl.java:343)
	at com.chinacreator.gzcm.runtime.core.task.scheduling.TaskSchedulerServiceImpl.executeTask(TaskSchedulerServiceImpl.java:322)
	at com.chinacreator.gzcm.runtime.core.task.scheduling.TaskSchedulerServiceImpl.lambda$schedulePeriodicTask$3(TaskSchedulerServiceImpl.java:231)
	at java.base/java.util.concurrent.Executors$RunnableAdapter.call(Executors.java:539)
	at java.base/java.util.concurrent.FutureTask.runAndReset(FutureTask.java:305)
	at java.base/java.util.concurrent.ScheduledThreadPoolExecutor$ScheduledFutureTask.run(ScheduledThreadPoolExecutor.java:305)
	at java.base/java.util.concurrent.ThreadPoolExecutor.runWorker(ThreadPoolExecutor.java:1136)
	at java.base/java.util.concurrent.ThreadPoolExecutor$Worker.run(ThreadPoolExecutor.java:635)
	at java.base/java.lang.Thread.run(Thread.java:840)
Caused by: java.sql.SQLException: HikariDataSource HikariDataSource (AimingHikariCP) has been closed.
	at com.zaxxer.hikari.HikariDataSource.getConnection(HikariDataSource.java:96)
	at org.springframework.jdbc.datasource.DataSourceUtils.fetchConnection(DataSourceUtils.java:160)
	at org.springframework.jdbc.datasource.DataSourceUtils.doGetConnection(DataSourceUtils.java:118)
	at org.springframework.jdbc.datasource.DataSourceUtils.getConnection(DataSourceUtils.java:81)
	... 20 common frames omitted
2026-10-02 08:26:34.473 [pool-3-thread-3] [] WARN  c.c.g.r.c.t.c.AgentCronTaskExecutor - AgentCronTaskExecutor.onError: taskId=a2731d5d-92a0-4dcc-8651-8295b1cdc1f4, error=cognitive mental scan failed
2026-10-02 08:26:34.474 [pool-3-thread-3] [] WARN  c.c.g.r.c.t.s.TaskSchedulerServiceImpl - 定时任务提交失败 taskId=a2731d5d-92a0-4dcc-8651-8295b1cdc1f4 scheduleId=c75431f7-3451-4a76-af7c-6089a4e233ae: Task execution failed: cognitive mental scan failed
2026-10-02 08:36:34.459 [pool-3-thread-3] [] INFO  c.c.g.r.c.t.s.i.TaskManagementServiceImpl - 任务已提交: taskId=a2731d5d-92a0-4dcc-8651-8295b1cdc1f4, taskName=cognitive-mental-scan
2026-10-02 08:36:34.461 [pool-3-thread-3] [] INFO  c.c.g.r.c.t.s.i.TaskManagementServiceImpl - 任务已解析: taskId=a2731d5d-92a0-4dcc-8651-8295b1cdc1f4
2026-10-02 08:36:34.463 [pool-3-thread-3] [] ERROR c.c.g.e.c.s.mental.MentalScanTask - PMO-59 心智层补算任务执行失败: Failed to obtain JDBC Connection
org.springframework.jdbc.CannotGetJdbcConnectionException: Failed to obtain JDBC Connection
	at org.springframework.jdbc.datasource.DataSourceUtils.getConnection(DataSourceUtils.java:84)
	at org.springframework.jdbc.core.JdbcTemplate.execute(JdbcTemplate.java:653)
	at org.springframework.jdbc.core.JdbcTemplate.query(JdbcTemplate.java:723)
	at org.springframework.jdbc.core.JdbcTemplate.query(JdbcTemplate.java:754)
	at org.springframework.jdbc.core.JdbcTemplate.query(JdbcTemplate.java:767)
	at org.springframework.jdbc.core.JdbcTemplate.query(JdbcTemplate.java:820)
	at org.springframework.jdbc.core.JdbcTemplate.queryForList(JdbcTemplate.java:952)
	at com.chinacreator.gzcm.engine.cognitive2.service.EvidenceStore.list(EvidenceStore.java:120)
	at com.chinacreator.gzcm.engine.cognitive2.service.CognitiveEvidenceService.list(CognitiveEvidenceService.java:148)
	at com.chinacreator.gzcm.engine.cognitive2.service.mental.MentalScanTask.scanOnce(MentalScanTask.java:94)
	at com.chinacreator.gzcm.engine.cognitive2.service.mental.MentalScanTask$MentalScanTaskExecutor.execute(MentalScanTask.java:163)
	at com.chinacreator.gzcm.runtime.core.task.service.impl.TaskManagementServiceImpl.executeTask(TaskManagementServiceImpl.java:204)
	at com.chinacreator.gzcm.runtime.core.task.service.impl.TaskManagementServiceImpl.submitAndExecute(TaskManagementServiceImpl.java:343)
	at com.chinacreator.gzcm.runtime.core.task.scheduling.TaskSchedulerServiceImpl.executeTask(TaskSchedulerServiceImpl.java:322)
	at com.chinacreator.gzcm.runtime.core.task.scheduling.TaskSchedulerServiceImpl.lambda$schedulePeriodicTask$3(TaskSchedulerServiceImpl.java:231)
	at java.base/java.util.concurrent.Executors$RunnableAdapter.call(Executors.java:539)
	at java.base/java.util.concurrent.FutureTask.runAndReset(FutureTask.java:305)
	at java.base/java.util.concurrent.ScheduledThreadPoolExecutor$ScheduledFutureTask.run(ScheduledThreadPoolExecutor.java:305)
	at java.base/java.util.concurrent.ThreadPoolExecutor.runWorker(ThreadPoolExecutor.java:1136)
	at java.base/java.util.concurrent.ThreadPoolExecutor$Worker.run(ThreadPoolExecutor.java:635)
	at java.base/java.lang.Thread.run(Thread.java:840)
Caused by: java.sql.SQLException: HikariDataSource HikariDataSource (AimingHikariCP) has been closed.
	at com.zaxxer.hikari.HikariDataSource.getConnection(HikariDataSource.java:96)
	at org.springframework.jdbc.datasource.DataSourceUtils.fetchConnection(DataSourceUtils.java:160)
	at org.springframework.jdbc.datasource.DataSourceUtils.doGetConnection(DataSourceUtils.java:118)
	at org.springframework.jdbc.datasource.DataSourceUtils.getConnection(DataSourceUtils.java:81)
	... 20 common frames omitted
2026-10-02 08:36:34.466 [pool-3-thread-3] [] WARN  c.c.g.r.c.t.c.AgentCronTaskExecutor - AgentCronTaskExecutor.onError: taskId=a2731d5d-92a0-4dcc-8651-8295b1cdc1f4, error=cognitive mental scan failed
2026-10-02 08:36:34.468 [pool-3-thread-3] [] WARN  c.c.g.r.c.t.s.TaskSchedulerServiceImpl - 定时任务提交失败 taskId=a2731d5d-92a0-4dcc-8651-8295b1cdc1f4 scheduleId=c75431f7-3451-4a76-af7c-6089a4e233ae: Task execution failed: cognitive mental scan failed
2026-10-02 08:46:34.473 [pool-3-thread-3] [] INFO  c.c.g.r.c.t.s.i.TaskManagementServiceImpl - 任务已提交: taskId=a2731d5d-92a0-4dcc-8651-8295b1cdc1f4, taskName=cognitive-mental-scan
2026-10-02 08:46:34.475 [pool-3-thread-3] [] INFO  c.c.g.r.c.t.s.i.TaskManagementServiceImpl - 任务已解析: taskId=a2731d5d-92a0-4dcc-8651-8295b1cdc1f4
2026-10-02 08:46:34.476 [pool-3-thread-3] [] ERROR c.c.g.e.c.s.mental.MentalScanTask - PMO-59 心智层补算任务执行失败: Failed to obtain JDBC Connection
org.springframework.jdbc.CannotGetJdbcConnectionException: Failed to obtain JDBC Connection
	at org.springframework.jdbc.datasource.DataSourceUtils.getConnection(DataSourceUtils.java:84)
	at org.springframework.jdbc.core.JdbcTemplate.execute(JdbcTemplate.java:653)
	at org.springframework.jdbc.core.JdbcTemplate.query(JdbcTemplate.java:723)
	at org.springframework.jdbc.core.JdbcTemplate.query(JdbcTemplate.java:754)
	at org.springframework.jdbc.core.JdbcTemplate.query(JdbcTemplate.java:767)
	at org.springframework.jdbc.core.JdbcTemplate.query(JdbcTemplate.java:820)
	at org.springframework.jdbc.core.JdbcTemplate.queryForList(JdbcTemplate.java:952)
	at com.chinacreator.gzcm.engine.cognitive2.service.EvidenceStore.list(EvidenceStore.java:120)
	at com.chinacreator.gzcm.engine.cognitive2.service.CognitiveEvidenceService.list(CognitiveEvidenceService.java:148)
	at com.chinacreator.gzcm.engine.cognitive2.service.mental.MentalScanTask.scanOnce(MentalScanTask.java:94)
	at com.chinacreator.gzcm.engine.cognitive2.service.mental.MentalScanTask$MentalScanTaskExecutor.execute(MentalScanTask.java:163)
	at com.chinacreator.gzcm.runtime.core.task.service.impl.TaskManagementServiceImpl.executeTask(TaskManagementServiceImpl.java:204)
	at com.chinacreator.gzcm.runtime.core.task.service.impl.TaskManagementServiceImpl.submitAndExecute(TaskManagementServiceImpl.java:343)
	at com.chinacreator.gzcm.runtime.core.task.scheduling.TaskSchedulerServiceImpl.executeTask(TaskSchedulerServiceImpl.java:322)
	at com.chinacreator.gzcm.runtime.core.task.scheduling.TaskSchedulerServiceImpl.lambda$schedulePeriodicTask$3(TaskSchedulerServiceImpl.java:231)
	at java.base/java.util.concurrent.Executors$RunnableAdapter.call(Executors.java:539)
	at java.base/java.util.concurrent.FutureTask.runAndReset(FutureTask.java:305)
	at java.base/java.util.concurrent.ScheduledThreadPoolExecutor$ScheduledFutureTask.run(ScheduledThreadPoolExecutor.java:305)
	at java.base/java.util.concurrent.ThreadPoolExecutor.runWorker(ThreadPoolExecutor.java:1136)
	at java.base/java.util.concurrent.ThreadPoolExecutor$Worker.run(ThreadPoolExecutor.java:635)
	at java.base/java.lang.Thread.run(Thread.java:840)
Caused by: java.sql.SQLException: HikariDataSource HikariDataSource (AimingHikariCP) has been closed.
	at com.zaxxer.hikari.HikariDataSource.getConnection(HikariDataSource.java:96)
	at org.springframework.jdbc.datasource.DataSourceUtils.fetchConnection(DataSourceUtils.java:160)
	at org.springframework.jdbc.datasource.DataSourceUtils.doGetConnection(DataSourceUtils.java:118)
	at org.springframework.jdbc.datasource.DataSourceUtils.getConnection(DataSourceUtils.java:81)
	... 20 common frames omitted
2026-10-02 08:46:34.477 [pool-3-thread-3] [] WARN  c.c.g.r.c.t.c.AgentCronTaskExecutor - AgentCronTaskExecutor.onError: taskId=a2731d5d-92a0-4dcc-8651-8295b1cdc1f4, error=cognitive mental scan failed
2026-10-02 08:46:34.478 [pool-3-thread-3] [] WARN  c.c.g.r.c.t.s.TaskSchedulerServiceImpl - 定时任务提交失败 taskId=a2731d5d-92a0-4dcc-8651-8295b1cdc1f4 scheduleId=c75431f7-3451-4a76-af7c-6089a4e233ae: Task execution failed: cognitive mental scan failed
2026-10-02 08:56:34.464 [pool-3-thread-3] [] INFO  c.c.g.r.c.t.s.i.TaskManagementServiceImpl - 任务已提交: taskId=a2731d5d-92a0-4dcc-8651-8295b1cdc1f4, taskName=cognitive-mental-scan
2026-10-02 08:56:34.477 [pool-3-thread-3] [] INFO  c.c.g.r.c.t.s.i.TaskManagementServiceImpl - 任务已解析: taskId=a2731d5d-92a0-4dcc-8651-8295b1cdc1f4
2026-10-02 08:56:34.478 [pool-3-thread-3] [] ERROR c.c.g.e.c.s.mental.MentalScanTask - PMO-59 心智层补算任务执行失败: Failed to obtain JDBC Connection
org.springframework.jdbc.CannotGetJdbcConnectionException: Failed to obtain JDBC Connection
	at org.springframework.jdbc.datasource.DataSourceUtils.getConnection(DataSourceUtils.java:84)
	at org.springframework.jdbc.core.JdbcTemplate.execute(JdbcTemplate.java:653)
	at org.springframework.jdbc.core.JdbcTemplate.query(JdbcTemplate.java:723)
	at org.springframework.jdbc.core.JdbcTemplate.query(JdbcTemplate.java:754)
	at org.springframework.jdbc.core.JdbcTemplate.query(JdbcTemplate.java:767)
	at org.springframework.jdbc.core.JdbcTemplate.query(JdbcTemplate.java:820)
	at org.springframework.jdbc.core.JdbcTemplate.queryForList(JdbcTemplate.java:952)
	at com.chinacreator.gzcm.engine.cognitive2.service.EvidenceStore.list(EvidenceStore.java:120)
	at com.chinacreator.gzcm.engine.cognitive2.service.CognitiveEvidenceService.list(CognitiveEvidenceService.java:148)
	at com.chinacreator.gzcm.engine.cognitive2.service.mental.MentalScanTask.scanOnce(MentalScanTask.java:94)
	at com.chinacreator.gzcm.engine.cognitive2.service.mental.MentalScanTask$MentalScanTaskExecutor.execute(MentalScanTask.java:163)
	at com.chinacreator.gzcm.runtime.core.task.service.impl.TaskManagementServiceImpl.executeTask(TaskManagementServiceImpl.java:204)
	at com.chinacreator.gzcm.runtime.core.task.service.impl.TaskManagementServiceImpl.submitAndExecute(TaskManagementServiceImpl.java:343)
	at com.chinacreator.gzcm.runtime.core.task.scheduling.TaskSchedulerServiceImpl.executeTask(TaskSchedulerServiceImpl.java:322)
	at com.chinacreator.gzcm.runtime.core.task.scheduling.TaskSchedulerServiceImpl.lambda$schedulePeriodicTask$3(TaskSchedulerServiceImpl.java:231)
	at java.base/java.util.concurrent.Executors$RunnableAdapter.call(Executors.java:539)
	at java.base/java.util.concurrent.FutureTask.runAndReset(FutureTask.java:305)
	at java.base/java.util.concurrent.ScheduledThreadPoolExecutor$ScheduledFutureTask.run(ScheduledThreadPoolExecutor.java:305)
	at java.base/java.util.concurrent.ThreadPoolExecutor.runWorker(ThreadPoolExecutor.java:1136)
	at java.base/java.util.concurrent.ThreadPoolExecutor$Worker.run(ThreadPoolExecutor.java:635)
	at java.base/java.lang.Thread.run(Thread.java:840)
Caused by: java.sql.SQLException: HikariDataSource HikariDataSource (AimingHikariCP) has been closed.
	at com.zaxxer.hikari.HikariDataSource.getConnection(HikariDataSource.java:96)
	at org.springframework.jdbc.datasource.DataSourceUtils.fetchConnection(DataSourceUtils.java:160)
	at org.springframework.jdbc.datasource.DataSourceUtils.doGetConnection(DataSourceUtils.java:118)
	at org.springframework.jdbc.datasource.DataSourceUtils.getConnection(DataSourceUtils.java:81)
	... 20 common frames omitted
2026-10-02 08:56:34.479 [pool-3-thread-3] [] WARN  c.c.g.r.c.t.c.AgentCronTaskExecutor - AgentCronTaskExecutor.onError: taskId=a2731d5d-92a0-4dcc-8651-8295b1cdc1f4, error=cognitive mental scan failed
2026-10-02 08:56:34.480 [pool-3-thread-3] [] WARN  c.c.g.r.c.t.s.TaskSchedulerServiceImpl - 定时任务提交失败 taskId=a2731d5d-92a0-4dcc-8651-8295b1cdc1f4 scheduleId=c75431f7-3451-4a76-af7c-6089a4e233ae: Task execution failed: cognitive mental scan failed
2026-10-02 09:06:34.462 [pool-3-thread-3] [] INFO  c.c.g.r.c.t.s.i.TaskManagementServiceImpl - 任务已提交: taskId=a2731d5d-92a0-4dcc-8651-8295b1cdc1f4, taskName=cognitive-mental-scan
2026-10-02 09:06:34.463 [pool-3-thread-3] [] INFO  c.c.g.r.c.t.s.i.TaskManagementServiceImpl - 任务已解析: taskId=a2731d5d-92a0-4dcc-8651-8295b1cdc1f4
2026-10-02 09:06:34.466 [pool-3-thread-3] [] ERROR c.c.g.e.c.s.mental.MentalScanTask - PMO-59 心智层补算任务执行失败: Failed to obtain JDBC Connection
org.springframework.jdbc.CannotGetJdbcConnectionException: Failed to obtain JDBC Connection
	at org.springframework.jdbc.datasource.DataSourceUtils.getConnection(DataSourceUtils.java:84)
	at org.springframework.jdbc.core.JdbcTemplate.execute(JdbcTemplate.java:653)
	at org.springframework.jdbc.core.JdbcTemplate.query(JdbcTemplate.java:723)
	at org.springframework.jdbc.core.JdbcTemplate.query(JdbcTemplate.java:754)
	at org.springframework.jdbc.core.JdbcTemplate.query(JdbcTemplate.java:767)
	at org.springframework.jdbc.core.JdbcTemplate.query(JdbcTemplate.java:820)
	at org.springframework.jdbc.core.JdbcTemplate.queryForList(JdbcTemplate.java:952)
	at com.chinacreator.gzcm.engine.cognitive2.service.EvidenceStore.list(EvidenceStore.java:120)
	at com.chinacreator.gzcm.engine.cognitive2.service.CognitiveEvidenceService.list(CognitiveEvidenceService.java:148)
	at com.chinacreator.gzcm.engine.cognitive2.service.mental.MentalScanTask.scanOnce(MentalScanTask.java:94)
	at com.chinacreator.gzcm.engine.cognitive2.service.mental.MentalScanTask$MentalScanTaskExecutor.execute(MentalScanTask.java:163)
	at com.chinacreator.gzcm.runtime.core.task.service.impl.TaskManagementServiceImpl.executeTask(TaskManagementServiceImpl.java:204)
	at com.chinacreator.gzcm.runtime.core.task.service.impl.TaskManagementServiceImpl.submitAndExecute(TaskManagementServiceImpl.java:343)
	at com.chinacreator.gzcm.runtime.core.task.scheduling.TaskSchedulerServiceImpl.executeTask(TaskSchedulerServiceImpl.java:322)
	at com.chinacreator.gzcm.runtime.core.task.scheduling.TaskSchedulerServiceImpl.lambda$schedulePeriodicTask$3(TaskSchedulerServiceImpl.java:231)
	at java.base/java.util.concurrent.Executors$RunnableAdapter.call(Executors.java:539)
	at java.base/java.util.concurrent.FutureTask.runAndReset(FutureTask.java:305)
	at java.base/java.util.concurrent.ScheduledThreadPoolExecutor$ScheduledFutureTask.run(ScheduledThreadPoolExecutor.java:305)
	at java.base/java.util.concurrent.ThreadPoolExecutor.runWorker(ThreadPoolExecutor.java:1136)
	at java.base/java.util.concurrent.ThreadPoolExecutor$Worker.run(ThreadPoolExecutor.java:635)
	at java.base/java.lang.Thread.run(Thread.java:840)
Caused by: java.sql.SQLException: HikariDataSource HikariDataSource (AimingHikariCP) has been closed.
	at com.zaxxer.hikari.HikariDataSource.getConnection(HikariDataSource.java:96)
	at org.springframework.jdbc.datasource.DataSourceUtils.fetchConnection(DataSourceUtils.java:160)
	at org.springframework.jdbc.datasource.DataSourceUtils.doGetConnection(DataSourceUtils.java:118)
	at org.springframework.jdbc.datasource.DataSourceUtils.getConnection(DataSourceUtils.java:81)
	... 20 common frames omitted
2026-10-02 09:06:34.467 [pool-3-thread-3] [] WARN  c.c.g.r.c.t.c.AgentCronTaskExecutor - AgentCronTaskExecutor.onError: taskId=a2731d5d-92a0-4dcc-8651-8295b1cdc1f4, error=cognitive mental scan failed
2026-10-02 09:06:34.469 [pool-3-thread-3] [] WARN  c.c.g.r.c.t.s.TaskSchedulerServiceImpl - 定时任务提交失败 taskId=a2731d5d-92a0-4dcc-8651-8295b1cdc1f4 scheduleId=c75431f7-3451-4a76-af7c-6089a4e233ae: Task execution failed: cognitive mental scan failed
2026-10-02 09:16:34.463 [pool-3-thread-3] [] INFO  c.c.g.r.c.t.s.i.TaskManagementServiceImpl - 任务已提交: taskId=a2731d5d-92a0-4dcc-8651-8295b1cdc1f4, taskName=cognitive-mental-scan
2026-10-02 09:16:34.465 [pool-3-thread-3] [] INFO  c.c.g.r.c.t.s.i.TaskManagementServiceImpl - 任务已解析: taskId=a2731d5d-92a0-4dcc-8651-8295b1cdc1f4
2026-10-02 09:16:34.467 [pool-3-thread-3] [] ERROR c.c.g.e.c.s.mental.MentalScanTask - PMO-59 心智层补算任务执行失败: Failed to obtain JDBC Connection
org.springframework.jdbc.CannotGetJdbcConnectionException: Failed to obtain JDBC Connection
	at org.springframework.jdbc.datasource.DataSourceUtils.getConnection(DataSourceUtils.java:84)
	at org.springframework.jdbc.core.JdbcTemplate.execute(JdbcTemplate.java:653)
	at org.springframework.jdbc.core.JdbcTemplate.query(JdbcTemplate.java:723)
	at org.springframework.jdbc.core.JdbcTemplate.query(JdbcTemplate.java:754)
	at org.springframework.jdbc.core.JdbcTemplate.query(JdbcTemplate.java:767)
	at org.springframework.jdbc.core.JdbcTemplate.query(JdbcTemplate.java:820)
	at org.springframework.jdbc.core.JdbcTemplate.queryForList(JdbcTemplate.java:952)
	at com.chinacreator.gzcm.engine.cognitive2.service.EvidenceStore.list(EvidenceStore.java:120)
	at com.chinacreator.gzcm.engine.cognitive2.service.CognitiveEvidenceService.list(CognitiveEvidenceService.java:148)
	at com.chinacreator.gzcm.engine.cognitive2.service.mental.MentalScanTask.scanOnce(MentalScanTask.java:94)
	at com.chinacreator.gzcm.engine.cognitive2.service.mental.MentalScanTask$MentalScanTaskExecutor.execute(MentalScanTask.java:163)
	at com.chinacreator.gzcm.runtime.core.task.service.impl.TaskManagementServiceImpl.executeTask(TaskManagementServiceImpl.java:204)
	at com.chinacreator.gzcm.runtime.core.task.service.impl.TaskManagementServiceImpl.submitAndExecute(TaskManagementServiceImpl.java:343)
	at com.chinacreator.gzcm.runtime.core.task.scheduling.TaskSchedulerServiceImpl.executeTask(TaskSchedulerServiceImpl.java:322)
	at com.chinacreator.gzcm.runtime.core.task.scheduling.TaskSchedulerServiceImpl.lambda$schedulePeriodicTask$3(TaskSchedulerServiceImpl.java:231)
	at java.base/java.util.concurrent.Executors$RunnableAdapter.call(Executors.java:539)
	at java.base/java.util.concurrent.FutureTask.runAndReset(FutureTask.java:305)
	at java.base/java.util.concurrent.ScheduledThreadPoolExecutor$ScheduledFutureTask.run(ScheduledThreadPoolExecutor.java:305)
	at java.base/java.util.concurrent.ThreadPoolExecutor.runWorker(ThreadPoolExecutor.java:1136)
	at java.base/java.util.concurrent.ThreadPoolExecutor$Worker.run(ThreadPoolExecutor.java:635)
	at java.base/java.lang.Thread.run(Thread.java:840)
Caused by: java.sql.SQLException: HikariDataSource HikariDataSource (AimingHikariCP) has been closed.
	at com.zaxxer.hikari.HikariDataSource.getConnection(HikariDataSource.java:96)
	at org.springframework.jdbc.datasource.DataSourceUtils.fetchConnection(DataSourceUtils.java:160)
	at org.springframework.jdbc.datasource.DataSourceUtils.doGetConnection(DataSourceUtils.java:118)
	at org.springframework.jdbc.datasource.DataSourceUtils.getConnection(DataSourceUtils.java:81)
	... 20 common frames omitted
2026-10-02 09:16:34.469 [pool-3-thread-3] [] WARN  c.c.g.r.c.t.c.AgentCronTaskExecutor - AgentCronTaskExecutor.onError: taskId=a2731d5d-92a0-4dcc-8651-8295b1cdc1f4, error=cognitive mental scan failed
2026-10-02 09:16:34.469 [pool-3-thread-3] [] WARN  c.c.g.r.c.t.s.TaskSchedulerServiceImpl - 定时任务提交失败 taskId=a2731d5d-92a0-4dcc-8651-8295b1cdc1f4 scheduleId=c75431f7-3451-4a76-af7c-6089a4e233ae: Task execution failed: cognitive mental scan failed
2026-10-02 09:26:34.460 [pool-3-thread-3] [] INFO  c.c.g.r.c.t.s.i.TaskManagementServiceImpl - 任务已提交: taskId=a2731d5d-92a0-4dcc-8651-8295b1cdc1f4, taskName=cognitive-mental-scan
2026-10-02 09:26:34.462 [pool-3-thread-3] [] INFO  c.c.g.r.c.t.s.i.TaskManagementServiceImpl - 任务已解析: taskId=a2731d5d-92a0-4dcc-8651-8295b1cdc1f4
2026-10-02 09:26:34.465 [pool-3-thread-3] [] ERROR c.c.g.e.c.s.mental.MentalScanTask - PMO-59 心智层补算任务执行失败: Failed to obtain JDBC Connection
org.springframework.jdbc.CannotGetJdbcConnectionException: Failed to obtain JDBC Connection
	at org.springframework.jdbc.datasource.DataSourceUtils.getConnection(DataSourceUtils.java:84)
	at org.springframework.jdbc.core.JdbcTemplate.execute(JdbcTemplate.java:653)
	at org.springframework.jdbc.core.JdbcTemplate.query(JdbcTemplate.java:723)
	at org.springframework.jdbc.core.JdbcTemplate.query(JdbcTemplate.java:754)
	at org.springframework.jdbc.core.JdbcTemplate.query(JdbcTemplate.java:767)
	at org.springframework.jdbc.core.JdbcTemplate.query(JdbcTemplate.java:820)
	at org.springframework.jdbc.core.JdbcTemplate.queryForList(JdbcTemplate.java:952)
	at com.chinacreator.gzcm.engine.cognitive2.service.EvidenceStore.list(EvidenceStore.java:120)
	at com.chinacreator.gzcm.engine.cognitive2.service.CognitiveEvidenceService.list(CognitiveEvidenceService.java:148)
	at com.chinacreator.gzcm.engine.cognitive2.service.mental.MentalScanTask.scanOnce(MentalScanTask.java:94)
	at com.chinacreator.gzcm.engine.cognitive2.service.mental.MentalScanTask$MentalScanTaskExecutor.execute(MentalScanTask.java:163)
	at com.chinacreator.gzcm.runtime.core.task.service.impl.TaskManagementServiceImpl.executeTask(TaskManagementServiceImpl.java:204)
	at com.chinacreator.gzcm.runtime.core.task.service.impl.TaskManagementServiceImpl.submitAndExecute(TaskManagementServiceImpl.java:343)
	at com.chinacreator.gzcm.runtime.core.task.scheduling.TaskSchedulerServiceImpl.executeTask(TaskSchedulerServiceImpl.java:322)
	at com.chinacreator.gzcm.runtime.core.task.scheduling.TaskSchedulerServiceImpl.lambda$schedulePeriodicTask$3(TaskSchedulerServiceImpl.java:231)
	at java.base/java.util.concurrent.Executors$RunnableAdapter.call(Executors.java:539)
	at java.base/java.util.concurrent.FutureTask.runAndReset(FutureTask.java:305)
	at java.base/java.util.concurrent.ScheduledThreadPoolExecutor$ScheduledFutureTask.run(ScheduledThreadPoolExecutor.java:305)
	at java.base/java.util.concurrent.ThreadPoolExecutor.runWorker(ThreadPoolExecutor.java:1136)
	at java.base/java.util.concurrent.ThreadPoolExecutor$Worker.run(ThreadPoolExecutor.java:635)
	at java.base/java.lang.Thread.run(Thread.java:840)
Caused by: java.sql.SQLException: HikariDataSource HikariDataSource (AimingHikariCP) has been closed.
	at com.zaxxer.hikari.HikariDataSource.getConnection(HikariDataSource.java:96)
	at org.springframework.jdbc.datasource.DataSourceUtils.fetchConnection(DataSourceUtils.java:160)
	at org.springframework.jdbc.datasource.DataSourceUtils.doGetConnection(DataSourceUtils.java:118)
	at org.springframework.jdbc.datasource.DataSourceUtils.getConnection(DataSourceUtils.java:81)
	... 20 common frames omitted
2026-10-02 09:26:34.466 [pool-3-thread-3] [] WARN  c.c.g.r.c.t.c.AgentCronTaskExecutor - AgentCronTaskExecutor.onError: taskId=a2731d5d-92a0-4dcc-8651-8295b1cdc1f4, error=cognitive mental scan failed
2026-10-02 09:26:34.467 [pool-3-thread-3] [] WARN  c.c.g.r.c.t.s.TaskSchedulerServiceImpl - 定时任务提交失败 taskId=a2731d5d-92a0-4dcc-8651-8295b1cdc1f4 scheduleId=c75431f7-3451-4a76-af7c-6089a4e233ae: Task execution failed: cognitive mental scan failed
2026-10-02 09:36:34.471 [pool-3-thread-3] [] INFO  c.c.g.r.c.t.s.i.TaskManagementServiceImpl - 任务已提交: taskId=a2731d5d-92a0-4dcc-8651-8295b1cdc1f4, taskName=cognitive-mental-scan
2026-10-02 09:36:34.478 [pool-3-thread-3] [] INFO  c.c.g.r.c.t.s.i.TaskManagementServiceImpl - 任务已解析: taskId=a2731d5d-92a0-4dcc-8651-8295b1cdc1f4
2026-10-02 09:36:34.482 [pool-3-thread-3] [] ERROR c.c.g.e.c.s.mental.MentalScanTask - PMO-59 心智层补算任务执行失败: Failed to obtain JDBC Connection
org.springframework.jdbc.CannotGetJdbcConnectionException: Failed to obtain JDBC Connection
	at org.springframework.jdbc.datasource.DataSourceUtils.getConnection(DataSourceUtils.java:84)
	at org.springframework.jdbc.core.JdbcTemplate.execute(JdbcTemplate.java:653)
	at org.springframework.jdbc.core.JdbcTemplate.query(JdbcTemplate.java:723)
	at org.springframework.jdbc.core.JdbcTemplate.query(JdbcTemplate.java:754)
	at org.springframework.jdbc.core.JdbcTemplate.query(JdbcTemplate.java:767)
	at org.springframework.jdbc.core.JdbcTemplate.query(JdbcTemplate.java:820)
	at org.springframework.jdbc.core.JdbcTemplate.queryForList(JdbcTemplate.java:952)
	at com.chinacreator.gzcm.engine.cognitive2.service.EvidenceStore.list(EvidenceStore.java:120)
	at com.chinacreator.gzcm.engine.cognitive2.service.CognitiveEvidenceService.list(CognitiveEvidenceService.java:148)
	at com.chinacreator.gzcm.engine.cognitive2.service.mental.MentalScanTask.scanOnce(MentalScanTask.java:94)
	at com.chinacreator.gzcm.engine.cognitive2.service.mental.MentalScanTask$MentalScanTaskExecutor.execute(MentalScanTask.java:163)
	at com.chinacreator.gzcm.runtime.core.task.service.impl.TaskManagementServiceImpl.executeTask(TaskManagementServiceImpl.java:204)
	at com.chinacreator.gzcm.runtime.core.task.service.impl.TaskManagementServiceImpl.submitAndExecute(TaskManagementServiceImpl.java:343)
	at com.chinacreator.gzcm.runtime.core.task.scheduling.TaskSchedulerServiceImpl.executeTask(TaskSchedulerServiceImpl.java:322)
	at com.chinacreator.gzcm.runtime.core.task.scheduling.TaskSchedulerServiceImpl.lambda$schedulePeriodicTask$3(TaskSchedulerServiceImpl.java:231)
	at java.base/java.util.concurrent.Executors$RunnableAdapter.call(Executors.java:539)
	at java.base/java.util.concurrent.FutureTask.runAndReset(FutureTask.java:305)
	at java.base/java.util.concurrent.ScheduledThreadPoolExecutor$ScheduledFutureTask.run(ScheduledThreadPoolExecutor.java:305)
	at java.base/java.util.concurrent.ThreadPoolExecutor.runWorker(ThreadPoolExecutor.java:1136)
	at java.base/java.util.concurrent.ThreadPoolExecutor$Worker.run(ThreadPoolExecutor.java:635)
	at java.base/java.lang.Thread.run(Thread.java:840)
Caused by: java.sql.SQLException: HikariDataSource HikariDataSource (AimingHikariCP) has been closed.
	at com.zaxxer.hikari.HikariDataSource.getConnection(HikariDataSource.java:96)
	at org.springframework.jdbc.datasource.DataSourceUtils.fetchConnection(DataSourceUtils.java:160)
	at org.springframework.jdbc.datasource.DataSourceUtils.doGetConnection(DataSourceUtils.java:118)
	at org.springframework.jdbc.datasource.DataSourceUtils.getConnection(DataSourceUtils.java:81)
	... 20 common frames omitted
2026-10-02 09:36:34.489 [pool-3-thread-3] [] WARN  c.c.g.r.c.t.c.AgentCronTaskExecutor - AgentCronTaskExecutor.onError: taskId=a2731d5d-92a0-4dcc-8651-8295b1cdc1f4, error=cognitive mental scan failed
2026-10-02 09:36:34.492 [pool-3-thread-3] [] WARN  c.c.g.r.c.t.s.TaskSchedulerServiceImpl - 定时任务提交失败 taskId=a2731d5d-92a0-4dcc-8651-8295b1cdc1f4 scheduleId=c75431f7-3451-4a76-af7c-6089a4e233ae: Task execution failed: cognitive mental scan failed
2026-10-02 09:46:34.472 [pool-3-thread-3] [] INFO  c.c.g.r.c.t.s.i.TaskManagementServiceImpl - 任务已提交: taskId=a2731d5d-92a0-4dcc-8651-8295b1cdc1f4, taskName=cognitive-mental-scan
2026-10-02 09:46:34.484 [pool-3-thread-3] [] INFO  c.c.g.r.c.t.s.i.TaskManagementServiceImpl - 任务已解析: taskId=a2731d5d-92a0-4dcc-8651-8295b1cdc1f4
2026-10-02 09:46:34.487 [pool-3-thread-3] [] ERROR c.c.g.e.c.s.mental.MentalScanTask - PMO-59 心智层补算任务执行失败: Failed to obtain JDBC Connection
org.springframework.jdbc.CannotGetJdbcConnectionException: Failed to obtain JDBC Connection
	at org.springframework.jdbc.datasource.DataSourceUtils.getConnection(DataSourceUtils.java:84)
	at org.springframework.jdbc.core.JdbcTemplate.execute(JdbcTemplate.java:653)
	at org.springframework.jdbc.core.JdbcTemplate.query(JdbcTemplate.java:723)
	at org.springframework.jdbc.core.JdbcTemplate.query(JdbcTemplate.java:754)
	at org.springframework.jdbc.core.JdbcTemplate.query(JdbcTemplate.java:767)
	at org.springframework.jdbc.core.JdbcTemplate.query(JdbcTemplate.java:820)
	at org.springframework.jdbc.core.JdbcTemplate.queryForList(JdbcTemplate.java:952)
	at com.chinacreator.gzcm.engine.cognitive2.service.EvidenceStore.list(EvidenceStore.java:120)
	at com.chinacreator.gzcm.engine.cognitive2.service.CognitiveEvidenceService.list(CognitiveEvidenceService.java:148)
	at com.chinacreator.gzcm.engine.cognitive2.service.mental.MentalScanTask.scanOnce(MentalScanTask.java:94)
	at com.chinacreator.gzcm.engine.cognitive2.service.mental.MentalScanTask$MentalScanTaskExecutor.execute(MentalScanTask.java:163)
	at com.chinacreator.gzcm.runtime.core.task.service.impl.TaskManagementServiceImpl.executeTask(TaskManagementServiceImpl.java:204)
	at com.chinacreator.gzcm.runtime.core.task.service.impl.TaskManagementServiceImpl.submitAndExecute(TaskManagementServiceImpl.java:343)
	at com.chinacreator.gzcm.runtime.core.task.scheduling.TaskSchedulerServiceImpl.executeTask(TaskSchedulerServiceImpl.java:322)
	at com.chinacreator.gzcm.runtime.core.task.scheduling.TaskSchedulerServiceImpl.lambda$schedulePeriodicTask$3(TaskSchedulerServiceImpl.java:231)
	at java.base/java.util.concurrent.Executors$RunnableAdapter.call(Executors.java:539)
	at java.base/java.util.concurrent.FutureTask.runAndReset(FutureTask.java:305)
	at java.base/java.util.concurrent.ScheduledThreadPoolExecutor$ScheduledFutureTask.run(ScheduledThreadPoolExecutor.java:305)
	at java.base/java.util.concurrent.ThreadPoolExecutor.runWorker(ThreadPoolExecutor.java:1136)
	at java.base/java.util.concurrent.ThreadPoolExecutor$Worker.run(ThreadPoolExecutor.java:635)
	at java.base/java.lang.Thread.run(Thread.java:840)
Caused by: java.sql.SQLException: HikariDataSource HikariDataSource (AimingHikariCP) has been closed.
	at com.zaxxer.hikari.HikariDataSource.getConnection(HikariDataSource.java:96)
	at org.springframework.jdbc.datasource.DataSourceUtils.fetchConnection(DataSourceUtils.java:160)
	at org.springframework.jdbc.datasource.DataSourceUtils.doGetConnection(DataSourceUtils.java:118)
	at org.springframework.jdbc.datasource.DataSourceUtils.getConnection(DataSourceUtils.java:81)
	... 20 common frames omitted
2026-10-02 09:46:34.491 [pool-3-thread-3] [] WARN  c.c.g.r.c.t.c.AgentCronTaskExecutor - AgentCronTaskExecutor.onError: taskId=a2731d5d-92a0-4dcc-8651-8295b1cdc1f4, error=cognitive mental scan failed
2026-10-02 09:46:34.492 [pool-3-thread-3] [] WARN  c.c.g.r.c.t.s.TaskSchedulerServiceImpl - 定时任务提交失败 taskId=a2731d5d-92a0-4dcc-8651-8295b1cdc1f4 scheduleId=c75431f7-3451-4a76-af7c-6089a4e233ae: Task execution failed: cognitive mental scan failed
2026-10-02 09:56:34.465 [pool-3-thread-3] [] INFO  c.c.g.r.c.t.s.i.TaskManagementServiceImpl - 任务已提交: taskId=a2731d5d-92a0-4dcc-8651-8295b1cdc1f4, taskName=cognitive-mental-scan
2026-10-02 09:56:34.476 [pool-3-thread-3] [] INFO  c.c.g.r.c.t.s.i.TaskManagementServiceImpl - 任务已解析: taskId=a2731d5d-92a0-4dcc-8651-8295b1cdc1f4
2026-10-02 09:56:34.478 [pool-3-thread-3] [] ERROR c.c.g.e.c.s.mental.MentalScanTask - PMO-59 心智层补算任务执行失败: Failed to obtain JDBC Connection
org.springframework.jdbc.CannotGetJdbcConnectionException: Failed to obtain JDBC Connection
	at org.springframework.jdbc.datasource.DataSourceUtils.getConnection(DataSourceUtils.java:84)
	at org.springframework.jdbc.core.JdbcTemplate.execute(JdbcTemplate.java:653)
	at org.springframework.jdbc.core.JdbcTemplate.query(JdbcTemplate.java:723)
	at org.springframework.jdbc.core.JdbcTemplate.query(JdbcTemplate.java:754)
	at org.springframework.jdbc.core.JdbcTemplate.query(JdbcTemplate.java:767)
	at org.springframework.jdbc.core.JdbcTemplate.query(JdbcTemplate.java:820)
	at org.springframework.jdbc.core.JdbcTemplate.queryForList(JdbcTemplate.java:952)
	at com.chinacreator.gzcm.engine.cognitive2.service.EvidenceStore.list(EvidenceStore.java:120)
	at com.chinacreator.gzcm.engine.cognitive2.service.CognitiveEvidenceService.list(CognitiveEvidenceService.java:148)
	at com.chinacreator.gzcm.engine.cognitive2.service.mental.MentalScanTask.scanOnce(MentalScanTask.java:94)
	at com.chinacreator.gzcm.engine.cognitive2.service.mental.MentalScanTask$MentalScanTaskExecutor.execute(MentalScanTask.java:163)
	at com.chinacreator.gzcm.runtime.core.task.service.impl.TaskManagementServiceImpl.executeTask(TaskManagementServiceImpl.java:204)
	at com.chinacreator.gzcm.runtime.core.task.service.impl.TaskManagementServiceImpl.submitAndExecute(TaskManagementServiceImpl.java:343)
	at com.chinacreator.gzcm.runtime.core.task.scheduling.TaskSchedulerServiceImpl.executeTask(TaskSchedulerServiceImpl.java:322)
	at com.chinacreator.gzcm.runtime.core.task.scheduling.TaskSchedulerServiceImpl.lambda$schedulePeriodicTask$3(TaskSchedulerServiceImpl.java:231)
	at java.base/java.util.concurrent.Executors$RunnableAdapter.call(Executors.java:539)
	at java.base/java.util.concurrent.FutureTask.runAndReset(FutureTask.java:305)
	at java.base/java.util.concurrent.ScheduledThreadPoolExecutor$ScheduledFutureTask.run(ScheduledThreadPoolExecutor.java:305)
	at java.base/java.util.concurrent.ThreadPoolExecutor.runWorker(ThreadPoolExecutor.java:1136)
	at java.base/java.util.concurrent.ThreadPoolExecutor$Worker.run(ThreadPoolExecutor.java:635)
	at java.base/java.lang.Thread.run(Thread.java:840)
Caused by: java.sql.SQLException: HikariDataSource HikariDataSource (AimingHikariCP) has been closed.
	at com.zaxxer.hikari.HikariDataSource.getConnection(HikariDataSource.java:96)
	at org.springframework.jdbc.datasource.DataSourceUtils.fetchConnection(DataSourceUtils.java:160)
	at org.springframework.jdbc.datasource.DataSourceUtils.doGetConnection(DataSourceUtils.java:118)
	at org.springframework.jdbc.datasource.DataSourceUtils.getConnection(DataSourceUtils.java:81)
	... 20 common frames omitted
2026-10-02 09:56:34.480 [pool-3-thread-3] [] WARN  c.c.g.r.c.t.c.AgentCronTaskExecutor - AgentCronTaskExecutor.onError: taskId=a2731d5d-92a0-4dcc-8651-8295b1cdc1f4, error=cognitive mental scan failed
2026-10-02 09:56:34.481 [pool-3-thread-3] [] WARN  c.c.g.r.c.t.s.TaskSchedulerServiceImpl - 定时任务提交失败 taskId=a2731d5d-92a0-4dcc-8651-8295b1cdc1f4 scheduleId=c75431f7-3451-4a76-af7c-6089a4e233ae: Task execution failed: cognitive mental scan failed
2026-10-02 10:06:34.465 [pool-3-thread-3] [] INFO  c.c.g.r.c.t.s.i.TaskManagementServiceImpl - 任务已提交: taskId=a2731d5d-92a0-4dcc-8651-8295b1cdc1f4, taskName=cognitive-mental-scan
2026-10-02 10:06:34.475 [pool-3-thread-3] [] INFO  c.c.g.r.c.t.s.i.TaskManagementServiceImpl - 任务已解析: taskId=a2731d5d-92a0-4dcc-8651-8295b1cdc1f4
2026-10-02 10:06:34.477 [pool-3-thread-3] [] ERROR c.c.g.e.c.s.mental.MentalScanTask - PMO-59 心智层补算任务执行失败: Failed to obtain JDBC Connection
org.springframework.jdbc.CannotGetJdbcConnectionException: Failed to obtain JDBC Connection
	at org.springframework.jdbc.datasource.DataSourceUtils.getConnection(DataSourceUtils.java:84)
	at org.springframework.jdbc.core.JdbcTemplate.execute(JdbcTemplate.java:653)
	at org.springframework.jdbc.core.JdbcTemplate.query(JdbcTemplate.java:723)
	at org.springframework.jdbc.core.JdbcTemplate.query(JdbcTemplate.java:754)
	at org.springframework.jdbc.core.JdbcTemplate.query(JdbcTemplate.java:767)
	at org.springframework.jdbc.core.JdbcTemplate.query(JdbcTemplate.java:820)
	at org.springframework.jdbc.core.JdbcTemplate.queryForList(JdbcTemplate.java:952)
	at com.chinacreator.gzcm.engine.cognitive2.service.EvidenceStore.list(EvidenceStore.java:120)
	at com.chinacreator.gzcm.engine.cognitive2.service.CognitiveEvidenceService.list(CognitiveEvidenceService.java:148)
	at com.chinacreator.gzcm.engine.cognitive2.service.mental.MentalScanTask.scanOnce(MentalScanTask.java:94)
	at com.chinacreator.gzcm.engine.cognitive2.service.mental.MentalScanTask$MentalScanTaskExecutor.execute(MentalScanTask.java:163)
	at com.chinacreator.gzcm.runtime.core.task.service.impl.TaskManagementServiceImpl.executeTask(TaskManagementServiceImpl.java:204)
	at com.chinacreator.gzcm.runtime.core.task.service.impl.TaskManagementServiceImpl.submitAndExecute(TaskManagementServiceImpl.java:343)
	at com.chinacreator.gzcm.runtime.core.task.scheduling.TaskSchedulerServiceImpl.executeTask(TaskSchedulerServiceImpl.java:322)
	at com.chinacreator.gzcm.runtime.core.task.scheduling.TaskSchedulerServiceImpl.lambda$schedulePeriodicTask$3(TaskSchedulerServiceImpl.java:231)
	at java.base/java.util.concurrent.Executors$RunnableAdapter.call(Executors.java:539)
	at java.base/java.util.concurrent.FutureTask.runAndReset(FutureTask.java:305)
	at java.base/java.util.concurrent.ScheduledThreadPoolExecutor$ScheduledFutureTask.run(ScheduledThreadPoolExecutor.java:305)
	at java.base/java.util.concurrent.ThreadPoolExecutor.runWorker(ThreadPoolExecutor.java:1136)
	at java.base/java.util.concurrent.ThreadPoolExecutor$Worker.run(ThreadPoolExecutor.java:635)
	at java.base/java.lang.Thread.run(Thread.java:840)
Caused by: java.sql.SQLException: HikariDataSource HikariDataSource (AimingHikariCP) has been closed.
	at com.zaxxer.hikari.HikariDataSource.getConnection(HikariDataSource.java:96)
	at org.springframework.jdbc.datasource.DataSourceUtils.fetchConnection(DataSourceUtils.java:160)
	at org.springframework.jdbc.datasource.DataSourceUtils.doGetConnection(DataSourceUtils.java:118)
	at org.springframework.jdbc.datasource.DataSourceUtils.getConnection(DataSourceUtils.java:81)
	... 20 common frames omitted
2026-10-02 10:06:34.478 [pool-3-thread-3] [] WARN  c.c.g.r.c.t.c.AgentCronTaskExecutor - AgentCronTaskExecutor.onError: taskId=a2731d5d-92a0-4dcc-8651-8295b1cdc1f4, error=cognitive mental scan failed
2026-10-02 10:06:34.479 [pool-3-thread-3] [] WARN  c.c.g.r.c.t.s.TaskSchedulerServiceImpl - 定时任务提交失败 taskId=a2731d5d-92a0-4dcc-8651-8295b1cdc1f4 scheduleId=c75431f7-3451-4a76-af7c-6089a4e233ae: Task execution failed: cognitive mental scan failed
2026-10-02 10:16:34.463 [pool-3-thread-3] [] INFO  c.c.g.r.c.t.s.i.TaskManagementServiceImpl - 任务已提交: taskId=a2731d5d-92a0-4dcc-8651-8295b1cdc1f4, taskName=cognitive-mental-scan
2026-10-02 10:16:34.466 [pool-3-thread-3] [] INFO  c.c.g.r.c.t.s.i.TaskManagementServiceImpl - 任务已解析: taskId=a2731d5d-92a0-4dcc-8651-8295b1cdc1f4
2026-10-02 10:16:34.467 [pool-3-thread-3] [] ERROR c.c.g.e.c.s.mental.MentalScanTask - PMO-59 心智层补算任务执行失败: Failed to obtain JDBC Connection
org.springframework.jdbc.CannotGetJdbcConnectionException: Failed to obtain JDBC Connection
	at org.springframework.jdbc.datasource.DataSourceUtils.getConnection(DataSourceUtils.java:84)
	at org.springframework.jdbc.core.JdbcTemplate.execute(JdbcTemplate.java:653)
	at org.springframework.jdbc.core.JdbcTemplate.query(JdbcTemplate.java:723)
	at org.springframework.jdbc.core.JdbcTemplate.query(JdbcTemplate.java:754)
	at org.springframework.jdbc.core.JdbcTemplate.query(JdbcTemplate.java:767)
	at org.springframework.jdbc.core.JdbcTemplate.query(JdbcTemplate.java:820)
	at org.springframework.jdbc.core.JdbcTemplate.queryForList(JdbcTemplate.java:952)
	at com.chinacreator.gzcm.engine.cognitive2.service.EvidenceStore.list(EvidenceStore.java:120)
	at com.chinacreator.gzcm.engine.cognitive2.service.CognitiveEvidenceService.list(CognitiveEvidenceService.java:148)
	at com.chinacreator.gzcm.engine.cognitive2.service.mental.MentalScanTask.scanOnce(MentalScanTask.java:94)
	at com.chinacreator.gzcm.engine.cognitive2.service.mental.MentalScanTask$MentalScanTaskExecutor.execute(MentalScanTask.java:163)
	at com.chinacreator.gzcm.runtime.core.task.service.impl.TaskManagementServiceImpl.executeTask(TaskManagementServiceImpl.java:204)
	at com.chinacreator.gzcm.runtime.core.task.service.impl.TaskManagementServiceImpl.submitAndExecute(TaskManagementServiceImpl.java:343)
	at com.chinacreator.gzcm.runtime.core.task.scheduling.TaskSchedulerServiceImpl.executeTask(TaskSchedulerServiceImpl.java:322)
	at com.chinacreator.gzcm.runtime.core.task.scheduling.TaskSchedulerServiceImpl.lambda$schedulePeriodicTask$3(TaskSchedulerServiceImpl.java:231)
	at java.base/java.util.concurrent.Executors$RunnableAdapter.call(Executors.java:539)
	at java.base/java.util.concurrent.FutureTask.runAndReset(FutureTask.java:305)
	at java.base/java.util.concurrent.ScheduledThreadPoolExecutor$ScheduledFutureTask.run(ScheduledThreadPoolExecutor.java:305)
	at java.base/java.util.concurrent.ThreadPoolExecutor.runWorker(ThreadPoolExecutor.java:1136)
	at java.base/java.util.concurrent.ThreadPoolExecutor$Worker.run(ThreadPoolExecutor.java:635)
	at java.base/java.lang.Thread.run(Thread.java:840)
Caused by: java.sql.SQLException: HikariDataSource HikariDataSource (AimingHikariCP) has been closed.
	at com.zaxxer.hikari.HikariDataSource.getConnection(HikariDataSource.java:96)
	at org.springframework.jdbc.datasource.DataSourceUtils.fetchConnection(DataSourceUtils.java:160)
	at org.springframework.jdbc.datasource.DataSourceUtils.doGetConnection(DataSourceUtils.java:118)
	at org.springframework.jdbc.datasource.DataSourceUtils.getConnection(DataSourceUtils.java:81)
	... 20 common frames omitted
2026-10-02 10:16:34.468 [pool-3-thread-3] [] WARN  c.c.g.r.c.t.c.AgentCronTaskExecutor - AgentCronTaskExecutor.onError: taskId=a2731d5d-92a0-4dcc-8651-8295b1cdc1f4, error=cognitive mental scan failed
2026-10-02 10:16:34.469 [pool-3-thread-3] [] WARN  c.c.g.r.c.t.s.TaskSchedulerServiceImpl - 定时任务提交失败 taskId=a2731d5d-92a0-4dcc-8651-8295b1cdc1f4 scheduleId=c75431f7-3451-4a76-af7c-6089a4e233ae: Task execution failed: cognitive mental scan failed
2026-10-02 10:26:34.470 [pool-3-thread-3] [] INFO  c.c.g.r.c.t.s.i.TaskManagementServiceImpl - 任务已提交: taskId=a2731d5d-92a0-4dcc-8651-8295b1cdc1f4, taskName=cognitive-mental-scan
2026-10-02 10:26:34.481 [pool-3-thread-3] [] INFO  c.c.g.r.c.t.s.i.TaskManagementServiceImpl - 任务已解析: taskId=a2731d5d-92a0-4dcc-8651-8295b1cdc1f4
2026-10-02 10:26:34.482 [pool-3-thread-3] [] ERROR c.c.g.e.c.s.mental.MentalScanTask - PMO-59 心智层补算任务执行失败: Failed to obtain JDBC Connection
org.springframework.jdbc.CannotGetJdbcConnectionException: Failed to obtain JDBC Connection
	at org.springframework.jdbc.datasource.DataSourceUtils.getConnection(DataSourceUtils.java:84)
	at org.springframework.jdbc.core.JdbcTemplate.execute(JdbcTemplate.java:653)
	at org.springframework.jdbc.core.JdbcTemplate.query(JdbcTemplate.java:723)
	at org.springframework.jdbc.core.JdbcTemplate.query(JdbcTemplate.java:754)
	at org.springframework.jdbc.core.JdbcTemplate.query(JdbcTemplate.java:767)
	at org.springframework.jdbc.core.JdbcTemplate.query(JdbcTemplate.java:820)
	at org.springframework.jdbc.core.JdbcTemplate.queryForList(JdbcTemplate.java:952)
	at com.chinacreator.gzcm.engine.cognitive2.service.EvidenceStore.list(EvidenceStore.java:120)
	at com.chinacreator.gzcm.engine.cognitive2.service.CognitiveEvidenceService.list(CognitiveEvidenceService.java:148)
	at com.chinacreator.gzcm.engine.cognitive2.service.mental.MentalScanTask.scanOnce(MentalScanTask.java:94)
	at com.chinacreator.gzcm.engine.cognitive2.service.mental.MentalScanTask$MentalScanTaskExecutor.execute(MentalScanTask.java:163)
	at com.chinacreator.gzcm.runtime.core.task.service.impl.TaskManagementServiceImpl.executeTask(TaskManagementServiceImpl.java:204)
	at com.chinacreator.gzcm.runtime.core.task.service.impl.TaskManagementServiceImpl.submitAndExecute(TaskManagementServiceImpl.java:343)
	at com.chinacreator.gzcm.runtime.core.task.scheduling.TaskSchedulerServiceImpl.executeTask(TaskSchedulerServiceImpl.java:322)
	at com.chinacreator.gzcm.runtime.core.task.scheduling.TaskSchedulerServiceImpl.lambda$schedulePeriodicTask$3(TaskSchedulerServiceImpl.java:231)
	at java.base/java.util.concurrent.Executors$RunnableAdapter.call(Executors.java:539)
	at java.base/java.util.concurrent.FutureTask.runAndReset(FutureTask.java:305)
	at java.base/java.util.concurrent.ScheduledThreadPoolExecutor$ScheduledFutureTask.run(ScheduledThreadPoolExecutor.java:305)
	at java.base/java.util.concurrent.ThreadPoolExecutor.runWorker(ThreadPoolExecutor.java:1136)
	at java.base/java.util.concurrent.ThreadPoolExecutor$Worker.run(ThreadPoolExecutor.java:635)
	at java.base/java.lang.Thread.run(Thread.java:840)
Caused by: java.sql.SQLException: HikariDataSource HikariDataSource (AimingHikariCP) has been closed.
	at com.zaxxer.hikari.HikariDataSource.getConnection(HikariDataSource.java:96)
	at org.springframework.jdbc.datasource.DataSourceUtils.fetchConnection(DataSourceUtils.java:160)
	at org.springframework.jdbc.datasource.DataSourceUtils.doGetConnection(DataSourceUtils.java:118)
	at org.springframework.jdbc.datasource.DataSourceUtils.getConnection(DataSourceUtils.java:81)
	... 20 common frames omitted
2026-10-02 10:26:34.483 [pool-3-thread-3] [] WARN  c.c.g.r.c.t.c.AgentCronTaskExecutor - AgentCronTaskExecutor.onError: taskId=a2731d5d-92a0-4dcc-8651-8295b1cdc1f4, error=cognitive mental scan failed
2026-10-02 10:26:34.484 [pool-3-thread-3] [] WARN  c.c.g.r.c.t.s.TaskSchedulerServiceImpl - 定时任务提交失败 taskId=a2731d5d-92a0-4dcc-8651-8295b1cdc1f4 scheduleId=c75431f7-3451-4a76-af7c-6089a4e233ae: Task execution failed: cognitive mental scan failed
2026-10-02 10:36:34.463 [pool-3-thread-3] [] INFO  c.c.g.r.c.t.s.i.TaskManagementServiceImpl - 任务已提交: taskId=a2731d5d-92a0-4dcc-8651-8295b1cdc1f4, taskName=cognitive-mental-scan
2026-10-02 10:36:34.471 [pool-3-thread-3] [] INFO  c.c.g.r.c.t.s.i.TaskManagementServiceImpl - 任务已解析: taskId=a2731d5d-92a0-4dcc-8651-8295b1cdc1f4
2026-10-02 10:36:34.480 [pool-3-thread-3] [] ERROR c.c.g.e.c.s.mental.MentalScanTask - PMO-59 心智层补算任务执行失败: Failed to obtain JDBC Connection
org.springframework.jdbc.CannotGetJdbcConnectionException: Failed to obtain JDBC Connection
	at org.springframework.jdbc.datasource.DataSourceUtils.getConnection(DataSourceUtils.java:84)
	at org.springframework.jdbc.core.JdbcTemplate.execute(JdbcTemplate.java:653)
	at org.springframework.jdbc.core.JdbcTemplate.query(JdbcTemplate.java:723)
	at org.springframework.jdbc.core.JdbcTemplate.query(JdbcTemplate.java:754)
	at org.springframework.jdbc.core.JdbcTemplate.query(JdbcTemplate.java:767)
	at org.springframework.jdbc.core.JdbcTemplate.query(JdbcTemplate.java:820)
	at org.springframework.jdbc.core.JdbcTemplate.queryForList(JdbcTemplate.java:952)
	at com.chinacreator.gzcm.engine.cognitive2.service.EvidenceStore.list(EvidenceStore.java:120)
	at com.chinacreator.gzcm.engine.cognitive2.service.CognitiveEvidenceService.list(CognitiveEvidenceService.java:148)
	at com.chinacreator.gzcm.engine.cognitive2.service.mental.MentalScanTask.scanOnce(MentalScanTask.java:94)
	at com.chinacreator.gzcm.engine.cognitive2.service.mental.MentalScanTask$MentalScanTaskExecutor.execute(MentalScanTask.java:163)
	at com.chinacreator.gzcm.runtime.core.task.service.impl.TaskManagementServiceImpl.executeTask(TaskManagementServiceImpl.java:204)
	at com.chinacreator.gzcm.runtime.core.task.service.impl.TaskManagementServiceImpl.submitAndExecute(TaskManagementServiceImpl.java:343)
	at com.chinacreator.gzcm.runtime.core.task.scheduling.TaskSchedulerServiceImpl.executeTask(TaskSchedulerServiceImpl.java:322)
	at com.chinacreator.gzcm.runtime.core.task.scheduling.TaskSchedulerServiceImpl.lambda$schedulePeriodicTask$3(TaskSchedulerServiceImpl.java:231)
	at java.base/java.util.concurrent.Executors$RunnableAdapter.call(Executors.java:539)
	at java.base/java.util.concurrent.FutureTask.runAndReset(FutureTask.java:305)
	at java.base/java.util.concurrent.ScheduledThreadPoolExecutor$ScheduledFutureTask.run(ScheduledThreadPoolExecutor.java:305)
	at java.base/java.util.concurrent.ThreadPoolExecutor.runWorker(ThreadPoolExecutor.java:1136)
	at java.base/java.util.concurrent.ThreadPoolExecutor$Worker.run(ThreadPoolExecutor.java:635)
	at java.base/java.lang.Thread.run(Thread.java:840)
Caused by: java.sql.SQLException: HikariDataSource HikariDataSource (AimingHikariCP) has been closed.
	at com.zaxxer.hikari.HikariDataSource.getConnection(HikariDataSource.java:96)
	at org.springframework.jdbc.datasource.DataSourceUtils.fetchConnection(DataSourceUtils.java:160)
	at org.springframework.jdbc.datasource.DataSourceUtils.doGetConnection(DataSourceUtils.java:118)
	at org.springframework.jdbc.datasource.DataSourceUtils.getConnection(DataSourceUtils.java:81)
	... 20 common frames omitted
2026-10-02 10:36:34.491 [pool-3-thread-3] [] WARN  c.c.g.r.c.t.c.AgentCronTaskExecutor - AgentCronTaskExecutor.onError: taskId=a2731d5d-92a0-4dcc-8651-8295b1cdc1f4, error=cognitive mental scan failed
2026-10-02 10:36:34.498 [pool-3-thread-3] [] WARN  c.c.g.r.c.t.s.TaskSchedulerServiceImpl - 定时任务提交失败 taskId=a2731d5d-92a0-4dcc-8651-8295b1cdc1f4 scheduleId=c75431f7-3451-4a76-af7c-6089a4e233ae: Task execution failed: cognitive mental scan failed
2026-10-02 10:46:34.458 [pool-3-thread-3] [] INFO  c.c.g.r.c.t.s.i.TaskManagementServiceImpl - 任务已提交: taskId=a2731d5d-92a0-4dcc-8651-8295b1cdc1f4, taskName=cognitive-mental-scan
2026-10-02 10:46:34.478 [pool-3-thread-3] [] INFO  c.c.g.r.c.t.s.i.TaskManagementServiceImpl - 任务已解析: taskId=a2731d5d-92a0-4dcc-8651-8295b1cdc1f4
2026-10-02 10:46:34.480 [pool-3-thread-3] [] ERROR c.c.g.e.c.s.mental.MentalScanTask - PMO-59 心智层补算任务执行失败: Failed to obtain JDBC Connection
org.springframework.jdbc.CannotGetJdbcConnectionException: Failed to obtain JDBC Connection
	at org.springframework.jdbc.datasource.DataSourceUtils.getConnection(DataSourceUtils.java:84)
	at org.springframework.jdbc.core.JdbcTemplate.execute(JdbcTemplate.java:653)
	at org.springframework.jdbc.core.JdbcTemplate.query(JdbcTemplate.java:723)
	at org.springframework.jdbc.core.JdbcTemplate.query(JdbcTemplate.java:754)
	at org.springframework.jdbc.core.JdbcTemplate.query(JdbcTemplate.java:767)
	at org.springframework.jdbc.core.JdbcTemplate.query(JdbcTemplate.java:820)
	at org.springframework.jdbc.core.JdbcTemplate.queryForList(JdbcTemplate.java:952)
	at com.chinacreator.gzcm.engine.cognitive2.service.EvidenceStore.list(EvidenceStore.java:120)
	at com.chinacreator.gzcm.engine.cognitive2.service.CognitiveEvidenceService.list(CognitiveEvidenceService.java:148)
	at com.chinacreator.gzcm.engine.cognitive2.service.mental.MentalScanTask.scanOnce(MentalScanTask.java:94)
	at com.chinacreator.gzcm.engine.cognitive2.service.mental.MentalScanTask$MentalScanTaskExecutor.execute(MentalScanTask.java:163)
	at com.chinacreator.gzcm.runtime.core.task.service.impl.TaskManagementServiceImpl.executeTask(TaskManagementServiceImpl.java:204)
	at com.chinacreator.gzcm.runtime.core.task.service.impl.TaskManagementServiceImpl.submitAndExecute(TaskManagementServiceImpl.java:343)
	at com.chinacreator.gzcm.runtime.core.task.scheduling.TaskSchedulerServiceImpl.executeTask(TaskSchedulerServiceImpl.java:322)
	at com.chinacreator.gzcm.runtime.core.task.scheduling.TaskSchedulerServiceImpl.lambda$schedulePeriodicTask$3(TaskSchedulerServiceImpl.java:231)
	at java.base/java.util.concurrent.Executors$RunnableAdapter.call(Executors.java:539)
	at java.base/java.util.concurrent.FutureTask.runAndReset(FutureTask.java:305)
	at java.base/java.util.concurrent.ScheduledThreadPoolExecutor$ScheduledFutureTask.run(ScheduledThreadPoolExecutor.java:305)
	at java.base/java.util.concurrent.ThreadPoolExecutor.runWorker(ThreadPoolExecutor.java:1136)
	at java.base/java.util.concurrent.ThreadPoolExecutor$Worker.run(ThreadPoolExecutor.java:635)
	at java.base/java.lang.Thread.run(Thread.java:840)
Caused by: java.sql.SQLException: HikariDataSource HikariDataSource (AimingHikariCP) has been closed.
	at com.zaxxer.hikari.HikariDataSource.getConnection(HikariDataSource.java:96)
	at org.springframework.jdbc.datasource.DataSourceUtils.fetchConnection(DataSourceUtils.java:160)
	at org.springframework.jdbc.datasource.DataSourceUtils.doGetConnection(DataSourceUtils.java:118)
	at org.springframework.jdbc.datasource.DataSourceUtils.getConnection(DataSourceUtils.java:81)
	... 20 common frames omitted
2026-10-02 10:46:34.481 [pool-3-thread-3] [] WARN  c.c.g.r.c.t.c.AgentCronTaskExecutor - AgentCronTaskExecutor.onError: taskId=a2731d5d-92a0-4dcc-8651-8295b1cdc1f4, error=cognitive mental scan failed
2026-10-02 10:46:34.481 [pool-3-thread-3] [] WARN  c.c.g.r.c.t.s.TaskSchedulerServiceImpl - 定时任务提交失败 taskId=a2731d5d-92a0-4dcc-8651-8295b1cdc1f4 scheduleId=c75431f7-3451-4a76-af7c-6089a4e233ae: Task execution failed: cognitive mental scan failed
2026-10-02 10:56:34.467 [pool-3-thread-3] [] INFO  c.c.g.r.c.t.s.i.TaskManagementServiceImpl - 任务已提交: taskId=a2731d5d-92a0-4dcc-8651-8295b1cdc1f4, taskName=cognitive-mental-scan
2026-10-02 10:56:34.469 [pool-3-thread-3] [] INFO  c.c.g.r.c.t.s.i.TaskManagementServiceImpl - 任务已解析: taskId=a2731d5d-92a0-4dcc-8651-8295b1cdc1f4
2026-10-02 10:56:34.470 [pool-3-thread-3] [] ERROR c.c.g.e.c.s.mental.MentalScanTask - PMO-59 心智层补算任务执行失败: Failed to obtain JDBC Connection
org.springframework.jdbc.CannotGetJdbcConnectionException: Failed to obtain JDBC Connection
	at org.springframework.jdbc.datasource.DataSourceUtils.getConnection(DataSourceUtils.java:84)
	at org.springframework.jdbc.core.JdbcTemplate.execute(JdbcTemplate.java:653)
	at org.springframework.jdbc.core.JdbcTemplate.query(JdbcTemplate.java:723)
	at org.springframework.jdbc.core.JdbcTemplate.query(JdbcTemplate.java:754)
	at org.springframework.jdbc.core.JdbcTemplate.query(JdbcTemplate.java:767)
	at org.springframework.jdbc.core.JdbcTemplate.query(JdbcTemplate.java:820)
	at org.springframework.jdbc.core.JdbcTemplate.queryForList(JdbcTemplate.java:952)
	at com.chinacreator.gzcm.engine.cognitive2.service.EvidenceStore.list(EvidenceStore.java:120)
	at com.chinacreator.gzcm.engine.cognitive2.service.CognitiveEvidenceService.list(CognitiveEvidenceService.java:148)
	at com.chinacreator.gzcm.engine.cognitive2.service.mental.MentalScanTask.scanOnce(MentalScanTask.java:94)
	at com.chinacreator.gzcm.engine.cognitive2.service.mental.MentalScanTask$MentalScanTaskExecutor.execute(MentalScanTask.java:163)
	at com.chinacreator.gzcm.runtime.core.task.service.impl.TaskManagementServiceImpl.executeTask(TaskManagementServiceImpl.java:204)
	at com.chinacreator.gzcm.runtime.core.task.service.impl.TaskManagementServiceImpl.submitAndExecute(TaskManagementServiceImpl.java:343)
	at com.chinacreator.gzcm.runtime.core.task.scheduling.TaskSchedulerServiceImpl.executeTask(TaskSchedulerServiceImpl.java:322)
	at com.chinacreator.gzcm.runtime.core.task.scheduling.TaskSchedulerServiceImpl.lambda$schedulePeriodicTask$3(TaskSchedulerServiceImpl.java:231)
	at java.base/java.util.concurrent.Executors$RunnableAdapter.call(Executors.java:539)
	at java.base/java.util.concurrent.FutureTask.runAndReset(FutureTask.java:305)
	at java.base/java.util.concurrent.ScheduledThreadPoolExecutor$ScheduledFutureTask.run(ScheduledThreadPoolExecutor.java:305)
	at java.base/java.util.concurrent.ThreadPoolExecutor.runWorker(ThreadPoolExecutor.java:1136)
	at java.base/java.util.concurrent.ThreadPoolExecutor$Worker.run(ThreadPoolExecutor.java:635)
	at java.base/java.lang.Thread.run(Thread.java:840)
Caused by: java.sql.SQLException: HikariDataSource HikariDataSource (AimingHikariCP) has been closed.
	at com.zaxxer.hikari.HikariDataSource.getConnection(HikariDataSource.java:96)
	at org.springframework.jdbc.datasource.DataSourceUtils.fetchConnection(DataSourceUtils.java:160)
	at org.springframework.jdbc.datasource.DataSourceUtils.doGetConnection(DataSourceUtils.java:118)
	at org.springframework.jdbc.datasource.DataSourceUtils.getConnection(DataSourceUtils.java:81)
	... 20 common frames omitted
2026-10-02 10:56:34.471 [pool-3-thread-3] [] WARN  c.c.g.r.c.t.c.AgentCronTaskExecutor - AgentCronTaskExecutor.onError: taskId=a2731d5d-92a0-4dcc-8651-8295b1cdc1f4, error=cognitive mental scan failed
2026-10-02 10:56:34.472 [pool-3-thread-3] [] WARN  c.c.g.r.c.t.s.TaskSchedulerServiceImpl - 定时任务提交失败 taskId=a2731d5d-92a0-4dcc-8651-8295b1cdc1f4 scheduleId=c75431f7-3451-4a76-af7c-6089a4e233ae: Task execution failed: cognitive mental scan failed
2026-10-02 11:06:34.460 [pool-3-thread-3] [] INFO  c.c.g.r.c.t.s.i.TaskManagementServiceImpl - 任务已提交: taskId=a2731d5d-92a0-4dcc-8651-8295b1cdc1f4, taskName=cognitive-mental-scan
2026-10-02 11:06:34.462 [pool-3-thread-3] [] INFO  c.c.g.r.c.t.s.i.TaskManagementServiceImpl - 任务已解析: taskId=a2731d5d-92a0-4dcc-8651-8295b1cdc1f4
2026-10-02 11:06:34.464 [pool-3-thread-3] [] ERROR c.c.g.e.c.s.mental.MentalScanTask - PMO-59 心智层补算任务执行失败: Failed to obtain JDBC Connection
org.springframework.jdbc.CannotGetJdbcConnectionException: Failed to obtain JDBC Connection
	at org.springframework.jdbc.datasource.DataSourceUtils.getConnection(DataSourceUtils.java:84)
	at org.springframework.jdbc.core.JdbcTemplate.execute(JdbcTemplate.java:653)
	at org.springframework.jdbc.core.JdbcTemplate.query(JdbcTemplate.java:723)
	at org.springframework.jdbc.core.JdbcTemplate.query(JdbcTemplate.java:754)
	at org.springframework.jdbc.core.JdbcTemplate.query(JdbcTemplate.java:767)
	at org.springframework.jdbc.core.JdbcTemplate.query(JdbcTemplate.java:820)
	at org.springframework.jdbc.core.JdbcTemplate.queryForList(JdbcTemplate.java:952)
	at com.chinacreator.gzcm.engine.cognitive2.service.EvidenceStore.list(EvidenceStore.java:120)
	at com.chinacreator.gzcm.engine.cognitive2.service.CognitiveEvidenceService.list(CognitiveEvidenceService.java:148)
	at com.chinacreator.gzcm.engine.cognitive2.service.mental.MentalScanTask.scanOnce(MentalScanTask.java:94)
	at com.chinacreator.gzcm.engine.cognitive2.service.mental.MentalScanTask$MentalScanTaskExecutor.execute(MentalScanTask.java:163)
	at com.chinacreator.gzcm.runtime.core.task.service.impl.TaskManagementServiceImpl.executeTask(TaskManagementServiceImpl.java:204)
	at com.chinacreator.gzcm.runtime.core.task.service.impl.TaskManagementServiceImpl.submitAndExecute(TaskManagementServiceImpl.java:343)
	at com.chinacreator.gzcm.runtime.core.task.scheduling.TaskSchedulerServiceImpl.executeTask(TaskSchedulerServiceImpl.java:322)
	at com.chinacreator.gzcm.runtime.core.task.scheduling.TaskSchedulerServiceImpl.lambda$schedulePeriodicTask$3(TaskSchedulerServiceImpl.java:231)
	at java.base/java.util.concurrent.Executors$RunnableAdapter.call(Executors.java:539)
	at java.base/java.util.concurrent.FutureTask.runAndReset(FutureTask.java:305)
	at java.base/java.util.concurrent.ScheduledThreadPoolExecutor$ScheduledFutureTask.run(ScheduledThreadPoolExecutor.java:305)
	at java.base/java.util.concurrent.ThreadPoolExecutor.runWorker(ThreadPoolExecutor.java:1136)
	at java.base/java.util.concurrent.ThreadPoolExecutor$Worker.run(ThreadPoolExecutor.java:635)
	at java.base/java.lang.Thread.run(Thread.java:840)
Caused by: java.sql.SQLException: HikariDataSource HikariDataSource (AimingHikariCP) has been closed.
	at com.zaxxer.hikari.HikariDataSource.getConnection(HikariDataSource.java:96)
	at org.springframework.jdbc.datasource.DataSourceUtils.fetchConnection(DataSourceUtils.java:160)
	at org.springframework.jdbc.datasource.DataSourceUtils.doGetConnection(DataSourceUtils.java:118)
	at org.springframework.jdbc.datasource.DataSourceUtils.getConnection(DataSourceUtils.java:81)
	... 20 common frames omitted
2026-10-02 11:06:34.467 [pool-3-thread-3] [] WARN  c.c.g.r.c.t.c.AgentCronTaskExecutor - AgentCronTaskExecutor.onError: taskId=a2731d5d-92a0-4dcc-8651-8295b1cdc1f4, error=cognitive mental scan failed
2026-10-02 11:06:34.468 [pool-3-thread-3] [] WARN  c.c.g.r.c.t.s.TaskSchedulerServiceImpl - 定时任务提交失败 taskId=a2731d5d-92a0-4dcc-8651-8295b1cdc1f4 scheduleId=c75431f7-3451-4a76-af7c-6089a4e233ae: Task execution failed: cognitive mental scan failed
2026-10-02 11:16:34.463 [pool-3-thread-3] [] INFO  c.c.g.r.c.t.s.i.TaskManagementServiceImpl - 任务已提交: taskId=a2731d5d-92a0-4dcc-8651-8295b1cdc1f4, taskName=cognitive-mental-scan
2026-10-02 11:16:34.464 [pool-3-thread-3] [] INFO  c.c.g.r.c.t.s.i.TaskManagementServiceImpl - 任务已解析: taskId=a2731d5d-92a0-4dcc-8651-8295b1cdc1f4
2026-10-02 11:16:34.465 [pool-3-thread-3] [] ERROR c.c.g.e.c.s.mental.MentalScanTask - PMO-59 心智层补算任务执行失败: Failed to obtain JDBC Connection
org.springframework.jdbc.CannotGetJdbcConnectionException: Failed to obtain JDBC Connection
	at org.springframework.jdbc.datasource.DataSourceUtils.getConnection(DataSourceUtils.java:84)
	at org.springframework.jdbc.core.JdbcTemplate.execute(JdbcTemplate.java:653)
	at org.springframework.jdbc.core.JdbcTemplate.query(JdbcTemplate.java:723)
	at org.springframework.jdbc.core.JdbcTemplate.query(JdbcTemplate.java:754)
	at org.springframework.jdbc.core.JdbcTemplate.query(JdbcTemplate.java:767)
	at org.springframework.jdbc.core.JdbcTemplate.query(JdbcTemplate.java:820)
	at org.springframework.jdbc.core.JdbcTemplate.queryForList(JdbcTemplate.java:952)
	at com.chinacreator.gzcm.engine.cognitive2.service.EvidenceStore.list(EvidenceStore.java:120)
	at com.chinacreator.gzcm.engine.cognitive2.service.CognitiveEvidenceService.list(CognitiveEvidenceService.java:148)
	at com.chinacreator.gzcm.engine.cognitive2.service.mental.MentalScanTask.scanOnce(MentalScanTask.java:94)
	at com.chinacreator.gzcm.engine.cognitive2.service.mental.MentalScanTask$MentalScanTaskExecutor.execute(MentalScanTask.java:163)
	at com.chinacreator.gzcm.runtime.core.task.service.impl.TaskManagementServiceImpl.executeTask(TaskManagementServiceImpl.java:204)
	at com.chinacreator.gzcm.runtime.core.task.service.impl.TaskManagementServiceImpl.submitAndExecute(TaskManagementServiceImpl.java:343)
	at com.chinacreator.gzcm.runtime.core.task.scheduling.TaskSchedulerServiceImpl.executeTask(TaskSchedulerServiceImpl.java:322)
	at com.chinacreator.gzcm.runtime.core.task.scheduling.TaskSchedulerServiceImpl.lambda$schedulePeriodicTask$3(TaskSchedulerServiceImpl.java:231)
	at java.base/java.util.concurrent.Executors$RunnableAdapter.call(Executors.java:539)
	at java.base/java.util.concurrent.FutureTask.runAndReset(FutureTask.java:305)
	at java.base/java.util.concurrent.ScheduledThreadPoolExecutor$ScheduledFutureTask.run(ScheduledThreadPoolExecutor.java:305)
	at java.base/java.util.concurrent.ThreadPoolExecutor.runWorker(ThreadPoolExecutor.java:1136)
	at java.base/java.util.concurrent.ThreadPoolExecutor$Worker.run(ThreadPoolExecutor.java:635)
	at java.base/java.lang.Thread.run(Thread.java:840)
Caused by: java.sql.SQLException: HikariDataSource HikariDataSource (AimingHikariCP) has been closed.
	at com.zaxxer.hikari.HikariDataSource.getConnection(HikariDataSource.java:96)
	at org.springframework.jdbc.datasource.DataSourceUtils.fetchConnection(DataSourceUtils.java:160)
	at org.springframework.jdbc.datasource.DataSourceUtils.doGetConnection(DataSourceUtils.java:118)
	at org.springframework.jdbc.datasource.DataSourceUtils.getConnection(DataSourceUtils.java:81)
	... 20 common frames omitted
2026-10-02 11:16:34.466 [pool-3-thread-3] [] WARN  c.c.g.r.c.t.c.AgentCronTaskExecutor - AgentCronTaskExecutor.onError: taskId=a2731d5d-92a0-4dcc-8651-8295b1cdc1f4, error=cognitive mental scan failed
2026-10-02 11:16:34.467 [pool-3-thread-3] [] WARN  c.c.g.r.c.t.s.TaskSchedulerServiceImpl - 定时任务提交失败 taskId=a2731d5d-92a0-4dcc-8651-8295b1cdc1f4 scheduleId=c75431f7-3451-4a76-af7c-6089a4e233ae: Task execution failed: cognitive mental scan failed
2026-10-02 11:26:34.460 [pool-3-thread-3] [] INFO  c.c.g.r.c.t.s.i.TaskManagementServiceImpl - 任务已提交: taskId=a2731d5d-92a0-4dcc-8651-8295b1cdc1f4, taskName=cognitive-mental-scan
2026-10-02 11:26:34.463 [pool-3-thread-3] [] INFO  c.c.g.r.c.t.s.i.TaskManagementServiceImpl - 任务已解析: taskId=a2731d5d-92a0-4dcc-8651-8295b1cdc1f4
2026-10-02 11:26:34.465 [pool-3-thread-3] [] ERROR c.c.g.e.c.s.mental.MentalScanTask - PMO-59 心智层补算任务执行失败: Failed to obtain JDBC Connection
org.springframework.jdbc.CannotGetJdbcConnectionException: Failed to obtain JDBC Connection
	at org.springframework.jdbc.datasource.DataSourceUtils.getConnection(DataSourceUtils.java:84)
	at org.springframework.jdbc.core.JdbcTemplate.execute(JdbcTemplate.java:653)
	at org.springframework.jdbc.core.JdbcTemplate.query(JdbcTemplate.java:723)
	at org.springframework.jdbc.core.JdbcTemplate.query(JdbcTemplate.java:754)
	at org.springframework.jdbc.core.JdbcTemplate.query(JdbcTemplate.java:767)
	at org.springframework.jdbc.core.JdbcTemplate.query(JdbcTemplate.java:820)
	at org.springframework.jdbc.core.JdbcTemplate.queryForList(JdbcTemplate.java:952)
	at com.chinacreator.gzcm.engine.cognitive2.service.EvidenceStore.list(EvidenceStore.java:120)
	at com.chinacreator.gzcm.engine.cognitive2.service.CognitiveEvidenceService.list(CognitiveEvidenceService.java:148)
	at com.chinacreator.gzcm.engine.cognitive2.service.mental.MentalScanTask.scanOnce(MentalScanTask.java:94)
	at com.chinacreator.gzcm.engine.cognitive2.service.mental.MentalScanTask$MentalScanTaskExecutor.execute(MentalScanTask.java:163)
	at com.chinacreator.gzcm.runtime.core.task.service.impl.TaskManagementServiceImpl.executeTask(TaskManagementServiceImpl.java:204)
	at com.chinacreator.gzcm.runtime.core.task.service.impl.TaskManagementServiceImpl.submitAndExecute(TaskManagementServiceImpl.java:343)
	at com.chinacreator.gzcm.runtime.core.task.scheduling.TaskSchedulerServiceImpl.executeTask(TaskSchedulerServiceImpl.java:322)
	at com.chinacreator.gzcm.runtime.core.task.scheduling.TaskSchedulerServiceImpl.lambda$schedulePeriodicTask$3(TaskSchedulerServiceImpl.java:231)
	at java.base/java.util.concurrent.Executors$RunnableAdapter.call(Executors.java:539)
	at java.base/java.util.concurrent.FutureTask.runAndReset(FutureTask.java:305)
	at java.base/java.util.concurrent.ScheduledThreadPoolExecutor$ScheduledFutureTask.run(ScheduledThreadPoolExecutor.java:305)
	at java.base/java.util.concurrent.ThreadPoolExecutor.runWorker(ThreadPoolExecutor.java:1136)
	at java.base/java.util.concurrent.ThreadPoolExecutor$Worker.run(ThreadPoolExecutor.java:635)
	at java.base/java.lang.Thread.run(Thread.java:840)
Caused by: java.sql.SQLException: HikariDataSource HikariDataSource (AimingHikariCP) has been closed.
	at com.zaxxer.hikari.HikariDataSource.getConnection(HikariDataSource.java:96)
	at org.springframework.jdbc.datasource.DataSourceUtils.fetchConnection(DataSourceUtils.java:160)
	at org.springframework.jdbc.datasource.DataSourceUtils.doGetConnection(DataSourceUtils.java:118)
	at org.springframework.jdbc.datasource.DataSourceUtils.getConnection(DataSourceUtils.java:81)
	... 20 common frames omitted
2026-10-02 11:26:34.470 [pool-3-thread-3] [] WARN  c.c.g.r.c.t.c.AgentCronTaskExecutor - AgentCronTaskExecutor.onError: taskId=a2731d5d-92a0-4dcc-8651-8295b1cdc1f4, error=cognitive mental scan failed
2026-10-02 11:26:34.472 [pool-3-thread-3] [] WARN  c.c.g.r.c.t.s.TaskSchedulerServiceImpl - 定时任务提交失败 taskId=a2731d5d-92a0-4dcc-8651-8295b1cdc1f4 scheduleId=c75431f7-3451-4a76-af7c-6089a4e233ae: Task execution failed: cognitive mental scan failed
2026-10-02 11:36:34.464 [pool-3-thread-3] [] INFO  c.c.g.r.c.t.s.i.TaskManagementServiceImpl - 任务已提交: taskId=a2731d5d-92a0-4dcc-8651-8295b1cdc1f4, taskName=cognitive-mental-scan
2026-10-02 11:36:34.467 [pool-3-thread-3] [] INFO  c.c.g.r.c.t.s.i.TaskManagementServiceImpl - 任务已解析: taskId=a2731d5d-92a0-4dcc-8651-8295b1cdc1f4
2026-10-02 11:36:34.468 [pool-3-thread-3] [] ERROR c.c.g.e.c.s.mental.MentalScanTask - PMO-59 心智层补算任务执行失败: Failed to obtain JDBC Connection
org.springframework.jdbc.CannotGetJdbcConnectionException: Failed to obtain JDBC Connection
	at org.springframework.jdbc.datasource.DataSourceUtils.getConnection(DataSourceUtils.java:84)
	at org.springframework.jdbc.core.JdbcTemplate.execute(JdbcTemplate.java:653)
	at org.springframework.jdbc.core.JdbcTemplate.query(JdbcTemplate.java:723)
	at org.springframework.jdbc.core.JdbcTemplate.query(JdbcTemplate.java:754)
	at org.springframework.jdbc.core.JdbcTemplate.query(JdbcTemplate.java:767)
	at org.springframework.jdbc.core.JdbcTemplate.query(JdbcTemplate.java:820)
	at org.springframework.jdbc.core.JdbcTemplate.queryForList(JdbcTemplate.java:952)
	at com.chinacreator.gzcm.engine.cognitive2.service.EvidenceStore.list(EvidenceStore.java:120)
	at com.chinacreator.gzcm.engine.cognitive2.service.CognitiveEvidenceService.list(CognitiveEvidenceService.java:148)
	at com.chinacreator.gzcm.engine.cognitive2.service.mental.MentalScanTask.scanOnce(MentalScanTask.java:94)
	at com.chinacreator.gzcm.engine.cognitive2.service.mental.MentalScanTask$MentalScanTaskExecutor.execute(MentalScanTask.java:163)
	at com.chinacreator.gzcm.runtime.core.task.service.impl.TaskManagementServiceImpl.executeTask(TaskManagementServiceImpl.java:204)
	at com.chinacreator.gzcm.runtime.core.task.service.impl.TaskManagementServiceImpl.submitAndExecute(TaskManagementServiceImpl.java:343)
	at com.chinacreator.gzcm.runtime.core.task.scheduling.TaskSchedulerServiceImpl.executeTask(TaskSchedulerServiceImpl.java:322)
	at com.chinacreator.gzcm.runtime.core.task.scheduling.TaskSchedulerServiceImpl.lambda$schedulePeriodicTask$3(TaskSchedulerServiceImpl.java:231)
	at java.base/java.util.concurrent.Executors$RunnableAdapter.call(Executors.java:539)
	at java.base/java.util.concurrent.FutureTask.runAndReset(FutureTask.java:305)
	at java.base/java.util.concurrent.ScheduledThreadPoolExecutor$ScheduledFutureTask.run(ScheduledThreadPoolExecutor.java:305)
	at java.base/java.util.concurrent.ThreadPoolExecutor.runWorker(ThreadPoolExecutor.java:1136)
	at java.base/java.util.concurrent.ThreadPoolExecutor$Worker.run(ThreadPoolExecutor.java:635)
	at java.base/java.lang.Thread.run(Thread.java:840)
Caused by: java.sql.SQLException: HikariDataSource HikariDataSource (AimingHikariCP) has been closed.
	at com.zaxxer.hikari.HikariDataSource.getConnection(HikariDataSource.java:96)
	at org.springframework.jdbc.datasource.DataSourceUtils.fetchConnection(DataSourceUtils.java:160)
	at org.springframework.jdbc.datasource.DataSourceUtils.doGetConnection(DataSourceUtils.java:118)
	at org.springframework.jdbc.datasource.DataSourceUtils.getConnection(DataSourceUtils.java:81)
	... 20 common frames omitted
2026-10-02 11:36:34.470 [pool-3-thread-3] [] WARN  c.c.g.r.c.t.c.AgentCronTaskExecutor - AgentCronTaskExecutor.onError: taskId=a2731d5d-92a0-4dcc-8651-8295b1cdc1f4, error=cognitive mental scan failed
2026-10-02 11:36:34.471 [pool-3-thread-3] [] WARN  c.c.g.r.c.t.s.TaskSchedulerServiceImpl - 定时任务提交失败 taskId=a2731d5d-92a0-4dcc-8651-8295b1cdc1f4 scheduleId=c75431f7-3451-4a76-af7c-6089a4e233ae: Task execution failed: cognitive mental scan failed
2026-10-02 11:46:34.466 [pool-3-thread-3] [] INFO  c.c.g.r.c.t.s.i.TaskManagementServiceImpl - 任务已提交: taskId=a2731d5d-92a0-4dcc-8651-8295b1cdc1f4, taskName=cognitive-mental-scan
2026-10-02 11:46:34.467 [pool-3-thread-3] [] INFO  c.c.g.r.c.t.s.i.TaskManagementServiceImpl - 任务已解析: taskId=a2731d5d-92a0-4dcc-8651-8295b1cdc1f4
2026-10-02 11:46:34.469 [pool-3-thread-3] [] ERROR c.c.g.e.c.s.mental.MentalScanTask - PMO-59 心智层补算任务执行失败: Failed to obtain JDBC Connection
org.springframework.jdbc.CannotGetJdbcConnectionException: Failed to obtain JDBC Connection
	at org.springframework.jdbc.datasource.DataSourceUtils.getConnection(DataSourceUtils.java:84)
	at org.springframework.jdbc.core.JdbcTemplate.execute(JdbcTemplate.java:653)
	at org.springframework.jdbc.core.JdbcTemplate.query(JdbcTemplate.java:723)
	at org.springframework.jdbc.core.JdbcTemplate.query(JdbcTemplate.java:754)
	at org.springframework.jdbc.core.JdbcTemplate.query(JdbcTemplate.java:767)
	at org.springframework.jdbc.core.JdbcTemplate.query(JdbcTemplate.java:820)
	at org.springframework.jdbc.core.JdbcTemplate.queryForList(JdbcTemplate.java:952)
	at com.chinacreator.gzcm.engine.cognitive2.service.EvidenceStore.list(EvidenceStore.java:120)
	at com.chinacreator.gzcm.engine.cognitive2.service.CognitiveEvidenceService.list(CognitiveEvidenceService.java:148)
	at com.chinacreator.gzcm.engine.cognitive2.service.mental.MentalScanTask.scanOnce(MentalScanTask.java:94)
	at com.chinacreator.gzcm.engine.cognitive2.service.mental.MentalScanTask$MentalScanTaskExecutor.execute(MentalScanTask.java:163)
	at com.chinacreator.gzcm.runtime.core.task.service.impl.TaskManagementServiceImpl.executeTask(TaskManagementServiceImpl.java:204)
	at com.chinacreator.gzcm.runtime.core.task.service.impl.TaskManagementServiceImpl.submitAndExecute(TaskManagementServiceImpl.java:343)
	at com.chinacreator.gzcm.runtime.core.task.scheduling.TaskSchedulerServiceImpl.executeTask(TaskSchedulerServiceImpl.java:322)
	at com.chinacreator.gzcm.runtime.core.task.scheduling.TaskSchedulerServiceImpl.lambda$schedulePeriodicTask$3(TaskSchedulerServiceImpl.java:231)
	at java.base/java.util.concurrent.Executors$RunnableAdapter.call(Executors.java:539)
	at java.base/java.util.concurrent.FutureTask.runAndReset(FutureTask.java:305)
	at java.base/java.util.concurrent.ScheduledThreadPoolExecutor$ScheduledFutureTask.run(ScheduledThreadPoolExecutor.java:305)
	at java.base/java.util.concurrent.ThreadPoolExecutor.runWorker(ThreadPoolExecutor.java:1136)
	at java.base/java.util.concurrent.ThreadPoolExecutor$Worker.run(ThreadPoolExecutor.java:635)
	at java.base/java.lang.Thread.run(Thread.java:840)
Caused by: java.sql.SQLException: HikariDataSource HikariDataSource (AimingHikariCP) has been closed.
	at com.zaxxer.hikari.HikariDataSource.getConnection(HikariDataSource.java:96)
	at org.springframework.jdbc.datasource.DataSourceUtils.fetchConnection(DataSourceUtils.java:160)
	at org.springframework.jdbc.datasource.DataSourceUtils.doGetConnection(DataSourceUtils.java:118)
	at org.springframework.jdbc.datasource.DataSourceUtils.getConnection(DataSourceUtils.java:81)
	... 20 common frames omitted
2026-10-02 11:46:34.482 [pool-3-thread-3] [] WARN  c.c.g.r.c.t.c.AgentCronTaskExecutor - AgentCronTaskExecutor.onError: taskId=a2731d5d-92a0-4dcc-8651-8295b1cdc1f4, error=cognitive mental scan failed
2026-10-02 11:46:34.484 [pool-3-thread-3] [] WARN  c.c.g.r.c.t.s.TaskSchedulerServiceImpl - 定时任务提交失败 taskId=a2731d5d-92a0-4dcc-8651-8295b1cdc1f4 scheduleId=c75431f7-3451-4a76-af7c-6089a4e233ae: Task execution failed: cognitive mental scan failed
2026-10-02 11:56:34.467 [pool-3-thread-3] [] INFO  c.c.g.r.c.t.s.i.TaskManagementServiceImpl - 任务已提交: taskId=a2731d5d-92a0-4dcc-8651-8295b1cdc1f4, taskName=cognitive-mental-scan
2026-10-02 11:56:34.477 [pool-3-thread-3] [] INFO  c.c.g.r.c.t.s.i.TaskManagementServiceImpl - 任务已解析: taskId=a2731d5d-92a0-4dcc-8651-8295b1cdc1f4
2026-10-02 11:56:34.478 [pool-3-thread-3] [] ERROR c.c.g.e.c.s.mental.MentalScanTask - PMO-59 心智层补算任务执行失败: Failed to obtain JDBC Connection
org.springframework.jdbc.CannotGetJdbcConnectionException: Failed to obtain JDBC Connection
	at org.springframework.jdbc.datasource.DataSourceUtils.getConnection(DataSourceUtils.java:84)
	at org.springframework.jdbc.core.JdbcTemplate.execute(JdbcTemplate.java:653)
	at org.springframework.jdbc.core.JdbcTemplate.query(JdbcTemplate.java:723)
	at org.springframework.jdbc.core.JdbcTemplate.query(JdbcTemplate.java:754)
	at org.springframework.jdbc.core.JdbcTemplate.query(JdbcTemplate.java:767)
	at org.springframework.jdbc.core.JdbcTemplate.query(JdbcTemplate.java:820)
	at org.springframework.jdbc.core.JdbcTemplate.queryForList(JdbcTemplate.java:952)
	at com.chinacreator.gzcm.engine.cognitive2.service.EvidenceStore.list(EvidenceStore.java:120)
	at com.chinacreator.gzcm.engine.cognitive2.service.CognitiveEvidenceService.list(CognitiveEvidenceService.java:148)
	at com.chinacreator.gzcm.engine.cognitive2.service.mental.MentalScanTask.scanOnce(MentalScanTask.java:94)
	at com.chinacreator.gzcm.engine.cognitive2.service.mental.MentalScanTask$MentalScanTaskExecutor.execute(MentalScanTask.java:163)
	at com.chinacreator.gzcm.runtime.core.task.service.impl.TaskManagementServiceImpl.executeTask(TaskManagementServiceImpl.java:204)
	at com.chinacreator.gzcm.runtime.core.task.service.impl.TaskManagementServiceImpl.submitAndExecute(TaskManagementServiceImpl.java:343)
	at com.chinacreator.gzcm.runtime.core.task.scheduling.TaskSchedulerServiceImpl.executeTask(TaskSchedulerServiceImpl.java:322)
	at com.chinacreator.gzcm.runtime.core.task.scheduling.TaskSchedulerServiceImpl.lambda$schedulePeriodicTask$3(TaskSchedulerServiceImpl.java:231)
	at java.base/java.util.concurrent.Executors$RunnableAdapter.call(Executors.java:539)
	at java.base/java.util.concurrent.FutureTask.runAndReset(FutureTask.java:305)
	at java.base/java.util.concurrent.ScheduledThreadPoolExecutor$ScheduledFutureTask.run(ScheduledThreadPoolExecutor.java:305)
	at java.base/java.util.concurrent.ThreadPoolExecutor.runWorker(ThreadPoolExecutor.java:1136)
	at java.base/java.util.concurrent.ThreadPoolExecutor$Worker.run(ThreadPoolExecutor.java:635)
	at java.base/java.lang.Thread.run(Thread.java:840)
Caused by: java.sql.SQLException: HikariDataSource HikariDataSource (AimingHikariCP) has been closed.
	at com.zaxxer.hikari.HikariDataSource.getConnection(HikariDataSource.java:96)
	at org.springframework.jdbc.datasource.DataSourceUtils.fetchConnection(DataSourceUtils.java:160)
	at org.springframework.jdbc.datasource.DataSourceUtils.doGetConnection(DataSourceUtils.java:118)
	at org.springframework.jdbc.datasource.DataSourceUtils.getConnection(DataSourceUtils.java:81)
	... 20 common frames omitted
2026-10-02 11:56:34.480 [pool-3-thread-3] [] WARN  c.c.g.r.c.t.c.AgentCronTaskExecutor - AgentCronTaskExecutor.onError: taskId=a2731d5d-92a0-4dcc-8651-8295b1cdc1f4, error=cognitive mental scan failed
2026-10-02 11:56:34.481 [pool-3-thread-3] [] WARN  c.c.g.r.c.t.s.TaskSchedulerServiceImpl - 定时任务提交失败 taskId=a2731d5d-92a0-4dcc-8651-8295b1cdc1f4 scheduleId=c75431f7-3451-4a76-af7c-6089a4e233ae: Task execution failed: cognitive mental scan failed
2026-10-02 12:06:34.462 [pool-3-thread-3] [] INFO  c.c.g.r.c.t.s.i.TaskManagementServiceImpl - 任务已提交: taskId=a2731d5d-92a0-4dcc-8651-8295b1cdc1f4, taskName=cognitive-mental-scan
2026-10-02 12:06:34.464 [pool-3-thread-3] [] INFO  c.c.g.r.c.t.s.i.TaskManagementServiceImpl - 任务已解析: taskId=a2731d5d-92a0-4dcc-8651-8295b1cdc1f4
2026-10-02 12:06:34.465 [pool-3-thread-3] [] ERROR c.c.g.e.c.s.mental.MentalScanTask - PMO-59 心智层补算任务执行失败: Failed to obtain JDBC Connection
org.springframework.jdbc.CannotGetJdbcConnectionException: Failed to obtain JDBC Connection
	at org.springframework.jdbc.datasource.DataSourceUtils.getConnection(DataSourceUtils.java:84)
	at org.springframework.jdbc.core.JdbcTemplate.execute(JdbcTemplate.java:653)
	at org.springframework.jdbc.core.JdbcTemplate.query(JdbcTemplate.java:723)
	at org.springframework.jdbc.core.JdbcTemplate.query(JdbcTemplate.java:754)
	at org.springframework.jdbc.core.JdbcTemplate.query(JdbcTemplate.java:767)
	at org.springframework.jdbc.core.JdbcTemplate.query(JdbcTemplate.java:820)
	at org.springframework.jdbc.core.JdbcTemplate.queryForList(JdbcTemplate.java:952)
	at com.chinacreator.gzcm.engine.cognitive2.service.EvidenceStore.list(EvidenceStore.java:120)
	at com.chinacreator.gzcm.engine.cognitive2.service.CognitiveEvidenceService.list(CognitiveEvidenceService.java:148)
	at com.chinacreator.gzcm.engine.cognitive2.service.mental.MentalScanTask.scanOnce(MentalScanTask.java:94)
	at com.chinacreator.gzcm.engine.cognitive2.service.mental.MentalScanTask$MentalScanTaskExecutor.execute(MentalScanTask.java:163)
	at com.chinacreator.gzcm.runtime.core.task.service.impl.TaskManagementServiceImpl.executeTask(TaskManagementServiceImpl.java:204)
	at com.chinacreator.gzcm.runtime.core.task.service.impl.TaskManagementServiceImpl.submitAndExecute(TaskManagementServiceImpl.java:343)
	at com.chinacreator.gzcm.runtime.core.task.scheduling.TaskSchedulerServiceImpl.executeTask(TaskSchedulerServiceImpl.java:322)
	at com.chinacreator.gzcm.runtime.core.task.scheduling.TaskSchedulerServiceImpl.lambda$schedulePeriodicTask$3(TaskSchedulerServiceImpl.java:231)
	at java.base/java.util.concurrent.Executors$RunnableAdapter.call(Executors.java:539)
	at java.base/java.util.concurrent.FutureTask.runAndReset(FutureTask.java:305)
	at java.base/java.util.concurrent.ScheduledThreadPoolExecutor$ScheduledFutureTask.run(ScheduledThreadPoolExecutor.java:305)
	at java.base/java.util.concurrent.ThreadPoolExecutor.runWorker(ThreadPoolExecutor.java:1136)
	at java.base/java.util.concurrent.ThreadPoolExecutor$Worker.run(ThreadPoolExecutor.java:635)
	at java.base/java.lang.Thread.run(Thread.java:840)
Caused by: java.sql.SQLException: HikariDataSource HikariDataSource (AimingHikariCP) has been closed.
	at com.zaxxer.hikari.HikariDataSource.getConnection(HikariDataSource.java:96)
	at org.springframework.jdbc.datasource.DataSourceUtils.fetchConnection(DataSourceUtils.java:160)
	at org.springframework.jdbc.datasource.DataSourceUtils.doGetConnection(DataSourceUtils.java:118)
	at org.springframework.jdbc.datasource.DataSourceUtils.getConnection(DataSourceUtils.java:81)
	... 20 common frames omitted
2026-10-02 12:06:34.467 [pool-3-thread-3] [] WARN  c.c.g.r.c.t.c.AgentCronTaskExecutor - AgentCronTaskExecutor.onError: taskId=a2731d5d-92a0-4dcc-8651-8295b1cdc1f4, error=cognitive mental scan failed
2026-10-02 12:06:34.468 [pool-3-thread-3] [] WARN  c.c.g.r.c.t.s.TaskSchedulerServiceImpl - 定时任务提交失败 taskId=a2731d5d-92a0-4dcc-8651-8295b1cdc1f4 scheduleId=c75431f7-3451-4a76-af7c-6089a4e233ae: Task execution failed: cognitive mental scan failed
2026-10-02 12:16:34.465 [pool-3-thread-3] [] INFO  c.c.g.r.c.t.s.i.TaskManagementServiceImpl - 任务已提交: taskId=a2731d5d-92a0-4dcc-8651-8295b1cdc1f4, taskName=cognitive-mental-scan
2026-10-02 12:16:34.466 [pool-3-thread-3] [] INFO  c.c.g.r.c.t.s.i.TaskManagementServiceImpl - 任务已解析: taskId=a2731d5d-92a0-4dcc-8651-8295b1cdc1f4
2026-10-02 12:16:34.466 [pool-3-thread-3] [] ERROR c.c.g.e.c.s.mental.MentalScanTask - PMO-59 心智层补算任务执行失败: Failed to obtain JDBC Connection
org.springframework.jdbc.CannotGetJdbcConnectionException: Failed to obtain JDBC Connection
	at org.springframework.jdbc.datasource.DataSourceUtils.getConnection(DataSourceUtils.java:84)
	at org.springframework.jdbc.core.JdbcTemplate.execute(JdbcTemplate.java:653)
	at org.springframework.jdbc.core.JdbcTemplate.query(JdbcTemplate.java:723)
	at org.springframework.jdbc.core.JdbcTemplate.query(JdbcTemplate.java:754)
	at org.springframework.jdbc.core.JdbcTemplate.query(JdbcTemplate.java:767)
	at org.springframework.jdbc.core.JdbcTemplate.query(JdbcTemplate.java:820)
	at org.springframework.jdbc.core.JdbcTemplate.queryForList(JdbcTemplate.java:952)
	at com.chinacreator.gzcm.engine.cognitive2.service.EvidenceStore.list(EvidenceStore.java:120)
	at com.chinacreator.gzcm.engine.cognitive2.service.CognitiveEvidenceService.list(CognitiveEvidenceService.java:148)
	at com.chinacreator.gzcm.engine.cognitive2.service.mental.MentalScanTask.scanOnce(MentalScanTask.java:94)
	at com.chinacreator.gzcm.engine.cognitive2.service.mental.MentalScanTask$MentalScanTaskExecutor.execute(MentalScanTask.java:163)
	at com.chinacreator.gzcm.runtime.core.task.service.impl.TaskManagementServiceImpl.executeTask(TaskManagementServiceImpl.java:204)
	at com.chinacreator.gzcm.runtime.core.task.service.impl.TaskManagementServiceImpl.submitAndExecute(TaskManagementServiceImpl.java:343)
	at com.chinacreator.gzcm.runtime.core.task.scheduling.TaskSchedulerServiceImpl.executeTask(TaskSchedulerServiceImpl.java:322)
	at com.chinacreator.gzcm.runtime.core.task.scheduling.TaskSchedulerServiceImpl.lambda$schedulePeriodicTask$3(TaskSchedulerServiceImpl.java:231)
	at java.base/java.util.concurrent.Executors$RunnableAdapter.call(Executors.java:539)
	at java.base/java.util.concurrent.FutureTask.runAndReset(FutureTask.java:305)
	at java.base/java.util.concurrent.ScheduledThreadPoolExecutor$ScheduledFutureTask.run(ScheduledThreadPoolExecutor.java:305)
	at java.base/java.util.concurrent.ThreadPoolExecutor.runWorker(ThreadPoolExecutor.java:1136)
	at java.base/java.util.concurrent.ThreadPoolExecutor$Worker.run(ThreadPoolExecutor.java:635)
	at java.base/java.lang.Thread.run(Thread.java:840)
Caused by: java.sql.SQLException: HikariDataSource HikariDataSource (AimingHikariCP) has been closed.
	at com.zaxxer.hikari.HikariDataSource.getConnection(HikariDataSource.java:96)
	at org.springframework.jdbc.datasource.DataSourceUtils.fetchConnection(DataSourceUtils.java:160)
	at org.springframework.jdbc.datasource.DataSourceUtils.doGetConnection(DataSourceUtils.java:118)
	at org.springframework.jdbc.datasource.DataSourceUtils.getConnection(DataSourceUtils.java:81)
	... 20 common frames omitted
2026-10-02 12:16:34.467 [pool-3-thread-3] [] WARN  c.c.g.r.c.t.c.AgentCronTaskExecutor - AgentCronTaskExecutor.onError: taskId=a2731d5d-92a0-4dcc-8651-8295b1cdc1f4, error=cognitive mental scan failed
2026-10-02 12:16:34.468 [pool-3-thread-3] [] WARN  c.c.g.r.c.t.s.TaskSchedulerServiceImpl - 定时任务提交失败 taskId=a2731d5d-92a0-4dcc-8651-8295b1cdc1f4 scheduleId=c75431f7-3451-4a76-af7c-6089a4e233ae: Task execution failed: cognitive mental scan failed
2026-10-02 12:26:34.461 [pool-3-thread-3] [] INFO  c.c.g.r.c.t.s.i.TaskManagementServiceImpl - 任务已提交: taskId=a2731d5d-92a0-4dcc-8651-8295b1cdc1f4, taskName=cognitive-mental-scan
2026-10-02 12:26:34.462 [pool-3-thread-3] [] INFO  c.c.g.r.c.t.s.i.TaskManagementServiceImpl - 任务已解析: taskId=a2731d5d-92a0-4dcc-8651-8295b1cdc1f4
2026-10-02 12:26:34.464 [pool-3-thread-3] [] ERROR c.c.g.e.c.s.mental.MentalScanTask - PMO-59 心智层补算任务执行失败: Failed to obtain JDBC Connection
org.springframework.jdbc.CannotGetJdbcConnectionException: Failed to obtain JDBC Connection
	at org.springframework.jdbc.datasource.DataSourceUtils.getConnection(DataSourceUtils.java:84)
	at org.springframework.jdbc.core.JdbcTemplate.execute(JdbcTemplate.java:653)
	at org.springframework.jdbc.core.JdbcTemplate.query(JdbcTemplate.java:723)
	at org.springframework.jdbc.core.JdbcTemplate.query(JdbcTemplate.java:754)
	at org.springframework.jdbc.core.JdbcTemplate.query(JdbcTemplate.java:767)
	at org.springframework.jdbc.core.JdbcTemplate.query(JdbcTemplate.java:820)
	at org.springframework.jdbc.core.JdbcTemplate.queryForList(JdbcTemplate.java:952)
	at com.chinacreator.gzcm.engine.cognitive2.service.EvidenceStore.list(EvidenceStore.java:120)
	at com.chinacreator.gzcm.engine.cognitive2.service.CognitiveEvidenceService.list(CognitiveEvidenceService.java:148)
	at com.chinacreator.gzcm.engine.cognitive2.service.mental.MentalScanTask.scanOnce(MentalScanTask.java:94)
	at com.chinacreator.gzcm.engine.cognitive2.service.mental.MentalScanTask$MentalScanTaskExecutor.execute(MentalScanTask.java:163)
	at com.chinacreator.gzcm.runtime.core.task.service.impl.TaskManagementServiceImpl.executeTask(TaskManagementServiceImpl.java:204)
	at com.chinacreator.gzcm.runtime.core.task.service.impl.TaskManagementServiceImpl.submitAndExecute(TaskManagementServiceImpl.java:343)
	at com.chinacreator.gzcm.runtime.core.task.scheduling.TaskSchedulerServiceImpl.executeTask(TaskSchedulerServiceImpl.java:322)
	at com.chinacreator.gzcm.runtime.core.task.scheduling.TaskSchedulerServiceImpl.lambda$schedulePeriodicTask$3(TaskSchedulerServiceImpl.java:231)
	at java.base/java.util.concurrent.Executors$RunnableAdapter.call(Executors.java:539)
	at java.base/java.util.concurrent.FutureTask.runAndReset(FutureTask.java:305)
	at java.base/java.util.concurrent.ScheduledThreadPoolExecutor$ScheduledFutureTask.run(ScheduledThreadPoolExecutor.java:305)
	at java.base/java.util.concurrent.ThreadPoolExecutor.runWorker(ThreadPoolExecutor.java:1136)
	at java.base/java.util.concurrent.ThreadPoolExecutor$Worker.run(ThreadPoolExecutor.java:635)
	at java.base/java.lang.Thread.run(Thread.java:840)
Caused by: java.sql.SQLException: HikariDataSource HikariDataSource (AimingHikariCP) has been closed.
	at com.zaxxer.hikari.HikariDataSource.getConnection(HikariDataSource.java:96)
	at org.springframework.jdbc.datasource.DataSourceUtils.fetchConnection(DataSourceUtils.java:160)
	at org.springframework.jdbc.datasource.DataSourceUtils.doGetConnection(DataSourceUtils.java:118)
	at org.springframework.jdbc.datasource.DataSourceUtils.getConnection(DataSourceUtils.java:81)
	... 20 common frames omitted
2026-10-02 12:26:34.466 [pool-3-thread-3] [] WARN  c.c.g.r.c.t.c.AgentCronTaskExecutor - AgentCronTaskExecutor.onError: taskId=a2731d5d-92a0-4dcc-8651-8295b1cdc1f4, error=cognitive mental scan failed
2026-10-02 12:26:34.467 [pool-3-thread-3] [] WARN  c.c.g.r.c.t.s.TaskSchedulerServiceImpl - 定时任务提交失败 taskId=a2731d5d-92a0-4dcc-8651-8295b1cdc1f4 scheduleId=c75431f7-3451-4a76-af7c-6089a4e233ae: Task execution failed: cognitive mental scan failed
2026-10-02 12:36:34.463 [pool-3-thread-3] [] INFO  c.c.g.r.c.t.s.i.TaskManagementServiceImpl - 任务已提交: taskId=a2731d5d-92a0-4dcc-8651-8295b1cdc1f4, taskName=cognitive-mental-scan
2026-10-02 12:36:34.466 [pool-3-thread-3] [] INFO  c.c.g.r.c.t.s.i.TaskManagementServiceImpl - 任务已解析: taskId=a2731d5d-92a0-4dcc-8651-8295b1cdc1f4
2026-10-02 12:36:34.469 [pool-3-thread-3] [] ERROR c.c.g.e.c.s.mental.MentalScanTask - PMO-59 心智层补算任务执行失败: Failed to obtain JDBC Connection
org.springframework.jdbc.CannotGetJdbcConnectionException: Failed to obtain JDBC Connection
	at org.springframework.jdbc.datasource.DataSourceUtils.getConnection(DataSourceUtils.java:84)
	at org.springframework.jdbc.core.JdbcTemplate.execute(JdbcTemplate.java:653)
	at org.springframework.jdbc.core.JdbcTemplate.query(JdbcTemplate.java:723)
	at org.springframework.jdbc.core.JdbcTemplate.query(JdbcTemplate.java:754)
	at org.springframework.jdbc.core.JdbcTemplate.query(JdbcTemplate.java:767)
	at org.springframework.jdbc.core.JdbcTemplate.query(JdbcTemplate.java:820)
	at org.springframework.jdbc.core.JdbcTemplate.queryForList(JdbcTemplate.java:952)
	at com.chinacreator.gzcm.engine.cognitive2.service.EvidenceStore.list(EvidenceStore.java:120)
	at com.chinacreator.gzcm.engine.cognitive2.service.CognitiveEvidenceService.list(CognitiveEvidenceService.java:148)
	at com.chinacreator.gzcm.engine.cognitive2.service.mental.MentalScanTask.scanOnce(MentalScanTask.java:94)
	at com.chinacreator.gzcm.engine.cognitive2.service.mental.MentalScanTask$MentalScanTaskExecutor.execute(MentalScanTask.java:163)
	at com.chinacreator.gzcm.runtime.core.task.service.impl.TaskManagementServiceImpl.executeTask(TaskManagementServiceImpl.java:204)
	at com.chinacreator.gzcm.runtime.core.task.service.impl.TaskManagementServiceImpl.submitAndExecute(TaskManagementServiceImpl.java:343)
	at com.chinacreator.gzcm.runtime.core.task.scheduling.TaskSchedulerServiceImpl.executeTask(TaskSchedulerServiceImpl.java:322)
	at com.chinacreator.gzcm.runtime.core.task.scheduling.TaskSchedulerServiceImpl.lambda$schedulePeriodicTask$3(TaskSchedulerServiceImpl.java:231)
	at java.base/java.util.concurrent.Executors$RunnableAdapter.call(Executors.java:539)
	at java.base/java.util.concurrent.FutureTask.runAndReset(FutureTask.java:305)
	at java.base/java.util.concurrent.ScheduledThreadPoolExecutor$ScheduledFutureTask.run(ScheduledThreadPoolExecutor.java:305)
	at java.base/java.util.concurrent.ThreadPoolExecutor.runWorker(ThreadPoolExecutor.java:1136)
	at java.base/java.util.concurrent.ThreadPoolExecutor$Worker.run(ThreadPoolExecutor.java:635)
	at java.base/java.lang.Thread.run(Thread.java:840)
Caused by: java.sql.SQLException: HikariDataSource HikariDataSource (AimingHikariCP) has been closed.
	at com.zaxxer.hikari.HikariDataSource.getConnection(HikariDataSource.java:96)
	at org.springframework.jdbc.datasource.DataSourceUtils.fetchConnection(DataSourceUtils.java:160)
	at org.springframework.jdbc.datasource.DataSourceUtils.doGetConnection(DataSourceUtils.java:118)
	at org.springframework.jdbc.datasource.DataSourceUtils.getConnection(DataSourceUtils.java:81)
	... 20 common frames omitted
2026-10-02 12:36:34.471 [pool-3-thread-3] [] WARN  c.c.g.r.c.t.c.AgentCronTaskExecutor - AgentCronTaskExecutor.onError: taskId=a2731d5d-92a0-4dcc-8651-8295b1cdc1f4, error=cognitive mental scan failed
2026-10-02 12:36:34.473 [pool-3-thread-3] [] WARN  c.c.g.r.c.t.s.TaskSchedulerServiceImpl - 定时任务提交失败 taskId=a2731d5d-92a0-4dcc-8651-8295b1cdc1f4 scheduleId=c75431f7-3451-4a76-af7c-6089a4e233ae: Task execution failed: cognitive mental scan failed
2026-10-02 12:46:34.467 [pool-3-thread-3] [] INFO  c.c.g.r.c.t.s.i.TaskManagementServiceImpl - 任务已提交: taskId=a2731d5d-92a0-4dcc-8651-8295b1cdc1f4, taskName=cognitive-mental-scan
2026-10-02 12:46:34.468 [pool-3-thread-3] [] INFO  c.c.g.r.c.t.s.i.TaskManagementServiceImpl - 任务已解析: taskId=a2731d5d-92a0-4dcc-8651-8295b1cdc1f4
2026-10-02 12:46:34.469 [pool-3-thread-3] [] ERROR c.c.g.e.c.s.mental.MentalScanTask - PMO-59 心智层补算任务执行失败: Failed to obtain JDBC Connection
org.springframework.jdbc.CannotGetJdbcConnectionException: Failed to obtain JDBC Connection
	at org.springframework.jdbc.datasource.DataSourceUtils.getConnection(DataSourceUtils.java:84)
	at org.springframework.jdbc.core.JdbcTemplate.execute(JdbcTemplate.java:653)
	at org.springframework.jdbc.core.JdbcTemplate.query(JdbcTemplate.java:723)
	at org.springframework.jdbc.core.JdbcTemplate.query(JdbcTemplate.java:754)
	at org.springframework.jdbc.core.JdbcTemplate.query(JdbcTemplate.java:767)
	at org.springframework.jdbc.core.JdbcTemplate.query(JdbcTemplate.java:820)
	at org.springframework.jdbc.core.JdbcTemplate.queryForList(JdbcTemplate.java:952)
	at com.chinacreator.gzcm.engine.cognitive2.service.EvidenceStore.list(EvidenceStore.java:120)
	at com.chinacreator.gzcm.engine.cognitive2.service.CognitiveEvidenceService.list(CognitiveEvidenceService.java:148)
	at com.chinacreator.gzcm.engine.cognitive2.service.mental.MentalScanTask.scanOnce(MentalScanTask.java:94)
	at com.chinacreator.gzcm.engine.cognitive2.service.mental.MentalScanTask$MentalScanTaskExecutor.execute(MentalScanTask.java:163)
	at com.chinacreator.gzcm.runtime.core.task.service.impl.TaskManagementServiceImpl.executeTask(TaskManagementServiceImpl.java:204)
	at com.chinacreator.gzcm.runtime.core.task.service.impl.TaskManagementServiceImpl.submitAndExecute(TaskManagementServiceImpl.java:343)
	at com.chinacreator.gzcm.runtime.core.task.scheduling.TaskSchedulerServiceImpl.executeTask(TaskSchedulerServiceImpl.java:322)
	at com.chinacreator.gzcm.runtime.core.task.scheduling.TaskSchedulerServiceImpl.lambda$schedulePeriodicTask$3(TaskSchedulerServiceImpl.java:231)
	at java.base/java.util.concurrent.Executors$RunnableAdapter.call(Executors.java:539)
	at java.base/java.util.concurrent.FutureTask.runAndReset(FutureTask.java:305)
	at java.base/java.util.concurrent.ScheduledThreadPoolExecutor$ScheduledFutureTask.run(ScheduledThreadPoolExecutor.java:305)
	at java.base/java.util.concurrent.ThreadPoolExecutor.runWorker(ThreadPoolExecutor.java:1136)
	at java.base/java.util.concurrent.ThreadPoolExecutor$Worker.run(ThreadPoolExecutor.java:635)
	at java.base/java.lang.Thread.run(Thread.java:840)
Caused by: java.sql.SQLException: HikariDataSource HikariDataSource (AimingHikariCP) has been closed.
	at com.zaxxer.hikari.HikariDataSource.getConnection(HikariDataSource.java:96)
	at org.springframework.jdbc.datasource.DataSourceUtils.fetchConnection(DataSourceUtils.java:160)
	at org.springframework.jdbc.datasource.DataSourceUtils.doGetConnection(DataSourceUtils.java:118)
	at org.springframework.jdbc.datasource.DataSourceUtils.getConnection(DataSourceUtils.java:81)
	... 20 common frames omitted
2026-10-02 12:46:34.470 [pool-3-thread-3] [] WARN  c.c.g.r.c.t.c.AgentCronTaskExecutor - AgentCronTaskExecutor.onError: taskId=a2731d5d-92a0-4dcc-8651-8295b1cdc1f4, error=cognitive mental scan failed
2026-10-02 12:46:34.471 [pool-3-thread-3] [] WARN  c.c.g.r.c.t.s.TaskSchedulerServiceImpl - 定时任务提交失败 taskId=a2731d5d-92a0-4dcc-8651-8295b1cdc1f4 scheduleId=c75431f7-3451-4a76-af7c-6089a4e233ae: Task execution failed: cognitive mental scan failed
2026-10-02 12:56:34.461 [pool-3-thread-3] [] INFO  c.c.g.r.c.t.s.i.TaskManagementServiceImpl - 任务已提交: taskId=a2731d5d-92a0-4dcc-8651-8295b1cdc1f4, taskName=cognitive-mental-scan
2026-10-02 12:56:34.464 [pool-3-thread-3] [] INFO  c.c.g.r.c.t.s.i.TaskManagementServiceImpl - 任务已解析: taskId=a2731d5d-92a0-4dcc-8651-8295b1cdc1f4
2026-10-02 12:56:34.466 [pool-3-thread-3] [] ERROR c.c.g.e.c.s.mental.MentalScanTask - PMO-59 心智层补算任务执行失败: Failed to obtain JDBC Connection
org.springframework.jdbc.CannotGetJdbcConnectionException: Failed to obtain JDBC Connection
	at org.springframework.jdbc.datasource.DataSourceUtils.getConnection(DataSourceUtils.java:84)
	at org.springframework.jdbc.core.JdbcTemplate.execute(JdbcTemplate.java:653)
	at org.springframework.jdbc.core.JdbcTemplate.query(JdbcTemplate.java:723)
	at org.springframework.jdbc.core.JdbcTemplate.query(JdbcTemplate.java:754)
	at org.springframework.jdbc.core.JdbcTemplate.query(JdbcTemplate.java:767)
	at org.springframework.jdbc.core.JdbcTemplate.query(JdbcTemplate.java:820)
	at org.springframework.jdbc.core.JdbcTemplate.queryForList(JdbcTemplate.java:952)
	at com.chinacreator.gzcm.engine.cognitive2.service.EvidenceStore.list(EvidenceStore.java:120)
	at com.chinacreator.gzcm.engine.cognitive2.service.CognitiveEvidenceService.list(CognitiveEvidenceService.java:148)
	at com.chinacreator.gzcm.engine.cognitive2.service.mental.MentalScanTask.scanOnce(MentalScanTask.java:94)
	at com.chinacreator.gzcm.engine.cognitive2.service.mental.MentalScanTask$MentalScanTaskExecutor.execute(MentalScanTask.java:163)
	at com.chinacreator.gzcm.runtime.core.task.service.impl.TaskManagementServiceImpl.executeTask(TaskManagementServiceImpl.java:204)
	at com.chinacreator.gzcm.runtime.core.task.service.impl.TaskManagementServiceImpl.submitAndExecute(TaskManagementServiceImpl.java:343)
	at com.chinacreator.gzcm.runtime.core.task.scheduling.TaskSchedulerServiceImpl.executeTask(TaskSchedulerServiceImpl.java:322)
	at com.chinacreator.gzcm.runtime.core.task.scheduling.TaskSchedulerServiceImpl.lambda$schedulePeriodicTask$3(TaskSchedulerServiceImpl.java:231)
	at java.base/java.util.concurrent.Executors$RunnableAdapter.call(Executors.java:539)
	at java.base/java.util.concurrent.FutureTask.runAndReset(FutureTask.java:305)
	at java.base/java.util.concurrent.ScheduledThreadPoolExecutor$ScheduledFutureTask.run(ScheduledThreadPoolExecutor.java:305)
	at java.base/java.util.concurrent.ThreadPoolExecutor.runWorker(ThreadPoolExecutor.java:1136)
	at java.base/java.util.concurrent.ThreadPoolExecutor$Worker.run(ThreadPoolExecutor.java:635)
	at java.base/java.lang.Thread.run(Thread.java:840)
Caused by: java.sql.SQLException: HikariDataSource HikariDataSource (AimingHikariCP) has been closed.
	at com.zaxxer.hikari.HikariDataSource.getConnection(HikariDataSource.java:96)
	at org.springframework.jdbc.datasource.DataSourceUtils.fetchConnection(DataSourceUtils.java:160)
	at org.springframework.jdbc.datasource.DataSourceUtils.doGetConnection(DataSourceUtils.java:118)
	at org.springframework.jdbc.datasource.DataSourceUtils.getConnection(DataSourceUtils.java:81)
	... 20 common frames omitted
2026-10-02 12:56:34.469 [pool-3-thread-3] [] WARN  c.c.g.r.c.t.c.AgentCronTaskExecutor - AgentCronTaskExecutor.onError: taskId=a2731d5d-92a0-4dcc-8651-8295b1cdc1f4, error=cognitive mental scan failed
2026-10-02 12:56:34.471 [pool-3-thread-3] [] WARN  c.c.g.r.c.t.s.TaskSchedulerServiceImpl - 定时任务提交失败 taskId=a2731d5d-92a0-4dcc-8651-8295b1cdc1f4 scheduleId=c75431f7-3451-4a76-af7c-6089a4e233ae: Task execution failed: cognitive mental scan failed
2026-10-02 13:06:34.465 [pool-3-thread-3] [] INFO  c.c.g.r.c.t.s.i.TaskManagementServiceImpl - 任务已提交: taskId=a2731d5d-92a0-4dcc-8651-8295b1cdc1f4, taskName=cognitive-mental-scan
2026-10-02 13:06:34.476 [pool-3-thread-3] [] INFO  c.c.g.r.c.t.s.i.TaskManagementServiceImpl - 任务已解析: taskId=a2731d5d-92a0-4dcc-8651-8295b1cdc1f4
2026-10-02 13:06:34.476 [pool-3-thread-3] [] ERROR c.c.g.e.c.s.mental.MentalScanTask - PMO-59 心智层补算任务执行失败: Failed to obtain JDBC Connection
org.springframework.jdbc.CannotGetJdbcConnectionException: Failed to obtain JDBC Connection
	at org.springframework.jdbc.datasource.DataSourceUtils.getConnection(DataSourceUtils.java:84)
	at org.springframework.jdbc.core.JdbcTemplate.execute(JdbcTemplate.java:653)
	at org.springframework.jdbc.core.JdbcTemplate.query(JdbcTemplate.java:723)
	at org.springframework.jdbc.core.JdbcTemplate.query(JdbcTemplate.java:754)
	at org.springframework.jdbc.core.JdbcTemplate.query(JdbcTemplate.java:767)
	at org.springframework.jdbc.core.JdbcTemplate.query(JdbcTemplate.java:820)
	at org.springframework.jdbc.core.JdbcTemplate.queryForList(JdbcTemplate.java:952)
	at com.chinacreator.gzcm.engine.cognitive2.service.EvidenceStore.list(EvidenceStore.java:120)
	at com.chinacreator.gzcm.engine.cognitive2.service.CognitiveEvidenceService.list(CognitiveEvidenceService.java:148)
	at com.chinacreator.gzcm.engine.cognitive2.service.mental.MentalScanTask.scanOnce(MentalScanTask.java:94)
	at com.chinacreator.gzcm.engine.cognitive2.service.mental.MentalScanTask$MentalScanTaskExecutor.execute(MentalScanTask.java:163)
	at com.chinacreator.gzcm.runtime.core.task.service.impl.TaskManagementServiceImpl.executeTask(TaskManagementServiceImpl.java:204)
	at com.chinacreator.gzcm.runtime.core.task.service.impl.TaskManagementServiceImpl.submitAndExecute(TaskManagementServiceImpl.java:343)
	at com.chinacreator.gzcm.runtime.core.task.scheduling.TaskSchedulerServiceImpl.executeTask(TaskSchedulerServiceImpl.java:322)
	at com.chinacreator.gzcm.runtime.core.task.scheduling.TaskSchedulerServiceImpl.lambda$schedulePeriodicTask$3(TaskSchedulerServiceImpl.java:231)
	at java.base/java.util.concurrent.Executors$RunnableAdapter.call(Executors.java:539)
	at java.base/java.util.concurrent.FutureTask.runAndReset(FutureTask.java:305)
	at java.base/java.util.concurrent.ScheduledThreadPoolExecutor$ScheduledFutureTask.run(ScheduledThreadPoolExecutor.java:305)
	at java.base/java.util.concurrent.ThreadPoolExecutor.runWorker(ThreadPoolExecutor.java:1136)
	at java.base/java.util.concurrent.ThreadPoolExecutor$Worker.run(ThreadPoolExecutor.java:635)
	at java.base/java.lang.Thread.run(Thread.java:840)
Caused by: java.sql.SQLException: HikariDataSource HikariDataSource (AimingHikariCP) has been closed.
	at com.zaxxer.hikari.HikariDataSource.getConnection(HikariDataSource.java:96)
	at org.springframework.jdbc.datasource.DataSourceUtils.fetchConnection(DataSourceUtils.java:160)
	at org.springframework.jdbc.datasource.DataSourceUtils.doGetConnection(DataSourceUtils.java:118)
	at org.springframework.jdbc.datasource.DataSourceUtils.getConnection(DataSourceUtils.java:81)
	... 20 common frames omitted
2026-10-02 13:06:34.476 [pool-3-thread-3] [] WARN  c.c.g.r.c.t.c.AgentCronTaskExecutor - AgentCronTaskExecutor.onError: taskId=a2731d5d-92a0-4dcc-8651-8295b1cdc1f4, error=cognitive mental scan failed
2026-10-02 13:06:34.476 [pool-3-thread-3] [] WARN  c.c.g.r.c.t.s.TaskSchedulerServiceImpl - 定时任务提交失败 taskId=a2731d5d-92a0-4dcc-8651-8295b1cdc1f4 scheduleId=c75431f7-3451-4a76-af7c-6089a4e233ae: Task execution failed: cognitive mental scan failed
2026-10-02 13:16:34.466 [pool-3-thread-3] [] INFO  c.c.g.r.c.t.s.i.TaskManagementServiceImpl - 任务已提交: taskId=a2731d5d-92a0-4dcc-8651-8295b1cdc1f4, taskName=cognitive-mental-scan
2026-10-02 13:16:34.470 [pool-3-thread-3] [] INFO  c.c.g.r.c.t.s.i.TaskManagementServiceImpl - 任务已解析: taskId=a2731d5d-92a0-4dcc-8651-8295b1cdc1f4
2026-10-02 13:16:34.471 [pool-3-thread-3] [] ERROR c.c.g.e.c.s.mental.MentalScanTask - PMO-59 心智层补算任务执行失败: Failed to obtain JDBC Connection
org.springframework.jdbc.CannotGetJdbcConnectionException: Failed to obtain JDBC Connection
	at org.springframework.jdbc.datasource.DataSourceUtils.getConnection(DataSourceUtils.java:84)
	at org.springframework.jdbc.core.JdbcTemplate.execute(JdbcTemplate.java:653)
	at org.springframework.jdbc.core.JdbcTemplate.query(JdbcTemplate.java:723)
	at org.springframework.jdbc.core.JdbcTemplate.query(JdbcTemplate.java:754)
	at org.springframework.jdbc.core.JdbcTemplate.query(JdbcTemplate.java:767)
	at org.springframework.jdbc.core.JdbcTemplate.query(JdbcTemplate.java:820)
	at org.springframework.jdbc.core.JdbcTemplate.queryForList(JdbcTemplate.java:952)
	at com.chinacreator.gzcm.engine.cognitive2.service.EvidenceStore.list(EvidenceStore.java:120)
	at com.chinacreator.gzcm.engine.cognitive2.service.CognitiveEvidenceService.list(CognitiveEvidenceService.java:148)
	at com.chinacreator.gzcm.engine.cognitive2.service.mental.MentalScanTask.scanOnce(MentalScanTask.java:94)
	at com.chinacreator.gzcm.engine.cognitive2.service.mental.MentalScanTask$MentalScanTaskExecutor.execute(MentalScanTask.java:163)
	at com.chinacreator.gzcm.runtime.core.task.service.impl.TaskManagementServiceImpl.executeTask(TaskManagementServiceImpl.java:204)
	at com.chinacreator.gzcm.runtime.core.task.service.impl.TaskManagementServiceImpl.submitAndExecute(TaskManagementServiceImpl.java:343)
	at com.chinacreator.gzcm.runtime.core.task.scheduling.TaskSchedulerServiceImpl.executeTask(TaskSchedulerServiceImpl.java:322)
	at com.chinacreator.gzcm.runtime.core.task.scheduling.TaskSchedulerServiceImpl.lambda$schedulePeriodicTask$3(TaskSchedulerServiceImpl.java:231)
	at java.base/java.util.concurrent.Executors$RunnableAdapter.call(Executors.java:539)
	at java.base/java.util.concurrent.FutureTask.runAndReset(FutureTask.java:305)
	at java.base/java.util.concurrent.ScheduledThreadPoolExecutor$ScheduledFutureTask.run(ScheduledThreadPoolExecutor.java:305)
	at java.base/java.util.concurrent.ThreadPoolExecutor.runWorker(ThreadPoolExecutor.java:1136)
	at java.base/java.util.concurrent.ThreadPoolExecutor$Worker.run(ThreadPoolExecutor.java:635)
	at java.base/java.lang.Thread.run(Thread.java:840)
Caused by: java.sql.SQLException: HikariDataSource HikariDataSource (AimingHikariCP) has been closed.
	at com.zaxxer.hikari.HikariDataSource.getConnection(HikariDataSource.java:96)
	at org.springframework.jdbc.datasource.DataSourceUtils.fetchConnection(DataSourceUtils.java:160)
	at org.springframework.jdbc.datasource.DataSourceUtils.doGetConnection(DataSourceUtils.java:118)
	at org.springframework.jdbc.datasource.DataSourceUtils.getConnection(DataSourceUtils.java:81)
	... 20 common frames omitted
2026-10-02 13:16:34.474 [pool-3-thread-3] [] WARN  c.c.g.r.c.t.c.AgentCronTaskExecutor - AgentCronTaskExecutor.onError: taskId=a2731d5d-92a0-4dcc-8651-8295b1cdc1f4, error=cognitive mental scan failed
2026-10-02 13:16:34.475 [pool-3-thread-3] [] WARN  c.c.g.r.c.t.s.TaskSchedulerServiceImpl - 定时任务提交失败 taskId=a2731d5d-92a0-4dcc-8651-8295b1cdc1f4 scheduleId=c75431f7-3451-4a76-af7c-6089a4e233ae: Task execution failed: cognitive mental scan failed
2026-10-02 13:26:34.470 [pool-3-thread-3] [] INFO  c.c.g.r.c.t.s.i.TaskManagementServiceImpl - 任务已提交: taskId=a2731d5d-92a0-4dcc-8651-8295b1cdc1f4, taskName=cognitive-mental-scan
2026-10-02 13:26:34.481 [pool-3-thread-3] [] INFO  c.c.g.r.c.t.s.i.TaskManagementServiceImpl - 任务已解析: taskId=a2731d5d-92a0-4dcc-8651-8295b1cdc1f4
2026-10-02 13:26:34.482 [pool-3-thread-3] [] ERROR c.c.g.e.c.s.mental.MentalScanTask - PMO-59 心智层补算任务执行失败: Failed to obtain JDBC Connection
org.springframework.jdbc.CannotGetJdbcConnectionException: Failed to obtain JDBC Connection
	at org.springframework.jdbc.datasource.DataSourceUtils.getConnection(DataSourceUtils.java:84)
	at org.springframework.jdbc.core.JdbcTemplate.execute(JdbcTemplate.java:653)
	at org.springframework.jdbc.core.JdbcTemplate.query(JdbcTemplate.java:723)
	at org.springframework.jdbc.core.JdbcTemplate.query(JdbcTemplate.java:754)
	at org.springframework.jdbc.core.JdbcTemplate.query(JdbcTemplate.java:767)
	at org.springframework.jdbc.core.JdbcTemplate.query(JdbcTemplate.java:820)
	at org.springframework.jdbc.core.JdbcTemplate.queryForList(JdbcTemplate.java:952)
	at com.chinacreator.gzcm.engine.cognitive2.service.EvidenceStore.list(EvidenceStore.java:120)
	at com.chinacreator.gzcm.engine.cognitive2.service.CognitiveEvidenceService.list(CognitiveEvidenceService.java:148)
	at com.chinacreator.gzcm.engine.cognitive2.service.mental.MentalScanTask.scanOnce(MentalScanTask.java:94)
	at com.chinacreator.gzcm.engine.cognitive2.service.mental.MentalScanTask$MentalScanTaskExecutor.execute(MentalScanTask.java:163)
	at com.chinacreator.gzcm.runtime.core.task.service.impl.TaskManagementServiceImpl.executeTask(TaskManagementServiceImpl.java:204)
	at com.chinacreator.gzcm.runtime.core.task.service.impl.TaskManagementServiceImpl.submitAndExecute(TaskManagementServiceImpl.java:343)
	at com.chinacreator.gzcm.runtime.core.task.scheduling.TaskSchedulerServiceImpl.executeTask(TaskSchedulerServiceImpl.java:322)
	at com.chinacreator.gzcm.runtime.core.task.scheduling.TaskSchedulerServiceImpl.lambda$schedulePeriodicTask$3(TaskSchedulerServiceImpl.java:231)
	at java.base/java.util.concurrent.Executors$RunnableAdapter.call(Executors.java:539)
	at java.base/java.util.concurrent.FutureTask.runAndReset(FutureTask.java:305)
	at java.base/java.util.concurrent.ScheduledThreadPoolExecutor$ScheduledFutureTask.run(ScheduledThreadPoolExecutor.java:305)
	at java.base/java.util.concurrent.ThreadPoolExecutor.runWorker(ThreadPoolExecutor.java:1136)
	at java.base/java.util.concurrent.ThreadPoolExecutor$Worker.run(ThreadPoolExecutor.java:635)
	at java.base/java.lang.Thread.run(Thread.java:840)
Caused by: java.sql.SQLException: HikariDataSource HikariDataSource (AimingHikariCP) has been closed.
	at com.zaxxer.hikari.HikariDataSource.getConnection(HikariDataSource.java:96)
	at org.springframework.jdbc.datasource.DataSourceUtils.fetchConnection(DataSourceUtils.java:160)
	at org.springframework.jdbc.datasource.DataSourceUtils.doGetConnection(DataSourceUtils.java:118)
	at org.springframework.jdbc.datasource.DataSourceUtils.getConnection(DataSourceUtils.java:81)
	... 20 common frames omitted
2026-10-02 13:26:34.482 [pool-3-thread-3] [] WARN  c.c.g.r.c.t.c.AgentCronTaskExecutor - AgentCronTaskExecutor.onError: taskId=a2731d5d-92a0-4dcc-8651-8295b1cdc1f4, error=cognitive mental scan failed
2026-10-02 13:26:34.483 [pool-3-thread-3] [] WARN  c.c.g.r.c.t.s.TaskSchedulerServiceImpl - 定时任务提交失败 taskId=a2731d5d-92a0-4dcc-8651-8295b1cdc1f4 scheduleId=c75431f7-3451-4a76-af7c-6089a4e233ae: Task execution failed: cognitive mental scan failed
2026-10-02 13:36:34.472 [pool-3-thread-3] [] INFO  c.c.g.r.c.t.s.i.TaskManagementServiceImpl - 任务已提交: taskId=a2731d5d-92a0-4dcc-8651-8295b1cdc1f4, taskName=cognitive-mental-scan
2026-10-02 13:36:34.482 [pool-3-thread-3] [] INFO  c.c.g.r.c.t.s.i.TaskManagementServiceImpl - 任务已解析: taskId=a2731d5d-92a0-4dcc-8651-8295b1cdc1f4
2026-10-02 13:36:34.483 [pool-3-thread-3] [] ERROR c.c.g.e.c.s.mental.MentalScanTask - PMO-59 心智层补算任务执行失败: Failed to obtain JDBC Connection
org.springframework.jdbc.CannotGetJdbcConnectionException: Failed to obtain JDBC Connection
	at org.springframework.jdbc.datasource.DataSourceUtils.getConnection(DataSourceUtils.java:84)
	at org.springframework.jdbc.core.JdbcTemplate.execute(JdbcTemplate.java:653)
	at org.springframework.jdbc.core.JdbcTemplate.query(JdbcTemplate.java:723)
	at org.springframework.jdbc.core.JdbcTemplate.query(JdbcTemplate.java:754)
	at org.springframework.jdbc.core.JdbcTemplate.query(JdbcTemplate.java:767)
	at org.springframework.jdbc.core.JdbcTemplate.query(JdbcTemplate.java:820)
	at org.springframework.jdbc.core.JdbcTemplate.queryForList(JdbcTemplate.java:952)
	at com.chinacreator.gzcm.engine.cognitive2.service.EvidenceStore.list(EvidenceStore.java:120)
	at com.chinacreator.gzcm.engine.cognitive2.service.CognitiveEvidenceService.list(CognitiveEvidenceService.java:148)
	at com.chinacreator.gzcm.engine.cognitive2.service.mental.MentalScanTask.scanOnce(MentalScanTask.java:94)
	at com.chinacreator.gzcm.engine.cognitive2.service.mental.MentalScanTask$MentalScanTaskExecutor.execute(MentalScanTask.java:163)
	at com.chinacreator.gzcm.runtime.core.task.service.impl.TaskManagementServiceImpl.executeTask(TaskManagementServiceImpl.java:204)
	at com.chinacreator.gzcm.runtime.core.task.service.impl.TaskManagementServiceImpl.submitAndExecute(TaskManagementServiceImpl.java:343)
	at com.chinacreator.gzcm.runtime.core.task.scheduling.TaskSchedulerServiceImpl.executeTask(TaskSchedulerServiceImpl.java:322)
	at com.chinacreator.gzcm.runtime.core.task.scheduling.TaskSchedulerServiceImpl.lambda$schedulePeriodicTask$3(TaskSchedulerServiceImpl.java:231)
	at java.base/java.util.concurrent.Executors$RunnableAdapter.call(Executors.java:539)
	at java.base/java.util.concurrent.FutureTask.runAndReset(FutureTask.java:305)
	at java.base/java.util.concurrent.ScheduledThreadPoolExecutor$ScheduledFutureTask.run(ScheduledThreadPoolExecutor.java:305)
	at java.base/java.util.concurrent.ThreadPoolExecutor.runWorker(ThreadPoolExecutor.java:1136)
	at java.base/java.util.concurrent.ThreadPoolExecutor$Worker.run(ThreadPoolExecutor.java:635)
	at java.base/java.lang.Thread.run(Thread.java:840)
Caused by: java.sql.SQLException: HikariDataSource HikariDataSource (AimingHikariCP) has been closed.
	at com.zaxxer.hikari.HikariDataSource.getConnection(HikariDataSource.java:96)
	at org.springframework.jdbc.datasource.DataSourceUtils.fetchConnection(DataSourceUtils.java:160)
	at org.springframework.jdbc.datasource.DataSourceUtils.doGetConnection(DataSourceUtils.java:118)
	at org.springframework.jdbc.datasource.DataSourceUtils.getConnection(DataSourceUtils.java:81)
	... 20 common frames omitted
2026-10-02 13:36:34.484 [pool-3-thread-3] [] WARN  c.c.g.r.c.t.c.AgentCronTaskExecutor - AgentCronTaskExecutor.onError: taskId=a2731d5d-92a0-4dcc-8651-8295b1cdc1f4, error=cognitive mental scan failed
2026-10-02 13:36:34.485 [pool-3-thread-3] [] WARN  c.c.g.r.c.t.s.TaskSchedulerServiceImpl - 定时任务提交失败 taskId=a2731d5d-92a0-4dcc-8651-8295b1cdc1f4 scheduleId=c75431f7-3451-4a76-af7c-6089a4e233ae: Task execution failed: cognitive mental scan failed
2026-10-02 13:46:34.465 [pool-3-thread-3] [] INFO  c.c.g.r.c.t.s.i.TaskManagementServiceImpl - 任务已提交: taskId=a2731d5d-92a0-4dcc-8651-8295b1cdc1f4, taskName=cognitive-mental-scan
2026-10-02 13:46:34.476 [pool-3-thread-3] [] INFO  c.c.g.r.c.t.s.i.TaskManagementServiceImpl - 任务已解析: taskId=a2731d5d-92a0-4dcc-8651-8295b1cdc1f4
2026-10-02 13:46:34.477 [pool-3-thread-3] [] ERROR c.c.g.e.c.s.mental.MentalScanTask - PMO-59 心智层补算任务执行失败: Failed to obtain JDBC Connection
org.springframework.jdbc.CannotGetJdbcConnectionException: Failed to obtain JDBC Connection
	at org.springframework.jdbc.datasource.DataSourceUtils.getConnection(DataSourceUtils.java:84)
	at org.springframework.jdbc.core.JdbcTemplate.execute(JdbcTemplate.java:653)
	at org.springframework.jdbc.core.JdbcTemplate.query(JdbcTemplate.java:723)
	at org.springframework.jdbc.core.JdbcTemplate.query(JdbcTemplate.java:754)
	at org.springframework.jdbc.core.JdbcTemplate.query(JdbcTemplate.java:767)
	at org.springframework.jdbc.core.JdbcTemplate.query(JdbcTemplate.java:820)
	at org.springframework.jdbc.core.JdbcTemplate.queryForList(JdbcTemplate.java:952)
	at com.chinacreator.gzcm.engine.cognitive2.service.EvidenceStore.list(EvidenceStore.java:120)
	at com.chinacreator.gzcm.engine.cognitive2.service.CognitiveEvidenceService.list(CognitiveEvidenceService.java:148)
	at com.chinacreator.gzcm.engine.cognitive2.service.mental.MentalScanTask.scanOnce(MentalScanTask.java:94)
	at com.chinacreator.gzcm.engine.cognitive2.service.mental.MentalScanTask$MentalScanTaskExecutor.execute(MentalScanTask.java:163)
	at com.chinacreator.gzcm.runtime.core.task.service.impl.TaskManagementServiceImpl.executeTask(TaskManagementServiceImpl.java:204)
	at com.chinacreator.gzcm.runtime.core.task.service.impl.TaskManagementServiceImpl.submitAndExecute(TaskManagementServiceImpl.java:343)
	at com.chinacreator.gzcm.runtime.core.task.scheduling.TaskSchedulerServiceImpl.executeTask(TaskSchedulerServiceImpl.java:322)
	at com.chinacreator.gzcm.runtime.core.task.scheduling.TaskSchedulerServiceImpl.lambda$schedulePeriodicTask$3(TaskSchedulerServiceImpl.java:231)
	at java.base/java.util.concurrent.Executors$RunnableAdapter.call(Executors.java:539)
	at java.base/java.util.concurrent.FutureTask.runAndReset(FutureTask.java:305)
	at java.base/java.util.concurrent.ScheduledThreadPoolExecutor$ScheduledFutureTask.run(ScheduledThreadPoolExecutor.java:305)
	at java.base/java.util.concurrent.ThreadPoolExecutor.runWorker(ThreadPoolExecutor.java:1136)
	at java.base/java.util.concurrent.ThreadPoolExecutor$Worker.run(ThreadPoolExecutor.java:635)
	at java.base/java.lang.Thread.run(Thread.java:840)
Caused by: java.sql.SQLException: HikariDataSource HikariDataSource (AimingHikariCP) has been closed.
	at com.zaxxer.hikari.HikariDataSource.getConnection(HikariDataSource.java:96)
	at org.springframework.jdbc.datasource.DataSourceUtils.fetchConnection(DataSourceUtils.java:160)
	at org.springframework.jdbc.datasource.DataSourceUtils.doGetConnection(DataSourceUtils.java:118)
	at org.springframework.jdbc.datasource.DataSourceUtils.getConnection(DataSourceUtils.java:81)
	... 20 common frames omitted
2026-10-02 13:46:34.478 [pool-3-thread-3] [] WARN  c.c.g.r.c.t.c.AgentCronTaskExecutor - AgentCronTaskExecutor.onError: taskId=a2731d5d-92a0-4dcc-8651-8295b1cdc1f4, error=cognitive mental scan failed
2026-10-02 13:46:34.479 [pool-3-thread-3] [] WARN  c.c.g.r.c.t.s.TaskSchedulerServiceImpl - 定时任务提交失败 taskId=a2731d5d-92a0-4dcc-8651-8295b1cdc1f4 scheduleId=c75431f7-3451-4a76-af7c-6089a4e233ae: Task execution failed: cognitive mental scan failed
2026-10-02 13:56:34.459 [pool-3-thread-3] [] INFO  c.c.g.r.c.t.s.i.TaskManagementServiceImpl - 任务已提交: taskId=a2731d5d-92a0-4dcc-8651-8295b1cdc1f4, taskName=cognitive-mental-scan
2026-10-02 13:56:34.462 [pool-3-thread-3] [] INFO  c.c.g.r.c.t.s.i.TaskManagementServiceImpl - 任务已解析: taskId=a2731d5d-92a0-4dcc-8651-8295b1cdc1f4
2026-10-02 13:56:34.464 [pool-3-thread-3] [] ERROR c.c.g.e.c.s.mental.MentalScanTask - PMO-59 心智层补算任务执行失败: Failed to obtain JDBC Connection
org.springframework.jdbc.CannotGetJdbcConnectionException: Failed to obtain JDBC Connection
	at org.springframework.jdbc.datasource.DataSourceUtils.getConnection(DataSourceUtils.java:84)
	at org.springframework.jdbc.core.JdbcTemplate.execute(JdbcTemplate.java:653)
	at org.springframework.jdbc.core.JdbcTemplate.query(JdbcTemplate.java:723)
	at org.springframework.jdbc.core.JdbcTemplate.query(JdbcTemplate.java:754)
	at org.springframework.jdbc.core.JdbcTemplate.query(JdbcTemplate.java:767)
	at org.springframework.jdbc.core.JdbcTemplate.query(JdbcTemplate.java:820)
	at org.springframework.jdbc.core.JdbcTemplate.queryForList(JdbcTemplate.java:952)
	at com.chinacreator.gzcm.engine.cognitive2.service.EvidenceStore.list(EvidenceStore.java:120)
	at com.chinacreator.gzcm.engine.cognitive2.service.CognitiveEvidenceService.list(CognitiveEvidenceService.java:148)
	at com.chinacreator.gzcm.engine.cognitive2.service.mental.MentalScanTask.scanOnce(MentalScanTask.java:94)
	at com.chinacreator.gzcm.engine.cognitive2.service.mental.MentalScanTask$MentalScanTaskExecutor.execute(MentalScanTask.java:163)
	at com.chinacreator.gzcm.runtime.core.task.service.impl.TaskManagementServiceImpl.executeTask(TaskManagementServiceImpl.java:204)
	at com.chinacreator.gzcm.runtime.core.task.service.impl.TaskManagementServiceImpl.submitAndExecute(TaskManagementServiceImpl.java:343)
	at com.chinacreator.gzcm.runtime.core.task.scheduling.TaskSchedulerServiceImpl.executeTask(TaskSchedulerServiceImpl.java:322)
	at com.chinacreator.gzcm.runtime.core.task.scheduling.TaskSchedulerServiceImpl.lambda$schedulePeriodicTask$3(TaskSchedulerServiceImpl.java:231)
	at java.base/java.util.concurrent.Executors$RunnableAdapter.call(Executors.java:539)
	at java.base/java.util.concurrent.FutureTask.runAndReset(FutureTask.java:305)
	at java.base/java.util.concurrent.ScheduledThreadPoolExecutor$ScheduledFutureTask.run(ScheduledThreadPoolExecutor.java:305)
	at java.base/java.util.concurrent.ThreadPoolExecutor.runWorker(ThreadPoolExecutor.java:1136)
	at java.base/java.util.concurrent.ThreadPoolExecutor$Worker.run(ThreadPoolExecutor.java:635)
	at java.base/java.lang.Thread.run(Thread.java:840)
Caused by: java.sql.SQLException: HikariDataSource HikariDataSource (AimingHikariCP) has been closed.
	at com.zaxxer.hikari.HikariDataSource.getConnection(HikariDataSource.java:96)
	at org.springframework.jdbc.datasource.DataSourceUtils.fetchConnection(DataSourceUtils.java:160)
	at org.springframework.jdbc.datasource.DataSourceUtils.doGetConnection(DataSourceUtils.java:118)
	at org.springframework.jdbc.datasource.DataSourceUtils.getConnection(DataSourceUtils.java:81)
	... 20 common frames omitted
2026-10-02 13:56:34.465 [pool-3-thread-3] [] WARN  c.c.g.r.c.t.c.AgentCronTaskExecutor - AgentCronTaskExecutor.onError: taskId=a2731d5d-92a0-4dcc-8651-8295b1cdc1f4, error=cognitive mental scan failed
2026-10-02 13:56:34.467 [pool-3-thread-3] [] WARN  c.c.g.r.c.t.s.TaskSchedulerServiceImpl - 定时任务提交失败 taskId=a2731d5d-92a0-4dcc-8651-8295b1cdc1f4 scheduleId=c75431f7-3451-4a76-af7c-6089a4e233ae: Task execution failed: cognitive mental scan failed
2026-10-02 14:06:34.467 [pool-3-thread-3] [] INFO  c.c.g.r.c.t.s.i.TaskManagementServiceImpl - 任务已提交: taskId=a2731d5d-92a0-4dcc-8651-8295b1cdc1f4, taskName=cognitive-mental-scan
2026-10-02 14:06:34.478 [pool-3-thread-3] [] INFO  c.c.g.r.c.t.s.i.TaskManagementServiceImpl - 任务已解析: taskId=a2731d5d-92a0-4dcc-8651-8295b1cdc1f4
2026-10-02 14:06:34.479 [pool-3-thread-3] [] ERROR c.c.g.e.c.s.mental.MentalScanTask - PMO-59 心智层补算任务执行失败: Failed to obtain JDBC Connection
org.springframework.jdbc.CannotGetJdbcConnectionException: Failed to obtain JDBC Connection
	at org.springframework.jdbc.datasource.DataSourceUtils.getConnection(DataSourceUtils.java:84)
	at org.springframework.jdbc.core.JdbcTemplate.execute(JdbcTemplate.java:653)
	at org.springframework.jdbc.core.JdbcTemplate.query(JdbcTemplate.java:723)
	at org.springframework.jdbc.core.JdbcTemplate.query(JdbcTemplate.java:754)
	at org.springframework.jdbc.core.JdbcTemplate.query(JdbcTemplate.java:767)
	at org.springframework.jdbc.core.JdbcTemplate.query(JdbcTemplate.java:820)
	at org.springframework.jdbc.core.JdbcTemplate.queryForList(JdbcTemplate.java:952)
	at com.chinacreator.gzcm.engine.cognitive2.service.EvidenceStore.list(EvidenceStore.java:120)
	at com.chinacreator.gzcm.engine.cognitive2.service.CognitiveEvidenceService.list(CognitiveEvidenceService.java:148)
	at com.chinacreator.gzcm.engine.cognitive2.service.mental.MentalScanTask.scanOnce(MentalScanTask.java:94)
	at com.chinacreator.gzcm.engine.cognitive2.service.mental.MentalScanTask$MentalScanTaskExecutor.execute(MentalScanTask.java:163)
	at com.chinacreator.gzcm.runtime.core.task.service.impl.TaskManagementServiceImpl.executeTask(TaskManagementServiceImpl.java:204)
	at com.chinacreator.gzcm.runtime.core.task.service.impl.TaskManagementServiceImpl.submitAndExecute(TaskManagementServiceImpl.java:343)
	at com.chinacreator.gzcm.runtime.core.task.scheduling.TaskSchedulerServiceImpl.executeTask(TaskSchedulerServiceImpl.java:322)
	at com.chinacreator.gzcm.runtime.core.task.scheduling.TaskSchedulerServiceImpl.lambda$schedulePeriodicTask$3(TaskSchedulerServiceImpl.java:231)
	at java.base/java.util.concurrent.Executors$RunnableAdapter.call(Executors.java:539)
	at java.base/java.util.concurrent.FutureTask.runAndReset(FutureTask.java:305)
	at java.base/java.util.concurrent.ScheduledThreadPoolExecutor$ScheduledFutureTask.run(ScheduledThreadPoolExecutor.java:305)
	at java.base/java.util.concurrent.ThreadPoolExecutor.runWorker(ThreadPoolExecutor.java:1136)
	at java.base/java.util.concurrent.ThreadPoolExecutor$Worker.run(ThreadPoolExecutor.java:635)
	at java.base/java.lang.Thread.run(Thread.java:840)
Caused by: java.sql.SQLException: HikariDataSource HikariDataSource (AimingHikariCP) has been closed.
	at com.zaxxer.hikari.HikariDataSource.getConnection(HikariDataSource.java:96)
	at org.springframework.jdbc.datasource.DataSourceUtils.fetchConnection(DataSourceUtils.java:160)
	at org.springframework.jdbc.datasource.DataSourceUtils.doGetConnection(DataSourceUtils.java:118)
	at org.springframework.jdbc.datasource.DataSourceUtils.getConnection(DataSourceUtils.java:81)
	... 20 common frames omitted
2026-10-02 14:06:34.480 [pool-3-thread-3] [] WARN  c.c.g.r.c.t.c.AgentCronTaskExecutor - AgentCronTaskExecutor.onError: taskId=a2731d5d-92a0-4dcc-8651-8295b1cdc1f4, error=cognitive mental scan failed
2026-10-02 14:06:34.481 [pool-3-thread-3] [] WARN  c.c.g.r.c.t.s.TaskSchedulerServiceImpl - 定时任务提交失败 taskId=a2731d5d-92a0-4dcc-8651-8295b1cdc1f4 scheduleId=c75431f7-3451-4a76-af7c-6089a4e233ae: Task execution failed: cognitive mental scan failed
2026-10-02 14:16:34.456 [pool-3-thread-3] [] INFO  c.c.g.r.c.t.s.i.TaskManagementServiceImpl - 任务已提交: taskId=a2731d5d-92a0-4dcc-8651-8295b1cdc1f4, taskName=cognitive-mental-scan
2026-10-02 14:16:34.467 [pool-3-thread-3] [] INFO  c.c.g.r.c.t.s.i.TaskManagementServiceImpl - 任务已解析: taskId=a2731d5d-92a0-4dcc-8651-8295b1cdc1f4
2026-10-02 14:16:34.468 [pool-3-thread-3] [] ERROR c.c.g.e.c.s.mental.MentalScanTask - PMO-59 心智层补算任务执行失败: Failed to obtain JDBC Connection
org.springframework.jdbc.CannotGetJdbcConnectionException: Failed to obtain JDBC Connection
	at org.springframework.jdbc.datasource.DataSourceUtils.getConnection(DataSourceUtils.java:84)
	at org.springframework.jdbc.core.JdbcTemplate.execute(JdbcTemplate.java:653)
	at org.springframework.jdbc.core.JdbcTemplate.query(JdbcTemplate.java:723)
	at org.springframework.jdbc.core.JdbcTemplate.query(JdbcTemplate.java:754)
	at org.springframework.jdbc.core.JdbcTemplate.query(JdbcTemplate.java:767)
	at org.springframework.jdbc.core.JdbcTemplate.query(JdbcTemplate.java:820)
	at org.springframework.jdbc.core.JdbcTemplate.queryForList(JdbcTemplate.java:952)
	at com.chinacreator.gzcm.engine.cognitive2.service.EvidenceStore.list(EvidenceStore.java:120)
	at com.chinacreator.gzcm.engine.cognitive2.service.CognitiveEvidenceService.list(CognitiveEvidenceService.java:148)
	at com.chinacreator.gzcm.engine.cognitive2.service.mental.MentalScanTask.scanOnce(MentalScanTask.java:94)
	at com.chinacreator.gzcm.engine.cognitive2.service.mental.MentalScanTask$MentalScanTaskExecutor.execute(MentalScanTask.java:163)
	at com.chinacreator.gzcm.runtime.core.task.service.impl.TaskManagementServiceImpl.executeTask(TaskManagementServiceImpl.java:204)
	at com.chinacreator.gzcm.runtime.core.task.service.impl.TaskManagementServiceImpl.submitAndExecute(TaskManagementServiceImpl.java:343)
	at com.chinacreator.gzcm.runtime.core.task.scheduling.TaskSchedulerServiceImpl.executeTask(TaskSchedulerServiceImpl.java:322)
	at com.chinacreator.gzcm.runtime.core.task.scheduling.TaskSchedulerServiceImpl.lambda$schedulePeriodicTask$3(TaskSchedulerServiceImpl.java:231)
	at java.base/java.util.concurrent.Executors$RunnableAdapter.call(Executors.java:539)
	at java.base/java.util.concurrent.FutureTask.runAndReset(FutureTask.java:305)
	at java.base/java.util.concurrent.ScheduledThreadPoolExecutor$ScheduledFutureTask.run(ScheduledThreadPoolExecutor.java:305)
	at java.base/java.util.concurrent.ThreadPoolExecutor.runWorker(ThreadPoolExecutor.java:1136)
	at java.base/java.util.concurrent.ThreadPoolExecutor$Worker.run(ThreadPoolExecutor.java:635)
	at java.base/java.lang.Thread.run(Thread.java:840)
Caused by: java.sql.SQLException: HikariDataSource HikariDataSource (AimingHikariCP) has been closed.
	at com.zaxxer.hikari.HikariDataSource.getConnection(HikariDataSource.java:96)
	at org.springframework.jdbc.datasource.DataSourceUtils.fetchConnection(DataSourceUtils.java:160)
	at org.springframework.jdbc.datasource.DataSourceUtils.doGetConnection(DataSourceUtils.java:118)
	at org.springframework.jdbc.datasource.DataSourceUtils.getConnection(DataSourceUtils.java:81)
	... 20 common frames omitted
2026-10-02 14:16:34.469 [pool-3-thread-3] [] WARN  c.c.g.r.c.t.c.AgentCronTaskExecutor - AgentCronTaskExecutor.onError: taskId=a2731d5d-92a0-4dcc-8651-8295b1cdc1f4, error=cognitive mental scan failed
2026-10-02 14:16:34.469 [pool-3-thread-3] [] WARN  c.c.g.r.c.t.s.TaskSchedulerServiceImpl - 定时任务提交失败 taskId=a2731d5d-92a0-4dcc-8651-8295b1cdc1f4 scheduleId=c75431f7-3451-4a76-af7c-6089a4e233ae: Task execution failed: cognitive mental scan failed
2026-10-02 14:26:34.463 [pool-3-thread-3] [] INFO  c.c.g.r.c.t.s.i.TaskManagementServiceImpl - 任务已提交: taskId=a2731d5d-92a0-4dcc-8651-8295b1cdc1f4, taskName=cognitive-mental-scan
2026-10-02 14:26:34.465 [pool-3-thread-3] [] INFO  c.c.g.r.c.t.s.i.TaskManagementServiceImpl - 任务已解析: taskId=a2731d5d-92a0-4dcc-8651-8295b1cdc1f4
2026-10-02 14:26:34.466 [pool-3-thread-3] [] ERROR c.c.g.e.c.s.mental.MentalScanTask - PMO-59 心智层补算任务执行失败: Failed to obtain JDBC Connection
org.springframework.jdbc.CannotGetJdbcConnectionException: Failed to obtain JDBC Connection
	at org.springframework.jdbc.datasource.DataSourceUtils.getConnection(DataSourceUtils.java:84)
	at org.springframework.jdbc.core.JdbcTemplate.execute(JdbcTemplate.java:653)
	at org.springframework.jdbc.core.JdbcTemplate.query(JdbcTemplate.java:723)
	at org.springframework.jdbc.core.JdbcTemplate.query(JdbcTemplate.java:754)
	at org.springframework.jdbc.core.JdbcTemplate.query(JdbcTemplate.java:767)
	at org.springframework.jdbc.core.JdbcTemplate.query(JdbcTemplate.java:820)
	at org.springframework.jdbc.core.JdbcTemplate.queryForList(JdbcTemplate.java:952)
	at com.chinacreator.gzcm.engine.cognitive2.service.EvidenceStore.list(EvidenceStore.java:120)
	at com.chinacreator.gzcm.engine.cognitive2.service.CognitiveEvidenceService.list(CognitiveEvidenceService.java:148)
	at com.chinacreator.gzcm.engine.cognitive2.service.mental.MentalScanTask.scanOnce(MentalScanTask.java:94)
	at com.chinacreator.gzcm.engine.cognitive2.service.mental.MentalScanTask$MentalScanTaskExecutor.execute(MentalScanTask.java:163)
	at com.chinacreator.gzcm.runtime.core.task.service.impl.TaskManagementServiceImpl.executeTask(TaskManagementServiceImpl.java:204)
	at com.chinacreator.gzcm.runtime.core.task.service.impl.TaskManagementServiceImpl.submitAndExecute(TaskManagementServiceImpl.java:343)
	at com.chinacreator.gzcm.runtime.core.task.scheduling.TaskSchedulerServiceImpl.executeTask(TaskSchedulerServiceImpl.java:322)
	at com.chinacreator.gzcm.runtime.core.task.scheduling.TaskSchedulerServiceImpl.lambda$schedulePeriodicTask$3(TaskSchedulerServiceImpl.java:231)
	at java.base/java.util.concurrent.Executors$RunnableAdapter.call(Executors.java:539)
	at java.base/java.util.concurrent.FutureTask.runAndReset(FutureTask.java:305)
	at java.base/java.util.concurrent.ScheduledThreadPoolExecutor$ScheduledFutureTask.run(ScheduledThreadPoolExecutor.java:305)
	at java.base/java.util.concurrent.ThreadPoolExecutor.runWorker(ThreadPoolExecutor.java:1136)
	at java.base/java.util.concurrent.ThreadPoolExecutor$Worker.run(ThreadPoolExecutor.java:635)
	at java.base/java.lang.Thread.run(Thread.java:840)
Caused by: java.sql.SQLException: HikariDataSource HikariDataSource (AimingHikariCP) has been closed.
	at com.zaxxer.hikari.HikariDataSource.getConnection(HikariDataSource.java:96)
	at org.springframework.jdbc.datasource.DataSourceUtils.fetchConnection(DataSourceUtils.java:160)
	at org.springframework.jdbc.datasource.DataSourceUtils.doGetConnection(DataSourceUtils.java:118)
	at org.springframework.jdbc.datasource.DataSourceUtils.getConnection(DataSourceUtils.java:81)
	... 20 common frames omitted
2026-10-02 14:26:34.468 [pool-3-thread-3] [] WARN  c.c.g.r.c.t.c.AgentCronTaskExecutor - AgentCronTaskExecutor.onError: taskId=a2731d5d-92a0-4dcc-8651-8295b1cdc1f4, error=cognitive mental scan failed
2026-10-02 14:26:34.468 [pool-3-thread-3] [] WARN  c.c.g.r.c.t.s.TaskSchedulerServiceImpl - 定时任务提交失败 taskId=a2731d5d-92a0-4dcc-8651-8295b1cdc1f4 scheduleId=c75431f7-3451-4a76-af7c-6089a4e233ae: Task execution failed: cognitive mental scan failed
2026-10-02 14:36:34.460 [pool-3-thread-3] [] INFO  c.c.g.r.c.t.s.i.TaskManagementServiceImpl - 任务已提交: taskId=a2731d5d-92a0-4dcc-8651-8295b1cdc1f4, taskName=cognitive-mental-scan
2026-10-02 14:36:34.473 [pool-3-thread-3] [] INFO  c.c.g.r.c.t.s.i.TaskManagementServiceImpl - 任务已解析: taskId=a2731d5d-92a0-4dcc-8651-8295b1cdc1f4
2026-10-02 14:36:34.474 [pool-3-thread-3] [] ERROR c.c.g.e.c.s.mental.MentalScanTask - PMO-59 心智层补算任务执行失败: Failed to obtain JDBC Connection
org.springframework.jdbc.CannotGetJdbcConnectionException: Failed to obtain JDBC Connection
	at org.springframework.jdbc.datasource.DataSourceUtils.getConnection(DataSourceUtils.java:84)
	at org.springframework.jdbc.core.JdbcTemplate.execute(JdbcTemplate.java:653)
	at org.springframework.jdbc.core.JdbcTemplate.query(JdbcTemplate.java:723)
	at org.springframework.jdbc.core.JdbcTemplate.query(JdbcTemplate.java:754)
	at org.springframework.jdbc.core.JdbcTemplate.query(JdbcTemplate.java:767)
	at org.springframework.jdbc.core.JdbcTemplate.query(JdbcTemplate.java:820)
	at org.springframework.jdbc.core.JdbcTemplate.queryForList(JdbcTemplate.java:952)
	at com.chinacreator.gzcm.engine.cognitive2.service.EvidenceStore.list(EvidenceStore.java:120)
	at com.chinacreator.gzcm.engine.cognitive2.service.CognitiveEvidenceService.list(CognitiveEvidenceService.java:148)
	at com.chinacreator.gzcm.engine.cognitive2.service.mental.MentalScanTask.scanOnce(MentalScanTask.java:94)
	at com.chinacreator.gzcm.engine.cognitive2.service.mental.MentalScanTask$MentalScanTaskExecutor.execute(MentalScanTask.java:163)
	at com.chinacreator.gzcm.runtime.core.task.service.impl.TaskManagementServiceImpl.executeTask(TaskManagementServiceImpl.java:204)
	at com.chinacreator.gzcm.runtime.core.task.service.impl.TaskManagementServiceImpl.submitAndExecute(TaskManagementServiceImpl.java:343)
	at com.chinacreator.gzcm.runtime.core.task.scheduling.TaskSchedulerServiceImpl.executeTask(TaskSchedulerServiceImpl.java:322)
	at com.chinacreator.gzcm.runtime.core.task.scheduling.TaskSchedulerServiceImpl.lambda$schedulePeriodicTask$3(TaskSchedulerServiceImpl.java:231)
	at java.base/java.util.concurrent.Executors$RunnableAdapter.call(Executors.java:539)
	at java.base/java.util.concurrent.FutureTask.runAndReset(FutureTask.java:305)
	at java.base/java.util.concurrent.ScheduledThreadPoolExecutor$ScheduledFutureTask.run(ScheduledThreadPoolExecutor.java:305)
	at java.base/java.util.concurrent.ThreadPoolExecutor.runWorker(ThreadPoolExecutor.java:1136)
	at java.base/java.util.concurrent.ThreadPoolExecutor$Worker.run(ThreadPoolExecutor.java:635)
	at java.base/java.lang.Thread.run(Thread.java:840)
Caused by: java.sql.SQLException: HikariDataSource HikariDataSource (AimingHikariCP) has been closed.
	at com.zaxxer.hikari.HikariDataSource.getConnection(HikariDataSource.java:96)
	at org.springframework.jdbc.datasource.DataSourceUtils.fetchConnection(DataSourceUtils.java:160)
	at org.springframework.jdbc.datasource.DataSourceUtils.doGetConnection(DataSourceUtils.java:118)
	at org.springframework.jdbc.datasource.DataSourceUtils.getConnection(DataSourceUtils.java:81)
	... 20 common frames omitted
2026-10-02 14:36:34.475 [pool-3-thread-3] [] WARN  c.c.g.r.c.t.c.AgentCronTaskExecutor - AgentCronTaskExecutor.onError: taskId=a2731d5d-92a0-4dcc-8651-8295b1cdc1f4, error=cognitive mental scan failed
2026-10-02 14:36:34.476 [pool-3-thread-3] [] WARN  c.c.g.r.c.t.s.TaskSchedulerServiceImpl - 定时任务提交失败 taskId=a2731d5d-92a0-4dcc-8651-8295b1cdc1f4 scheduleId=c75431f7-3451-4a76-af7c-6089a4e233ae: Task execution failed: cognitive mental scan failed
2026-10-02 14:46:34.466 [pool-3-thread-3] [] INFO  c.c.g.r.c.t.s.i.TaskManagementServiceImpl - 任务已提交: taskId=a2731d5d-92a0-4dcc-8651-8295b1cdc1f4, taskName=cognitive-mental-scan
2026-10-02 14:46:34.468 [pool-3-thread-3] [] INFO  c.c.g.r.c.t.s.i.TaskManagementServiceImpl - 任务已解析: taskId=a2731d5d-92a0-4dcc-8651-8295b1cdc1f4
2026-10-02 14:46:34.469 [pool-3-thread-3] [] ERROR c.c.g.e.c.s.mental.MentalScanTask - PMO-59 心智层补算任务执行失败: Failed to obtain JDBC Connection
org.springframework.jdbc.CannotGetJdbcConnectionException: Failed to obtain JDBC Connection
	at org.springframework.jdbc.datasource.DataSourceUtils.getConnection(DataSourceUtils.java:84)
	at org.springframework.jdbc.core.JdbcTemplate.execute(JdbcTemplate.java:653)
	at org.springframework.jdbc.core.JdbcTemplate.query(JdbcTemplate.java:723)
	at org.springframework.jdbc.core.JdbcTemplate.query(JdbcTemplate.java:754)
	at org.springframework.jdbc.core.JdbcTemplate.query(JdbcTemplate.java:767)
	at org.springframework.jdbc.core.JdbcTemplate.query(JdbcTemplate.java:820)
	at org.springframework.jdbc.core.JdbcTemplate.queryForList(JdbcTemplate.java:952)
	at com.chinacreator.gzcm.engine.cognitive2.service.EvidenceStore.list(EvidenceStore.java:120)
	at com.chinacreator.gzcm.engine.cognitive2.service.CognitiveEvidenceService.list(CognitiveEvidenceService.java:148)
	at com.chinacreator.gzcm.engine.cognitive2.service.mental.MentalScanTask.scanOnce(MentalScanTask.java:94)
	at com.chinacreator.gzcm.engine.cognitive2.service.mental.MentalScanTask$MentalScanTaskExecutor.execute(MentalScanTask.java:163)
	at com.chinacreator.gzcm.runtime.core.task.service.impl.TaskManagementServiceImpl.executeTask(TaskManagementServiceImpl.java:204)
	at com.chinacreator.gzcm.runtime.core.task.service.impl.TaskManagementServiceImpl.submitAndExecute(TaskManagementServiceImpl.java:343)
	at com.chinacreator.gzcm.runtime.core.task.scheduling.TaskSchedulerServiceImpl.executeTask(TaskSchedulerServiceImpl.java:322)
	at com.chinacreator.gzcm.runtime.core.task.scheduling.TaskSchedulerServiceImpl.lambda$schedulePeriodicTask$3(TaskSchedulerServiceImpl.java:231)
	at java.base/java.util.concurrent.Executors$RunnableAdapter.call(Executors.java:539)
	at java.base/java.util.concurrent.FutureTask.runAndReset(FutureTask.java:305)
	at java.base/java.util.concurrent.ScheduledThreadPoolExecutor$ScheduledFutureTask.run(ScheduledThreadPoolExecutor.java:305)
	at java.base/java.util.concurrent.ThreadPoolExecutor.runWorker(ThreadPoolExecutor.java:1136)
	at java.base/java.util.concurrent.ThreadPoolExecutor$Worker.run(ThreadPoolExecutor.java:635)
	at java.base/java.lang.Thread.run(Thread.java:840)
Caused by: java.sql.SQLException: HikariDataSource HikariDataSource (AimingHikariCP) has been closed.
	at com.zaxxer.hikari.HikariDataSource.getConnection(HikariDataSource.java:96)
	at org.springframework.jdbc.datasource.DataSourceUtils.fetchConnection(DataSourceUtils.java:160)
	at org.springframework.jdbc.datasource.DataSourceUtils.doGetConnection(DataSourceUtils.java:118)
	at org.springframework.jdbc.datasource.DataSourceUtils.getConnection(DataSourceUtils.java:81)
	... 20 common frames omitted
2026-10-02 14:46:34.471 [pool-3-thread-3] [] WARN  c.c.g.r.c.t.c.AgentCronTaskExecutor - AgentCronTaskExecutor.onError: taskId=a2731d5d-92a0-4dcc-8651-8295b1cdc1f4, error=cognitive mental scan failed
2026-10-02 14:46:34.472 [pool-3-thread-3] [] WARN  c.c.g.r.c.t.s.TaskSchedulerServiceImpl - 定时任务提交失败 taskId=a2731d5d-92a0-4dcc-8651-8295b1cdc1f4 scheduleId=c75431f7-3451-4a76-af7c-6089a4e233ae: Task execution failed: cognitive mental scan failed
2026-10-02 14:56:34.460 [pool-3-thread-3] [] INFO  c.c.g.r.c.t.s.i.TaskManagementServiceImpl - 任务已提交: taskId=a2731d5d-92a0-4dcc-8651-8295b1cdc1f4, taskName=cognitive-mental-scan
2026-10-02 14:56:34.461 [pool-3-thread-3] [] INFO  c.c.g.r.c.t.s.i.TaskManagementServiceImpl - 任务已解析: taskId=a2731d5d-92a0-4dcc-8651-8295b1cdc1f4
2026-10-02 14:56:34.462 [pool-3-thread-3] [] ERROR c.c.g.e.c.s.mental.MentalScanTask - PMO-59 心智层补算任务执行失败: Failed to obtain JDBC Connection
org.springframework.jdbc.CannotGetJdbcConnectionException: Failed to obtain JDBC Connection
	at org.springframework.jdbc.datasource.DataSourceUtils.getConnection(DataSourceUtils.java:84)
	at org.springframework.jdbc.core.JdbcTemplate.execute(JdbcTemplate.java:653)
	at org.springframework.jdbc.core.JdbcTemplate.query(JdbcTemplate.java:723)
	at org.springframework.jdbc.core.JdbcTemplate.query(JdbcTemplate.java:754)
	at org.springframework.jdbc.core.JdbcTemplate.query(JdbcTemplate.java:767)
	at org.springframework.jdbc.core.JdbcTemplate.query(JdbcTemplate.java:820)
	at org.springframework.jdbc.core.JdbcTemplate.queryForList(JdbcTemplate.java:952)
	at com.chinacreator.gzcm.engine.cognitive2.service.EvidenceStore.list(EvidenceStore.java:120)
	at com.chinacreator.gzcm.engine.cognitive2.service.CognitiveEvidenceService.list(CognitiveEvidenceService.java:148)
	at com.chinacreator.gzcm.engine.cognitive2.service.mental.MentalScanTask.scanOnce(MentalScanTask.java:94)
	at com.chinacreator.gzcm.engine.cognitive2.service.mental.MentalScanTask$MentalScanTaskExecutor.execute(MentalScanTask.java:163)
	at com.chinacreator.gzcm.runtime.core.task.service.impl.TaskManagementServiceImpl.executeTask(TaskManagementServiceImpl.java:204)
	at com.chinacreator.gzcm.runtime.core.task.service.impl.TaskManagementServiceImpl.submitAndExecute(TaskManagementServiceImpl.java:343)
	at com.chinacreator.gzcm.runtime.core.task.scheduling.TaskSchedulerServiceImpl.executeTask(TaskSchedulerServiceImpl.java:322)
	at com.chinacreator.gzcm.runtime.core.task.scheduling.TaskSchedulerServiceImpl.lambda$schedulePeriodicTask$3(TaskSchedulerServiceImpl.java:231)
	at java.base/java.util.concurrent.Executors$RunnableAdapter.call(Executors.java:539)
	at java.base/java.util.concurrent.FutureTask.runAndReset(FutureTask.java:305)
	at java.base/java.util.concurrent.ScheduledThreadPoolExecutor$ScheduledFutureTask.run(ScheduledThreadPoolExecutor.java:305)
	at java.base/java.util.concurrent.ThreadPoolExecutor.runWorker(ThreadPoolExecutor.java:1136)
	at java.base/java.util.concurrent.ThreadPoolExecutor$Worker.run(ThreadPoolExecutor.java:635)
	at java.base/java.lang.Thread.run(Thread.java:840)
Caused by: java.sql.SQLException: HikariDataSource HikariDataSource (AimingHikariCP) has been closed.
	at com.zaxxer.hikari.HikariDataSource.getConnection(HikariDataSource.java:96)
	at org.springframework.jdbc.datasource.DataSourceUtils.fetchConnection(DataSourceUtils.java:160)
	at org.springframework.jdbc.datasource.DataSourceUtils.doGetConnection(DataSourceUtils.java:118)
	at org.springframework.jdbc.datasource.DataSourceUtils.getConnection(DataSourceUtils.java:81)
	... 20 common frames omitted
2026-10-02 14:56:34.463 [pool-3-thread-3] [] WARN  c.c.g.r.c.t.c.AgentCronTaskExecutor - AgentCronTaskExecutor.onError: taskId=a2731d5d-92a0-4dcc-8651-8295b1cdc1f4, error=cognitive mental scan failed
2026-10-02 14:56:34.463 [pool-3-thread-3] [] WARN  c.c.g.r.c.t.s.TaskSchedulerServiceImpl - 定时任务提交失败 taskId=a2731d5d-92a0-4dcc-8651-8295b1cdc1f4 scheduleId=c75431f7-3451-4a76-af7c-6089a4e233ae: Task execution failed: cognitive mental scan failed
2026-10-02 15:06:34.468 [pool-3-thread-3] [] INFO  c.c.g.r.c.t.s.i.TaskManagementServiceImpl - 任务已提交: taskId=a2731d5d-92a0-4dcc-8651-8295b1cdc1f4, taskName=cognitive-mental-scan
2026-10-02 15:06:34.471 [pool-3-thread-3] [] INFO  c.c.g.r.c.t.s.i.TaskManagementServiceImpl - 任务已解析: taskId=a2731d5d-92a0-4dcc-8651-8295b1cdc1f4
2026-10-02 15:06:34.473 [pool-3-thread-3] [] ERROR c.c.g.e.c.s.mental.MentalScanTask - PMO-59 心智层补算任务执行失败: Failed to obtain JDBC Connection
org.springframework.jdbc.CannotGetJdbcConnectionException: Failed to obtain JDBC Connection
	at org.springframework.jdbc.datasource.DataSourceUtils.getConnection(DataSourceUtils.java:84)
	at org.springframework.jdbc.core.JdbcTemplate.execute(JdbcTemplate.java:653)
	at org.springframework.jdbc.core.JdbcTemplate.query(JdbcTemplate.java:723)
	at org.springframework.jdbc.core.JdbcTemplate.query(JdbcTemplate.java:754)
	at org.springframework.jdbc.core.JdbcTemplate.query(JdbcTemplate.java:767)
	at org.springframework.jdbc.core.JdbcTemplate.query(JdbcTemplate.java:820)
	at org.springframework.jdbc.core.JdbcTemplate.queryForList(JdbcTemplate.java:952)
	at com.chinacreator.gzcm.engine.cognitive2.service.EvidenceStore.list(EvidenceStore.java:120)
	at com.chinacreator.gzcm.engine.cognitive2.service.CognitiveEvidenceService.list(CognitiveEvidenceService.java:148)
	at com.chinacreator.gzcm.engine.cognitive2.service.mental.MentalScanTask.scanOnce(MentalScanTask.java:94)
	at com.chinacreator.gzcm.engine.cognitive2.service.mental.MentalScanTask$MentalScanTaskExecutor.execute(MentalScanTask.java:163)
	at com.chinacreator.gzcm.runtime.core.task.service.impl.TaskManagementServiceImpl.executeTask(TaskManagementServiceImpl.java:204)
	at com.chinacreator.gzcm.runtime.core.task.service.impl.TaskManagementServiceImpl.submitAndExecute(TaskManagementServiceImpl.java:343)
	at com.chinacreator.gzcm.runtime.core.task.scheduling.TaskSchedulerServiceImpl.executeTask(TaskSchedulerServiceImpl.java:322)
	at com.chinacreator.gzcm.runtime.core.task.scheduling.TaskSchedulerServiceImpl.lambda$schedulePeriodicTask$3(TaskSchedulerServiceImpl.java:231)
	at java.base/java.util.concurrent.Executors$RunnableAdapter.call(Executors.java:539)
	at java.base/java.util.concurrent.FutureTask.runAndReset(FutureTask.java:305)
	at java.base/java.util.concurrent.ScheduledThreadPoolExecutor$ScheduledFutureTask.run(ScheduledThreadPoolExecutor.java:305)
	at java.base/java.util.concurrent.ThreadPoolExecutor.runWorker(ThreadPoolExecutor.java:1136)
	at java.base/java.util.concurrent.ThreadPoolExecutor$Worker.run(ThreadPoolExecutor.java:635)
	at java.base/java.lang.Thread.run(Thread.java:840)
Caused by: java.sql.SQLException: HikariDataSource HikariDataSource (AimingHikariCP) has been closed.
	at com.zaxxer.hikari.HikariDataSource.getConnection(HikariDataSource.java:96)
	at org.springframework.jdbc.datasource.DataSourceUtils.fetchConnection(DataSourceUtils.java:160)
	at org.springframework.jdbc.datasource.DataSourceUtils.doGetConnection(DataSourceUtils.java:118)
	at org.springframework.jdbc.datasource.DataSourceUtils.getConnection(DataSourceUtils.java:81)
	... 20 common frames omitted
2026-10-02 15:06:34.475 [pool-3-thread-3] [] WARN  c.c.g.r.c.t.c.AgentCronTaskExecutor - AgentCronTaskExecutor.onError: taskId=a2731d5d-92a0-4dcc-8651-8295b1cdc1f4, error=cognitive mental scan failed
2026-10-02 15:06:34.478 [pool-3-thread-3] [] WARN  c.c.g.r.c.t.s.TaskSchedulerServiceImpl - 定时任务提交失败 taskId=a2731d5d-92a0-4dcc-8651-8295b1cdc1f4 scheduleId=c75431f7-3451-4a76-af7c-6089a4e233ae: Task execution failed: cognitive mental scan failed
2026-10-02 15:16:34.468 [pool-3-thread-3] [] INFO  c.c.g.r.c.t.s.i.TaskManagementServiceImpl - 任务已提交: taskId=a2731d5d-92a0-4dcc-8651-8295b1cdc1f4, taskName=cognitive-mental-scan
2026-10-02 15:16:34.469 [pool-3-thread-3] [] INFO  c.c.g.r.c.t.s.i.TaskManagementServiceImpl - 任务已解析: taskId=a2731d5d-92a0-4dcc-8651-8295b1cdc1f4
2026-10-02 15:16:34.469 [pool-3-thread-3] [] ERROR c.c.g.e.c.s.mental.MentalScanTask - PMO-59 心智层补算任务执行失败: Failed to obtain JDBC Connection
org.springframework.jdbc.CannotGetJdbcConnectionException: Failed to obtain JDBC Connection
	at org.springframework.jdbc.datasource.DataSourceUtils.getConnection(DataSourceUtils.java:84)
	at org.springframework.jdbc.core.JdbcTemplate.execute(JdbcTemplate.java:653)
	at org.springframework.jdbc.core.JdbcTemplate.query(JdbcTemplate.java:723)
	at org.springframework.jdbc.core.JdbcTemplate.query(JdbcTemplate.java:754)
	at org.springframework.jdbc.core.JdbcTemplate.query(JdbcTemplate.java:767)
	at org.springframework.jdbc.core.JdbcTemplate.query(JdbcTemplate.java:820)
	at org.springframework.jdbc.core.JdbcTemplate.queryForList(JdbcTemplate.java:952)
	at com.chinacreator.gzcm.engine.cognitive2.service.EvidenceStore.list(EvidenceStore.java:120)
	at com.chinacreator.gzcm.engine.cognitive2.service.CognitiveEvidenceService.list(CognitiveEvidenceService.java:148)
	at com.chinacreator.gzcm.engine.cognitive2.service.mental.MentalScanTask.scanOnce(MentalScanTask.java:94)
	at com.chinacreator.gzcm.engine.cognitive2.service.mental.MentalScanTask$MentalScanTaskExecutor.execute(MentalScanTask.java:163)
	at com.chinacreator.gzcm.runtime.core.task.service.impl.TaskManagementServiceImpl.executeTask(TaskManagementServiceImpl.java:204)
	at com.chinacreator.gzcm.runtime.core.task.service.impl.TaskManagementServiceImpl.submitAndExecute(TaskManagementServiceImpl.java:343)
	at com.chinacreator.gzcm.runtime.core.task.scheduling.TaskSchedulerServiceImpl.executeTask(TaskSchedulerServiceImpl.java:322)
	at com.chinacreator.gzcm.runtime.core.task.scheduling.TaskSchedulerServiceImpl.lambda$schedulePeriodicTask$3(TaskSchedulerServiceImpl.java:231)
	at java.base/java.util.concurrent.Executors$RunnableAdapter.call(Executors.java:539)
	at java.base/java.util.concurrent.FutureTask.runAndReset(FutureTask.java:305)
	at java.base/java.util.concurrent.ScheduledThreadPoolExecutor$ScheduledFutureTask.run(ScheduledThreadPoolExecutor.java:305)
	at java.base/java.util.concurrent.ThreadPoolExecutor.runWorker(ThreadPoolExecutor.java:1136)
	at java.base/java.util.concurrent.ThreadPoolExecutor$Worker.run(ThreadPoolExecutor.java:635)
	at java.base/java.lang.Thread.run(Thread.java:840)
Caused by: java.sql.SQLException: HikariDataSource HikariDataSource (AimingHikariCP) has been closed.
	at com.zaxxer.hikari.HikariDataSource.getConnection(HikariDataSource.java:96)
	at org.springframework.jdbc.datasource.DataSourceUtils.fetchConnection(DataSourceUtils.java:160)
	at org.springframework.jdbc.datasource.DataSourceUtils.doGetConnection(DataSourceUtils.java:118)
	at org.springframework.jdbc.datasource.DataSourceUtils.getConnection(DataSourceUtils.java:81)
	... 20 common frames omitted
2026-10-02 15:16:34.470 [pool-3-thread-3] [] WARN  c.c.g.r.c.t.c.AgentCronTaskExecutor - AgentCronTaskExecutor.onError: taskId=a2731d5d-92a0-4dcc-8651-8295b1cdc1f4, error=cognitive mental scan failed
2026-10-02 15:16:34.470 [pool-3-thread-3] [] WARN  c.c.g.r.c.t.s.TaskSchedulerServiceImpl - 定时任务提交失败 taskId=a2731d5d-92a0-4dcc-8651-8295b1cdc1f4 scheduleId=c75431f7-3451-4a76-af7c-6089a4e233ae: Task execution failed: cognitive mental scan failed
2026-10-02 15:26:34.469 [pool-3-thread-3] [] INFO  c.c.g.r.c.t.s.i.TaskManagementServiceImpl - 任务已提交: taskId=a2731d5d-92a0-4dcc-8651-8295b1cdc1f4, taskName=cognitive-mental-scan
2026-10-02 15:26:34.479 [pool-3-thread-3] [] INFO  c.c.g.r.c.t.s.i.TaskManagementServiceImpl - 任务已解析: taskId=a2731d5d-92a0-4dcc-8651-8295b1cdc1f4
2026-10-02 15:26:34.480 [pool-3-thread-3] [] ERROR c.c.g.e.c.s.mental.MentalScanTask - PMO-59 心智层补算任务执行失败: Failed to obtain JDBC Connection
org.springframework.jdbc.CannotGetJdbcConnectionException: Failed to obtain JDBC Connection
	at org.springframework.jdbc.datasource.DataSourceUtils.getConnection(DataSourceUtils.java:84)
	at org.springframework.jdbc.core.JdbcTemplate.execute(JdbcTemplate.java:653)
	at org.springframework.jdbc.core.JdbcTemplate.query(JdbcTemplate.java:723)
	at org.springframework.jdbc.core.JdbcTemplate.query(JdbcTemplate.java:754)
	at org.springframework.jdbc.core.JdbcTemplate.query(JdbcTemplate.java:767)
	at org.springframework.jdbc.core.JdbcTemplate.query(JdbcTemplate.java:820)
	at org.springframework.jdbc.core.JdbcTemplate.queryForList(JdbcTemplate.java:952)
	at com.chinacreator.gzcm.engine.cognitive2.service.EvidenceStore.list(EvidenceStore.java:120)
	at com.chinacreator.gzcm.engine.cognitive2.service.CognitiveEvidenceService.list(CognitiveEvidenceService.java:148)
	at com.chinacreator.gzcm.engine.cognitive2.service.mental.MentalScanTask.scanOnce(MentalScanTask.java:94)
	at com.chinacreator.gzcm.engine.cognitive2.service.mental.MentalScanTask$MentalScanTaskExecutor.execute(MentalScanTask.java:163)
	at com.chinacreator.gzcm.runtime.core.task.service.impl.TaskManagementServiceImpl.executeTask(TaskManagementServiceImpl.java:204)
	at com.chinacreator.gzcm.runtime.core.task.service.impl.TaskManagementServiceImpl.submitAndExecute(TaskManagementServiceImpl.java:343)
	at com.chinacreator.gzcm.runtime.core.task.scheduling.TaskSchedulerServiceImpl.executeTask(TaskSchedulerServiceImpl.java:322)
	at com.chinacreator.gzcm.runtime.core.task.scheduling.TaskSchedulerServiceImpl.lambda$schedulePeriodicTask$3(TaskSchedulerServiceImpl.java:231)
	at java.base/java.util.concurrent.Executors$RunnableAdapter.call(Executors.java:539)
	at java.base/java.util.concurrent.FutureTask.runAndReset(FutureTask.java:305)
	at java.base/java.util.concurrent.ScheduledThreadPoolExecutor$ScheduledFutureTask.run(ScheduledThreadPoolExecutor.java:305)
	at java.base/java.util.concurrent.ThreadPoolExecutor.runWorker(ThreadPoolExecutor.java:1136)
	at java.base/java.util.concurrent.ThreadPoolExecutor$Worker.run(ThreadPoolExecutor.java:635)
	at java.base/java.lang.Thread.run(Thread.java:840)
Caused by: java.sql.SQLException: HikariDataSource HikariDataSource (AimingHikariCP) has been closed.
	at com.zaxxer.hikari.HikariDataSource.getConnection(HikariDataSource.java:96)
	at org.springframework.jdbc.datasource.DataSourceUtils.fetchConnection(DataSourceUtils.java:160)
	at org.springframework.jdbc.datasource.DataSourceUtils.doGetConnection(DataSourceUtils.java:118)
	at org.springframework.jdbc.datasource.DataSourceUtils.getConnection(DataSourceUtils.java:81)
	... 20 common frames omitted
2026-10-02 15:26:34.481 [pool-3-thread-3] [] WARN  c.c.g.r.c.t.c.AgentCronTaskExecutor - AgentCronTaskExecutor.onError: taskId=a2731d5d-92a0-4dcc-8651-8295b1cdc1f4, error=cognitive mental scan failed
2026-10-02 15:26:34.482 [pool-3-thread-3] [] WARN  c.c.g.r.c.t.s.TaskSchedulerServiceImpl - 定时任务提交失败 taskId=a2731d5d-92a0-4dcc-8651-8295b1cdc1f4 scheduleId=c75431f7-3451-4a76-af7c-6089a4e233ae: Task execution failed: cognitive mental scan failed
2026-10-02 15:36:34.469 [pool-3-thread-3] [] INFO  c.c.g.r.c.t.s.i.TaskManagementServiceImpl - 任务已提交: taskId=a2731d5d-92a0-4dcc-8651-8295b1cdc1f4, taskName=cognitive-mental-scan
2026-10-02 15:36:34.470 [pool-3-thread-3] [] INFO  c.c.g.r.c.t.s.i.TaskManagementServiceImpl - 任务已解析: taskId=a2731d5d-92a0-4dcc-8651-8295b1cdc1f4
2026-10-02 15:36:34.470 [pool-3-thread-3] [] ERROR c.c.g.e.c.s.mental.MentalScanTask - PMO-59 心智层补算任务执行失败: Failed to obtain JDBC Connection
org.springframework.jdbc.CannotGetJdbcConnectionException: Failed to obtain JDBC Connection
	at org.springframework.jdbc.datasource.DataSourceUtils.getConnection(DataSourceUtils.java:84)
	at org.springframework.jdbc.core.JdbcTemplate.execute(JdbcTemplate.java:653)
	at org.springframework.jdbc.core.JdbcTemplate.query(JdbcTemplate.java:723)
	at org.springframework.jdbc.core.JdbcTemplate.query(JdbcTemplate.java:754)
	at org.springframework.jdbc.core.JdbcTemplate.query(JdbcTemplate.java:767)
	at org.springframework.jdbc.core.JdbcTemplate.query(JdbcTemplate.java:820)
	at org.springframework.jdbc.core.JdbcTemplate.queryForList(JdbcTemplate.java:952)
	at com.chinacreator.gzcm.engine.cognitive2.service.EvidenceStore.list(EvidenceStore.java:120)
	at com.chinacreator.gzcm.engine.cognitive2.service.CognitiveEvidenceService.list(CognitiveEvidenceService.java:148)
	at com.chinacreator.gzcm.engine.cognitive2.service.mental.MentalScanTask.scanOnce(MentalScanTask.java:94)
	at com.chinacreator.gzcm.engine.cognitive2.service.mental.MentalScanTask$MentalScanTaskExecutor.execute(MentalScanTask.java:163)
	at com.chinacreator.gzcm.runtime.core.task.service.impl.TaskManagementServiceImpl.executeTask(TaskManagementServiceImpl.java:204)
	at com.chinacreator.gzcm.runtime.core.task.service.impl.TaskManagementServiceImpl.submitAndExecute(TaskManagementServiceImpl.java:343)
	at com.chinacreator.gzcm.runtime.core.task.scheduling.TaskSchedulerServiceImpl.executeTask(TaskSchedulerServiceImpl.java:322)
	at com.chinacreator.gzcm.runtime.core.task.scheduling.TaskSchedulerServiceImpl.lambda$schedulePeriodicTask$3(TaskSchedulerServiceImpl.java:231)
	at java.base/java.util.concurrent.Executors$RunnableAdapter.call(Executors.java:539)
	at java.base/java.util.concurrent.FutureTask.runAndReset(FutureTask.java:305)
	at java.base/java.util.concurrent.ScheduledThreadPoolExecutor$ScheduledFutureTask.run(ScheduledThreadPoolExecutor.java:305)
	at java.base/java.util.concurrent.ThreadPoolExecutor.runWorker(ThreadPoolExecutor.java:1136)
	at java.base/java.util.concurrent.ThreadPoolExecutor$Worker.run(ThreadPoolExecutor.java:635)
	at java.base/java.lang.Thread.run(Thread.java:840)
Caused by: java.sql.SQLException: HikariDataSource HikariDataSource (AimingHikariCP) has been closed.
	at com.zaxxer.hikari.HikariDataSource.getConnection(HikariDataSource.java:96)
	at org.springframework.jdbc.datasource.DataSourceUtils.fetchConnection(DataSourceUtils.java:160)
	at org.springframework.jdbc.datasource.DataSourceUtils.doGetConnection(DataSourceUtils.java:118)
	at org.springframework.jdbc.datasource.DataSourceUtils.getConnection(DataSourceUtils.java:81)
	... 20 common frames omitted
2026-10-02 15:36:34.471 [pool-3-thread-3] [] WARN  c.c.g.r.c.t.c.AgentCronTaskExecutor - AgentCronTaskExecutor.onError: taskId=a2731d5d-92a0-4dcc-8651-8295b1cdc1f4, error=cognitive mental scan failed
2026-10-02 15:36:34.471 [pool-3-thread-3] [] WARN  c.c.g.r.c.t.s.TaskSchedulerServiceImpl - 定时任务提交失败 taskId=a2731d5d-92a0-4dcc-8651-8295b1cdc1f4 scheduleId=c75431f7-3451-4a76-af7c-6089a4e233ae: Task execution failed: cognitive mental scan failed
2026-10-02 15:46:34.459 [pool-3-thread-3] [] INFO  c.c.g.r.c.t.s.i.TaskManagementServiceImpl - 任务已提交: taskId=a2731d5d-92a0-4dcc-8651-8295b1cdc1f4, taskName=cognitive-mental-scan
2026-10-02 15:46:34.472 [pool-3-thread-3] [] INFO  c.c.g.r.c.t.s.i.TaskManagementServiceImpl - 任务已解析: taskId=a2731d5d-92a0-4dcc-8651-8295b1cdc1f4
2026-10-02 15:46:34.473 [pool-3-thread-3] [] ERROR c.c.g.e.c.s.mental.MentalScanTask - PMO-59 心智层补算任务执行失败: Failed to obtain JDBC Connection
org.springframework.jdbc.CannotGetJdbcConnectionException: Failed to obtain JDBC Connection
	at org.springframework.jdbc.datasource.DataSourceUtils.getConnection(DataSourceUtils.java:84)
	at org.springframework.jdbc.core.JdbcTemplate.execute(JdbcTemplate.java:653)
	at org.springframework.jdbc.core.JdbcTemplate.query(JdbcTemplate.java:723)
	at org.springframework.jdbc.core.JdbcTemplate.query(JdbcTemplate.java:754)
	at org.springframework.jdbc.core.JdbcTemplate.query(JdbcTemplate.java:767)
	at org.springframework.jdbc.core.JdbcTemplate.query(JdbcTemplate.java:820)
	at org.springframework.jdbc.core.JdbcTemplate.queryForList(JdbcTemplate.java:952)
	at com.chinacreator.gzcm.engine.cognitive2.service.EvidenceStore.list(EvidenceStore.java:120)
	at com.chinacreator.gzcm.engine.cognitive2.service.CognitiveEvidenceService.list(CognitiveEvidenceService.java:148)
	at com.chinacreator.gzcm.engine.cognitive2.service.mental.MentalScanTask.scanOnce(MentalScanTask.java:94)
	at com.chinacreator.gzcm.engine.cognitive2.service.mental.MentalScanTask$MentalScanTaskExecutor.execute(MentalScanTask.java:163)
	at com.chinacreator.gzcm.runtime.core.task.service.impl.TaskManagementServiceImpl.executeTask(TaskManagementServiceImpl.java:204)
	at com.chinacreator.gzcm.runtime.core.task.service.impl.TaskManagementServiceImpl.submitAndExecute(TaskManagementServiceImpl.java:343)
	at com.chinacreator.gzcm.runtime.core.task.scheduling.TaskSchedulerServiceImpl.executeTask(TaskSchedulerServiceImpl.java:322)
	at com.chinacreator.gzcm.runtime.core.task.scheduling.TaskSchedulerServiceImpl.lambda$schedulePeriodicTask$3(TaskSchedulerServiceImpl.java:231)
	at java.base/java.util.concurrent.Executors$RunnableAdapter.call(Executors.java:539)
	at java.base/java.util.concurrent.FutureTask.runAndReset(FutureTask.java:305)
	at java.base/java.util.concurrent.ScheduledThreadPoolExecutor$ScheduledFutureTask.run(ScheduledThreadPoolExecutor.java:305)
	at java.base/java.util.concurrent.ThreadPoolExecutor.runWorker(ThreadPoolExecutor.java:1136)
	at java.base/java.util.concurrent.ThreadPoolExecutor$Worker.run(ThreadPoolExecutor.java:635)
	at java.base/java.lang.Thread.run(Thread.java:840)
Caused by: java.sql.SQLException: HikariDataSource HikariDataSource (AimingHikariCP) has been closed.
	at com.zaxxer.hikari.HikariDataSource.getConnection(HikariDataSource.java:96)
	at org.springframework.jdbc.datasource.DataSourceUtils.fetchConnection(DataSourceUtils.java:160)
	at org.springframework.jdbc.datasource.DataSourceUtils.doGetConnection(DataSourceUtils.java:118)
	at org.springframework.jdbc.datasource.DataSourceUtils.getConnection(DataSourceUtils.java:81)
	... 20 common frames omitted
2026-10-02 15:46:34.474 [pool-3-thread-3] [] WARN  c.c.g.r.c.t.c.AgentCronTaskExecutor - AgentCronTaskExecutor.onError: taskId=a2731d5d-92a0-4dcc-8651-8295b1cdc1f4, error=cognitive mental scan failed
2026-10-02 15:46:34.476 [pool-3-thread-3] [] WARN  c.c.g.r.c.t.s.TaskSchedulerServiceImpl - 定时任务提交失败 taskId=a2731d5d-92a0-4dcc-8651-8295b1cdc1f4 scheduleId=c75431f7-3451-4a76-af7c-6089a4e233ae: Task execution failed: cognitive mental scan failed
2026-10-02 15:56:34.470 [pool-3-thread-3] [] INFO  c.c.g.r.c.t.s.i.TaskManagementServiceImpl - 任务已提交: taskId=a2731d5d-92a0-4dcc-8651-8295b1cdc1f4, taskName=cognitive-mental-scan
2026-10-02 15:56:34.479 [pool-3-thread-3] [] INFO  c.c.g.r.c.t.s.i.TaskManagementServiceImpl - 任务已解析: taskId=a2731d5d-92a0-4dcc-8651-8295b1cdc1f4
2026-10-02 15:56:34.491 [pool-3-thread-3] [] ERROR c.c.g.e.c.s.mental.MentalScanTask - PMO-59 心智层补算任务执行失败: Failed to obtain JDBC Connection
org.springframework.jdbc.CannotGetJdbcConnectionException: Failed to obtain JDBC Connection
	at org.springframework.jdbc.datasource.DataSourceUtils.getConnection(DataSourceUtils.java:84)
	at org.springframework.jdbc.core.JdbcTemplate.execute(JdbcTemplate.java:653)
	at org.springframework.jdbc.core.JdbcTemplate.query(JdbcTemplate.java:723)
	at org.springframework.jdbc.core.JdbcTemplate.query(JdbcTemplate.java:754)
	at org.springframework.jdbc.core.JdbcTemplate.query(JdbcTemplate.java:767)
	at org.springframework.jdbc.core.JdbcTemplate.query(JdbcTemplate.java:820)
	at org.springframework.jdbc.core.JdbcTemplate.queryForList(JdbcTemplate.java:952)
	at com.chinacreator.gzcm.engine.cognitive2.service.EvidenceStore.list(EvidenceStore.java:120)
	at com.chinacreator.gzcm.engine.cognitive2.service.CognitiveEvidenceService.list(CognitiveEvidenceService.java:148)
	at com.chinacreator.gzcm.engine.cognitive2.service.mental.MentalScanTask.scanOnce(MentalScanTask.java:94)
	at com.chinacreator.gzcm.engine.cognitive2.service.mental.MentalScanTask$MentalScanTaskExecutor.execute(MentalScanTask.java:163)
	at com.chinacreator.gzcm.runtime.core.task.service.impl.TaskManagementServiceImpl.executeTask(TaskManagementServiceImpl.java:204)
	at com.chinacreator.gzcm.runtime.core.task.service.impl.TaskManagementServiceImpl.submitAndExecute(TaskManagementServiceImpl.java:343)
	at com.chinacreator.gzcm.runtime.core.task.scheduling.TaskSchedulerServiceImpl.executeTask(TaskSchedulerServiceImpl.java:322)
	at com.chinacreator.gzcm.runtime.core.task.scheduling.TaskSchedulerServiceImpl.lambda$schedulePeriodicTask$3(TaskSchedulerServiceImpl.java:231)
	at java.base/java.util.concurrent.Executors$RunnableAdapter.call(Executors.java:539)
	at java.base/java.util.concurrent.FutureTask.runAndReset(FutureTask.java:305)
	at java.base/java.util.concurrent.ScheduledThreadPoolExecutor$ScheduledFutureTask.run(ScheduledThreadPoolExecutor.java:305)
	at java.base/java.util.concurrent.ThreadPoolExecutor.runWorker(ThreadPoolExecutor.java:1136)
	at java.base/java.util.concurrent.ThreadPoolExecutor$Worker.run(ThreadPoolExecutor.java:635)
	at java.base/java.lang.Thread.run(Thread.java:840)
Caused by: java.sql.SQLException: HikariDataSource HikariDataSource (AimingHikariCP) has been closed.
	at com.zaxxer.hikari.HikariDataSource.getConnection(HikariDataSource.java:96)
	at org.springframework.jdbc.datasource.DataSourceUtils.fetchConnection(DataSourceUtils.java:160)
	at org.springframework.jdbc.datasource.DataSourceUtils.doGetConnection(DataSourceUtils.java:118)
	at org.springframework.jdbc.datasource.DataSourceUtils.getConnection(DataSourceUtils.java:81)
	... 20 common frames omitted
2026-10-02 15:56:34.503 [pool-3-thread-3] [] WARN  c.c.g.r.c.t.c.AgentCronTaskExecutor - AgentCronTaskExecutor.onError: taskId=a2731d5d-92a0-4dcc-8651-8295b1cdc1f4, error=cognitive mental scan failed
2026-10-02 15:56:34.513 [pool-3-thread-3] [] WARN  c.c.g.r.c.t.s.TaskSchedulerServiceImpl - 定时任务提交失败 taskId=a2731d5d-92a0-4dcc-8651-8295b1cdc1f4 scheduleId=c75431f7-3451-4a76-af7c-6089a4e233ae: Task execution failed: cognitive mental scan failed
2026-10-02 16:06:34.470 [pool-3-thread-3] [] INFO  c.c.g.r.c.t.s.i.TaskManagementServiceImpl - 任务已提交: taskId=a2731d5d-92a0-4dcc-8651-8295b1cdc1f4, taskName=cognitive-mental-scan
2026-10-02 16:06:34.472 [pool-3-thread-3] [] INFO  c.c.g.r.c.t.s.i.TaskManagementServiceImpl - 任务已解析: taskId=a2731d5d-92a0-4dcc-8651-8295b1cdc1f4
2026-10-02 16:06:34.473 [pool-3-thread-3] [] ERROR c.c.g.e.c.s.mental.MentalScanTask - PMO-59 心智层补算任务执行失败: Failed to obtain JDBC Connection
org.springframework.jdbc.CannotGetJdbcConnectionException: Failed to obtain JDBC Connection
	at org.springframework.jdbc.datasource.DataSourceUtils.getConnection(DataSourceUtils.java:84)
	at org.springframework.jdbc.core.JdbcTemplate.execute(JdbcTemplate.java:653)
	at org.springframework.jdbc.core.JdbcTemplate.query(JdbcTemplate.java:723)
	at org.springframework.jdbc.core.JdbcTemplate.query(JdbcTemplate.java:754)
	at org.springframework.jdbc.core.JdbcTemplate.query(JdbcTemplate.java:767)
	at org.springframework.jdbc.core.JdbcTemplate.query(JdbcTemplate.java:820)
	at org.springframework.jdbc.core.JdbcTemplate.queryForList(JdbcTemplate.java:952)
	at com.chinacreator.gzcm.engine.cognitive2.service.EvidenceStore.list(EvidenceStore.java:120)
	at com.chinacreator.gzcm.engine.cognitive2.service.CognitiveEvidenceService.list(CognitiveEvidenceService.java:148)
	at com.chinacreator.gzcm.engine.cognitive2.service.mental.MentalScanTask.scanOnce(MentalScanTask.java:94)
	at com.chinacreator.gzcm.engine.cognitive2.service.mental.MentalScanTask$MentalScanTaskExecutor.execute(MentalScanTask.java:163)
	at com.chinacreator.gzcm.runtime.core.task.service.impl.TaskManagementServiceImpl.executeTask(TaskManagementServiceImpl.java:204)
	at com.chinacreator.gzcm.runtime.core.task.service.impl.TaskManagementServiceImpl.submitAndExecute(TaskManagementServiceImpl.java:343)
	at com.chinacreator.gzcm.runtime.core.task.scheduling.TaskSchedulerServiceImpl.executeTask(TaskSchedulerServiceImpl.java:322)
	at com.chinacreator.gzcm.runtime.core.task.scheduling.TaskSchedulerServiceImpl.lambda$schedulePeriodicTask$3(TaskSchedulerServiceImpl.java:231)
	at java.base/java.util.concurrent.Executors$RunnableAdapter.call(Executors.java:539)
	at java.base/java.util.concurrent.FutureTask.runAndReset(FutureTask.java:305)
	at java.base/java.util.concurrent.ScheduledThreadPoolExecutor$ScheduledFutureTask.run(ScheduledThreadPoolExecutor.java:305)
	at java.base/java.util.concurrent.ThreadPoolExecutor.runWorker(ThreadPoolExecutor.java:1136)
	at java.base/java.util.concurrent.ThreadPoolExecutor$Worker.run(ThreadPoolExecutor.java:635)
	at java.base/java.lang.Thread.run(Thread.java:840)
Caused by: java.sql.SQLException: HikariDataSource HikariDataSource (AimingHikariCP) has been closed.
	at com.zaxxer.hikari.HikariDataSource.getConnection(HikariDataSource.java:96)
	at org.springframework.jdbc.datasource.DataSourceUtils.fetchConnection(DataSourceUtils.java:160)
	at org.springframework.jdbc.datasource.DataSourceUtils.doGetConnection(DataSourceUtils.java:118)
	at org.springframework.jdbc.datasource.DataSourceUtils.getConnection(DataSourceUtils.java:81)
	... 20 common frames omitted
2026-10-02 16:06:34.474 [pool-3-thread-3] [] WARN  c.c.g.r.c.t.c.AgentCronTaskExecutor - AgentCronTaskExecutor.onError: taskId=a2731d5d-92a0-4dcc-8651-8295b1cdc1f4, error=cognitive mental scan failed
2026-10-02 16:06:34.475 [pool-3-thread-3] [] WARN  c.c.g.r.c.t.s.TaskSchedulerServiceImpl - 定时任务提交失败 taskId=a2731d5d-92a0-4dcc-8651-8295b1cdc1f4 scheduleId=c75431f7-3451-4a76-af7c-6089a4e233ae: Task execution failed: cognitive mental scan failed
2026-10-02 16:16:34.468 [pool-3-thread-3] [] INFO  c.c.g.r.c.t.s.i.TaskManagementServiceImpl - 任务已提交: taskId=a2731d5d-92a0-4dcc-8651-8295b1cdc1f4, taskName=cognitive-mental-scan
2026-10-02 16:16:34.471 [pool-3-thread-3] [] INFO  c.c.g.r.c.t.s.i.TaskManagementServiceImpl - 任务已解析: taskId=a2731d5d-92a0-4dcc-8651-8295b1cdc1f4
2026-10-02 16:16:34.472 [pool-3-thread-3] [] ERROR c.c.g.e.c.s.mental.MentalScanTask - PMO-59 心智层补算任务执行失败: Failed to obtain JDBC Connection
org.springframework.jdbc.CannotGetJdbcConnectionException: Failed to obtain JDBC Connection
	at org.springframework.jdbc.datasource.DataSourceUtils.getConnection(DataSourceUtils.java:84)
	at org.springframework.jdbc.core.JdbcTemplate.execute(JdbcTemplate.java:653)
	at org.springframework.jdbc.core.JdbcTemplate.query(JdbcTemplate.java:723)
	at org.springframework.jdbc.core.JdbcTemplate.query(JdbcTemplate.java:754)
	at org.springframework.jdbc.core.JdbcTemplate.query(JdbcTemplate.java:767)
	at org.springframework.jdbc.core.JdbcTemplate.query(JdbcTemplate.java:820)
	at org.springframework.jdbc.core.JdbcTemplate.queryForList(JdbcTemplate.java:952)
	at com.chinacreator.gzcm.engine.cognitive2.service.EvidenceStore.list(EvidenceStore.java:120)
	at com.chinacreator.gzcm.engine.cognitive2.service.CognitiveEvidenceService.list(CognitiveEvidenceService.java:148)
	at com.chinacreator.gzcm.engine.cognitive2.service.mental.MentalScanTask.scanOnce(MentalScanTask.java:94)
	at com.chinacreator.gzcm.engine.cognitive2.service.mental.MentalScanTask$MentalScanTaskExecutor.execute(MentalScanTask.java:163)
	at com.chinacreator.gzcm.runtime.core.task.service.impl.TaskManagementServiceImpl.executeTask(TaskManagementServiceImpl.java:204)
	at com.chinacreator.gzcm.runtime.core.task.service.impl.TaskManagementServiceImpl.submitAndExecute(TaskManagementServiceImpl.java:343)
	at com.chinacreator.gzcm.runtime.core.task.scheduling.TaskSchedulerServiceImpl.executeTask(TaskSchedulerServiceImpl.java:322)
	at com.chinacreator.gzcm.runtime.core.task.scheduling.TaskSchedulerServiceImpl.lambda$schedulePeriodicTask$3(TaskSchedulerServiceImpl.java:231)
	at java.base/java.util.concurrent.Executors$RunnableAdapter.call(Executors.java:539)
	at java.base/java.util.concurrent.FutureTask.runAndReset(FutureTask.java:305)
	at java.base/java.util.concurrent.ScheduledThreadPoolExecutor$ScheduledFutureTask.run(ScheduledThreadPoolExecutor.java:305)
	at java.base/java.util.concurrent.ThreadPoolExecutor.runWorker(ThreadPoolExecutor.java:1136)
	at java.base/java.util.concurrent.ThreadPoolExecutor$Worker.run(ThreadPoolExecutor.java:635)
	at java.base/java.lang.Thread.run(Thread.java:840)
Caused by: java.sql.SQLException: HikariDataSource HikariDataSource (AimingHikariCP) has been closed.
	at com.zaxxer.hikari.HikariDataSource.getConnection(HikariDataSource.java:96)
	at org.springframework.jdbc.datasource.DataSourceUtils.fetchConnection(DataSourceUtils.java:160)
	at org.springframework.jdbc.datasource.DataSourceUtils.doGetConnection(DataSourceUtils.java:118)
	at org.springframework.jdbc.datasource.DataSourceUtils.getConnection(DataSourceUtils.java:81)
	... 20 common frames omitted
2026-10-02 16:16:34.474 [pool-3-thread-3] [] WARN  c.c.g.r.c.t.c.AgentCronTaskExecutor - AgentCronTaskExecutor.onError: taskId=a2731d5d-92a0-4dcc-8651-8295b1cdc1f4, error=cognitive mental scan failed
2026-10-02 16:16:34.475 [pool-3-thread-3] [] WARN  c.c.g.r.c.t.s.TaskSchedulerServiceImpl - 定时任务提交失败 taskId=a2731d5d-92a0-4dcc-8651-8295b1cdc1f4 scheduleId=c75431f7-3451-4a76-af7c-6089a4e233ae: Task execution failed: cognitive mental scan failed
2026-10-02 16:26:34.469 [pool-3-thread-3] [] INFO  c.c.g.r.c.t.s.i.TaskManagementServiceImpl - 任务已提交: taskId=a2731d5d-92a0-4dcc-8651-8295b1cdc1f4, taskName=cognitive-mental-scan
2026-10-02 16:26:34.472 [pool-3-thread-3] [] INFO  c.c.g.r.c.t.s.i.TaskManagementServiceImpl - 任务已解析: taskId=a2731d5d-92a0-4dcc-8651-8295b1cdc1f4
2026-10-02 16:26:34.475 [pool-3-thread-3] [] ERROR c.c.g.e.c.s.mental.MentalScanTask - PMO-59 心智层补算任务执行失败: Failed to obtain JDBC Connection
org.springframework.jdbc.CannotGetJdbcConnectionException: Failed to obtain JDBC Connection
	at org.springframework.jdbc.datasource.DataSourceUtils.getConnection(DataSourceUtils.java:84)
	at org.springframework.jdbc.core.JdbcTemplate.execute(JdbcTemplate.java:653)
	at org.springframework.jdbc.core.JdbcTemplate.query(JdbcTemplate.java:723)
	at org.springframework.jdbc.core.JdbcTemplate.query(JdbcTemplate.java:754)
	at org.springframework.jdbc.core.JdbcTemplate.query(JdbcTemplate.java:767)
	at org.springframework.jdbc.core.JdbcTemplate.query(JdbcTemplate.java:820)
	at org.springframework.jdbc.core.JdbcTemplate.queryForList(JdbcTemplate.java:952)
	at com.chinacreator.gzcm.engine.cognitive2.service.EvidenceStore.list(EvidenceStore.java:120)
	at com.chinacreator.gzcm.engine.cognitive2.service.CognitiveEvidenceService.list(CognitiveEvidenceService.java:148)
	at com.chinacreator.gzcm.engine.cognitive2.service.mental.MentalScanTask.scanOnce(MentalScanTask.java:94)
	at com.chinacreator.gzcm.engine.cognitive2.service.mental.MentalScanTask$MentalScanTaskExecutor.execute(MentalScanTask.java:163)
	at com.chinacreator.gzcm.runtime.core.task.service.impl.TaskManagementServiceImpl.executeTask(TaskManagementServiceImpl.java:204)
	at com.chinacreator.gzcm.runtime.core.task.service.impl.TaskManagementServiceImpl.submitAndExecute(TaskManagementServiceImpl.java:343)
	at com.chinacreator.gzcm.runtime.core.task.scheduling.TaskSchedulerServiceImpl.executeTask(TaskSchedulerServiceImpl.java:322)
	at com.chinacreator.gzcm.runtime.core.task.scheduling.TaskSchedulerServiceImpl.lambda$schedulePeriodicTask$3(TaskSchedulerServiceImpl.java:231)
	at java.base/java.util.concurrent.Executors$RunnableAdapter.call(Executors.java:539)
	at java.base/java.util.concurrent.FutureTask.runAndReset(FutureTask.java:305)
	at java.base/java.util.concurrent.ScheduledThreadPoolExecutor$ScheduledFutureTask.run(ScheduledThreadPoolExecutor.java:305)
	at java.base/java.util.concurrent.ThreadPoolExecutor.runWorker(ThreadPoolExecutor.java:1136)
	at java.base/java.util.concurrent.ThreadPoolExecutor$Worker.run(ThreadPoolExecutor.java:635)
	at java.base/java.lang.Thread.run(Thread.java:840)
Caused by: java.sql.SQLException: HikariDataSource HikariDataSource (AimingHikariCP) has been closed.
	at com.zaxxer.hikari.HikariDataSource.getConnection(HikariDataSource.java:96)
	at org.springframework.jdbc.datasource.DataSourceUtils.fetchConnection(DataSourceUtils.java:160)
	at org.springframework.jdbc.datasource.DataSourceUtils.doGetConnection(DataSourceUtils.java:118)
	at org.springframework.jdbc.datasource.DataSourceUtils.getConnection(DataSourceUtils.java:81)
	... 20 common frames omitted
2026-10-02 16:26:34.478 [pool-3-thread-3] [] WARN  c.c.g.r.c.t.c.AgentCronTaskExecutor - AgentCronTaskExecutor.onError: taskId=a2731d5d-92a0-4dcc-8651-8295b1cdc1f4, error=cognitive mental scan failed
2026-10-02 16:26:34.480 [pool-3-thread-3] [] WARN  c.c.g.r.c.t.s.TaskSchedulerServiceImpl - 定时任务提交失败 taskId=a2731d5d-92a0-4dcc-8651-8295b1cdc1f4 scheduleId=c75431f7-3451-4a76-af7c-6089a4e233ae: Task execution failed: cognitive mental scan failed
2026-10-02 16:36:34.463 [pool-3-thread-3] [] INFO  c.c.g.r.c.t.s.i.TaskManagementServiceImpl - 任务已提交: taskId=a2731d5d-92a0-4dcc-8651-8295b1cdc1f4, taskName=cognitive-mental-scan
2026-10-02 16:36:34.474 [pool-3-thread-3] [] INFO  c.c.g.r.c.t.s.i.TaskManagementServiceImpl - 任务已解析: taskId=a2731d5d-92a0-4dcc-8651-8295b1cdc1f4
2026-10-02 16:36:34.486 [pool-3-thread-3] [] ERROR c.c.g.e.c.s.mental.MentalScanTask - PMO-59 心智层补算任务执行失败: Failed to obtain JDBC Connection
org.springframework.jdbc.CannotGetJdbcConnectionException: Failed to obtain JDBC Connection
	at org.springframework.jdbc.datasource.DataSourceUtils.getConnection(DataSourceUtils.java:84)
	at org.springframework.jdbc.core.JdbcTemplate.execute(JdbcTemplate.java:653)
	at org.springframework.jdbc.core.JdbcTemplate.query(JdbcTemplate.java:723)
	at org.springframework.jdbc.core.JdbcTemplate.query(JdbcTemplate.java:754)
	at org.springframework.jdbc.core.JdbcTemplate.query(JdbcTemplate.java:767)
	at org.springframework.jdbc.core.JdbcTemplate.query(JdbcTemplate.java:820)
	at org.springframework.jdbc.core.JdbcTemplate.queryForList(JdbcTemplate.java:952)
	at com.chinacreator.gzcm.engine.cognitive2.service.EvidenceStore.list(EvidenceStore.java:120)
	at com.chinacreator.gzcm.engine.cognitive2.service.CognitiveEvidenceService.list(CognitiveEvidenceService.java:148)
	at com.chinacreator.gzcm.engine.cognitive2.service.mental.MentalScanTask.scanOnce(MentalScanTask.java:94)
	at com.chinacreator.gzcm.engine.cognitive2.service.mental.MentalScanTask$MentalScanTaskExecutor.execute(MentalScanTask.java:163)
	at com.chinacreator.gzcm.runtime.core.task.service.impl.TaskManagementServiceImpl.executeTask(TaskManagementServiceImpl.java:204)
	at com.chinacreator.gzcm.runtime.core.task.service.impl.TaskManagementServiceImpl.submitAndExecute(TaskManagementServiceImpl.java:343)
	at com.chinacreator.gzcm.runtime.core.task.scheduling.TaskSchedulerServiceImpl.executeTask(TaskSchedulerServiceImpl.java:322)
	at com.chinacreator.gzcm.runtime.core.task.scheduling.TaskSchedulerServiceImpl.lambda$schedulePeriodicTask$3(TaskSchedulerServiceImpl.java:231)
	at java.base/java.util.concurrent.Executors$RunnableAdapter.call(Executors.java:539)
	at java.base/java.util.concurrent.FutureTask.runAndReset(FutureTask.java:305)
	at java.base/java.util.concurrent.ScheduledThreadPoolExecutor$ScheduledFutureTask.run(ScheduledThreadPoolExecutor.java:305)
	at java.base/java.util.concurrent.ThreadPoolExecutor.runWorker(ThreadPoolExecutor.java:1136)
	at java.base/java.util.concurrent.ThreadPoolExecutor$Worker.run(ThreadPoolExecutor.java:635)
	at java.base/java.lang.Thread.run(Thread.java:840)
Caused by: java.sql.SQLException: HikariDataSource HikariDataSource (AimingHikariCP) has been closed.
	at com.zaxxer.hikari.HikariDataSource.getConnection(HikariDataSource.java:96)
	at org.springframework.jdbc.datasource.DataSourceUtils.fetchConnection(DataSourceUtils.java:160)
	at org.springframework.jdbc.datasource.DataSourceUtils.doGetConnection(DataSourceUtils.java:118)
	at org.springframework.jdbc.datasource.DataSourceUtils.getConnection(DataSourceUtils.java:81)
	... 20 common frames omitted
2026-10-02 16:36:34.504 [pool-3-thread-3] [] WARN  c.c.g.r.c.t.c.AgentCronTaskExecutor - AgentCronTaskExecutor.onError: taskId=a2731d5d-92a0-4dcc-8651-8295b1cdc1f4, error=cognitive mental scan failed
2026-10-02 16:36:34.513 [pool-3-thread-3] [] WARN  c.c.g.r.c.t.s.TaskSchedulerServiceImpl - 定时任务提交失败 taskId=a2731d5d-92a0-4dcc-8651-8295b1cdc1f4 scheduleId=c75431f7-3451-4a76-af7c-6089a4e233ae: Task execution failed: cognitive mental scan failed
2026-10-02 16:46:34.463 [pool-3-thread-3] [] INFO  c.c.g.r.c.t.s.i.TaskManagementServiceImpl - 任务已提交: taskId=a2731d5d-92a0-4dcc-8651-8295b1cdc1f4, taskName=cognitive-mental-scan
2026-10-02 16:46:34.466 [pool-3-thread-3] [] INFO  c.c.g.r.c.t.s.i.TaskManagementServiceImpl - 任务已解析: taskId=a2731d5d-92a0-4dcc-8651-8295b1cdc1f4
2026-10-02 16:46:34.467 [pool-3-thread-3] [] ERROR c.c.g.e.c.s.mental.MentalScanTask - PMO-59 心智层补算任务执行失败: Failed to obtain JDBC Connection
org.springframework.jdbc.CannotGetJdbcConnectionException: Failed to obtain JDBC Connection
	at org.springframework.jdbc.datasource.DataSourceUtils.getConnection(DataSourceUtils.java:84)
	at org.springframework.jdbc.core.JdbcTemplate.execute(JdbcTemplate.java:653)
	at org.springframework.jdbc.core.JdbcTemplate.query(JdbcTemplate.java:723)
	at org.springframework.jdbc.core.JdbcTemplate.query(JdbcTemplate.java:754)
	at org.springframework.jdbc.core.JdbcTemplate.query(JdbcTemplate.java:767)
	at org.springframework.jdbc.core.JdbcTemplate.query(JdbcTemplate.java:820)
	at org.springframework.jdbc.core.JdbcTemplate.queryForList(JdbcTemplate.java:952)
	at com.chinacreator.gzcm.engine.cognitive2.service.EvidenceStore.list(EvidenceStore.java:120)
	at com.chinacreator.gzcm.engine.cognitive2.service.CognitiveEvidenceService.list(CognitiveEvidenceService.java:148)
	at com.chinacreator.gzcm.engine.cognitive2.service.mental.MentalScanTask.scanOnce(MentalScanTask.java:94)
	at com.chinacreator.gzcm.engine.cognitive2.service.mental.MentalScanTask$MentalScanTaskExecutor.execute(MentalScanTask.java:163)
	at com.chinacreator.gzcm.runtime.core.task.service.impl.TaskManagementServiceImpl.executeTask(TaskManagementServiceImpl.java:204)
	at com.chinacreator.gzcm.runtime.core.task.service.impl.TaskManagementServiceImpl.submitAndExecute(TaskManagementServiceImpl.java:343)
	at com.chinacreator.gzcm.runtime.core.task.scheduling.TaskSchedulerServiceImpl.executeTask(TaskSchedulerServiceImpl.java:322)
	at com.chinacreator.gzcm.runtime.core.task.scheduling.TaskSchedulerServiceImpl.lambda$schedulePeriodicTask$3(TaskSchedulerServiceImpl.java:231)
	at java.base/java.util.concurrent.Executors$RunnableAdapter.call(Executors.java:539)
	at java.base/java.util.concurrent.FutureTask.runAndReset(FutureTask.java:305)
	at java.base/java.util.concurrent.ScheduledThreadPoolExecutor$ScheduledFutureTask.run(ScheduledThreadPoolExecutor.java:305)
	at java.base/java.util.concurrent.ThreadPoolExecutor.runWorker(ThreadPoolExecutor.java:1136)
	at java.base/java.util.concurrent.ThreadPoolExecutor$Worker.run(ThreadPoolExecutor.java:635)
	at java.base/java.lang.Thread.run(Thread.java:840)
Caused by: java.sql.SQLException: HikariDataSource HikariDataSource (AimingHikariCP) has been closed.
	at com.zaxxer.hikari.HikariDataSource.getConnection(HikariDataSource.java:96)
	at org.springframework.jdbc.datasource.DataSourceUtils.fetchConnection(DataSourceUtils.java:160)
	at org.springframework.jdbc.datasource.DataSourceUtils.doGetConnection(DataSourceUtils.java:118)
	at org.springframework.jdbc.datasource.DataSourceUtils.getConnection(DataSourceUtils.java:81)
	... 20 common frames omitted
2026-10-02 16:46:34.469 [pool-3-thread-3] [] WARN  c.c.g.r.c.t.c.AgentCronTaskExecutor - AgentCronTaskExecutor.onError: taskId=a2731d5d-92a0-4dcc-8651-8295b1cdc1f4, error=cognitive mental scan failed
2026-10-02 16:46:34.470 [pool-3-thread-3] [] WARN  c.c.g.r.c.t.s.TaskSchedulerServiceImpl - 定时任务提交失败 taskId=a2731d5d-92a0-4dcc-8651-8295b1cdc1f4 scheduleId=c75431f7-3451-4a76-af7c-6089a4e233ae: Task execution failed: cognitive mental scan failed
2026-10-02 16:56:34.470 [pool-3-thread-3] [] INFO  c.c.g.r.c.t.s.i.TaskManagementServiceImpl - 任务已提交: taskId=a2731d5d-92a0-4dcc-8651-8295b1cdc1f4, taskName=cognitive-mental-scan
2026-10-02 16:56:34.473 [pool-3-thread-3] [] INFO  c.c.g.r.c.t.s.i.TaskManagementServiceImpl - 任务已解析: taskId=a2731d5d-92a0-4dcc-8651-8295b1cdc1f4
2026-10-02 16:56:34.474 [pool-3-thread-3] [] ERROR c.c.g.e.c.s.mental.MentalScanTask - PMO-59 心智层补算任务执行失败: Failed to obtain JDBC Connection
org.springframework.jdbc.CannotGetJdbcConnectionException: Failed to obtain JDBC Connection
	at org.springframework.jdbc.datasource.DataSourceUtils.getConnection(DataSourceUtils.java:84)
	at org.springframework.jdbc.core.JdbcTemplate.execute(JdbcTemplate.java:653)
	at org.springframework.jdbc.core.JdbcTemplate.query(JdbcTemplate.java:723)
	at org.springframework.jdbc.core.JdbcTemplate.query(JdbcTemplate.java:754)
	at org.springframework.jdbc.core.JdbcTemplate.query(JdbcTemplate.java:767)
	at org.springframework.jdbc.core.JdbcTemplate.query(JdbcTemplate.java:820)
	at org.springframework.jdbc.core.JdbcTemplate.queryForList(JdbcTemplate.java:952)
	at com.chinacreator.gzcm.engine.cognitive2.service.EvidenceStore.list(EvidenceStore.java:120)
	at com.chinacreator.gzcm.engine.cognitive2.service.CognitiveEvidenceService.list(CognitiveEvidenceService.java:148)
	at com.chinacreator.gzcm.engine.cognitive2.service.mental.MentalScanTask.scanOnce(MentalScanTask.java:94)
	at com.chinacreator.gzcm.engine.cognitive2.service.mental.MentalScanTask$MentalScanTaskExecutor.execute(MentalScanTask.java:163)
	at com.chinacreator.gzcm.runtime.core.task.service.impl.TaskManagementServiceImpl.executeTask(TaskManagementServiceImpl.java:204)
	at com.chinacreator.gzcm.runtime.core.task.service.impl.TaskManagementServiceImpl.submitAndExecute(TaskManagementServiceImpl.java:343)
	at com.chinacreator.gzcm.runtime.core.task.scheduling.TaskSchedulerServiceImpl.executeTask(TaskSchedulerServiceImpl.java:322)
	at com.chinacreator.gzcm.runtime.core.task.scheduling.TaskSchedulerServiceImpl.lambda$schedulePeriodicTask$3(TaskSchedulerServiceImpl.java:231)
	at java.base/java.util.concurrent.Executors$RunnableAdapter.call(Executors.java:539)
	at java.base/java.util.concurrent.FutureTask.runAndReset(FutureTask.java:305)
	at java.base/java.util.concurrent.ScheduledThreadPoolExecutor$ScheduledFutureTask.run(ScheduledThreadPoolExecutor.java:305)
	at java.base/java.util.concurrent.ThreadPoolExecutor.runWorker(ThreadPoolExecutor.java:1136)
	at java.base/java.util.concurrent.ThreadPoolExecutor$Worker.run(ThreadPoolExecutor.java:635)
	at java.base/java.lang.Thread.run(Thread.java:840)
Caused by: java.sql.SQLException: HikariDataSource HikariDataSource (AimingHikariCP) has been closed.
	at com.zaxxer.hikari.HikariDataSource.getConnection(HikariDataSource.java:96)
	at org.springframework.jdbc.datasource.DataSourceUtils.fetchConnection(DataSourceUtils.java:160)
	at org.springframework.jdbc.datasource.DataSourceUtils.doGetConnection(DataSourceUtils.java:118)
	at org.springframework.jdbc.datasource.DataSourceUtils.getConnection(DataSourceUtils.java:81)
	... 20 common frames omitted
2026-10-02 16:56:34.476 [pool-3-thread-3] [] WARN  c.c.g.r.c.t.c.AgentCronTaskExecutor - AgentCronTaskExecutor.onError: taskId=a2731d5d-92a0-4dcc-8651-8295b1cdc1f4, error=cognitive mental scan failed
2026-10-02 16:56:34.478 [pool-3-thread-3] [] WARN  c.c.g.r.c.t.s.TaskSchedulerServiceImpl - 定时任务提交失败 taskId=a2731d5d-92a0-4dcc-8651-8295b1cdc1f4 scheduleId=c75431f7-3451-4a76-af7c-6089a4e233ae: Task execution failed: cognitive mental scan failed
2026-10-02 17:06:34.471 [pool-3-thread-3] [] INFO  c.c.g.r.c.t.s.i.TaskManagementServiceImpl - 任务已提交: taskId=a2731d5d-92a0-4dcc-8651-8295b1cdc1f4, taskName=cognitive-mental-scan
2026-10-02 17:06:34.483 [pool-3-thread-3] [] INFO  c.c.g.r.c.t.s.i.TaskManagementServiceImpl - 任务已解析: taskId=a2731d5d-92a0-4dcc-8651-8295b1cdc1f4
2026-10-02 17:06:34.484 [pool-3-thread-3] [] ERROR c.c.g.e.c.s.mental.MentalScanTask - PMO-59 心智层补算任务执行失败: Failed to obtain JDBC Connection
org.springframework.jdbc.CannotGetJdbcConnectionException: Failed to obtain JDBC Connection
	at org.springframework.jdbc.datasource.DataSourceUtils.getConnection(DataSourceUtils.java:84)
	at org.springframework.jdbc.core.JdbcTemplate.execute(JdbcTemplate.java:653)
	at org.springframework.jdbc.core.JdbcTemplate.query(JdbcTemplate.java:723)
	at org.springframework.jdbc.core.JdbcTemplate.query(JdbcTemplate.java:754)
	at org.springframework.jdbc.core.JdbcTemplate.query(JdbcTemplate.java:767)
	at org.springframework.jdbc.core.JdbcTemplate.query(JdbcTemplate.java:820)
	at org.springframework.jdbc.core.JdbcTemplate.queryForList(JdbcTemplate.java:952)
	at com.chinacreator.gzcm.engine.cognitive2.service.EvidenceStore.list(EvidenceStore.java:120)
	at com.chinacreator.gzcm.engine.cognitive2.service.CognitiveEvidenceService.list(CognitiveEvidenceService.java:148)
	at com.chinacreator.gzcm.engine.cognitive2.service.mental.MentalScanTask.scanOnce(MentalScanTask.java:94)
	at com.chinacreator.gzcm.engine.cognitive2.service.mental.MentalScanTask$MentalScanTaskExecutor.execute(MentalScanTask.java:163)
	at com.chinacreator.gzcm.runtime.core.task.service.impl.TaskManagementServiceImpl.executeTask(TaskManagementServiceImpl.java:204)
	at com.chinacreator.gzcm.runtime.core.task.service.impl.TaskManagementServiceImpl.submitAndExecute(TaskManagementServiceImpl.java:343)
	at com.chinacreator.gzcm.runtime.core.task.scheduling.TaskSchedulerServiceImpl.executeTask(TaskSchedulerServiceImpl.java:322)
	at com.chinacreator.gzcm.runtime.core.task.scheduling.TaskSchedulerServiceImpl.lambda$schedulePeriodicTask$3(TaskSchedulerServiceImpl.java:231)
	at java.base/java.util.concurrent.Executors$RunnableAdapter.call(Executors.java:539)
	at java.base/java.util.concurrent.FutureTask.runAndReset(FutureTask.java:305)
	at java.base/java.util.concurrent.ScheduledThreadPoolExecutor$ScheduledFutureTask.run(ScheduledThreadPoolExecutor.java:305)
	at java.base/java.util.concurrent.ThreadPoolExecutor.runWorker(ThreadPoolExecutor.java:1136)
	at java.base/java.util.concurrent.ThreadPoolExecutor$Worker.run(ThreadPoolExecutor.java:635)
	at java.base/java.lang.Thread.run(Thread.java:840)
Caused by: java.sql.SQLException: HikariDataSource HikariDataSource (AimingHikariCP) has been closed.
	at com.zaxxer.hikari.HikariDataSource.getConnection(HikariDataSource.java:96)
	at org.springframework.jdbc.datasource.DataSourceUtils.fetchConnection(DataSourceUtils.java:160)
	at org.springframework.jdbc.datasource.DataSourceUtils.doGetConnection(DataSourceUtils.java:118)
	at org.springframework.jdbc.datasource.DataSourceUtils.getConnection(DataSourceUtils.java:81)
	... 20 common frames omitted
2026-10-02 17:06:34.487 [pool-3-thread-3] [] WARN  c.c.g.r.c.t.c.AgentCronTaskExecutor - AgentCronTaskExecutor.onError: taskId=a2731d5d-92a0-4dcc-8651-8295b1cdc1f4, error=cognitive mental scan failed
2026-10-02 17:06:34.488 [pool-3-thread-3] [] WARN  c.c.g.r.c.t.s.TaskSchedulerServiceImpl - 定时任务提交失败 taskId=a2731d5d-92a0-4dcc-8651-8295b1cdc1f4 scheduleId=c75431f7-3451-4a76-af7c-6089a4e233ae: Task execution failed: cognitive mental scan failed
2026-10-02 17:16:34.469 [pool-3-thread-3] [] INFO  c.c.g.r.c.t.s.i.TaskManagementServiceImpl - 任务已提交: taskId=a2731d5d-92a0-4dcc-8651-8295b1cdc1f4, taskName=cognitive-mental-scan
2026-10-02 17:16:34.471 [pool-3-thread-3] [] INFO  c.c.g.r.c.t.s.i.TaskManagementServiceImpl - 任务已解析: taskId=a2731d5d-92a0-4dcc-8651-8295b1cdc1f4
2026-10-02 17:16:34.473 [pool-3-thread-3] [] ERROR c.c.g.e.c.s.mental.MentalScanTask - PMO-59 心智层补算任务执行失败: Failed to obtain JDBC Connection
org.springframework.jdbc.CannotGetJdbcConnectionException: Failed to obtain JDBC Connection
	at org.springframework.jdbc.datasource.DataSourceUtils.getConnection(DataSourceUtils.java:84)
	at org.springframework.jdbc.core.JdbcTemplate.execute(JdbcTemplate.java:653)
	at org.springframework.jdbc.core.JdbcTemplate.query(JdbcTemplate.java:723)
	at org.springframework.jdbc.core.JdbcTemplate.query(JdbcTemplate.java:754)
	at org.springframework.jdbc.core.JdbcTemplate.query(JdbcTemplate.java:767)
	at org.springframework.jdbc.core.JdbcTemplate.query(JdbcTemplate.java:820)
	at org.springframework.jdbc.core.JdbcTemplate.queryForList(JdbcTemplate.java:952)
	at com.chinacreator.gzcm.engine.cognitive2.service.EvidenceStore.list(EvidenceStore.java:120)
	at com.chinacreator.gzcm.engine.cognitive2.service.CognitiveEvidenceService.list(CognitiveEvidenceService.java:148)
	at com.chinacreator.gzcm.engine.cognitive2.service.mental.MentalScanTask.scanOnce(MentalScanTask.java:94)
	at com.chinacreator.gzcm.engine.cognitive2.service.mental.MentalScanTask$MentalScanTaskExecutor.execute(MentalScanTask.java:163)
	at com.chinacreator.gzcm.runtime.core.task.service.impl.TaskManagementServiceImpl.executeTask(TaskManagementServiceImpl.java:204)
	at com.chinacreator.gzcm.runtime.core.task.service.impl.TaskManagementServiceImpl.submitAndExecute(TaskManagementServiceImpl.java:343)
	at com.chinacreator.gzcm.runtime.core.task.scheduling.TaskSchedulerServiceImpl.executeTask(TaskSchedulerServiceImpl.java:322)
	at com.chinacreator.gzcm.runtime.core.task.scheduling.TaskSchedulerServiceImpl.lambda$schedulePeriodicTask$3(TaskSchedulerServiceImpl.java:231)
	at java.base/java.util.concurrent.Executors$RunnableAdapter.call(Executors.java:539)
	at java.base/java.util.concurrent.FutureTask.runAndReset(FutureTask.java:305)
	at java.base/java.util.concurrent.ScheduledThreadPoolExecutor$ScheduledFutureTask.run(ScheduledThreadPoolExecutor.java:305)
	at java.base/java.util.concurrent.ThreadPoolExecutor.runWorker(ThreadPoolExecutor.java:1136)
	at java.base/java.util.concurrent.ThreadPoolExecutor$Worker.run(ThreadPoolExecutor.java:635)
	at java.base/java.lang.Thread.run(Thread.java:840)
Caused by: java.sql.SQLException: HikariDataSource HikariDataSource (AimingHikariCP) has been closed.
	at com.zaxxer.hikari.HikariDataSource.getConnection(HikariDataSource.java:96)
	at org.springframework.jdbc.datasource.DataSourceUtils.fetchConnection(DataSourceUtils.java:160)
	at org.springframework.jdbc.datasource.DataSourceUtils.doGetConnection(DataSourceUtils.java:118)
	at org.springframework.jdbc.datasource.DataSourceUtils.getConnection(DataSourceUtils.java:81)
	... 20 common frames omitted
2026-10-02 17:16:34.476 [pool-3-thread-3] [] WARN  c.c.g.r.c.t.c.AgentCronTaskExecutor - AgentCronTaskExecutor.onError: taskId=a2731d5d-92a0-4dcc-8651-8295b1cdc1f4, error=cognitive mental scan failed
2026-10-02 17:16:34.477 [pool-3-thread-3] [] WARN  c.c.g.r.c.t.s.TaskSchedulerServiceImpl - 定时任务提交失败 taskId=a2731d5d-92a0-4dcc-8651-8295b1cdc1f4 scheduleId=c75431f7-3451-4a76-af7c-6089a4e233ae: Task execution failed: cognitive mental scan failed
2026-10-02 17:26:34.458 [pool-3-thread-3] [] INFO  c.c.g.r.c.t.s.i.TaskManagementServiceImpl - 任务已提交: taskId=a2731d5d-92a0-4dcc-8651-8295b1cdc1f4, taskName=cognitive-mental-scan
2026-10-02 17:26:34.460 [pool-3-thread-3] [] INFO  c.c.g.r.c.t.s.i.TaskManagementServiceImpl - 任务已解析: taskId=a2731d5d-92a0-4dcc-8651-8295b1cdc1f4
2026-10-02 17:26:34.462 [pool-3-thread-3] [] ERROR c.c.g.e.c.s.mental.MentalScanTask - PMO-59 心智层补算任务执行失败: Failed to obtain JDBC Connection
org.springframework.jdbc.CannotGetJdbcConnectionException: Failed to obtain JDBC Connection
	at org.springframework.jdbc.datasource.DataSourceUtils.getConnection(DataSourceUtils.java:84)
	at org.springframework.jdbc.core.JdbcTemplate.execute(JdbcTemplate.java:653)
	at org.springframework.jdbc.core.JdbcTemplate.query(JdbcTemplate.java:723)
	at org.springframework.jdbc.core.JdbcTemplate.query(JdbcTemplate.java:754)
	at org.springframework.jdbc.core.JdbcTemplate.query(JdbcTemplate.java:767)
	at org.springframework.jdbc.core.JdbcTemplate.query(JdbcTemplate.java:820)
	at org.springframework.jdbc.core.JdbcTemplate.queryForList(JdbcTemplate.java:952)
	at com.chinacreator.gzcm.engine.cognitive2.service.EvidenceStore.list(EvidenceStore.java:120)
	at com.chinacreator.gzcm.engine.cognitive2.service.CognitiveEvidenceService.list(CognitiveEvidenceService.java:148)
	at com.chinacreator.gzcm.engine.cognitive2.service.mental.MentalScanTask.scanOnce(MentalScanTask.java:94)
	at com.chinacreator.gzcm.engine.cognitive2.service.mental.MentalScanTask$MentalScanTaskExecutor.execute(MentalScanTask.java:163)
	at com.chinacreator.gzcm.runtime.core.task.service.impl.TaskManagementServiceImpl.executeTask(TaskManagementServiceImpl.java:204)
	at com.chinacreator.gzcm.runtime.core.task.service.impl.TaskManagementServiceImpl.submitAndExecute(TaskManagementServiceImpl.java:343)
	at com.chinacreator.gzcm.runtime.core.task.scheduling.TaskSchedulerServiceImpl.executeTask(TaskSchedulerServiceImpl.java:322)
	at com.chinacreator.gzcm.runtime.core.task.scheduling.TaskSchedulerServiceImpl.lambda$schedulePeriodicTask$3(TaskSchedulerServiceImpl.java:231)
	at java.base/java.util.concurrent.Executors$RunnableAdapter.call(Executors.java:539)
	at java.base/java.util.concurrent.FutureTask.runAndReset(FutureTask.java:305)
	at java.base/java.util.concurrent.ScheduledThreadPoolExecutor$ScheduledFutureTask.run(ScheduledThreadPoolExecutor.java:305)
	at java.base/java.util.concurrent.ThreadPoolExecutor.runWorker(ThreadPoolExecutor.java:1136)
	at java.base/java.util.concurrent.ThreadPoolExecutor$Worker.run(ThreadPoolExecutor.java:635)
	at java.base/java.lang.Thread.run(Thread.java:840)
Caused by: java.sql.SQLException: HikariDataSource HikariDataSource (AimingHikariCP) has been closed.
	at com.zaxxer.hikari.HikariDataSource.getConnection(HikariDataSource.java:96)
	at org.springframework.jdbc.datasource.DataSourceUtils.fetchConnection(DataSourceUtils.java:160)
	at org.springframework.jdbc.datasource.DataSourceUtils.doGetConnection(DataSourceUtils.java:118)
	at org.springframework.jdbc.datasource.DataSourceUtils.getConnection(DataSourceUtils.java:81)
	... 20 common frames omitted
2026-10-02 17:26:34.464 [pool-3-thread-3] [] WARN  c.c.g.r.c.t.c.AgentCronTaskExecutor - AgentCronTaskExecutor.onError: taskId=a2731d5d-92a0-4dcc-8651-8295b1cdc1f4, error=cognitive mental scan failed
2026-10-02 17:26:34.465 [pool-3-thread-3] [] WARN  c.c.g.r.c.t.s.TaskSchedulerServiceImpl - 定时任务提交失败 taskId=a2731d5d-92a0-4dcc-8651-8295b1cdc1f4 scheduleId=c75431f7-3451-4a76-af7c-6089a4e233ae: Task execution failed: cognitive mental scan failed
2026-10-02 17:36:34.470 [pool-3-thread-3] [] INFO  c.c.g.r.c.t.s.i.TaskManagementServiceImpl - 任务已提交: taskId=a2731d5d-92a0-4dcc-8651-8295b1cdc1f4, taskName=cognitive-mental-scan
2026-10-02 17:36:34.473 [pool-3-thread-3] [] INFO  c.c.g.r.c.t.s.i.TaskManagementServiceImpl - 任务已解析: taskId=a2731d5d-92a0-4dcc-8651-8295b1cdc1f4
2026-10-02 17:36:34.475 [pool-3-thread-3] [] ERROR c.c.g.e.c.s.mental.MentalScanTask - PMO-59 心智层补算任务执行失败: Failed to obtain JDBC Connection
org.springframework.jdbc.CannotGetJdbcConnectionException: Failed to obtain JDBC Connection
	at org.springframework.jdbc.datasource.DataSourceUtils.getConnection(DataSourceUtils.java:84)
	at org.springframework.jdbc.core.JdbcTemplate.execute(JdbcTemplate.java:653)
	at org.springframework.jdbc.core.JdbcTemplate.query(JdbcTemplate.java:723)
	at org.springframework.jdbc.core.JdbcTemplate.query(JdbcTemplate.java:754)
	at org.springframework.jdbc.core.JdbcTemplate.query(JdbcTemplate.java:767)
	at org.springframework.jdbc.core.JdbcTemplate.query(JdbcTemplate.java:820)
	at org.springframework.jdbc.core.JdbcTemplate.queryForList(JdbcTemplate.java:952)
	at com.chinacreator.gzcm.engine.cognitive2.service.EvidenceStore.list(EvidenceStore.java:120)
	at com.chinacreator.gzcm.engine.cognitive2.service.CognitiveEvidenceService.list(CognitiveEvidenceService.java:148)
	at com.chinacreator.gzcm.engine.cognitive2.service.mental.MentalScanTask.scanOnce(MentalScanTask.java:94)
	at com.chinacreator.gzcm.engine.cognitive2.service.mental.MentalScanTask$MentalScanTaskExecutor.execute(MentalScanTask.java:163)
	at com.chinacreator.gzcm.runtime.core.task.service.impl.TaskManagementServiceImpl.executeTask(TaskManagementServiceImpl.java:204)
	at com.chinacreator.gzcm.runtime.core.task.service.impl.TaskManagementServiceImpl.submitAndExecute(TaskManagementServiceImpl.java:343)
	at com.chinacreator.gzcm.runtime.core.task.scheduling.TaskSchedulerServiceImpl.executeTask(TaskSchedulerServiceImpl.java:322)
	at com.chinacreator.gzcm.runtime.core.task.scheduling.TaskSchedulerServiceImpl.lambda$schedulePeriodicTask$3(TaskSchedulerServiceImpl.java:231)
	at java.base/java.util.concurrent.Executors$RunnableAdapter.call(Executors.java:539)
	at java.base/java.util.concurrent.FutureTask.runAndReset(FutureTask.java:305)
	at java.base/java.util.concurrent.ScheduledThreadPoolExecutor$ScheduledFutureTask.run(ScheduledThreadPoolExecutor.java:305)
	at java.base/java.util.concurrent.ThreadPoolExecutor.runWorker(ThreadPoolExecutor.java:1136)
	at java.base/java.util.concurrent.ThreadPoolExecutor$Worker.run(ThreadPoolExecutor.java:635)
	at java.base/java.lang.Thread.run(Thread.java:840)
Caused by: java.sql.SQLException: HikariDataSource HikariDataSource (AimingHikariCP) has been closed.
	at com.zaxxer.hikari.HikariDataSource.getConnection(HikariDataSource.java:96)
	at org.springframework.jdbc.datasource.DataSourceUtils.fetchConnection(DataSourceUtils.java:160)
	at org.springframework.jdbc.datasource.DataSourceUtils.doGetConnection(DataSourceUtils.java:118)
	at org.springframework.jdbc.datasource.DataSourceUtils.getConnection(DataSourceUtils.java:81)
	... 20 common frames omitted
2026-10-02 17:36:34.478 [pool-3-thread-3] [] WARN  c.c.g.r.c.t.c.AgentCronTaskExecutor - AgentCronTaskExecutor.onError: taskId=a2731d5d-92a0-4dcc-8651-8295b1cdc1f4, error=cognitive mental scan failed
2026-10-02 17:36:34.479 [pool-3-thread-3] [] WARN  c.c.g.r.c.t.s.TaskSchedulerServiceImpl - 定时任务提交失败 taskId=a2731d5d-92a0-4dcc-8651-8295b1cdc1f4 scheduleId=c75431f7-3451-4a76-af7c-6089a4e233ae: Task execution failed: cognitive mental scan failed
2026-10-02 17:46:34.462 [pool-3-thread-3] [] INFO  c.c.g.r.c.t.s.i.TaskManagementServiceImpl - 任务已提交: taskId=a2731d5d-92a0-4dcc-8651-8295b1cdc1f4, taskName=cognitive-mental-scan
2026-10-02 17:46:34.465 [pool-3-thread-3] [] INFO  c.c.g.r.c.t.s.i.TaskManagementServiceImpl - 任务已解析: taskId=a2731d5d-92a0-4dcc-8651-8295b1cdc1f4
2026-10-02 17:46:34.467 [pool-3-thread-3] [] ERROR c.c.g.e.c.s.mental.MentalScanTask - PMO-59 心智层补算任务执行失败: Failed to obtain JDBC Connection
org.springframework.jdbc.CannotGetJdbcConnectionException: Failed to obtain JDBC Connection
	at org.springframework.jdbc.datasource.DataSourceUtils.getConnection(DataSourceUtils.java:84)
	at org.springframework.jdbc.core.JdbcTemplate.execute(JdbcTemplate.java:653)
	at org.springframework.jdbc.core.JdbcTemplate.query(JdbcTemplate.java:723)
	at org.springframework.jdbc.core.JdbcTemplate.query(JdbcTemplate.java:754)
	at org.springframework.jdbc.core.JdbcTemplate.query(JdbcTemplate.java:767)
	at org.springframework.jdbc.core.JdbcTemplate.query(JdbcTemplate.java:820)
	at org.springframework.jdbc.core.JdbcTemplate.queryForList(JdbcTemplate.java:952)
	at com.chinacreator.gzcm.engine.cognitive2.service.EvidenceStore.list(EvidenceStore.java:120)
	at com.chinacreator.gzcm.engine.cognitive2.service.CognitiveEvidenceService.list(CognitiveEvidenceService.java:148)
	at com.chinacreator.gzcm.engine.cognitive2.service.mental.MentalScanTask.scanOnce(MentalScanTask.java:94)
	at com.chinacreator.gzcm.engine.cognitive2.service.mental.MentalScanTask$MentalScanTaskExecutor.execute(MentalScanTask.java:163)
	at com.chinacreator.gzcm.runtime.core.task.service.impl.TaskManagementServiceImpl.executeTask(TaskManagementServiceImpl.java:204)
	at com.chinacreator.gzcm.runtime.core.task.service.impl.TaskManagementServiceImpl.submitAndExecute(TaskManagementServiceImpl.java:343)
	at com.chinacreator.gzcm.runtime.core.task.scheduling.TaskSchedulerServiceImpl.executeTask(TaskSchedulerServiceImpl.java:322)
	at com.chinacreator.gzcm.runtime.core.task.scheduling.TaskSchedulerServiceImpl.lambda$schedulePeriodicTask$3(TaskSchedulerServiceImpl.java:231)
	at java.base/java.util.concurrent.Executors$RunnableAdapter.call(Executors.java:539)
	at java.base/java.util.concurrent.FutureTask.runAndReset(FutureTask.java:305)
	at java.base/java.util.concurrent.ScheduledThreadPoolExecutor$ScheduledFutureTask.run(ScheduledThreadPoolExecutor.java:305)
	at java.base/java.util.concurrent.ThreadPoolExecutor.runWorker(ThreadPoolExecutor.java:1136)
	at java.base/java.util.concurrent.ThreadPoolExecutor$Worker.run(ThreadPoolExecutor.java:635)
	at java.base/java.lang.Thread.run(Thread.java:840)
Caused by: java.sql.SQLException: HikariDataSource HikariDataSource (AimingHikariCP) has been closed.
	at com.zaxxer.hikari.HikariDataSource.getConnection(HikariDataSource.java:96)
	at org.springframework.jdbc.datasource.DataSourceUtils.fetchConnection(DataSourceUtils.java:160)
	at org.springframework.jdbc.datasource.DataSourceUtils.doGetConnection(DataSourceUtils.java:118)
	at org.springframework.jdbc.datasource.DataSourceUtils.getConnection(DataSourceUtils.java:81)
	... 20 common frames omitted
2026-10-02 17:46:34.469 [pool-3-thread-3] [] WARN  c.c.g.r.c.t.c.AgentCronTaskExecutor - AgentCronTaskExecutor.onError: taskId=a2731d5d-92a0-4dcc-8651-8295b1cdc1f4, error=cognitive mental scan failed
2026-10-02 17:46:34.470 [pool-3-thread-3] [] WARN  c.c.g.r.c.t.s.TaskSchedulerServiceImpl - 定时任务提交失败 taskId=a2731d5d-92a0-4dcc-8651-8295b1cdc1f4 scheduleId=c75431f7-3451-4a76-af7c-6089a4e233ae: Task execution failed: cognitive mental scan failed
2026-10-02 17:56:34.463 [pool-3-thread-3] [] INFO  c.c.g.r.c.t.s.i.TaskManagementServiceImpl - 任务已提交: taskId=a2731d5d-92a0-4dcc-8651-8295b1cdc1f4, taskName=cognitive-mental-scan
2026-10-02 17:56:34.466 [pool-3-thread-3] [] INFO  c.c.g.r.c.t.s.i.TaskManagementServiceImpl - 任务已解析: taskId=a2731d5d-92a0-4dcc-8651-8295b1cdc1f4
2026-10-02 17:56:34.469 [pool-3-thread-3] [] ERROR c.c.g.e.c.s.mental.MentalScanTask - PMO-59 心智层补算任务执行失败: Failed to obtain JDBC Connection
org.springframework.jdbc.CannotGetJdbcConnectionException: Failed to obtain JDBC Connection
	at org.springframework.jdbc.datasource.DataSourceUtils.getConnection(DataSourceUtils.java:84)
	at org.springframework.jdbc.core.JdbcTemplate.execute(JdbcTemplate.java:653)
	at org.springframework.jdbc.core.JdbcTemplate.query(JdbcTemplate.java:723)
	at org.springframework.jdbc.core.JdbcTemplate.query(JdbcTemplate.java:754)
	at org.springframework.jdbc.core.JdbcTemplate.query(JdbcTemplate.java:767)
	at org.springframework.jdbc.core.JdbcTemplate.query(JdbcTemplate.java:820)
	at org.springframework.jdbc.core.JdbcTemplate.queryForList(JdbcTemplate.java:952)
	at com.chinacreator.gzcm.engine.cognitive2.service.EvidenceStore.list(EvidenceStore.java:120)
	at com.chinacreator.gzcm.engine.cognitive2.service.CognitiveEvidenceService.list(CognitiveEvidenceService.java:148)
	at com.chinacreator.gzcm.engine.cognitive2.service.mental.MentalScanTask.scanOnce(MentalScanTask.java:94)
	at com.chinacreator.gzcm.engine.cognitive2.service.mental.MentalScanTask$MentalScanTaskExecutor.execute(MentalScanTask.java:163)
	at com.chinacreator.gzcm.runtime.core.task.service.impl.TaskManagementServiceImpl.executeTask(TaskManagementServiceImpl.java:204)
	at com.chinacreator.gzcm.runtime.core.task.service.impl.TaskManagementServiceImpl.submitAndExecute(TaskManagementServiceImpl.java:343)
	at com.chinacreator.gzcm.runtime.core.task.scheduling.TaskSchedulerServiceImpl.executeTask(TaskSchedulerServiceImpl.java:322)
	at com.chinacreator.gzcm.runtime.core.task.scheduling.TaskSchedulerServiceImpl.lambda$schedulePeriodicTask$3(TaskSchedulerServiceImpl.java:231)
	at java.base/java.util.concurrent.Executors$RunnableAdapter.call(Executors.java:539)
	at java.base/java.util.concurrent.FutureTask.runAndReset(FutureTask.java:305)
	at java.base/java.util.concurrent.ScheduledThreadPoolExecutor$ScheduledFutureTask.run(ScheduledThreadPoolExecutor.java:305)
	at java.base/java.util.concurrent.ThreadPoolExecutor.runWorker(ThreadPoolExecutor.java:1136)
	at java.base/java.util.concurrent.ThreadPoolExecutor$Worker.run(ThreadPoolExecutor.java:635)
	at java.base/java.lang.Thread.run(Thread.java:840)
Caused by: java.sql.SQLException: HikariDataSource HikariDataSource (AimingHikariCP) has been closed.
	at com.zaxxer.hikari.HikariDataSource.getConnection(HikariDataSource.java:96)
	at org.springframework.jdbc.datasource.DataSourceUtils.fetchConnection(DataSourceUtils.java:160)
	at org.springframework.jdbc.datasource.DataSourceUtils.doGetConnection(DataSourceUtils.java:118)
	at org.springframework.jdbc.datasource.DataSourceUtils.getConnection(DataSourceUtils.java:81)
	... 20 common frames omitted
2026-10-02 17:56:34.473 [pool-3-thread-3] [] WARN  c.c.g.r.c.t.c.AgentCronTaskExecutor - AgentCronTaskExecutor.onError: taskId=a2731d5d-92a0-4dcc-8651-8295b1cdc1f4, error=cognitive mental scan failed
2026-10-02 17:56:34.475 [pool-3-thread-3] [] WARN  c.c.g.r.c.t.s.TaskSchedulerServiceImpl - 定时任务提交失败 taskId=a2731d5d-92a0-4dcc-8651-8295b1cdc1f4 scheduleId=c75431f7-3451-4a76-af7c-6089a4e233ae: Task execution failed: cognitive mental scan failed
2026-10-02 18:06:34.459 [pool-3-thread-3] [] INFO  c.c.g.r.c.t.s.i.TaskManagementServiceImpl - 任务已提交: taskId=a2731d5d-92a0-4dcc-8651-8295b1cdc1f4, taskName=cognitive-mental-scan
2026-10-02 18:06:34.460 [pool-3-thread-3] [] INFO  c.c.g.r.c.t.s.i.TaskManagementServiceImpl - 任务已解析: taskId=a2731d5d-92a0-4dcc-8651-8295b1cdc1f4
2026-10-02 18:06:34.461 [pool-3-thread-3] [] ERROR c.c.g.e.c.s.mental.MentalScanTask - PMO-59 心智层补算任务执行失败: Failed to obtain JDBC Connection
org.springframework.jdbc.CannotGetJdbcConnectionException: Failed to obtain JDBC Connection
	at org.springframework.jdbc.datasource.DataSourceUtils.getConnection(DataSourceUtils.java:84)
	at org.springframework.jdbc.core.JdbcTemplate.execute(JdbcTemplate.java:653)
	at org.springframework.jdbc.core.JdbcTemplate.query(JdbcTemplate.java:723)
	at org.springframework.jdbc.core.JdbcTemplate.query(JdbcTemplate.java:754)
	at org.springframework.jdbc.core.JdbcTemplate.query(JdbcTemplate.java:767)
	at org.springframework.jdbc.core.JdbcTemplate.query(JdbcTemplate.java:820)
	at org.springframework.jdbc.core.JdbcTemplate.queryForList(JdbcTemplate.java:952)
	at com.chinacreator.gzcm.engine.cognitive2.service.EvidenceStore.list(EvidenceStore.java:120)
	at com.chinacreator.gzcm.engine.cognitive2.service.CognitiveEvidenceService.list(CognitiveEvidenceService.java:148)
	at com.chinacreator.gzcm.engine.cognitive2.service.mental.MentalScanTask.scanOnce(MentalScanTask.java:94)
	at com.chinacreator.gzcm.engine.cognitive2.service.mental.MentalScanTask$MentalScanTaskExecutor.execute(MentalScanTask.java:163)
	at com.chinacreator.gzcm.runtime.core.task.service.impl.TaskManagementServiceImpl.executeTask(TaskManagementServiceImpl.java:204)
	at com.chinacreator.gzcm.runtime.core.task.service.impl.TaskManagementServiceImpl.submitAndExecute(TaskManagementServiceImpl.java:343)
	at com.chinacreator.gzcm.runtime.core.task.scheduling.TaskSchedulerServiceImpl.executeTask(TaskSchedulerServiceImpl.java:322)
	at com.chinacreator.gzcm.runtime.core.task.scheduling.TaskSchedulerServiceImpl.lambda$schedulePeriodicTask$3(TaskSchedulerServiceImpl.java:231)
	at java.base/java.util.concurrent.Executors$RunnableAdapter.call(Executors.java:539)
	at java.base/java.util.concurrent.FutureTask.runAndReset(FutureTask.java:305)
	at java.base/java.util.concurrent.ScheduledThreadPoolExecutor$ScheduledFutureTask.run(ScheduledThreadPoolExecutor.java:305)
	at java.base/java.util.concurrent.ThreadPoolExecutor.runWorker(ThreadPoolExecutor.java:1136)
	at java.base/java.util.concurrent.ThreadPoolExecutor$Worker.run(ThreadPoolExecutor.java:635)
	at java.base/java.lang.Thread.run(Thread.java:840)
Caused by: java.sql.SQLException: HikariDataSource HikariDataSource (AimingHikariCP) has been closed.
	at com.zaxxer.hikari.HikariDataSource.getConnection(HikariDataSource.java:96)
	at org.springframework.jdbc.datasource.DataSourceUtils.fetchConnection(DataSourceUtils.java:160)
	at org.springframework.jdbc.datasource.DataSourceUtils.doGetConnection(DataSourceUtils.java:118)
	at org.springframework.jdbc.datasource.DataSourceUtils.getConnection(DataSourceUtils.java:81)
	... 20 common frames omitted
2026-10-02 18:06:34.464 [pool-3-thread-3] [] WARN  c.c.g.r.c.t.c.AgentCronTaskExecutor - AgentCronTaskExecutor.onError: taskId=a2731d5d-92a0-4dcc-8651-8295b1cdc1f4, error=cognitive mental scan failed
2026-10-02 18:06:34.464 [pool-3-thread-3] [] WARN  c.c.g.r.c.t.s.TaskSchedulerServiceImpl - 定时任务提交失败 taskId=a2731d5d-92a0-4dcc-8651-8295b1cdc1f4 scheduleId=c75431f7-3451-4a76-af7c-6089a4e233ae: Task execution failed: cognitive mental scan failed
2026-10-02 18:16:34.467 [pool-3-thread-3] [] INFO  c.c.g.r.c.t.s.i.TaskManagementServiceImpl - 任务已提交: taskId=a2731d5d-92a0-4dcc-8651-8295b1cdc1f4, taskName=cognitive-mental-scan
2026-10-02 18:16:34.471 [pool-3-thread-3] [] INFO  c.c.g.r.c.t.s.i.TaskManagementServiceImpl - 任务已解析: taskId=a2731d5d-92a0-4dcc-8651-8295b1cdc1f4
2026-10-02 18:16:34.472 [pool-3-thread-3] [] ERROR c.c.g.e.c.s.mental.MentalScanTask - PMO-59 心智层补算任务执行失败: Failed to obtain JDBC Connection
org.springframework.jdbc.CannotGetJdbcConnectionException: Failed to obtain JDBC Connection
	at org.springframework.jdbc.datasource.DataSourceUtils.getConnection(DataSourceUtils.java:84)
	at org.springframework.jdbc.core.JdbcTemplate.execute(JdbcTemplate.java:653)
	at org.springframework.jdbc.core.JdbcTemplate.query(JdbcTemplate.java:723)
	at org.springframework.jdbc.core.JdbcTemplate.query(JdbcTemplate.java:754)
	at org.springframework.jdbc.core.JdbcTemplate.query(JdbcTemplate.java:767)
	at org.springframework.jdbc.core.JdbcTemplate.query(JdbcTemplate.java:820)
	at org.springframework.jdbc.core.JdbcTemplate.queryForList(JdbcTemplate.java:952)
	at com.chinacreator.gzcm.engine.cognitive2.service.EvidenceStore.list(EvidenceStore.java:120)
	at com.chinacreator.gzcm.engine.cognitive2.service.CognitiveEvidenceService.list(CognitiveEvidenceService.java:148)
	at com.chinacreator.gzcm.engine.cognitive2.service.mental.MentalScanTask.scanOnce(MentalScanTask.java:94)
	at com.chinacreator.gzcm.engine.cognitive2.service.mental.MentalScanTask$MentalScanTaskExecutor.execute(MentalScanTask.java:163)
	at com.chinacreator.gzcm.runtime.core.task.service.impl.TaskManagementServiceImpl.executeTask(TaskManagementServiceImpl.java:204)
	at com.chinacreator.gzcm.runtime.core.task.service.impl.TaskManagementServiceImpl.submitAndExecute(TaskManagementServiceImpl.java:343)
	at com.chinacreator.gzcm.runtime.core.task.scheduling.TaskSchedulerServiceImpl.executeTask(TaskSchedulerServiceImpl.java:322)
	at com.chinacreator.gzcm.runtime.core.task.scheduling.TaskSchedulerServiceImpl.lambda$schedulePeriodicTask$3(TaskSchedulerServiceImpl.java:231)
	at java.base/java.util.concurrent.Executors$RunnableAdapter.call(Executors.java:539)
	at java.base/java.util.concurrent.FutureTask.runAndReset(FutureTask.java:305)
	at java.base/java.util.concurrent.ScheduledThreadPoolExecutor$ScheduledFutureTask.run(ScheduledThreadPoolExecutor.java:305)
	at java.base/java.util.concurrent.ThreadPoolExecutor.runWorker(ThreadPoolExecutor.java:1136)
	at java.base/java.util.concurrent.ThreadPoolExecutor$Worker.run(ThreadPoolExecutor.java:635)
	at java.base/java.lang.Thread.run(Thread.java:840)
Caused by: java.sql.SQLException: HikariDataSource HikariDataSource (AimingHikariCP) has been closed.
	at com.zaxxer.hikari.HikariDataSource.getConnection(HikariDataSource.java:96)
	at org.springframework.jdbc.datasource.DataSourceUtils.fetchConnection(DataSourceUtils.java:160)
	at org.springframework.jdbc.datasource.DataSourceUtils.doGetConnection(DataSourceUtils.java:118)
	at org.springframework.jdbc.datasource.DataSourceUtils.getConnection(DataSourceUtils.java:81)
	... 20 common frames omitted
2026-10-02 18:16:34.475 [pool-3-thread-3] [] WARN  c.c.g.r.c.t.c.AgentCronTaskExecutor - AgentCronTaskExecutor.onError: taskId=a2731d5d-92a0-4dcc-8651-8295b1cdc1f4, error=cognitive mental scan failed
2026-10-02 18:16:34.476 [pool-3-thread-3] [] WARN  c.c.g.r.c.t.s.TaskSchedulerServiceImpl - 定时任务提交失败 taskId=a2731d5d-92a0-4dcc-8651-8295b1cdc1f4 scheduleId=c75431f7-3451-4a76-af7c-6089a4e233ae: Task execution failed: cognitive mental scan failed
2026-10-02 18:26:34.466 [pool-3-thread-3] [] INFO  c.c.g.r.c.t.s.i.TaskManagementServiceImpl - 任务已提交: taskId=a2731d5d-92a0-4dcc-8651-8295b1cdc1f4, taskName=cognitive-mental-scan
2026-10-02 18:26:34.468 [pool-3-thread-3] [] INFO  c.c.g.r.c.t.s.i.TaskManagementServiceImpl - 任务已解析: taskId=a2731d5d-92a0-4dcc-8651-8295b1cdc1f4
2026-10-02 18:26:34.469 [pool-3-thread-3] [] ERROR c.c.g.e.c.s.mental.MentalScanTask - PMO-59 心智层补算任务执行失败: Failed to obtain JDBC Connection
org.springframework.jdbc.CannotGetJdbcConnectionException: Failed to obtain JDBC Connection
	at org.springframework.jdbc.datasource.DataSourceUtils.getConnection(DataSourceUtils.java:84)
	at org.springframework.jdbc.core.JdbcTemplate.execute(JdbcTemplate.java:653)
	at org.springframework.jdbc.core.JdbcTemplate.query(JdbcTemplate.java:723)
	at org.springframework.jdbc.core.JdbcTemplate.query(JdbcTemplate.java:754)
	at org.springframework.jdbc.core.JdbcTemplate.query(JdbcTemplate.java:767)
	at org.springframework.jdbc.core.JdbcTemplate.query(JdbcTemplate.java:820)
	at org.springframework.jdbc.core.JdbcTemplate.queryForList(JdbcTemplate.java:952)
	at com.chinacreator.gzcm.engine.cognitive2.service.EvidenceStore.list(EvidenceStore.java:120)
	at com.chinacreator.gzcm.engine.cognitive2.service.CognitiveEvidenceService.list(CognitiveEvidenceService.java:148)
	at com.chinacreator.gzcm.engine.cognitive2.service.mental.MentalScanTask.scanOnce(MentalScanTask.java:94)
	at com.chinacreator.gzcm.engine.cognitive2.service.mental.MentalScanTask$MentalScanTaskExecutor.execute(MentalScanTask.java:163)
	at com.chinacreator.gzcm.runtime.core.task.service.impl.TaskManagementServiceImpl.executeTask(TaskManagementServiceImpl.java:204)
	at com.chinacreator.gzcm.runtime.core.task.service.impl.TaskManagementServiceImpl.submitAndExecute(TaskManagementServiceImpl.java:343)
	at com.chinacreator.gzcm.runtime.core.task.scheduling.TaskSchedulerServiceImpl.executeTask(TaskSchedulerServiceImpl.java:322)
	at com.chinacreator.gzcm.runtime.core.task.scheduling.TaskSchedulerServiceImpl.lambda$schedulePeriodicTask$3(TaskSchedulerServiceImpl.java:231)
	at java.base/java.util.concurrent.Executors$RunnableAdapter.call(Executors.java:539)
	at java.base/java.util.concurrent.FutureTask.runAndReset(FutureTask.java:305)
	at java.base/java.util.concurrent.ScheduledThreadPoolExecutor$ScheduledFutureTask.run(ScheduledThreadPoolExecutor.java:305)
	at java.base/java.util.concurrent.ThreadPoolExecutor.runWorker(ThreadPoolExecutor.java:1136)
	at java.base/java.util.concurrent.ThreadPoolExecutor$Worker.run(ThreadPoolExecutor.java:635)
	at java.base/java.lang.Thread.run(Thread.java:840)
Caused by: java.sql.SQLException: HikariDataSource HikariDataSource (AimingHikariCP) has been closed.
	at com.zaxxer.hikari.HikariDataSource.getConnection(HikariDataSource.java:96)
	at org.springframework.jdbc.datasource.DataSourceUtils.fetchConnection(DataSourceUtils.java:160)
	at org.springframework.jdbc.datasource.DataSourceUtils.doGetConnection(DataSourceUtils.java:118)
	at org.springframework.jdbc.datasource.DataSourceUtils.getConnection(DataSourceUtils.java:81)
	... 20 common frames omitted
2026-10-02 18:26:34.471 [pool-3-thread-3] [] WARN  c.c.g.r.c.t.c.AgentCronTaskExecutor - AgentCronTaskExecutor.onError: taskId=a2731d5d-92a0-4dcc-8651-8295b1cdc1f4, error=cognitive mental scan failed
2026-10-02 18:26:34.472 [pool-3-thread-3] [] WARN  c.c.g.r.c.t.s.TaskSchedulerServiceImpl - 定时任务提交失败 taskId=a2731d5d-92a0-4dcc-8651-8295b1cdc1f4 scheduleId=c75431f7-3451-4a76-af7c-6089a4e233ae: Task execution failed: cognitive mental scan failed
2026-10-02 18:36:34.465 [pool-3-thread-3] [] INFO  c.c.g.r.c.t.s.i.TaskManagementServiceImpl - 任务已提交: taskId=a2731d5d-92a0-4dcc-8651-8295b1cdc1f4, taskName=cognitive-mental-scan
2026-10-02 18:36:34.477 [pool-3-thread-3] [] INFO  c.c.g.r.c.t.s.i.TaskManagementServiceImpl - 任务已解析: taskId=a2731d5d-92a0-4dcc-8651-8295b1cdc1f4
2026-10-02 18:36:34.479 [pool-3-thread-3] [] ERROR c.c.g.e.c.s.mental.MentalScanTask - PMO-59 心智层补算任务执行失败: Failed to obtain JDBC Connection
org.springframework.jdbc.CannotGetJdbcConnectionException: Failed to obtain JDBC Connection
	at org.springframework.jdbc.datasource.DataSourceUtils.getConnection(DataSourceUtils.java:84)
	at org.springframework.jdbc.core.JdbcTemplate.execute(JdbcTemplate.java:653)
	at org.springframework.jdbc.core.JdbcTemplate.query(JdbcTemplate.java:723)
	at org.springframework.jdbc.core.JdbcTemplate.query(JdbcTemplate.java:754)
	at org.springframework.jdbc.core.JdbcTemplate.query(JdbcTemplate.java:767)
	at org.springframework.jdbc.core.JdbcTemplate.query(JdbcTemplate.java:820)
	at org.springframework.jdbc.core.JdbcTemplate.queryForList(JdbcTemplate.java:952)
	at com.chinacreator.gzcm.engine.cognitive2.service.EvidenceStore.list(EvidenceStore.java:120)
	at com.chinacreator.gzcm.engine.cognitive2.service.CognitiveEvidenceService.list(CognitiveEvidenceService.java:148)
	at com.chinacreator.gzcm.engine.cognitive2.service.mental.MentalScanTask.scanOnce(MentalScanTask.java:94)
	at com.chinacreator.gzcm.engine.cognitive2.service.mental.MentalScanTask$MentalScanTaskExecutor.execute(MentalScanTask.java:163)
	at com.chinacreator.gzcm.runtime.core.task.service.impl.TaskManagementServiceImpl.executeTask(TaskManagementServiceImpl.java:204)
	at com.chinacreator.gzcm.runtime.core.task.service.impl.TaskManagementServiceImpl.submitAndExecute(TaskManagementServiceImpl.java:343)
	at com.chinacreator.gzcm.runtime.core.task.scheduling.TaskSchedulerServiceImpl.executeTask(TaskSchedulerServiceImpl.java:322)
	at com.chinacreator.gzcm.runtime.core.task.scheduling.TaskSchedulerServiceImpl.lambda$schedulePeriodicTask$3(TaskSchedulerServiceImpl.java:231)
	at java.base/java.util.concurrent.Executors$RunnableAdapter.call(Executors.java:539)
	at java.base/java.util.concurrent.FutureTask.runAndReset(FutureTask.java:305)
	at java.base/java.util.concurrent.ScheduledThreadPoolExecutor$ScheduledFutureTask.run(ScheduledThreadPoolExecutor.java:305)
	at java.base/java.util.concurrent.ThreadPoolExecutor.runWorker(ThreadPoolExecutor.java:1136)
	at java.base/java.util.concurrent.ThreadPoolExecutor$Worker.run(ThreadPoolExecutor.java:635)
	at java.base/java.lang.Thread.run(Thread.java:840)
Caused by: java.sql.SQLException: HikariDataSource HikariDataSource (AimingHikariCP) has been closed.
	at com.zaxxer.hikari.HikariDataSource.getConnection(HikariDataSource.java:96)
	at org.springframework.jdbc.datasource.DataSourceUtils.fetchConnection(DataSourceUtils.java:160)
	at org.springframework.jdbc.datasource.DataSourceUtils.doGetConnection(DataSourceUtils.java:118)
	at org.springframework.jdbc.datasource.DataSourceUtils.getConnection(DataSourceUtils.java:81)
	... 20 common frames omitted
2026-10-02 18:36:34.480 [pool-3-thread-3] [] WARN  c.c.g.r.c.t.c.AgentCronTaskExecutor - AgentCronTaskExecutor.onError: taskId=a2731d5d-92a0-4dcc-8651-8295b1cdc1f4, error=cognitive mental scan failed
2026-10-02 18:36:34.482 [pool-3-thread-3] [] WARN  c.c.g.r.c.t.s.TaskSchedulerServiceImpl - 定时任务提交失败 taskId=a2731d5d-92a0-4dcc-8651-8295b1cdc1f4 scheduleId=c75431f7-3451-4a76-af7c-6089a4e233ae: Task execution failed: cognitive mental scan failed
2026-10-02 18:46:34.460 [pool-3-thread-3] [] INFO  c.c.g.r.c.t.s.i.TaskManagementServiceImpl - 任务已提交: taskId=a2731d5d-92a0-4dcc-8651-8295b1cdc1f4, taskName=cognitive-mental-scan
2026-10-02 18:46:34.462 [pool-3-thread-3] [] INFO  c.c.g.r.c.t.s.i.TaskManagementServiceImpl - 任务已解析: taskId=a2731d5d-92a0-4dcc-8651-8295b1cdc1f4
2026-10-02 18:46:34.464 [pool-3-thread-3] [] ERROR c.c.g.e.c.s.mental.MentalScanTask - PMO-59 心智层补算任务执行失败: Failed to obtain JDBC Connection
org.springframework.jdbc.CannotGetJdbcConnectionException: Failed to obtain JDBC Connection
	at org.springframework.jdbc.datasource.DataSourceUtils.getConnection(DataSourceUtils.java:84)
	at org.springframework.jdbc.core.JdbcTemplate.execute(JdbcTemplate.java:653)
	at org.springframework.jdbc.core.JdbcTemplate.query(JdbcTemplate.java:723)
	at org.springframework.jdbc.core.JdbcTemplate.query(JdbcTemplate.java:754)
	at org.springframework.jdbc.core.JdbcTemplate.query(JdbcTemplate.java:767)
	at org.springframework.jdbc.core.JdbcTemplate.query(JdbcTemplate.java:820)
	at org.springframework.jdbc.core.JdbcTemplate.queryForList(JdbcTemplate.java:952)
	at com.chinacreator.gzcm.engine.cognitive2.service.EvidenceStore.list(EvidenceStore.java:120)
	at com.chinacreator.gzcm.engine.cognitive2.service.CognitiveEvidenceService.list(CognitiveEvidenceService.java:148)
	at com.chinacreator.gzcm.engine.cognitive2.service.mental.MentalScanTask.scanOnce(MentalScanTask.java:94)
	at com.chinacreator.gzcm.engine.cognitive2.service.mental.MentalScanTask$MentalScanTaskExecutor.execute(MentalScanTask.java:163)
	at com.chinacreator.gzcm.runtime.core.task.service.impl.TaskManagementServiceImpl.executeTask(TaskManagementServiceImpl.java:204)
	at com.chinacreator.gzcm.runtime.core.task.service.impl.TaskManagementServiceImpl.submitAndExecute(TaskManagementServiceImpl.java:343)
	at com.chinacreator.gzcm.runtime.core.task.scheduling.TaskSchedulerServiceImpl.executeTask(TaskSchedulerServiceImpl.java:322)
	at com.chinacreator.gzcm.runtime.core.task.scheduling.TaskSchedulerServiceImpl.lambda$schedulePeriodicTask$3(TaskSchedulerServiceImpl.java:231)
	at java.base/java.util.concurrent.Executors$RunnableAdapter.call(Executors.java:539)
	at java.base/java.util.concurrent.FutureTask.runAndReset(FutureTask.java:305)
	at java.base/java.util.concurrent.ScheduledThreadPoolExecutor$ScheduledFutureTask.run(ScheduledThreadPoolExecutor.java:305)
	at java.base/java.util.concurrent.ThreadPoolExecutor.runWorker(ThreadPoolExecutor.java:1136)
	at java.base/java.util.concurrent.ThreadPoolExecutor$Worker.run(ThreadPoolExecutor.java:635)
	at java.base/java.lang.Thread.run(Thread.java:840)
Caused by: java.sql.SQLException: HikariDataSource HikariDataSource (AimingHikariCP) has been closed.
	at com.zaxxer.hikari.HikariDataSource.getConnection(HikariDataSource.java:96)
	at org.springframework.jdbc.datasource.DataSourceUtils.fetchConnection(DataSourceUtils.java:160)
	at org.springframework.jdbc.datasource.DataSourceUtils.doGetConnection(DataSourceUtils.java:118)
	at org.springframework.jdbc.datasource.DataSourceUtils.getConnection(DataSourceUtils.java:81)
	... 20 common frames omitted
2026-10-02 18:46:34.466 [pool-3-thread-3] [] WARN  c.c.g.r.c.t.c.AgentCronTaskExecutor - AgentCronTaskExecutor.onError: taskId=a2731d5d-92a0-4dcc-8651-8295b1cdc1f4, error=cognitive mental scan failed
2026-10-02 18:46:34.467 [pool-3-thread-3] [] WARN  c.c.g.r.c.t.s.TaskSchedulerServiceImpl - 定时任务提交失败 taskId=a2731d5d-92a0-4dcc-8651-8295b1cdc1f4 scheduleId=c75431f7-3451-4a76-af7c-6089a4e233ae: Task execution failed: cognitive mental scan failed
2026-10-02 18:56:34.458 [pool-3-thread-3] [] INFO  c.c.g.r.c.t.s.i.TaskManagementServiceImpl - 任务已提交: taskId=a2731d5d-92a0-4dcc-8651-8295b1cdc1f4, taskName=cognitive-mental-scan
2026-10-02 18:56:34.462 [pool-3-thread-3] [] INFO  c.c.g.r.c.t.s.i.TaskManagementServiceImpl - 任务已解析: taskId=a2731d5d-92a0-4dcc-8651-8295b1cdc1f4
2026-10-02 18:56:34.465 [pool-3-thread-3] [] ERROR c.c.g.e.c.s.mental.MentalScanTask - PMO-59 心智层补算任务执行失败: Failed to obtain JDBC Connection
org.springframework.jdbc.CannotGetJdbcConnectionException: Failed to obtain JDBC Connection
	at org.springframework.jdbc.datasource.DataSourceUtils.getConnection(DataSourceUtils.java:84)
	at org.springframework.jdbc.core.JdbcTemplate.execute(JdbcTemplate.java:653)
	at org.springframework.jdbc.core.JdbcTemplate.query(JdbcTemplate.java:723)
	at org.springframework.jdbc.core.JdbcTemplate.query(JdbcTemplate.java:754)
	at org.springframework.jdbc.core.JdbcTemplate.query(JdbcTemplate.java:767)
	at org.springframework.jdbc.core.JdbcTemplate.query(JdbcTemplate.java:820)
	at org.springframework.jdbc.core.JdbcTemplate.queryForList(JdbcTemplate.java:952)
	at com.chinacreator.gzcm.engine.cognitive2.service.EvidenceStore.list(EvidenceStore.java:120)
	at com.chinacreator.gzcm.engine.cognitive2.service.CognitiveEvidenceService.list(CognitiveEvidenceService.java:148)
	at com.chinacreator.gzcm.engine.cognitive2.service.mental.MentalScanTask.scanOnce(MentalScanTask.java:94)
	at com.chinacreator.gzcm.engine.cognitive2.service.mental.MentalScanTask$MentalScanTaskExecutor.execute(MentalScanTask.java:163)
	at com.chinacreator.gzcm.runtime.core.task.service.impl.TaskManagementServiceImpl.executeTask(TaskManagementServiceImpl.java:204)
	at com.chinacreator.gzcm.runtime.core.task.service.impl.TaskManagementServiceImpl.submitAndExecute(TaskManagementServiceImpl.java:343)
	at com.chinacreator.gzcm.runtime.core.task.scheduling.TaskSchedulerServiceImpl.executeTask(TaskSchedulerServiceImpl.java:322)
	at com.chinacreator.gzcm.runtime.core.task.scheduling.TaskSchedulerServiceImpl.lambda$schedulePeriodicTask$3(TaskSchedulerServiceImpl.java:231)
	at java.base/java.util.concurrent.Executors$RunnableAdapter.call(Executors.java:539)
	at java.base/java.util.concurrent.FutureTask.runAndReset(FutureTask.java:305)
	at java.base/java.util.concurrent.ScheduledThreadPoolExecutor$ScheduledFutureTask.run(ScheduledThreadPoolExecutor.java:305)
	at java.base/java.util.concurrent.ThreadPoolExecutor.runWorker(ThreadPoolExecutor.java:1136)
	at java.base/java.util.concurrent.ThreadPoolExecutor$Worker.run(ThreadPoolExecutor.java:635)
	at java.base/java.lang.Thread.run(Thread.java:840)
Caused by: java.sql.SQLException: HikariDataSource HikariDataSource (AimingHikariCP) has been closed.
	at com.zaxxer.hikari.HikariDataSource.getConnection(HikariDataSource.java:96)
	at org.springframework.jdbc.datasource.DataSourceUtils.fetchConnection(DataSourceUtils.java:160)
	at org.springframework.jdbc.datasource.DataSourceUtils.doGetConnection(DataSourceUtils.java:118)
	at org.springframework.jdbc.datasource.DataSourceUtils.getConnection(DataSourceUtils.java:81)
	... 20 common frames omitted
2026-10-02 18:56:34.468 [pool-3-thread-3] [] WARN  c.c.g.r.c.t.c.AgentCronTaskExecutor - AgentCronTaskExecutor.onError: taskId=a2731d5d-92a0-4dcc-8651-8295b1cdc1f4, error=cognitive mental scan failed
2026-10-02 18:56:34.470 [pool-3-thread-3] [] WARN  c.c.g.r.c.t.s.TaskSchedulerServiceImpl - 定时任务提交失败 taskId=a2731d5d-92a0-4dcc-8651-8295b1cdc1f4 scheduleId=c75431f7-3451-4a76-af7c-6089a4e233ae: Task execution failed: cognitive mental scan failed
2026-10-02 19:06:34.465 [pool-3-thread-3] [] INFO  c.c.g.r.c.t.s.i.TaskManagementServiceImpl - 任务已提交: taskId=a2731d5d-92a0-4dcc-8651-8295b1cdc1f4, taskName=cognitive-mental-scan
2026-10-02 19:06:34.467 [pool-3-thread-3] [] INFO  c.c.g.r.c.t.s.i.TaskManagementServiceImpl - 任务已解析: taskId=a2731d5d-92a0-4dcc-8651-8295b1cdc1f4
2026-10-02 19:06:34.467 [pool-3-thread-3] [] ERROR c.c.g.e.c.s.mental.MentalScanTask - PMO-59 心智层补算任务执行失败: Failed to obtain JDBC Connection
org.springframework.jdbc.CannotGetJdbcConnectionException: Failed to obtain JDBC Connection
	at org.springframework.jdbc.datasource.DataSourceUtils.getConnection(DataSourceUtils.java:84)
	at org.springframework.jdbc.core.JdbcTemplate.execute(JdbcTemplate.java:653)
	at org.springframework.jdbc.core.JdbcTemplate.query(JdbcTemplate.java:723)
	at org.springframework.jdbc.core.JdbcTemplate.query(JdbcTemplate.java:754)
	at org.springframework.jdbc.core.JdbcTemplate.query(JdbcTemplate.java:767)
	at org.springframework.jdbc.core.JdbcTemplate.query(JdbcTemplate.java:820)
	at org.springframework.jdbc.core.JdbcTemplate.queryForList(JdbcTemplate.java:952)
	at com.chinacreator.gzcm.engine.cognitive2.service.EvidenceStore.list(EvidenceStore.java:120)
	at com.chinacreator.gzcm.engine.cognitive2.service.CognitiveEvidenceService.list(CognitiveEvidenceService.java:148)
	at com.chinacreator.gzcm.engine.cognitive2.service.mental.MentalScanTask.scanOnce(MentalScanTask.java:94)
	at com.chinacreator.gzcm.engine.cognitive2.service.mental.MentalScanTask$MentalScanTaskExecutor.execute(MentalScanTask.java:163)
	at com.chinacreator.gzcm.runtime.core.task.service.impl.TaskManagementServiceImpl.executeTask(TaskManagementServiceImpl.java:204)
	at com.chinacreator.gzcm.runtime.core.task.service.impl.TaskManagementServiceImpl.submitAndExecute(TaskManagementServiceImpl.java:343)
	at com.chinacreator.gzcm.runtime.core.task.scheduling.TaskSchedulerServiceImpl.executeTask(TaskSchedulerServiceImpl.java:322)
	at com.chinacreator.gzcm.runtime.core.task.scheduling.TaskSchedulerServiceImpl.lambda$schedulePeriodicTask$3(TaskSchedulerServiceImpl.java:231)
	at java.base/java.util.concurrent.Executors$RunnableAdapter.call(Executors.java:539)
	at java.base/java.util.concurrent.FutureTask.runAndReset(FutureTask.java:305)
	at java.base/java.util.concurrent.ScheduledThreadPoolExecutor$ScheduledFutureTask.run(ScheduledThreadPoolExecutor.java:305)
	at java.base/java.util.concurrent.ThreadPoolExecutor.runWorker(ThreadPoolExecutor.java:1136)
	at java.base/java.util.concurrent.ThreadPoolExecutor$Worker.run(ThreadPoolExecutor.java:635)
	at java.base/java.lang.Thread.run(Thread.java:840)
Caused by: java.sql.SQLException: HikariDataSource HikariDataSource (AimingHikariCP) has been closed.
	at com.zaxxer.hikari.HikariDataSource.getConnection(HikariDataSource.java:96)
	at org.springframework.jdbc.datasource.DataSourceUtils.fetchConnection(DataSourceUtils.java:160)
	at org.springframework.jdbc.datasource.DataSourceUtils.doGetConnection(DataSourceUtils.java:118)
	at org.springframework.jdbc.datasource.DataSourceUtils.getConnection(DataSourceUtils.java:81)
	... 20 common frames omitted
2026-10-02 19:06:34.469 [pool-3-thread-3] [] WARN  c.c.g.r.c.t.c.AgentCronTaskExecutor - AgentCronTaskExecutor.onError: taskId=a2731d5d-92a0-4dcc-8651-8295b1cdc1f4, error=cognitive mental scan failed
2026-10-02 19:06:34.469 [pool-3-thread-3] [] WARN  c.c.g.r.c.t.s.TaskSchedulerServiceImpl - 定时任务提交失败 taskId=a2731d5d-92a0-4dcc-8651-8295b1cdc1f4 scheduleId=c75431f7-3451-4a76-af7c-6089a4e233ae: Task execution failed: cognitive mental scan failed
2026-10-02 19:16:34.468 [pool-3-thread-3] [] INFO  c.c.g.r.c.t.s.i.TaskManagementServiceImpl - 任务已提交: taskId=a2731d5d-92a0-4dcc-8651-8295b1cdc1f4, taskName=cognitive-mental-scan
2026-10-02 19:16:34.471 [pool-3-thread-3] [] INFO  c.c.g.r.c.t.s.i.TaskManagementServiceImpl - 任务已解析: taskId=a2731d5d-92a0-4dcc-8651-8295b1cdc1f4
2026-10-02 19:16:34.473 [pool-3-thread-3] [] ERROR c.c.g.e.c.s.mental.MentalScanTask - PMO-59 心智层补算任务执行失败: Failed to obtain JDBC Connection
org.springframework.jdbc.CannotGetJdbcConnectionException: Failed to obtain JDBC Connection
	at org.springframework.jdbc.datasource.DataSourceUtils.getConnection(DataSourceUtils.java:84)
	at org.springframework.jdbc.core.JdbcTemplate.execute(JdbcTemplate.java:653)
	at org.springframework.jdbc.core.JdbcTemplate.query(JdbcTemplate.java:723)
	at org.springframework.jdbc.core.JdbcTemplate.query(JdbcTemplate.java:754)
	at org.springframework.jdbc.core.JdbcTemplate.query(JdbcTemplate.java:767)
	at org.springframework.jdbc.core.JdbcTemplate.query(JdbcTemplate.java:820)
	at org.springframework.jdbc.core.JdbcTemplate.queryForList(JdbcTemplate.java:952)
	at com.chinacreator.gzcm.engine.cognitive2.service.EvidenceStore.list(EvidenceStore.java:120)
	at com.chinacreator.gzcm.engine.cognitive2.service.CognitiveEvidenceService.list(CognitiveEvidenceService.java:148)
	at com.chinacreator.gzcm.engine.cognitive2.service.mental.MentalScanTask.scanOnce(MentalScanTask.java:94)
	at com.chinacreator.gzcm.engine.cognitive2.service.mental.MentalScanTask$MentalScanTaskExecutor.execute(MentalScanTask.java:163)
	at com.chinacreator.gzcm.runtime.core.task.service.impl.TaskManagementServiceImpl.executeTask(TaskManagementServiceImpl.java:204)
	at com.chinacreator.gzcm.runtime.core.task.service.impl.TaskManagementServiceImpl.submitAndExecute(TaskManagementServiceImpl.java:343)
	at com.chinacreator.gzcm.runtime.core.task.scheduling.TaskSchedulerServiceImpl.executeTask(TaskSchedulerServiceImpl.java:322)
	at com.chinacreator.gzcm.runtime.core.task.scheduling.TaskSchedulerServiceImpl.lambda$schedulePeriodicTask$3(TaskSchedulerServiceImpl.java:231)
	at java.base/java.util.concurrent.Executors$RunnableAdapter.call(Executors.java:539)
	at java.base/java.util.concurrent.FutureTask.runAndReset(FutureTask.java:305)
	at java.base/java.util.concurrent.ScheduledThreadPoolExecutor$ScheduledFutureTask.run(ScheduledThreadPoolExecutor.java:305)
	at java.base/java.util.concurrent.ThreadPoolExecutor.runWorker(ThreadPoolExecutor.java:1136)
	at java.base/java.util.concurrent.ThreadPoolExecutor$Worker.run(ThreadPoolExecutor.java:635)
	at java.base/java.lang.Thread.run(Thread.java:840)
Caused by: java.sql.SQLException: HikariDataSource HikariDataSource (AimingHikariCP) has been closed.
	at com.zaxxer.hikari.HikariDataSource.getConnection(HikariDataSource.java:96)
	at org.springframework.jdbc.datasource.DataSourceUtils.fetchConnection(DataSourceUtils.java:160)
	at org.springframework.jdbc.datasource.DataSourceUtils.doGetConnection(DataSourceUtils.java:118)
	at org.springframework.jdbc.datasource.DataSourceUtils.getConnection(DataSourceUtils.java:81)
	... 20 common frames omitted
2026-10-02 19:16:34.475 [pool-3-thread-3] [] WARN  c.c.g.r.c.t.c.AgentCronTaskExecutor - AgentCronTaskExecutor.onError: taskId=a2731d5d-92a0-4dcc-8651-8295b1cdc1f4, error=cognitive mental scan failed
2026-10-02 19:16:34.477 [pool-3-thread-3] [] WARN  c.c.g.r.c.t.s.TaskSchedulerServiceImpl - 定时任务提交失败 taskId=a2731d5d-92a0-4dcc-8651-8295b1cdc1f4 scheduleId=c75431f7-3451-4a76-af7c-6089a4e233ae: Task execution failed: cognitive mental scan failed
2026-10-02 19:26:34.463 [pool-3-thread-3] [] INFO  c.c.g.r.c.t.s.i.TaskManagementServiceImpl - 任务已提交: taskId=a2731d5d-92a0-4dcc-8651-8295b1cdc1f4, taskName=cognitive-mental-scan
2026-10-02 19:26:34.464 [pool-3-thread-3] [] INFO  c.c.g.r.c.t.s.i.TaskManagementServiceImpl - 任务已解析: taskId=a2731d5d-92a0-4dcc-8651-8295b1cdc1f4
2026-10-02 19:26:34.465 [pool-3-thread-3] [] ERROR c.c.g.e.c.s.mental.MentalScanTask - PMO-59 心智层补算任务执行失败: Failed to obtain JDBC Connection
org.springframework.jdbc.CannotGetJdbcConnectionException: Failed to obtain JDBC Connection
	at org.springframework.jdbc.datasource.DataSourceUtils.getConnection(DataSourceUtils.java:84)
	at org.springframework.jdbc.core.JdbcTemplate.execute(JdbcTemplate.java:653)
	at org.springframework.jdbc.core.JdbcTemplate.query(JdbcTemplate.java:723)
	at org.springframework.jdbc.core.JdbcTemplate.query(JdbcTemplate.java:754)
	at org.springframework.jdbc.core.JdbcTemplate.query(JdbcTemplate.java:767)
	at org.springframework.jdbc.core.JdbcTemplate.query(JdbcTemplate.java:820)
	at org.springframework.jdbc.core.JdbcTemplate.queryForList(JdbcTemplate.java:952)
	at com.chinacreator.gzcm.engine.cognitive2.service.EvidenceStore.list(EvidenceStore.java:120)
	at com.chinacreator.gzcm.engine.cognitive2.service.CognitiveEvidenceService.list(CognitiveEvidenceService.java:148)
	at com.chinacreator.gzcm.engine.cognitive2.service.mental.MentalScanTask.scanOnce(MentalScanTask.java:94)
	at com.chinacreator.gzcm.engine.cognitive2.service.mental.MentalScanTask$MentalScanTaskExecutor.execute(MentalScanTask.java:163)
	at com.chinacreator.gzcm.runtime.core.task.service.impl.TaskManagementServiceImpl.executeTask(TaskManagementServiceImpl.java:204)
	at com.chinacreator.gzcm.runtime.core.task.service.impl.TaskManagementServiceImpl.submitAndExecute(TaskManagementServiceImpl.java:343)
	at com.chinacreator.gzcm.runtime.core.task.scheduling.TaskSchedulerServiceImpl.executeTask(TaskSchedulerServiceImpl.java:322)
	at com.chinacreator.gzcm.runtime.core.task.scheduling.TaskSchedulerServiceImpl.lambda$schedulePeriodicTask$3(TaskSchedulerServiceImpl.java:231)
	at java.base/java.util.concurrent.Executors$RunnableAdapter.call(Executors.java:539)
	at java.base/java.util.concurrent.FutureTask.runAndReset(FutureTask.java:305)
	at java.base/java.util.concurrent.ScheduledThreadPoolExecutor$ScheduledFutureTask.run(ScheduledThreadPoolExecutor.java:305)
	at java.base/java.util.concurrent.ThreadPoolExecutor.runWorker(ThreadPoolExecutor.java:1136)
	at java.base/java.util.concurrent.ThreadPoolExecutor$Worker.run(ThreadPoolExecutor.java:635)
	at java.base/java.lang.Thread.run(Thread.java:840)
Caused by: java.sql.SQLException: HikariDataSource HikariDataSource (AimingHikariCP) has been closed.
	at com.zaxxer.hikari.HikariDataSource.getConnection(HikariDataSource.java:96)
	at org.springframework.jdbc.datasource.DataSourceUtils.fetchConnection(DataSourceUtils.java:160)
	at org.springframework.jdbc.datasource.DataSourceUtils.doGetConnection(DataSourceUtils.java:118)
	at org.springframework.jdbc.datasource.DataSourceUtils.getConnection(DataSourceUtils.java:81)
	... 20 common frames omitted
2026-10-02 19:26:34.466 [pool-3-thread-3] [] WARN  c.c.g.r.c.t.c.AgentCronTaskExecutor - AgentCronTaskExecutor.onError: taskId=a2731d5d-92a0-4dcc-8651-8295b1cdc1f4, error=cognitive mental scan failed
2026-10-02 19:26:34.467 [pool-3-thread-3] [] WARN  c.c.g.r.c.t.s.TaskSchedulerServiceImpl - 定时任务提交失败 taskId=a2731d5d-92a0-4dcc-8651-8295b1cdc1f4 scheduleId=c75431f7-3451-4a76-af7c-6089a4e233ae: Task execution failed: cognitive mental scan failed
2026-10-02 19:36:34.457 [pool-3-thread-3] [] INFO  c.c.g.r.c.t.s.i.TaskManagementServiceImpl - 任务已提交: taskId=a2731d5d-92a0-4dcc-8651-8295b1cdc1f4, taskName=cognitive-mental-scan
2026-10-02 19:36:34.461 [pool-3-thread-3] [] INFO  c.c.g.r.c.t.s.i.TaskManagementServiceImpl - 任务已解析: taskId=a2731d5d-92a0-4dcc-8651-8295b1cdc1f4
2026-10-02 19:36:34.462 [pool-3-thread-3] [] ERROR c.c.g.e.c.s.mental.MentalScanTask - PMO-59 心智层补算任务执行失败: Failed to obtain JDBC Connection
org.springframework.jdbc.CannotGetJdbcConnectionException: Failed to obtain JDBC Connection
	at org.springframework.jdbc.datasource.DataSourceUtils.getConnection(DataSourceUtils.java:84)
	at org.springframework.jdbc.core.JdbcTemplate.execute(JdbcTemplate.java:653)
	at org.springframework.jdbc.core.JdbcTemplate.query(JdbcTemplate.java:723)
	at org.springframework.jdbc.core.JdbcTemplate.query(JdbcTemplate.java:754)
	at org.springframework.jdbc.core.JdbcTemplate.query(JdbcTemplate.java:767)
	at org.springframework.jdbc.core.JdbcTemplate.query(JdbcTemplate.java:820)
	at org.springframework.jdbc.core.JdbcTemplate.queryForList(JdbcTemplate.java:952)
	at com.chinacreator.gzcm.engine.cognitive2.service.EvidenceStore.list(EvidenceStore.java:120)
	at com.chinacreator.gzcm.engine.cognitive2.service.CognitiveEvidenceService.list(CognitiveEvidenceService.java:148)
	at com.chinacreator.gzcm.engine.cognitive2.service.mental.MentalScanTask.scanOnce(MentalScanTask.java:94)
	at com.chinacreator.gzcm.engine.cognitive2.service.mental.MentalScanTask$MentalScanTaskExecutor.execute(MentalScanTask.java:163)
	at com.chinacreator.gzcm.runtime.core.task.service.impl.TaskManagementServiceImpl.executeTask(TaskManagementServiceImpl.java:204)
	at com.chinacreator.gzcm.runtime.core.task.service.impl.TaskManagementServiceImpl.submitAndExecute(TaskManagementServiceImpl.java:343)
	at com.chinacreator.gzcm.runtime.core.task.scheduling.TaskSchedulerServiceImpl.executeTask(TaskSchedulerServiceImpl.java:322)
	at com.chinacreator.gzcm.runtime.core.task.scheduling.TaskSchedulerServiceImpl.lambda$schedulePeriodicTask$3(TaskSchedulerServiceImpl.java:231)
	at java.base/java.util.concurrent.Executors$RunnableAdapter.call(Executors.java:539)
	at java.base/java.util.concurrent.FutureTask.runAndReset(FutureTask.java:305)
	at java.base/java.util.concurrent.ScheduledThreadPoolExecutor$ScheduledFutureTask.run(ScheduledThreadPoolExecutor.java:305)
	at java.base/java.util.concurrent.ThreadPoolExecutor.runWorker(ThreadPoolExecutor.java:1136)
	at java.base/java.util.concurrent.ThreadPoolExecutor$Worker.run(ThreadPoolExecutor.java:635)
	at java.base/java.lang.Thread.run(Thread.java:840)
Caused by: java.sql.SQLException: HikariDataSource HikariDataSource (AimingHikariCP) has been closed.
	at com.zaxxer.hikari.HikariDataSource.getConnection(HikariDataSource.java:96)
	at org.springframework.jdbc.datasource.DataSourceUtils.fetchConnection(DataSourceUtils.java:160)
	at org.springframework.jdbc.datasource.DataSourceUtils.doGetConnection(DataSourceUtils.java:118)
	at org.springframework.jdbc.datasource.DataSourceUtils.getConnection(DataSourceUtils.java:81)
	... 20 common frames omitted
2026-10-02 19:36:34.464 [pool-3-thread-3] [] WARN  c.c.g.r.c.t.c.AgentCronTaskExecutor - AgentCronTaskExecutor.onError: taskId=a2731d5d-92a0-4dcc-8651-8295b1cdc1f4, error=cognitive mental scan failed
2026-10-02 19:36:34.466 [pool-3-thread-3] [] WARN  c.c.g.r.c.t.s.TaskSchedulerServiceImpl - 定时任务提交失败 taskId=a2731d5d-92a0-4dcc-8651-8295b1cdc1f4 scheduleId=c75431f7-3451-4a76-af7c-6089a4e233ae: Task execution failed: cognitive mental scan failed
2026-10-02 19:46:34.467 [pool-3-thread-3] [] INFO  c.c.g.r.c.t.s.i.TaskManagementServiceImpl - 任务已提交: taskId=a2731d5d-92a0-4dcc-8651-8295b1cdc1f4, taskName=cognitive-mental-scan
2026-10-02 19:46:34.471 [pool-3-thread-3] [] INFO  c.c.g.r.c.t.s.i.TaskManagementServiceImpl - 任务已解析: taskId=a2731d5d-92a0-4dcc-8651-8295b1cdc1f4
2026-10-02 19:46:34.472 [pool-3-thread-3] [] ERROR c.c.g.e.c.s.mental.MentalScanTask - PMO-59 心智层补算任务执行失败: Failed to obtain JDBC Connection
org.springframework.jdbc.CannotGetJdbcConnectionException: Failed to obtain JDBC Connection
	at org.springframework.jdbc.datasource.DataSourceUtils.getConnection(DataSourceUtils.java:84)
	at org.springframework.jdbc.core.JdbcTemplate.execute(JdbcTemplate.java:653)
	at org.springframework.jdbc.core.JdbcTemplate.query(JdbcTemplate.java:723)
	at org.springframework.jdbc.core.JdbcTemplate.query(JdbcTemplate.java:754)
	at org.springframework.jdbc.core.JdbcTemplate.query(JdbcTemplate.java:767)
	at org.springframework.jdbc.core.JdbcTemplate.query(JdbcTemplate.java:820)
	at org.springframework.jdbc.core.JdbcTemplate.queryForList(JdbcTemplate.java:952)
	at com.chinacreator.gzcm.engine.cognitive2.service.EvidenceStore.list(EvidenceStore.java:120)
	at com.chinacreator.gzcm.engine.cognitive2.service.CognitiveEvidenceService.list(CognitiveEvidenceService.java:148)
	at com.chinacreator.gzcm.engine.cognitive2.service.mental.MentalScanTask.scanOnce(MentalScanTask.java:94)
	at com.chinacreator.gzcm.engine.cognitive2.service.mental.MentalScanTask$MentalScanTaskExecutor.execute(MentalScanTask.java:163)
	at com.chinacreator.gzcm.runtime.core.task.service.impl.TaskManagementServiceImpl.executeTask(TaskManagementServiceImpl.java:204)
	at com.chinacreator.gzcm.runtime.core.task.service.impl.TaskManagementServiceImpl.submitAndExecute(TaskManagementServiceImpl.java:343)
	at com.chinacreator.gzcm.runtime.core.task.scheduling.TaskSchedulerServiceImpl.executeTask(TaskSchedulerServiceImpl.java:322)
	at com.chinacreator.gzcm.runtime.core.task.scheduling.TaskSchedulerServiceImpl.lambda$schedulePeriodicTask$3(TaskSchedulerServiceImpl.java:231)
	at java.base/java.util.concurrent.Executors$RunnableAdapter.call(Executors.java:539)
	at java.base/java.util.concurrent.FutureTask.runAndReset(FutureTask.java:305)
	at java.base/java.util.concurrent.ScheduledThreadPoolExecutor$ScheduledFutureTask.run(ScheduledThreadPoolExecutor.java:305)
	at java.base/java.util.concurrent.ThreadPoolExecutor.runWorker(ThreadPoolExecutor.java:1136)
	at java.base/java.util.concurrent.ThreadPoolExecutor$Worker.run(ThreadPoolExecutor.java:635)
	at java.base/java.lang.Thread.run(Thread.java:840)
Caused by: java.sql.SQLException: HikariDataSource HikariDataSource (AimingHikariCP) has been closed.
	at com.zaxxer.hikari.HikariDataSource.getConnection(HikariDataSource.java:96)
	at org.springframework.jdbc.datasource.DataSourceUtils.fetchConnection(DataSourceUtils.java:160)
	at org.springframework.jdbc.datasource.DataSourceUtils.doGetConnection(DataSourceUtils.java:118)
	at org.springframework.jdbc.datasource.DataSourceUtils.getConnection(DataSourceUtils.java:81)
	... 20 common frames omitted
2026-10-02 19:46:34.473 [pool-3-thread-3] [] WARN  c.c.g.r.c.t.c.AgentCronTaskExecutor - AgentCronTaskExecutor.onError: taskId=a2731d5d-92a0-4dcc-8651-8295b1cdc1f4, error=cognitive mental scan failed
2026-10-02 19:46:34.474 [pool-3-thread-3] [] WARN  c.c.g.r.c.t.s.TaskSchedulerServiceImpl - 定时任务提交失败 taskId=a2731d5d-92a0-4dcc-8651-8295b1cdc1f4 scheduleId=c75431f7-3451-4a76-af7c-6089a4e233ae: Task execution failed: cognitive mental scan failed
2026-10-02 19:56:34.459 [pool-3-thread-3] [] INFO  c.c.g.r.c.t.s.i.TaskManagementServiceImpl - 任务已提交: taskId=a2731d5d-92a0-4dcc-8651-8295b1cdc1f4, taskName=cognitive-mental-scan
2026-10-02 19:56:34.470 [pool-3-thread-3] [] INFO  c.c.g.r.c.t.s.i.TaskManagementServiceImpl - 任务已解析: taskId=a2731d5d-92a0-4dcc-8651-8295b1cdc1f4
2026-10-02 19:56:34.471 [pool-3-thread-3] [] ERROR c.c.g.e.c.s.mental.MentalScanTask - PMO-59 心智层补算任务执行失败: Failed to obtain JDBC Connection
org.springframework.jdbc.CannotGetJdbcConnectionException: Failed to obtain JDBC Connection
	at org.springframework.jdbc.datasource.DataSourceUtils.getConnection(DataSourceUtils.java:84)
	at org.springframework.jdbc.core.JdbcTemplate.execute(JdbcTemplate.java:653)
	at org.springframework.jdbc.core.JdbcTemplate.query(JdbcTemplate.java:723)
	at org.springframework.jdbc.core.JdbcTemplate.query(JdbcTemplate.java:754)
	at org.springframework.jdbc.core.JdbcTemplate.query(JdbcTemplate.java:767)
	at org.springframework.jdbc.core.JdbcTemplate.query(JdbcTemplate.java:820)
	at org.springframework.jdbc.core.JdbcTemplate.queryForList(JdbcTemplate.java:952)
	at com.chinacreator.gzcm.engine.cognitive2.service.EvidenceStore.list(EvidenceStore.java:120)
	at com.chinacreator.gzcm.engine.cognitive2.service.CognitiveEvidenceService.list(CognitiveEvidenceService.java:148)
	at com.chinacreator.gzcm.engine.cognitive2.service.mental.MentalScanTask.scanOnce(MentalScanTask.java:94)
	at com.chinacreator.gzcm.engine.cognitive2.service.mental.MentalScanTask$MentalScanTaskExecutor.execute(MentalScanTask.java:163)
	at com.chinacreator.gzcm.runtime.core.task.service.impl.TaskManagementServiceImpl.executeTask(TaskManagementServiceImpl.java:204)
	at com.chinacreator.gzcm.runtime.core.task.service.impl.TaskManagementServiceImpl.submitAndExecute(TaskManagementServiceImpl.java:343)
	at com.chinacreator.gzcm.runtime.core.task.scheduling.TaskSchedulerServiceImpl.executeTask(TaskSchedulerServiceImpl.java:322)
	at com.chinacreator.gzcm.runtime.core.task.scheduling.TaskSchedulerServiceImpl.lambda$schedulePeriodicTask$3(TaskSchedulerServiceImpl.java:231)
	at java.base/java.util.concurrent.Executors$RunnableAdapter.call(Executors.java:539)
	at java.base/java.util.concurrent.FutureTask.runAndReset(FutureTask.java:305)
	at java.base/java.util.concurrent.ScheduledThreadPoolExecutor$ScheduledFutureTask.run(ScheduledThreadPoolExecutor.java:305)
	at java.base/java.util.concurrent.ThreadPoolExecutor.runWorker(ThreadPoolExecutor.java:1136)
	at java.base/java.util.concurrent.ThreadPoolExecutor$Worker.run(ThreadPoolExecutor.java:635)
	at java.base/java.lang.Thread.run(Thread.java:840)
Caused by: java.sql.SQLException: HikariDataSource HikariDataSource (AimingHikariCP) has been closed.
	at com.zaxxer.hikari.HikariDataSource.getConnection(HikariDataSource.java:96)
	at org.springframework.jdbc.datasource.DataSourceUtils.fetchConnection(DataSourceUtils.java:160)
	at org.springframework.jdbc.datasource.DataSourceUtils.doGetConnection(DataSourceUtils.java:118)
	at org.springframework.jdbc.datasource.DataSourceUtils.getConnection(DataSourceUtils.java:81)
	... 20 common frames omitted
2026-10-02 19:56:34.472 [pool-3-thread-3] [] WARN  c.c.g.r.c.t.c.AgentCronTaskExecutor - AgentCronTaskExecutor.onError: taskId=a2731d5d-92a0-4dcc-8651-8295b1cdc1f4, error=cognitive mental scan failed
2026-10-02 19:56:34.473 [pool-3-thread-3] [] WARN  c.c.g.r.c.t.s.TaskSchedulerServiceImpl - 定时任务提交失败 taskId=a2731d5d-92a0-4dcc-8651-8295b1cdc1f4 scheduleId=c75431f7-3451-4a76-af7c-6089a4e233ae: Task execution failed: cognitive mental scan failed
2026-10-02 20:06:34.462 [pool-3-thread-3] [] INFO  c.c.g.r.c.t.s.i.TaskManagementServiceImpl - 任务已提交: taskId=a2731d5d-92a0-4dcc-8651-8295b1cdc1f4, taskName=cognitive-mental-scan
2026-10-02 20:06:34.465 [pool-3-thread-3] [] INFO  c.c.g.r.c.t.s.i.TaskManagementServiceImpl - 任务已解析: taskId=a2731d5d-92a0-4dcc-8651-8295b1cdc1f4
2026-10-02 20:06:34.466 [pool-3-thread-3] [] ERROR c.c.g.e.c.s.mental.MentalScanTask - PMO-59 心智层补算任务执行失败: Failed to obtain JDBC Connection
org.springframework.jdbc.CannotGetJdbcConnectionException: Failed to obtain JDBC Connection
	at org.springframework.jdbc.datasource.DataSourceUtils.getConnection(DataSourceUtils.java:84)
	at org.springframework.jdbc.core.JdbcTemplate.execute(JdbcTemplate.java:653)
	at org.springframework.jdbc.core.JdbcTemplate.query(JdbcTemplate.java:723)
	at org.springframework.jdbc.core.JdbcTemplate.query(JdbcTemplate.java:754)
	at org.springframework.jdbc.core.JdbcTemplate.query(JdbcTemplate.java:767)
	at org.springframework.jdbc.core.JdbcTemplate.query(JdbcTemplate.java:820)
	at org.springframework.jdbc.core.JdbcTemplate.queryForList(JdbcTemplate.java:952)
	at com.chinacreator.gzcm.engine.cognitive2.service.EvidenceStore.list(EvidenceStore.java:120)
	at com.chinacreator.gzcm.engine.cognitive2.service.CognitiveEvidenceService.list(CognitiveEvidenceService.java:148)
	at com.chinacreator.gzcm.engine.cognitive2.service.mental.MentalScanTask.scanOnce(MentalScanTask.java:94)
	at com.chinacreator.gzcm.engine.cognitive2.service.mental.MentalScanTask$MentalScanTaskExecutor.execute(MentalScanTask.java:163)
	at com.chinacreator.gzcm.runtime.core.task.service.impl.TaskManagementServiceImpl.executeTask(TaskManagementServiceImpl.java:204)
	at com.chinacreator.gzcm.runtime.core.task.service.impl.TaskManagementServiceImpl.submitAndExecute(TaskManagementServiceImpl.java:343)
	at com.chinacreator.gzcm.runtime.core.task.scheduling.TaskSchedulerServiceImpl.executeTask(TaskSchedulerServiceImpl.java:322)
	at com.chinacreator.gzcm.runtime.core.task.scheduling.TaskSchedulerServiceImpl.lambda$schedulePeriodicTask$3(TaskSchedulerServiceImpl.java:231)
	at java.base/java.util.concurrent.Executors$RunnableAdapter.call(Executors.java:539)
	at java.base/java.util.concurrent.FutureTask.runAndReset(FutureTask.java:305)
	at java.base/java.util.concurrent.ScheduledThreadPoolExecutor$ScheduledFutureTask.run(ScheduledThreadPoolExecutor.java:305)
	at java.base/java.util.concurrent.ThreadPoolExecutor.runWorker(ThreadPoolExecutor.java:1136)
	at java.base/java.util.concurrent.ThreadPoolExecutor$Worker.run(ThreadPoolExecutor.java:635)
	at java.base/java.lang.Thread.run(Thread.java:840)
Caused by: java.sql.SQLException: HikariDataSource HikariDataSource (AimingHikariCP) has been closed.
	at com.zaxxer.hikari.HikariDataSource.getConnection(HikariDataSource.java:96)
	at org.springframework.jdbc.datasource.DataSourceUtils.fetchConnection(DataSourceUtils.java:160)
	at org.springframework.jdbc.datasource.DataSourceUtils.doGetConnection(DataSourceUtils.java:118)
	at org.springframework.jdbc.datasource.DataSourceUtils.getConnection(DataSourceUtils.java:81)
	... 20 common frames omitted
2026-10-02 20:06:34.469 [pool-3-thread-3] [] WARN  c.c.g.r.c.t.c.AgentCronTaskExecutor - AgentCronTaskExecutor.onError: taskId=a2731d5d-92a0-4dcc-8651-8295b1cdc1f4, error=cognitive mental scan failed
2026-10-02 20:06:34.470 [pool-3-thread-3] [] WARN  c.c.g.r.c.t.s.TaskSchedulerServiceImpl - 定时任务提交失败 taskId=a2731d5d-92a0-4dcc-8651-8295b1cdc1f4 scheduleId=c75431f7-3451-4a76-af7c-6089a4e233ae: Task execution failed: cognitive mental scan failed
2026-10-02 20:16:34.462 [pool-3-thread-3] [] INFO  c.c.g.r.c.t.s.i.TaskManagementServiceImpl - 任务已提交: taskId=a2731d5d-92a0-4dcc-8651-8295b1cdc1f4, taskName=cognitive-mental-scan
2026-10-02 20:16:34.465 [pool-3-thread-3] [] INFO  c.c.g.r.c.t.s.i.TaskManagementServiceImpl - 任务已解析: taskId=a2731d5d-92a0-4dcc-8651-8295b1cdc1f4
2026-10-02 20:16:34.467 [pool-3-thread-3] [] ERROR c.c.g.e.c.s.mental.MentalScanTask - PMO-59 心智层补算任务执行失败: Failed to obtain JDBC Connection
org.springframework.jdbc.CannotGetJdbcConnectionException: Failed to obtain JDBC Connection
	at org.springframework.jdbc.datasource.DataSourceUtils.getConnection(DataSourceUtils.java:84)
	at org.springframework.jdbc.core.JdbcTemplate.execute(JdbcTemplate.java:653)
	at org.springframework.jdbc.core.JdbcTemplate.query(JdbcTemplate.java:723)
	at org.springframework.jdbc.core.JdbcTemplate.query(JdbcTemplate.java:754)
	at org.springframework.jdbc.core.JdbcTemplate.query(JdbcTemplate.java:767)
	at org.springframework.jdbc.core.JdbcTemplate.query(JdbcTemplate.java:820)
	at org.springframework.jdbc.core.JdbcTemplate.queryForList(JdbcTemplate.java:952)
	at com.chinacreator.gzcm.engine.cognitive2.service.EvidenceStore.list(EvidenceStore.java:120)
	at com.chinacreator.gzcm.engine.cognitive2.service.CognitiveEvidenceService.list(CognitiveEvidenceService.java:148)
	at com.chinacreator.gzcm.engine.cognitive2.service.mental.MentalScanTask.scanOnce(MentalScanTask.java:94)
	at com.chinacreator.gzcm.engine.cognitive2.service.mental.MentalScanTask$MentalScanTaskExecutor.execute(MentalScanTask.java:163)
	at com.chinacreator.gzcm.runtime.core.task.service.impl.TaskManagementServiceImpl.executeTask(TaskManagementServiceImpl.java:204)
	at com.chinacreator.gzcm.runtime.core.task.service.impl.TaskManagementServiceImpl.submitAndExecute(TaskManagementServiceImpl.java:343)
	at com.chinacreator.gzcm.runtime.core.task.scheduling.TaskSchedulerServiceImpl.executeTask(TaskSchedulerServiceImpl.java:322)
	at com.chinacreator.gzcm.runtime.core.task.scheduling.TaskSchedulerServiceImpl.lambda$schedulePeriodicTask$3(TaskSchedulerServiceImpl.java:231)
	at java.base/java.util.concurrent.Executors$RunnableAdapter.call(Executors.java:539)
	at java.base/java.util.concurrent.FutureTask.runAndReset(FutureTask.java:305)
	at java.base/java.util.concurrent.ScheduledThreadPoolExecutor$ScheduledFutureTask.run(ScheduledThreadPoolExecutor.java:305)
	at java.base/java.util.concurrent.ThreadPoolExecutor.runWorker(ThreadPoolExecutor.java:1136)
	at java.base/java.util.concurrent.ThreadPoolExecutor$Worker.run(ThreadPoolExecutor.java:635)
	at java.base/java.lang.Thread.run(Thread.java:840)
Caused by: java.sql.SQLException: HikariDataSource HikariDataSource (AimingHikariCP) has been closed.
	at com.zaxxer.hikari.HikariDataSource.getConnection(HikariDataSource.java:96)
	at org.springframework.jdbc.datasource.DataSourceUtils.fetchConnection(DataSourceUtils.java:160)
	at org.springframework.jdbc.datasource.DataSourceUtils.doGetConnection(DataSourceUtils.java:118)
	at org.springframework.jdbc.datasource.DataSourceUtils.getConnection(DataSourceUtils.java:81)
	... 20 common frames omitted
2026-10-02 20:16:34.470 [pool-3-thread-3] [] WARN  c.c.g.r.c.t.c.AgentCronTaskExecutor - AgentCronTaskExecutor.onError: taskId=a2731d5d-92a0-4dcc-8651-8295b1cdc1f4, error=cognitive mental scan failed
2026-10-02 20:16:34.471 [pool-3-thread-3] [] WARN  c.c.g.r.c.t.s.TaskSchedulerServiceImpl - 定时任务提交失败 taskId=a2731d5d-92a0-4dcc-8651-8295b1cdc1f4 scheduleId=c75431f7-3451-4a76-af7c-6089a4e233ae: Task execution failed: cognitive mental scan failed
2026-10-02 20:26:34.470 [pool-3-thread-3] [] INFO  c.c.g.r.c.t.s.i.TaskManagementServiceImpl - 任务已提交: taskId=a2731d5d-92a0-4dcc-8651-8295b1cdc1f4, taskName=cognitive-mental-scan
2026-10-02 20:26:34.472 [pool-3-thread-3] [] INFO  c.c.g.r.c.t.s.i.TaskManagementServiceImpl - 任务已解析: taskId=a2731d5d-92a0-4dcc-8651-8295b1cdc1f4
2026-10-02 20:26:34.473 [pool-3-thread-3] [] ERROR c.c.g.e.c.s.mental.MentalScanTask - PMO-59 心智层补算任务执行失败: Failed to obtain JDBC Connection
org.springframework.jdbc.CannotGetJdbcConnectionException: Failed to obtain JDBC Connection
	at org.springframework.jdbc.datasource.DataSourceUtils.getConnection(DataSourceUtils.java:84)
	at org.springframework.jdbc.core.JdbcTemplate.execute(JdbcTemplate.java:653)
	at org.springframework.jdbc.core.JdbcTemplate.query(JdbcTemplate.java:723)
	at org.springframework.jdbc.core.JdbcTemplate.query(JdbcTemplate.java:754)
	at org.springframework.jdbc.core.JdbcTemplate.query(JdbcTemplate.java:767)
	at org.springframework.jdbc.core.JdbcTemplate.query(JdbcTemplate.java:820)
	at org.springframework.jdbc.core.JdbcTemplate.queryForList(JdbcTemplate.java:952)
	at com.chinacreator.gzcm.engine.cognitive2.service.EvidenceStore.list(EvidenceStore.java:120)
	at com.chinacreator.gzcm.engine.cognitive2.service.CognitiveEvidenceService.list(CognitiveEvidenceService.java:148)
	at com.chinacreator.gzcm.engine.cognitive2.service.mental.MentalScanTask.scanOnce(MentalScanTask.java:94)
	at com.chinacreator.gzcm.engine.cognitive2.service.mental.MentalScanTask$MentalScanTaskExecutor.execute(MentalScanTask.java:163)
	at com.chinacreator.gzcm.runtime.core.task.service.impl.TaskManagementServiceImpl.executeTask(TaskManagementServiceImpl.java:204)
	at com.chinacreator.gzcm.runtime.core.task.service.impl.TaskManagementServiceImpl.submitAndExecute(TaskManagementServiceImpl.java:343)
	at com.chinacreator.gzcm.runtime.core.task.scheduling.TaskSchedulerServiceImpl.executeTask(TaskSchedulerServiceImpl.java:322)
	at com.chinacreator.gzcm.runtime.core.task.scheduling.TaskSchedulerServiceImpl.lambda$schedulePeriodicTask$3(TaskSchedulerServiceImpl.java:231)
	at java.base/java.util.concurrent.Executors$RunnableAdapter.call(Executors.java:539)
	at java.base/java.util.concurrent.FutureTask.runAndReset(FutureTask.java:305)
	at java.base/java.util.concurrent.ScheduledThreadPoolExecutor$ScheduledFutureTask.run(ScheduledThreadPoolExecutor.java:305)
	at java.base/java.util.concurrent.ThreadPoolExecutor.runWorker(ThreadPoolExecutor.java:1136)
	at java.base/java.util.concurrent.ThreadPoolExecutor$Worker.run(ThreadPoolExecutor.java:635)
	at java.base/java.lang.Thread.run(Thread.java:840)
Caused by: java.sql.SQLException: HikariDataSource HikariDataSource (AimingHikariCP) has been closed.
	at com.zaxxer.hikari.HikariDataSource.getConnection(HikariDataSource.java:96)
	at org.springframework.jdbc.datasource.DataSourceUtils.fetchConnection(DataSourceUtils.java:160)
	at org.springframework.jdbc.datasource.DataSourceUtils.doGetConnection(DataSourceUtils.java:118)
	at org.springframework.jdbc.datasource.DataSourceUtils.getConnection(DataSourceUtils.java:81)
	... 20 common frames omitted
2026-10-02 20:26:34.474 [pool-3-thread-3] [] WARN  c.c.g.r.c.t.c.AgentCronTaskExecutor - AgentCronTaskExecutor.onError: taskId=a2731d5d-92a0-4dcc-8651-8295b1cdc1f4, error=cognitive mental scan failed
2026-10-02 20:26:34.475 [pool-3-thread-3] [] WARN  c.c.g.r.c.t.s.TaskSchedulerServiceImpl - 定时任务提交失败 taskId=a2731d5d-92a0-4dcc-8651-8295b1cdc1f4 scheduleId=c75431f7-3451-4a76-af7c-6089a4e233ae: Task execution failed: cognitive mental scan failed
2026-10-02 20:36:34.470 [pool-3-thread-3] [] INFO  c.c.g.r.c.t.s.i.TaskManagementServiceImpl - 任务已提交: taskId=a2731d5d-92a0-4dcc-8651-8295b1cdc1f4, taskName=cognitive-mental-scan
2026-10-02 20:36:34.472 [pool-3-thread-3] [] INFO  c.c.g.r.c.t.s.i.TaskManagementServiceImpl - 任务已解析: taskId=a2731d5d-92a0-4dcc-8651-8295b1cdc1f4
2026-10-02 20:36:34.472 [pool-3-thread-3] [] ERROR c.c.g.e.c.s.mental.MentalScanTask - PMO-59 心智层补算任务执行失败: Failed to obtain JDBC Connection
org.springframework.jdbc.CannotGetJdbcConnectionException: Failed to obtain JDBC Connection
	at org.springframework.jdbc.datasource.DataSourceUtils.getConnection(DataSourceUtils.java:84)
	at org.springframework.jdbc.core.JdbcTemplate.execute(JdbcTemplate.java:653)
	at org.springframework.jdbc.core.JdbcTemplate.query(JdbcTemplate.java:723)
	at org.springframework.jdbc.core.JdbcTemplate.query(JdbcTemplate.java:754)
	at org.springframework.jdbc.core.JdbcTemplate.query(JdbcTemplate.java:767)
	at org.springframework.jdbc.core.JdbcTemplate.query(JdbcTemplate.java:820)
	at org.springframework.jdbc.core.JdbcTemplate.queryForList(JdbcTemplate.java:952)
	at com.chinacreator.gzcm.engine.cognitive2.service.EvidenceStore.list(EvidenceStore.java:120)
	at com.chinacreator.gzcm.engine.cognitive2.service.CognitiveEvidenceService.list(CognitiveEvidenceService.java:148)
	at com.chinacreator.gzcm.engine.cognitive2.service.mental.MentalScanTask.scanOnce(MentalScanTask.java:94)
	at com.chinacreator.gzcm.engine.cognitive2.service.mental.MentalScanTask$MentalScanTaskExecutor.execute(MentalScanTask.java:163)
	at com.chinacreator.gzcm.runtime.core.task.service.impl.TaskManagementServiceImpl.executeTask(TaskManagementServiceImpl.java:204)
	at com.chinacreator.gzcm.runtime.core.task.service.impl.TaskManagementServiceImpl.submitAndExecute(TaskManagementServiceImpl.java:343)
	at com.chinacreator.gzcm.runtime.core.task.scheduling.TaskSchedulerServiceImpl.executeTask(TaskSchedulerServiceImpl.java:322)
	at com.chinacreator.gzcm.runtime.core.task.scheduling.TaskSchedulerServiceImpl.lambda$schedulePeriodicTask$3(TaskSchedulerServiceImpl.java:231)
	at java.base/java.util.concurrent.Executors$RunnableAdapter.call(Executors.java:539)
	at java.base/java.util.concurrent.FutureTask.runAndReset(FutureTask.java:305)
	at java.base/java.util.concurrent.ScheduledThreadPoolExecutor$ScheduledFutureTask.run(ScheduledThreadPoolExecutor.java:305)
	at java.base/java.util.concurrent.ThreadPoolExecutor.runWorker(ThreadPoolExecutor.java:1136)
	at java.base/java.util.concurrent.ThreadPoolExecutor$Worker.run(ThreadPoolExecutor.java:635)
	at java.base/java.lang.Thread.run(Thread.java:840)
Caused by: java.sql.SQLException: HikariDataSource HikariDataSource (AimingHikariCP) has been closed.
	at com.zaxxer.hikari.HikariDataSource.getConnection(HikariDataSource.java:96)
	at org.springframework.jdbc.datasource.DataSourceUtils.fetchConnection(DataSourceUtils.java:160)
	at org.springframework.jdbc.datasource.DataSourceUtils.doGetConnection(DataSourceUtils.java:118)
	at org.springframework.jdbc.datasource.DataSourceUtils.getConnection(DataSourceUtils.java:81)
	... 20 common frames omitted
2026-10-02 20:36:34.474 [pool-3-thread-3] [] WARN  c.c.g.r.c.t.c.AgentCronTaskExecutor - AgentCronTaskExecutor.onError: taskId=a2731d5d-92a0-4dcc-8651-8295b1cdc1f4, error=cognitive mental scan failed
2026-10-02 20:36:34.475 [pool-3-thread-3] [] WARN  c.c.g.r.c.t.s.TaskSchedulerServiceImpl - 定时任务提交失败 taskId=a2731d5d-92a0-4dcc-8651-8295b1cdc1f4 scheduleId=c75431f7-3451-4a76-af7c-6089a4e233ae: Task execution failed: cognitive mental scan failed
2026-10-02 20:46:34.470 [pool-3-thread-3] [] INFO  c.c.g.r.c.t.s.i.TaskManagementServiceImpl - 任务已提交: taskId=a2731d5d-92a0-4dcc-8651-8295b1cdc1f4, taskName=cognitive-mental-scan
2026-10-02 20:46:34.472 [pool-3-thread-3] [] INFO  c.c.g.r.c.t.s.i.TaskManagementServiceImpl - 任务已解析: taskId=a2731d5d-92a0-4dcc-8651-8295b1cdc1f4
2026-10-02 20:46:34.474 [pool-3-thread-3] [] ERROR c.c.g.e.c.s.mental.MentalScanTask - PMO-59 心智层补算任务执行失败: Failed to obtain JDBC Connection
org.springframework.jdbc.CannotGetJdbcConnectionException: Failed to obtain JDBC Connection
	at org.springframework.jdbc.datasource.DataSourceUtils.getConnection(DataSourceUtils.java:84)
	at org.springframework.jdbc.core.JdbcTemplate.execute(JdbcTemplate.java:653)
	at org.springframework.jdbc.core.JdbcTemplate.query(JdbcTemplate.java:723)
	at org.springframework.jdbc.core.JdbcTemplate.query(JdbcTemplate.java:754)
	at org.springframework.jdbc.core.JdbcTemplate.query(JdbcTemplate.java:767)
	at org.springframework.jdbc.core.JdbcTemplate.query(JdbcTemplate.java:820)
	at org.springframework.jdbc.core.JdbcTemplate.queryForList(JdbcTemplate.java:952)
	at com.chinacreator.gzcm.engine.cognitive2.service.EvidenceStore.list(EvidenceStore.java:120)
	at com.chinacreator.gzcm.engine.cognitive2.service.CognitiveEvidenceService.list(CognitiveEvidenceService.java:148)
	at com.chinacreator.gzcm.engine.cognitive2.service.mental.MentalScanTask.scanOnce(MentalScanTask.java:94)
	at com.chinacreator.gzcm.engine.cognitive2.service.mental.MentalScanTask$MentalScanTaskExecutor.execute(MentalScanTask.java:163)
	at com.chinacreator.gzcm.runtime.core.task.service.impl.TaskManagementServiceImpl.executeTask(TaskManagementServiceImpl.java:204)
	at com.chinacreator.gzcm.runtime.core.task.service.impl.TaskManagementServiceImpl.submitAndExecute(TaskManagementServiceImpl.java:343)
	at com.chinacreator.gzcm.runtime.core.task.scheduling.TaskSchedulerServiceImpl.executeTask(TaskSchedulerServiceImpl.java:322)
	at com.chinacreator.gzcm.runtime.core.task.scheduling.TaskSchedulerServiceImpl.lambda$schedulePeriodicTask$3(TaskSchedulerServiceImpl.java:231)
	at java.base/java.util.concurrent.Executors$RunnableAdapter.call(Executors.java:539)
	at java.base/java.util.concurrent.FutureTask.runAndReset(FutureTask.java:305)
	at java.base/java.util.concurrent.ScheduledThreadPoolExecutor$ScheduledFutureTask.run(ScheduledThreadPoolExecutor.java:305)
	at java.base/java.util.concurrent.ThreadPoolExecutor.runWorker(ThreadPoolExecutor.java:1136)
	at java.base/java.util.concurrent.ThreadPoolExecutor$Worker.run(ThreadPoolExecutor.java:635)
	at java.base/java.lang.Thread.run(Thread.java:840)
Caused by: java.sql.SQLException: HikariDataSource HikariDataSource (AimingHikariCP) has been closed.
	at com.zaxxer.hikari.HikariDataSource.getConnection(HikariDataSource.java:96)
	at org.springframework.jdbc.datasource.DataSourceUtils.fetchConnection(DataSourceUtils.java:160)
	at org.springframework.jdbc.datasource.DataSourceUtils.doGetConnection(DataSourceUtils.java:118)
	at org.springframework.jdbc.datasource.DataSourceUtils.getConnection(DataSourceUtils.java:81)
	... 20 common frames omitted
2026-10-02 20:46:34.477 [pool-3-thread-3] [] WARN  c.c.g.r.c.t.c.AgentCronTaskExecutor - AgentCronTaskExecutor.onError: taskId=a2731d5d-92a0-4dcc-8651-8295b1cdc1f4, error=cognitive mental scan failed
2026-10-02 20:46:34.478 [pool-3-thread-3] [] WARN  c.c.g.r.c.t.s.TaskSchedulerServiceImpl - 定时任务提交失败 taskId=a2731d5d-92a0-4dcc-8651-8295b1cdc1f4 scheduleId=c75431f7-3451-4a76-af7c-6089a4e233ae: Task execution failed: cognitive mental scan failed
2026-10-02 20:56:34.461 [pool-3-thread-3] [] INFO  c.c.g.r.c.t.s.i.TaskManagementServiceImpl - 任务已提交: taskId=a2731d5d-92a0-4dcc-8651-8295b1cdc1f4, taskName=cognitive-mental-scan
2026-10-02 20:56:34.472 [pool-3-thread-3] [] INFO  c.c.g.r.c.t.s.i.TaskManagementServiceImpl - 任务已解析: taskId=a2731d5d-92a0-4dcc-8651-8295b1cdc1f4
2026-10-02 20:56:34.474 [pool-3-thread-3] [] ERROR c.c.g.e.c.s.mental.MentalScanTask - PMO-59 心智层补算任务执行失败: Failed to obtain JDBC Connection
org.springframework.jdbc.CannotGetJdbcConnectionException: Failed to obtain JDBC Connection
	at org.springframework.jdbc.datasource.DataSourceUtils.getConnection(DataSourceUtils.java:84)
	at org.springframework.jdbc.core.JdbcTemplate.execute(JdbcTemplate.java:653)
	at org.springframework.jdbc.core.JdbcTemplate.query(JdbcTemplate.java:723)
	at org.springframework.jdbc.core.JdbcTemplate.query(JdbcTemplate.java:754)
	at org.springframework.jdbc.core.JdbcTemplate.query(JdbcTemplate.java:767)
	at org.springframework.jdbc.core.JdbcTemplate.query(JdbcTemplate.java:820)
	at org.springframework.jdbc.core.JdbcTemplate.queryForList(JdbcTemplate.java:952)
	at com.chinacreator.gzcm.engine.cognitive2.service.EvidenceStore.list(EvidenceStore.java:120)
	at com.chinacreator.gzcm.engine.cognitive2.service.CognitiveEvidenceService.list(CognitiveEvidenceService.java:148)
	at com.chinacreator.gzcm.engine.cognitive2.service.mental.MentalScanTask.scanOnce(MentalScanTask.java:94)
	at com.chinacreator.gzcm.engine.cognitive2.service.mental.MentalScanTask$MentalScanTaskExecutor.execute(MentalScanTask.java:163)
	at com.chinacreator.gzcm.runtime.core.task.service.impl.TaskManagementServiceImpl.executeTask(TaskManagementServiceImpl.java:204)
	at com.chinacreator.gzcm.runtime.core.task.service.impl.TaskManagementServiceImpl.submitAndExecute(TaskManagementServiceImpl.java:343)
	at com.chinacreator.gzcm.runtime.core.task.scheduling.TaskSchedulerServiceImpl.executeTask(TaskSchedulerServiceImpl.java:322)
	at com.chinacreator.gzcm.runtime.core.task.scheduling.TaskSchedulerServiceImpl.lambda$schedulePeriodicTask$3(TaskSchedulerServiceImpl.java:231)
	at java.base/java.util.concurrent.Executors$RunnableAdapter.call(Executors.java:539)
	at java.base/java.util.concurrent.FutureTask.runAndReset(FutureTask.java:305)
	at java.base/java.util.concurrent.ScheduledThreadPoolExecutor$ScheduledFutureTask.run(ScheduledThreadPoolExecutor.java:305)
	at java.base/java.util.concurrent.ThreadPoolExecutor.runWorker(ThreadPoolExecutor.java:1136)
	at java.base/java.util.concurrent.ThreadPoolExecutor$Worker.run(ThreadPoolExecutor.java:635)
	at java.base/java.lang.Thread.run(Thread.java:840)
Caused by: java.sql.SQLException: HikariDataSource HikariDataSource (AimingHikariCP) has been closed.
	at com.zaxxer.hikari.HikariDataSource.getConnection(HikariDataSource.java:96)
	at org.springframework.jdbc.datasource.DataSourceUtils.fetchConnection(DataSourceUtils.java:160)
	at org.springframework.jdbc.datasource.DataSourceUtils.doGetConnection(DataSourceUtils.java:118)
	at org.springframework.jdbc.datasource.DataSourceUtils.getConnection(DataSourceUtils.java:81)
	... 20 common frames omitted
2026-10-02 20:56:34.477 [pool-3-thread-3] [] WARN  c.c.g.r.c.t.c.AgentCronTaskExecutor - AgentCronTaskExecutor.onError: taskId=a2731d5d-92a0-4dcc-8651-8295b1cdc1f4, error=cognitive mental scan failed
2026-10-02 20:56:34.479 [pool-3-thread-3] [] WARN  c.c.g.r.c.t.s.TaskSchedulerServiceImpl - 定时任务提交失败 taskId=a2731d5d-92a0-4dcc-8651-8295b1cdc1f4 scheduleId=c75431f7-3451-4a76-af7c-6089a4e233ae: Task execution failed: cognitive mental scan failed
2026-10-02 21:06:34.472 [pool-3-thread-3] [] INFO  c.c.g.r.c.t.s.i.TaskManagementServiceImpl - 任务已提交: taskId=a2731d5d-92a0-4dcc-8651-8295b1cdc1f4, taskName=cognitive-mental-scan
2026-10-02 21:06:34.473 [pool-3-thread-3] [] INFO  c.c.g.r.c.t.s.i.TaskManagementServiceImpl - 任务已解析: taskId=a2731d5d-92a0-4dcc-8651-8295b1cdc1f4
2026-10-02 21:06:34.473 [pool-3-thread-3] [] ERROR c.c.g.e.c.s.mental.MentalScanTask - PMO-59 心智层补算任务执行失败: Failed to obtain JDBC Connection
org.springframework.jdbc.CannotGetJdbcConnectionException: Failed to obtain JDBC Connection
	at org.springframework.jdbc.datasource.DataSourceUtils.getConnection(DataSourceUtils.java:84)
	at org.springframework.jdbc.core.JdbcTemplate.execute(JdbcTemplate.java:653)
	at org.springframework.jdbc.core.JdbcTemplate.query(JdbcTemplate.java:723)
	at org.springframework.jdbc.core.JdbcTemplate.query(JdbcTemplate.java:754)
	at org.springframework.jdbc.core.JdbcTemplate.query(JdbcTemplate.java:767)
	at org.springframework.jdbc.core.JdbcTemplate.query(JdbcTemplate.java:820)
	at org.springframework.jdbc.core.JdbcTemplate.queryForList(JdbcTemplate.java:952)
	at com.chinacreator.gzcm.engine.cognitive2.service.EvidenceStore.list(EvidenceStore.java:120)
	at com.chinacreator.gzcm.engine.cognitive2.service.CognitiveEvidenceService.list(CognitiveEvidenceService.java:148)
	at com.chinacreator.gzcm.engine.cognitive2.service.mental.MentalScanTask.scanOnce(MentalScanTask.java:94)
	at com.chinacreator.gzcm.engine.cognitive2.service.mental.MentalScanTask$MentalScanTaskExecutor.execute(MentalScanTask.java:163)
	at com.chinacreator.gzcm.runtime.core.task.service.impl.TaskManagementServiceImpl.executeTask(TaskManagementServiceImpl.java:204)
	at com.chinacreator.gzcm.runtime.core.task.service.impl.TaskManagementServiceImpl.submitAndExecute(TaskManagementServiceImpl.java:343)
	at com.chinacreator.gzcm.runtime.core.task.scheduling.TaskSchedulerServiceImpl.executeTask(TaskSchedulerServiceImpl.java:322)
	at com.chinacreator.gzcm.runtime.core.task.scheduling.TaskSchedulerServiceImpl.lambda$schedulePeriodicTask$3(TaskSchedulerServiceImpl.java:231)
	at java.base/java.util.concurrent.Executors$RunnableAdapter.call(Executors.java:539)
	at java.base/java.util.concurrent.FutureTask.runAndReset(FutureTask.java:305)
	at java.base/java.util.concurrent.ScheduledThreadPoolExecutor$ScheduledFutureTask.run(ScheduledThreadPoolExecutor.java:305)
	at java.base/java.util.concurrent.ThreadPoolExecutor.runWorker(ThreadPoolExecutor.java:1136)
	at java.base/java.util.concurrent.ThreadPoolExecutor$Worker.run(ThreadPoolExecutor.java:635)
	at java.base/java.lang.Thread.run(Thread.java:840)
Caused by: java.sql.SQLException: HikariDataSource HikariDataSource (AimingHikariCP) has been closed.
	at com.zaxxer.hikari.HikariDataSource.getConnection(HikariDataSource.java:96)
	at org.springframework.jdbc.datasource.DataSourceUtils.fetchConnection(DataSourceUtils.java:160)
	at org.springframework.jdbc.datasource.DataSourceUtils.doGetConnection(DataSourceUtils.java:118)
	at org.springframework.jdbc.datasource.DataSourceUtils.getConnection(DataSourceUtils.java:81)
	... 20 common frames omitted
2026-10-02 21:06:34.474 [pool-3-thread-3] [] WARN  c.c.g.r.c.t.c.AgentCronTaskExecutor - AgentCronTaskExecutor.onError: taskId=a2731d5d-92a0-4dcc-8651-8295b1cdc1f4, error=cognitive mental scan failed
2026-10-02 21:06:34.475 [pool-3-thread-3] [] WARN  c.c.g.r.c.t.s.TaskSchedulerServiceImpl - 定时任务提交失败 taskId=a2731d5d-92a0-4dcc-8651-8295b1cdc1f4 scheduleId=c75431f7-3451-4a76-af7c-6089a4e233ae: Task execution failed: cognitive mental scan failed
2026-10-02 21:16:34.467 [pool-3-thread-3] [] INFO  c.c.g.r.c.t.s.i.TaskManagementServiceImpl - 任务已提交: taskId=a2731d5d-92a0-4dcc-8651-8295b1cdc1f4, taskName=cognitive-mental-scan
2026-10-02 21:16:34.471 [pool-3-thread-3] [] INFO  c.c.g.r.c.t.s.i.TaskManagementServiceImpl - 任务已解析: taskId=a2731d5d-92a0-4dcc-8651-8295b1cdc1f4
2026-10-02 21:16:34.472 [pool-3-thread-3] [] ERROR c.c.g.e.c.s.mental.MentalScanTask - PMO-59 心智层补算任务执行失败: Failed to obtain JDBC Connection
org.springframework.jdbc.CannotGetJdbcConnectionException: Failed to obtain JDBC Connection
	at org.springframework.jdbc.datasource.DataSourceUtils.getConnection(DataSourceUtils.java:84)
	at org.springframework.jdbc.core.JdbcTemplate.execute(JdbcTemplate.java:653)
	at org.springframework.jdbc.core.JdbcTemplate.query(JdbcTemplate.java:723)
	at org.springframework.jdbc.core.JdbcTemplate.query(JdbcTemplate.java:754)
	at org.springframework.jdbc.core.JdbcTemplate.query(JdbcTemplate.java:767)
	at org.springframework.jdbc.core.JdbcTemplate.query(JdbcTemplate.java:820)
	at org.springframework.jdbc.core.JdbcTemplate.queryForList(JdbcTemplate.java:952)
	at com.chinacreator.gzcm.engine.cognitive2.service.EvidenceStore.list(EvidenceStore.java:120)
	at com.chinacreator.gzcm.engine.cognitive2.service.CognitiveEvidenceService.list(CognitiveEvidenceService.java:148)
	at com.chinacreator.gzcm.engine.cognitive2.service.mental.MentalScanTask.scanOnce(MentalScanTask.java:94)
	at com.chinacreator.gzcm.engine.cognitive2.service.mental.MentalScanTask$MentalScanTaskExecutor.execute(MentalScanTask.java:163)
	at com.chinacreator.gzcm.runtime.core.task.service.impl.TaskManagementServiceImpl.executeTask(TaskManagementServiceImpl.java:204)
	at com.chinacreator.gzcm.runtime.core.task.service.impl.TaskManagementServiceImpl.submitAndExecute(TaskManagementServiceImpl.java:343)
	at com.chinacreator.gzcm.runtime.core.task.scheduling.TaskSchedulerServiceImpl.executeTask(TaskSchedulerServiceImpl.java:322)
	at com.chinacreator.gzcm.runtime.core.task.scheduling.TaskSchedulerServiceImpl.lambda$schedulePeriodicTask$3(TaskSchedulerServiceImpl.java:231)
	at java.base/java.util.concurrent.Executors$RunnableAdapter.call(Executors.java:539)
	at java.base/java.util.concurrent.FutureTask.runAndReset(FutureTask.java:305)
	at java.base/java.util.concurrent.ScheduledThreadPoolExecutor$ScheduledFutureTask.run(ScheduledThreadPoolExecutor.java:305)
	at java.base/java.util.concurrent.ThreadPoolExecutor.runWorker(ThreadPoolExecutor.java:1136)
	at java.base/java.util.concurrent.ThreadPoolExecutor$Worker.run(ThreadPoolExecutor.java:635)
	at java.base/java.lang.Thread.run(Thread.java:840)
Caused by: java.sql.SQLException: HikariDataSource HikariDataSource (AimingHikariCP) has been closed.
	at com.zaxxer.hikari.HikariDataSource.getConnection(HikariDataSource.java:96)
	at org.springframework.jdbc.datasource.DataSourceUtils.fetchConnection(DataSourceUtils.java:160)
	at org.springframework.jdbc.datasource.DataSourceUtils.doGetConnection(DataSourceUtils.java:118)
	at org.springframework.jdbc.datasource.DataSourceUtils.getConnection(DataSourceUtils.java:81)
	... 20 common frames omitted
2026-10-02 21:16:34.474 [pool-3-thread-3] [] WARN  c.c.g.r.c.t.c.AgentCronTaskExecutor - AgentCronTaskExecutor.onError: taskId=a2731d5d-92a0-4dcc-8651-8295b1cdc1f4, error=cognitive mental scan failed
2026-10-02 21:16:34.475 [pool-3-thread-3] [] WARN  c.c.g.r.c.t.s.TaskSchedulerServiceImpl - 定时任务提交失败 taskId=a2731d5d-92a0-4dcc-8651-8295b1cdc1f4 scheduleId=c75431f7-3451-4a76-af7c-6089a4e233ae: Task execution failed: cognitive mental scan failed
2026-10-02 21:26:34.470 [pool-3-thread-3] [] INFO  c.c.g.r.c.t.s.i.TaskManagementServiceImpl - 任务已提交: taskId=a2731d5d-92a0-4dcc-8651-8295b1cdc1f4, taskName=cognitive-mental-scan
2026-10-02 21:26:34.474 [pool-3-thread-3] [] INFO  c.c.g.r.c.t.s.i.TaskManagementServiceImpl - 任务已解析: taskId=a2731d5d-92a0-4dcc-8651-8295b1cdc1f4
2026-10-02 21:26:34.475 [pool-3-thread-3] [] ERROR c.c.g.e.c.s.mental.MentalScanTask - PMO-59 心智层补算任务执行失败: Failed to obtain JDBC Connection
org.springframework.jdbc.CannotGetJdbcConnectionException: Failed to obtain JDBC Connection
	at org.springframework.jdbc.datasource.DataSourceUtils.getConnection(DataSourceUtils.java:84)
	at org.springframework.jdbc.core.JdbcTemplate.execute(JdbcTemplate.java:653)
	at org.springframework.jdbc.core.JdbcTemplate.query(JdbcTemplate.java:723)
	at org.springframework.jdbc.core.JdbcTemplate.query(JdbcTemplate.java:754)
	at org.springframework.jdbc.core.JdbcTemplate.query(JdbcTemplate.java:767)
	at org.springframework.jdbc.core.JdbcTemplate.query(JdbcTemplate.java:820)
	at org.springframework.jdbc.core.JdbcTemplate.queryForList(JdbcTemplate.java:952)
	at com.chinacreator.gzcm.engine.cognitive2.service.EvidenceStore.list(EvidenceStore.java:120)
	at com.chinacreator.gzcm.engine.cognitive2.service.CognitiveEvidenceService.list(CognitiveEvidenceService.java:148)
	at com.chinacreator.gzcm.engine.cognitive2.service.mental.MentalScanTask.scanOnce(MentalScanTask.java:94)
	at com.chinacreator.gzcm.engine.cognitive2.service.mental.MentalScanTask$MentalScanTaskExecutor.execute(MentalScanTask.java:163)
	at com.chinacreator.gzcm.runtime.core.task.service.impl.TaskManagementServiceImpl.executeTask(TaskManagementServiceImpl.java:204)
	at com.chinacreator.gzcm.runtime.core.task.service.impl.TaskManagementServiceImpl.submitAndExecute(TaskManagementServiceImpl.java:343)
	at com.chinacreator.gzcm.runtime.core.task.scheduling.TaskSchedulerServiceImpl.executeTask(TaskSchedulerServiceImpl.java:322)
	at com.chinacreator.gzcm.runtime.core.task.scheduling.TaskSchedulerServiceImpl.lambda$schedulePeriodicTask$3(TaskSchedulerServiceImpl.java:231)
	at java.base/java.util.concurrent.Executors$RunnableAdapter.call(Executors.java:539)
	at java.base/java.util.concurrent.FutureTask.runAndReset(FutureTask.java:305)
	at java.base/java.util.concurrent.ScheduledThreadPoolExecutor$ScheduledFutureTask.run(ScheduledThreadPoolExecutor.java:305)
	at java.base/java.util.concurrent.ThreadPoolExecutor.runWorker(ThreadPoolExecutor.java:1136)
	at java.base/java.util.concurrent.ThreadPoolExecutor$Worker.run(ThreadPoolExecutor.java:635)
	at java.base/java.lang.Thread.run(Thread.java:840)
Caused by: java.sql.SQLException: HikariDataSource HikariDataSource (AimingHikariCP) has been closed.
	at com.zaxxer.hikari.HikariDataSource.getConnection(HikariDataSource.java:96)
	at org.springframework.jdbc.datasource.DataSourceUtils.fetchConnection(DataSourceUtils.java:160)
	at org.springframework.jdbc.datasource.DataSourceUtils.doGetConnection(DataSourceUtils.java:118)
	at org.springframework.jdbc.datasource.DataSourceUtils.getConnection(DataSourceUtils.java:81)
	... 20 common frames omitted
2026-10-02 21:26:34.476 [pool-3-thread-3] [] WARN  c.c.g.r.c.t.c.AgentCronTaskExecutor - AgentCronTaskExecutor.onError: taskId=a2731d5d-92a0-4dcc-8651-8295b1cdc1f4, error=cognitive mental scan failed
2026-10-02 21:26:34.476 [pool-3-thread-3] [] WARN  c.c.g.r.c.t.s.TaskSchedulerServiceImpl - 定时任务提交失败 taskId=a2731d5d-92a0-4dcc-8651-8295b1cdc1f4 scheduleId=c75431f7-3451-4a76-af7c-6089a4e233ae: Task execution failed: cognitive mental scan failed
2026-10-02 21:36:34.471 [pool-3-thread-3] [] INFO  c.c.g.r.c.t.s.i.TaskManagementServiceImpl - 任务已提交: taskId=a2731d5d-92a0-4dcc-8651-8295b1cdc1f4, taskName=cognitive-mental-scan
2026-10-02 21:36:34.483 [pool-3-thread-3] [] INFO  c.c.g.r.c.t.s.i.TaskManagementServiceImpl - 任务已解析: taskId=a2731d5d-92a0-4dcc-8651-8295b1cdc1f4
2026-10-02 21:36:34.485 [pool-3-thread-3] [] ERROR c.c.g.e.c.s.mental.MentalScanTask - PMO-59 心智层补算任务执行失败: Failed to obtain JDBC Connection
org.springframework.jdbc.CannotGetJdbcConnectionException: Failed to obtain JDBC Connection
	at org.springframework.jdbc.datasource.DataSourceUtils.getConnection(DataSourceUtils.java:84)
	at org.springframework.jdbc.core.JdbcTemplate.execute(JdbcTemplate.java:653)
	at org.springframework.jdbc.core.JdbcTemplate.query(JdbcTemplate.java:723)
	at org.springframework.jdbc.core.JdbcTemplate.query(JdbcTemplate.java:754)
	at org.springframework.jdbc.core.JdbcTemplate.query(JdbcTemplate.java:767)
	at org.springframework.jdbc.core.JdbcTemplate.query(JdbcTemplate.java:820)
	at org.springframework.jdbc.core.JdbcTemplate.queryForList(JdbcTemplate.java:952)
	at com.chinacreator.gzcm.engine.cognitive2.service.EvidenceStore.list(EvidenceStore.java:120)
	at com.chinacreator.gzcm.engine.cognitive2.service.CognitiveEvidenceService.list(CognitiveEvidenceService.java:148)
	at com.chinacreator.gzcm.engine.cognitive2.service.mental.MentalScanTask.scanOnce(MentalScanTask.java:94)
	at com.chinacreator.gzcm.engine.cognitive2.service.mental.MentalScanTask$MentalScanTaskExecutor.execute(MentalScanTask.java:163)
	at com.chinacreator.gzcm.runtime.core.task.service.impl.TaskManagementServiceImpl.executeTask(TaskManagementServiceImpl.java:204)
	at com.chinacreator.gzcm.runtime.core.task.service.impl.TaskManagementServiceImpl.submitAndExecute(TaskManagementServiceImpl.java:343)
	at com.chinacreator.gzcm.runtime.core.task.scheduling.TaskSchedulerServiceImpl.executeTask(TaskSchedulerServiceImpl.java:322)
	at com.chinacreator.gzcm.runtime.core.task.scheduling.TaskSchedulerServiceImpl.lambda$schedulePeriodicTask$3(TaskSchedulerServiceImpl.java:231)
	at java.base/java.util.concurrent.Executors$RunnableAdapter.call(Executors.java:539)
	at java.base/java.util.concurrent.FutureTask.runAndReset(FutureTask.java:305)
	at java.base/java.util.concurrent.ScheduledThreadPoolExecutor$ScheduledFutureTask.run(ScheduledThreadPoolExecutor.java:305)
	at java.base/java.util.concurrent.ThreadPoolExecutor.runWorker(ThreadPoolExecutor.java:1136)
	at java.base/java.util.concurrent.ThreadPoolExecutor$Worker.run(ThreadPoolExecutor.java:635)
	at java.base/java.lang.Thread.run(Thread.java:840)
Caused by: java.sql.SQLException: HikariDataSource HikariDataSource (AimingHikariCP) has been closed.
	at com.zaxxer.hikari.HikariDataSource.getConnection(HikariDataSource.java:96)
	at org.springframework.jdbc.datasource.DataSourceUtils.fetchConnection(DataSourceUtils.java:160)
	at org.springframework.jdbc.datasource.DataSourceUtils.doGetConnection(DataSourceUtils.java:118)
	at org.springframework.jdbc.datasource.DataSourceUtils.getConnection(DataSourceUtils.java:81)
	... 20 common frames omitted
2026-10-02 21:36:34.487 [pool-3-thread-3] [] WARN  c.c.g.r.c.t.c.AgentCronTaskExecutor - AgentCronTaskExecutor.onError: taskId=a2731d5d-92a0-4dcc-8651-8295b1cdc1f4, error=cognitive mental scan failed
2026-10-02 21:36:34.489 [pool-3-thread-3] [] WARN  c.c.g.r.c.t.s.TaskSchedulerServiceImpl - 定时任务提交失败 taskId=a2731d5d-92a0-4dcc-8651-8295b1cdc1f4 scheduleId=c75431f7-3451-4a76-af7c-6089a4e233ae: Task execution failed: cognitive mental scan failed
2026-10-02 21:46:34.467 [pool-3-thread-3] [] INFO  c.c.g.r.c.t.s.i.TaskManagementServiceImpl - 任务已提交: taskId=a2731d5d-92a0-4dcc-8651-8295b1cdc1f4, taskName=cognitive-mental-scan
2026-10-02 21:46:34.479 [pool-3-thread-3] [] INFO  c.c.g.r.c.t.s.i.TaskManagementServiceImpl - 任务已解析: taskId=a2731d5d-92a0-4dcc-8651-8295b1cdc1f4
2026-10-02 21:46:34.480 [pool-3-thread-3] [] ERROR c.c.g.e.c.s.mental.MentalScanTask - PMO-59 心智层补算任务执行失败: Failed to obtain JDBC Connection
org.springframework.jdbc.CannotGetJdbcConnectionException: Failed to obtain JDBC Connection
	at org.springframework.jdbc.datasource.DataSourceUtils.getConnection(DataSourceUtils.java:84)
	at org.springframework.jdbc.core.JdbcTemplate.execute(JdbcTemplate.java:653)
	at org.springframework.jdbc.core.JdbcTemplate.query(JdbcTemplate.java:723)
	at org.springframework.jdbc.core.JdbcTemplate.query(JdbcTemplate.java:754)
	at org.springframework.jdbc.core.JdbcTemplate.query(JdbcTemplate.java:767)
	at org.springframework.jdbc.core.JdbcTemplate.query(JdbcTemplate.java:820)
	at org.springframework.jdbc.core.JdbcTemplate.queryForList(JdbcTemplate.java:952)
	at com.chinacreator.gzcm.engine.cognitive2.service.EvidenceStore.list(EvidenceStore.java:120)
	at com.chinacreator.gzcm.engine.cognitive2.service.CognitiveEvidenceService.list(CognitiveEvidenceService.java:148)
	at com.chinacreator.gzcm.engine.cognitive2.service.mental.MentalScanTask.scanOnce(MentalScanTask.java:94)
	at com.chinacreator.gzcm.engine.cognitive2.service.mental.MentalScanTask$MentalScanTaskExecutor.execute(MentalScanTask.java:163)
	at com.chinacreator.gzcm.runtime.core.task.service.impl.TaskManagementServiceImpl.executeTask(TaskManagementServiceImpl.java:204)
	at com.chinacreator.gzcm.runtime.core.task.service.impl.TaskManagementServiceImpl.submitAndExecute(TaskManagementServiceImpl.java:343)
	at com.chinacreator.gzcm.runtime.core.task.scheduling.TaskSchedulerServiceImpl.executeTask(TaskSchedulerServiceImpl.java:322)
	at com.chinacreator.gzcm.runtime.core.task.scheduling.TaskSchedulerServiceImpl.lambda$schedulePeriodicTask$3(TaskSchedulerServiceImpl.java:231)
	at java.base/java.util.concurrent.Executors$RunnableAdapter.call(Executors.java:539)
	at java.base/java.util.concurrent.FutureTask.runAndReset(FutureTask.java:305)
	at java.base/java.util.concurrent.ScheduledThreadPoolExecutor$ScheduledFutureTask.run(ScheduledThreadPoolExecutor.java:305)
	at java.base/java.util.concurrent.ThreadPoolExecutor.runWorker(ThreadPoolExecutor.java:1136)
	at java.base/java.util.concurrent.ThreadPoolExecutor$Worker.run(ThreadPoolExecutor.java:635)
	at java.base/java.lang.Thread.run(Thread.java:840)
Caused by: java.sql.SQLException: HikariDataSource HikariDataSource (AimingHikariCP) has been closed.
	at com.zaxxer.hikari.HikariDataSource.getConnection(HikariDataSource.java:96)
	at org.springframework.jdbc.datasource.DataSourceUtils.fetchConnection(DataSourceUtils.java:160)
	at org.springframework.jdbc.datasource.DataSourceUtils.doGetConnection(DataSourceUtils.java:118)
	at org.springframework.jdbc.datasource.DataSourceUtils.getConnection(DataSourceUtils.java:81)
	... 20 common frames omitted
2026-10-02 21:46:34.481 [pool-3-thread-3] [] WARN  c.c.g.r.c.t.c.AgentCronTaskExecutor - AgentCronTaskExecutor.onError: taskId=a2731d5d-92a0-4dcc-8651-8295b1cdc1f4, error=cognitive mental scan failed
2026-10-02 21:46:34.482 [pool-3-thread-3] [] WARN  c.c.g.r.c.t.s.TaskSchedulerServiceImpl - 定时任务提交失败 taskId=a2731d5d-92a0-4dcc-8651-8295b1cdc1f4 scheduleId=c75431f7-3451-4a76-af7c-6089a4e233ae: Task execution failed: cognitive mental scan failed
2026-10-02 21:56:34.471 [pool-3-thread-3] [] INFO  c.c.g.r.c.t.s.i.TaskManagementServiceImpl - 任务已提交: taskId=a2731d5d-92a0-4dcc-8651-8295b1cdc1f4, taskName=cognitive-mental-scan
2026-10-02 21:56:34.482 [pool-3-thread-3] [] INFO  c.c.g.r.c.t.s.i.TaskManagementServiceImpl - 任务已解析: taskId=a2731d5d-92a0-4dcc-8651-8295b1cdc1f4
2026-10-02 21:56:34.483 [pool-3-thread-3] [] ERROR c.c.g.e.c.s.mental.MentalScanTask - PMO-59 心智层补算任务执行失败: Failed to obtain JDBC Connection
org.springframework.jdbc.CannotGetJdbcConnectionException: Failed to obtain JDBC Connection
	at org.springframework.jdbc.datasource.DataSourceUtils.getConnection(DataSourceUtils.java:84)
	at org.springframework.jdbc.core.JdbcTemplate.execute(JdbcTemplate.java:653)
	at org.springframework.jdbc.core.JdbcTemplate.query(JdbcTemplate.java:723)
	at org.springframework.jdbc.core.JdbcTemplate.query(JdbcTemplate.java:754)
	at org.springframework.jdbc.core.JdbcTemplate.query(JdbcTemplate.java:767)
	at org.springframework.jdbc.core.JdbcTemplate.query(JdbcTemplate.java:820)
	at org.springframework.jdbc.core.JdbcTemplate.queryForList(JdbcTemplate.java:952)
	at com.chinacreator.gzcm.engine.cognitive2.service.EvidenceStore.list(EvidenceStore.java:120)
	at com.chinacreator.gzcm.engine.cognitive2.service.CognitiveEvidenceService.list(CognitiveEvidenceService.java:148)
	at com.chinacreator.gzcm.engine.cognitive2.service.mental.MentalScanTask.scanOnce(MentalScanTask.java:94)
	at com.chinacreator.gzcm.engine.cognitive2.service.mental.MentalScanTask$MentalScanTaskExecutor.execute(MentalScanTask.java:163)
	at com.chinacreator.gzcm.runtime.core.task.service.impl.TaskManagementServiceImpl.executeTask(TaskManagementServiceImpl.java:204)
	at com.chinacreator.gzcm.runtime.core.task.service.impl.TaskManagementServiceImpl.submitAndExecute(TaskManagementServiceImpl.java:343)
	at com.chinacreator.gzcm.runtime.core.task.scheduling.TaskSchedulerServiceImpl.executeTask(TaskSchedulerServiceImpl.java:322)
	at com.chinacreator.gzcm.runtime.core.task.scheduling.TaskSchedulerServiceImpl.lambda$schedulePeriodicTask$3(TaskSchedulerServiceImpl.java:231)
	at java.base/java.util.concurrent.Executors$RunnableAdapter.call(Executors.java:539)
	at java.base/java.util.concurrent.FutureTask.runAndReset(FutureTask.java:305)
	at java.base/java.util.concurrent.ScheduledThreadPoolExecutor$ScheduledFutureTask.run(ScheduledThreadPoolExecutor.java:305)
	at java.base/java.util.concurrent.ThreadPoolExecutor.runWorker(ThreadPoolExecutor.java:1136)
	at java.base/java.util.concurrent.ThreadPoolExecutor$Worker.run(ThreadPoolExecutor.java:635)
	at java.base/java.lang.Thread.run(Thread.java:840)
Caused by: java.sql.SQLException: HikariDataSource HikariDataSource (AimingHikariCP) has been closed.
	at com.zaxxer.hikari.HikariDataSource.getConnection(HikariDataSource.java:96)
	at org.springframework.jdbc.datasource.DataSourceUtils.fetchConnection(DataSourceUtils.java:160)
	at org.springframework.jdbc.datasource.DataSourceUtils.doGetConnection(DataSourceUtils.java:118)
	at org.springframework.jdbc.datasource.DataSourceUtils.getConnection(DataSourceUtils.java:81)
	... 20 common frames omitted
2026-10-02 21:56:34.485 [pool-3-thread-3] [] WARN  c.c.g.r.c.t.c.AgentCronTaskExecutor - AgentCronTaskExecutor.onError: taskId=a2731d5d-92a0-4dcc-8651-8295b1cdc1f4, error=cognitive mental scan failed
2026-10-02 21:56:34.487 [pool-3-thread-3] [] WARN  c.c.g.r.c.t.s.TaskSchedulerServiceImpl - 定时任务提交失败 taskId=a2731d5d-92a0-4dcc-8651-8295b1cdc1f4 scheduleId=c75431f7-3451-4a76-af7c-6089a4e233ae: Task execution failed: cognitive mental scan failed
2026-10-02 22:06:34.458 [pool-3-thread-3] [] INFO  c.c.g.r.c.t.s.i.TaskManagementServiceImpl - 任务已提交: taskId=a2731d5d-92a0-4dcc-8651-8295b1cdc1f4, taskName=cognitive-mental-scan
2026-10-02 22:06:34.463 [pool-3-thread-3] [] INFO  c.c.g.r.c.t.s.i.TaskManagementServiceImpl - 任务已解析: taskId=a2731d5d-92a0-4dcc-8651-8295b1cdc1f4
2026-10-02 22:06:34.466 [pool-3-thread-3] [] ERROR c.c.g.e.c.s.mental.MentalScanTask - PMO-59 心智层补算任务执行失败: Failed to obtain JDBC Connection
org.springframework.jdbc.CannotGetJdbcConnectionException: Failed to obtain JDBC Connection
	at org.springframework.jdbc.datasource.DataSourceUtils.getConnection(DataSourceUtils.java:84)
	at org.springframework.jdbc.core.JdbcTemplate.execute(JdbcTemplate.java:653)
	at org.springframework.jdbc.core.JdbcTemplate.query(JdbcTemplate.java:723)
	at org.springframework.jdbc.core.JdbcTemplate.query(JdbcTemplate.java:754)
	at org.springframework.jdbc.core.JdbcTemplate.query(JdbcTemplate.java:767)
	at org.springframework.jdbc.core.JdbcTemplate.query(JdbcTemplate.java:820)
	at org.springframework.jdbc.core.JdbcTemplate.queryForList(JdbcTemplate.java:952)
	at com.chinacreator.gzcm.engine.cognitive2.service.EvidenceStore.list(EvidenceStore.java:120)
	at com.chinacreator.gzcm.engine.cognitive2.service.CognitiveEvidenceService.list(CognitiveEvidenceService.java:148)
	at com.chinacreator.gzcm.engine.cognitive2.service.mental.MentalScanTask.scanOnce(MentalScanTask.java:94)
	at com.chinacreator.gzcm.engine.cognitive2.service.mental.MentalScanTask$MentalScanTaskExecutor.execute(MentalScanTask.java:163)
	at com.chinacreator.gzcm.runtime.core.task.service.impl.TaskManagementServiceImpl.executeTask(TaskManagementServiceImpl.java:204)
	at com.chinacreator.gzcm.runtime.core.task.service.impl.TaskManagementServiceImpl.submitAndExecute(TaskManagementServiceImpl.java:343)
	at com.chinacreator.gzcm.runtime.core.task.scheduling.TaskSchedulerServiceImpl.executeTask(TaskSchedulerServiceImpl.java:322)
	at com.chinacreator.gzcm.runtime.core.task.scheduling.TaskSchedulerServiceImpl.lambda$schedulePeriodicTask$3(TaskSchedulerServiceImpl.java:231)
	at java.base/java.util.concurrent.Executors$RunnableAdapter.call(Executors.java:539)
	at java.base/java.util.concurrent.FutureTask.runAndReset(FutureTask.java:305)
	at java.base/java.util.concurrent.ScheduledThreadPoolExecutor$ScheduledFutureTask.run(ScheduledThreadPoolExecutor.java:305)
	at java.base/java.util.concurrent.ThreadPoolExecutor.runWorker(ThreadPoolExecutor.java:1136)
	at java.base/java.util.concurrent.ThreadPoolExecutor$Worker.run(ThreadPoolExecutor.java:635)
	at java.base/java.lang.Thread.run(Thread.java:840)
Caused by: java.sql.SQLException: HikariDataSource HikariDataSource (AimingHikariCP) has been closed.
	at com.zaxxer.hikari.HikariDataSource.getConnection(HikariDataSource.java:96)
	at org.springframework.jdbc.datasource.DataSourceUtils.fetchConnection(DataSourceUtils.java:160)
	at org.springframework.jdbc.datasource.DataSourceUtils.doGetConnection(DataSourceUtils.java:118)
	at org.springframework.jdbc.datasource.DataSourceUtils.getConnection(DataSourceUtils.java:81)
	... 20 common frames omitted
2026-10-02 22:06:34.471 [pool-3-thread-3] [] WARN  c.c.g.r.c.t.c.AgentCronTaskExecutor - AgentCronTaskExecutor.onError: taskId=a2731d5d-92a0-4dcc-8651-8295b1cdc1f4, error=cognitive mental scan failed
2026-10-02 22:06:34.474 [pool-3-thread-3] [] WARN  c.c.g.r.c.t.s.TaskSchedulerServiceImpl - 定时任务提交失败 taskId=a2731d5d-92a0-4dcc-8651-8295b1cdc1f4 scheduleId=c75431f7-3451-4a76-af7c-6089a4e233ae: Task execution failed: cognitive mental scan failed
2026-10-02 22:16:34.466 [pool-3-thread-3] [] INFO  c.c.g.r.c.t.s.i.TaskManagementServiceImpl - 任务已提交: taskId=a2731d5d-92a0-4dcc-8651-8295b1cdc1f4, taskName=cognitive-mental-scan
2026-10-02 22:16:34.470 [pool-3-thread-3] [] INFO  c.c.g.r.c.t.s.i.TaskManagementServiceImpl - 任务已解析: taskId=a2731d5d-92a0-4dcc-8651-8295b1cdc1f4
2026-10-02 22:16:34.473 [pool-3-thread-3] [] ERROR c.c.g.e.c.s.mental.MentalScanTask - PMO-59 心智层补算任务执行失败: Failed to obtain JDBC Connection
org.springframework.jdbc.CannotGetJdbcConnectionException: Failed to obtain JDBC Connection
	at org.springframework.jdbc.datasource.DataSourceUtils.getConnection(DataSourceUtils.java:84)
	at org.springframework.jdbc.core.JdbcTemplate.execute(JdbcTemplate.java:653)
	at org.springframework.jdbc.core.JdbcTemplate.query(JdbcTemplate.java:723)
	at org.springframework.jdbc.core.JdbcTemplate.query(JdbcTemplate.java:754)
	at org.springframework.jdbc.core.JdbcTemplate.query(JdbcTemplate.java:767)
	at org.springframework.jdbc.core.JdbcTemplate.query(JdbcTemplate.java:820)
	at org.springframework.jdbc.core.JdbcTemplate.queryForList(JdbcTemplate.java:952)
	at com.chinacreator.gzcm.engine.cognitive2.service.EvidenceStore.list(EvidenceStore.java:120)
	at com.chinacreator.gzcm.engine.cognitive2.service.CognitiveEvidenceService.list(CognitiveEvidenceService.java:148)
	at com.chinacreator.gzcm.engine.cognitive2.service.mental.MentalScanTask.scanOnce(MentalScanTask.java:94)
	at com.chinacreator.gzcm.engine.cognitive2.service.mental.MentalScanTask$MentalScanTaskExecutor.execute(MentalScanTask.java:163)
	at com.chinacreator.gzcm.runtime.core.task.service.impl.TaskManagementServiceImpl.executeTask(TaskManagementServiceImpl.java:204)
	at com.chinacreator.gzcm.runtime.core.task.service.impl.TaskManagementServiceImpl.submitAndExecute(TaskManagementServiceImpl.java:343)
	at com.chinacreator.gzcm.runtime.core.task.scheduling.TaskSchedulerServiceImpl.executeTask(TaskSchedulerServiceImpl.java:322)
	at com.chinacreator.gzcm.runtime.core.task.scheduling.TaskSchedulerServiceImpl.lambda$schedulePeriodicTask$3(TaskSchedulerServiceImpl.java:231)
	at java.base/java.util.concurrent.Executors$RunnableAdapter.call(Executors.java:539)
	at java.base/java.util.concurrent.FutureTask.runAndReset(FutureTask.java:305)
	at java.base/java.util.concurrent.ScheduledThreadPoolExecutor$ScheduledFutureTask.run(ScheduledThreadPoolExecutor.java:305)
	at java.base/java.util.concurrent.ThreadPoolExecutor.runWorker(ThreadPoolExecutor.java:1136)
	at java.base/java.util.concurrent.ThreadPoolExecutor$Worker.run(ThreadPoolExecutor.java:635)
	at java.base/java.lang.Thread.run(Thread.java:840)
Caused by: java.sql.SQLException: HikariDataSource HikariDataSource (AimingHikariCP) has been closed.
	at com.zaxxer.hikari.HikariDataSource.getConnection(HikariDataSource.java:96)
	at org.springframework.jdbc.datasource.DataSourceUtils.fetchConnection(DataSourceUtils.java:160)
	at org.springframework.jdbc.datasource.DataSourceUtils.doGetConnection(DataSourceUtils.java:118)
	at org.springframework.jdbc.datasource.DataSourceUtils.getConnection(DataSourceUtils.java:81)
	... 20 common frames omitted
2026-10-02 22:16:34.475 [pool-3-thread-3] [] WARN  c.c.g.r.c.t.c.AgentCronTaskExecutor - AgentCronTaskExecutor.onError: taskId=a2731d5d-92a0-4dcc-8651-8295b1cdc1f4, error=cognitive mental scan failed
2026-10-02 22:16:34.477 [pool-3-thread-3] [] WARN  c.c.g.r.c.t.s.TaskSchedulerServiceImpl - 定时任务提交失败 taskId=a2731d5d-92a0-4dcc-8651-8295b1cdc1f4 scheduleId=c75431f7-3451-4a76-af7c-6089a4e233ae: Task execution failed: cognitive mental scan failed
2026-10-02 22:26:34.470 [pool-3-thread-3] [] INFO  c.c.g.r.c.t.s.i.TaskManagementServiceImpl - 任务已提交: taskId=a2731d5d-92a0-4dcc-8651-8295b1cdc1f4, taskName=cognitive-mental-scan
2026-10-02 22:26:34.478 [pool-3-thread-3] [] INFO  c.c.g.r.c.t.s.i.TaskManagementServiceImpl - 任务已解析: taskId=a2731d5d-92a0-4dcc-8651-8295b1cdc1f4
2026-10-02 22:26:34.486 [pool-3-thread-3] [] ERROR c.c.g.e.c.s.mental.MentalScanTask - PMO-59 心智层补算任务执行失败: Failed to obtain JDBC Connection
org.springframework.jdbc.CannotGetJdbcConnectionException: Failed to obtain JDBC Connection
	at org.springframework.jdbc.datasource.DataSourceUtils.getConnection(DataSourceUtils.java:84)
	at org.springframework.jdbc.core.JdbcTemplate.execute(JdbcTemplate.java:653)
	at org.springframework.jdbc.core.JdbcTemplate.query(JdbcTemplate.java:723)
	at org.springframework.jdbc.core.JdbcTemplate.query(JdbcTemplate.java:754)
	at org.springframework.jdbc.core.JdbcTemplate.query(JdbcTemplate.java:767)
	at org.springframework.jdbc.core.JdbcTemplate.query(JdbcTemplate.java:820)
	at org.springframework.jdbc.core.JdbcTemplate.queryForList(JdbcTemplate.java:952)
	at com.chinacreator.gzcm.engine.cognitive2.service.EvidenceStore.list(EvidenceStore.java:120)
	at com.chinacreator.gzcm.engine.cognitive2.service.CognitiveEvidenceService.list(CognitiveEvidenceService.java:148)
	at com.chinacreator.gzcm.engine.cognitive2.service.mental.MentalScanTask.scanOnce(MentalScanTask.java:94)
	at com.chinacreator.gzcm.engine.cognitive2.service.mental.MentalScanTask$MentalScanTaskExecutor.execute(MentalScanTask.java:163)
	at com.chinacreator.gzcm.runtime.core.task.service.impl.TaskManagementServiceImpl.executeTask(TaskManagementServiceImpl.java:204)
	at com.chinacreator.gzcm.runtime.core.task.service.impl.TaskManagementServiceImpl.submitAndExecute(TaskManagementServiceImpl.java:343)
	at com.chinacreator.gzcm.runtime.core.task.scheduling.TaskSchedulerServiceImpl.executeTask(TaskSchedulerServiceImpl.java:322)
	at com.chinacreator.gzcm.runtime.core.task.scheduling.TaskSchedulerServiceImpl.lambda$schedulePeriodicTask$3(TaskSchedulerServiceImpl.java:231)
	at java.base/java.util.concurrent.Executors$RunnableAdapter.call(Executors.java:539)
	at java.base/java.util.concurrent.FutureTask.runAndReset(FutureTask.java:305)
	at java.base/java.util.concurrent.ScheduledThreadPoolExecutor$ScheduledFutureTask.run(ScheduledThreadPoolExecutor.java:305)
	at java.base/java.util.concurrent.ThreadPoolExecutor.runWorker(ThreadPoolExecutor.java:1136)
	at java.base/java.util.concurrent.ThreadPoolExecutor$Worker.run(ThreadPoolExecutor.java:635)
	at java.base/java.lang.Thread.run(Thread.java:840)
Caused by: java.sql.SQLException: HikariDataSource HikariDataSource (AimingHikariCP) has been closed.
	at com.zaxxer.hikari.HikariDataSource.getConnection(HikariDataSource.java:96)
	at org.springframework.jdbc.datasource.DataSourceUtils.fetchConnection(DataSourceUtils.java:160)
	at org.springframework.jdbc.datasource.DataSourceUtils.doGetConnection(DataSourceUtils.java:118)
	at org.springframework.jdbc.datasource.DataSourceUtils.getConnection(DataSourceUtils.java:81)
	... 20 common frames omitted
2026-10-02 22:26:34.497 [pool-3-thread-3] [] WARN  c.c.g.r.c.t.c.AgentCronTaskExecutor - AgentCronTaskExecutor.onError: taskId=a2731d5d-92a0-4dcc-8651-8295b1cdc1f4, error=cognitive mental scan failed
2026-10-02 22:26:34.503 [pool-3-thread-3] [] WARN  c.c.g.r.c.t.s.TaskSchedulerServiceImpl - 定时任务提交失败 taskId=a2731d5d-92a0-4dcc-8651-8295b1cdc1f4 scheduleId=c75431f7-3451-4a76-af7c-6089a4e233ae: Task execution failed: cognitive mental scan failed
2026-10-02 22:36:34.459 [pool-3-thread-3] [] INFO  c.c.g.r.c.t.s.i.TaskManagementServiceImpl - 任务已提交: taskId=a2731d5d-92a0-4dcc-8651-8295b1cdc1f4, taskName=cognitive-mental-scan
2026-10-02 22:36:34.461 [pool-3-thread-3] [] INFO  c.c.g.r.c.t.s.i.TaskManagementServiceImpl - 任务已解析: taskId=a2731d5d-92a0-4dcc-8651-8295b1cdc1f4
2026-10-02 22:36:34.463 [pool-3-thread-3] [] ERROR c.c.g.e.c.s.mental.MentalScanTask - PMO-59 心智层补算任务执行失败: Failed to obtain JDBC Connection
org.springframework.jdbc.CannotGetJdbcConnectionException: Failed to obtain JDBC Connection
	at org.springframework.jdbc.datasource.DataSourceUtils.getConnection(DataSourceUtils.java:84)
	at org.springframework.jdbc.core.JdbcTemplate.execute(JdbcTemplate.java:653)
	at org.springframework.jdbc.core.JdbcTemplate.query(JdbcTemplate.java:723)
	at org.springframework.jdbc.core.JdbcTemplate.query(JdbcTemplate.java:754)
	at org.springframework.jdbc.core.JdbcTemplate.query(JdbcTemplate.java:767)
	at org.springframework.jdbc.core.JdbcTemplate.query(JdbcTemplate.java:820)
	at org.springframework.jdbc.core.JdbcTemplate.queryForList(JdbcTemplate.java:952)
	at com.chinacreator.gzcm.engine.cognitive2.service.EvidenceStore.list(EvidenceStore.java:120)
	at com.chinacreator.gzcm.engine.cognitive2.service.CognitiveEvidenceService.list(CognitiveEvidenceService.java:148)
	at com.chinacreator.gzcm.engine.cognitive2.service.mental.MentalScanTask.scanOnce(MentalScanTask.java:94)
	at com.chinacreator.gzcm.engine.cognitive2.service.mental.MentalScanTask$MentalScanTaskExecutor.execute(MentalScanTask.java:163)
	at com.chinacreator.gzcm.runtime.core.task.service.impl.TaskManagementServiceImpl.executeTask(TaskManagementServiceImpl.java:204)
	at com.chinacreator.gzcm.runtime.core.task.service.impl.TaskManagementServiceImpl.submitAndExecute(TaskManagementServiceImpl.java:343)
	at com.chinacreator.gzcm.runtime.core.task.scheduling.TaskSchedulerServiceImpl.executeTask(TaskSchedulerServiceImpl.java:322)
	at com.chinacreator.gzcm.runtime.core.task.scheduling.TaskSchedulerServiceImpl.lambda$schedulePeriodicTask$3(TaskSchedulerServiceImpl.java:231)
	at java.base/java.util.concurrent.Executors$RunnableAdapter.call(Executors.java:539)
	at java.base/java.util.concurrent.FutureTask.runAndReset(FutureTask.java:305)
	at java.base/java.util.concurrent.ScheduledThreadPoolExecutor$ScheduledFutureTask.run(ScheduledThreadPoolExecutor.java:305)
	at java.base/java.util.concurrent.ThreadPoolExecutor.runWorker(ThreadPoolExecutor.java:1136)
	at java.base/java.util.concurrent.ThreadPoolExecutor$Worker.run(ThreadPoolExecutor.java:635)
	at java.base/java.lang.Thread.run(Thread.java:840)
Caused by: java.sql.SQLException: HikariDataSource HikariDataSource (AimingHikariCP) has been closed.
	at com.zaxxer.hikari.HikariDataSource.getConnection(HikariDataSource.java:96)
	at org.springframework.jdbc.datasource.DataSourceUtils.fetchConnection(DataSourceUtils.java:160)
	at org.springframework.jdbc.datasource.DataSourceUtils.doGetConnection(DataSourceUtils.java:118)
	at org.springframework.jdbc.datasource.DataSourceUtils.getConnection(DataSourceUtils.java:81)
	... 20 common frames omitted
2026-10-02 22:36:34.464 [pool-3-thread-3] [] WARN  c.c.g.r.c.t.c.AgentCronTaskExecutor - AgentCronTaskExecutor.onError: taskId=a2731d5d-92a0-4dcc-8651-8295b1cdc1f4, error=cognitive mental scan failed
2026-10-02 22:36:34.466 [pool-3-thread-3] [] WARN  c.c.g.r.c.t.s.TaskSchedulerServiceImpl - 定时任务提交失败 taskId=a2731d5d-92a0-4dcc-8651-8295b1cdc1f4 scheduleId=c75431f7-3451-4a76-af7c-6089a4e233ae: Task execution failed: cognitive mental scan failed
2026-10-02 22:46:34.464 [pool-3-thread-3] [] INFO  c.c.g.r.c.t.s.i.TaskManagementServiceImpl - 任务已提交: taskId=a2731d5d-92a0-4dcc-8651-8295b1cdc1f4, taskName=cognitive-mental-scan
2026-10-02 22:46:34.475 [pool-3-thread-3] [] INFO  c.c.g.r.c.t.s.i.TaskManagementServiceImpl - 任务已解析: taskId=a2731d5d-92a0-4dcc-8651-8295b1cdc1f4
2026-10-02 22:46:34.476 [pool-3-thread-3] [] ERROR c.c.g.e.c.s.mental.MentalScanTask - PMO-59 心智层补算任务执行失败: Failed to obtain JDBC Connection
org.springframework.jdbc.CannotGetJdbcConnectionException: Failed to obtain JDBC Connection
	at org.springframework.jdbc.datasource.DataSourceUtils.getConnection(DataSourceUtils.java:84)
	at org.springframework.jdbc.core.JdbcTemplate.execute(JdbcTemplate.java:653)
	at org.springframework.jdbc.core.JdbcTemplate.query(JdbcTemplate.java:723)
	at org.springframework.jdbc.core.JdbcTemplate.query(JdbcTemplate.java:754)
	at org.springframework.jdbc.core.JdbcTemplate.query(JdbcTemplate.java:767)
	at org.springframework.jdbc.core.JdbcTemplate.query(JdbcTemplate.java:820)
	at org.springframework.jdbc.core.JdbcTemplate.queryForList(JdbcTemplate.java:952)
	at com.chinacreator.gzcm.engine.cognitive2.service.EvidenceStore.list(EvidenceStore.java:120)
	at com.chinacreator.gzcm.engine.cognitive2.service.CognitiveEvidenceService.list(CognitiveEvidenceService.java:148)
	at com.chinacreator.gzcm.engine.cognitive2.service.mental.MentalScanTask.scanOnce(MentalScanTask.java:94)
	at com.chinacreator.gzcm.engine.cognitive2.service.mental.MentalScanTask$MentalScanTaskExecutor.execute(MentalScanTask.java:163)
	at com.chinacreator.gzcm.runtime.core.task.service.impl.TaskManagementServiceImpl.executeTask(TaskManagementServiceImpl.java:204)
	at com.chinacreator.gzcm.runtime.core.task.service.impl.TaskManagementServiceImpl.submitAndExecute(TaskManagementServiceImpl.java:343)
	at com.chinacreator.gzcm.runtime.core.task.scheduling.TaskSchedulerServiceImpl.executeTask(TaskSchedulerServiceImpl.java:322)
	at com.chinacreator.gzcm.runtime.core.task.scheduling.TaskSchedulerServiceImpl.lambda$schedulePeriodicTask$3(TaskSchedulerServiceImpl.java:231)
	at java.base/java.util.concurrent.Executors$RunnableAdapter.call(Executors.java:539)
	at java.base/java.util.concurrent.FutureTask.runAndReset(FutureTask.java:305)
	at java.base/java.util.concurrent.ScheduledThreadPoolExecutor$ScheduledFutureTask.run(ScheduledThreadPoolExecutor.java:305)
	at java.base/java.util.concurrent.ThreadPoolExecutor.runWorker(ThreadPoolExecutor.java:1136)
	at java.base/java.util.concurrent.ThreadPoolExecutor$Worker.run(ThreadPoolExecutor.java:635)
	at java.base/java.lang.Thread.run(Thread.java:840)
Caused by: java.sql.SQLException: HikariDataSource HikariDataSource (AimingHikariCP) has been closed.
	at com.zaxxer.hikari.HikariDataSource.getConnection(HikariDataSource.java:96)
	at org.springframework.jdbc.datasource.DataSourceUtils.fetchConnection(DataSourceUtils.java:160)
	at org.springframework.jdbc.datasource.DataSourceUtils.doGetConnection(DataSourceUtils.java:118)
	at org.springframework.jdbc.datasource.DataSourceUtils.getConnection(DataSourceUtils.java:81)
	... 20 common frames omitted
2026-10-02 22:46:34.477 [pool-3-thread-3] [] WARN  c.c.g.r.c.t.c.AgentCronTaskExecutor - AgentCronTaskExecutor.onError: taskId=a2731d5d-92a0-4dcc-8651-8295b1cdc1f4, error=cognitive mental scan failed
2026-10-02 22:46:34.478 [pool-3-thread-3] [] WARN  c.c.g.r.c.t.s.TaskSchedulerServiceImpl - 定时任务提交失败 taskId=a2731d5d-92a0-4dcc-8651-8295b1cdc1f4 scheduleId=c75431f7-3451-4a76-af7c-6089a4e233ae: Task execution failed: cognitive mental scan failed
2026-10-02 22:56:34.470 [pool-3-thread-3] [] INFO  c.c.g.r.c.t.s.i.TaskManagementServiceImpl - 任务已提交: taskId=a2731d5d-92a0-4dcc-8651-8295b1cdc1f4, taskName=cognitive-mental-scan
2026-10-02 22:56:34.474 [pool-3-thread-3] [] INFO  c.c.g.r.c.t.s.i.TaskManagementServiceImpl - 任务已解析: taskId=a2731d5d-92a0-4dcc-8651-8295b1cdc1f4
2026-10-02 22:56:34.476 [pool-3-thread-3] [] ERROR c.c.g.e.c.s.mental.MentalScanTask - PMO-59 心智层补算任务执行失败: Failed to obtain JDBC Connection
org.springframework.jdbc.CannotGetJdbcConnectionException: Failed to obtain JDBC Connection
	at org.springframework.jdbc.datasource.DataSourceUtils.getConnection(DataSourceUtils.java:84)
	at org.springframework.jdbc.core.JdbcTemplate.execute(JdbcTemplate.java:653)
	at org.springframework.jdbc.core.JdbcTemplate.query(JdbcTemplate.java:723)
	at org.springframework.jdbc.core.JdbcTemplate.query(JdbcTemplate.java:754)
	at org.springframework.jdbc.core.JdbcTemplate.query(JdbcTemplate.java:767)
	at org.springframework.jdbc.core.JdbcTemplate.query(JdbcTemplate.java:820)
	at org.springframework.jdbc.core.JdbcTemplate.queryForList(JdbcTemplate.java:952)
	at com.chinacreator.gzcm.engine.cognitive2.service.EvidenceStore.list(EvidenceStore.java:120)
	at com.chinacreator.gzcm.engine.cognitive2.service.CognitiveEvidenceService.list(CognitiveEvidenceService.java:148)
	at com.chinacreator.gzcm.engine.cognitive2.service.mental.MentalScanTask.scanOnce(MentalScanTask.java:94)
	at com.chinacreator.gzcm.engine.cognitive2.service.mental.MentalScanTask$MentalScanTaskExecutor.execute(MentalScanTask.java:163)
	at com.chinacreator.gzcm.runtime.core.task.service.impl.TaskManagementServiceImpl.executeTask(TaskManagementServiceImpl.java:204)
	at com.chinacreator.gzcm.runtime.core.task.service.impl.TaskManagementServiceImpl.submitAndExecute(TaskManagementServiceImpl.java:343)
	at com.chinacreator.gzcm.runtime.core.task.scheduling.TaskSchedulerServiceImpl.executeTask(TaskSchedulerServiceImpl.java:322)
	at com.chinacreator.gzcm.runtime.core.task.scheduling.TaskSchedulerServiceImpl.lambda$schedulePeriodicTask$3(TaskSchedulerServiceImpl.java:231)
	at java.base/java.util.concurrent.Executors$RunnableAdapter.call(Executors.java:539)
	at java.base/java.util.concurrent.FutureTask.runAndReset(FutureTask.java:305)
	at java.base/java.util.concurrent.ScheduledThreadPoolExecutor$ScheduledFutureTask.run(ScheduledThreadPoolExecutor.java:305)
	at java.base/java.util.concurrent.ThreadPoolExecutor.runWorker(ThreadPoolExecutor.java:1136)
	at java.base/java.util.concurrent.ThreadPoolExecutor$Worker.run(ThreadPoolExecutor.java:635)
	at java.base/java.lang.Thread.run(Thread.java:840)
Caused by: java.sql.SQLException: HikariDataSource HikariDataSource (AimingHikariCP) has been closed.
	at com.zaxxer.hikari.HikariDataSource.getConnection(HikariDataSource.java:96)
	at org.springframework.jdbc.datasource.DataSourceUtils.fetchConnection(DataSourceUtils.java:160)
	at org.springframework.jdbc.datasource.DataSourceUtils.doGetConnection(DataSourceUtils.java:118)
	at org.springframework.jdbc.datasource.DataSourceUtils.getConnection(DataSourceUtils.java:81)
	... 20 common frames omitted
2026-10-02 22:56:34.479 [pool-3-thread-3] [] WARN  c.c.g.r.c.t.c.AgentCronTaskExecutor - AgentCronTaskExecutor.onError: taskId=a2731d5d-92a0-4dcc-8651-8295b1cdc1f4, error=cognitive mental scan failed
2026-10-02 22:56:34.481 [pool-3-thread-3] [] WARN  c.c.g.r.c.t.s.TaskSchedulerServiceImpl - 定时任务提交失败 taskId=a2731d5d-92a0-4dcc-8651-8295b1cdc1f4 scheduleId=c75431f7-3451-4a76-af7c-6089a4e233ae: Task execution failed: cognitive mental scan failed
2026-10-02 23:06:34.471 [pool-3-thread-3] [] INFO  c.c.g.r.c.t.s.i.TaskManagementServiceImpl - 任务已提交: taskId=a2731d5d-92a0-4dcc-8651-8295b1cdc1f4, taskName=cognitive-mental-scan
2026-10-02 23:06:34.472 [pool-3-thread-3] [] INFO  c.c.g.r.c.t.s.i.TaskManagementServiceImpl - 任务已解析: taskId=a2731d5d-92a0-4dcc-8651-8295b1cdc1f4
2026-10-02 23:06:34.473 [pool-3-thread-3] [] ERROR c.c.g.e.c.s.mental.MentalScanTask - PMO-59 心智层补算任务执行失败: Failed to obtain JDBC Connection
org.springframework.jdbc.CannotGetJdbcConnectionException: Failed to obtain JDBC Connection
	at org.springframework.jdbc.datasource.DataSourceUtils.getConnection(DataSourceUtils.java:84)
	at org.springframework.jdbc.core.JdbcTemplate.execute(JdbcTemplate.java:653)
	at org.springframework.jdbc.core.JdbcTemplate.query(JdbcTemplate.java:723)
	at org.springframework.jdbc.core.JdbcTemplate.query(JdbcTemplate.java:754)
	at org.springframework.jdbc.core.JdbcTemplate.query(JdbcTemplate.java:767)
	at org.springframework.jdbc.core.JdbcTemplate.query(JdbcTemplate.java:820)
	at org.springframework.jdbc.core.JdbcTemplate.queryForList(JdbcTemplate.java:952)
	at com.chinacreator.gzcm.engine.cognitive2.service.EvidenceStore.list(EvidenceStore.java:120)
	at com.chinacreator.gzcm.engine.cognitive2.service.CognitiveEvidenceService.list(CognitiveEvidenceService.java:148)
	at com.chinacreator.gzcm.engine.cognitive2.service.mental.MentalScanTask.scanOnce(MentalScanTask.java:94)
	at com.chinacreator.gzcm.engine.cognitive2.service.mental.MentalScanTask$MentalScanTaskExecutor.execute(MentalScanTask.java:163)
	at com.chinacreator.gzcm.runtime.core.task.service.impl.TaskManagementServiceImpl.executeTask(TaskManagementServiceImpl.java:204)
	at com.chinacreator.gzcm.runtime.core.task.service.impl.TaskManagementServiceImpl.submitAndExecute(TaskManagementServiceImpl.java:343)
	at com.chinacreator.gzcm.runtime.core.task.scheduling.TaskSchedulerServiceImpl.executeTask(TaskSchedulerServiceImpl.java:322)
	at com.chinacreator.gzcm.runtime.core.task.scheduling.TaskSchedulerServiceImpl.lambda$schedulePeriodicTask$3(TaskSchedulerServiceImpl.java:231)
	at java.base/java.util.concurrent.Executors$RunnableAdapter.call(Executors.java:539)
	at java.base/java.util.concurrent.FutureTask.runAndReset(FutureTask.java:305)
	at java.base/java.util.concurrent.ScheduledThreadPoolExecutor$ScheduledFutureTask.run(ScheduledThreadPoolExecutor.java:305)
	at java.base/java.util.concurrent.ThreadPoolExecutor.runWorker(ThreadPoolExecutor.java:1136)
	at java.base/java.util.concurrent.ThreadPoolExecutor$Worker.run(ThreadPoolExecutor.java:635)
	at java.base/java.lang.Thread.run(Thread.java:840)
Caused by: java.sql.SQLException: HikariDataSource HikariDataSource (AimingHikariCP) has been closed.
	at com.zaxxer.hikari.HikariDataSource.getConnection(HikariDataSource.java:96)
	at org.springframework.jdbc.datasource.DataSourceUtils.fetchConnection(DataSourceUtils.java:160)
	at org.springframework.jdbc.datasource.DataSourceUtils.doGetConnection(DataSourceUtils.java:118)
	at org.springframework.jdbc.datasource.DataSourceUtils.getConnection(DataSourceUtils.java:81)
	... 20 common frames omitted
2026-10-02 23:06:34.474 [pool-3-thread-3] [] WARN  c.c.g.r.c.t.c.AgentCronTaskExecutor - AgentCronTaskExecutor.onError: taskId=a2731d5d-92a0-4dcc-8651-8295b1cdc1f4, error=cognitive mental scan failed
2026-10-02 23:06:34.475 [pool-3-thread-3] [] WARN  c.c.g.r.c.t.s.TaskSchedulerServiceImpl - 定时任务提交失败 taskId=a2731d5d-92a0-4dcc-8651-8295b1cdc1f4 scheduleId=c75431f7-3451-4a76-af7c-6089a4e233ae: Task execution failed: cognitive mental scan failed
2026-10-02 23:16:34.457 [pool-3-thread-3] [] INFO  c.c.g.r.c.t.s.i.TaskManagementServiceImpl - 任务已提交: taskId=a2731d5d-92a0-4dcc-8651-8295b1cdc1f4, taskName=cognitive-mental-scan
2026-10-02 23:16:34.460 [pool-3-thread-3] [] INFO  c.c.g.r.c.t.s.i.TaskManagementServiceImpl - 任务已解析: taskId=a2731d5d-92a0-4dcc-8651-8295b1cdc1f4
2026-10-02 23:16:34.461 [pool-3-thread-3] [] ERROR c.c.g.e.c.s.mental.MentalScanTask - PMO-59 心智层补算任务执行失败: Failed to obtain JDBC Connection
org.springframework.jdbc.CannotGetJdbcConnectionException: Failed to obtain JDBC Connection
	at org.springframework.jdbc.datasource.DataSourceUtils.getConnection(DataSourceUtils.java:84)
	at org.springframework.jdbc.core.JdbcTemplate.execute(JdbcTemplate.java:653)
	at org.springframework.jdbc.core.JdbcTemplate.query(JdbcTemplate.java:723)
	at org.springframework.jdbc.core.JdbcTemplate.query(JdbcTemplate.java:754)
	at org.springframework.jdbc.core.JdbcTemplate.query(JdbcTemplate.java:767)
	at org.springframework.jdbc.core.JdbcTemplate.query(JdbcTemplate.java:820)
	at org.springframework.jdbc.core.JdbcTemplate.queryForList(JdbcTemplate.java:952)
	at com.chinacreator.gzcm.engine.cognitive2.service.EvidenceStore.list(EvidenceStore.java:120)
	at com.chinacreator.gzcm.engine.cognitive2.service.CognitiveEvidenceService.list(CognitiveEvidenceService.java:148)
	at com.chinacreator.gzcm.engine.cognitive2.service.mental.MentalScanTask.scanOnce(MentalScanTask.java:94)
	at com.chinacreator.gzcm.engine.cognitive2.service.mental.MentalScanTask$MentalScanTaskExecutor.execute(MentalScanTask.java:163)
	at com.chinacreator.gzcm.runtime.core.task.service.impl.TaskManagementServiceImpl.executeTask(TaskManagementServiceImpl.java:204)
	at com.chinacreator.gzcm.runtime.core.task.service.impl.TaskManagementServiceImpl.submitAndExecute(TaskManagementServiceImpl.java:343)
	at com.chinacreator.gzcm.runtime.core.task.scheduling.TaskSchedulerServiceImpl.executeTask(TaskSchedulerServiceImpl.java:322)
	at com.chinacreator.gzcm.runtime.core.task.scheduling.TaskSchedulerServiceImpl.lambda$schedulePeriodicTask$3(TaskSchedulerServiceImpl.java:231)
	at java.base/java.util.concurrent.Executors$RunnableAdapter.call(Executors.java:539)
	at java.base/java.util.concurrent.FutureTask.runAndReset(FutureTask.java:305)
	at java.base/java.util.concurrent.ScheduledThreadPoolExecutor$ScheduledFutureTask.run(ScheduledThreadPoolExecutor.java:305)
	at java.base/java.util.concurrent.ThreadPoolExecutor.runWorker(ThreadPoolExecutor.java:1136)
	at java.base/java.util.concurrent.ThreadPoolExecutor$Worker.run(ThreadPoolExecutor.java:635)
	at java.base/java.lang.Thread.run(Thread.java:840)
Caused by: java.sql.SQLException: HikariDataSource HikariDataSource (AimingHikariCP) has been closed.
	at com.zaxxer.hikari.HikariDataSource.getConnection(HikariDataSource.java:96)
	at org.springframework.jdbc.datasource.DataSourceUtils.fetchConnection(DataSourceUtils.java:160)
	at org.springframework.jdbc.datasource.DataSourceUtils.doGetConnection(DataSourceUtils.java:118)
	at org.springframework.jdbc.datasource.DataSourceUtils.getConnection(DataSourceUtils.java:81)
	... 20 common frames omitted
2026-10-02 23:16:34.463 [pool-3-thread-3] [] WARN  c.c.g.r.c.t.c.AgentCronTaskExecutor - AgentCronTaskExecutor.onError: taskId=a2731d5d-92a0-4dcc-8651-8295b1cdc1f4, error=cognitive mental scan failed
2026-10-02 23:16:34.464 [pool-3-thread-3] [] WARN  c.c.g.r.c.t.s.TaskSchedulerServiceImpl - 定时任务提交失败 taskId=a2731d5d-92a0-4dcc-8651-8295b1cdc1f4 scheduleId=c75431f7-3451-4a76-af7c-6089a4e233ae: Task execution failed: cognitive mental scan failed
2026-10-02 23:26:34.471 [pool-3-thread-3] [] INFO  c.c.g.r.c.t.s.i.TaskManagementServiceImpl - 任务已提交: taskId=a2731d5d-92a0-4dcc-8651-8295b1cdc1f4, taskName=cognitive-mental-scan
2026-10-02 23:26:34.492 [pool-3-thread-3] [] INFO  c.c.g.r.c.t.s.i.TaskManagementServiceImpl - 任务已解析: taskId=a2731d5d-92a0-4dcc-8651-8295b1cdc1f4
2026-10-02 23:26:34.497 [pool-3-thread-3] [] ERROR c.c.g.e.c.s.mental.MentalScanTask - PMO-59 心智层补算任务执行失败: Failed to obtain JDBC Connection
org.springframework.jdbc.CannotGetJdbcConnectionException: Failed to obtain JDBC Connection
	at org.springframework.jdbc.datasource.DataSourceUtils.getConnection(DataSourceUtils.java:84)
	at org.springframework.jdbc.core.JdbcTemplate.execute(JdbcTemplate.java:653)
	at org.springframework.jdbc.core.JdbcTemplate.query(JdbcTemplate.java:723)
	at org.springframework.jdbc.core.JdbcTemplate.query(JdbcTemplate.java:754)
	at org.springframework.jdbc.core.JdbcTemplate.query(JdbcTemplate.java:767)
	at org.springframework.jdbc.core.JdbcTemplate.query(JdbcTemplate.java:820)
	at org.springframework.jdbc.core.JdbcTemplate.queryForList(JdbcTemplate.java:952)
	at com.chinacreator.gzcm.engine.cognitive2.service.EvidenceStore.list(EvidenceStore.java:120)
	at com.chinacreator.gzcm.engine.cognitive2.service.CognitiveEvidenceService.list(CognitiveEvidenceService.java:148)
	at com.chinacreator.gzcm.engine.cognitive2.service.mental.MentalScanTask.scanOnce(MentalScanTask.java:94)
	at com.chinacreator.gzcm.engine.cognitive2.service.mental.MentalScanTask$MentalScanTaskExecutor.execute(MentalScanTask.java:163)
	at com.chinacreator.gzcm.runtime.core.task.service.impl.TaskManagementServiceImpl.executeTask(TaskManagementServiceImpl.java:204)
	at com.chinacreator.gzcm.runtime.core.task.service.impl.TaskManagementServiceImpl.submitAndExecute(TaskManagementServiceImpl.java:343)
	at com.chinacreator.gzcm.runtime.core.task.scheduling.TaskSchedulerServiceImpl.executeTask(TaskSchedulerServiceImpl.java:322)
	at com.chinacreator.gzcm.runtime.core.task.scheduling.TaskSchedulerServiceImpl.lambda$schedulePeriodicTask$3(TaskSchedulerServiceImpl.java:231)
	at java.base/java.util.concurrent.Executors$RunnableAdapter.call(Executors.java:539)
	at java.base/java.util.concurrent.FutureTask.runAndReset(FutureTask.java:305)
	at java.base/java.util.concurrent.ScheduledThreadPoolExecutor$ScheduledFutureTask.run(ScheduledThreadPoolExecutor.java:305)
	at java.base/java.util.concurrent.ThreadPoolExecutor.runWorker(ThreadPoolExecutor.java:1136)
	at java.base/java.util.concurrent.ThreadPoolExecutor$Worker.run(ThreadPoolExecutor.java:635)
	at java.base/java.lang.Thread.run(Thread.java:840)
Caused by: java.sql.SQLException: HikariDataSource HikariDataSource (AimingHikariCP) has been closed.
	at com.zaxxer.hikari.HikariDataSource.getConnection(HikariDataSource.java:96)
	at org.springframework.jdbc.datasource.DataSourceUtils.fetchConnection(DataSourceUtils.java:160)
	at org.springframework.jdbc.datasource.DataSourceUtils.doGetConnection(DataSourceUtils.java:118)
	at org.springframework.jdbc.datasource.DataSourceUtils.getConnection(DataSourceUtils.java:81)
	... 20 common frames omitted
2026-10-02 23:26:34.509 [pool-3-thread-3] [] WARN  c.c.g.r.c.t.c.AgentCronTaskExecutor - AgentCronTaskExecutor.onError: taskId=a2731d5d-92a0-4dcc-8651-8295b1cdc1f4, error=cognitive mental scan failed
2026-10-02 23:26:34.513 [pool-3-thread-3] [] WARN  c.c.g.r.c.t.s.TaskSchedulerServiceImpl - 定时任务提交失败 taskId=a2731d5d-92a0-4dcc-8651-8295b1cdc1f4 scheduleId=c75431f7-3451-4a76-af7c-6089a4e233ae: Task execution failed: cognitive mental scan failed
2026-10-02 23:36:34.464 [pool-3-thread-9] [] INFO  c.c.g.r.c.t.s.i.TaskManagementServiceImpl - 任务已提交: taskId=a2731d5d-92a0-4dcc-8651-8295b1cdc1f4, taskName=cognitive-mental-scan
2026-10-02 23:36:34.466 [pool-3-thread-9] [] INFO  c.c.g.r.c.t.s.i.TaskManagementServiceImpl - 任务已解析: taskId=a2731d5d-92a0-4dcc-8651-8295b1cdc1f4
2026-10-02 23:36:34.467 [pool-3-thread-9] [] ERROR c.c.g.e.c.s.mental.MentalScanTask - PMO-59 心智层补算任务执行失败: Failed to obtain JDBC Connection
org.springframework.jdbc.CannotGetJdbcConnectionException: Failed to obtain JDBC Connection
	at org.springframework.jdbc.datasource.DataSourceUtils.getConnection(DataSourceUtils.java:84)
	at org.springframework.jdbc.core.JdbcTemplate.execute(JdbcTemplate.java:653)
	at org.springframework.jdbc.core.JdbcTemplate.query(JdbcTemplate.java:723)
	at org.springframework.jdbc.core.JdbcTemplate.query(JdbcTemplate.java:754)
	at org.springframework.jdbc.core.JdbcTemplate.query(JdbcTemplate.java:767)
	at org.springframework.jdbc.core.JdbcTemplate.query(JdbcTemplate.java:820)
	at org.springframework.jdbc.core.JdbcTemplate.queryForList(JdbcTemplate.java:952)
	at com.chinacreator.gzcm.engine.cognitive2.service.EvidenceStore.list(EvidenceStore.java:120)
	at com.chinacreator.gzcm.engine.cognitive2.service.CognitiveEvidenceService.list(CognitiveEvidenceService.java:148)
	at com.chinacreator.gzcm.engine.cognitive2.service.mental.MentalScanTask.scanOnce(MentalScanTask.java:94)
	at com.chinacreator.gzcm.engine.cognitive2.service.mental.MentalScanTask$MentalScanTaskExecutor.execute(MentalScanTask.java:163)
	at com.chinacreator.gzcm.runtime.core.task.service.impl.TaskManagementServiceImpl.executeTask(TaskManagementServiceImpl.java:204)
	at com.chinacreator.gzcm.runtime.core.task.service.impl.TaskManagementServiceImpl.submitAndExecute(TaskManagementServiceImpl.java:343)
	at com.chinacreator.gzcm.runtime.core.task.scheduling.TaskSchedulerServiceImpl.executeTask(TaskSchedulerServiceImpl.java:322)
	at com.chinacreator.gzcm.runtime.core.task.scheduling.TaskSchedulerServiceImpl.lambda$schedulePeriodicTask$3(TaskSchedulerServiceImpl.java:231)
	at java.base/java.util.concurrent.Executors$RunnableAdapter.call(Executors.java:539)
	at java.base/java.util.concurrent.FutureTask.runAndReset(FutureTask.java:305)
	at java.base/java.util.concurrent.ScheduledThreadPoolExecutor$ScheduledFutureTask.run(ScheduledThreadPoolExecutor.java:305)
	at java.base/java.util.concurrent.ThreadPoolExecutor.runWorker(ThreadPoolExecutor.java:1136)
	at java.base/java.util.concurrent.ThreadPoolExecutor$Worker.run(ThreadPoolExecutor.java:635)
	at java.base/java.lang.Thread.run(Thread.java:840)
Caused by: java.sql.SQLException: HikariDataSource HikariDataSource (AimingHikariCP) has been closed.
	at com.zaxxer.hikari.HikariDataSource.getConnection(HikariDataSource.java:96)
	at org.springframework.jdbc.datasource.DataSourceUtils.fetchConnection(DataSourceUtils.java:160)
	at org.springframework.jdbc.datasource.DataSourceUtils.doGetConnection(DataSourceUtils.java:118)
	at org.springframework.jdbc.datasource.DataSourceUtils.getConnection(DataSourceUtils.java:81)
	... 20 common frames omitted
2026-10-02 23:36:34.468 [pool-3-thread-9] [] WARN  c.c.g.r.c.t.c.AgentCronTaskExecutor - AgentCronTaskExecutor.onError: taskId=a2731d5d-92a0-4dcc-8651-8295b1cdc1f4, error=cognitive mental scan failed
2026-10-02 23:36:34.469 [pool-3-thread-9] [] WARN  c.c.g.r.c.t.s.TaskSchedulerServiceImpl - 定时任务提交失败 taskId=a2731d5d-92a0-4dcc-8651-8295b1cdc1f4 scheduleId=c75431f7-3451-4a76-af7c-6089a4e233ae: Task execution failed: cognitive mental scan failed
2026-10-02 23:46:34.462 [pool-3-thread-9] [] INFO  c.c.g.r.c.t.s.i.TaskManagementServiceImpl - 任务已提交: taskId=a2731d5d-92a0-4dcc-8651-8295b1cdc1f4, taskName=cognitive-mental-scan
2026-10-02 23:46:34.464 [pool-3-thread-9] [] INFO  c.c.g.r.c.t.s.i.TaskManagementServiceImpl - 任务已解析: taskId=a2731d5d-92a0-4dcc-8651-8295b1cdc1f4
2026-10-02 23:46:34.465 [pool-3-thread-9] [] ERROR c.c.g.e.c.s.mental.MentalScanTask - PMO-59 心智层补算任务执行失败: Failed to obtain JDBC Connection
org.springframework.jdbc.CannotGetJdbcConnectionException: Failed to obtain JDBC Connection
	at org.springframework.jdbc.datasource.DataSourceUtils.getConnection(DataSourceUtils.java:84)
	at org.springframework.jdbc.core.JdbcTemplate.execute(JdbcTemplate.java:653)
	at org.springframework.jdbc.core.JdbcTemplate.query(JdbcTemplate.java:723)
	at org.springframework.jdbc.core.JdbcTemplate.query(JdbcTemplate.java:754)
	at org.springframework.jdbc.core.JdbcTemplate.query(JdbcTemplate.java:767)
	at org.springframework.jdbc.core.JdbcTemplate.query(JdbcTemplate.java:820)
	at org.springframework.jdbc.core.JdbcTemplate.queryForList(JdbcTemplate.java:952)
	at com.chinacreator.gzcm.engine.cognitive2.service.EvidenceStore.list(EvidenceStore.java:120)
	at com.chinacreator.gzcm.engine.cognitive2.service.CognitiveEvidenceService.list(CognitiveEvidenceService.java:148)
	at com.chinacreator.gzcm.engine.cognitive2.service.mental.MentalScanTask.scanOnce(MentalScanTask.java:94)
	at com.chinacreator.gzcm.engine.cognitive2.service.mental.MentalScanTask$MentalScanTaskExecutor.execute(MentalScanTask.java:163)
	at com.chinacreator.gzcm.runtime.core.task.service.impl.TaskManagementServiceImpl.executeTask(TaskManagementServiceImpl.java:204)
	at com.chinacreator.gzcm.runtime.core.task.service.impl.TaskManagementServiceImpl.submitAndExecute(TaskManagementServiceImpl.java:343)
	at com.chinacreator.gzcm.runtime.core.task.scheduling.TaskSchedulerServiceImpl.executeTask(TaskSchedulerServiceImpl.java:322)
	at com.chinacreator.gzcm.runtime.core.task.scheduling.TaskSchedulerServiceImpl.lambda$schedulePeriodicTask$3(TaskSchedulerServiceImpl.java:231)
	at java.base/java.util.concurrent.Executors$RunnableAdapter.call(Executors.java:539)
	at java.base/java.util.concurrent.FutureTask.runAndReset(FutureTask.java:305)
	at java.base/java.util.concurrent.ScheduledThreadPoolExecutor$ScheduledFutureTask.run(ScheduledThreadPoolExecutor.java:305)
	at java.base/java.util.concurrent.ThreadPoolExecutor.runWorker(ThreadPoolExecutor.java:1136)
	at java.base/java.util.concurrent.ThreadPoolExecutor$Worker.run(ThreadPoolExecutor.java:635)
	at java.base/java.lang.Thread.run(Thread.java:840)
Caused by: java.sql.SQLException: HikariDataSource HikariDataSource (AimingHikariCP) has been closed.
	at com.zaxxer.hikari.HikariDataSource.getConnection(HikariDataSource.java:96)
	at org.springframework.jdbc.datasource.DataSourceUtils.fetchConnection(DataSourceUtils.java:160)
	at org.springframework.jdbc.datasource.DataSourceUtils.doGetConnection(DataSourceUtils.java:118)
	at org.springframework.jdbc.datasource.DataSourceUtils.getConnection(DataSourceUtils.java:81)
	... 20 common frames omitted
2026-10-02 23:46:34.469 [pool-3-thread-9] [] WARN  c.c.g.r.c.t.c.AgentCronTaskExecutor - AgentCronTaskExecutor.onError: taskId=a2731d5d-92a0-4dcc-8651-8295b1cdc1f4, error=cognitive mental scan failed
2026-10-02 23:46:34.470 [pool-3-thread-9] [] WARN  c.c.g.r.c.t.s.TaskSchedulerServiceImpl - 定时任务提交失败 taskId=a2731d5d-92a0-4dcc-8651-8295b1cdc1f4 scheduleId=c75431f7-3451-4a76-af7c-6089a4e233ae: Task execution failed: cognitive mental scan failed
2026-10-02 23:56:34.460 [pool-3-thread-9] [] INFO  c.c.g.r.c.t.s.i.TaskManagementServiceImpl - 任务已提交: taskId=a2731d5d-92a0-4dcc-8651-8295b1cdc1f4, taskName=cognitive-mental-scan
2026-10-02 23:56:34.463 [pool-3-thread-9] [] INFO  c.c.g.r.c.t.s.i.TaskManagementServiceImpl - 任务已解析: taskId=a2731d5d-92a0-4dcc-8651-8295b1cdc1f4
2026-10-02 23:56:34.465 [pool-3-thread-9] [] ERROR c.c.g.e.c.s.mental.MentalScanTask - PMO-59 心智层补算任务执行失败: Failed to obtain JDBC Connection
org.springframework.jdbc.CannotGetJdbcConnectionException: Failed to obtain JDBC Connection
	at org.springframework.jdbc.datasource.DataSourceUtils.getConnection(DataSourceUtils.java:84)
	at org.springframework.jdbc.core.JdbcTemplate.execute(JdbcTemplate.java:653)
	at org.springframework.jdbc.core.JdbcTemplate.query(JdbcTemplate.java:723)
	at org.springframework.jdbc.core.JdbcTemplate.query(JdbcTemplate.java:754)
	at org.springframework.jdbc.core.JdbcTemplate.query(JdbcTemplate.java:767)
	at org.springframework.jdbc.core.JdbcTemplate.query(JdbcTemplate.java:820)
	at org.springframework.jdbc.core.JdbcTemplate.queryForList(JdbcTemplate.java:952)
	at com.chinacreator.gzcm.engine.cognitive2.service.EvidenceStore.list(EvidenceStore.java:120)
	at com.chinacreator.gzcm.engine.cognitive2.service.CognitiveEvidenceService.list(CognitiveEvidenceService.java:148)
	at com.chinacreator.gzcm.engine.cognitive2.service.mental.MentalScanTask.scanOnce(MentalScanTask.java:94)
	at com.chinacreator.gzcm.engine.cognitive2.service.mental.MentalScanTask$MentalScanTaskExecutor.execute(MentalScanTask.java:163)
	at com.chinacreator.gzcm.runtime.core.task.service.impl.TaskManagementServiceImpl.executeTask(TaskManagementServiceImpl.java:204)
	at com.chinacreator.gzcm.runtime.core.task.service.impl.TaskManagementServiceImpl.submitAndExecute(TaskManagementServiceImpl.java:343)
	at com.chinacreator.gzcm.runtime.core.task.scheduling.TaskSchedulerServiceImpl.executeTask(TaskSchedulerServiceImpl.java:322)
	at com.chinacreator.gzcm.runtime.core.task.scheduling.TaskSchedulerServiceImpl.lambda$schedulePeriodicTask$3(TaskSchedulerServiceImpl.java:231)
	at java.base/java.util.concurrent.Executors$RunnableAdapter.call(Executors.java:539)
	at java.base/java.util.concurrent.FutureTask.runAndReset(FutureTask.java:305)
	at java.base/java.util.concurrent.ScheduledThreadPoolExecutor$ScheduledFutureTask.run(ScheduledThreadPoolExecutor.java:305)
	at java.base/java.util.concurrent.ThreadPoolExecutor.runWorker(ThreadPoolExecutor.java:1136)
	at java.base/java.util.concurrent.ThreadPoolExecutor$Worker.run(ThreadPoolExecutor.java:635)
	at java.base/java.lang.Thread.run(Thread.java:840)
Caused by: java.sql.SQLException: HikariDataSource HikariDataSource (AimingHikariCP) has been closed.
	at com.zaxxer.hikari.HikariDataSource.getConnection(HikariDataSource.java:96)
	at org.springframework.jdbc.datasource.DataSourceUtils.fetchConnection(DataSourceUtils.java:160)
	at org.springframework.jdbc.datasource.DataSourceUtils.doGetConnection(DataSourceUtils.java:118)
	at org.springframework.jdbc.datasource.DataSourceUtils.getConnection(DataSourceUtils.java:81)
	... 20 common frames omitted
2026-10-02 23:56:34.466 [pool-3-thread-9] [] WARN  c.c.g.r.c.t.c.AgentCronTaskExecutor - AgentCronTaskExecutor.onError: taskId=a2731d5d-92a0-4dcc-8651-8295b1cdc1f4, error=cognitive mental scan failed
2026-10-02 23:56:34.468 [pool-3-thread-9] [] WARN  c.c.g.r.c.t.s.TaskSchedulerServiceImpl - 定时任务提交失败 taskId=a2731d5d-92a0-4dcc-8651-8295b1cdc1f4 scheduleId=c75431f7-3451-4a76-af7c-6089a4e233ae: Task execution failed: cognitive mental scan failed
