2026-10-10 08:01:49.025 [main] [] INFO  c.c.g.s.b.BuszhiServiceApplication - Starting BuszhiServiceApplication using Java 17.0.17 with PID 40556 (D:\workspace\javaprojects\ECOS\ecos_backend\services\buszhi\target\buszhi-service-1.0.0-SNAPSHOT.jar started by guoro in D:\workspace\javaprojects\ECOS)
2026-10-10 08:01:49.062 [main] [] INFO  c.c.g.s.b.BuszhiServiceApplication - The following 1 profile is active: "enterprise"
2026-10-10 08:01:54.935 [main] [] WARN  o.m.s.mapper.ClassPathMapperScanner - Skipping MapperFactoryBean with name 'alertRecordMapper' and 'com.chinacreator.gzcm.runtime.core.alert.mapper.AlertRecordMapper' mapperInterface. Bean already defined with the same name!
2026-10-10 08:01:54.946 [main] [] WARN  o.m.s.mapper.ClassPathMapperScanner - Skipping MapperFactoryBean with name 'alertRuleMapper' and 'com.chinacreator.gzcm.runtime.core.alert.mapper.AlertRuleMapper' mapperInterface. Bean already defined with the same name!
2026-10-10 08:01:54.951 [main] [] WARN  o.m.s.mapper.ClassPathMapperScanner - Skipping MapperFactoryBean with name 'IMonitorDataDao' and 'com.chinacreator.gzcm.runtime.core.monitor.monitordata.dao.IMonitorDataDao' mapperInterface. Bean already defined with the same name!
2026-10-10 08:01:54.952 [main] [] WARN  o.m.s.mapper.ClassPathMapperScanner - Skipping MapperFactoryBean with name 'IMonitorObjectDao' and 'com.chinacreator.gzcm.runtime.core.monitor.monitorobject.dao.IMonitorObjectDao' mapperInterface. Bean already defined with the same name!
2026-10-10 08:01:54.953 [main] [] WARN  o.m.s.mapper.ClassPathMapperScanner - Skipping MapperFactoryBean with name 'IMonitorObjectTargetDao' and 'com.chinacreator.gzcm.runtime.core.monitor.monitorobject.dao.IMonitorObjectTargetDao' mapperInterface. Bean already defined with the same name!
2026-10-10 08:01:54.954 [main] [] WARN  o.m.s.mapper.ClassPathMapperScanner - Skipping MapperFactoryBean with name 'IPluginDao' and 'com.chinacreator.gzcm.runtime.core.monitor.plugin.dao.IPluginDao' mapperInterface. Bean already defined with the same name!
2026-10-10 08:01:54.955 [main] [] WARN  o.m.s.mapper.ClassPathMapperScanner - Skipping MapperFactoryBean with name 'IPluginParamsDao' and 'com.chinacreator.gzcm.runtime.core.monitor.plugin.dao.IPluginParamsDao' mapperInterface. Bean already defined with the same name!
2026-10-10 08:01:54.956 [main] [] WARN  o.m.s.mapper.ClassPathMapperScanner - Skipping MapperFactoryBean with name 'IPluginTargetDao' and 'com.chinacreator.gzcm.runtime.core.monitor.plugin.dao.IPluginTargetDao' mapperInterface. Bean already defined with the same name!
2026-10-10 08:01:54.957 [main] [] WARN  o.m.s.mapper.ClassPathMapperScanner - Skipping MapperFactoryBean with name 'IMonitorWarnContactDao' and 'com.chinacreator.gzcm.runtime.core.monitor.server.warn.dao.IMonitorWarnContactDao' mapperInterface. Bean already defined with the same name!
2026-10-10 08:01:54.957 [main] [] WARN  o.m.s.mapper.ClassPathMapperScanner - Skipping MapperFactoryBean with name 'IWarnLogDao' and 'com.chinacreator.gzcm.runtime.core.monitor.server.warn.dao.IWarnLogDao' mapperInterface. Bean already defined with the same name!
2026-10-10 08:01:54.958 [main] [] WARN  o.m.s.mapper.ClassPathMapperScanner - Skipping MapperFactoryBean with name 'IStrategyDao' and 'com.chinacreator.gzcm.runtime.core.monitor.strategy.dao.IStrategyDao' mapperInterface. Bean already defined with the same name!
2026-10-10 08:01:54.976 [main] [] WARN  o.s.c.a.ConfigurationClassPostProcessor - Cannot enhance @Configuration bean definition 'myBatisConfig' since its singleton instance has been created too early. The typical cause is a non-static @Bean method with a BeanDefinitionRegistryPostProcessor return type: Consider declaring such methods as 'static' and/or marking the containing configuration class as 'proxyBeanMethods=false'.
2026-10-10 08:02:00.892 [main] [] INFO  o.s.b.w.e.tomcat.TomcatWebServer - Tomcat initialized with port 18083 (http)
2026-10-10 08:02:01.034 [main] [] INFO  o.a.coyote.http11.Http11NioProtocol - Initializing ProtocolHandler ["http-nio-18083"]
2026-10-10 08:02:01.063 [main] [] INFO  o.a.catalina.core.StandardService - Starting service [Tomcat]
2026-10-10 08:02:01.065 [main] [] INFO  o.a.catalina.core.StandardEngine - Starting Servlet engine: [Apache Tomcat/10.1.18]
2026-10-10 08:02:01.565 [main] [] INFO  o.a.c.c.C.[Tomcat].[localhost].[/] - Initializing Spring embedded WebApplicationContext
2026-10-10 08:02:01.570 [main] [] INFO  o.s.b.w.s.c.ServletWebServerApplicationContext - Root WebApplicationContext: initialization completed in 12132 ms
2026-10-10 08:02:02.674 [main] [] INFO  c.c.g.s.security.JwtTokenProvider - JwtTokenProvider initialized with RS256 keys
2026-10-10 08:02:04.746 [main] [] INFO  c.c.g.r.e.KafkaBusProducerConfig - [runtime-event] Kafka producer 装配: bootstrap=localhost:9092
2026-10-10 08:02:05.838 [main] [] INFO  c.c.g.r.e.KafkaBusConsumerConfig - [runtime-event] Kafka consumer 基参装配: bootstrap=localhost:9092, autoOffsetReset=latest
2026-10-10 08:02:05.857 [main] [] INFO  c.c.g.r.e.KafkaEventBusServiceImpl - [EventBus][KAFKA] activated — broker 在/不在都能发, 失败仅记 WARN 不阻塞主流程; groupPrefix=<per-subscription fan-out>
2026-10-10 08:02:06.791 [main] [] INFO  com.zaxxer.hikari.HikariDataSource - BuszhiHikariCP - Starting...
2026-10-10 08:02:08.481 [main] [] INFO  com.zaxxer.hikari.pool.HikariPool - BuszhiHikariCP - Added connection org.postgresql.jdbc.PgConnection@624be1d4
2026-10-10 08:02:08.487 [main] [] INFO  com.zaxxer.hikari.HikariDataSource - BuszhiHikariCP - Start completed.
2026-10-10 08:02:08.829 [main] [] INFO  c.c.g.s.c.s.impl.SysConfigService - 缓存刷新完成，当前 146 条配置
2026-10-10 08:02:08.831 [main] [] INFO  c.c.g.s.c.s.impl.SysConfigService - SysConfigService 初始化完成，已加载 146 条配置
2026-10-10 08:02:08.976 [main] [] INFO  c.c.g.e.o.c.OntologyConfigController - Ontology engine defaults loaded (12 items)
2026-10-10 08:02:09.196 [main] [] INFO  c.c.g.r.l.c.LLMGatewayAutoConfiguration - Hermes Engine auto-configuration initialized: enabled=true, defaultProvider=openrouter, defaultModel=deepseek/deepseek-chat
2026-10-10 08:02:10.180 [main] [] INFO  c.c.g.r.l.c.LLMGatewayAutoConfiguration - Hermes OkHttpClient created: timeout=PT1M, retryMaxAttempts=3
2026-10-10 08:02:10.905 [main] [] INFO  c.c.g.e.ontology.OntologyEngineImpl - Ontology engine started (was STOPPED)
2026-10-10 08:02:10.908 [main] [] INFO  c.c.g.e.ontology.OntologyEngineImpl - Ontology engine auto-started on boot
2026-10-10 08:02:12.846 [main] [] INFO  c.c.g.e.o.service.Neo4jGraphService - Neo4jGraphService init: 使用 runtime-access Neo4jClient 统一出口
2026-10-10 08:02:17.635 [main] [] INFO  o.s.b.f.a.AutowiredAnnotationBeanPostProcessor - Inconsistent constructor declaration on bean with name 'securityCryptoEgress': single autowire-marked constructor flagged as optional - this constructor is effectively required since there is no default constructor to fall back to: public com.chinacreator.gzcm.runtime.core.crypto.SecurityCryptoEgress(org.springframework.context.ApplicationContext)
2026-10-10 08:02:17.882 [main] [] INFO  c.c.g.e.d.s.PipelineFunctionServiceImpl - PB 函数种子数据已存在 (120 条)，跳过初始化
2026-10-10 08:02:18.453 [main] [] INFO  c.c.gzcm.runtime.dlq.DltConsumer - [DltConsumer] 装配 DLQ 消费容器 11 个 (groupId=ecos-dlt-consumer, autoOffsetReset=latest)
2026-10-10 08:02:18.755 [main] [] INFO  c.c.g.r.c.t.s.i.TaskManagementServiceImpl - onStartup: PG 恢复 0 个任务 + 0 个执行计划
2026-10-10 08:02:18.876 [main] [] INFO  c.c.g.r.a.olap.DuckDBQueryService - DuckDBQueryService downgraded (DuckDB migrated to Doris) — all operations are no-ops
2026-10-10 08:02:19.424 [main] [] INFO  c.c.g.s.i.s.impl.DbBlacklistStore - DbBlacklistStore 初始化完成，已清理 sys_token_blacklist 过期项
2026-10-10 08:02:24.310 [main] [] INFO  o.s.b.a.e.web.EndpointLinksResolver - Exposing 3 endpoint(s) beneath base path '/actuator'
2026-10-10 08:02:24.862 [main] [] INFO  o.s.s.web.DefaultSecurityFilterChain - Will secure any request with [org.springframework.security.web.session.DisableEncodeUrlFilter@41bd8ec9, org.springframework.security.web.context.request.async.WebAsyncManagerIntegrationFilter@1d306d27, org.springframework.security.web.context.SecurityContextHolderFilter@48c584c, org.springframework.security.web.header.HeaderWriterFilter@445adbd7, org.springframework.web.filter.CorsFilter@557abb68, org.springframework.security.web.authentication.logout.LogoutFilter@3c0becae, com.chinacreator.gzcm.sysman.security.JwtAuthenticationFilter@16c8e9b8, org.springframework.security.web.savedrequest.RequestCacheAwareFilter@4945cd1f, org.springframework.security.web.servletapi.SecurityContextHolderAwareRequestFilter@44aaa987, org.springframework.security.web.authentication.AnonymousAuthenticationFilter@1cb4cad0, org.springframework.security.web.session.SessionManagementFilter@627f678d, org.springframework.security.web.access.ExceptionTranslationFilter@76d4e1af, org.springframework.security.web.access.intercept.AuthorizationFilter@48682f91]
2026-10-10 08:02:28.174 [main] [] INFO  o.a.coyote.http11.Http11NioProtocol - Starting ProtocolHandler ["http-nio-18083"]
2026-10-10 08:02:28.225 [main] [] INFO  o.s.b.w.e.tomcat.TomcatWebServer - Tomcat started on port 18083 (http) with context path ''
2026-10-10 08:02:28.619 [main] [] INFO  o.s.k.c.DefaultKafkaConsumerFactory$ExtendedKafkaConsumer - [Consumer clientId=consumer-ecos-dlt-consumer-1, groupId=ecos-dlt-consumer] Subscribed to topic(s): ecos.agent.DLT
2026-10-10 08:02:28.670 [main] [] INFO  o.s.k.c.DefaultKafkaConsumerFactory$ExtendedKafkaConsumer - [Consumer clientId=consumer-ecos-dlt-consumer-2, groupId=ecos-dlt-consumer] Subscribed to topic(s): ecos.audit.DLT
2026-10-10 08:02:28.690 [main] [] INFO  o.s.k.c.DefaultKafkaConsumerFactory$ExtendedKafkaConsumer - [Consumer clientId=consumer-ecos-dlt-consumer-3, groupId=ecos-dlt-consumer] Subscribed to topic(s): ecos.catalog.DLT
2026-10-10 08:02:28.709 [main] [] INFO  o.s.k.c.DefaultKafkaConsumerFactory$ExtendedKafkaConsumer - [Consumer clientId=consumer-ecos-dlt-consumer-4, groupId=ecos-dlt-consumer] Subscribed to topic(s): ecos.cognitive.DLT
2026-10-10 08:02:28.728 [main] [] INFO  o.s.k.c.DefaultKafkaConsumerFactory$ExtendedKafkaConsumer - [Consumer clientId=consumer-ecos-dlt-consumer-5, groupId=ecos-dlt-consumer] Subscribed to topic(s): ecos.data.security-tagged.DLT
2026-10-10 08:02:28.751 [main] [] INFO  o.s.k.c.DefaultKafkaConsumerFactory$ExtendedKafkaConsumer - [Consumer clientId=consumer-ecos-dlt-consumer-6, groupId=ecos-dlt-consumer] Subscribed to topic(s): ecos.identity.DLT
2026-10-10 08:02:28.770 [main] [] INFO  o.s.k.c.DefaultKafkaConsumerFactory$ExtendedKafkaConsumer - [Consumer clientId=consumer-ecos-dlt-consumer-7, groupId=ecos-dlt-consumer] Subscribed to topic(s): ecos.knowledge.DLT
2026-10-10 08:02:28.784 [main] [] INFO  o.s.k.c.DefaultKafkaConsumerFactory$ExtendedKafkaConsumer - [Consumer clientId=consumer-ecos-dlt-consumer-8, groupId=ecos-dlt-consumer] Subscribed to topic(s): ecos.object.DLT
2026-10-10 08:02:28.801 [main] [] INFO  o.s.k.c.DefaultKafkaConsumerFactory$ExtendedKafkaConsumer - [Consumer clientId=consumer-ecos-dlt-consumer-9, groupId=ecos-dlt-consumer] Subscribed to topic(s): ecos.ontology.DLT
2026-10-10 08:02:28.814 [main] [] INFO  o.s.k.c.DefaultKafkaConsumerFactory$ExtendedKafkaConsumer - [Consumer clientId=consumer-ecos-dlt-consumer-10, groupId=ecos-dlt-consumer] Subscribed to topic(s): ecos.ontology.published.DLT
2026-10-10 08:02:28.832 [main] [] INFO  o.s.k.c.DefaultKafkaConsumerFactory$ExtendedKafkaConsumer - [Consumer clientId=consumer-ecos-dlt-consumer-11, groupId=ecos-dlt-consumer] Subscribed to topic(s): ecos.workflow.DLT
2026-10-10 08:02:28.914 [main] [] INFO  c.c.g.s.b.BuszhiServiceApplication - Started BuszhiServiceApplication in 42.775 seconds (process running for 45.147)
2026-10-10 08:02:31.909 [ecos-dlt-consumer-ecos.object.DLT-C-1] [] INFO  o.s.k.l.KafkaMessageListenerContainer - ecos-dlt-consumer: partitions assigned: []
2026-10-10 08:02:31.909 [ecos-dlt-consumer-ecos.ontology.DLT-C-1] [] INFO  o.s.k.l.KafkaMessageListenerContainer - ecos-dlt-consumer: partitions assigned: []
2026-10-10 08:02:31.910 [ecos-dlt-consumer-ecos.knowledge.DLT-C-1] [] INFO  o.s.k.l.KafkaMessageListenerContainer - ecos-dlt-consumer: partitions assigned: []
2026-10-10 08:02:31.914 [ecos-dlt-consumer-ecos.cognitive.DLT-C-1] [] INFO  o.s.k.l.KafkaMessageListenerContainer - ecos-dlt-consumer: partitions assigned: [ecos.cognitive.DLT-0]
2026-10-10 08:02:31.914 [ecos-dlt-consumer-ecos.workflow.DLT-C-1] [] INFO  o.s.k.l.KafkaMessageListenerContainer - ecos-dlt-consumer: partitions assigned: [ecos.workflow.DLT-0]
2026-10-10 08:02:31.914 [ecos-dlt-consumer-ecos.agent.DLT-C-1] [] INFO  o.s.k.l.KafkaMessageListenerContainer - ecos-dlt-consumer: partitions assigned: [ecos.agent.DLT-0]
2026-10-10 08:02:31.914 [ecos-dlt-consumer-ecos.identity.DLT-C-1] [] INFO  o.s.k.l.KafkaMessageListenerContainer - ecos-dlt-consumer: partitions assigned: [ecos.identity.DLT-0]
2026-10-10 08:02:31.914 [ecos-dlt-consumer-ecos.data.security-tagged.DLT-C-1] [] INFO  o.s.k.l.KafkaMessageListenerContainer - ecos-dlt-consumer: partitions assigned: [ecos.data.security-tagged.DLT-0]
2026-10-10 08:02:31.914 [ecos-dlt-consumer-ecos.audit.DLT-C-1] [] INFO  o.s.k.l.KafkaMessageListenerContainer - ecos-dlt-consumer: partitions assigned: [ecos.audit.DLT-0]
2026-10-10 08:02:31.914 [ecos-dlt-consumer-ecos.ontology.published.DLT-C-1] [] INFO  o.s.k.l.KafkaMessageListenerContainer - ecos-dlt-consumer: partitions assigned: [ecos.ontology.published.DLT-0]
2026-10-10 08:02:31.914 [ecos-dlt-consumer-ecos.catalog.DLT-C-1] [] INFO  o.s.k.l.KafkaMessageListenerContainer - ecos-dlt-consumer: partitions assigned: [ecos.catalog.DLT-0]
2026-10-10 08:02:59.630 [scheduling-1] [] WARN  c.c.g.runtime.audit.AuditRetryTask - [AuditRetry] 到期行拉取失败（表缺失/DB 不可用）errType=BadSqlGrammarException msg=
### Error querying database.  Cause: org.postgresql.util.PSQLException: ERROR: relation "public.ecos_runtime_audit_retry" does not exist
  位置：256
### The error may exist in com/chinacreator/gzcm/runtime/audit/mapper/AuditRetryMapper.java (best guess)
### The error may involve com.chinacreator.gzcm.runtime.audit.mapper.AuditRetryMapper.listDue-Inline
### The error occurred while setting parameters
### SQL: SELECT id, event_type AS eventType, payload, attempts, next_retry_at AS nextRetryAt, last_error AS lastError, status, trace_id AS traceId, create_time AS createTime, update_time AS updateTime, version_no AS versionNo, is_deleted AS isDeleted, domain FROM public.ecos_runtime_audit_retry WHERE is_deleted = 0 AND status = 'pending' AND next_retry_at <= ? ORDER BY next_retry_at ASC LIMIT ?
### Cause: org.postgresql.util.PSQLException: ERROR: relation "public.ecos_runtime_audit_retry" does not exist
  位置：256
; bad SQL grammar []
2026-10-10 08:03:19.779 [ecos-dlt-consumer-ecos.audit.DLT-C-1] [] INFO  o.s.k.l.KafkaMessageListenerContainer - ecos-dlt-consumer: partitions revoked: [ecos.audit.DLT-0]
2026-10-10 08:03:19.779 [ecos-dlt-consumer-ecos.agent.DLT-C-1] [] INFO  o.s.k.l.KafkaMessageListenerContainer - ecos-dlt-consumer: partitions revoked: [ecos.agent.DLT-0]
2026-10-10 08:03:19.779 [ecos-dlt-consumer-ecos.ontology.published.DLT-C-1] [] INFO  o.s.k.l.KafkaMessageListenerContainer - ecos-dlt-consumer: partitions revoked: [ecos.ontology.published.DLT-0]
2026-10-10 08:03:19.779 [ecos-dlt-consumer-ecos.cognitive.DLT-C-1] [] INFO  o.s.k.l.KafkaMessageListenerContainer - ecos-dlt-consumer: partitions revoked: [ecos.cognitive.DLT-0]
2026-10-10 08:03:19.781 [ecos-dlt-consumer-ecos.ontology.DLT-C-1] [] INFO  o.s.k.l.KafkaMessageListenerContainer - ecos-dlt-consumer: partitions revoked: []
2026-10-10 08:03:19.793 [ecos-dlt-consumer-ecos.data.security-tagged.DLT-C-1] [] INFO  o.s.k.l.KafkaMessageListenerContainer - ecos-dlt-consumer: partitions revoked: [ecos.data.security-tagged.DLT-0]
2026-10-10 08:03:19.793 [ecos-dlt-consumer-ecos.workflow.DLT-C-1] [] INFO  o.s.k.l.KafkaMessageListenerContainer - ecos-dlt-consumer: partitions revoked: [ecos.workflow.DLT-0]
2026-10-10 08:03:19.813 [ecos-dlt-consumer-ecos.catalog.DLT-C-1] [] INFO  o.s.k.l.KafkaMessageListenerContainer - ecos-dlt-consumer: partitions revoked: [ecos.catalog.DLT-0]
2026-10-10 08:03:19.813 [ecos-dlt-consumer-ecos.identity.DLT-C-1] [] INFO  o.s.k.l.KafkaMessageListenerContainer - ecos-dlt-consumer: partitions revoked: [ecos.identity.DLT-0]
2026-10-10 08:03:19.814 [ecos-dlt-consumer-ecos.knowledge.DLT-C-1] [] INFO  o.s.k.l.KafkaMessageListenerContainer - ecos-dlt-consumer: partitions revoked: []
2026-10-10 08:03:19.814 [ecos-dlt-consumer-ecos.object.DLT-C-1] [] INFO  o.s.k.l.KafkaMessageListenerContainer - ecos-dlt-consumer: partitions revoked: []
2026-10-10 08:03:19.840 [ecos-dlt-consumer-ecos.ontology.published.DLT-C-1] [] INFO  o.s.k.l.KafkaMessageListenerContainer - ecos-dlt-consumer: partitions assigned: [ecos.ontology.published.DLT-0]
2026-10-10 08:03:19.841 [ecos-dlt-consumer-ecos.data.security-tagged.DLT-C-1] [] INFO  o.s.k.l.KafkaMessageListenerContainer - ecos-dlt-consumer: partitions assigned: [ecos.data.security-tagged.DLT-0]
2026-10-10 08:03:19.841 [ecos-dlt-consumer-ecos.identity.DLT-C-1] [] INFO  o.s.k.l.KafkaMessageListenerContainer - ecos-dlt-consumer: partitions assigned: [ecos.identity.DLT-0]
2026-10-10 08:03:19.841 [ecos-dlt-consumer-ecos.object.DLT-C-1] [] INFO  o.s.k.l.KafkaMessageListenerContainer - ecos-dlt-consumer: partitions assigned: []
2026-10-10 08:03:19.841 [ecos-dlt-consumer-ecos.audit.DLT-C-1] [] INFO  o.s.k.l.KafkaMessageListenerContainer - ecos-dlt-consumer: partitions assigned: [ecos.audit.DLT-0]
2026-10-10 08:03:19.841 [ecos-dlt-consumer-ecos.workflow.DLT-C-1] [] INFO  o.s.k.l.KafkaMessageListenerContainer - ecos-dlt-consumer: partitions assigned: [ecos.workflow.DLT-0]
2026-10-10 08:03:19.844 [ecos-dlt-consumer-ecos.knowledge.DLT-C-1] [] INFO  o.s.k.l.KafkaMessageListenerContainer - ecos-dlt-consumer: partitions assigned: []
2026-10-10 08:03:19.845 [ecos-dlt-consumer-ecos.catalog.DLT-C-1] [] INFO  o.s.k.l.KafkaMessageListenerContainer - ecos-dlt-consumer: partitions assigned: [ecos.catalog.DLT-0]
2026-10-10 08:03:19.845 [ecos-dlt-consumer-ecos.agent.DLT-C-1] [] INFO  o.s.k.l.KafkaMessageListenerContainer - ecos-dlt-consumer: partitions assigned: [ecos.agent.DLT-0]
2026-10-10 08:03:19.844 [ecos-dlt-consumer-ecos.ontology.DLT-C-1] [] INFO  o.s.k.l.KafkaMessageListenerContainer - ecos-dlt-consumer: partitions assigned: []
2026-10-10 08:03:19.846 [ecos-dlt-consumer-ecos.cognitive.DLT-C-1] [] INFO  o.s.k.l.KafkaMessageListenerContainer - ecos-dlt-consumer: partitions assigned: [ecos.cognitive.DLT-0]
2026-10-10 08:03:28.942 [scheduling-1] [] WARN  c.c.gzcm.runtime.dlq.DltLagChecker - [DltLagChecker] AdminClient 创建失败 errType=KafkaException msg=Failed to create new KafkaAdminClient
2026-10-10 08:03:28.944 [scheduling-1] [] WARN  c.c.gzcm.runtime.dlq.DltLagChecker - [DltLagChecker] AdminClient 不可用（bootstrap=localhost:9092），本轮降级跳过
2026-10-10 08:03:59.648 [scheduling-1] [] WARN  c.c.g.runtime.audit.AuditRetryTask - [AuditRetry] 到期行拉取失败（表缺失/DB 不可用）errType=BadSqlGrammarException msg=
### Error querying database.  Cause: org.postgresql.util.PSQLException: ERROR: relation "public.ecos_runtime_audit_retry" does not exist
  位置：256
### The error may exist in com/chinacreator/gzcm/runtime/audit/mapper/AuditRetryMapper.java (best guess)
### The error may involve com.chinacreator.gzcm.runtime.audit.mapper.AuditRetryMapper.listDue-Inline
### The error occurred while setting parameters
### SQL: SELECT id, event_type AS eventType, payload, attempts, next_retry_at AS nextRetryAt, last_error AS lastError, status, trace_id AS traceId, create_time AS createTime, update_time AS updateTime, version_no AS versionNo, is_deleted AS isDeleted, domain FROM public.ecos_runtime_audit_retry WHERE is_deleted = 0 AND status = 'pending' AND next_retry_at <= ? ORDER BY next_retry_at ASC LIMIT ?
### Cause: org.postgresql.util.PSQLException: ERROR: relation "public.ecos_runtime_audit_retry" does not exist
  位置：256
; bad SQL grammar []
2026-10-10 08:04:07.892 [ecos-dlt-consumer-ecos.agent.DLT-C-1] [] INFO  o.s.k.l.KafkaMessageListenerContainer - ecos-dlt-consumer: partitions revoked: [ecos.agent.DLT-0]
2026-10-10 08:04:07.892 [ecos-dlt-consumer-ecos.workflow.DLT-C-1] [] INFO  o.s.k.l.KafkaMessageListenerContainer - ecos-dlt-consumer: partitions revoked: [ecos.workflow.DLT-0]
2026-10-10 08:04:07.904 [ecos-dlt-consumer-ecos.data.security-tagged.DLT-C-1] [] INFO  o.s.k.l.KafkaMessageListenerContainer - ecos-dlt-consumer: partitions revoked: [ecos.data.security-tagged.DLT-0]
2026-10-10 08:04:07.919 [ecos-dlt-consumer-ecos.catalog.DLT-C-1] [] INFO  o.s.k.l.KafkaMessageListenerContainer - ecos-dlt-consumer: partitions revoked: [ecos.catalog.DLT-0]
2026-10-10 08:04:07.920 [ecos-dlt-consumer-ecos.cognitive.DLT-C-1] [] INFO  o.s.k.l.KafkaMessageListenerContainer - ecos-dlt-consumer: partitions revoked: [ecos.cognitive.DLT-0]
2026-10-10 08:04:07.920 [ecos-dlt-consumer-ecos.ontology.published.DLT-C-1] [] INFO  o.s.k.l.KafkaMessageListenerContainer - ecos-dlt-consumer: partitions revoked: [ecos.ontology.published.DLT-0]
2026-10-10 08:04:07.941 [ecos-dlt-consumer-ecos.identity.DLT-C-1] [] INFO  o.s.k.l.KafkaMessageListenerContainer - ecos-dlt-consumer: partitions revoked: [ecos.identity.DLT-0]
2026-10-10 08:04:07.952 [ecos-dlt-consumer-ecos.audit.DLT-C-1] [] INFO  o.s.k.l.KafkaMessageListenerContainer - ecos-dlt-consumer: partitions revoked: [ecos.audit.DLT-0]
2026-10-10 08:04:07.966 [ecos-dlt-consumer-ecos.object.DLT-C-1] [] INFO  o.s.k.l.KafkaMessageListenerContainer - ecos-dlt-consumer: partitions revoked: []
2026-10-10 08:04:07.970 [ecos-dlt-consumer-ecos.knowledge.DLT-C-1] [] INFO  o.s.k.l.KafkaMessageListenerContainer - ecos-dlt-consumer: partitions revoked: []
2026-10-10 08:04:07.979 [ecos-dlt-consumer-ecos.ontology.DLT-C-1] [] INFO  o.s.k.l.KafkaMessageListenerContainer - ecos-dlt-consumer: partitions revoked: []
2026-10-10 08:04:08.030 [ecos-dlt-consumer-ecos.object.DLT-C-1] [] INFO  o.s.k.l.KafkaMessageListenerContainer - ecos-dlt-consumer: partitions assigned: []
2026-10-10 08:04:08.033 [ecos-dlt-consumer-ecos.ontology.published.DLT-C-1] [] INFO  o.s.k.l.KafkaMessageListenerContainer - ecos-dlt-consumer: partitions assigned: [ecos.ontology.published.DLT-0]
2026-10-10 08:04:08.034 [ecos-dlt-consumer-ecos.workflow.DLT-C-1] [] INFO  o.s.k.l.KafkaMessageListenerContainer - ecos-dlt-consumer: partitions assigned: [ecos.workflow.DLT-0]
2026-10-10 08:04:08.038 [ecos-dlt-consumer-ecos.knowledge.DLT-C-1] [] INFO  o.s.k.l.KafkaMessageListenerContainer - ecos-dlt-consumer: partitions assigned: []
2026-10-10 08:04:08.039 [ecos-dlt-consumer-ecos.agent.DLT-C-1] [] INFO  o.s.k.l.KafkaMessageListenerContainer - ecos-dlt-consumer: partitions assigned: [ecos.agent.DLT-0]
2026-10-10 08:04:08.040 [ecos-dlt-consumer-ecos.catalog.DLT-C-1] [] INFO  o.s.k.l.KafkaMessageListenerContainer - ecos-dlt-consumer: partitions assigned: [ecos.catalog.DLT-0]
2026-10-10 08:04:08.046 [ecos-dlt-consumer-ecos.cognitive.DLT-C-1] [] INFO  o.s.k.l.KafkaMessageListenerContainer - ecos-dlt-consumer: partitions assigned: [ecos.cognitive.DLT-0]
2026-10-10 08:04:08.046 [ecos-dlt-consumer-ecos.data.security-tagged.DLT-C-1] [] INFO  o.s.k.l.KafkaMessageListenerContainer - ecos-dlt-consumer: partitions assigned: [ecos.data.security-tagged.DLT-0]
2026-10-10 08:04:08.046 [ecos-dlt-consumer-ecos.identity.DLT-C-1] [] INFO  o.s.k.l.KafkaMessageListenerContainer - ecos-dlt-consumer: partitions assigned: [ecos.identity.DLT-0]
2026-10-10 08:04:08.046 [ecos-dlt-consumer-ecos.audit.DLT-C-1] [] INFO  o.s.k.l.KafkaMessageListenerContainer - ecos-dlt-consumer: partitions assigned: [ecos.audit.DLT-0]
2026-10-10 08:04:08.051 [ecos-dlt-consumer-ecos.ontology.DLT-C-1] [] INFO  o.s.k.l.KafkaMessageListenerContainer - ecos-dlt-consumer: partitions assigned: []
2026-10-10 08:04:11.022 [ecos-dlt-consumer-ecos.knowledge.DLT-C-1] [] INFO  o.s.k.l.KafkaMessageListenerContainer - ecos-dlt-consumer: partitions revoked: []
2026-10-10 08:04:11.027 [ecos-dlt-consumer-ecos.data.security-tagged.DLT-C-1] [] INFO  o.s.k.l.KafkaMessageListenerContainer - ecos-dlt-consumer: partitions revoked: [ecos.data.security-tagged.DLT-0]
2026-10-10 08:04:11.028 [ecos-dlt-consumer-ecos.ontology.DLT-C-1] [] INFO  o.s.k.l.KafkaMessageListenerContainer - ecos-dlt-consumer: partitions revoked: []
2026-10-10 08:04:11.033 [ecos-dlt-consumer-ecos.workflow.DLT-C-1] [] INFO  o.s.k.l.KafkaMessageListenerContainer - ecos-dlt-consumer: partitions revoked: [ecos.workflow.DLT-0]
2026-10-10 08:04:11.034 [ecos-dlt-consumer-ecos.audit.DLT-C-1] [] INFO  o.s.k.l.KafkaMessageListenerContainer - ecos-dlt-consumer: partitions revoked: [ecos.audit.DLT-0]
2026-10-10 08:04:11.039 [ecos-dlt-consumer-ecos.agent.DLT-C-1] [] INFO  o.s.k.l.KafkaMessageListenerContainer - ecos-dlt-consumer: partitions revoked: [ecos.agent.DLT-0]
2026-10-10 08:04:11.039 [ecos-dlt-consumer-ecos.cognitive.DLT-C-1] [] INFO  o.s.k.l.KafkaMessageListenerContainer - ecos-dlt-consumer: partitions revoked: [ecos.cognitive.DLT-0]
2026-10-10 08:04:11.039 [ecos-dlt-consumer-ecos.ontology.published.DLT-C-1] [] INFO  o.s.k.l.KafkaMessageListenerContainer - ecos-dlt-consumer: partitions revoked: [ecos.ontology.published.DLT-0]
2026-10-10 08:04:11.042 [ecos-dlt-consumer-ecos.catalog.DLT-C-1] [] INFO  o.s.k.l.KafkaMessageListenerContainer - ecos-dlt-consumer: partitions revoked: [ecos.catalog.DLT-0]
2026-10-10 08:04:11.047 [ecos-dlt-consumer-ecos.identity.DLT-C-1] [] INFO  o.s.k.l.KafkaMessageListenerContainer - ecos-dlt-consumer: partitions revoked: [ecos.identity.DLT-0]
2026-10-10 08:04:11.048 [ecos-dlt-consumer-ecos.object.DLT-C-1] [] INFO  o.s.k.l.KafkaMessageListenerContainer - ecos-dlt-consumer: partitions revoked: []
2026-10-10 08:04:11.075 [ecos-dlt-consumer-ecos.ontology.published.DLT-C-1] [] INFO  o.s.k.l.KafkaMessageListenerContainer - ecos-dlt-consumer: partitions assigned: [ecos.ontology.published.DLT-0]
2026-10-10 08:04:11.078 [ecos-dlt-consumer-ecos.object.DLT-C-1] [] INFO  o.s.k.l.KafkaMessageListenerContainer - ecos-dlt-consumer: partitions assigned: []
2026-10-10 08:04:11.081 [ecos-dlt-consumer-ecos.knowledge.DLT-C-1] [] INFO  o.s.k.l.KafkaMessageListenerContainer - ecos-dlt-consumer: partitions assigned: []
2026-10-10 08:04:11.080 [ecos-dlt-consumer-ecos.agent.DLT-C-1] [] INFO  o.s.k.l.KafkaMessageListenerContainer - ecos-dlt-consumer: partitions assigned: [ecos.agent.DLT-0]
2026-10-10 08:04:11.085 [ecos-dlt-consumer-ecos.catalog.DLT-C-1] [] INFO  o.s.k.l.KafkaMessageListenerContainer - ecos-dlt-consumer: partitions assigned: [ecos.catalog.DLT-0]
2026-10-10 08:04:11.083 [ecos-dlt-consumer-ecos.workflow.DLT-C-1] [] INFO  o.s.k.l.KafkaMessageListenerContainer - ecos-dlt-consumer: partitions assigned: [ecos.workflow.DLT-0]
2026-10-10 08:04:11.085 [ecos-dlt-consumer-ecos.identity.DLT-C-1] [] INFO  o.s.k.l.KafkaMessageListenerContainer - ecos-dlt-consumer: partitions assigned: [ecos.identity.DLT-0]
2026-10-10 08:04:11.085 [ecos-dlt-consumer-ecos.ontology.DLT-C-1] [] INFO  o.s.k.l.KafkaMessageListenerContainer - ecos-dlt-consumer: partitions assigned: []
2026-10-10 08:04:11.086 [ecos-dlt-consumer-ecos.cognitive.DLT-C-1] [] INFO  o.s.k.l.KafkaMessageListenerContainer - ecos-dlt-consumer: partitions assigned: [ecos.cognitive.DLT-0]
2026-10-10 08:04:11.086 [ecos-dlt-consumer-ecos.audit.DLT-C-1] [] INFO  o.s.k.l.KafkaMessageListenerContainer - ecos-dlt-consumer: partitions assigned: [ecos.audit.DLT-0]
2026-10-10 08:04:11.087 [ecos-dlt-consumer-ecos.data.security-tagged.DLT-C-1] [] INFO  o.s.k.l.KafkaMessageListenerContainer - ecos-dlt-consumer: partitions assigned: [ecos.data.security-tagged.DLT-0]
2026-10-10 08:04:59.666 [scheduling-1] [] WARN  c.c.g.runtime.audit.AuditRetryTask - [AuditRetry] 到期行拉取失败（表缺失/DB 不可用）errType=BadSqlGrammarException msg=
### Error querying database.  Cause: org.postgresql.util.PSQLException: ERROR: relation "public.ecos_runtime_audit_retry" does not exist
  位置：256
### The error may exist in com/chinacreator/gzcm/runtime/audit/mapper/AuditRetryMapper.java (best guess)
### The error may involve com.chinacreator.gzcm.runtime.audit.mapper.AuditRetryMapper.listDue-Inline
### The error occurred while setting parameters
### SQL: SELECT id, event_type AS eventType, payload, attempts, next_retry_at AS nextRetryAt, last_error AS lastError, status, trace_id AS traceId, create_time AS createTime, update_time AS updateTime, version_no AS versionNo, is_deleted AS isDeleted, domain FROM public.ecos_runtime_audit_retry WHERE is_deleted = 0 AND status = 'pending' AND next_retry_at <= ? ORDER BY next_retry_at ASC LIMIT ?
### Cause: org.postgresql.util.PSQLException: ERROR: relation "public.ecos_runtime_audit_retry" does not exist
  位置：256
; bad SQL grammar []
2026-10-10 08:05:08.201 [ecos-dlt-consumer-ecos.ontology.published.DLT-C-1] [] INFO  o.s.k.l.KafkaMessageListenerContainer - ecos-dlt-consumer: partitions revoked: [ecos.ontology.published.DLT-0]
2026-10-10 08:05:08.212 [ecos-dlt-consumer-ecos.knowledge.DLT-C-1] [] INFO  o.s.k.l.KafkaMessageListenerContainer - ecos-dlt-consumer: partitions revoked: []
2026-10-10 08:05:08.215 [ecos-dlt-consumer-ecos.audit.DLT-C-1] [] INFO  o.s.k.l.KafkaMessageListenerContainer - ecos-dlt-consumer: partitions revoked: [ecos.audit.DLT-0]
2026-10-10 08:05:08.215 [ecos-dlt-consumer-ecos.identity.DLT-C-1] [] INFO  o.s.k.l.KafkaMessageListenerContainer - ecos-dlt-consumer: partitions revoked: [ecos.identity.DLT-0]
2026-10-10 08:05:08.219 [ecos-dlt-consumer-ecos.agent.DLT-C-1] [] INFO  o.s.k.l.KafkaMessageListenerContainer - ecos-dlt-consumer: partitions revoked: [ecos.agent.DLT-0]
2026-10-10 08:05:08.231 [ecos-dlt-consumer-ecos.ontology.DLT-C-1] [] INFO  o.s.k.l.KafkaMessageListenerContainer - ecos-dlt-consumer: partitions revoked: []
2026-10-10 08:05:08.246 [ecos-dlt-consumer-ecos.workflow.DLT-C-1] [] INFO  o.s.k.l.KafkaMessageListenerContainer - ecos-dlt-consumer: partitions revoked: [ecos.workflow.DLT-0]
2026-10-10 08:05:08.253 [ecos-dlt-consumer-ecos.data.security-tagged.DLT-C-1] [] INFO  o.s.k.l.KafkaMessageListenerContainer - ecos-dlt-consumer: partitions revoked: [ecos.data.security-tagged.DLT-0]
2026-10-10 08:05:08.259 [ecos-dlt-consumer-ecos.object.DLT-C-1] [] INFO  o.s.k.l.KafkaMessageListenerContainer - ecos-dlt-consumer: partitions revoked: []
2026-10-10 08:05:08.260 [ecos-dlt-consumer-ecos.cognitive.DLT-C-1] [] INFO  o.s.k.l.KafkaMessageListenerContainer - ecos-dlt-consumer: partitions revoked: [ecos.cognitive.DLT-0]
2026-10-10 08:05:08.267 [ecos-dlt-consumer-ecos.catalog.DLT-C-1] [] INFO  o.s.k.l.KafkaMessageListenerContainer - ecos-dlt-consumer: partitions revoked: [ecos.catalog.DLT-0]
2026-10-10 08:05:08.309 [ecos-dlt-consumer-ecos.object.DLT-C-1] [] INFO  o.s.k.l.KafkaMessageListenerContainer - ecos-dlt-consumer: partitions assigned: []
2026-10-10 08:05:08.309 [ecos-dlt-consumer-ecos.cognitive.DLT-C-1] [] INFO  o.s.k.l.KafkaMessageListenerContainer - ecos-dlt-consumer: partitions assigned: [ecos.cognitive.DLT-0]
2026-10-10 08:05:08.309 [ecos-dlt-consumer-ecos.ontology.published.DLT-C-1] [] INFO  o.s.k.l.KafkaMessageListenerContainer - ecos-dlt-consumer: partitions assigned: []
2026-10-10 08:05:08.309 [ecos-dlt-consumer-ecos.catalog.DLT-C-1] [] INFO  o.s.k.l.KafkaMessageListenerContainer - ecos-dlt-consumer: partitions assigned: [ecos.catalog.DLT-0]
2026-10-10 08:05:08.319 [ecos-dlt-consumer-ecos.data.security-tagged.DLT-C-1] [] INFO  o.s.k.l.KafkaMessageListenerContainer - ecos-dlt-consumer: partitions assigned: []
2026-10-10 08:05:08.312 [ecos-dlt-consumer-ecos.ontology.DLT-C-1] [] INFO  o.s.k.l.KafkaMessageListenerContainer - ecos-dlt-consumer: partitions assigned: []
2026-10-10 08:05:08.314 [ecos-dlt-consumer-ecos.agent.DLT-C-1] [] INFO  o.s.k.l.KafkaMessageListenerContainer - ecos-dlt-consumer: partitions assigned: [ecos.agent.DLT-0]
2026-10-10 08:05:08.315 [ecos-dlt-consumer-ecos.knowledge.DLT-C-1] [] INFO  o.s.k.l.KafkaMessageListenerContainer - ecos-dlt-consumer: partitions assigned: []
2026-10-10 08:05:08.315 [ecos-dlt-consumer-ecos.workflow.DLT-C-1] [] INFO  o.s.k.l.KafkaMessageListenerContainer - ecos-dlt-consumer: partitions assigned: [ecos.workflow.DLT-0]
2026-10-10 08:05:08.315 [ecos-dlt-consumer-ecos.audit.DLT-C-1] [] INFO  o.s.k.l.KafkaMessageListenerContainer - ecos-dlt-consumer: partitions assigned: []
2026-10-10 08:05:08.319 [ecos-dlt-consumer-ecos.identity.DLT-C-1] [] INFO  o.s.k.l.KafkaMessageListenerContainer - ecos-dlt-consumer: partitions assigned: []
2026-10-10 08:05:59.675 [scheduling-1] [] WARN  c.c.g.runtime.audit.AuditRetryTask - [AuditRetry] 到期行拉取失败（表缺失/DB 不可用）errType=BadSqlGrammarException msg=
### Error querying database.  Cause: org.postgresql.util.PSQLException: ERROR: relation "public.ecos_runtime_audit_retry" does not exist
  位置：256
### The error may exist in com/chinacreator/gzcm/runtime/audit/mapper/AuditRetryMapper.java (best guess)
### The error may involve com.chinacreator.gzcm.runtime.audit.mapper.AuditRetryMapper.listDue-Inline
### The error occurred while setting parameters
### SQL: SELECT id, event_type AS eventType, payload, attempts, next_retry_at AS nextRetryAt, last_error AS lastError, status, trace_id AS traceId, create_time AS createTime, update_time AS updateTime, version_no AS versionNo, is_deleted AS isDeleted, domain FROM public.ecos_runtime_audit_retry WHERE is_deleted = 0 AND status = 'pending' AND next_retry_at <= ? ORDER BY next_retry_at ASC LIMIT ?
### Cause: org.postgresql.util.PSQLException: ERROR: relation "public.ecos_runtime_audit_retry" does not exist
  位置：256
; bad SQL grammar []
2026-10-10 08:06:59.684 [scheduling-1] [] WARN  c.c.g.runtime.audit.AuditRetryTask - [AuditRetry] 到期行拉取失败（表缺失/DB 不可用）errType=BadSqlGrammarException msg=
### Error querying database.  Cause: org.postgresql.util.PSQLException: ERROR: relation "public.ecos_runtime_audit_retry" does not exist
  位置：256
### The error may exist in com/chinacreator/gzcm/runtime/audit/mapper/AuditRetryMapper.java (best guess)
### The error may involve com.chinacreator.gzcm.runtime.audit.mapper.AuditRetryMapper.listDue-Inline
### The error occurred while setting parameters
### SQL: SELECT id, event_type AS eventType, payload, attempts, next_retry_at AS nextRetryAt, last_error AS lastError, status, trace_id AS traceId, create_time AS createTime, update_time AS updateTime, version_no AS versionNo, is_deleted AS isDeleted, domain FROM public.ecos_runtime_audit_retry WHERE is_deleted = 0 AND status = 'pending' AND next_retry_at <= ? ORDER BY next_retry_at ASC LIMIT ?
### Cause: org.postgresql.util.PSQLException: ERROR: relation "public.ecos_runtime_audit_retry" does not exist
  位置：256
; bad SQL grammar []
2026-10-10 08:07:59.704 [scheduling-1] [] WARN  c.c.g.runtime.audit.AuditRetryTask - [AuditRetry] 到期行拉取失败（表缺失/DB 不可用）errType=BadSqlGrammarException msg=
### Error querying database.  Cause: org.postgresql.util.PSQLException: ERROR: relation "public.ecos_runtime_audit_retry" does not exist
  位置：256
### The error may exist in com/chinacreator/gzcm/runtime/audit/mapper/AuditRetryMapper.java (best guess)
### The error may involve com.chinacreator.gzcm.runtime.audit.mapper.AuditRetryMapper.listDue-Inline
### The error occurred while setting parameters
### SQL: SELECT id, event_type AS eventType, payload, attempts, next_retry_at AS nextRetryAt, last_error AS lastError, status, trace_id AS traceId, create_time AS createTime, update_time AS updateTime, version_no AS versionNo, is_deleted AS isDeleted, domain FROM public.ecos_runtime_audit_retry WHERE is_deleted = 0 AND status = 'pending' AND next_retry_at <= ? ORDER BY next_retry_at ASC LIMIT ?
### Cause: org.postgresql.util.PSQLException: ERROR: relation "public.ecos_runtime_audit_retry" does not exist
  位置：256
; bad SQL grammar []
2026-10-10 08:08:28.969 [scheduling-1] [] WARN  c.c.gzcm.runtime.dlq.DltLagChecker - [DltLagChecker] AdminClient 创建失败 errType=KafkaException msg=Failed to create new KafkaAdminClient
2026-10-10 08:08:28.971 [scheduling-1] [] WARN  c.c.gzcm.runtime.dlq.DltLagChecker - [DltLagChecker] AdminClient 不可用（bootstrap=localhost:9092），本轮降级跳过
2026-10-10 08:08:38.742 [ecos-dlt-consumer-ecos.ontology.DLT-C-1] [] INFO  o.s.k.l.KafkaMessageListenerContainer - ecos-dlt-consumer: partitions revoked: []
2026-10-10 08:08:38.742 [ecos-dlt-consumer-ecos.object.DLT-C-1] [] INFO  o.s.k.l.KafkaMessageListenerContainer - ecos-dlt-consumer: partitions revoked: []
2026-10-10 08:08:38.758 [ecos-dlt-consumer-ecos.audit.DLT-C-1] [] INFO  o.s.k.l.KafkaMessageListenerContainer - ecos-dlt-consumer: partitions revoked: []
2026-10-10 08:08:38.762 [ecos-dlt-consumer-ecos.workflow.DLT-C-1] [] INFO  o.s.k.l.KafkaMessageListenerContainer - ecos-dlt-consumer: partitions revoked: [ecos.workflow.DLT-0]
2026-10-10 08:08:38.775 [ecos-dlt-consumer-ecos.ontology.published.DLT-C-1] [] INFO  o.s.k.l.KafkaMessageListenerContainer - ecos-dlt-consumer: partitions revoked: []
2026-10-10 08:08:38.775 [ecos-dlt-consumer-ecos.knowledge.DLT-C-1] [] INFO  o.s.k.l.KafkaMessageListenerContainer - ecos-dlt-consumer: partitions revoked: []
2026-10-10 08:08:38.790 [ecos-dlt-consumer-ecos.identity.DLT-C-1] [] INFO  o.s.k.l.KafkaMessageListenerContainer - ecos-dlt-consumer: partitions revoked: []
2026-10-10 08:08:38.821 [ecos-dlt-consumer-ecos.data.security-tagged.DLT-C-1] [] INFO  o.s.k.l.KafkaMessageListenerContainer - ecos-dlt-consumer: partitions revoked: []
2026-10-10 08:08:38.823 [ecos-dlt-consumer-ecos.agent.DLT-C-1] [] INFO  o.s.k.l.KafkaMessageListenerContainer - ecos-dlt-consumer: partitions revoked: [ecos.agent.DLT-0]
2026-10-10 08:08:38.825 [ecos-dlt-consumer-ecos.catalog.DLT-C-1] [] INFO  o.s.k.l.KafkaMessageListenerContainer - ecos-dlt-consumer: partitions revoked: [ecos.catalog.DLT-0]
2026-10-10 08:08:38.839 [ecos-dlt-consumer-ecos.cognitive.DLT-C-1] [] INFO  o.s.k.l.KafkaMessageListenerContainer - ecos-dlt-consumer: partitions revoked: [ecos.cognitive.DLT-0]
2026-10-10 08:08:38.878 [ecos-dlt-consumer-ecos.knowledge.DLT-C-1] [] INFO  o.s.k.l.KafkaMessageListenerContainer - ecos-dlt-consumer: partitions assigned: []
2026-10-10 08:08:38.880 [ecos-dlt-consumer-ecos.cognitive.DLT-C-1] [] INFO  o.s.k.l.KafkaMessageListenerContainer - ecos-dlt-consumer: partitions assigned: [ecos.cognitive.DLT-0]
2026-10-10 08:08:38.880 [ecos-dlt-consumer-ecos.audit.DLT-C-1] [] INFO  o.s.k.l.KafkaMessageListenerContainer - ecos-dlt-consumer: partitions assigned: []
2026-10-10 08:08:38.881 [ecos-dlt-consumer-ecos.object.DLT-C-1] [] INFO  o.s.k.l.KafkaMessageListenerContainer - ecos-dlt-consumer: partitions assigned: []
2026-10-10 08:08:38.881 [ecos-dlt-consumer-ecos.ontology.published.DLT-C-1] [] INFO  o.s.k.l.KafkaMessageListenerContainer - ecos-dlt-consumer: partitions assigned: []
2026-10-10 08:08:38.884 [ecos-dlt-consumer-ecos.agent.DLT-C-1] [] INFO  o.s.k.l.KafkaMessageListenerContainer - ecos-dlt-consumer: partitions assigned: []
2026-10-10 08:08:38.887 [ecos-dlt-consumer-ecos.catalog.DLT-C-1] [] INFO  o.s.k.l.KafkaMessageListenerContainer - ecos-dlt-consumer: partitions assigned: [ecos.catalog.DLT-0]
2026-10-10 08:08:38.888 [ecos-dlt-consumer-ecos.ontology.DLT-C-1] [] INFO  o.s.k.l.KafkaMessageListenerContainer - ecos-dlt-consumer: partitions assigned: []
2026-10-10 08:08:38.892 [ecos-dlt-consumer-ecos.data.security-tagged.DLT-C-1] [] INFO  o.s.k.l.KafkaMessageListenerContainer - ecos-dlt-consumer: partitions assigned: []
2026-10-10 08:08:38.894 [ecos-dlt-consumer-ecos.identity.DLT-C-1] [] INFO  o.s.k.l.KafkaMessageListenerContainer - ecos-dlt-consumer: partitions assigned: []
2026-10-10 08:08:38.895 [ecos-dlt-consumer-ecos.workflow.DLT-C-1] [] INFO  o.s.k.l.KafkaMessageListenerContainer - ecos-dlt-consumer: partitions assigned: []
2026-10-10 08:08:59.737 [scheduling-1] [] WARN  c.c.g.runtime.audit.AuditRetryTask - [AuditRetry] 到期行拉取失败（表缺失/DB 不可用）errType=BadSqlGrammarException msg=
### Error querying database.  Cause: org.postgresql.util.PSQLException: ERROR: relation "public.ecos_runtime_audit_retry" does not exist
  位置：256
### The error may exist in com/chinacreator/gzcm/runtime/audit/mapper/AuditRetryMapper.java (best guess)
### The error may involve com.chinacreator.gzcm.runtime.audit.mapper.AuditRetryMapper.listDue-Inline
### The error occurred while setting parameters
### SQL: SELECT id, event_type AS eventType, payload, attempts, next_retry_at AS nextRetryAt, last_error AS lastError, status, trace_id AS traceId, create_time AS createTime, update_time AS updateTime, version_no AS versionNo, is_deleted AS isDeleted, domain FROM public.ecos_runtime_audit_retry WHERE is_deleted = 0 AND status = 'pending' AND next_retry_at <= ? ORDER BY next_retry_at ASC LIMIT ?
### Cause: org.postgresql.util.PSQLException: ERROR: relation "public.ecos_runtime_audit_retry" does not exist
  位置：256
; bad SQL grammar []
2026-10-10 08:09:59.760 [scheduling-1] [] WARN  c.c.g.runtime.audit.AuditRetryTask - [AuditRetry] 到期行拉取失败（表缺失/DB 不可用）errType=BadSqlGrammarException msg=
### Error querying database.  Cause: org.postgresql.util.PSQLException: ERROR: relation "public.ecos_runtime_audit_retry" does not exist
  位置：256
### The error may exist in com/chinacreator/gzcm/runtime/audit/mapper/AuditRetryMapper.java (best guess)
### The error may involve com.chinacreator.gzcm.runtime.audit.mapper.AuditRetryMapper.listDue-Inline
### The error occurred while setting parameters
### SQL: SELECT id, event_type AS eventType, payload, attempts, next_retry_at AS nextRetryAt, last_error AS lastError, status, trace_id AS traceId, create_time AS createTime, update_time AS updateTime, version_no AS versionNo, is_deleted AS isDeleted, domain FROM public.ecos_runtime_audit_retry WHERE is_deleted = 0 AND status = 'pending' AND next_retry_at <= ? ORDER BY next_retry_at ASC LIMIT ?
### Cause: org.postgresql.util.PSQLException: ERROR: relation "public.ecos_runtime_audit_retry" does not exist
  位置：256
; bad SQL grammar []
2026-10-10 08:10:59.776 [scheduling-1] [] WARN  c.c.g.runtime.audit.AuditRetryTask - [AuditRetry] 到期行拉取失败（表缺失/DB 不可用）errType=BadSqlGrammarException msg=
### Error querying database.  Cause: org.postgresql.util.PSQLException: ERROR: relation "public.ecos_runtime_audit_retry" does not exist
  位置：256
### The error may exist in com/chinacreator/gzcm/runtime/audit/mapper/AuditRetryMapper.java (best guess)
### The error may involve com.chinacreator.gzcm.runtime.audit.mapper.AuditRetryMapper.listDue-Inline
### The error occurred while setting parameters
### SQL: SELECT id, event_type AS eventType, payload, attempts, next_retry_at AS nextRetryAt, last_error AS lastError, status, trace_id AS traceId, create_time AS createTime, update_time AS updateTime, version_no AS versionNo, is_deleted AS isDeleted, domain FROM public.ecos_runtime_audit_retry WHERE is_deleted = 0 AND status = 'pending' AND next_retry_at <= ? ORDER BY next_retry_at ASC LIMIT ?
### Cause: org.postgresql.util.PSQLException: ERROR: relation "public.ecos_runtime_audit_retry" does not exist
  位置：256
; bad SQL grammar []
2026-10-10 08:11:59.796 [scheduling-1] [] WARN  c.c.g.runtime.audit.AuditRetryTask - [AuditRetry] 到期行拉取失败（表缺失/DB 不可用）errType=BadSqlGrammarException msg=
### Error querying database.  Cause: org.postgresql.util.PSQLException: ERROR: relation "public.ecos_runtime_audit_retry" does not exist
  位置：256
### The error may exist in com/chinacreator/gzcm/runtime/audit/mapper/AuditRetryMapper.java (best guess)
### The error may involve com.chinacreator.gzcm.runtime.audit.mapper.AuditRetryMapper.listDue-Inline
### The error occurred while setting parameters
### SQL: SELECT id, event_type AS eventType, payload, attempts, next_retry_at AS nextRetryAt, last_error AS lastError, status, trace_id AS traceId, create_time AS createTime, update_time AS updateTime, version_no AS versionNo, is_deleted AS isDeleted, domain FROM public.ecos_runtime_audit_retry WHERE is_deleted = 0 AND status = 'pending' AND next_retry_at <= ? ORDER BY next_retry_at ASC LIMIT ?
### Cause: org.postgresql.util.PSQLException: ERROR: relation "public.ecos_runtime_audit_retry" does not exist
  位置：256
; bad SQL grammar []
2026-10-10 08:12:59.826 [scheduling-1] [] WARN  c.c.g.runtime.audit.AuditRetryTask - [AuditRetry] 到期行拉取失败（表缺失/DB 不可用）errType=BadSqlGrammarException msg=
### Error querying database.  Cause: org.postgresql.util.PSQLException: ERROR: relation "public.ecos_runtime_audit_retry" does not exist
  位置：256
### The error may exist in com/chinacreator/gzcm/runtime/audit/mapper/AuditRetryMapper.java (best guess)
### The error may involve com.chinacreator.gzcm.runtime.audit.mapper.AuditRetryMapper.listDue-Inline
### The error occurred while setting parameters
### SQL: SELECT id, event_type AS eventType, payload, attempts, next_retry_at AS nextRetryAt, last_error AS lastError, status, trace_id AS traceId, create_time AS createTime, update_time AS updateTime, version_no AS versionNo, is_deleted AS isDeleted, domain FROM public.ecos_runtime_audit_retry WHERE is_deleted = 0 AND status = 'pending' AND next_retry_at <= ? ORDER BY next_retry_at ASC LIMIT ?
### Cause: org.postgresql.util.PSQLException: ERROR: relation "public.ecos_runtime_audit_retry" does not exist
  位置：256
; bad SQL grammar []
2026-10-10 08:13:28.985 [scheduling-1] [] WARN  c.c.gzcm.runtime.dlq.DltLagChecker - [DltLagChecker] AdminClient 创建失败 errType=KafkaException msg=Failed to create new KafkaAdminClient
2026-10-10 08:13:28.997 [scheduling-1] [] WARN  c.c.gzcm.runtime.dlq.DltLagChecker - [DltLagChecker] AdminClient 不可用（bootstrap=localhost:9092），本轮降级跳过
2026-10-10 08:13:59.849 [scheduling-1] [] WARN  c.c.g.runtime.audit.AuditRetryTask - [AuditRetry] 到期行拉取失败（表缺失/DB 不可用）errType=BadSqlGrammarException msg=
### Error querying database.  Cause: org.postgresql.util.PSQLException: ERROR: relation "public.ecos_runtime_audit_retry" does not exist
  位置：256
### The error may exist in com/chinacreator/gzcm/runtime/audit/mapper/AuditRetryMapper.java (best guess)
### The error may involve com.chinacreator.gzcm.runtime.audit.mapper.AuditRetryMapper.listDue-Inline
### The error occurred while setting parameters
### SQL: SELECT id, event_type AS eventType, payload, attempts, next_retry_at AS nextRetryAt, last_error AS lastError, status, trace_id AS traceId, create_time AS createTime, update_time AS updateTime, version_no AS versionNo, is_deleted AS isDeleted, domain FROM public.ecos_runtime_audit_retry WHERE is_deleted = 0 AND status = 'pending' AND next_retry_at <= ? ORDER BY next_retry_at ASC LIMIT ?
### Cause: org.postgresql.util.PSQLException: ERROR: relation "public.ecos_runtime_audit_retry" does not exist
  位置：256
; bad SQL grammar []
2026-10-10 08:14:59.866 [scheduling-1] [] WARN  c.c.g.runtime.audit.AuditRetryTask - [AuditRetry] 到期行拉取失败（表缺失/DB 不可用）errType=BadSqlGrammarException msg=
### Error querying database.  Cause: org.postgresql.util.PSQLException: ERROR: relation "public.ecos_runtime_audit_retry" does not exist
  位置：256
### The error may exist in com/chinacreator/gzcm/runtime/audit/mapper/AuditRetryMapper.java (best guess)
### The error may involve com.chinacreator.gzcm.runtime.audit.mapper.AuditRetryMapper.listDue-Inline
### The error occurred while setting parameters
### SQL: SELECT id, event_type AS eventType, payload, attempts, next_retry_at AS nextRetryAt, last_error AS lastError, status, trace_id AS traceId, create_time AS createTime, update_time AS updateTime, version_no AS versionNo, is_deleted AS isDeleted, domain FROM public.ecos_runtime_audit_retry WHERE is_deleted = 0 AND status = 'pending' AND next_retry_at <= ? ORDER BY next_retry_at ASC LIMIT ?
### Cause: org.postgresql.util.PSQLException: ERROR: relation "public.ecos_runtime_audit_retry" does not exist
  位置：256
; bad SQL grammar []
2026-10-10 08:15:59.885 [scheduling-1] [] WARN  c.c.g.runtime.audit.AuditRetryTask - [AuditRetry] 到期行拉取失败（表缺失/DB 不可用）errType=BadSqlGrammarException msg=
### Error querying database.  Cause: org.postgresql.util.PSQLException: ERROR: relation "public.ecos_runtime_audit_retry" does not exist
  位置：256
### The error may exist in com/chinacreator/gzcm/runtime/audit/mapper/AuditRetryMapper.java (best guess)
### The error may involve com.chinacreator.gzcm.runtime.audit.mapper.AuditRetryMapper.listDue-Inline
### The error occurred while setting parameters
### SQL: SELECT id, event_type AS eventType, payload, attempts, next_retry_at AS nextRetryAt, last_error AS lastError, status, trace_id AS traceId, create_time AS createTime, update_time AS updateTime, version_no AS versionNo, is_deleted AS isDeleted, domain FROM public.ecos_runtime_audit_retry WHERE is_deleted = 0 AND status = 'pending' AND next_retry_at <= ? ORDER BY next_retry_at ASC LIMIT ?
### Cause: org.postgresql.util.PSQLException: ERROR: relation "public.ecos_runtime_audit_retry" does not exist
  位置：256
; bad SQL grammar []
2026-10-10 08:16:59.902 [scheduling-1] [] WARN  c.c.g.runtime.audit.AuditRetryTask - [AuditRetry] 到期行拉取失败（表缺失/DB 不可用）errType=BadSqlGrammarException msg=
### Error querying database.  Cause: org.postgresql.util.PSQLException: ERROR: relation "public.ecos_runtime_audit_retry" does not exist
  位置：256
### The error may exist in com/chinacreator/gzcm/runtime/audit/mapper/AuditRetryMapper.java (best guess)
### The error may involve com.chinacreator.gzcm.runtime.audit.mapper.AuditRetryMapper.listDue-Inline
### The error occurred while setting parameters
### SQL: SELECT id, event_type AS eventType, payload, attempts, next_retry_at AS nextRetryAt, last_error AS lastError, status, trace_id AS traceId, create_time AS createTime, update_time AS updateTime, version_no AS versionNo, is_deleted AS isDeleted, domain FROM public.ecos_runtime_audit_retry WHERE is_deleted = 0 AND status = 'pending' AND next_retry_at <= ? ORDER BY next_retry_at ASC LIMIT ?
### Cause: org.postgresql.util.PSQLException: ERROR: relation "public.ecos_runtime_audit_retry" does not exist
  位置：256
; bad SQL grammar []
2026-10-10 08:17:59.909 [scheduling-1] [] WARN  c.c.g.runtime.audit.AuditRetryTask - [AuditRetry] 到期行拉取失败（表缺失/DB 不可用）errType=BadSqlGrammarException msg=
### Error querying database.  Cause: org.postgresql.util.PSQLException: ERROR: relation "public.ecos_runtime_audit_retry" does not exist
  位置：256
### The error may exist in com/chinacreator/gzcm/runtime/audit/mapper/AuditRetryMapper.java (best guess)
### The error may involve com.chinacreator.gzcm.runtime.audit.mapper.AuditRetryMapper.listDue-Inline
### The error occurred while setting parameters
### SQL: SELECT id, event_type AS eventType, payload, attempts, next_retry_at AS nextRetryAt, last_error AS lastError, status, trace_id AS traceId, create_time AS createTime, update_time AS updateTime, version_no AS versionNo, is_deleted AS isDeleted, domain FROM public.ecos_runtime_audit_retry WHERE is_deleted = 0 AND status = 'pending' AND next_retry_at <= ? ORDER BY next_retry_at ASC LIMIT ?
### Cause: org.postgresql.util.PSQLException: ERROR: relation "public.ecos_runtime_audit_retry" does not exist
  位置：256
; bad SQL grammar []
2026-10-10 08:18:29.019 [scheduling-1] [] WARN  c.c.gzcm.runtime.dlq.DltLagChecker - [DltLagChecker] AdminClient 创建失败 errType=KafkaException msg=Failed to create new KafkaAdminClient
2026-10-10 08:18:29.028 [scheduling-1] [] WARN  c.c.gzcm.runtime.dlq.DltLagChecker - [DltLagChecker] AdminClient 不可用（bootstrap=localhost:9092），本轮降级跳过
2026-10-10 08:18:59.922 [scheduling-1] [] WARN  c.c.g.runtime.audit.AuditRetryTask - [AuditRetry] 到期行拉取失败（表缺失/DB 不可用）errType=BadSqlGrammarException msg=
### Error querying database.  Cause: org.postgresql.util.PSQLException: ERROR: relation "public.ecos_runtime_audit_retry" does not exist
  位置：256
### The error may exist in com/chinacreator/gzcm/runtime/audit/mapper/AuditRetryMapper.java (best guess)
### The error may involve com.chinacreator.gzcm.runtime.audit.mapper.AuditRetryMapper.listDue-Inline
### The error occurred while setting parameters
### SQL: SELECT id, event_type AS eventType, payload, attempts, next_retry_at AS nextRetryAt, last_error AS lastError, status, trace_id AS traceId, create_time AS createTime, update_time AS updateTime, version_no AS versionNo, is_deleted AS isDeleted, domain FROM public.ecos_runtime_audit_retry WHERE is_deleted = 0 AND status = 'pending' AND next_retry_at <= ? ORDER BY next_retry_at ASC LIMIT ?
### Cause: org.postgresql.util.PSQLException: ERROR: relation "public.ecos_runtime_audit_retry" does not exist
  位置：256
; bad SQL grammar []
2026-10-10 08:19:59.928 [scheduling-1] [] WARN  c.c.g.runtime.audit.AuditRetryTask - [AuditRetry] 到期行拉取失败（表缺失/DB 不可用）errType=BadSqlGrammarException msg=
### Error querying database.  Cause: org.postgresql.util.PSQLException: ERROR: relation "public.ecos_runtime_audit_retry" does not exist
  位置：256
### The error may exist in com/chinacreator/gzcm/runtime/audit/mapper/AuditRetryMapper.java (best guess)
### The error may involve com.chinacreator.gzcm.runtime.audit.mapper.AuditRetryMapper.listDue-Inline
### The error occurred while setting parameters
### SQL: SELECT id, event_type AS eventType, payload, attempts, next_retry_at AS nextRetryAt, last_error AS lastError, status, trace_id AS traceId, create_time AS createTime, update_time AS updateTime, version_no AS versionNo, is_deleted AS isDeleted, domain FROM public.ecos_runtime_audit_retry WHERE is_deleted = 0 AND status = 'pending' AND next_retry_at <= ? ORDER BY next_retry_at ASC LIMIT ?
### Cause: org.postgresql.util.PSQLException: ERROR: relation "public.ecos_runtime_audit_retry" does not exist
  位置：256
; bad SQL grammar []
2026-10-10 08:20:59.947 [scheduling-1] [] WARN  c.c.g.runtime.audit.AuditRetryTask - [AuditRetry] 到期行拉取失败（表缺失/DB 不可用）errType=BadSqlGrammarException msg=
### Error querying database.  Cause: org.postgresql.util.PSQLException: ERROR: relation "public.ecos_runtime_audit_retry" does not exist
  位置：256
### The error may exist in com/chinacreator/gzcm/runtime/audit/mapper/AuditRetryMapper.java (best guess)
### The error may involve com.chinacreator.gzcm.runtime.audit.mapper.AuditRetryMapper.listDue-Inline
### The error occurred while setting parameters
### SQL: SELECT id, event_type AS eventType, payload, attempts, next_retry_at AS nextRetryAt, last_error AS lastError, status, trace_id AS traceId, create_time AS createTime, update_time AS updateTime, version_no AS versionNo, is_deleted AS isDeleted, domain FROM public.ecos_runtime_audit_retry WHERE is_deleted = 0 AND status = 'pending' AND next_retry_at <= ? ORDER BY next_retry_at ASC LIMIT ?
### Cause: org.postgresql.util.PSQLException: ERROR: relation "public.ecos_runtime_audit_retry" does not exist
  位置：256
; bad SQL grammar []
2026-10-10 08:21:59.968 [scheduling-1] [] WARN  c.c.g.runtime.audit.AuditRetryTask - [AuditRetry] 到期行拉取失败（表缺失/DB 不可用）errType=BadSqlGrammarException msg=
### Error querying database.  Cause: org.postgresql.util.PSQLException: ERROR: relation "public.ecos_runtime_audit_retry" does not exist
  位置：256
### The error may exist in com/chinacreator/gzcm/runtime/audit/mapper/AuditRetryMapper.java (best guess)
### The error may involve com.chinacreator.gzcm.runtime.audit.mapper.AuditRetryMapper.listDue-Inline
### The error occurred while setting parameters
### SQL: SELECT id, event_type AS eventType, payload, attempts, next_retry_at AS nextRetryAt, last_error AS lastError, status, trace_id AS traceId, create_time AS createTime, update_time AS updateTime, version_no AS versionNo, is_deleted AS isDeleted, domain FROM public.ecos_runtime_audit_retry WHERE is_deleted = 0 AND status = 'pending' AND next_retry_at <= ? ORDER BY next_retry_at ASC LIMIT ?
### Cause: org.postgresql.util.PSQLException: ERROR: relation "public.ecos_runtime_audit_retry" does not exist
  位置：256
; bad SQL grammar []
2026-10-10 08:22:59.982 [scheduling-1] [] WARN  c.c.g.runtime.audit.AuditRetryTask - [AuditRetry] 到期行拉取失败（表缺失/DB 不可用）errType=BadSqlGrammarException msg=
### Error querying database.  Cause: org.postgresql.util.PSQLException: ERROR: relation "public.ecos_runtime_audit_retry" does not exist
  位置：256
### The error may exist in com/chinacreator/gzcm/runtime/audit/mapper/AuditRetryMapper.java (best guess)
### The error may involve com.chinacreator.gzcm.runtime.audit.mapper.AuditRetryMapper.listDue-Inline
### The error occurred while setting parameters
### SQL: SELECT id, event_type AS eventType, payload, attempts, next_retry_at AS nextRetryAt, last_error AS lastError, status, trace_id AS traceId, create_time AS createTime, update_time AS updateTime, version_no AS versionNo, is_deleted AS isDeleted, domain FROM public.ecos_runtime_audit_retry WHERE is_deleted = 0 AND status = 'pending' AND next_retry_at <= ? ORDER BY next_retry_at ASC LIMIT ?
### Cause: org.postgresql.util.PSQLException: ERROR: relation "public.ecos_runtime_audit_retry" does not exist
  位置：256
; bad SQL grammar []
2026-10-10 08:23:29.044 [scheduling-1] [] WARN  c.c.gzcm.runtime.dlq.DltLagChecker - [DltLagChecker] AdminClient 创建失败 errType=KafkaException msg=Failed to create new KafkaAdminClient
2026-10-10 08:23:29.055 [scheduling-1] [] WARN  c.c.gzcm.runtime.dlq.DltLagChecker - [DltLagChecker] AdminClient 不可用（bootstrap=localhost:9092），本轮降级跳过
2026-10-10 08:23:59.992 [scheduling-1] [] WARN  c.c.g.runtime.audit.AuditRetryTask - [AuditRetry] 到期行拉取失败（表缺失/DB 不可用）errType=BadSqlGrammarException msg=
### Error querying database.  Cause: org.postgresql.util.PSQLException: ERROR: relation "public.ecos_runtime_audit_retry" does not exist
  位置：256
### The error may exist in com/chinacreator/gzcm/runtime/audit/mapper/AuditRetryMapper.java (best guess)
### The error may involve com.chinacreator.gzcm.runtime.audit.mapper.AuditRetryMapper.listDue-Inline
### The error occurred while setting parameters
### SQL: SELECT id, event_type AS eventType, payload, attempts, next_retry_at AS nextRetryAt, last_error AS lastError, status, trace_id AS traceId, create_time AS createTime, update_time AS updateTime, version_no AS versionNo, is_deleted AS isDeleted, domain FROM public.ecos_runtime_audit_retry WHERE is_deleted = 0 AND status = 'pending' AND next_retry_at <= ? ORDER BY next_retry_at ASC LIMIT ?
### Cause: org.postgresql.util.PSQLException: ERROR: relation "public.ecos_runtime_audit_retry" does not exist
  位置：256
; bad SQL grammar []
2026-10-10 08:25:00.000 [scheduling-1] [] WARN  c.c.g.runtime.audit.AuditRetryTask - [AuditRetry] 到期行拉取失败（表缺失/DB 不可用）errType=BadSqlGrammarException msg=
### Error querying database.  Cause: org.postgresql.util.PSQLException: ERROR: relation "public.ecos_runtime_audit_retry" does not exist
  位置：256
### The error may exist in com/chinacreator/gzcm/runtime/audit/mapper/AuditRetryMapper.java (best guess)
### The error may involve com.chinacreator.gzcm.runtime.audit.mapper.AuditRetryMapper.listDue-Inline
### The error occurred while setting parameters
### SQL: SELECT id, event_type AS eventType, payload, attempts, next_retry_at AS nextRetryAt, last_error AS lastError, status, trace_id AS traceId, create_time AS createTime, update_time AS updateTime, version_no AS versionNo, is_deleted AS isDeleted, domain FROM public.ecos_runtime_audit_retry WHERE is_deleted = 0 AND status = 'pending' AND next_retry_at <= ? ORDER BY next_retry_at ASC LIMIT ?
### Cause: org.postgresql.util.PSQLException: ERROR: relation "public.ecos_runtime_audit_retry" does not exist
  位置：256
; bad SQL grammar []
2026-10-10 08:26:00.012 [scheduling-1] [] WARN  c.c.g.runtime.audit.AuditRetryTask - [AuditRetry] 到期行拉取失败（表缺失/DB 不可用）errType=BadSqlGrammarException msg=
### Error querying database.  Cause: org.postgresql.util.PSQLException: ERROR: relation "public.ecos_runtime_audit_retry" does not exist
  位置：256
### The error may exist in com/chinacreator/gzcm/runtime/audit/mapper/AuditRetryMapper.java (best guess)
### The error may involve com.chinacreator.gzcm.runtime.audit.mapper.AuditRetryMapper.listDue-Inline
### The error occurred while setting parameters
### SQL: SELECT id, event_type AS eventType, payload, attempts, next_retry_at AS nextRetryAt, last_error AS lastError, status, trace_id AS traceId, create_time AS createTime, update_time AS updateTime, version_no AS versionNo, is_deleted AS isDeleted, domain FROM public.ecos_runtime_audit_retry WHERE is_deleted = 0 AND status = 'pending' AND next_retry_at <= ? ORDER BY next_retry_at ASC LIMIT ?
### Cause: org.postgresql.util.PSQLException: ERROR: relation "public.ecos_runtime_audit_retry" does not exist
  位置：256
; bad SQL grammar []
2026-10-10 08:27:00.032 [scheduling-1] [] WARN  c.c.g.runtime.audit.AuditRetryTask - [AuditRetry] 到期行拉取失败（表缺失/DB 不可用）errType=BadSqlGrammarException msg=
### Error querying database.  Cause: org.postgresql.util.PSQLException: ERROR: relation "public.ecos_runtime_audit_retry" does not exist
  位置：256
### The error may exist in com/chinacreator/gzcm/runtime/audit/mapper/AuditRetryMapper.java (best guess)
### The error may involve com.chinacreator.gzcm.runtime.audit.mapper.AuditRetryMapper.listDue-Inline
### The error occurred while setting parameters
### SQL: SELECT id, event_type AS eventType, payload, attempts, next_retry_at AS nextRetryAt, last_error AS lastError, status, trace_id AS traceId, create_time AS createTime, update_time AS updateTime, version_no AS versionNo, is_deleted AS isDeleted, domain FROM public.ecos_runtime_audit_retry WHERE is_deleted = 0 AND status = 'pending' AND next_retry_at <= ? ORDER BY next_retry_at ASC LIMIT ?
### Cause: org.postgresql.util.PSQLException: ERROR: relation "public.ecos_runtime_audit_retry" does not exist
  位置：256
; bad SQL grammar []
2026-10-10 08:28:00.048 [scheduling-1] [] WARN  c.c.g.runtime.audit.AuditRetryTask - [AuditRetry] 到期行拉取失败（表缺失/DB 不可用）errType=BadSqlGrammarException msg=
### Error querying database.  Cause: org.postgresql.util.PSQLException: ERROR: relation "public.ecos_runtime_audit_retry" does not exist
  位置：256
### The error may exist in com/chinacreator/gzcm/runtime/audit/mapper/AuditRetryMapper.java (best guess)
### The error may involve com.chinacreator.gzcm.runtime.audit.mapper.AuditRetryMapper.listDue-Inline
### The error occurred while setting parameters
### SQL: SELECT id, event_type AS eventType, payload, attempts, next_retry_at AS nextRetryAt, last_error AS lastError, status, trace_id AS traceId, create_time AS createTime, update_time AS updateTime, version_no AS versionNo, is_deleted AS isDeleted, domain FROM public.ecos_runtime_audit_retry WHERE is_deleted = 0 AND status = 'pending' AND next_retry_at <= ? ORDER BY next_retry_at ASC LIMIT ?
### Cause: org.postgresql.util.PSQLException: ERROR: relation "public.ecos_runtime_audit_retry" does not exist
  位置：256
; bad SQL grammar []
2026-10-10 08:28:29.067 [scheduling-1] [] WARN  c.c.gzcm.runtime.dlq.DltLagChecker - [DltLagChecker] AdminClient 创建失败 errType=KafkaException msg=Failed to create new KafkaAdminClient
2026-10-10 08:28:29.076 [scheduling-1] [] WARN  c.c.gzcm.runtime.dlq.DltLagChecker - [DltLagChecker] AdminClient 不可用（bootstrap=localhost:9092），本轮降级跳过
2026-10-10 08:29:00.070 [scheduling-1] [] WARN  c.c.g.runtime.audit.AuditRetryTask - [AuditRetry] 到期行拉取失败（表缺失/DB 不可用）errType=BadSqlGrammarException msg=
### Error querying database.  Cause: org.postgresql.util.PSQLException: ERROR: relation "public.ecos_runtime_audit_retry" does not exist
  位置：256
### The error may exist in com/chinacreator/gzcm/runtime/audit/mapper/AuditRetryMapper.java (best guess)
### The error may involve com.chinacreator.gzcm.runtime.audit.mapper.AuditRetryMapper.listDue-Inline
### The error occurred while setting parameters
### SQL: SELECT id, event_type AS eventType, payload, attempts, next_retry_at AS nextRetryAt, last_error AS lastError, status, trace_id AS traceId, create_time AS createTime, update_time AS updateTime, version_no AS versionNo, is_deleted AS isDeleted, domain FROM public.ecos_runtime_audit_retry WHERE is_deleted = 0 AND status = 'pending' AND next_retry_at <= ? ORDER BY next_retry_at ASC LIMIT ?
### Cause: org.postgresql.util.PSQLException: ERROR: relation "public.ecos_runtime_audit_retry" does not exist
  位置：256
; bad SQL grammar []
2026-10-10 08:30:00.088 [scheduling-1] [] WARN  c.c.g.runtime.audit.AuditRetryTask - [AuditRetry] 到期行拉取失败（表缺失/DB 不可用）errType=BadSqlGrammarException msg=
### Error querying database.  Cause: org.postgresql.util.PSQLException: ERROR: relation "public.ecos_runtime_audit_retry" does not exist
  位置：256
### The error may exist in com/chinacreator/gzcm/runtime/audit/mapper/AuditRetryMapper.java (best guess)
### The error may involve com.chinacreator.gzcm.runtime.audit.mapper.AuditRetryMapper.listDue-Inline
### The error occurred while setting parameters
### SQL: SELECT id, event_type AS eventType, payload, attempts, next_retry_at AS nextRetryAt, last_error AS lastError, status, trace_id AS traceId, create_time AS createTime, update_time AS updateTime, version_no AS versionNo, is_deleted AS isDeleted, domain FROM public.ecos_runtime_audit_retry WHERE is_deleted = 0 AND status = 'pending' AND next_retry_at <= ? ORDER BY next_retry_at ASC LIMIT ?
### Cause: org.postgresql.util.PSQLException: ERROR: relation "public.ecos_runtime_audit_retry" does not exist
  位置：256
; bad SQL grammar []
2026-10-10 08:31:00.098 [scheduling-1] [] WARN  c.c.g.runtime.audit.AuditRetryTask - [AuditRetry] 到期行拉取失败（表缺失/DB 不可用）errType=BadSqlGrammarException msg=
### Error querying database.  Cause: org.postgresql.util.PSQLException: ERROR: relation "public.ecos_runtime_audit_retry" does not exist
  位置：256
### The error may exist in com/chinacreator/gzcm/runtime/audit/mapper/AuditRetryMapper.java (best guess)
### The error may involve com.chinacreator.gzcm.runtime.audit.mapper.AuditRetryMapper.listDue-Inline
### The error occurred while setting parameters
### SQL: SELECT id, event_type AS eventType, payload, attempts, next_retry_at AS nextRetryAt, last_error AS lastError, status, trace_id AS traceId, create_time AS createTime, update_time AS updateTime, version_no AS versionNo, is_deleted AS isDeleted, domain FROM public.ecos_runtime_audit_retry WHERE is_deleted = 0 AND status = 'pending' AND next_retry_at <= ? ORDER BY next_retry_at ASC LIMIT ?
### Cause: org.postgresql.util.PSQLException: ERROR: relation "public.ecos_runtime_audit_retry" does not exist
  位置：256
; bad SQL grammar []
2026-10-10 08:32:00.113 [scheduling-1] [] WARN  c.c.g.runtime.audit.AuditRetryTask - [AuditRetry] 到期行拉取失败（表缺失/DB 不可用）errType=BadSqlGrammarException msg=
### Error querying database.  Cause: org.postgresql.util.PSQLException: ERROR: relation "public.ecos_runtime_audit_retry" does not exist
  位置：256
### The error may exist in com/chinacreator/gzcm/runtime/audit/mapper/AuditRetryMapper.java (best guess)
### The error may involve com.chinacreator.gzcm.runtime.audit.mapper.AuditRetryMapper.listDue-Inline
### The error occurred while setting parameters
### SQL: SELECT id, event_type AS eventType, payload, attempts, next_retry_at AS nextRetryAt, last_error AS lastError, status, trace_id AS traceId, create_time AS createTime, update_time AS updateTime, version_no AS versionNo, is_deleted AS isDeleted, domain FROM public.ecos_runtime_audit_retry WHERE is_deleted = 0 AND status = 'pending' AND next_retry_at <= ? ORDER BY next_retry_at ASC LIMIT ?
### Cause: org.postgresql.util.PSQLException: ERROR: relation "public.ecos_runtime_audit_retry" does not exist
  位置：256
; bad SQL grammar []
2026-10-10 08:33:00.127 [scheduling-1] [] WARN  c.c.g.runtime.audit.AuditRetryTask - [AuditRetry] 到期行拉取失败（表缺失/DB 不可用）errType=BadSqlGrammarException msg=
### Error querying database.  Cause: org.postgresql.util.PSQLException: ERROR: relation "public.ecos_runtime_audit_retry" does not exist
  位置：256
### The error may exist in com/chinacreator/gzcm/runtime/audit/mapper/AuditRetryMapper.java (best guess)
### The error may involve com.chinacreator.gzcm.runtime.audit.mapper.AuditRetryMapper.listDue-Inline
### The error occurred while setting parameters
### SQL: SELECT id, event_type AS eventType, payload, attempts, next_retry_at AS nextRetryAt, last_error AS lastError, status, trace_id AS traceId, create_time AS createTime, update_time AS updateTime, version_no AS versionNo, is_deleted AS isDeleted, domain FROM public.ecos_runtime_audit_retry WHERE is_deleted = 0 AND status = 'pending' AND next_retry_at <= ? ORDER BY next_retry_at ASC LIMIT ?
### Cause: org.postgresql.util.PSQLException: ERROR: relation "public.ecos_runtime_audit_retry" does not exist
  位置：256
; bad SQL grammar []
2026-10-10 08:33:29.090 [scheduling-1] [] WARN  c.c.gzcm.runtime.dlq.DltLagChecker - [DltLagChecker] AdminClient 创建失败 errType=KafkaException msg=Failed to create new KafkaAdminClient
2026-10-10 08:33:29.100 [scheduling-1] [] WARN  c.c.gzcm.runtime.dlq.DltLagChecker - [DltLagChecker] AdminClient 不可用（bootstrap=localhost:9092），本轮降级跳过
2026-10-10 08:34:00.132 [scheduling-1] [] WARN  c.c.g.runtime.audit.AuditRetryTask - [AuditRetry] 到期行拉取失败（表缺失/DB 不可用）errType=BadSqlGrammarException msg=
### Error querying database.  Cause: org.postgresql.util.PSQLException: ERROR: relation "public.ecos_runtime_audit_retry" does not exist
  位置：256
### The error may exist in com/chinacreator/gzcm/runtime/audit/mapper/AuditRetryMapper.java (best guess)
### The error may involve com.chinacreator.gzcm.runtime.audit.mapper.AuditRetryMapper.listDue-Inline
### The error occurred while setting parameters
### SQL: SELECT id, event_type AS eventType, payload, attempts, next_retry_at AS nextRetryAt, last_error AS lastError, status, trace_id AS traceId, create_time AS createTime, update_time AS updateTime, version_no AS versionNo, is_deleted AS isDeleted, domain FROM public.ecos_runtime_audit_retry WHERE is_deleted = 0 AND status = 'pending' AND next_retry_at <= ? ORDER BY next_retry_at ASC LIMIT ?
### Cause: org.postgresql.util.PSQLException: ERROR: relation "public.ecos_runtime_audit_retry" does not exist
  位置：256
; bad SQL grammar []
2026-10-10 08:35:00.139 [scheduling-1] [] WARN  c.c.g.runtime.audit.AuditRetryTask - [AuditRetry] 到期行拉取失败（表缺失/DB 不可用）errType=BadSqlGrammarException msg=
### Error querying database.  Cause: org.postgresql.util.PSQLException: ERROR: relation "public.ecos_runtime_audit_retry" does not exist
  位置：256
### The error may exist in com/chinacreator/gzcm/runtime/audit/mapper/AuditRetryMapper.java (best guess)
### The error may involve com.chinacreator.gzcm.runtime.audit.mapper.AuditRetryMapper.listDue-Inline
### The error occurred while setting parameters
### SQL: SELECT id, event_type AS eventType, payload, attempts, next_retry_at AS nextRetryAt, last_error AS lastError, status, trace_id AS traceId, create_time AS createTime, update_time AS updateTime, version_no AS versionNo, is_deleted AS isDeleted, domain FROM public.ecos_runtime_audit_retry WHERE is_deleted = 0 AND status = 'pending' AND next_retry_at <= ? ORDER BY next_retry_at ASC LIMIT ?
### Cause: org.postgresql.util.PSQLException: ERROR: relation "public.ecos_runtime_audit_retry" does not exist
  位置：256
; bad SQL grammar []
2026-10-10 08:36:00.147 [scheduling-1] [] WARN  c.c.g.runtime.audit.AuditRetryTask - [AuditRetry] 到期行拉取失败（表缺失/DB 不可用）errType=BadSqlGrammarException msg=
### Error querying database.  Cause: org.postgresql.util.PSQLException: ERROR: relation "public.ecos_runtime_audit_retry" does not exist
  位置：256
### The error may exist in com/chinacreator/gzcm/runtime/audit/mapper/AuditRetryMapper.java (best guess)
### The error may involve com.chinacreator.gzcm.runtime.audit.mapper.AuditRetryMapper.listDue-Inline
### The error occurred while setting parameters
### SQL: SELECT id, event_type AS eventType, payload, attempts, next_retry_at AS nextRetryAt, last_error AS lastError, status, trace_id AS traceId, create_time AS createTime, update_time AS updateTime, version_no AS versionNo, is_deleted AS isDeleted, domain FROM public.ecos_runtime_audit_retry WHERE is_deleted = 0 AND status = 'pending' AND next_retry_at <= ? ORDER BY next_retry_at ASC LIMIT ?
### Cause: org.postgresql.util.PSQLException: ERROR: relation "public.ecos_runtime_audit_retry" does not exist
  位置：256
; bad SQL grammar []
2026-10-10 08:37:00.153 [scheduling-1] [] WARN  c.c.g.runtime.audit.AuditRetryTask - [AuditRetry] 到期行拉取失败（表缺失/DB 不可用）errType=BadSqlGrammarException msg=
### Error querying database.  Cause: org.postgresql.util.PSQLException: ERROR: relation "public.ecos_runtime_audit_retry" does not exist
  位置：256
### The error may exist in com/chinacreator/gzcm/runtime/audit/mapper/AuditRetryMapper.java (best guess)
### The error may involve com.chinacreator.gzcm.runtime.audit.mapper.AuditRetryMapper.listDue-Inline
### The error occurred while setting parameters
### SQL: SELECT id, event_type AS eventType, payload, attempts, next_retry_at AS nextRetryAt, last_error AS lastError, status, trace_id AS traceId, create_time AS createTime, update_time AS updateTime, version_no AS versionNo, is_deleted AS isDeleted, domain FROM public.ecos_runtime_audit_retry WHERE is_deleted = 0 AND status = 'pending' AND next_retry_at <= ? ORDER BY next_retry_at ASC LIMIT ?
### Cause: org.postgresql.util.PSQLException: ERROR: relation "public.ecos_runtime_audit_retry" does not exist
  位置：256
; bad SQL grammar []
2026-10-10 08:38:00.167 [scheduling-1] [] WARN  c.c.g.runtime.audit.AuditRetryTask - [AuditRetry] 到期行拉取失败（表缺失/DB 不可用）errType=BadSqlGrammarException msg=
### Error querying database.  Cause: org.postgresql.util.PSQLException: ERROR: relation "public.ecos_runtime_audit_retry" does not exist
  位置：256
### The error may exist in com/chinacreator/gzcm/runtime/audit/mapper/AuditRetryMapper.java (best guess)
### The error may involve com.chinacreator.gzcm.runtime.audit.mapper.AuditRetryMapper.listDue-Inline
### The error occurred while setting parameters
### SQL: SELECT id, event_type AS eventType, payload, attempts, next_retry_at AS nextRetryAt, last_error AS lastError, status, trace_id AS traceId, create_time AS createTime, update_time AS updateTime, version_no AS versionNo, is_deleted AS isDeleted, domain FROM public.ecos_runtime_audit_retry WHERE is_deleted = 0 AND status = 'pending' AND next_retry_at <= ? ORDER BY next_retry_at ASC LIMIT ?
### Cause: org.postgresql.util.PSQLException: ERROR: relation "public.ecos_runtime_audit_retry" does not exist
  位置：256
; bad SQL grammar []
2026-10-10 08:38:29.126 [scheduling-1] [] WARN  c.c.gzcm.runtime.dlq.DltLagChecker - [DltLagChecker] AdminClient 创建失败 errType=KafkaException msg=Failed to create new KafkaAdminClient
2026-10-10 08:38:29.128 [scheduling-1] [] WARN  c.c.gzcm.runtime.dlq.DltLagChecker - [DltLagChecker] AdminClient 不可用（bootstrap=localhost:9092），本轮降级跳过
2026-10-10 08:39:00.180 [scheduling-1] [] WARN  c.c.g.runtime.audit.AuditRetryTask - [AuditRetry] 到期行拉取失败（表缺失/DB 不可用）errType=BadSqlGrammarException msg=
### Error querying database.  Cause: org.postgresql.util.PSQLException: ERROR: relation "public.ecos_runtime_audit_retry" does not exist
  位置：256
### The error may exist in com/chinacreator/gzcm/runtime/audit/mapper/AuditRetryMapper.java (best guess)
### The error may involve com.chinacreator.gzcm.runtime.audit.mapper.AuditRetryMapper.listDue-Inline
### The error occurred while setting parameters
### SQL: SELECT id, event_type AS eventType, payload, attempts, next_retry_at AS nextRetryAt, last_error AS lastError, status, trace_id AS traceId, create_time AS createTime, update_time AS updateTime, version_no AS versionNo, is_deleted AS isDeleted, domain FROM public.ecos_runtime_audit_retry WHERE is_deleted = 0 AND status = 'pending' AND next_retry_at <= ? ORDER BY next_retry_at ASC LIMIT ?
### Cause: org.postgresql.util.PSQLException: ERROR: relation "public.ecos_runtime_audit_retry" does not exist
  位置：256
; bad SQL grammar []
2026-10-10 08:40:00.191 [scheduling-1] [] WARN  c.c.g.runtime.audit.AuditRetryTask - [AuditRetry] 到期行拉取失败（表缺失/DB 不可用）errType=BadSqlGrammarException msg=
### Error querying database.  Cause: org.postgresql.util.PSQLException: ERROR: relation "public.ecos_runtime_audit_retry" does not exist
  位置：256
### The error may exist in com/chinacreator/gzcm/runtime/audit/mapper/AuditRetryMapper.java (best guess)
### The error may involve com.chinacreator.gzcm.runtime.audit.mapper.AuditRetryMapper.listDue-Inline
### The error occurred while setting parameters
### SQL: SELECT id, event_type AS eventType, payload, attempts, next_retry_at AS nextRetryAt, last_error AS lastError, status, trace_id AS traceId, create_time AS createTime, update_time AS updateTime, version_no AS versionNo, is_deleted AS isDeleted, domain FROM public.ecos_runtime_audit_retry WHERE is_deleted = 0 AND status = 'pending' AND next_retry_at <= ? ORDER BY next_retry_at ASC LIMIT ?
### Cause: org.postgresql.util.PSQLException: ERROR: relation "public.ecos_runtime_audit_retry" does not exist
  位置：256
; bad SQL grammar []
2026-10-10 08:41:00.198 [scheduling-1] [] WARN  c.c.g.runtime.audit.AuditRetryTask - [AuditRetry] 到期行拉取失败（表缺失/DB 不可用）errType=BadSqlGrammarException msg=
### Error querying database.  Cause: org.postgresql.util.PSQLException: ERROR: relation "public.ecos_runtime_audit_retry" does not exist
  位置：256
### The error may exist in com/chinacreator/gzcm/runtime/audit/mapper/AuditRetryMapper.java (best guess)
### The error may involve com.chinacreator.gzcm.runtime.audit.mapper.AuditRetryMapper.listDue-Inline
### The error occurred while setting parameters
### SQL: SELECT id, event_type AS eventType, payload, attempts, next_retry_at AS nextRetryAt, last_error AS lastError, status, trace_id AS traceId, create_time AS createTime, update_time AS updateTime, version_no AS versionNo, is_deleted AS isDeleted, domain FROM public.ecos_runtime_audit_retry WHERE is_deleted = 0 AND status = 'pending' AND next_retry_at <= ? ORDER BY next_retry_at ASC LIMIT ?
### Cause: org.postgresql.util.PSQLException: ERROR: relation "public.ecos_runtime_audit_retry" does not exist
  位置：256
; bad SQL grammar []
2026-10-10 08:42:00.219 [scheduling-1] [] WARN  c.c.g.runtime.audit.AuditRetryTask - [AuditRetry] 到期行拉取失败（表缺失/DB 不可用）errType=BadSqlGrammarException msg=
### Error querying database.  Cause: org.postgresql.util.PSQLException: ERROR: relation "public.ecos_runtime_audit_retry" does not exist
  位置：256
### The error may exist in com/chinacreator/gzcm/runtime/audit/mapper/AuditRetryMapper.java (best guess)
### The error may involve com.chinacreator.gzcm.runtime.audit.mapper.AuditRetryMapper.listDue-Inline
### The error occurred while setting parameters
### SQL: SELECT id, event_type AS eventType, payload, attempts, next_retry_at AS nextRetryAt, last_error AS lastError, status, trace_id AS traceId, create_time AS createTime, update_time AS updateTime, version_no AS versionNo, is_deleted AS isDeleted, domain FROM public.ecos_runtime_audit_retry WHERE is_deleted = 0 AND status = 'pending' AND next_retry_at <= ? ORDER BY next_retry_at ASC LIMIT ?
### Cause: org.postgresql.util.PSQLException: ERROR: relation "public.ecos_runtime_audit_retry" does not exist
  位置：256
; bad SQL grammar []
2026-10-10 08:43:00.230 [scheduling-1] [] WARN  c.c.g.runtime.audit.AuditRetryTask - [AuditRetry] 到期行拉取失败（表缺失/DB 不可用）errType=BadSqlGrammarException msg=
### Error querying database.  Cause: org.postgresql.util.PSQLException: ERROR: relation "public.ecos_runtime_audit_retry" does not exist
  位置：256
### The error may exist in com/chinacreator/gzcm/runtime/audit/mapper/AuditRetryMapper.java (best guess)
### The error may involve com.chinacreator.gzcm.runtime.audit.mapper.AuditRetryMapper.listDue-Inline
### The error occurred while setting parameters
### SQL: SELECT id, event_type AS eventType, payload, attempts, next_retry_at AS nextRetryAt, last_error AS lastError, status, trace_id AS traceId, create_time AS createTime, update_time AS updateTime, version_no AS versionNo, is_deleted AS isDeleted, domain FROM public.ecos_runtime_audit_retry WHERE is_deleted = 0 AND status = 'pending' AND next_retry_at <= ? ORDER BY next_retry_at ASC LIMIT ?
### Cause: org.postgresql.util.PSQLException: ERROR: relation "public.ecos_runtime_audit_retry" does not exist
  位置：256
; bad SQL grammar []
2026-10-10 08:43:29.144 [scheduling-1] [] WARN  c.c.gzcm.runtime.dlq.DltLagChecker - [DltLagChecker] AdminClient 创建失败 errType=KafkaException msg=Failed to create new KafkaAdminClient
2026-10-10 08:43:29.155 [scheduling-1] [] WARN  c.c.gzcm.runtime.dlq.DltLagChecker - [DltLagChecker] AdminClient 不可用（bootstrap=localhost:9092），本轮降级跳过
2026-10-10 08:44:00.248 [scheduling-1] [] WARN  c.c.g.runtime.audit.AuditRetryTask - [AuditRetry] 到期行拉取失败（表缺失/DB 不可用）errType=BadSqlGrammarException msg=
### Error querying database.  Cause: org.postgresql.util.PSQLException: ERROR: relation "public.ecos_runtime_audit_retry" does not exist
  位置：256
### The error may exist in com/chinacreator/gzcm/runtime/audit/mapper/AuditRetryMapper.java (best guess)
### The error may involve com.chinacreator.gzcm.runtime.audit.mapper.AuditRetryMapper.listDue-Inline
### The error occurred while setting parameters
### SQL: SELECT id, event_type AS eventType, payload, attempts, next_retry_at AS nextRetryAt, last_error AS lastError, status, trace_id AS traceId, create_time AS createTime, update_time AS updateTime, version_no AS versionNo, is_deleted AS isDeleted, domain FROM public.ecos_runtime_audit_retry WHERE is_deleted = 0 AND status = 'pending' AND next_retry_at <= ? ORDER BY next_retry_at ASC LIMIT ?
### Cause: org.postgresql.util.PSQLException: ERROR: relation "public.ecos_runtime_audit_retry" does not exist
  位置：256
; bad SQL grammar []
2026-10-10 08:45:00.273 [scheduling-1] [] WARN  c.c.g.runtime.audit.AuditRetryTask - [AuditRetry] 到期行拉取失败（表缺失/DB 不可用）errType=BadSqlGrammarException msg=
### Error querying database.  Cause: org.postgresql.util.PSQLException: ERROR: relation "public.ecos_runtime_audit_retry" does not exist
  位置：256
### The error may exist in com/chinacreator/gzcm/runtime/audit/mapper/AuditRetryMapper.java (best guess)
### The error may involve com.chinacreator.gzcm.runtime.audit.mapper.AuditRetryMapper.listDue-Inline
### The error occurred while setting parameters
### SQL: SELECT id, event_type AS eventType, payload, attempts, next_retry_at AS nextRetryAt, last_error AS lastError, status, trace_id AS traceId, create_time AS createTime, update_time AS updateTime, version_no AS versionNo, is_deleted AS isDeleted, domain FROM public.ecos_runtime_audit_retry WHERE is_deleted = 0 AND status = 'pending' AND next_retry_at <= ? ORDER BY next_retry_at ASC LIMIT ?
### Cause: org.postgresql.util.PSQLException: ERROR: relation "public.ecos_runtime_audit_retry" does not exist
  位置：256
; bad SQL grammar []
2026-10-10 08:46:00.291 [scheduling-1] [] WARN  c.c.g.runtime.audit.AuditRetryTask - [AuditRetry] 到期行拉取失败（表缺失/DB 不可用）errType=BadSqlGrammarException msg=
### Error querying database.  Cause: org.postgresql.util.PSQLException: ERROR: relation "public.ecos_runtime_audit_retry" does not exist
  位置：256
### The error may exist in com/chinacreator/gzcm/runtime/audit/mapper/AuditRetryMapper.java (best guess)
### The error may involve com.chinacreator.gzcm.runtime.audit.mapper.AuditRetryMapper.listDue-Inline
### The error occurred while setting parameters
### SQL: SELECT id, event_type AS eventType, payload, attempts, next_retry_at AS nextRetryAt, last_error AS lastError, status, trace_id AS traceId, create_time AS createTime, update_time AS updateTime, version_no AS versionNo, is_deleted AS isDeleted, domain FROM public.ecos_runtime_audit_retry WHERE is_deleted = 0 AND status = 'pending' AND next_retry_at <= ? ORDER BY next_retry_at ASC LIMIT ?
### Cause: org.postgresql.util.PSQLException: ERROR: relation "public.ecos_runtime_audit_retry" does not exist
  位置：256
; bad SQL grammar []
2026-10-10 08:47:00.323 [scheduling-1] [] WARN  c.c.g.runtime.audit.AuditRetryTask - [AuditRetry] 到期行拉取失败（表缺失/DB 不可用）errType=BadSqlGrammarException msg=
### Error querying database.  Cause: org.postgresql.util.PSQLException: ERROR: relation "public.ecos_runtime_audit_retry" does not exist
  位置：256
### The error may exist in com/chinacreator/gzcm/runtime/audit/mapper/AuditRetryMapper.java (best guess)
### The error may involve com.chinacreator.gzcm.runtime.audit.mapper.AuditRetryMapper.listDue-Inline
### The error occurred while setting parameters
### SQL: SELECT id, event_type AS eventType, payload, attempts, next_retry_at AS nextRetryAt, last_error AS lastError, status, trace_id AS traceId, create_time AS createTime, update_time AS updateTime, version_no AS versionNo, is_deleted AS isDeleted, domain FROM public.ecos_runtime_audit_retry WHERE is_deleted = 0 AND status = 'pending' AND next_retry_at <= ? ORDER BY next_retry_at ASC LIMIT ?
### Cause: org.postgresql.util.PSQLException: ERROR: relation "public.ecos_runtime_audit_retry" does not exist
  位置：256
; bad SQL grammar []
2026-10-10 08:48:00.343 [scheduling-1] [] WARN  c.c.g.runtime.audit.AuditRetryTask - [AuditRetry] 到期行拉取失败（表缺失/DB 不可用）errType=BadSqlGrammarException msg=
### Error querying database.  Cause: org.postgresql.util.PSQLException: ERROR: relation "public.ecos_runtime_audit_retry" does not exist
  位置：256
### The error may exist in com/chinacreator/gzcm/runtime/audit/mapper/AuditRetryMapper.java (best guess)
### The error may involve com.chinacreator.gzcm.runtime.audit.mapper.AuditRetryMapper.listDue-Inline
### The error occurred while setting parameters
### SQL: SELECT id, event_type AS eventType, payload, attempts, next_retry_at AS nextRetryAt, last_error AS lastError, status, trace_id AS traceId, create_time AS createTime, update_time AS updateTime, version_no AS versionNo, is_deleted AS isDeleted, domain FROM public.ecos_runtime_audit_retry WHERE is_deleted = 0 AND status = 'pending' AND next_retry_at <= ? ORDER BY next_retry_at ASC LIMIT ?
### Cause: org.postgresql.util.PSQLException: ERROR: relation "public.ecos_runtime_audit_retry" does not exist
  位置：256
; bad SQL grammar []
2026-10-10 08:48:29.166 [scheduling-1] [] WARN  c.c.gzcm.runtime.dlq.DltLagChecker - [DltLagChecker] AdminClient 创建失败 errType=KafkaException msg=Failed to create new KafkaAdminClient
2026-10-10 08:48:29.177 [scheduling-1] [] WARN  c.c.gzcm.runtime.dlq.DltLagChecker - [DltLagChecker] AdminClient 不可用（bootstrap=localhost:9092），本轮降级跳过
2026-10-10 08:49:00.357 [scheduling-1] [] WARN  c.c.g.runtime.audit.AuditRetryTask - [AuditRetry] 到期行拉取失败（表缺失/DB 不可用）errType=BadSqlGrammarException msg=
### Error querying database.  Cause: org.postgresql.util.PSQLException: ERROR: relation "public.ecos_runtime_audit_retry" does not exist
  位置：256
### The error may exist in com/chinacreator/gzcm/runtime/audit/mapper/AuditRetryMapper.java (best guess)
### The error may involve com.chinacreator.gzcm.runtime.audit.mapper.AuditRetryMapper.listDue-Inline
### The error occurred while setting parameters
### SQL: SELECT id, event_type AS eventType, payload, attempts, next_retry_at AS nextRetryAt, last_error AS lastError, status, trace_id AS traceId, create_time AS createTime, update_time AS updateTime, version_no AS versionNo, is_deleted AS isDeleted, domain FROM public.ecos_runtime_audit_retry WHERE is_deleted = 0 AND status = 'pending' AND next_retry_at <= ? ORDER BY next_retry_at ASC LIMIT ?
### Cause: org.postgresql.util.PSQLException: ERROR: relation "public.ecos_runtime_audit_retry" does not exist
  位置：256
; bad SQL grammar []
2026-10-10 08:50:00.375 [scheduling-1] [] WARN  c.c.g.runtime.audit.AuditRetryTask - [AuditRetry] 到期行拉取失败（表缺失/DB 不可用）errType=BadSqlGrammarException msg=
### Error querying database.  Cause: org.postgresql.util.PSQLException: ERROR: relation "public.ecos_runtime_audit_retry" does not exist
  位置：256
### The error may exist in com/chinacreator/gzcm/runtime/audit/mapper/AuditRetryMapper.java (best guess)
### The error may involve com.chinacreator.gzcm.runtime.audit.mapper.AuditRetryMapper.listDue-Inline
### The error occurred while setting parameters
### SQL: SELECT id, event_type AS eventType, payload, attempts, next_retry_at AS nextRetryAt, last_error AS lastError, status, trace_id AS traceId, create_time AS createTime, update_time AS updateTime, version_no AS versionNo, is_deleted AS isDeleted, domain FROM public.ecos_runtime_audit_retry WHERE is_deleted = 0 AND status = 'pending' AND next_retry_at <= ? ORDER BY next_retry_at ASC LIMIT ?
### Cause: org.postgresql.util.PSQLException: ERROR: relation "public.ecos_runtime_audit_retry" does not exist
  位置：256
; bad SQL grammar []
2026-10-10 08:51:00.384 [scheduling-1] [] WARN  c.c.g.runtime.audit.AuditRetryTask - [AuditRetry] 到期行拉取失败（表缺失/DB 不可用）errType=BadSqlGrammarException msg=
### Error querying database.  Cause: org.postgresql.util.PSQLException: ERROR: relation "public.ecos_runtime_audit_retry" does not exist
  位置：256
### The error may exist in com/chinacreator/gzcm/runtime/audit/mapper/AuditRetryMapper.java (best guess)
### The error may involve com.chinacreator.gzcm.runtime.audit.mapper.AuditRetryMapper.listDue-Inline
### The error occurred while setting parameters
### SQL: SELECT id, event_type AS eventType, payload, attempts, next_retry_at AS nextRetryAt, last_error AS lastError, status, trace_id AS traceId, create_time AS createTime, update_time AS updateTime, version_no AS versionNo, is_deleted AS isDeleted, domain FROM public.ecos_runtime_audit_retry WHERE is_deleted = 0 AND status = 'pending' AND next_retry_at <= ? ORDER BY next_retry_at ASC LIMIT ?
### Cause: org.postgresql.util.PSQLException: ERROR: relation "public.ecos_runtime_audit_retry" does not exist
  位置：256
; bad SQL grammar []
2026-10-10 08:52:00.392 [scheduling-1] [] WARN  c.c.g.runtime.audit.AuditRetryTask - [AuditRetry] 到期行拉取失败（表缺失/DB 不可用）errType=BadSqlGrammarException msg=
### Error querying database.  Cause: org.postgresql.util.PSQLException: ERROR: relation "public.ecos_runtime_audit_retry" does not exist
  位置：256
### The error may exist in com/chinacreator/gzcm/runtime/audit/mapper/AuditRetryMapper.java (best guess)
### The error may involve com.chinacreator.gzcm.runtime.audit.mapper.AuditRetryMapper.listDue-Inline
### The error occurred while setting parameters
### SQL: SELECT id, event_type AS eventType, payload, attempts, next_retry_at AS nextRetryAt, last_error AS lastError, status, trace_id AS traceId, create_time AS createTime, update_time AS updateTime, version_no AS versionNo, is_deleted AS isDeleted, domain FROM public.ecos_runtime_audit_retry WHERE is_deleted = 0 AND status = 'pending' AND next_retry_at <= ? ORDER BY next_retry_at ASC LIMIT ?
### Cause: org.postgresql.util.PSQLException: ERROR: relation "public.ecos_runtime_audit_retry" does not exist
  位置：256
; bad SQL grammar []
2026-10-10 08:53:00.397 [scheduling-1] [] WARN  c.c.g.runtime.audit.AuditRetryTask - [AuditRetry] 到期行拉取失败（表缺失/DB 不可用）errType=BadSqlGrammarException msg=
### Error querying database.  Cause: org.postgresql.util.PSQLException: ERROR: relation "public.ecos_runtime_audit_retry" does not exist
  位置：256
### The error may exist in com/chinacreator/gzcm/runtime/audit/mapper/AuditRetryMapper.java (best guess)
### The error may involve com.chinacreator.gzcm.runtime.audit.mapper.AuditRetryMapper.listDue-Inline
### The error occurred while setting parameters
### SQL: SELECT id, event_type AS eventType, payload, attempts, next_retry_at AS nextRetryAt, last_error AS lastError, status, trace_id AS traceId, create_time AS createTime, update_time AS updateTime, version_no AS versionNo, is_deleted AS isDeleted, domain FROM public.ecos_runtime_audit_retry WHERE is_deleted = 0 AND status = 'pending' AND next_retry_at <= ? ORDER BY next_retry_at ASC LIMIT ?
### Cause: org.postgresql.util.PSQLException: ERROR: relation "public.ecos_runtime_audit_retry" does not exist
  位置：256
; bad SQL grammar []
2026-10-10 08:53:29.193 [scheduling-1] [] WARN  c.c.gzcm.runtime.dlq.DltLagChecker - [DltLagChecker] AdminClient 创建失败 errType=KafkaException msg=Failed to create new KafkaAdminClient
2026-10-10 08:53:29.194 [scheduling-1] [] WARN  c.c.gzcm.runtime.dlq.DltLagChecker - [DltLagChecker] AdminClient 不可用（bootstrap=localhost:9092），本轮降级跳过
2026-10-10 08:54:00.424 [scheduling-1] [] WARN  c.c.g.runtime.audit.AuditRetryTask - [AuditRetry] 到期行拉取失败（表缺失/DB 不可用）errType=BadSqlGrammarException msg=
### Error querying database.  Cause: org.postgresql.util.PSQLException: ERROR: relation "public.ecos_runtime_audit_retry" does not exist
  位置：256
### The error may exist in com/chinacreator/gzcm/runtime/audit/mapper/AuditRetryMapper.java (best guess)
### The error may involve com.chinacreator.gzcm.runtime.audit.mapper.AuditRetryMapper.listDue-Inline
### The error occurred while setting parameters
### SQL: SELECT id, event_type AS eventType, payload, attempts, next_retry_at AS nextRetryAt, last_error AS lastError, status, trace_id AS traceId, create_time AS createTime, update_time AS updateTime, version_no AS versionNo, is_deleted AS isDeleted, domain FROM public.ecos_runtime_audit_retry WHERE is_deleted = 0 AND status = 'pending' AND next_retry_at <= ? ORDER BY next_retry_at ASC LIMIT ?
### Cause: org.postgresql.util.PSQLException: ERROR: relation "public.ecos_runtime_audit_retry" does not exist
  位置：256
; bad SQL grammar []
2026-10-10 08:55:00.440 [scheduling-1] [] WARN  c.c.g.runtime.audit.AuditRetryTask - [AuditRetry] 到期行拉取失败（表缺失/DB 不可用）errType=BadSqlGrammarException msg=
### Error querying database.  Cause: org.postgresql.util.PSQLException: ERROR: relation "public.ecos_runtime_audit_retry" does not exist
  位置：256
### The error may exist in com/chinacreator/gzcm/runtime/audit/mapper/AuditRetryMapper.java (best guess)
### The error may involve com.chinacreator.gzcm.runtime.audit.mapper.AuditRetryMapper.listDue-Inline
### The error occurred while setting parameters
### SQL: SELECT id, event_type AS eventType, payload, attempts, next_retry_at AS nextRetryAt, last_error AS lastError, status, trace_id AS traceId, create_time AS createTime, update_time AS updateTime, version_no AS versionNo, is_deleted AS isDeleted, domain FROM public.ecos_runtime_audit_retry WHERE is_deleted = 0 AND status = 'pending' AND next_retry_at <= ? ORDER BY next_retry_at ASC LIMIT ?
### Cause: org.postgresql.util.PSQLException: ERROR: relation "public.ecos_runtime_audit_retry" does not exist
  位置：256
; bad SQL grammar []
2026-10-10 08:56:00.451 [scheduling-1] [] WARN  c.c.g.runtime.audit.AuditRetryTask - [AuditRetry] 到期行拉取失败（表缺失/DB 不可用）errType=BadSqlGrammarException msg=
### Error querying database.  Cause: org.postgresql.util.PSQLException: ERROR: relation "public.ecos_runtime_audit_retry" does not exist
  位置：256
### The error may exist in com/chinacreator/gzcm/runtime/audit/mapper/AuditRetryMapper.java (best guess)
### The error may involve com.chinacreator.gzcm.runtime.audit.mapper.AuditRetryMapper.listDue-Inline
### The error occurred while setting parameters
### SQL: SELECT id, event_type AS eventType, payload, attempts, next_retry_at AS nextRetryAt, last_error AS lastError, status, trace_id AS traceId, create_time AS createTime, update_time AS updateTime, version_no AS versionNo, is_deleted AS isDeleted, domain FROM public.ecos_runtime_audit_retry WHERE is_deleted = 0 AND status = 'pending' AND next_retry_at <= ? ORDER BY next_retry_at ASC LIMIT ?
### Cause: org.postgresql.util.PSQLException: ERROR: relation "public.ecos_runtime_audit_retry" does not exist
  位置：256
; bad SQL grammar []
2026-10-10 08:57:00.470 [scheduling-1] [] WARN  c.c.g.runtime.audit.AuditRetryTask - [AuditRetry] 到期行拉取失败（表缺失/DB 不可用）errType=BadSqlGrammarException msg=
### Error querying database.  Cause: org.postgresql.util.PSQLException: ERROR: relation "public.ecos_runtime_audit_retry" does not exist
  位置：256
### The error may exist in com/chinacreator/gzcm/runtime/audit/mapper/AuditRetryMapper.java (best guess)
### The error may involve com.chinacreator.gzcm.runtime.audit.mapper.AuditRetryMapper.listDue-Inline
### The error occurred while setting parameters
### SQL: SELECT id, event_type AS eventType, payload, attempts, next_retry_at AS nextRetryAt, last_error AS lastError, status, trace_id AS traceId, create_time AS createTime, update_time AS updateTime, version_no AS versionNo, is_deleted AS isDeleted, domain FROM public.ecos_runtime_audit_retry WHERE is_deleted = 0 AND status = 'pending' AND next_retry_at <= ? ORDER BY next_retry_at ASC LIMIT ?
### Cause: org.postgresql.util.PSQLException: ERROR: relation "public.ecos_runtime_audit_retry" does not exist
  位置：256
; bad SQL grammar []
2026-10-10 08:58:00.476 [scheduling-1] [] WARN  c.c.g.runtime.audit.AuditRetryTask - [AuditRetry] 到期行拉取失败（表缺失/DB 不可用）errType=BadSqlGrammarException msg=
### Error querying database.  Cause: org.postgresql.util.PSQLException: ERROR: relation "public.ecos_runtime_audit_retry" does not exist
  位置：256
### The error may exist in com/chinacreator/gzcm/runtime/audit/mapper/AuditRetryMapper.java (best guess)
### The error may involve com.chinacreator.gzcm.runtime.audit.mapper.AuditRetryMapper.listDue-Inline
### The error occurred while setting parameters
### SQL: SELECT id, event_type AS eventType, payload, attempts, next_retry_at AS nextRetryAt, last_error AS lastError, status, trace_id AS traceId, create_time AS createTime, update_time AS updateTime, version_no AS versionNo, is_deleted AS isDeleted, domain FROM public.ecos_runtime_audit_retry WHERE is_deleted = 0 AND status = 'pending' AND next_retry_at <= ? ORDER BY next_retry_at ASC LIMIT ?
### Cause: org.postgresql.util.PSQLException: ERROR: relation "public.ecos_runtime_audit_retry" does not exist
  位置：256
; bad SQL grammar []
2026-10-10 08:58:29.211 [scheduling-1] [] WARN  c.c.gzcm.runtime.dlq.DltLagChecker - [DltLagChecker] AdminClient 创建失败 errType=KafkaException msg=Failed to create new KafkaAdminClient
2026-10-10 08:58:29.213 [scheduling-1] [] WARN  c.c.gzcm.runtime.dlq.DltLagChecker - [DltLagChecker] AdminClient 不可用（bootstrap=localhost:9092），本轮降级跳过
2026-10-10 08:59:00.485 [scheduling-1] [] WARN  c.c.g.runtime.audit.AuditRetryTask - [AuditRetry] 到期行拉取失败（表缺失/DB 不可用）errType=BadSqlGrammarException msg=
### Error querying database.  Cause: org.postgresql.util.PSQLException: ERROR: relation "public.ecos_runtime_audit_retry" does not exist
  位置：256
### The error may exist in com/chinacreator/gzcm/runtime/audit/mapper/AuditRetryMapper.java (best guess)
### The error may involve com.chinacreator.gzcm.runtime.audit.mapper.AuditRetryMapper.listDue-Inline
### The error occurred while setting parameters
### SQL: SELECT id, event_type AS eventType, payload, attempts, next_retry_at AS nextRetryAt, last_error AS lastError, status, trace_id AS traceId, create_time AS createTime, update_time AS updateTime, version_no AS versionNo, is_deleted AS isDeleted, domain FROM public.ecos_runtime_audit_retry WHERE is_deleted = 0 AND status = 'pending' AND next_retry_at <= ? ORDER BY next_retry_at ASC LIMIT ?
### Cause: org.postgresql.util.PSQLException: ERROR: relation "public.ecos_runtime_audit_retry" does not exist
  位置：256
; bad SQL grammar []
2026-10-10 09:00:00.498 [scheduling-1] [] WARN  c.c.g.runtime.audit.AuditRetryTask - [AuditRetry] 到期行拉取失败（表缺失/DB 不可用）errType=BadSqlGrammarException msg=
### Error querying database.  Cause: org.postgresql.util.PSQLException: ERROR: relation "public.ecos_runtime_audit_retry" does not exist
  位置：256
### The error may exist in com/chinacreator/gzcm/runtime/audit/mapper/AuditRetryMapper.java (best guess)
### The error may involve com.chinacreator.gzcm.runtime.audit.mapper.AuditRetryMapper.listDue-Inline
### The error occurred while setting parameters
### SQL: SELECT id, event_type AS eventType, payload, attempts, next_retry_at AS nextRetryAt, last_error AS lastError, status, trace_id AS traceId, create_time AS createTime, update_time AS updateTime, version_no AS versionNo, is_deleted AS isDeleted, domain FROM public.ecos_runtime_audit_retry WHERE is_deleted = 0 AND status = 'pending' AND next_retry_at <= ? ORDER BY next_retry_at ASC LIMIT ?
### Cause: org.postgresql.util.PSQLException: ERROR: relation "public.ecos_runtime_audit_retry" does not exist
  位置：256
; bad SQL grammar []
2026-10-10 09:01:00.512 [scheduling-1] [] WARN  c.c.g.runtime.audit.AuditRetryTask - [AuditRetry] 到期行拉取失败（表缺失/DB 不可用）errType=BadSqlGrammarException msg=
### Error querying database.  Cause: org.postgresql.util.PSQLException: ERROR: relation "public.ecos_runtime_audit_retry" does not exist
  位置：256
### The error may exist in com/chinacreator/gzcm/runtime/audit/mapper/AuditRetryMapper.java (best guess)
### The error may involve com.chinacreator.gzcm.runtime.audit.mapper.AuditRetryMapper.listDue-Inline
### The error occurred while setting parameters
### SQL: SELECT id, event_type AS eventType, payload, attempts, next_retry_at AS nextRetryAt, last_error AS lastError, status, trace_id AS traceId, create_time AS createTime, update_time AS updateTime, version_no AS versionNo, is_deleted AS isDeleted, domain FROM public.ecos_runtime_audit_retry WHERE is_deleted = 0 AND status = 'pending' AND next_retry_at <= ? ORDER BY next_retry_at ASC LIMIT ?
### Cause: org.postgresql.util.PSQLException: ERROR: relation "public.ecos_runtime_audit_retry" does not exist
  位置：256
; bad SQL grammar []
2026-10-10 09:02:00.526 [scheduling-1] [] WARN  c.c.g.runtime.audit.AuditRetryTask - [AuditRetry] 到期行拉取失败（表缺失/DB 不可用）errType=BadSqlGrammarException msg=
### Error querying database.  Cause: org.postgresql.util.PSQLException: ERROR: relation "public.ecos_runtime_audit_retry" does not exist
  位置：256
### The error may exist in com/chinacreator/gzcm/runtime/audit/mapper/AuditRetryMapper.java (best guess)
### The error may involve com.chinacreator.gzcm.runtime.audit.mapper.AuditRetryMapper.listDue-Inline
### The error occurred while setting parameters
### SQL: SELECT id, event_type AS eventType, payload, attempts, next_retry_at AS nextRetryAt, last_error AS lastError, status, trace_id AS traceId, create_time AS createTime, update_time AS updateTime, version_no AS versionNo, is_deleted AS isDeleted, domain FROM public.ecos_runtime_audit_retry WHERE is_deleted = 0 AND status = 'pending' AND next_retry_at <= ? ORDER BY next_retry_at ASC LIMIT ?
### Cause: org.postgresql.util.PSQLException: ERROR: relation "public.ecos_runtime_audit_retry" does not exist
  位置：256
; bad SQL grammar []
2026-10-10 09:03:00.553 [scheduling-1] [] WARN  c.c.g.runtime.audit.AuditRetryTask - [AuditRetry] 到期行拉取失败（表缺失/DB 不可用）errType=BadSqlGrammarException msg=
### Error querying database.  Cause: org.postgresql.util.PSQLException: ERROR: relation "public.ecos_runtime_audit_retry" does not exist
  位置：256
### The error may exist in com/chinacreator/gzcm/runtime/audit/mapper/AuditRetryMapper.java (best guess)
### The error may involve com.chinacreator.gzcm.runtime.audit.mapper.AuditRetryMapper.listDue-Inline
### The error occurred while setting parameters
### SQL: SELECT id, event_type AS eventType, payload, attempts, next_retry_at AS nextRetryAt, last_error AS lastError, status, trace_id AS traceId, create_time AS createTime, update_time AS updateTime, version_no AS versionNo, is_deleted AS isDeleted, domain FROM public.ecos_runtime_audit_retry WHERE is_deleted = 0 AND status = 'pending' AND next_retry_at <= ? ORDER BY next_retry_at ASC LIMIT ?
### Cause: org.postgresql.util.PSQLException: ERROR: relation "public.ecos_runtime_audit_retry" does not exist
  位置：256
; bad SQL grammar []
2026-10-10 09:03:29.228 [scheduling-1] [] WARN  c.c.gzcm.runtime.dlq.DltLagChecker - [DltLagChecker] AdminClient 创建失败 errType=KafkaException msg=Failed to create new KafkaAdminClient
2026-10-10 09:03:29.229 [scheduling-1] [] WARN  c.c.gzcm.runtime.dlq.DltLagChecker - [DltLagChecker] AdminClient 不可用（bootstrap=localhost:9092），本轮降级跳过
2026-10-10 09:04:00.581 [scheduling-1] [] WARN  c.c.g.runtime.audit.AuditRetryTask - [AuditRetry] 到期行拉取失败（表缺失/DB 不可用）errType=BadSqlGrammarException msg=
### Error querying database.  Cause: org.postgresql.util.PSQLException: ERROR: relation "public.ecos_runtime_audit_retry" does not exist
  位置：256
### The error may exist in com/chinacreator/gzcm/runtime/audit/mapper/AuditRetryMapper.java (best guess)
### The error may involve com.chinacreator.gzcm.runtime.audit.mapper.AuditRetryMapper.listDue-Inline
### The error occurred while setting parameters
### SQL: SELECT id, event_type AS eventType, payload, attempts, next_retry_at AS nextRetryAt, last_error AS lastError, status, trace_id AS traceId, create_time AS createTime, update_time AS updateTime, version_no AS versionNo, is_deleted AS isDeleted, domain FROM public.ecos_runtime_audit_retry WHERE is_deleted = 0 AND status = 'pending' AND next_retry_at <= ? ORDER BY next_retry_at ASC LIMIT ?
### Cause: org.postgresql.util.PSQLException: ERROR: relation "public.ecos_runtime_audit_retry" does not exist
  位置：256
; bad SQL grammar []
2026-10-10 09:05:00.602 [scheduling-1] [] WARN  c.c.g.runtime.audit.AuditRetryTask - [AuditRetry] 到期行拉取失败（表缺失/DB 不可用）errType=BadSqlGrammarException msg=
### Error querying database.  Cause: org.postgresql.util.PSQLException: ERROR: relation "public.ecos_runtime_audit_retry" does not exist
  位置：256
### The error may exist in com/chinacreator/gzcm/runtime/audit/mapper/AuditRetryMapper.java (best guess)
### The error may involve com.chinacreator.gzcm.runtime.audit.mapper.AuditRetryMapper.listDue-Inline
### The error occurred while setting parameters
### SQL: SELECT id, event_type AS eventType, payload, attempts, next_retry_at AS nextRetryAt, last_error AS lastError, status, trace_id AS traceId, create_time AS createTime, update_time AS updateTime, version_no AS versionNo, is_deleted AS isDeleted, domain FROM public.ecos_runtime_audit_retry WHERE is_deleted = 0 AND status = 'pending' AND next_retry_at <= ? ORDER BY next_retry_at ASC LIMIT ?
### Cause: org.postgresql.util.PSQLException: ERROR: relation "public.ecos_runtime_audit_retry" does not exist
  位置：256
; bad SQL grammar []
2026-10-10 09:06:00.620 [scheduling-1] [] WARN  c.c.g.runtime.audit.AuditRetryTask - [AuditRetry] 到期行拉取失败（表缺失/DB 不可用）errType=BadSqlGrammarException msg=
### Error querying database.  Cause: org.postgresql.util.PSQLException: ERROR: relation "public.ecos_runtime_audit_retry" does not exist
  位置：256
### The error may exist in com/chinacreator/gzcm/runtime/audit/mapper/AuditRetryMapper.java (best guess)
### The error may involve com.chinacreator.gzcm.runtime.audit.mapper.AuditRetryMapper.listDue-Inline
### The error occurred while setting parameters
### SQL: SELECT id, event_type AS eventType, payload, attempts, next_retry_at AS nextRetryAt, last_error AS lastError, status, trace_id AS traceId, create_time AS createTime, update_time AS updateTime, version_no AS versionNo, is_deleted AS isDeleted, domain FROM public.ecos_runtime_audit_retry WHERE is_deleted = 0 AND status = 'pending' AND next_retry_at <= ? ORDER BY next_retry_at ASC LIMIT ?
### Cause: org.postgresql.util.PSQLException: ERROR: relation "public.ecos_runtime_audit_retry" does not exist
  位置：256
; bad SQL grammar []
2026-10-10 09:07:00.641 [scheduling-1] [] WARN  c.c.g.runtime.audit.AuditRetryTask - [AuditRetry] 到期行拉取失败（表缺失/DB 不可用）errType=BadSqlGrammarException msg=
### Error querying database.  Cause: org.postgresql.util.PSQLException: ERROR: relation "public.ecos_runtime_audit_retry" does not exist
  位置：256
### The error may exist in com/chinacreator/gzcm/runtime/audit/mapper/AuditRetryMapper.java (best guess)
### The error may involve com.chinacreator.gzcm.runtime.audit.mapper.AuditRetryMapper.listDue-Inline
### The error occurred while setting parameters
### SQL: SELECT id, event_type AS eventType, payload, attempts, next_retry_at AS nextRetryAt, last_error AS lastError, status, trace_id AS traceId, create_time AS createTime, update_time AS updateTime, version_no AS versionNo, is_deleted AS isDeleted, domain FROM public.ecos_runtime_audit_retry WHERE is_deleted = 0 AND status = 'pending' AND next_retry_at <= ? ORDER BY next_retry_at ASC LIMIT ?
### Cause: org.postgresql.util.PSQLException: ERROR: relation "public.ecos_runtime_audit_retry" does not exist
  位置：256
; bad SQL grammar []
2026-10-10 09:08:00.657 [scheduling-1] [] WARN  c.c.g.runtime.audit.AuditRetryTask - [AuditRetry] 到期行拉取失败（表缺失/DB 不可用）errType=BadSqlGrammarException msg=
### Error querying database.  Cause: org.postgresql.util.PSQLException: ERROR: relation "public.ecos_runtime_audit_retry" does not exist
  位置：256
### The error may exist in com/chinacreator/gzcm/runtime/audit/mapper/AuditRetryMapper.java (best guess)
### The error may involve com.chinacreator.gzcm.runtime.audit.mapper.AuditRetryMapper.listDue-Inline
### The error occurred while setting parameters
### SQL: SELECT id, event_type AS eventType, payload, attempts, next_retry_at AS nextRetryAt, last_error AS lastError, status, trace_id AS traceId, create_time AS createTime, update_time AS updateTime, version_no AS versionNo, is_deleted AS isDeleted, domain FROM public.ecos_runtime_audit_retry WHERE is_deleted = 0 AND status = 'pending' AND next_retry_at <= ? ORDER BY next_retry_at ASC LIMIT ?
### Cause: org.postgresql.util.PSQLException: ERROR: relation "public.ecos_runtime_audit_retry" does not exist
  位置：256
; bad SQL grammar []
2026-10-10 09:08:29.248 [scheduling-1] [] WARN  c.c.gzcm.runtime.dlq.DltLagChecker - [DltLagChecker] AdminClient 创建失败 errType=KafkaException msg=Failed to create new KafkaAdminClient
2026-10-10 09:08:29.248 [scheduling-1] [] WARN  c.c.gzcm.runtime.dlq.DltLagChecker - [DltLagChecker] AdminClient 不可用（bootstrap=localhost:9092），本轮降级跳过
2026-10-10 09:09:00.665 [scheduling-1] [] WARN  c.c.g.runtime.audit.AuditRetryTask - [AuditRetry] 到期行拉取失败（表缺失/DB 不可用）errType=BadSqlGrammarException msg=
### Error querying database.  Cause: org.postgresql.util.PSQLException: ERROR: relation "public.ecos_runtime_audit_retry" does not exist
  位置：256
### The error may exist in com/chinacreator/gzcm/runtime/audit/mapper/AuditRetryMapper.java (best guess)
### The error may involve com.chinacreator.gzcm.runtime.audit.mapper.AuditRetryMapper.listDue-Inline
### The error occurred while setting parameters
### SQL: SELECT id, event_type AS eventType, payload, attempts, next_retry_at AS nextRetryAt, last_error AS lastError, status, trace_id AS traceId, create_time AS createTime, update_time AS updateTime, version_no AS versionNo, is_deleted AS isDeleted, domain FROM public.ecos_runtime_audit_retry WHERE is_deleted = 0 AND status = 'pending' AND next_retry_at <= ? ORDER BY next_retry_at ASC LIMIT ?
### Cause: org.postgresql.util.PSQLException: ERROR: relation "public.ecos_runtime_audit_retry" does not exist
  位置：256
; bad SQL grammar []
2026-10-10 09:10:00.669 [scheduling-1] [] WARN  c.c.g.runtime.audit.AuditRetryTask - [AuditRetry] 到期行拉取失败（表缺失/DB 不可用）errType=BadSqlGrammarException msg=
### Error querying database.  Cause: org.postgresql.util.PSQLException: ERROR: relation "public.ecos_runtime_audit_retry" does not exist
  位置：256
### The error may exist in com/chinacreator/gzcm/runtime/audit/mapper/AuditRetryMapper.java (best guess)
### The error may involve com.chinacreator.gzcm.runtime.audit.mapper.AuditRetryMapper.listDue-Inline
### The error occurred while setting parameters
### SQL: SELECT id, event_type AS eventType, payload, attempts, next_retry_at AS nextRetryAt, last_error AS lastError, status, trace_id AS traceId, create_time AS createTime, update_time AS updateTime, version_no AS versionNo, is_deleted AS isDeleted, domain FROM public.ecos_runtime_audit_retry WHERE is_deleted = 0 AND status = 'pending' AND next_retry_at <= ? ORDER BY next_retry_at ASC LIMIT ?
### Cause: org.postgresql.util.PSQLException: ERROR: relation "public.ecos_runtime_audit_retry" does not exist
  位置：256
; bad SQL grammar []
2026-10-10 09:11:00.700 [scheduling-1] [] WARN  c.c.g.runtime.audit.AuditRetryTask - [AuditRetry] 到期行拉取失败（表缺失/DB 不可用）errType=BadSqlGrammarException msg=
### Error querying database.  Cause: org.postgresql.util.PSQLException: ERROR: relation "public.ecos_runtime_audit_retry" does not exist
  位置：256
### The error may exist in com/chinacreator/gzcm/runtime/audit/mapper/AuditRetryMapper.java (best guess)
### The error may involve com.chinacreator.gzcm.runtime.audit.mapper.AuditRetryMapper.listDue-Inline
### The error occurred while setting parameters
### SQL: SELECT id, event_type AS eventType, payload, attempts, next_retry_at AS nextRetryAt, last_error AS lastError, status, trace_id AS traceId, create_time AS createTime, update_time AS updateTime, version_no AS versionNo, is_deleted AS isDeleted, domain FROM public.ecos_runtime_audit_retry WHERE is_deleted = 0 AND status = 'pending' AND next_retry_at <= ? ORDER BY next_retry_at ASC LIMIT ?
### Cause: org.postgresql.util.PSQLException: ERROR: relation "public.ecos_runtime_audit_retry" does not exist
  位置：256
; bad SQL grammar []
2026-10-10 09:12:00.721 [scheduling-1] [] WARN  c.c.g.runtime.audit.AuditRetryTask - [AuditRetry] 到期行拉取失败（表缺失/DB 不可用）errType=BadSqlGrammarException msg=
### Error querying database.  Cause: org.postgresql.util.PSQLException: ERROR: relation "public.ecos_runtime_audit_retry" does not exist
  位置：256
### The error may exist in com/chinacreator/gzcm/runtime/audit/mapper/AuditRetryMapper.java (best guess)
### The error may involve com.chinacreator.gzcm.runtime.audit.mapper.AuditRetryMapper.listDue-Inline
### The error occurred while setting parameters
### SQL: SELECT id, event_type AS eventType, payload, attempts, next_retry_at AS nextRetryAt, last_error AS lastError, status, trace_id AS traceId, create_time AS createTime, update_time AS updateTime, version_no AS versionNo, is_deleted AS isDeleted, domain FROM public.ecos_runtime_audit_retry WHERE is_deleted = 0 AND status = 'pending' AND next_retry_at <= ? ORDER BY next_retry_at ASC LIMIT ?
### Cause: org.postgresql.util.PSQLException: ERROR: relation "public.ecos_runtime_audit_retry" does not exist
  位置：256
; bad SQL grammar []
2026-10-10 09:13:00.745 [scheduling-1] [] WARN  c.c.g.runtime.audit.AuditRetryTask - [AuditRetry] 到期行拉取失败（表缺失/DB 不可用）errType=BadSqlGrammarException msg=
### Error querying database.  Cause: org.postgresql.util.PSQLException: ERROR: relation "public.ecos_runtime_audit_retry" does not exist
  位置：256
### The error may exist in com/chinacreator/gzcm/runtime/audit/mapper/AuditRetryMapper.java (best guess)
### The error may involve com.chinacreator.gzcm.runtime.audit.mapper.AuditRetryMapper.listDue-Inline
### The error occurred while setting parameters
### SQL: SELECT id, event_type AS eventType, payload, attempts, next_retry_at AS nextRetryAt, last_error AS lastError, status, trace_id AS traceId, create_time AS createTime, update_time AS updateTime, version_no AS versionNo, is_deleted AS isDeleted, domain FROM public.ecos_runtime_audit_retry WHERE is_deleted = 0 AND status = 'pending' AND next_retry_at <= ? ORDER BY next_retry_at ASC LIMIT ?
### Cause: org.postgresql.util.PSQLException: ERROR: relation "public.ecos_runtime_audit_retry" does not exist
  位置：256
; bad SQL grammar []
2026-10-10 09:13:29.273 [scheduling-1] [] WARN  c.c.gzcm.runtime.dlq.DltLagChecker - [DltLagChecker] AdminClient 创建失败 errType=KafkaException msg=Failed to create new KafkaAdminClient
2026-10-10 09:13:29.274 [scheduling-1] [] WARN  c.c.gzcm.runtime.dlq.DltLagChecker - [DltLagChecker] AdminClient 不可用（bootstrap=localhost:9092），本轮降级跳过
2026-10-10 09:14:00.761 [scheduling-1] [] WARN  c.c.g.runtime.audit.AuditRetryTask - [AuditRetry] 到期行拉取失败（表缺失/DB 不可用）errType=BadSqlGrammarException msg=
### Error querying database.  Cause: org.postgresql.util.PSQLException: ERROR: relation "public.ecos_runtime_audit_retry" does not exist
  位置：256
### The error may exist in com/chinacreator/gzcm/runtime/audit/mapper/AuditRetryMapper.java (best guess)
### The error may involve com.chinacreator.gzcm.runtime.audit.mapper.AuditRetryMapper.listDue-Inline
### The error occurred while setting parameters
### SQL: SELECT id, event_type AS eventType, payload, attempts, next_retry_at AS nextRetryAt, last_error AS lastError, status, trace_id AS traceId, create_time AS createTime, update_time AS updateTime, version_no AS versionNo, is_deleted AS isDeleted, domain FROM public.ecos_runtime_audit_retry WHERE is_deleted = 0 AND status = 'pending' AND next_retry_at <= ? ORDER BY next_retry_at ASC LIMIT ?
### Cause: org.postgresql.util.PSQLException: ERROR: relation "public.ecos_runtime_audit_retry" does not exist
  位置：256
; bad SQL grammar []
2026-10-10 09:15:00.783 [scheduling-1] [] WARN  c.c.g.runtime.audit.AuditRetryTask - [AuditRetry] 到期行拉取失败（表缺失/DB 不可用）errType=BadSqlGrammarException msg=
### Error querying database.  Cause: org.postgresql.util.PSQLException: ERROR: relation "public.ecos_runtime_audit_retry" does not exist
  位置：256
### The error may exist in com/chinacreator/gzcm/runtime/audit/mapper/AuditRetryMapper.java (best guess)
### The error may involve com.chinacreator.gzcm.runtime.audit.mapper.AuditRetryMapper.listDue-Inline
### The error occurred while setting parameters
### SQL: SELECT id, event_type AS eventType, payload, attempts, next_retry_at AS nextRetryAt, last_error AS lastError, status, trace_id AS traceId, create_time AS createTime, update_time AS updateTime, version_no AS versionNo, is_deleted AS isDeleted, domain FROM public.ecos_runtime_audit_retry WHERE is_deleted = 0 AND status = 'pending' AND next_retry_at <= ? ORDER BY next_retry_at ASC LIMIT ?
### Cause: org.postgresql.util.PSQLException: ERROR: relation "public.ecos_runtime_audit_retry" does not exist
  位置：256
; bad SQL grammar []
2026-10-10 09:16:00.800 [scheduling-1] [] WARN  c.c.g.runtime.audit.AuditRetryTask - [AuditRetry] 到期行拉取失败（表缺失/DB 不可用）errType=BadSqlGrammarException msg=
### Error querying database.  Cause: org.postgresql.util.PSQLException: ERROR: relation "public.ecos_runtime_audit_retry" does not exist
  位置：256
### The error may exist in com/chinacreator/gzcm/runtime/audit/mapper/AuditRetryMapper.java (best guess)
### The error may involve com.chinacreator.gzcm.runtime.audit.mapper.AuditRetryMapper.listDue-Inline
### The error occurred while setting parameters
### SQL: SELECT id, event_type AS eventType, payload, attempts, next_retry_at AS nextRetryAt, last_error AS lastError, status, trace_id AS traceId, create_time AS createTime, update_time AS updateTime, version_no AS versionNo, is_deleted AS isDeleted, domain FROM public.ecos_runtime_audit_retry WHERE is_deleted = 0 AND status = 'pending' AND next_retry_at <= ? ORDER BY next_retry_at ASC LIMIT ?
### Cause: org.postgresql.util.PSQLException: ERROR: relation "public.ecos_runtime_audit_retry" does not exist
  位置：256
; bad SQL grammar []
2026-10-10 09:17:00.818 [scheduling-1] [] WARN  c.c.g.runtime.audit.AuditRetryTask - [AuditRetry] 到期行拉取失败（表缺失/DB 不可用）errType=BadSqlGrammarException msg=
### Error querying database.  Cause: org.postgresql.util.PSQLException: ERROR: relation "public.ecos_runtime_audit_retry" does not exist
  位置：256
### The error may exist in com/chinacreator/gzcm/runtime/audit/mapper/AuditRetryMapper.java (best guess)
### The error may involve com.chinacreator.gzcm.runtime.audit.mapper.AuditRetryMapper.listDue-Inline
### The error occurred while setting parameters
### SQL: SELECT id, event_type AS eventType, payload, attempts, next_retry_at AS nextRetryAt, last_error AS lastError, status, trace_id AS traceId, create_time AS createTime, update_time AS updateTime, version_no AS versionNo, is_deleted AS isDeleted, domain FROM public.ecos_runtime_audit_retry WHERE is_deleted = 0 AND status = 'pending' AND next_retry_at <= ? ORDER BY next_retry_at ASC LIMIT ?
### Cause: org.postgresql.util.PSQLException: ERROR: relation "public.ecos_runtime_audit_retry" does not exist
  位置：256
; bad SQL grammar []
2026-10-10 09:18:00.840 [scheduling-1] [] WARN  c.c.g.runtime.audit.AuditRetryTask - [AuditRetry] 到期行拉取失败（表缺失/DB 不可用）errType=BadSqlGrammarException msg=
### Error querying database.  Cause: org.postgresql.util.PSQLException: ERROR: relation "public.ecos_runtime_audit_retry" does not exist
  位置：256
### The error may exist in com/chinacreator/gzcm/runtime/audit/mapper/AuditRetryMapper.java (best guess)
### The error may involve com.chinacreator.gzcm.runtime.audit.mapper.AuditRetryMapper.listDue-Inline
### The error occurred while setting parameters
### SQL: SELECT id, event_type AS eventType, payload, attempts, next_retry_at AS nextRetryAt, last_error AS lastError, status, trace_id AS traceId, create_time AS createTime, update_time AS updateTime, version_no AS versionNo, is_deleted AS isDeleted, domain FROM public.ecos_runtime_audit_retry WHERE is_deleted = 0 AND status = 'pending' AND next_retry_at <= ? ORDER BY next_retry_at ASC LIMIT ?
### Cause: org.postgresql.util.PSQLException: ERROR: relation "public.ecos_runtime_audit_retry" does not exist
  位置：256
; bad SQL grammar []
2026-10-10 09:18:29.298 [scheduling-1] [] WARN  c.c.gzcm.runtime.dlq.DltLagChecker - [DltLagChecker] AdminClient 创建失败 errType=KafkaException msg=Failed to create new KafkaAdminClient
2026-10-10 09:18:29.299 [scheduling-1] [] WARN  c.c.gzcm.runtime.dlq.DltLagChecker - [DltLagChecker] AdminClient 不可用（bootstrap=localhost:9092），本轮降级跳过
2026-10-10 09:19:00.849 [scheduling-1] [] WARN  c.c.g.runtime.audit.AuditRetryTask - [AuditRetry] 到期行拉取失败（表缺失/DB 不可用）errType=BadSqlGrammarException msg=
### Error querying database.  Cause: org.postgresql.util.PSQLException: ERROR: relation "public.ecos_runtime_audit_retry" does not exist
  位置：256
### The error may exist in com/chinacreator/gzcm/runtime/audit/mapper/AuditRetryMapper.java (best guess)
### The error may involve com.chinacreator.gzcm.runtime.audit.mapper.AuditRetryMapper.listDue-Inline
### The error occurred while setting parameters
### SQL: SELECT id, event_type AS eventType, payload, attempts, next_retry_at AS nextRetryAt, last_error AS lastError, status, trace_id AS traceId, create_time AS createTime, update_time AS updateTime, version_no AS versionNo, is_deleted AS isDeleted, domain FROM public.ecos_runtime_audit_retry WHERE is_deleted = 0 AND status = 'pending' AND next_retry_at <= ? ORDER BY next_retry_at ASC LIMIT ?
### Cause: org.postgresql.util.PSQLException: ERROR: relation "public.ecos_runtime_audit_retry" does not exist
  位置：256
; bad SQL grammar []
2026-10-10 09:20:00.861 [scheduling-1] [] WARN  c.c.g.runtime.audit.AuditRetryTask - [AuditRetry] 到期行拉取失败（表缺失/DB 不可用）errType=BadSqlGrammarException msg=
### Error querying database.  Cause: org.postgresql.util.PSQLException: ERROR: relation "public.ecos_runtime_audit_retry" does not exist
  位置：256
### The error may exist in com/chinacreator/gzcm/runtime/audit/mapper/AuditRetryMapper.java (best guess)
### The error may involve com.chinacreator.gzcm.runtime.audit.mapper.AuditRetryMapper.listDue-Inline
### The error occurred while setting parameters
### SQL: SELECT id, event_type AS eventType, payload, attempts, next_retry_at AS nextRetryAt, last_error AS lastError, status, trace_id AS traceId, create_time AS createTime, update_time AS updateTime, version_no AS versionNo, is_deleted AS isDeleted, domain FROM public.ecos_runtime_audit_retry WHERE is_deleted = 0 AND status = 'pending' AND next_retry_at <= ? ORDER BY next_retry_at ASC LIMIT ?
### Cause: org.postgresql.util.PSQLException: ERROR: relation "public.ecos_runtime_audit_retry" does not exist
  位置：256
; bad SQL grammar []
2026-10-10 09:21:00.878 [scheduling-1] [] WARN  c.c.g.runtime.audit.AuditRetryTask - [AuditRetry] 到期行拉取失败（表缺失/DB 不可用）errType=BadSqlGrammarException msg=
### Error querying database.  Cause: org.postgresql.util.PSQLException: ERROR: relation "public.ecos_runtime_audit_retry" does not exist
  位置：256
### The error may exist in com/chinacreator/gzcm/runtime/audit/mapper/AuditRetryMapper.java (best guess)
### The error may involve com.chinacreator.gzcm.runtime.audit.mapper.AuditRetryMapper.listDue-Inline
### The error occurred while setting parameters
### SQL: SELECT id, event_type AS eventType, payload, attempts, next_retry_at AS nextRetryAt, last_error AS lastError, status, trace_id AS traceId, create_time AS createTime, update_time AS updateTime, version_no AS versionNo, is_deleted AS isDeleted, domain FROM public.ecos_runtime_audit_retry WHERE is_deleted = 0 AND status = 'pending' AND next_retry_at <= ? ORDER BY next_retry_at ASC LIMIT ?
### Cause: org.postgresql.util.PSQLException: ERROR: relation "public.ecos_runtime_audit_retry" does not exist
  位置：256
; bad SQL grammar []
2026-10-10 09:22:00.893 [scheduling-1] [] WARN  c.c.g.runtime.audit.AuditRetryTask - [AuditRetry] 到期行拉取失败（表缺失/DB 不可用）errType=BadSqlGrammarException msg=
### Error querying database.  Cause: org.postgresql.util.PSQLException: ERROR: relation "public.ecos_runtime_audit_retry" does not exist
  位置：256
### The error may exist in com/chinacreator/gzcm/runtime/audit/mapper/AuditRetryMapper.java (best guess)
### The error may involve com.chinacreator.gzcm.runtime.audit.mapper.AuditRetryMapper.listDue-Inline
### The error occurred while setting parameters
### SQL: SELECT id, event_type AS eventType, payload, attempts, next_retry_at AS nextRetryAt, last_error AS lastError, status, trace_id AS traceId, create_time AS createTime, update_time AS updateTime, version_no AS versionNo, is_deleted AS isDeleted, domain FROM public.ecos_runtime_audit_retry WHERE is_deleted = 0 AND status = 'pending' AND next_retry_at <= ? ORDER BY next_retry_at ASC LIMIT ?
### Cause: org.postgresql.util.PSQLException: ERROR: relation "public.ecos_runtime_audit_retry" does not exist
  位置：256
; bad SQL grammar []
2026-10-10 09:23:00.914 [scheduling-1] [] WARN  c.c.g.runtime.audit.AuditRetryTask - [AuditRetry] 到期行拉取失败（表缺失/DB 不可用）errType=BadSqlGrammarException msg=
### Error querying database.  Cause: org.postgresql.util.PSQLException: ERROR: relation "public.ecos_runtime_audit_retry" does not exist
  位置：256
### The error may exist in com/chinacreator/gzcm/runtime/audit/mapper/AuditRetryMapper.java (best guess)
### The error may involve com.chinacreator.gzcm.runtime.audit.mapper.AuditRetryMapper.listDue-Inline
### The error occurred while setting parameters
### SQL: SELECT id, event_type AS eventType, payload, attempts, next_retry_at AS nextRetryAt, last_error AS lastError, status, trace_id AS traceId, create_time AS createTime, update_time AS updateTime, version_no AS versionNo, is_deleted AS isDeleted, domain FROM public.ecos_runtime_audit_retry WHERE is_deleted = 0 AND status = 'pending' AND next_retry_at <= ? ORDER BY next_retry_at ASC LIMIT ?
### Cause: org.postgresql.util.PSQLException: ERROR: relation "public.ecos_runtime_audit_retry" does not exist
  位置：256
; bad SQL grammar []
2026-10-10 09:23:29.322 [scheduling-1] [] WARN  c.c.gzcm.runtime.dlq.DltLagChecker - [DltLagChecker] AdminClient 创建失败 errType=KafkaException msg=Failed to create new KafkaAdminClient
2026-10-10 09:23:29.323 [scheduling-1] [] WARN  c.c.gzcm.runtime.dlq.DltLagChecker - [DltLagChecker] AdminClient 不可用（bootstrap=localhost:9092），本轮降级跳过
2026-10-10 09:24:00.935 [scheduling-1] [] WARN  c.c.g.runtime.audit.AuditRetryTask - [AuditRetry] 到期行拉取失败（表缺失/DB 不可用）errType=BadSqlGrammarException msg=
### Error querying database.  Cause: org.postgresql.util.PSQLException: ERROR: relation "public.ecos_runtime_audit_retry" does not exist
  位置：256
### The error may exist in com/chinacreator/gzcm/runtime/audit/mapper/AuditRetryMapper.java (best guess)
### The error may involve com.chinacreator.gzcm.runtime.audit.mapper.AuditRetryMapper.listDue-Inline
### The error occurred while setting parameters
### SQL: SELECT id, event_type AS eventType, payload, attempts, next_retry_at AS nextRetryAt, last_error AS lastError, status, trace_id AS traceId, create_time AS createTime, update_time AS updateTime, version_no AS versionNo, is_deleted AS isDeleted, domain FROM public.ecos_runtime_audit_retry WHERE is_deleted = 0 AND status = 'pending' AND next_retry_at <= ? ORDER BY next_retry_at ASC LIMIT ?
### Cause: org.postgresql.util.PSQLException: ERROR: relation "public.ecos_runtime_audit_retry" does not exist
  位置：256
; bad SQL grammar []
2026-10-10 09:25:00.953 [scheduling-1] [] WARN  c.c.g.runtime.audit.AuditRetryTask - [AuditRetry] 到期行拉取失败（表缺失/DB 不可用）errType=BadSqlGrammarException msg=
### Error querying database.  Cause: org.postgresql.util.PSQLException: ERROR: relation "public.ecos_runtime_audit_retry" does not exist
  位置：256
### The error may exist in com/chinacreator/gzcm/runtime/audit/mapper/AuditRetryMapper.java (best guess)
### The error may involve com.chinacreator.gzcm.runtime.audit.mapper.AuditRetryMapper.listDue-Inline
### The error occurred while setting parameters
### SQL: SELECT id, event_type AS eventType, payload, attempts, next_retry_at AS nextRetryAt, last_error AS lastError, status, trace_id AS traceId, create_time AS createTime, update_time AS updateTime, version_no AS versionNo, is_deleted AS isDeleted, domain FROM public.ecos_runtime_audit_retry WHERE is_deleted = 0 AND status = 'pending' AND next_retry_at <= ? ORDER BY next_retry_at ASC LIMIT ?
### Cause: org.postgresql.util.PSQLException: ERROR: relation "public.ecos_runtime_audit_retry" does not exist
  位置：256
; bad SQL grammar []
2026-10-10 09:26:00.967 [scheduling-1] [] WARN  c.c.g.runtime.audit.AuditRetryTask - [AuditRetry] 到期行拉取失败（表缺失/DB 不可用）errType=BadSqlGrammarException msg=
### Error querying database.  Cause: org.postgresql.util.PSQLException: ERROR: relation "public.ecos_runtime_audit_retry" does not exist
  位置：256
### The error may exist in com/chinacreator/gzcm/runtime/audit/mapper/AuditRetryMapper.java (best guess)
### The error may involve com.chinacreator.gzcm.runtime.audit.mapper.AuditRetryMapper.listDue-Inline
### The error occurred while setting parameters
### SQL: SELECT id, event_type AS eventType, payload, attempts, next_retry_at AS nextRetryAt, last_error AS lastError, status, trace_id AS traceId, create_time AS createTime, update_time AS updateTime, version_no AS versionNo, is_deleted AS isDeleted, domain FROM public.ecos_runtime_audit_retry WHERE is_deleted = 0 AND status = 'pending' AND next_retry_at <= ? ORDER BY next_retry_at ASC LIMIT ?
### Cause: org.postgresql.util.PSQLException: ERROR: relation "public.ecos_runtime_audit_retry" does not exist
  位置：256
; bad SQL grammar []
2026-10-10 09:27:01.200 [scheduling-1] [] WARN  c.c.g.runtime.audit.AuditRetryTask - [AuditRetry] 到期行拉取失败（表缺失/DB 不可用）errType=BadSqlGrammarException msg=
### Error querying database.  Cause: org.postgresql.util.PSQLException: ERROR: relation "public.ecos_runtime_audit_retry" does not exist
  位置：256
### The error may exist in com/chinacreator/gzcm/runtime/audit/mapper/AuditRetryMapper.java (best guess)
### The error may involve com.chinacreator.gzcm.runtime.audit.mapper.AuditRetryMapper.listDue-Inline
### The error occurred while setting parameters
### SQL: SELECT id, event_type AS eventType, payload, attempts, next_retry_at AS nextRetryAt, last_error AS lastError, status, trace_id AS traceId, create_time AS createTime, update_time AS updateTime, version_no AS versionNo, is_deleted AS isDeleted, domain FROM public.ecos_runtime_audit_retry WHERE is_deleted = 0 AND status = 'pending' AND next_retry_at <= ? ORDER BY next_retry_at ASC LIMIT ?
### Cause: org.postgresql.util.PSQLException: ERROR: relation "public.ecos_runtime_audit_retry" does not exist
  位置：256
; bad SQL grammar []
2026-10-10 09:28:01.229 [scheduling-1] [] WARN  c.c.g.runtime.audit.AuditRetryTask - [AuditRetry] 到期行拉取失败（表缺失/DB 不可用）errType=BadSqlGrammarException msg=
### Error querying database.  Cause: org.postgresql.util.PSQLException: ERROR: relation "public.ecos_runtime_audit_retry" does not exist
  位置：256
### The error may exist in com/chinacreator/gzcm/runtime/audit/mapper/AuditRetryMapper.java (best guess)
### The error may involve com.chinacreator.gzcm.runtime.audit.mapper.AuditRetryMapper.listDue-Inline
### The error occurred while setting parameters
### SQL: SELECT id, event_type AS eventType, payload, attempts, next_retry_at AS nextRetryAt, last_error AS lastError, status, trace_id AS traceId, create_time AS createTime, update_time AS updateTime, version_no AS versionNo, is_deleted AS isDeleted, domain FROM public.ecos_runtime_audit_retry WHERE is_deleted = 0 AND status = 'pending' AND next_retry_at <= ? ORDER BY next_retry_at ASC LIMIT ?
### Cause: org.postgresql.util.PSQLException: ERROR: relation "public.ecos_runtime_audit_retry" does not exist
  位置：256
; bad SQL grammar []
2026-10-10 09:28:29.351 [scheduling-1] [] WARN  c.c.gzcm.runtime.dlq.DltLagChecker - [DltLagChecker] AdminClient 创建失败 errType=KafkaException msg=Failed to create new KafkaAdminClient
2026-10-10 09:28:29.352 [scheduling-1] [] WARN  c.c.gzcm.runtime.dlq.DltLagChecker - [DltLagChecker] AdminClient 不可用（bootstrap=localhost:9092），本轮降级跳过
2026-10-10 09:29:01.242 [scheduling-1] [] WARN  c.c.g.runtime.audit.AuditRetryTask - [AuditRetry] 到期行拉取失败（表缺失/DB 不可用）errType=BadSqlGrammarException msg=
### Error querying database.  Cause: org.postgresql.util.PSQLException: ERROR: relation "public.ecos_runtime_audit_retry" does not exist
  位置：256
### The error may exist in com/chinacreator/gzcm/runtime/audit/mapper/AuditRetryMapper.java (best guess)
### The error may involve com.chinacreator.gzcm.runtime.audit.mapper.AuditRetryMapper.listDue-Inline
### The error occurred while setting parameters
### SQL: SELECT id, event_type AS eventType, payload, attempts, next_retry_at AS nextRetryAt, last_error AS lastError, status, trace_id AS traceId, create_time AS createTime, update_time AS updateTime, version_no AS versionNo, is_deleted AS isDeleted, domain FROM public.ecos_runtime_audit_retry WHERE is_deleted = 0 AND status = 'pending' AND next_retry_at <= ? ORDER BY next_retry_at ASC LIMIT ?
### Cause: org.postgresql.util.PSQLException: ERROR: relation "public.ecos_runtime_audit_retry" does not exist
  位置：256
; bad SQL grammar []
2026-10-10 09:30:01.263 [scheduling-1] [] WARN  c.c.g.runtime.audit.AuditRetryTask - [AuditRetry] 到期行拉取失败（表缺失/DB 不可用）errType=BadSqlGrammarException msg=
### Error querying database.  Cause: org.postgresql.util.PSQLException: ERROR: relation "public.ecos_runtime_audit_retry" does not exist
  位置：256
### The error may exist in com/chinacreator/gzcm/runtime/audit/mapper/AuditRetryMapper.java (best guess)
### The error may involve com.chinacreator.gzcm.runtime.audit.mapper.AuditRetryMapper.listDue-Inline
### The error occurred while setting parameters
### SQL: SELECT id, event_type AS eventType, payload, attempts, next_retry_at AS nextRetryAt, last_error AS lastError, status, trace_id AS traceId, create_time AS createTime, update_time AS updateTime, version_no AS versionNo, is_deleted AS isDeleted, domain FROM public.ecos_runtime_audit_retry WHERE is_deleted = 0 AND status = 'pending' AND next_retry_at <= ? ORDER BY next_retry_at ASC LIMIT ?
### Cause: org.postgresql.util.PSQLException: ERROR: relation "public.ecos_runtime_audit_retry" does not exist
  位置：256
; bad SQL grammar []
2026-10-10 09:31:01.275 [scheduling-1] [] WARN  c.c.g.runtime.audit.AuditRetryTask - [AuditRetry] 到期行拉取失败（表缺失/DB 不可用）errType=BadSqlGrammarException msg=
### Error querying database.  Cause: org.postgresql.util.PSQLException: ERROR: relation "public.ecos_runtime_audit_retry" does not exist
  位置：256
### The error may exist in com/chinacreator/gzcm/runtime/audit/mapper/AuditRetryMapper.java (best guess)
### The error may involve com.chinacreator.gzcm.runtime.audit.mapper.AuditRetryMapper.listDue-Inline
### The error occurred while setting parameters
### SQL: SELECT id, event_type AS eventType, payload, attempts, next_retry_at AS nextRetryAt, last_error AS lastError, status, trace_id AS traceId, create_time AS createTime, update_time AS updateTime, version_no AS versionNo, is_deleted AS isDeleted, domain FROM public.ecos_runtime_audit_retry WHERE is_deleted = 0 AND status = 'pending' AND next_retry_at <= ? ORDER BY next_retry_at ASC LIMIT ?
### Cause: org.postgresql.util.PSQLException: ERROR: relation "public.ecos_runtime_audit_retry" does not exist
  位置：256
; bad SQL grammar []
2026-10-10 09:32:01.289 [scheduling-1] [] WARN  c.c.g.runtime.audit.AuditRetryTask - [AuditRetry] 到期行拉取失败（表缺失/DB 不可用）errType=BadSqlGrammarException msg=
### Error querying database.  Cause: org.postgresql.util.PSQLException: ERROR: relation "public.ecos_runtime_audit_retry" does not exist
  位置：256
### The error may exist in com/chinacreator/gzcm/runtime/audit/mapper/AuditRetryMapper.java (best guess)
### The error may involve com.chinacreator.gzcm.runtime.audit.mapper.AuditRetryMapper.listDue-Inline
### The error occurred while setting parameters
### SQL: SELECT id, event_type AS eventType, payload, attempts, next_retry_at AS nextRetryAt, last_error AS lastError, status, trace_id AS traceId, create_time AS createTime, update_time AS updateTime, version_no AS versionNo, is_deleted AS isDeleted, domain FROM public.ecos_runtime_audit_retry WHERE is_deleted = 0 AND status = 'pending' AND next_retry_at <= ? ORDER BY next_retry_at ASC LIMIT ?
### Cause: org.postgresql.util.PSQLException: ERROR: relation "public.ecos_runtime_audit_retry" does not exist
  位置：256
; bad SQL grammar []
2026-10-10 09:33:01.310 [scheduling-1] [] WARN  c.c.g.runtime.audit.AuditRetryTask - [AuditRetry] 到期行拉取失败（表缺失/DB 不可用）errType=BadSqlGrammarException msg=
### Error querying database.  Cause: org.postgresql.util.PSQLException: ERROR: relation "public.ecos_runtime_audit_retry" does not exist
  位置：256
### The error may exist in com/chinacreator/gzcm/runtime/audit/mapper/AuditRetryMapper.java (best guess)
### The error may involve com.chinacreator.gzcm.runtime.audit.mapper.AuditRetryMapper.listDue-Inline
### The error occurred while setting parameters
### SQL: SELECT id, event_type AS eventType, payload, attempts, next_retry_at AS nextRetryAt, last_error AS lastError, status, trace_id AS traceId, create_time AS createTime, update_time AS updateTime, version_no AS versionNo, is_deleted AS isDeleted, domain FROM public.ecos_runtime_audit_retry WHERE is_deleted = 0 AND status = 'pending' AND next_retry_at <= ? ORDER BY next_retry_at ASC LIMIT ?
### Cause: org.postgresql.util.PSQLException: ERROR: relation "public.ecos_runtime_audit_retry" does not exist
  位置：256
; bad SQL grammar []
2026-10-10 09:33:29.370 [scheduling-1] [] WARN  c.c.gzcm.runtime.dlq.DltLagChecker - [DltLagChecker] AdminClient 创建失败 errType=KafkaException msg=Failed to create new KafkaAdminClient
2026-10-10 09:33:29.372 [scheduling-1] [] WARN  c.c.gzcm.runtime.dlq.DltLagChecker - [DltLagChecker] AdminClient 不可用（bootstrap=localhost:9092），本轮降级跳过
2026-10-10 09:34:01.321 [scheduling-1] [] WARN  c.c.g.runtime.audit.AuditRetryTask - [AuditRetry] 到期行拉取失败（表缺失/DB 不可用）errType=BadSqlGrammarException msg=
### Error querying database.  Cause: org.postgresql.util.PSQLException: ERROR: relation "public.ecos_runtime_audit_retry" does not exist
  位置：256
### The error may exist in com/chinacreator/gzcm/runtime/audit/mapper/AuditRetryMapper.java (best guess)
### The error may involve com.chinacreator.gzcm.runtime.audit.mapper.AuditRetryMapper.listDue-Inline
### The error occurred while setting parameters
### SQL: SELECT id, event_type AS eventType, payload, attempts, next_retry_at AS nextRetryAt, last_error AS lastError, status, trace_id AS traceId, create_time AS createTime, update_time AS updateTime, version_no AS versionNo, is_deleted AS isDeleted, domain FROM public.ecos_runtime_audit_retry WHERE is_deleted = 0 AND status = 'pending' AND next_retry_at <= ? ORDER BY next_retry_at ASC LIMIT ?
### Cause: org.postgresql.util.PSQLException: ERROR: relation "public.ecos_runtime_audit_retry" does not exist
  位置：256
; bad SQL grammar []
2026-10-10 09:35:01.340 [scheduling-1] [] WARN  c.c.g.runtime.audit.AuditRetryTask - [AuditRetry] 到期行拉取失败（表缺失/DB 不可用）errType=BadSqlGrammarException msg=
### Error querying database.  Cause: org.postgresql.util.PSQLException: ERROR: relation "public.ecos_runtime_audit_retry" does not exist
  位置：256
### The error may exist in com/chinacreator/gzcm/runtime/audit/mapper/AuditRetryMapper.java (best guess)
### The error may involve com.chinacreator.gzcm.runtime.audit.mapper.AuditRetryMapper.listDue-Inline
### The error occurred while setting parameters
### SQL: SELECT id, event_type AS eventType, payload, attempts, next_retry_at AS nextRetryAt, last_error AS lastError, status, trace_id AS traceId, create_time AS createTime, update_time AS updateTime, version_no AS versionNo, is_deleted AS isDeleted, domain FROM public.ecos_runtime_audit_retry WHERE is_deleted = 0 AND status = 'pending' AND next_retry_at <= ? ORDER BY next_retry_at ASC LIMIT ?
### Cause: org.postgresql.util.PSQLException: ERROR: relation "public.ecos_runtime_audit_retry" does not exist
  位置：256
; bad SQL grammar []
2026-10-10 09:36:01.354 [scheduling-1] [] WARN  c.c.g.runtime.audit.AuditRetryTask - [AuditRetry] 到期行拉取失败（表缺失/DB 不可用）errType=BadSqlGrammarException msg=
### Error querying database.  Cause: org.postgresql.util.PSQLException: ERROR: relation "public.ecos_runtime_audit_retry" does not exist
  位置：256
### The error may exist in com/chinacreator/gzcm/runtime/audit/mapper/AuditRetryMapper.java (best guess)
### The error may involve com.chinacreator.gzcm.runtime.audit.mapper.AuditRetryMapper.listDue-Inline
### The error occurred while setting parameters
### SQL: SELECT id, event_type AS eventType, payload, attempts, next_retry_at AS nextRetryAt, last_error AS lastError, status, trace_id AS traceId, create_time AS createTime, update_time AS updateTime, version_no AS versionNo, is_deleted AS isDeleted, domain FROM public.ecos_runtime_audit_retry WHERE is_deleted = 0 AND status = 'pending' AND next_retry_at <= ? ORDER BY next_retry_at ASC LIMIT ?
### Cause: org.postgresql.util.PSQLException: ERROR: relation "public.ecos_runtime_audit_retry" does not exist
  位置：256
; bad SQL grammar []
2026-10-10 09:37:01.362 [scheduling-1] [] WARN  c.c.g.runtime.audit.AuditRetryTask - [AuditRetry] 到期行拉取失败（表缺失/DB 不可用）errType=BadSqlGrammarException msg=
### Error querying database.  Cause: org.postgresql.util.PSQLException: ERROR: relation "public.ecos_runtime_audit_retry" does not exist
  位置：256
### The error may exist in com/chinacreator/gzcm/runtime/audit/mapper/AuditRetryMapper.java (best guess)
### The error may involve com.chinacreator.gzcm.runtime.audit.mapper.AuditRetryMapper.listDue-Inline
### The error occurred while setting parameters
### SQL: SELECT id, event_type AS eventType, payload, attempts, next_retry_at AS nextRetryAt, last_error AS lastError, status, trace_id AS traceId, create_time AS createTime, update_time AS updateTime, version_no AS versionNo, is_deleted AS isDeleted, domain FROM public.ecos_runtime_audit_retry WHERE is_deleted = 0 AND status = 'pending' AND next_retry_at <= ? ORDER BY next_retry_at ASC LIMIT ?
### Cause: org.postgresql.util.PSQLException: ERROR: relation "public.ecos_runtime_audit_retry" does not exist
  位置：256
; bad SQL grammar []
2026-10-10 09:38:01.372 [scheduling-1] [] WARN  c.c.g.runtime.audit.AuditRetryTask - [AuditRetry] 到期行拉取失败（表缺失/DB 不可用）errType=BadSqlGrammarException msg=
### Error querying database.  Cause: org.postgresql.util.PSQLException: ERROR: relation "public.ecos_runtime_audit_retry" does not exist
  位置：256
### The error may exist in com/chinacreator/gzcm/runtime/audit/mapper/AuditRetryMapper.java (best guess)
### The error may involve com.chinacreator.gzcm.runtime.audit.mapper.AuditRetryMapper.listDue-Inline
### The error occurred while setting parameters
### SQL: SELECT id, event_type AS eventType, payload, attempts, next_retry_at AS nextRetryAt, last_error AS lastError, status, trace_id AS traceId, create_time AS createTime, update_time AS updateTime, version_no AS versionNo, is_deleted AS isDeleted, domain FROM public.ecos_runtime_audit_retry WHERE is_deleted = 0 AND status = 'pending' AND next_retry_at <= ? ORDER BY next_retry_at ASC LIMIT ?
### Cause: org.postgresql.util.PSQLException: ERROR: relation "public.ecos_runtime_audit_retry" does not exist
  位置：256
; bad SQL grammar []
2026-10-10 09:38:29.404 [scheduling-1] [] WARN  c.c.gzcm.runtime.dlq.DltLagChecker - [DltLagChecker] AdminClient 创建失败 errType=KafkaException msg=Failed to create new KafkaAdminClient
2026-10-10 09:38:29.405 [scheduling-1] [] WARN  c.c.gzcm.runtime.dlq.DltLagChecker - [DltLagChecker] AdminClient 不可用（bootstrap=localhost:9092），本轮降级跳过
2026-10-10 09:39:01.389 [scheduling-1] [] WARN  c.c.g.runtime.audit.AuditRetryTask - [AuditRetry] 到期行拉取失败（表缺失/DB 不可用）errType=BadSqlGrammarException msg=
### Error querying database.  Cause: org.postgresql.util.PSQLException: ERROR: relation "public.ecos_runtime_audit_retry" does not exist
  位置：256
### The error may exist in com/chinacreator/gzcm/runtime/audit/mapper/AuditRetryMapper.java (best guess)
### The error may involve com.chinacreator.gzcm.runtime.audit.mapper.AuditRetryMapper.listDue-Inline
### The error occurred while setting parameters
### SQL: SELECT id, event_type AS eventType, payload, attempts, next_retry_at AS nextRetryAt, last_error AS lastError, status, trace_id AS traceId, create_time AS createTime, update_time AS updateTime, version_no AS versionNo, is_deleted AS isDeleted, domain FROM public.ecos_runtime_audit_retry WHERE is_deleted = 0 AND status = 'pending' AND next_retry_at <= ? ORDER BY next_retry_at ASC LIMIT ?
### Cause: org.postgresql.util.PSQLException: ERROR: relation "public.ecos_runtime_audit_retry" does not exist
  位置：256
; bad SQL grammar []
2026-10-10 09:40:01.396 [scheduling-1] [] WARN  c.c.g.runtime.audit.AuditRetryTask - [AuditRetry] 到期行拉取失败（表缺失/DB 不可用）errType=BadSqlGrammarException msg=
### Error querying database.  Cause: org.postgresql.util.PSQLException: ERROR: relation "public.ecos_runtime_audit_retry" does not exist
  位置：256
### The error may exist in com/chinacreator/gzcm/runtime/audit/mapper/AuditRetryMapper.java (best guess)
### The error may involve com.chinacreator.gzcm.runtime.audit.mapper.AuditRetryMapper.listDue-Inline
### The error occurred while setting parameters
### SQL: SELECT id, event_type AS eventType, payload, attempts, next_retry_at AS nextRetryAt, last_error AS lastError, status, trace_id AS traceId, create_time AS createTime, update_time AS updateTime, version_no AS versionNo, is_deleted AS isDeleted, domain FROM public.ecos_runtime_audit_retry WHERE is_deleted = 0 AND status = 'pending' AND next_retry_at <= ? ORDER BY next_retry_at ASC LIMIT ?
### Cause: org.postgresql.util.PSQLException: ERROR: relation "public.ecos_runtime_audit_retry" does not exist
  位置：256
; bad SQL grammar []
2026-10-10 09:41:01.421 [scheduling-1] [] WARN  c.c.g.runtime.audit.AuditRetryTask - [AuditRetry] 到期行拉取失败（表缺失/DB 不可用）errType=BadSqlGrammarException msg=
### Error querying database.  Cause: org.postgresql.util.PSQLException: ERROR: relation "public.ecos_runtime_audit_retry" does not exist
  位置：256
### The error may exist in com/chinacreator/gzcm/runtime/audit/mapper/AuditRetryMapper.java (best guess)
### The error may involve com.chinacreator.gzcm.runtime.audit.mapper.AuditRetryMapper.listDue-Inline
### The error occurred while setting parameters
### SQL: SELECT id, event_type AS eventType, payload, attempts, next_retry_at AS nextRetryAt, last_error AS lastError, status, trace_id AS traceId, create_time AS createTime, update_time AS updateTime, version_no AS versionNo, is_deleted AS isDeleted, domain FROM public.ecos_runtime_audit_retry WHERE is_deleted = 0 AND status = 'pending' AND next_retry_at <= ? ORDER BY next_retry_at ASC LIMIT ?
### Cause: org.postgresql.util.PSQLException: ERROR: relation "public.ecos_runtime_audit_retry" does not exist
  位置：256
; bad SQL grammar []
2026-10-10 09:41:35.607 [http-nio-18083-exec-2] [] INFO  o.a.c.c.C.[Tomcat].[localhost].[/] - Initializing Spring DispatcherServlet 'dispatcherServlet'
2026-10-10 09:41:35.610 [http-nio-18083-exec-2] [] INFO  o.s.web.servlet.DispatcherServlet - Initializing Servlet 'dispatcherServlet'
2026-10-10 09:41:35.622 [http-nio-18083-exec-2] [] INFO  o.s.web.servlet.DispatcherServlet - Completed initialization in 7 ms
2026-10-10 09:41:36.272 [http-nio-18083-exec-2] [] WARN  c.c.g.s.s.JwtAuthenticationFilter - 回查租户失败 userId=u001: PreparedStatementCallback; bad SQL grammar [SELECT "TENANT_ID" FROM TD_USER WHERE "ID" = ?]（按默认 DENY 口径交上层 403）
2026-10-10 09:41:36.273 [http-nio-18083-exec-2] [] WARN  c.c.g.s.s.JwtAuthenticationFilter - 用户未绑定租户，拒绝登录: userId=u001
2026-10-10 09:41:36.752 [http-nio-18083-exec-3] [] WARN  c.c.g.s.s.JwtAuthenticationFilter - 回查租户失败 userId=u001: PreparedStatementCallback; bad SQL grammar [SELECT "TENANT_ID" FROM TD_USER WHERE "ID" = ?]（按默认 DENY 口径交上层 403）
2026-10-10 09:41:36.753 [http-nio-18083-exec-3] [] WARN  c.c.g.s.s.JwtAuthenticationFilter - 用户未绑定租户，拒绝登录: userId=u001
2026-10-10 09:41:36.793 [http-nio-18083-exec-4] [] WARN  c.c.g.s.s.JwtAuthenticationFilter - 回查租户失败 userId=u001: PreparedStatementCallback; bad SQL grammar [SELECT "TENANT_ID" FROM TD_USER WHERE "ID" = ?]（按默认 DENY 口径交上层 403）
2026-10-10 09:41:36.794 [http-nio-18083-exec-4] [] WARN  c.c.g.s.s.JwtAuthenticationFilter - 用户未绑定租户，拒绝登录: userId=u001
2026-10-10 09:41:37.128 [http-nio-18083-exec-7] [] WARN  c.c.g.s.s.JwtAuthenticationFilter - 回查租户失败 userId=u001: PreparedStatementCallback; bad SQL grammar [SELECT "TENANT_ID" FROM TD_USER WHERE "ID" = ?]（按默认 DENY 口径交上层 403）
2026-10-10 09:41:37.129 [http-nio-18083-exec-7] [] WARN  c.c.g.s.s.JwtAuthenticationFilter - 用户未绑定租户，拒绝登录: userId=u001
2026-10-10 09:41:37.158 [http-nio-18083-exec-6] [] WARN  c.c.g.s.s.JwtAuthenticationFilter - 回查租户失败 userId=u001: PreparedStatementCallback; bad SQL grammar [SELECT "TENANT_ID" FROM TD_USER WHERE "ID" = ?]（按默认 DENY 口径交上层 403）
2026-10-10 09:41:37.160 [http-nio-18083-exec-6] [] WARN  c.c.g.s.s.JwtAuthenticationFilter - 用户未绑定租户，拒绝登录: userId=u001
2026-10-10 09:41:37.727 [http-nio-18083-exec-5] [] WARN  c.c.g.s.s.JwtAuthenticationFilter - 回查租户失败 userId=u001: PreparedStatementCallback; bad SQL grammar [SELECT "TENANT_ID" FROM TD_USER WHERE "ID" = ?]（按默认 DENY 口径交上层 403）
2026-10-10 09:41:37.728 [http-nio-18083-exec-5] [] WARN  c.c.g.s.s.JwtAuthenticationFilter - 用户未绑定租户，拒绝登录: userId=u001
2026-10-10 09:41:37.732 [http-nio-18083-exec-8] [] WARN  c.c.g.s.s.JwtAuthenticationFilter - 回查租户失败 userId=u001: PreparedStatementCallback; bad SQL grammar [SELECT "TENANT_ID" FROM TD_USER WHERE "ID" = ?]（按默认 DENY 口径交上层 403）
2026-10-10 09:41:37.733 [http-nio-18083-exec-8] [] WARN  c.c.g.s.s.JwtAuthenticationFilter - 用户未绑定租户，拒绝登录: userId=u001
2026-10-10 09:41:37.990 [http-nio-18083-exec-9] [] WARN  c.c.g.s.s.JwtAuthenticationFilter - 回查租户失败 userId=u001: PreparedStatementCallback; bad SQL grammar [SELECT "TENANT_ID" FROM TD_USER WHERE "ID" = ?]（按默认 DENY 口径交上层 403）
2026-10-10 09:41:37.991 [http-nio-18083-exec-9] [] WARN  c.c.g.s.s.JwtAuthenticationFilter - 用户未绑定租户，拒绝登录: userId=u001
2026-10-10 09:41:38.087 [http-nio-18083-exec-10] [] WARN  c.c.g.s.s.JwtAuthenticationFilter - 回查租户失败 userId=u001: PreparedStatementCallback; bad SQL grammar [SELECT "TENANT_ID" FROM TD_USER WHERE "ID" = ?]（按默认 DENY 口径交上层 403）
2026-10-10 09:41:38.088 [http-nio-18083-exec-10] [] WARN  c.c.g.s.s.JwtAuthenticationFilter - 用户未绑定租户，拒绝登录: userId=u001
2026-10-10 09:41:38.113 [http-nio-18083-exec-1] [] WARN  c.c.g.s.s.JwtAuthenticationFilter - 回查租户失败 userId=u001: PreparedStatementCallback; bad SQL grammar [SELECT "TENANT_ID" FROM TD_USER WHERE "ID" = ?]（按默认 DENY 口径交上层 403）
2026-10-10 09:41:38.114 [http-nio-18083-exec-1] [] WARN  c.c.g.s.s.JwtAuthenticationFilter - 用户未绑定租户，拒绝登录: userId=u001
2026-10-10 09:42:01.430 [scheduling-1] [] WARN  c.c.g.runtime.audit.AuditRetryTask - [AuditRetry] 到期行拉取失败（表缺失/DB 不可用）errType=BadSqlGrammarException msg=
### Error querying database.  Cause: org.postgresql.util.PSQLException: ERROR: relation "public.ecos_runtime_audit_retry" does not exist
  位置：256
### The error may exist in com/chinacreator/gzcm/runtime/audit/mapper/AuditRetryMapper.java (best guess)
### The error may involve com.chinacreator.gzcm.runtime.audit.mapper.AuditRetryMapper.listDue-Inline
### The error occurred while setting parameters
### SQL: SELECT id, event_type AS eventType, payload, attempts, next_retry_at AS nextRetryAt, last_error AS lastError, status, trace_id AS traceId, create_time AS createTime, update_time AS updateTime, version_no AS versionNo, is_deleted AS isDeleted, domain FROM public.ecos_runtime_audit_retry WHERE is_deleted = 0 AND status = 'pending' AND next_retry_at <= ? ORDER BY next_retry_at ASC LIMIT ?
### Cause: org.postgresql.util.PSQLException: ERROR: relation "public.ecos_runtime_audit_retry" does not exist
  位置：256
; bad SQL grammar []
2026-10-10 09:43:01.450 [scheduling-1] [] WARN  c.c.g.runtime.audit.AuditRetryTask - [AuditRetry] 到期行拉取失败（表缺失/DB 不可用）errType=BadSqlGrammarException msg=
### Error querying database.  Cause: org.postgresql.util.PSQLException: ERROR: relation "public.ecos_runtime_audit_retry" does not exist
  位置：256
### The error may exist in com/chinacreator/gzcm/runtime/audit/mapper/AuditRetryMapper.java (best guess)
### The error may involve com.chinacreator.gzcm.runtime.audit.mapper.AuditRetryMapper.listDue-Inline
### The error occurred while setting parameters
### SQL: SELECT id, event_type AS eventType, payload, attempts, next_retry_at AS nextRetryAt, last_error AS lastError, status, trace_id AS traceId, create_time AS createTime, update_time AS updateTime, version_no AS versionNo, is_deleted AS isDeleted, domain FROM public.ecos_runtime_audit_retry WHERE is_deleted = 0 AND status = 'pending' AND next_retry_at <= ? ORDER BY next_retry_at ASC LIMIT ?
### Cause: org.postgresql.util.PSQLException: ERROR: relation "public.ecos_runtime_audit_retry" does not exist
  位置：256
; bad SQL grammar []
2026-10-10 09:43:29.422 [scheduling-1] [] WARN  c.c.gzcm.runtime.dlq.DltLagChecker - [DltLagChecker] AdminClient 创建失败 errType=KafkaException msg=Failed to create new KafkaAdminClient
2026-10-10 09:43:29.424 [scheduling-1] [] WARN  c.c.gzcm.runtime.dlq.DltLagChecker - [DltLagChecker] AdminClient 不可用（bootstrap=localhost:9092），本轮降级跳过
2026-10-10 09:44:01.480 [scheduling-1] [] WARN  c.c.g.runtime.audit.AuditRetryTask - [AuditRetry] 到期行拉取失败（表缺失/DB 不可用）errType=BadSqlGrammarException msg=
### Error querying database.  Cause: org.postgresql.util.PSQLException: ERROR: relation "public.ecos_runtime_audit_retry" does not exist
  位置：256
### The error may exist in com/chinacreator/gzcm/runtime/audit/mapper/AuditRetryMapper.java (best guess)
### The error may involve com.chinacreator.gzcm.runtime.audit.mapper.AuditRetryMapper.listDue-Inline
### The error occurred while setting parameters
### SQL: SELECT id, event_type AS eventType, payload, attempts, next_retry_at AS nextRetryAt, last_error AS lastError, status, trace_id AS traceId, create_time AS createTime, update_time AS updateTime, version_no AS versionNo, is_deleted AS isDeleted, domain FROM public.ecos_runtime_audit_retry WHERE is_deleted = 0 AND status = 'pending' AND next_retry_at <= ? ORDER BY next_retry_at ASC LIMIT ?
### Cause: org.postgresql.util.PSQLException: ERROR: relation "public.ecos_runtime_audit_retry" does not exist
  位置：256
; bad SQL grammar []
2026-10-10 09:45:01.487 [scheduling-1] [] WARN  c.c.g.runtime.audit.AuditRetryTask - [AuditRetry] 到期行拉取失败（表缺失/DB 不可用）errType=BadSqlGrammarException msg=
### Error querying database.  Cause: org.postgresql.util.PSQLException: ERROR: relation "public.ecos_runtime_audit_retry" does not exist
  位置：256
### The error may exist in com/chinacreator/gzcm/runtime/audit/mapper/AuditRetryMapper.java (best guess)
### The error may involve com.chinacreator.gzcm.runtime.audit.mapper.AuditRetryMapper.listDue-Inline
### The error occurred while setting parameters
### SQL: SELECT id, event_type AS eventType, payload, attempts, next_retry_at AS nextRetryAt, last_error AS lastError, status, trace_id AS traceId, create_time AS createTime, update_time AS updateTime, version_no AS versionNo, is_deleted AS isDeleted, domain FROM public.ecos_runtime_audit_retry WHERE is_deleted = 0 AND status = 'pending' AND next_retry_at <= ? ORDER BY next_retry_at ASC LIMIT ?
### Cause: org.postgresql.util.PSQLException: ERROR: relation "public.ecos_runtime_audit_retry" does not exist
  位置：256
; bad SQL grammar []
2026-10-10 09:46:01.500 [scheduling-1] [] WARN  c.c.g.runtime.audit.AuditRetryTask - [AuditRetry] 到期行拉取失败（表缺失/DB 不可用）errType=BadSqlGrammarException msg=
### Error querying database.  Cause: org.postgresql.util.PSQLException: ERROR: relation "public.ecos_runtime_audit_retry" does not exist
  位置：256
### The error may exist in com/chinacreator/gzcm/runtime/audit/mapper/AuditRetryMapper.java (best guess)
### The error may involve com.chinacreator.gzcm.runtime.audit.mapper.AuditRetryMapper.listDue-Inline
### The error occurred while setting parameters
### SQL: SELECT id, event_type AS eventType, payload, attempts, next_retry_at AS nextRetryAt, last_error AS lastError, status, trace_id AS traceId, create_time AS createTime, update_time AS updateTime, version_no AS versionNo, is_deleted AS isDeleted, domain FROM public.ecos_runtime_audit_retry WHERE is_deleted = 0 AND status = 'pending' AND next_retry_at <= ? ORDER BY next_retry_at ASC LIMIT ?
### Cause: org.postgresql.util.PSQLException: ERROR: relation "public.ecos_runtime_audit_retry" does not exist
  位置：256
; bad SQL grammar []
2026-10-10 09:47:01.512 [scheduling-1] [] WARN  c.c.g.runtime.audit.AuditRetryTask - [AuditRetry] 到期行拉取失败（表缺失/DB 不可用）errType=BadSqlGrammarException msg=
### Error querying database.  Cause: org.postgresql.util.PSQLException: ERROR: relation "public.ecos_runtime_audit_retry" does not exist
  位置：256
### The error may exist in com/chinacreator/gzcm/runtime/audit/mapper/AuditRetryMapper.java (best guess)
### The error may involve com.chinacreator.gzcm.runtime.audit.mapper.AuditRetryMapper.listDue-Inline
### The error occurred while setting parameters
### SQL: SELECT id, event_type AS eventType, payload, attempts, next_retry_at AS nextRetryAt, last_error AS lastError, status, trace_id AS traceId, create_time AS createTime, update_time AS updateTime, version_no AS versionNo, is_deleted AS isDeleted, domain FROM public.ecos_runtime_audit_retry WHERE is_deleted = 0 AND status = 'pending' AND next_retry_at <= ? ORDER BY next_retry_at ASC LIMIT ?
### Cause: org.postgresql.util.PSQLException: ERROR: relation "public.ecos_runtime_audit_retry" does not exist
  位置：256
; bad SQL grammar []
2026-10-10 09:48:01.519 [scheduling-1] [] WARN  c.c.g.runtime.audit.AuditRetryTask - [AuditRetry] 到期行拉取失败（表缺失/DB 不可用）errType=BadSqlGrammarException msg=
### Error querying database.  Cause: org.postgresql.util.PSQLException: ERROR: relation "public.ecos_runtime_audit_retry" does not exist
  位置：256
### The error may exist in com/chinacreator/gzcm/runtime/audit/mapper/AuditRetryMapper.java (best guess)
### The error may involve com.chinacreator.gzcm.runtime.audit.mapper.AuditRetryMapper.listDue-Inline
### The error occurred while setting parameters
### SQL: SELECT id, event_type AS eventType, payload, attempts, next_retry_at AS nextRetryAt, last_error AS lastError, status, trace_id AS traceId, create_time AS createTime, update_time AS updateTime, version_no AS versionNo, is_deleted AS isDeleted, domain FROM public.ecos_runtime_audit_retry WHERE is_deleted = 0 AND status = 'pending' AND next_retry_at <= ? ORDER BY next_retry_at ASC LIMIT ?
### Cause: org.postgresql.util.PSQLException: ERROR: relation "public.ecos_runtime_audit_retry" does not exist
  位置：256
; bad SQL grammar []
2026-10-10 09:48:29.436 [scheduling-1] [] WARN  c.c.gzcm.runtime.dlq.DltLagChecker - [DltLagChecker] AdminClient 创建失败 errType=KafkaException msg=Failed to create new KafkaAdminClient
2026-10-10 09:48:29.438 [scheduling-1] [] WARN  c.c.gzcm.runtime.dlq.DltLagChecker - [DltLagChecker] AdminClient 不可用（bootstrap=localhost:9092），本轮降级跳过
2026-10-10 09:49:01.539 [scheduling-1] [] WARN  c.c.g.runtime.audit.AuditRetryTask - [AuditRetry] 到期行拉取失败（表缺失/DB 不可用）errType=BadSqlGrammarException msg=
### Error querying database.  Cause: org.postgresql.util.PSQLException: ERROR: relation "public.ecos_runtime_audit_retry" does not exist
  位置：256
### The error may exist in com/chinacreator/gzcm/runtime/audit/mapper/AuditRetryMapper.java (best guess)
### The error may involve com.chinacreator.gzcm.runtime.audit.mapper.AuditRetryMapper.listDue-Inline
### The error occurred while setting parameters
### SQL: SELECT id, event_type AS eventType, payload, attempts, next_retry_at AS nextRetryAt, last_error AS lastError, status, trace_id AS traceId, create_time AS createTime, update_time AS updateTime, version_no AS versionNo, is_deleted AS isDeleted, domain FROM public.ecos_runtime_audit_retry WHERE is_deleted = 0 AND status = 'pending' AND next_retry_at <= ? ORDER BY next_retry_at ASC LIMIT ?
### Cause: org.postgresql.util.PSQLException: ERROR: relation "public.ecos_runtime_audit_retry" does not exist
  位置：256
; bad SQL grammar []
2026-10-10 09:50:01.552 [scheduling-1] [] WARN  c.c.g.runtime.audit.AuditRetryTask - [AuditRetry] 到期行拉取失败（表缺失/DB 不可用）errType=BadSqlGrammarException msg=
### Error querying database.  Cause: org.postgresql.util.PSQLException: ERROR: relation "public.ecos_runtime_audit_retry" does not exist
  位置：256
### The error may exist in com/chinacreator/gzcm/runtime/audit/mapper/AuditRetryMapper.java (best guess)
### The error may involve com.chinacreator.gzcm.runtime.audit.mapper.AuditRetryMapper.listDue-Inline
### The error occurred while setting parameters
### SQL: SELECT id, event_type AS eventType, payload, attempts, next_retry_at AS nextRetryAt, last_error AS lastError, status, trace_id AS traceId, create_time AS createTime, update_time AS updateTime, version_no AS versionNo, is_deleted AS isDeleted, domain FROM public.ecos_runtime_audit_retry WHERE is_deleted = 0 AND status = 'pending' AND next_retry_at <= ? ORDER BY next_retry_at ASC LIMIT ?
### Cause: org.postgresql.util.PSQLException: ERROR: relation "public.ecos_runtime_audit_retry" does not exist
  位置：256
; bad SQL grammar []
2026-10-10 09:50:08.308 [http-nio-18083-exec-3] [] WARN  c.c.g.s.s.JwtAuthenticationFilter - 回查租户失败 userId=u001: PreparedStatementCallback; bad SQL grammar [SELECT "TENANT_ID" FROM TD_USER WHERE "ID" = ?]（按默认 DENY 口径交上层 403）
2026-10-10 09:50:08.308 [http-nio-18083-exec-2] [] WARN  c.c.g.s.s.JwtAuthenticationFilter - 回查租户失败 userId=u001: PreparedStatementCallback; bad SQL grammar [SELECT "TENANT_ID" FROM TD_USER WHERE "ID" = ?]（按默认 DENY 口径交上层 403）
2026-10-10 09:50:08.309 [http-nio-18083-exec-3] [] WARN  c.c.g.s.s.JwtAuthenticationFilter - 用户未绑定租户，拒绝登录: userId=u001
2026-10-10 09:50:08.309 [http-nio-18083-exec-2] [] WARN  c.c.g.s.s.JwtAuthenticationFilter - 用户未绑定租户，拒绝登录: userId=u001
2026-10-10 09:50:08.393 [http-nio-18083-exec-4] [] WARN  c.c.g.s.s.JwtAuthenticationFilter - 回查租户失败 userId=u001: PreparedStatementCallback; bad SQL grammar [SELECT "TENANT_ID" FROM TD_USER WHERE "ID" = ?]（按默认 DENY 口径交上层 403）
2026-10-10 09:50:08.395 [http-nio-18083-exec-4] [] WARN  c.c.g.s.s.JwtAuthenticationFilter - 用户未绑定租户，拒绝登录: userId=u001
2026-10-10 09:50:08.419 [http-nio-18083-exec-7] [] WARN  c.c.g.s.s.JwtAuthenticationFilter - 回查租户失败 userId=u001: PreparedStatementCallback; bad SQL grammar [SELECT "TENANT_ID" FROM TD_USER WHERE "ID" = ?]（按默认 DENY 口径交上层 403）
2026-10-10 09:50:08.422 [http-nio-18083-exec-7] [] WARN  c.c.g.s.s.JwtAuthenticationFilter - 用户未绑定租户，拒绝登录: userId=u001
2026-10-10 09:51:01.569 [scheduling-1] [] WARN  c.c.g.runtime.audit.AuditRetryTask - [AuditRetry] 到期行拉取失败（表缺失/DB 不可用）errType=BadSqlGrammarException msg=
### Error querying database.  Cause: org.postgresql.util.PSQLException: ERROR: relation "public.ecos_runtime_audit_retry" does not exist
  位置：256
### The error may exist in com/chinacreator/gzcm/runtime/audit/mapper/AuditRetryMapper.java (best guess)
### The error may involve com.chinacreator.gzcm.runtime.audit.mapper.AuditRetryMapper.listDue-Inline
### The error occurred while setting parameters
### SQL: SELECT id, event_type AS eventType, payload, attempts, next_retry_at AS nextRetryAt, last_error AS lastError, status, trace_id AS traceId, create_time AS createTime, update_time AS updateTime, version_no AS versionNo, is_deleted AS isDeleted, domain FROM public.ecos_runtime_audit_retry WHERE is_deleted = 0 AND status = 'pending' AND next_retry_at <= ? ORDER BY next_retry_at ASC LIMIT ?
### Cause: org.postgresql.util.PSQLException: ERROR: relation "public.ecos_runtime_audit_retry" does not exist
  位置：256
; bad SQL grammar []
2026-10-10 09:52:01.588 [scheduling-1] [] WARN  c.c.g.runtime.audit.AuditRetryTask - [AuditRetry] 到期行拉取失败（表缺失/DB 不可用）errType=BadSqlGrammarException msg=
### Error querying database.  Cause: org.postgresql.util.PSQLException: ERROR: relation "public.ecos_runtime_audit_retry" does not exist
  位置：256
### The error may exist in com/chinacreator/gzcm/runtime/audit/mapper/AuditRetryMapper.java (best guess)
### The error may involve com.chinacreator.gzcm.runtime.audit.mapper.AuditRetryMapper.listDue-Inline
### The error occurred while setting parameters
### SQL: SELECT id, event_type AS eventType, payload, attempts, next_retry_at AS nextRetryAt, last_error AS lastError, status, trace_id AS traceId, create_time AS createTime, update_time AS updateTime, version_no AS versionNo, is_deleted AS isDeleted, domain FROM public.ecos_runtime_audit_retry WHERE is_deleted = 0 AND status = 'pending' AND next_retry_at <= ? ORDER BY next_retry_at ASC LIMIT ?
### Cause: org.postgresql.util.PSQLException: ERROR: relation "public.ecos_runtime_audit_retry" does not exist
  位置：256
; bad SQL grammar []
2026-10-10 09:53:01.603 [scheduling-1] [] WARN  c.c.g.runtime.audit.AuditRetryTask - [AuditRetry] 到期行拉取失败（表缺失/DB 不可用）errType=BadSqlGrammarException msg=
### Error querying database.  Cause: org.postgresql.util.PSQLException: ERROR: relation "public.ecos_runtime_audit_retry" does not exist
  位置：256
### The error may exist in com/chinacreator/gzcm/runtime/audit/mapper/AuditRetryMapper.java (best guess)
### The error may involve com.chinacreator.gzcm.runtime.audit.mapper.AuditRetryMapper.listDue-Inline
### The error occurred while setting parameters
### SQL: SELECT id, event_type AS eventType, payload, attempts, next_retry_at AS nextRetryAt, last_error AS lastError, status, trace_id AS traceId, create_time AS createTime, update_time AS updateTime, version_no AS versionNo, is_deleted AS isDeleted, domain FROM public.ecos_runtime_audit_retry WHERE is_deleted = 0 AND status = 'pending' AND next_retry_at <= ? ORDER BY next_retry_at ASC LIMIT ?
### Cause: org.postgresql.util.PSQLException: ERROR: relation "public.ecos_runtime_audit_retry" does not exist
  位置：256
; bad SQL grammar []
2026-10-10 09:53:29.461 [scheduling-1] [] WARN  c.c.gzcm.runtime.dlq.DltLagChecker - [DltLagChecker] AdminClient 创建失败 errType=KafkaException msg=Failed to create new KafkaAdminClient
2026-10-10 09:53:29.462 [scheduling-1] [] WARN  c.c.gzcm.runtime.dlq.DltLagChecker - [DltLagChecker] AdminClient 不可用（bootstrap=localhost:9092），本轮降级跳过
2026-10-10 09:54:01.626 [scheduling-1] [] WARN  c.c.g.runtime.audit.AuditRetryTask - [AuditRetry] 到期行拉取失败（表缺失/DB 不可用）errType=BadSqlGrammarException msg=
### Error querying database.  Cause: org.postgresql.util.PSQLException: ERROR: relation "public.ecos_runtime_audit_retry" does not exist
  位置：256
### The error may exist in com/chinacreator/gzcm/runtime/audit/mapper/AuditRetryMapper.java (best guess)
### The error may involve com.chinacreator.gzcm.runtime.audit.mapper.AuditRetryMapper.listDue-Inline
### The error occurred while setting parameters
### SQL: SELECT id, event_type AS eventType, payload, attempts, next_retry_at AS nextRetryAt, last_error AS lastError, status, trace_id AS traceId, create_time AS createTime, update_time AS updateTime, version_no AS versionNo, is_deleted AS isDeleted, domain FROM public.ecos_runtime_audit_retry WHERE is_deleted = 0 AND status = 'pending' AND next_retry_at <= ? ORDER BY next_retry_at ASC LIMIT ?
### Cause: org.postgresql.util.PSQLException: ERROR: relation "public.ecos_runtime_audit_retry" does not exist
  位置：256
; bad SQL grammar []
2026-10-10 09:55:01.637 [scheduling-1] [] WARN  c.c.g.runtime.audit.AuditRetryTask - [AuditRetry] 到期行拉取失败（表缺失/DB 不可用）errType=BadSqlGrammarException msg=
### Error querying database.  Cause: org.postgresql.util.PSQLException: ERROR: relation "public.ecos_runtime_audit_retry" does not exist
  位置：256
### The error may exist in com/chinacreator/gzcm/runtime/audit/mapper/AuditRetryMapper.java (best guess)
### The error may involve com.chinacreator.gzcm.runtime.audit.mapper.AuditRetryMapper.listDue-Inline
### The error occurred while setting parameters
### SQL: SELECT id, event_type AS eventType, payload, attempts, next_retry_at AS nextRetryAt, last_error AS lastError, status, trace_id AS traceId, create_time AS createTime, update_time AS updateTime, version_no AS versionNo, is_deleted AS isDeleted, domain FROM public.ecos_runtime_audit_retry WHERE is_deleted = 0 AND status = 'pending' AND next_retry_at <= ? ORDER BY next_retry_at ASC LIMIT ?
### Cause: org.postgresql.util.PSQLException: ERROR: relation "public.ecos_runtime_audit_retry" does not exist
  位置：256
; bad SQL grammar []
2026-10-10 09:56:01.655 [scheduling-1] [] WARN  c.c.g.runtime.audit.AuditRetryTask - [AuditRetry] 到期行拉取失败（表缺失/DB 不可用）errType=BadSqlGrammarException msg=
### Error querying database.  Cause: org.postgresql.util.PSQLException: ERROR: relation "public.ecos_runtime_audit_retry" does not exist
  位置：256
### The error may exist in com/chinacreator/gzcm/runtime/audit/mapper/AuditRetryMapper.java (best guess)
### The error may involve com.chinacreator.gzcm.runtime.audit.mapper.AuditRetryMapper.listDue-Inline
### The error occurred while setting parameters
### SQL: SELECT id, event_type AS eventType, payload, attempts, next_retry_at AS nextRetryAt, last_error AS lastError, status, trace_id AS traceId, create_time AS createTime, update_time AS updateTime, version_no AS versionNo, is_deleted AS isDeleted, domain FROM public.ecos_runtime_audit_retry WHERE is_deleted = 0 AND status = 'pending' AND next_retry_at <= ? ORDER BY next_retry_at ASC LIMIT ?
### Cause: org.postgresql.util.PSQLException: ERROR: relation "public.ecos_runtime_audit_retry" does not exist
  位置：256
; bad SQL grammar []
2026-10-10 09:57:01.670 [scheduling-1] [] WARN  c.c.g.runtime.audit.AuditRetryTask - [AuditRetry] 到期行拉取失败（表缺失/DB 不可用）errType=BadSqlGrammarException msg=
### Error querying database.  Cause: org.postgresql.util.PSQLException: ERROR: relation "public.ecos_runtime_audit_retry" does not exist
  位置：256
### The error may exist in com/chinacreator/gzcm/runtime/audit/mapper/AuditRetryMapper.java (best guess)
### The error may involve com.chinacreator.gzcm.runtime.audit.mapper.AuditRetryMapper.listDue-Inline
### The error occurred while setting parameters
### SQL: SELECT id, event_type AS eventType, payload, attempts, next_retry_at AS nextRetryAt, last_error AS lastError, status, trace_id AS traceId, create_time AS createTime, update_time AS updateTime, version_no AS versionNo, is_deleted AS isDeleted, domain FROM public.ecos_runtime_audit_retry WHERE is_deleted = 0 AND status = 'pending' AND next_retry_at <= ? ORDER BY next_retry_at ASC LIMIT ?
### Cause: org.postgresql.util.PSQLException: ERROR: relation "public.ecos_runtime_audit_retry" does not exist
  位置：256
; bad SQL grammar []
2026-10-10 09:58:01.689 [scheduling-1] [] WARN  c.c.g.runtime.audit.AuditRetryTask - [AuditRetry] 到期行拉取失败（表缺失/DB 不可用）errType=BadSqlGrammarException msg=
### Error querying database.  Cause: org.postgresql.util.PSQLException: ERROR: relation "public.ecos_runtime_audit_retry" does not exist
  位置：256
### The error may exist in com/chinacreator/gzcm/runtime/audit/mapper/AuditRetryMapper.java (best guess)
### The error may involve com.chinacreator.gzcm.runtime.audit.mapper.AuditRetryMapper.listDue-Inline
### The error occurred while setting parameters
### SQL: SELECT id, event_type AS eventType, payload, attempts, next_retry_at AS nextRetryAt, last_error AS lastError, status, trace_id AS traceId, create_time AS createTime, update_time AS updateTime, version_no AS versionNo, is_deleted AS isDeleted, domain FROM public.ecos_runtime_audit_retry WHERE is_deleted = 0 AND status = 'pending' AND next_retry_at <= ? ORDER BY next_retry_at ASC LIMIT ?
### Cause: org.postgresql.util.PSQLException: ERROR: relation "public.ecos_runtime_audit_retry" does not exist
  位置：256
; bad SQL grammar []
2026-10-10 09:58:29.480 [scheduling-1] [] WARN  c.c.gzcm.runtime.dlq.DltLagChecker - [DltLagChecker] AdminClient 创建失败 errType=KafkaException msg=Failed to create new KafkaAdminClient
2026-10-10 09:58:29.482 [scheduling-1] [] WARN  c.c.gzcm.runtime.dlq.DltLagChecker - [DltLagChecker] AdminClient 不可用（bootstrap=localhost:9092），本轮降级跳过
2026-10-10 09:59:01.711 [scheduling-1] [] WARN  c.c.g.runtime.audit.AuditRetryTask - [AuditRetry] 到期行拉取失败（表缺失/DB 不可用）errType=BadSqlGrammarException msg=
### Error querying database.  Cause: org.postgresql.util.PSQLException: ERROR: relation "public.ecos_runtime_audit_retry" does not exist
  位置：256
### The error may exist in com/chinacreator/gzcm/runtime/audit/mapper/AuditRetryMapper.java (best guess)
### The error may involve com.chinacreator.gzcm.runtime.audit.mapper.AuditRetryMapper.listDue-Inline
### The error occurred while setting parameters
### SQL: SELECT id, event_type AS eventType, payload, attempts, next_retry_at AS nextRetryAt, last_error AS lastError, status, trace_id AS traceId, create_time AS createTime, update_time AS updateTime, version_no AS versionNo, is_deleted AS isDeleted, domain FROM public.ecos_runtime_audit_retry WHERE is_deleted = 0 AND status = 'pending' AND next_retry_at <= ? ORDER BY next_retry_at ASC LIMIT ?
### Cause: org.postgresql.util.PSQLException: ERROR: relation "public.ecos_runtime_audit_retry" does not exist
  位置：256
; bad SQL grammar []
2026-10-10 10:00:01.720 [scheduling-1] [] WARN  c.c.g.runtime.audit.AuditRetryTask - [AuditRetry] 到期行拉取失败（表缺失/DB 不可用）errType=BadSqlGrammarException msg=
### Error querying database.  Cause: org.postgresql.util.PSQLException: ERROR: relation "public.ecos_runtime_audit_retry" does not exist
  位置：256
### The error may exist in com/chinacreator/gzcm/runtime/audit/mapper/AuditRetryMapper.java (best guess)
### The error may involve com.chinacreator.gzcm.runtime.audit.mapper.AuditRetryMapper.listDue-Inline
### The error occurred while setting parameters
### SQL: SELECT id, event_type AS eventType, payload, attempts, next_retry_at AS nextRetryAt, last_error AS lastError, status, trace_id AS traceId, create_time AS createTime, update_time AS updateTime, version_no AS versionNo, is_deleted AS isDeleted, domain FROM public.ecos_runtime_audit_retry WHERE is_deleted = 0 AND status = 'pending' AND next_retry_at <= ? ORDER BY next_retry_at ASC LIMIT ?
### Cause: org.postgresql.util.PSQLException: ERROR: relation "public.ecos_runtime_audit_retry" does not exist
  位置：256
; bad SQL grammar []
2026-10-10 10:01:01.730 [scheduling-1] [] WARN  c.c.g.runtime.audit.AuditRetryTask - [AuditRetry] 到期行拉取失败（表缺失/DB 不可用）errType=BadSqlGrammarException msg=
### Error querying database.  Cause: org.postgresql.util.PSQLException: ERROR: relation "public.ecos_runtime_audit_retry" does not exist
  位置：256
### The error may exist in com/chinacreator/gzcm/runtime/audit/mapper/AuditRetryMapper.java (best guess)
### The error may involve com.chinacreator.gzcm.runtime.audit.mapper.AuditRetryMapper.listDue-Inline
### The error occurred while setting parameters
### SQL: SELECT id, event_type AS eventType, payload, attempts, next_retry_at AS nextRetryAt, last_error AS lastError, status, trace_id AS traceId, create_time AS createTime, update_time AS updateTime, version_no AS versionNo, is_deleted AS isDeleted, domain FROM public.ecos_runtime_audit_retry WHERE is_deleted = 0 AND status = 'pending' AND next_retry_at <= ? ORDER BY next_retry_at ASC LIMIT ?
### Cause: org.postgresql.util.PSQLException: ERROR: relation "public.ecos_runtime_audit_retry" does not exist
  位置：256
; bad SQL grammar []
2026-10-10 10:02:01.744 [scheduling-1] [] WARN  c.c.g.runtime.audit.AuditRetryTask - [AuditRetry] 到期行拉取失败（表缺失/DB 不可用）errType=BadSqlGrammarException msg=
### Error querying database.  Cause: org.postgresql.util.PSQLException: ERROR: relation "public.ecos_runtime_audit_retry" does not exist
  位置：256
### The error may exist in com/chinacreator/gzcm/runtime/audit/mapper/AuditRetryMapper.java (best guess)
### The error may involve com.chinacreator.gzcm.runtime.audit.mapper.AuditRetryMapper.listDue-Inline
### The error occurred while setting parameters
### SQL: SELECT id, event_type AS eventType, payload, attempts, next_retry_at AS nextRetryAt, last_error AS lastError, status, trace_id AS traceId, create_time AS createTime, update_time AS updateTime, version_no AS versionNo, is_deleted AS isDeleted, domain FROM public.ecos_runtime_audit_retry WHERE is_deleted = 0 AND status = 'pending' AND next_retry_at <= ? ORDER BY next_retry_at ASC LIMIT ?
### Cause: org.postgresql.util.PSQLException: ERROR: relation "public.ecos_runtime_audit_retry" does not exist
  位置：256
; bad SQL grammar []
2026-10-10 10:03:01.762 [scheduling-1] [] WARN  c.c.g.runtime.audit.AuditRetryTask - [AuditRetry] 到期行拉取失败（表缺失/DB 不可用）errType=BadSqlGrammarException msg=
### Error querying database.  Cause: org.postgresql.util.PSQLException: ERROR: relation "public.ecos_runtime_audit_retry" does not exist
  位置：256
### The error may exist in com/chinacreator/gzcm/runtime/audit/mapper/AuditRetryMapper.java (best guess)
### The error may involve com.chinacreator.gzcm.runtime.audit.mapper.AuditRetryMapper.listDue-Inline
### The error occurred while setting parameters
### SQL: SELECT id, event_type AS eventType, payload, attempts, next_retry_at AS nextRetryAt, last_error AS lastError, status, trace_id AS traceId, create_time AS createTime, update_time AS updateTime, version_no AS versionNo, is_deleted AS isDeleted, domain FROM public.ecos_runtime_audit_retry WHERE is_deleted = 0 AND status = 'pending' AND next_retry_at <= ? ORDER BY next_retry_at ASC LIMIT ?
### Cause: org.postgresql.util.PSQLException: ERROR: relation "public.ecos_runtime_audit_retry" does not exist
  位置：256
; bad SQL grammar []
2026-10-10 10:03:29.506 [scheduling-1] [] WARN  c.c.gzcm.runtime.dlq.DltLagChecker - [DltLagChecker] AdminClient 创建失败 errType=KafkaException msg=Failed to create new KafkaAdminClient
2026-10-10 10:03:29.508 [scheduling-1] [] WARN  c.c.gzcm.runtime.dlq.DltLagChecker - [DltLagChecker] AdminClient 不可用（bootstrap=localhost:9092），本轮降级跳过
2026-10-10 10:04:01.778 [scheduling-1] [] WARN  c.c.g.runtime.audit.AuditRetryTask - [AuditRetry] 到期行拉取失败（表缺失/DB 不可用）errType=BadSqlGrammarException msg=
### Error querying database.  Cause: org.postgresql.util.PSQLException: ERROR: relation "public.ecos_runtime_audit_retry" does not exist
  位置：256
### The error may exist in com/chinacreator/gzcm/runtime/audit/mapper/AuditRetryMapper.java (best guess)
### The error may involve com.chinacreator.gzcm.runtime.audit.mapper.AuditRetryMapper.listDue-Inline
### The error occurred while setting parameters
### SQL: SELECT id, event_type AS eventType, payload, attempts, next_retry_at AS nextRetryAt, last_error AS lastError, status, trace_id AS traceId, create_time AS createTime, update_time AS updateTime, version_no AS versionNo, is_deleted AS isDeleted, domain FROM public.ecos_runtime_audit_retry WHERE is_deleted = 0 AND status = 'pending' AND next_retry_at <= ? ORDER BY next_retry_at ASC LIMIT ?
### Cause: org.postgresql.util.PSQLException: ERROR: relation "public.ecos_runtime_audit_retry" does not exist
  位置：256
; bad SQL grammar []
2026-10-10 10:05:01.797 [scheduling-1] [] WARN  c.c.g.runtime.audit.AuditRetryTask - [AuditRetry] 到期行拉取失败（表缺失/DB 不可用）errType=BadSqlGrammarException msg=
### Error querying database.  Cause: org.postgresql.util.PSQLException: ERROR: relation "public.ecos_runtime_audit_retry" does not exist
  位置：256
### The error may exist in com/chinacreator/gzcm/runtime/audit/mapper/AuditRetryMapper.java (best guess)
### The error may involve com.chinacreator.gzcm.runtime.audit.mapper.AuditRetryMapper.listDue-Inline
### The error occurred while setting parameters
### SQL: SELECT id, event_type AS eventType, payload, attempts, next_retry_at AS nextRetryAt, last_error AS lastError, status, trace_id AS traceId, create_time AS createTime, update_time AS updateTime, version_no AS versionNo, is_deleted AS isDeleted, domain FROM public.ecos_runtime_audit_retry WHERE is_deleted = 0 AND status = 'pending' AND next_retry_at <= ? ORDER BY next_retry_at ASC LIMIT ?
### Cause: org.postgresql.util.PSQLException: ERROR: relation "public.ecos_runtime_audit_retry" does not exist
  位置：256
; bad SQL grammar []
2026-10-10 10:06:01.813 [scheduling-1] [] WARN  c.c.g.runtime.audit.AuditRetryTask - [AuditRetry] 到期行拉取失败（表缺失/DB 不可用）errType=BadSqlGrammarException msg=
### Error querying database.  Cause: org.postgresql.util.PSQLException: ERROR: relation "public.ecos_runtime_audit_retry" does not exist
  位置：256
### The error may exist in com/chinacreator/gzcm/runtime/audit/mapper/AuditRetryMapper.java (best guess)
### The error may involve com.chinacreator.gzcm.runtime.audit.mapper.AuditRetryMapper.listDue-Inline
### The error occurred while setting parameters
### SQL: SELECT id, event_type AS eventType, payload, attempts, next_retry_at AS nextRetryAt, last_error AS lastError, status, trace_id AS traceId, create_time AS createTime, update_time AS updateTime, version_no AS versionNo, is_deleted AS isDeleted, domain FROM public.ecos_runtime_audit_retry WHERE is_deleted = 0 AND status = 'pending' AND next_retry_at <= ? ORDER BY next_retry_at ASC LIMIT ?
### Cause: org.postgresql.util.PSQLException: ERROR: relation "public.ecos_runtime_audit_retry" does not exist
  位置：256
; bad SQL grammar []
2026-10-10 10:07:01.822 [scheduling-1] [] WARN  c.c.g.runtime.audit.AuditRetryTask - [AuditRetry] 到期行拉取失败（表缺失/DB 不可用）errType=BadSqlGrammarException msg=
### Error querying database.  Cause: org.postgresql.util.PSQLException: ERROR: relation "public.ecos_runtime_audit_retry" does not exist
  位置：256
### The error may exist in com/chinacreator/gzcm/runtime/audit/mapper/AuditRetryMapper.java (best guess)
### The error may involve com.chinacreator.gzcm.runtime.audit.mapper.AuditRetryMapper.listDue-Inline
### The error occurred while setting parameters
### SQL: SELECT id, event_type AS eventType, payload, attempts, next_retry_at AS nextRetryAt, last_error AS lastError, status, trace_id AS traceId, create_time AS createTime, update_time AS updateTime, version_no AS versionNo, is_deleted AS isDeleted, domain FROM public.ecos_runtime_audit_retry WHERE is_deleted = 0 AND status = 'pending' AND next_retry_at <= ? ORDER BY next_retry_at ASC LIMIT ?
### Cause: org.postgresql.util.PSQLException: ERROR: relation "public.ecos_runtime_audit_retry" does not exist
  位置：256
; bad SQL grammar []
2026-10-10 10:08:01.840 [scheduling-1] [] WARN  c.c.g.runtime.audit.AuditRetryTask - [AuditRetry] 到期行拉取失败（表缺失/DB 不可用）errType=BadSqlGrammarException msg=
### Error querying database.  Cause: org.postgresql.util.PSQLException: ERROR: relation "public.ecos_runtime_audit_retry" does not exist
  位置：256
### The error may exist in com/chinacreator/gzcm/runtime/audit/mapper/AuditRetryMapper.java (best guess)
### The error may involve com.chinacreator.gzcm.runtime.audit.mapper.AuditRetryMapper.listDue-Inline
### The error occurred while setting parameters
### SQL: SELECT id, event_type AS eventType, payload, attempts, next_retry_at AS nextRetryAt, last_error AS lastError, status, trace_id AS traceId, create_time AS createTime, update_time AS updateTime, version_no AS versionNo, is_deleted AS isDeleted, domain FROM public.ecos_runtime_audit_retry WHERE is_deleted = 0 AND status = 'pending' AND next_retry_at <= ? ORDER BY next_retry_at ASC LIMIT ?
### Cause: org.postgresql.util.PSQLException: ERROR: relation "public.ecos_runtime_audit_retry" does not exist
  位置：256
; bad SQL grammar []
2026-10-10 10:08:29.521 [scheduling-1] [] WARN  c.c.gzcm.runtime.dlq.DltLagChecker - [DltLagChecker] AdminClient 创建失败 errType=KafkaException msg=Failed to create new KafkaAdminClient
2026-10-10 10:08:29.523 [scheduling-1] [] WARN  c.c.gzcm.runtime.dlq.DltLagChecker - [DltLagChecker] AdminClient 不可用（bootstrap=localhost:9092），本轮降级跳过
2026-10-10 10:09:01.859 [scheduling-1] [] WARN  c.c.g.runtime.audit.AuditRetryTask - [AuditRetry] 到期行拉取失败（表缺失/DB 不可用）errType=BadSqlGrammarException msg=
### Error querying database.  Cause: org.postgresql.util.PSQLException: ERROR: relation "public.ecos_runtime_audit_retry" does not exist
  位置：256
### The error may exist in com/chinacreator/gzcm/runtime/audit/mapper/AuditRetryMapper.java (best guess)
### The error may involve com.chinacreator.gzcm.runtime.audit.mapper.AuditRetryMapper.listDue-Inline
### The error occurred while setting parameters
### SQL: SELECT id, event_type AS eventType, payload, attempts, next_retry_at AS nextRetryAt, last_error AS lastError, status, trace_id AS traceId, create_time AS createTime, update_time AS updateTime, version_no AS versionNo, is_deleted AS isDeleted, domain FROM public.ecos_runtime_audit_retry WHERE is_deleted = 0 AND status = 'pending' AND next_retry_at <= ? ORDER BY next_retry_at ASC LIMIT ?
### Cause: org.postgresql.util.PSQLException: ERROR: relation "public.ecos_runtime_audit_retry" does not exist
  位置：256
; bad SQL grammar []
2026-10-10 10:10:01.868 [scheduling-1] [] WARN  c.c.g.runtime.audit.AuditRetryTask - [AuditRetry] 到期行拉取失败（表缺失/DB 不可用）errType=BadSqlGrammarException msg=
### Error querying database.  Cause: org.postgresql.util.PSQLException: ERROR: relation "public.ecos_runtime_audit_retry" does not exist
  位置：256
### The error may exist in com/chinacreator/gzcm/runtime/audit/mapper/AuditRetryMapper.java (best guess)
### The error may involve com.chinacreator.gzcm.runtime.audit.mapper.AuditRetryMapper.listDue-Inline
### The error occurred while setting parameters
### SQL: SELECT id, event_type AS eventType, payload, attempts, next_retry_at AS nextRetryAt, last_error AS lastError, status, trace_id AS traceId, create_time AS createTime, update_time AS updateTime, version_no AS versionNo, is_deleted AS isDeleted, domain FROM public.ecos_runtime_audit_retry WHERE is_deleted = 0 AND status = 'pending' AND next_retry_at <= ? ORDER BY next_retry_at ASC LIMIT ?
### Cause: org.postgresql.util.PSQLException: ERROR: relation "public.ecos_runtime_audit_retry" does not exist
  位置：256
; bad SQL grammar []
2026-10-10 10:11:01.876 [scheduling-1] [] WARN  c.c.g.runtime.audit.AuditRetryTask - [AuditRetry] 到期行拉取失败（表缺失/DB 不可用）errType=BadSqlGrammarException msg=
### Error querying database.  Cause: org.postgresql.util.PSQLException: ERROR: relation "public.ecos_runtime_audit_retry" does not exist
  位置：256
### The error may exist in com/chinacreator/gzcm/runtime/audit/mapper/AuditRetryMapper.java (best guess)
### The error may involve com.chinacreator.gzcm.runtime.audit.mapper.AuditRetryMapper.listDue-Inline
### The error occurred while setting parameters
### SQL: SELECT id, event_type AS eventType, payload, attempts, next_retry_at AS nextRetryAt, last_error AS lastError, status, trace_id AS traceId, create_time AS createTime, update_time AS updateTime, version_no AS versionNo, is_deleted AS isDeleted, domain FROM public.ecos_runtime_audit_retry WHERE is_deleted = 0 AND status = 'pending' AND next_retry_at <= ? ORDER BY next_retry_at ASC LIMIT ?
### Cause: org.postgresql.util.PSQLException: ERROR: relation "public.ecos_runtime_audit_retry" does not exist
  位置：256
; bad SQL grammar []
2026-10-10 10:12:01.895 [scheduling-1] [] WARN  c.c.g.runtime.audit.AuditRetryTask - [AuditRetry] 到期行拉取失败（表缺失/DB 不可用）errType=BadSqlGrammarException msg=
### Error querying database.  Cause: org.postgresql.util.PSQLException: ERROR: relation "public.ecos_runtime_audit_retry" does not exist
  位置：256
### The error may exist in com/chinacreator/gzcm/runtime/audit/mapper/AuditRetryMapper.java (best guess)
### The error may involve com.chinacreator.gzcm.runtime.audit.mapper.AuditRetryMapper.listDue-Inline
### The error occurred while setting parameters
### SQL: SELECT id, event_type AS eventType, payload, attempts, next_retry_at AS nextRetryAt, last_error AS lastError, status, trace_id AS traceId, create_time AS createTime, update_time AS updateTime, version_no AS versionNo, is_deleted AS isDeleted, domain FROM public.ecos_runtime_audit_retry WHERE is_deleted = 0 AND status = 'pending' AND next_retry_at <= ? ORDER BY next_retry_at ASC LIMIT ?
### Cause: org.postgresql.util.PSQLException: ERROR: relation "public.ecos_runtime_audit_retry" does not exist
  位置：256
; bad SQL grammar []
2026-10-10 10:13:01.900 [scheduling-1] [] WARN  c.c.g.runtime.audit.AuditRetryTask - [AuditRetry] 到期行拉取失败（表缺失/DB 不可用）errType=BadSqlGrammarException msg=
### Error querying database.  Cause: org.postgresql.util.PSQLException: ERROR: relation "public.ecos_runtime_audit_retry" does not exist
  位置：256
### The error may exist in com/chinacreator/gzcm/runtime/audit/mapper/AuditRetryMapper.java (best guess)
### The error may involve com.chinacreator.gzcm.runtime.audit.mapper.AuditRetryMapper.listDue-Inline
### The error occurred while setting parameters
### SQL: SELECT id, event_type AS eventType, payload, attempts, next_retry_at AS nextRetryAt, last_error AS lastError, status, trace_id AS traceId, create_time AS createTime, update_time AS updateTime, version_no AS versionNo, is_deleted AS isDeleted, domain FROM public.ecos_runtime_audit_retry WHERE is_deleted = 0 AND status = 'pending' AND next_retry_at <= ? ORDER BY next_retry_at ASC LIMIT ?
### Cause: org.postgresql.util.PSQLException: ERROR: relation "public.ecos_runtime_audit_retry" does not exist
  位置：256
; bad SQL grammar []
2026-10-10 10:13:29.543 [scheduling-1] [] WARN  c.c.gzcm.runtime.dlq.DltLagChecker - [DltLagChecker] AdminClient 创建失败 errType=KafkaException msg=Failed to create new KafkaAdminClient
2026-10-10 10:13:29.554 [scheduling-1] [] WARN  c.c.gzcm.runtime.dlq.DltLagChecker - [DltLagChecker] AdminClient 不可用（bootstrap=localhost:9092），本轮降级跳过
2026-10-10 10:14:01.928 [scheduling-1] [] WARN  c.c.g.runtime.audit.AuditRetryTask - [AuditRetry] 到期行拉取失败（表缺失/DB 不可用）errType=BadSqlGrammarException msg=
### Error querying database.  Cause: org.postgresql.util.PSQLException: ERROR: relation "public.ecos_runtime_audit_retry" does not exist
  位置：256
### The error may exist in com/chinacreator/gzcm/runtime/audit/mapper/AuditRetryMapper.java (best guess)
### The error may involve com.chinacreator.gzcm.runtime.audit.mapper.AuditRetryMapper.listDue-Inline
### The error occurred while setting parameters
### SQL: SELECT id, event_type AS eventType, payload, attempts, next_retry_at AS nextRetryAt, last_error AS lastError, status, trace_id AS traceId, create_time AS createTime, update_time AS updateTime, version_no AS versionNo, is_deleted AS isDeleted, domain FROM public.ecos_runtime_audit_retry WHERE is_deleted = 0 AND status = 'pending' AND next_retry_at <= ? ORDER BY next_retry_at ASC LIMIT ?
### Cause: org.postgresql.util.PSQLException: ERROR: relation "public.ecos_runtime_audit_retry" does not exist
  位置：256
; bad SQL grammar []
2026-10-10 10:15:01.934 [scheduling-1] [] WARN  c.c.g.runtime.audit.AuditRetryTask - [AuditRetry] 到期行拉取失败（表缺失/DB 不可用）errType=BadSqlGrammarException msg=
### Error querying database.  Cause: org.postgresql.util.PSQLException: ERROR: relation "public.ecos_runtime_audit_retry" does not exist
  位置：256
### The error may exist in com/chinacreator/gzcm/runtime/audit/mapper/AuditRetryMapper.java (best guess)
### The error may involve com.chinacreator.gzcm.runtime.audit.mapper.AuditRetryMapper.listDue-Inline
### The error occurred while setting parameters
### SQL: SELECT id, event_type AS eventType, payload, attempts, next_retry_at AS nextRetryAt, last_error AS lastError, status, trace_id AS traceId, create_time AS createTime, update_time AS updateTime, version_no AS versionNo, is_deleted AS isDeleted, domain FROM public.ecos_runtime_audit_retry WHERE is_deleted = 0 AND status = 'pending' AND next_retry_at <= ? ORDER BY next_retry_at ASC LIMIT ?
### Cause: org.postgresql.util.PSQLException: ERROR: relation "public.ecos_runtime_audit_retry" does not exist
  位置：256
; bad SQL grammar []
2026-10-10 10:16:01.946 [scheduling-1] [] WARN  c.c.g.runtime.audit.AuditRetryTask - [AuditRetry] 到期行拉取失败（表缺失/DB 不可用）errType=BadSqlGrammarException msg=
### Error querying database.  Cause: org.postgresql.util.PSQLException: ERROR: relation "public.ecos_runtime_audit_retry" does not exist
  位置：256
### The error may exist in com/chinacreator/gzcm/runtime/audit/mapper/AuditRetryMapper.java (best guess)
### The error may involve com.chinacreator.gzcm.runtime.audit.mapper.AuditRetryMapper.listDue-Inline
### The error occurred while setting parameters
### SQL: SELECT id, event_type AS eventType, payload, attempts, next_retry_at AS nextRetryAt, last_error AS lastError, status, trace_id AS traceId, create_time AS createTime, update_time AS updateTime, version_no AS versionNo, is_deleted AS isDeleted, domain FROM public.ecos_runtime_audit_retry WHERE is_deleted = 0 AND status = 'pending' AND next_retry_at <= ? ORDER BY next_retry_at ASC LIMIT ?
### Cause: org.postgresql.util.PSQLException: ERROR: relation "public.ecos_runtime_audit_retry" does not exist
  位置：256
; bad SQL grammar []
2026-10-10 10:17:01.959 [scheduling-1] [] WARN  c.c.g.runtime.audit.AuditRetryTask - [AuditRetry] 到期行拉取失败（表缺失/DB 不可用）errType=BadSqlGrammarException msg=
### Error querying database.  Cause: org.postgresql.util.PSQLException: ERROR: relation "public.ecos_runtime_audit_retry" does not exist
  位置：256
### The error may exist in com/chinacreator/gzcm/runtime/audit/mapper/AuditRetryMapper.java (best guess)
### The error may involve com.chinacreator.gzcm.runtime.audit.mapper.AuditRetryMapper.listDue-Inline
### The error occurred while setting parameters
### SQL: SELECT id, event_type AS eventType, payload, attempts, next_retry_at AS nextRetryAt, last_error AS lastError, status, trace_id AS traceId, create_time AS createTime, update_time AS updateTime, version_no AS versionNo, is_deleted AS isDeleted, domain FROM public.ecos_runtime_audit_retry WHERE is_deleted = 0 AND status = 'pending' AND next_retry_at <= ? ORDER BY next_retry_at ASC LIMIT ?
### Cause: org.postgresql.util.PSQLException: ERROR: relation "public.ecos_runtime_audit_retry" does not exist
  位置：256
; bad SQL grammar []
2026-10-10 10:18:01.971 [scheduling-1] [] WARN  c.c.g.runtime.audit.AuditRetryTask - [AuditRetry] 到期行拉取失败（表缺失/DB 不可用）errType=BadSqlGrammarException msg=
### Error querying database.  Cause: org.postgresql.util.PSQLException: ERROR: relation "public.ecos_runtime_audit_retry" does not exist
  位置：256
### The error may exist in com/chinacreator/gzcm/runtime/audit/mapper/AuditRetryMapper.java (best guess)
### The error may involve com.chinacreator.gzcm.runtime.audit.mapper.AuditRetryMapper.listDue-Inline
### The error occurred while setting parameters
### SQL: SELECT id, event_type AS eventType, payload, attempts, next_retry_at AS nextRetryAt, last_error AS lastError, status, trace_id AS traceId, create_time AS createTime, update_time AS updateTime, version_no AS versionNo, is_deleted AS isDeleted, domain FROM public.ecos_runtime_audit_retry WHERE is_deleted = 0 AND status = 'pending' AND next_retry_at <= ? ORDER BY next_retry_at ASC LIMIT ?
### Cause: org.postgresql.util.PSQLException: ERROR: relation "public.ecos_runtime_audit_retry" does not exist
  位置：256
; bad SQL grammar []
2026-10-10 10:18:29.572 [scheduling-1] [] WARN  c.c.gzcm.runtime.dlq.DltLagChecker - [DltLagChecker] AdminClient 创建失败 errType=KafkaException msg=Failed to create new KafkaAdminClient
2026-10-10 10:18:29.582 [scheduling-1] [] WARN  c.c.gzcm.runtime.dlq.DltLagChecker - [DltLagChecker] AdminClient 不可用（bootstrap=localhost:9092），本轮降级跳过
2026-10-10 10:19:01.990 [scheduling-1] [] WARN  c.c.g.runtime.audit.AuditRetryTask - [AuditRetry] 到期行拉取失败（表缺失/DB 不可用）errType=BadSqlGrammarException msg=
### Error querying database.  Cause: org.postgresql.util.PSQLException: ERROR: relation "public.ecos_runtime_audit_retry" does not exist
  位置：256
### The error may exist in com/chinacreator/gzcm/runtime/audit/mapper/AuditRetryMapper.java (best guess)
### The error may involve com.chinacreator.gzcm.runtime.audit.mapper.AuditRetryMapper.listDue-Inline
### The error occurred while setting parameters
### SQL: SELECT id, event_type AS eventType, payload, attempts, next_retry_at AS nextRetryAt, last_error AS lastError, status, trace_id AS traceId, create_time AS createTime, update_time AS updateTime, version_no AS versionNo, is_deleted AS isDeleted, domain FROM public.ecos_runtime_audit_retry WHERE is_deleted = 0 AND status = 'pending' AND next_retry_at <= ? ORDER BY next_retry_at ASC LIMIT ?
### Cause: org.postgresql.util.PSQLException: ERROR: relation "public.ecos_runtime_audit_retry" does not exist
  位置：256
; bad SQL grammar []
2026-10-10 10:20:02.019 [scheduling-1] [] WARN  c.c.g.runtime.audit.AuditRetryTask - [AuditRetry] 到期行拉取失败（表缺失/DB 不可用）errType=BadSqlGrammarException msg=
### Error querying database.  Cause: org.postgresql.util.PSQLException: ERROR: relation "public.ecos_runtime_audit_retry" does not exist
  位置：256
### The error may exist in com/chinacreator/gzcm/runtime/audit/mapper/AuditRetryMapper.java (best guess)
### The error may involve com.chinacreator.gzcm.runtime.audit.mapper.AuditRetryMapper.listDue-Inline
### The error occurred while setting parameters
### SQL: SELECT id, event_type AS eventType, payload, attempts, next_retry_at AS nextRetryAt, last_error AS lastError, status, trace_id AS traceId, create_time AS createTime, update_time AS updateTime, version_no AS versionNo, is_deleted AS isDeleted, domain FROM public.ecos_runtime_audit_retry WHERE is_deleted = 0 AND status = 'pending' AND next_retry_at <= ? ORDER BY next_retry_at ASC LIMIT ?
### Cause: org.postgresql.util.PSQLException: ERROR: relation "public.ecos_runtime_audit_retry" does not exist
  位置：256
; bad SQL grammar []
2026-10-10 10:21:02.026 [scheduling-1] [] WARN  c.c.g.runtime.audit.AuditRetryTask - [AuditRetry] 到期行拉取失败（表缺失/DB 不可用）errType=BadSqlGrammarException msg=
### Error querying database.  Cause: org.postgresql.util.PSQLException: ERROR: relation "public.ecos_runtime_audit_retry" does not exist
  位置：256
### The error may exist in com/chinacreator/gzcm/runtime/audit/mapper/AuditRetryMapper.java (best guess)
### The error may involve com.chinacreator.gzcm.runtime.audit.mapper.AuditRetryMapper.listDue-Inline
### The error occurred while setting parameters
### SQL: SELECT id, event_type AS eventType, payload, attempts, next_retry_at AS nextRetryAt, last_error AS lastError, status, trace_id AS traceId, create_time AS createTime, update_time AS updateTime, version_no AS versionNo, is_deleted AS isDeleted, domain FROM public.ecos_runtime_audit_retry WHERE is_deleted = 0 AND status = 'pending' AND next_retry_at <= ? ORDER BY next_retry_at ASC LIMIT ?
### Cause: org.postgresql.util.PSQLException: ERROR: relation "public.ecos_runtime_audit_retry" does not exist
  位置：256
; bad SQL grammar []
2026-10-10 10:22:02.043 [scheduling-1] [] WARN  c.c.g.runtime.audit.AuditRetryTask - [AuditRetry] 到期行拉取失败（表缺失/DB 不可用）errType=BadSqlGrammarException msg=
### Error querying database.  Cause: org.postgresql.util.PSQLException: ERROR: relation "public.ecos_runtime_audit_retry" does not exist
  位置：256
### The error may exist in com/chinacreator/gzcm/runtime/audit/mapper/AuditRetryMapper.java (best guess)
### The error may involve com.chinacreator.gzcm.runtime.audit.mapper.AuditRetryMapper.listDue-Inline
### The error occurred while setting parameters
### SQL: SELECT id, event_type AS eventType, payload, attempts, next_retry_at AS nextRetryAt, last_error AS lastError, status, trace_id AS traceId, create_time AS createTime, update_time AS updateTime, version_no AS versionNo, is_deleted AS isDeleted, domain FROM public.ecos_runtime_audit_retry WHERE is_deleted = 0 AND status = 'pending' AND next_retry_at <= ? ORDER BY next_retry_at ASC LIMIT ?
### Cause: org.postgresql.util.PSQLException: ERROR: relation "public.ecos_runtime_audit_retry" does not exist
  位置：256
; bad SQL grammar []
2026-10-10 10:23:02.072 [scheduling-1] [] WARN  c.c.g.runtime.audit.AuditRetryTask - [AuditRetry] 到期行拉取失败（表缺失/DB 不可用）errType=BadSqlGrammarException msg=
### Error querying database.  Cause: org.postgresql.util.PSQLException: ERROR: relation "public.ecos_runtime_audit_retry" does not exist
  位置：256
### The error may exist in com/chinacreator/gzcm/runtime/audit/mapper/AuditRetryMapper.java (best guess)
### The error may involve com.chinacreator.gzcm.runtime.audit.mapper.AuditRetryMapper.listDue-Inline
### The error occurred while setting parameters
### SQL: SELECT id, event_type AS eventType, payload, attempts, next_retry_at AS nextRetryAt, last_error AS lastError, status, trace_id AS traceId, create_time AS createTime, update_time AS updateTime, version_no AS versionNo, is_deleted AS isDeleted, domain FROM public.ecos_runtime_audit_retry WHERE is_deleted = 0 AND status = 'pending' AND next_retry_at <= ? ORDER BY next_retry_at ASC LIMIT ?
### Cause: org.postgresql.util.PSQLException: ERROR: relation "public.ecos_runtime_audit_retry" does not exist
  位置：256
; bad SQL grammar []
2026-10-10 10:23:29.597 [scheduling-1] [] WARN  c.c.gzcm.runtime.dlq.DltLagChecker - [DltLagChecker] AdminClient 创建失败 errType=KafkaException msg=Failed to create new KafkaAdminClient
2026-10-10 10:23:29.607 [scheduling-1] [] WARN  c.c.gzcm.runtime.dlq.DltLagChecker - [DltLagChecker] AdminClient 不可用（bootstrap=localhost:9092），本轮降级跳过
2026-10-10 10:24:02.082 [scheduling-1] [] WARN  c.c.g.runtime.audit.AuditRetryTask - [AuditRetry] 到期行拉取失败（表缺失/DB 不可用）errType=BadSqlGrammarException msg=
### Error querying database.  Cause: org.postgresql.util.PSQLException: ERROR: relation "public.ecos_runtime_audit_retry" does not exist
  位置：256
### The error may exist in com/chinacreator/gzcm/runtime/audit/mapper/AuditRetryMapper.java (best guess)
### The error may involve com.chinacreator.gzcm.runtime.audit.mapper.AuditRetryMapper.listDue-Inline
### The error occurred while setting parameters
### SQL: SELECT id, event_type AS eventType, payload, attempts, next_retry_at AS nextRetryAt, last_error AS lastError, status, trace_id AS traceId, create_time AS createTime, update_time AS updateTime, version_no AS versionNo, is_deleted AS isDeleted, domain FROM public.ecos_runtime_audit_retry WHERE is_deleted = 0 AND status = 'pending' AND next_retry_at <= ? ORDER BY next_retry_at ASC LIMIT ?
### Cause: org.postgresql.util.PSQLException: ERROR: relation "public.ecos_runtime_audit_retry" does not exist
  位置：256
; bad SQL grammar []
2026-10-10 10:25:02.089 [scheduling-1] [] WARN  c.c.g.runtime.audit.AuditRetryTask - [AuditRetry] 到期行拉取失败（表缺失/DB 不可用）errType=BadSqlGrammarException msg=
### Error querying database.  Cause: org.postgresql.util.PSQLException: ERROR: relation "public.ecos_runtime_audit_retry" does not exist
  位置：256
### The error may exist in com/chinacreator/gzcm/runtime/audit/mapper/AuditRetryMapper.java (best guess)
### The error may involve com.chinacreator.gzcm.runtime.audit.mapper.AuditRetryMapper.listDue-Inline
### The error occurred while setting parameters
### SQL: SELECT id, event_type AS eventType, payload, attempts, next_retry_at AS nextRetryAt, last_error AS lastError, status, trace_id AS traceId, create_time AS createTime, update_time AS updateTime, version_no AS versionNo, is_deleted AS isDeleted, domain FROM public.ecos_runtime_audit_retry WHERE is_deleted = 0 AND status = 'pending' AND next_retry_at <= ? ORDER BY next_retry_at ASC LIMIT ?
### Cause: org.postgresql.util.PSQLException: ERROR: relation "public.ecos_runtime_audit_retry" does not exist
  位置：256
; bad SQL grammar []
2026-10-10 10:26:02.110 [scheduling-1] [] WARN  c.c.g.runtime.audit.AuditRetryTask - [AuditRetry] 到期行拉取失败（表缺失/DB 不可用）errType=BadSqlGrammarException msg=
### Error querying database.  Cause: org.postgresql.util.PSQLException: ERROR: relation "public.ecos_runtime_audit_retry" does not exist
  位置：256
### The error may exist in com/chinacreator/gzcm/runtime/audit/mapper/AuditRetryMapper.java (best guess)
### The error may involve com.chinacreator.gzcm.runtime.audit.mapper.AuditRetryMapper.listDue-Inline
### The error occurred while setting parameters
### SQL: SELECT id, event_type AS eventType, payload, attempts, next_retry_at AS nextRetryAt, last_error AS lastError, status, trace_id AS traceId, create_time AS createTime, update_time AS updateTime, version_no AS versionNo, is_deleted AS isDeleted, domain FROM public.ecos_runtime_audit_retry WHERE is_deleted = 0 AND status = 'pending' AND next_retry_at <= ? ORDER BY next_retry_at ASC LIMIT ?
### Cause: org.postgresql.util.PSQLException: ERROR: relation "public.ecos_runtime_audit_retry" does not exist
  位置：256
; bad SQL grammar []
2026-10-10 10:27:02.116 [scheduling-1] [] WARN  c.c.g.runtime.audit.AuditRetryTask - [AuditRetry] 到期行拉取失败（表缺失/DB 不可用）errType=BadSqlGrammarException msg=
### Error querying database.  Cause: org.postgresql.util.PSQLException: ERROR: relation "public.ecos_runtime_audit_retry" does not exist
  位置：256
### The error may exist in com/chinacreator/gzcm/runtime/audit/mapper/AuditRetryMapper.java (best guess)
### The error may involve com.chinacreator.gzcm.runtime.audit.mapper.AuditRetryMapper.listDue-Inline
### The error occurred while setting parameters
### SQL: SELECT id, event_type AS eventType, payload, attempts, next_retry_at AS nextRetryAt, last_error AS lastError, status, trace_id AS traceId, create_time AS createTime, update_time AS updateTime, version_no AS versionNo, is_deleted AS isDeleted, domain FROM public.ecos_runtime_audit_retry WHERE is_deleted = 0 AND status = 'pending' AND next_retry_at <= ? ORDER BY next_retry_at ASC LIMIT ?
### Cause: org.postgresql.util.PSQLException: ERROR: relation "public.ecos_runtime_audit_retry" does not exist
  位置：256
; bad SQL grammar []
2026-10-10 10:28:02.132 [scheduling-1] [] WARN  c.c.g.runtime.audit.AuditRetryTask - [AuditRetry] 到期行拉取失败（表缺失/DB 不可用）errType=BadSqlGrammarException msg=
### Error querying database.  Cause: org.postgresql.util.PSQLException: ERROR: relation "public.ecos_runtime_audit_retry" does not exist
  位置：256
### The error may exist in com/chinacreator/gzcm/runtime/audit/mapper/AuditRetryMapper.java (best guess)
### The error may involve com.chinacreator.gzcm.runtime.audit.mapper.AuditRetryMapper.listDue-Inline
### The error occurred while setting parameters
### SQL: SELECT id, event_type AS eventType, payload, attempts, next_retry_at AS nextRetryAt, last_error AS lastError, status, trace_id AS traceId, create_time AS createTime, update_time AS updateTime, version_no AS versionNo, is_deleted AS isDeleted, domain FROM public.ecos_runtime_audit_retry WHERE is_deleted = 0 AND status = 'pending' AND next_retry_at <= ? ORDER BY next_retry_at ASC LIMIT ?
### Cause: org.postgresql.util.PSQLException: ERROR: relation "public.ecos_runtime_audit_retry" does not exist
  位置：256
; bad SQL grammar []
2026-10-10 10:28:29.627 [scheduling-1] [] WARN  c.c.gzcm.runtime.dlq.DltLagChecker - [DltLagChecker] AdminClient 创建失败 errType=KafkaException msg=Failed to create new KafkaAdminClient
2026-10-10 10:28:29.636 [scheduling-1] [] WARN  c.c.gzcm.runtime.dlq.DltLagChecker - [DltLagChecker] AdminClient 不可用（bootstrap=localhost:9092），本轮降级跳过
2026-10-10 10:29:02.152 [scheduling-1] [] WARN  c.c.g.runtime.audit.AuditRetryTask - [AuditRetry] 到期行拉取失败（表缺失/DB 不可用）errType=BadSqlGrammarException msg=
### Error querying database.  Cause: org.postgresql.util.PSQLException: ERROR: relation "public.ecos_runtime_audit_retry" does not exist
  位置：256
### The error may exist in com/chinacreator/gzcm/runtime/audit/mapper/AuditRetryMapper.java (best guess)
### The error may involve com.chinacreator.gzcm.runtime.audit.mapper.AuditRetryMapper.listDue-Inline
### The error occurred while setting parameters
### SQL: SELECT id, event_type AS eventType, payload, attempts, next_retry_at AS nextRetryAt, last_error AS lastError, status, trace_id AS traceId, create_time AS createTime, update_time AS updateTime, version_no AS versionNo, is_deleted AS isDeleted, domain FROM public.ecos_runtime_audit_retry WHERE is_deleted = 0 AND status = 'pending' AND next_retry_at <= ? ORDER BY next_retry_at ASC LIMIT ?
### Cause: org.postgresql.util.PSQLException: ERROR: relation "public.ecos_runtime_audit_retry" does not exist
  位置：256
; bad SQL grammar []
2026-10-10 10:30:02.181 [scheduling-1] [] WARN  c.c.g.runtime.audit.AuditRetryTask - [AuditRetry] 到期行拉取失败（表缺失/DB 不可用）errType=BadSqlGrammarException msg=
### Error querying database.  Cause: org.postgresql.util.PSQLException: ERROR: relation "public.ecos_runtime_audit_retry" does not exist
  位置：256
### The error may exist in com/chinacreator/gzcm/runtime/audit/mapper/AuditRetryMapper.java (best guess)
### The error may involve com.chinacreator.gzcm.runtime.audit.mapper.AuditRetryMapper.listDue-Inline
### The error occurred while setting parameters
### SQL: SELECT id, event_type AS eventType, payload, attempts, next_retry_at AS nextRetryAt, last_error AS lastError, status, trace_id AS traceId, create_time AS createTime, update_time AS updateTime, version_no AS versionNo, is_deleted AS isDeleted, domain FROM public.ecos_runtime_audit_retry WHERE is_deleted = 0 AND status = 'pending' AND next_retry_at <= ? ORDER BY next_retry_at ASC LIMIT ?
### Cause: org.postgresql.util.PSQLException: ERROR: relation "public.ecos_runtime_audit_retry" does not exist
  位置：256
; bad SQL grammar []
2026-10-10 10:31:02.205 [scheduling-1] [] WARN  c.c.g.runtime.audit.AuditRetryTask - [AuditRetry] 到期行拉取失败（表缺失/DB 不可用）errType=BadSqlGrammarException msg=
### Error querying database.  Cause: org.postgresql.util.PSQLException: ERROR: relation "public.ecos_runtime_audit_retry" does not exist
  位置：256
### The error may exist in com/chinacreator/gzcm/runtime/audit/mapper/AuditRetryMapper.java (best guess)
### The error may involve com.chinacreator.gzcm.runtime.audit.mapper.AuditRetryMapper.listDue-Inline
### The error occurred while setting parameters
### SQL: SELECT id, event_type AS eventType, payload, attempts, next_retry_at AS nextRetryAt, last_error AS lastError, status, trace_id AS traceId, create_time AS createTime, update_time AS updateTime, version_no AS versionNo, is_deleted AS isDeleted, domain FROM public.ecos_runtime_audit_retry WHERE is_deleted = 0 AND status = 'pending' AND next_retry_at <= ? ORDER BY next_retry_at ASC LIMIT ?
### Cause: org.postgresql.util.PSQLException: ERROR: relation "public.ecos_runtime_audit_retry" does not exist
  位置：256
; bad SQL grammar []
2026-10-10 10:32:02.220 [scheduling-1] [] WARN  c.c.g.runtime.audit.AuditRetryTask - [AuditRetry] 到期行拉取失败（表缺失/DB 不可用）errType=BadSqlGrammarException msg=
### Error querying database.  Cause: org.postgresql.util.PSQLException: ERROR: relation "public.ecos_runtime_audit_retry" does not exist
  位置：256
### The error may exist in com/chinacreator/gzcm/runtime/audit/mapper/AuditRetryMapper.java (best guess)
### The error may involve com.chinacreator.gzcm.runtime.audit.mapper.AuditRetryMapper.listDue-Inline
### The error occurred while setting parameters
### SQL: SELECT id, event_type AS eventType, payload, attempts, next_retry_at AS nextRetryAt, last_error AS lastError, status, trace_id AS traceId, create_time AS createTime, update_time AS updateTime, version_no AS versionNo, is_deleted AS isDeleted, domain FROM public.ecos_runtime_audit_retry WHERE is_deleted = 0 AND status = 'pending' AND next_retry_at <= ? ORDER BY next_retry_at ASC LIMIT ?
### Cause: org.postgresql.util.PSQLException: ERROR: relation "public.ecos_runtime_audit_retry" does not exist
  位置：256
; bad SQL grammar []
2026-10-10 10:33:02.232 [scheduling-1] [] WARN  c.c.g.runtime.audit.AuditRetryTask - [AuditRetry] 到期行拉取失败（表缺失/DB 不可用）errType=BadSqlGrammarException msg=
### Error querying database.  Cause: org.postgresql.util.PSQLException: ERROR: relation "public.ecos_runtime_audit_retry" does not exist
  位置：256
### The error may exist in com/chinacreator/gzcm/runtime/audit/mapper/AuditRetryMapper.java (best guess)
### The error may involve com.chinacreator.gzcm.runtime.audit.mapper.AuditRetryMapper.listDue-Inline
### The error occurred while setting parameters
### SQL: SELECT id, event_type AS eventType, payload, attempts, next_retry_at AS nextRetryAt, last_error AS lastError, status, trace_id AS traceId, create_time AS createTime, update_time AS updateTime, version_no AS versionNo, is_deleted AS isDeleted, domain FROM public.ecos_runtime_audit_retry WHERE is_deleted = 0 AND status = 'pending' AND next_retry_at <= ? ORDER BY next_retry_at ASC LIMIT ?
### Cause: org.postgresql.util.PSQLException: ERROR: relation "public.ecos_runtime_audit_retry" does not exist
  位置：256
; bad SQL grammar []
2026-10-10 10:33:29.657 [scheduling-1] [] WARN  c.c.gzcm.runtime.dlq.DltLagChecker - [DltLagChecker] AdminClient 创建失败 errType=KafkaException msg=Failed to create new KafkaAdminClient
2026-10-10 10:33:29.667 [scheduling-1] [] WARN  c.c.gzcm.runtime.dlq.DltLagChecker - [DltLagChecker] AdminClient 不可用（bootstrap=localhost:9092），本轮降级跳过
2026-10-10 10:34:02.242 [scheduling-1] [] WARN  c.c.g.runtime.audit.AuditRetryTask - [AuditRetry] 到期行拉取失败（表缺失/DB 不可用）errType=BadSqlGrammarException msg=
### Error querying database.  Cause: org.postgresql.util.PSQLException: ERROR: relation "public.ecos_runtime_audit_retry" does not exist
  位置：256
### The error may exist in com/chinacreator/gzcm/runtime/audit/mapper/AuditRetryMapper.java (best guess)
### The error may involve com.chinacreator.gzcm.runtime.audit.mapper.AuditRetryMapper.listDue-Inline
### The error occurred while setting parameters
### SQL: SELECT id, event_type AS eventType, payload, attempts, next_retry_at AS nextRetryAt, last_error AS lastError, status, trace_id AS traceId, create_time AS createTime, update_time AS updateTime, version_no AS versionNo, is_deleted AS isDeleted, domain FROM public.ecos_runtime_audit_retry WHERE is_deleted = 0 AND status = 'pending' AND next_retry_at <= ? ORDER BY next_retry_at ASC LIMIT ?
### Cause: org.postgresql.util.PSQLException: ERROR: relation "public.ecos_runtime_audit_retry" does not exist
  位置：256
; bad SQL grammar []
2026-10-10 10:35:02.268 [scheduling-1] [] WARN  c.c.g.runtime.audit.AuditRetryTask - [AuditRetry] 到期行拉取失败（表缺失/DB 不可用）errType=BadSqlGrammarException msg=
### Error querying database.  Cause: org.postgresql.util.PSQLException: ERROR: relation "public.ecos_runtime_audit_retry" does not exist
  位置：256
### The error may exist in com/chinacreator/gzcm/runtime/audit/mapper/AuditRetryMapper.java (best guess)
### The error may involve com.chinacreator.gzcm.runtime.audit.mapper.AuditRetryMapper.listDue-Inline
### The error occurred while setting parameters
### SQL: SELECT id, event_type AS eventType, payload, attempts, next_retry_at AS nextRetryAt, last_error AS lastError, status, trace_id AS traceId, create_time AS createTime, update_time AS updateTime, version_no AS versionNo, is_deleted AS isDeleted, domain FROM public.ecos_runtime_audit_retry WHERE is_deleted = 0 AND status = 'pending' AND next_retry_at <= ? ORDER BY next_retry_at ASC LIMIT ?
### Cause: org.postgresql.util.PSQLException: ERROR: relation "public.ecos_runtime_audit_retry" does not exist
  位置：256
; bad SQL grammar []
2026-10-10 10:36:02.296 [scheduling-1] [] WARN  c.c.g.runtime.audit.AuditRetryTask - [AuditRetry] 到期行拉取失败（表缺失/DB 不可用）errType=BadSqlGrammarException msg=
### Error querying database.  Cause: org.postgresql.util.PSQLException: ERROR: relation "public.ecos_runtime_audit_retry" does not exist
  位置：256
### The error may exist in com/chinacreator/gzcm/runtime/audit/mapper/AuditRetryMapper.java (best guess)
### The error may involve com.chinacreator.gzcm.runtime.audit.mapper.AuditRetryMapper.listDue-Inline
### The error occurred while setting parameters
### SQL: SELECT id, event_type AS eventType, payload, attempts, next_retry_at AS nextRetryAt, last_error AS lastError, status, trace_id AS traceId, create_time AS createTime, update_time AS updateTime, version_no AS versionNo, is_deleted AS isDeleted, domain FROM public.ecos_runtime_audit_retry WHERE is_deleted = 0 AND status = 'pending' AND next_retry_at <= ? ORDER BY next_retry_at ASC LIMIT ?
### Cause: org.postgresql.util.PSQLException: ERROR: relation "public.ecos_runtime_audit_retry" does not exist
  位置：256
; bad SQL grammar []
2026-10-10 10:37:02.323 [scheduling-1] [] WARN  c.c.g.runtime.audit.AuditRetryTask - [AuditRetry] 到期行拉取失败（表缺失/DB 不可用）errType=BadSqlGrammarException msg=
### Error querying database.  Cause: org.postgresql.util.PSQLException: ERROR: relation "public.ecos_runtime_audit_retry" does not exist
  位置：256
### The error may exist in com/chinacreator/gzcm/runtime/audit/mapper/AuditRetryMapper.java (best guess)
### The error may involve com.chinacreator.gzcm.runtime.audit.mapper.AuditRetryMapper.listDue-Inline
### The error occurred while setting parameters
### SQL: SELECT id, event_type AS eventType, payload, attempts, next_retry_at AS nextRetryAt, last_error AS lastError, status, trace_id AS traceId, create_time AS createTime, update_time AS updateTime, version_no AS versionNo, is_deleted AS isDeleted, domain FROM public.ecos_runtime_audit_retry WHERE is_deleted = 0 AND status = 'pending' AND next_retry_at <= ? ORDER BY next_retry_at ASC LIMIT ?
### Cause: org.postgresql.util.PSQLException: ERROR: relation "public.ecos_runtime_audit_retry" does not exist
  位置：256
; bad SQL grammar []
2026-10-10 10:38:02.331 [scheduling-1] [] WARN  c.c.g.runtime.audit.AuditRetryTask - [AuditRetry] 到期行拉取失败（表缺失/DB 不可用）errType=BadSqlGrammarException msg=
### Error querying database.  Cause: org.postgresql.util.PSQLException: ERROR: relation "public.ecos_runtime_audit_retry" does not exist
  位置：256
### The error may exist in com/chinacreator/gzcm/runtime/audit/mapper/AuditRetryMapper.java (best guess)
### The error may involve com.chinacreator.gzcm.runtime.audit.mapper.AuditRetryMapper.listDue-Inline
### The error occurred while setting parameters
### SQL: SELECT id, event_type AS eventType, payload, attempts, next_retry_at AS nextRetryAt, last_error AS lastError, status, trace_id AS traceId, create_time AS createTime, update_time AS updateTime, version_no AS versionNo, is_deleted AS isDeleted, domain FROM public.ecos_runtime_audit_retry WHERE is_deleted = 0 AND status = 'pending' AND next_retry_at <= ? ORDER BY next_retry_at ASC LIMIT ?
### Cause: org.postgresql.util.PSQLException: ERROR: relation "public.ecos_runtime_audit_retry" does not exist
  位置：256
; bad SQL grammar []
2026-10-10 10:38:29.690 [scheduling-1] [] WARN  c.c.gzcm.runtime.dlq.DltLagChecker - [DltLagChecker] AdminClient 创建失败 errType=KafkaException msg=Failed to create new KafkaAdminClient
2026-10-10 10:38:29.691 [scheduling-1] [] WARN  c.c.gzcm.runtime.dlq.DltLagChecker - [DltLagChecker] AdminClient 不可用（bootstrap=localhost:9092），本轮降级跳过
2026-10-10 10:39:02.361 [scheduling-1] [] WARN  c.c.g.runtime.audit.AuditRetryTask - [AuditRetry] 到期行拉取失败（表缺失/DB 不可用）errType=BadSqlGrammarException msg=
### Error querying database.  Cause: org.postgresql.util.PSQLException: ERROR: relation "public.ecos_runtime_audit_retry" does not exist
  位置：256
### The error may exist in com/chinacreator/gzcm/runtime/audit/mapper/AuditRetryMapper.java (best guess)
### The error may involve com.chinacreator.gzcm.runtime.audit.mapper.AuditRetryMapper.listDue-Inline
### The error occurred while setting parameters
### SQL: SELECT id, event_type AS eventType, payload, attempts, next_retry_at AS nextRetryAt, last_error AS lastError, status, trace_id AS traceId, create_time AS createTime, update_time AS updateTime, version_no AS versionNo, is_deleted AS isDeleted, domain FROM public.ecos_runtime_audit_retry WHERE is_deleted = 0 AND status = 'pending' AND next_retry_at <= ? ORDER BY next_retry_at ASC LIMIT ?
### Cause: org.postgresql.util.PSQLException: ERROR: relation "public.ecos_runtime_audit_retry" does not exist
  位置：256
; bad SQL grammar []
2026-10-10 10:40:02.373 [scheduling-1] [] WARN  c.c.g.runtime.audit.AuditRetryTask - [AuditRetry] 到期行拉取失败（表缺失/DB 不可用）errType=BadSqlGrammarException msg=
### Error querying database.  Cause: org.postgresql.util.PSQLException: ERROR: relation "public.ecos_runtime_audit_retry" does not exist
  位置：256
### The error may exist in com/chinacreator/gzcm/runtime/audit/mapper/AuditRetryMapper.java (best guess)
### The error may involve com.chinacreator.gzcm.runtime.audit.mapper.AuditRetryMapper.listDue-Inline
### The error occurred while setting parameters
### SQL: SELECT id, event_type AS eventType, payload, attempts, next_retry_at AS nextRetryAt, last_error AS lastError, status, trace_id AS traceId, create_time AS createTime, update_time AS updateTime, version_no AS versionNo, is_deleted AS isDeleted, domain FROM public.ecos_runtime_audit_retry WHERE is_deleted = 0 AND status = 'pending' AND next_retry_at <= ? ORDER BY next_retry_at ASC LIMIT ?
### Cause: org.postgresql.util.PSQLException: ERROR: relation "public.ecos_runtime_audit_retry" does not exist
  位置：256
; bad SQL grammar []
2026-10-10 10:41:02.390 [scheduling-1] [] WARN  c.c.g.runtime.audit.AuditRetryTask - [AuditRetry] 到期行拉取失败（表缺失/DB 不可用）errType=BadSqlGrammarException msg=
### Error querying database.  Cause: org.postgresql.util.PSQLException: ERROR: relation "public.ecos_runtime_audit_retry" does not exist
  位置：256
### The error may exist in com/chinacreator/gzcm/runtime/audit/mapper/AuditRetryMapper.java (best guess)
### The error may involve com.chinacreator.gzcm.runtime.audit.mapper.AuditRetryMapper.listDue-Inline
### The error occurred while setting parameters
### SQL: SELECT id, event_type AS eventType, payload, attempts, next_retry_at AS nextRetryAt, last_error AS lastError, status, trace_id AS traceId, create_time AS createTime, update_time AS updateTime, version_no AS versionNo, is_deleted AS isDeleted, domain FROM public.ecos_runtime_audit_retry WHERE is_deleted = 0 AND status = 'pending' AND next_retry_at <= ? ORDER BY next_retry_at ASC LIMIT ?
### Cause: org.postgresql.util.PSQLException: ERROR: relation "public.ecos_runtime_audit_retry" does not exist
  位置：256
; bad SQL grammar []
2026-10-10 10:42:02.394 [scheduling-1] [] WARN  c.c.g.runtime.audit.AuditRetryTask - [AuditRetry] 到期行拉取失败（表缺失/DB 不可用）errType=BadSqlGrammarException msg=
### Error querying database.  Cause: org.postgresql.util.PSQLException: ERROR: relation "public.ecos_runtime_audit_retry" does not exist
  位置：256
### The error may exist in com/chinacreator/gzcm/runtime/audit/mapper/AuditRetryMapper.java (best guess)
### The error may involve com.chinacreator.gzcm.runtime.audit.mapper.AuditRetryMapper.listDue-Inline
### The error occurred while setting parameters
### SQL: SELECT id, event_type AS eventType, payload, attempts, next_retry_at AS nextRetryAt, last_error AS lastError, status, trace_id AS traceId, create_time AS createTime, update_time AS updateTime, version_no AS versionNo, is_deleted AS isDeleted, domain FROM public.ecos_runtime_audit_retry WHERE is_deleted = 0 AND status = 'pending' AND next_retry_at <= ? ORDER BY next_retry_at ASC LIMIT ?
### Cause: org.postgresql.util.PSQLException: ERROR: relation "public.ecos_runtime_audit_retry" does not exist
  位置：256
; bad SQL grammar []
2026-10-10 10:43:02.416 [scheduling-1] [] WARN  c.c.g.runtime.audit.AuditRetryTask - [AuditRetry] 到期行拉取失败（表缺失/DB 不可用）errType=BadSqlGrammarException msg=
### Error querying database.  Cause: org.postgresql.util.PSQLException: ERROR: relation "public.ecos_runtime_audit_retry" does not exist
  位置：256
### The error may exist in com/chinacreator/gzcm/runtime/audit/mapper/AuditRetryMapper.java (best guess)
### The error may involve com.chinacreator.gzcm.runtime.audit.mapper.AuditRetryMapper.listDue-Inline
### The error occurred while setting parameters
### SQL: SELECT id, event_type AS eventType, payload, attempts, next_retry_at AS nextRetryAt, last_error AS lastError, status, trace_id AS traceId, create_time AS createTime, update_time AS updateTime, version_no AS versionNo, is_deleted AS isDeleted, domain FROM public.ecos_runtime_audit_retry WHERE is_deleted = 0 AND status = 'pending' AND next_retry_at <= ? ORDER BY next_retry_at ASC LIMIT ?
### Cause: org.postgresql.util.PSQLException: ERROR: relation "public.ecos_runtime_audit_retry" does not exist
  位置：256
; bad SQL grammar []
2026-10-10 10:43:29.711 [scheduling-1] [] WARN  c.c.gzcm.runtime.dlq.DltLagChecker - [DltLagChecker] AdminClient 创建失败 errType=KafkaException msg=Failed to create new KafkaAdminClient
2026-10-10 10:43:29.714 [scheduling-1] [] WARN  c.c.gzcm.runtime.dlq.DltLagChecker - [DltLagChecker] AdminClient 不可用（bootstrap=localhost:9092），本轮降级跳过
2026-10-10 10:44:02.427 [scheduling-1] [] WARN  c.c.g.runtime.audit.AuditRetryTask - [AuditRetry] 到期行拉取失败（表缺失/DB 不可用）errType=BadSqlGrammarException msg=
### Error querying database.  Cause: org.postgresql.util.PSQLException: ERROR: relation "public.ecos_runtime_audit_retry" does not exist
  位置：256
### The error may exist in com/chinacreator/gzcm/runtime/audit/mapper/AuditRetryMapper.java (best guess)
### The error may involve com.chinacreator.gzcm.runtime.audit.mapper.AuditRetryMapper.listDue-Inline
### The error occurred while setting parameters
### SQL: SELECT id, event_type AS eventType, payload, attempts, next_retry_at AS nextRetryAt, last_error AS lastError, status, trace_id AS traceId, create_time AS createTime, update_time AS updateTime, version_no AS versionNo, is_deleted AS isDeleted, domain FROM public.ecos_runtime_audit_retry WHERE is_deleted = 0 AND status = 'pending' AND next_retry_at <= ? ORDER BY next_retry_at ASC LIMIT ?
### Cause: org.postgresql.util.PSQLException: ERROR: relation "public.ecos_runtime_audit_retry" does not exist
  位置：256
; bad SQL grammar []
2026-10-10 10:45:02.441 [scheduling-1] [] WARN  c.c.g.runtime.audit.AuditRetryTask - [AuditRetry] 到期行拉取失败（表缺失/DB 不可用）errType=BadSqlGrammarException msg=
### Error querying database.  Cause: org.postgresql.util.PSQLException: ERROR: relation "public.ecos_runtime_audit_retry" does not exist
  位置：256
### The error may exist in com/chinacreator/gzcm/runtime/audit/mapper/AuditRetryMapper.java (best guess)
### The error may involve com.chinacreator.gzcm.runtime.audit.mapper.AuditRetryMapper.listDue-Inline
### The error occurred while setting parameters
### SQL: SELECT id, event_type AS eventType, payload, attempts, next_retry_at AS nextRetryAt, last_error AS lastError, status, trace_id AS traceId, create_time AS createTime, update_time AS updateTime, version_no AS versionNo, is_deleted AS isDeleted, domain FROM public.ecos_runtime_audit_retry WHERE is_deleted = 0 AND status = 'pending' AND next_retry_at <= ? ORDER BY next_retry_at ASC LIMIT ?
### Cause: org.postgresql.util.PSQLException: ERROR: relation "public.ecos_runtime_audit_retry" does not exist
  位置：256
; bad SQL grammar []
2026-10-10 10:46:02.461 [scheduling-1] [] WARN  c.c.g.runtime.audit.AuditRetryTask - [AuditRetry] 到期行拉取失败（表缺失/DB 不可用）errType=BadSqlGrammarException msg=
### Error querying database.  Cause: org.postgresql.util.PSQLException: ERROR: relation "public.ecos_runtime_audit_retry" does not exist
  位置：256
### The error may exist in com/chinacreator/gzcm/runtime/audit/mapper/AuditRetryMapper.java (best guess)
### The error may involve com.chinacreator.gzcm.runtime.audit.mapper.AuditRetryMapper.listDue-Inline
### The error occurred while setting parameters
### SQL: SELECT id, event_type AS eventType, payload, attempts, next_retry_at AS nextRetryAt, last_error AS lastError, status, trace_id AS traceId, create_time AS createTime, update_time AS updateTime, version_no AS versionNo, is_deleted AS isDeleted, domain FROM public.ecos_runtime_audit_retry WHERE is_deleted = 0 AND status = 'pending' AND next_retry_at <= ? ORDER BY next_retry_at ASC LIMIT ?
### Cause: org.postgresql.util.PSQLException: ERROR: relation "public.ecos_runtime_audit_retry" does not exist
  位置：256
; bad SQL grammar []
2026-10-10 10:47:02.482 [scheduling-1] [] WARN  c.c.g.runtime.audit.AuditRetryTask - [AuditRetry] 到期行拉取失败（表缺失/DB 不可用）errType=BadSqlGrammarException msg=
### Error querying database.  Cause: org.postgresql.util.PSQLException: ERROR: relation "public.ecos_runtime_audit_retry" does not exist
  位置：256
### The error may exist in com/chinacreator/gzcm/runtime/audit/mapper/AuditRetryMapper.java (best guess)
### The error may involve com.chinacreator.gzcm.runtime.audit.mapper.AuditRetryMapper.listDue-Inline
### The error occurred while setting parameters
### SQL: SELECT id, event_type AS eventType, payload, attempts, next_retry_at AS nextRetryAt, last_error AS lastError, status, trace_id AS traceId, create_time AS createTime, update_time AS updateTime, version_no AS versionNo, is_deleted AS isDeleted, domain FROM public.ecos_runtime_audit_retry WHERE is_deleted = 0 AND status = 'pending' AND next_retry_at <= ? ORDER BY next_retry_at ASC LIMIT ?
### Cause: org.postgresql.util.PSQLException: ERROR: relation "public.ecos_runtime_audit_retry" does not exist
  位置：256
; bad SQL grammar []
2026-10-10 10:48:02.507 [scheduling-1] [] WARN  c.c.g.runtime.audit.AuditRetryTask - [AuditRetry] 到期行拉取失败（表缺失/DB 不可用）errType=BadSqlGrammarException msg=
### Error querying database.  Cause: org.postgresql.util.PSQLException: ERROR: relation "public.ecos_runtime_audit_retry" does not exist
  位置：256
### The error may exist in com/chinacreator/gzcm/runtime/audit/mapper/AuditRetryMapper.java (best guess)
### The error may involve com.chinacreator.gzcm.runtime.audit.mapper.AuditRetryMapper.listDue-Inline
### The error occurred while setting parameters
### SQL: SELECT id, event_type AS eventType, payload, attempts, next_retry_at AS nextRetryAt, last_error AS lastError, status, trace_id AS traceId, create_time AS createTime, update_time AS updateTime, version_no AS versionNo, is_deleted AS isDeleted, domain FROM public.ecos_runtime_audit_retry WHERE is_deleted = 0 AND status = 'pending' AND next_retry_at <= ? ORDER BY next_retry_at ASC LIMIT ?
### Cause: org.postgresql.util.PSQLException: ERROR: relation "public.ecos_runtime_audit_retry" does not exist
  位置：256
; bad SQL grammar []
2026-10-10 10:48:29.738 [scheduling-1] [] WARN  c.c.gzcm.runtime.dlq.DltLagChecker - [DltLagChecker] AdminClient 创建失败 errType=KafkaException msg=Failed to create new KafkaAdminClient
2026-10-10 10:48:29.740 [scheduling-1] [] WARN  c.c.gzcm.runtime.dlq.DltLagChecker - [DltLagChecker] AdminClient 不可用（bootstrap=localhost:9092），本轮降级跳过
2026-10-10 10:49:02.523 [scheduling-1] [] WARN  c.c.g.runtime.audit.AuditRetryTask - [AuditRetry] 到期行拉取失败（表缺失/DB 不可用）errType=BadSqlGrammarException msg=
### Error querying database.  Cause: org.postgresql.util.PSQLException: ERROR: relation "public.ecos_runtime_audit_retry" does not exist
  位置：256
### The error may exist in com/chinacreator/gzcm/runtime/audit/mapper/AuditRetryMapper.java (best guess)
### The error may involve com.chinacreator.gzcm.runtime.audit.mapper.AuditRetryMapper.listDue-Inline
### The error occurred while setting parameters
### SQL: SELECT id, event_type AS eventType, payload, attempts, next_retry_at AS nextRetryAt, last_error AS lastError, status, trace_id AS traceId, create_time AS createTime, update_time AS updateTime, version_no AS versionNo, is_deleted AS isDeleted, domain FROM public.ecos_runtime_audit_retry WHERE is_deleted = 0 AND status = 'pending' AND next_retry_at <= ? ORDER BY next_retry_at ASC LIMIT ?
### Cause: org.postgresql.util.PSQLException: ERROR: relation "public.ecos_runtime_audit_retry" does not exist
  位置：256
; bad SQL grammar []
2026-10-10 10:49:37.558 [http-nio-18083-exec-6] [] WARN  c.c.g.s.s.JwtAuthenticationFilter - 回查租户失败 userId=u001: PreparedStatementCallback; bad SQL grammar [SELECT "TENANT_ID" FROM TD_USER WHERE "ID" = ?]（按默认 DENY 口径交上层 403）
2026-10-10 10:49:37.559 [http-nio-18083-exec-6] [] WARN  c.c.g.s.s.JwtAuthenticationFilter - 用户未绑定租户，拒绝登录: userId=u001
2026-10-10 10:49:37.634 [http-nio-18083-exec-5] [] WARN  c.c.g.s.s.JwtAuthenticationFilter - 回查租户失败 userId=u001: PreparedStatementCallback; bad SQL grammar [SELECT "TENANT_ID" FROM TD_USER WHERE "ID" = ?]（按默认 DENY 口径交上层 403）
2026-10-10 10:49:37.636 [http-nio-18083-exec-5] [] WARN  c.c.g.s.s.JwtAuthenticationFilter - 用户未绑定租户，拒绝登录: userId=u001
2026-10-10 10:49:37.723 [http-nio-18083-exec-8] [] WARN  c.c.g.s.s.JwtAuthenticationFilter - 回查租户失败 userId=u001: PreparedStatementCallback; bad SQL grammar [SELECT "TENANT_ID" FROM TD_USER WHERE "ID" = ?]（按默认 DENY 口径交上层 403）
2026-10-10 10:49:37.724 [http-nio-18083-exec-8] [] WARN  c.c.g.s.s.JwtAuthenticationFilter - 用户未绑定租户，拒绝登录: userId=u001
2026-10-10 10:49:37.755 [http-nio-18083-exec-9] [] WARN  c.c.g.s.s.JwtAuthenticationFilter - 回查租户失败 userId=u001: PreparedStatementCallback; bad SQL grammar [SELECT "TENANT_ID" FROM TD_USER WHERE "ID" = ?]（按默认 DENY 口径交上层 403）
2026-10-10 10:49:37.756 [http-nio-18083-exec-9] [] WARN  c.c.g.s.s.JwtAuthenticationFilter - 用户未绑定租户，拒绝登录: userId=u001
2026-10-10 10:49:37.776 [http-nio-18083-exec-10] [] WARN  c.c.g.s.s.JwtAuthenticationFilter - 回查租户失败 userId=u001: PreparedStatementCallback; bad SQL grammar [SELECT "TENANT_ID" FROM TD_USER WHERE "ID" = ?]（按默认 DENY 口径交上层 403）
2026-10-10 10:49:37.777 [http-nio-18083-exec-10] [] WARN  c.c.g.s.s.JwtAuthenticationFilter - 用户未绑定租户，拒绝登录: userId=u001
2026-10-10 10:49:37.808 [http-nio-18083-exec-1] [] WARN  c.c.g.s.s.JwtAuthenticationFilter - 回查租户失败 userId=u001: PreparedStatementCallback; bad SQL grammar [SELECT "TENANT_ID" FROM TD_USER WHERE "ID" = ?]（按默认 DENY 口径交上层 403）
2026-10-10 10:49:37.810 [http-nio-18083-exec-1] [] WARN  c.c.g.s.s.JwtAuthenticationFilter - 用户未绑定租户，拒绝登录: userId=u001
2026-10-10 10:49:37.820 [http-nio-18083-exec-3] [] WARN  c.c.g.s.s.JwtAuthenticationFilter - 回查租户失败 userId=u001: PreparedStatementCallback; bad SQL grammar [SELECT "TENANT_ID" FROM TD_USER WHERE "ID" = ?]（按默认 DENY 口径交上层 403）
2026-10-10 10:49:37.820 [http-nio-18083-exec-3] [] WARN  c.c.g.s.s.JwtAuthenticationFilter - 用户未绑定租户，拒绝登录: userId=u001
2026-10-10 10:49:37.854 [http-nio-18083-exec-2] [] WARN  c.c.g.s.s.JwtAuthenticationFilter - 回查租户失败 userId=u001: PreparedStatementCallback; bad SQL grammar [SELECT "TENANT_ID" FROM TD_USER WHERE "ID" = ?]（按默认 DENY 口径交上层 403）
2026-10-10 10:49:37.856 [http-nio-18083-exec-2] [] WARN  c.c.g.s.s.JwtAuthenticationFilter - 用户未绑定租户，拒绝登录: userId=u001
2026-10-10 10:49:37.860 [http-nio-18083-exec-4] [] WARN  c.c.g.s.s.JwtAuthenticationFilter - 回查租户失败 userId=u001: PreparedStatementCallback; bad SQL grammar [SELECT "TENANT_ID" FROM TD_USER WHERE "ID" = ?]（按默认 DENY 口径交上层 403）
2026-10-10 10:49:37.862 [http-nio-18083-exec-4] [] WARN  c.c.g.s.s.JwtAuthenticationFilter - 用户未绑定租户，拒绝登录: userId=u001
2026-10-10 10:49:37.896 [http-nio-18083-exec-7] [] WARN  c.c.g.s.s.JwtAuthenticationFilter - 回查租户失败 userId=u001: PreparedStatementCallback; bad SQL grammar [SELECT "TENANT_ID" FROM TD_USER WHERE "ID" = ?]（按默认 DENY 口径交上层 403）
2026-10-10 10:49:37.897 [http-nio-18083-exec-7] [] WARN  c.c.g.s.s.JwtAuthenticationFilter - 用户未绑定租户，拒绝登录: userId=u001
2026-10-10 10:50:02.534 [scheduling-1] [] WARN  c.c.g.runtime.audit.AuditRetryTask - [AuditRetry] 到期行拉取失败（表缺失/DB 不可用）errType=BadSqlGrammarException msg=
### Error querying database.  Cause: org.postgresql.util.PSQLException: ERROR: relation "public.ecos_runtime_audit_retry" does not exist
  位置：256
### The error may exist in com/chinacreator/gzcm/runtime/audit/mapper/AuditRetryMapper.java (best guess)
### The error may involve com.chinacreator.gzcm.runtime.audit.mapper.AuditRetryMapper.listDue-Inline
### The error occurred while setting parameters
### SQL: SELECT id, event_type AS eventType, payload, attempts, next_retry_at AS nextRetryAt, last_error AS lastError, status, trace_id AS traceId, create_time AS createTime, update_time AS updateTime, version_no AS versionNo, is_deleted AS isDeleted, domain FROM public.ecos_runtime_audit_retry WHERE is_deleted = 0 AND status = 'pending' AND next_retry_at <= ? ORDER BY next_retry_at ASC LIMIT ?
### Cause: org.postgresql.util.PSQLException: ERROR: relation "public.ecos_runtime_audit_retry" does not exist
  位置：256
; bad SQL grammar []
2026-10-10 10:51:02.546 [scheduling-1] [] WARN  c.c.g.runtime.audit.AuditRetryTask - [AuditRetry] 到期行拉取失败（表缺失/DB 不可用）errType=BadSqlGrammarException msg=
### Error querying database.  Cause: org.postgresql.util.PSQLException: ERROR: relation "public.ecos_runtime_audit_retry" does not exist
  位置：256
### The error may exist in com/chinacreator/gzcm/runtime/audit/mapper/AuditRetryMapper.java (best guess)
### The error may involve com.chinacreator.gzcm.runtime.audit.mapper.AuditRetryMapper.listDue-Inline
### The error occurred while setting parameters
### SQL: SELECT id, event_type AS eventType, payload, attempts, next_retry_at AS nextRetryAt, last_error AS lastError, status, trace_id AS traceId, create_time AS createTime, update_time AS updateTime, version_no AS versionNo, is_deleted AS isDeleted, domain FROM public.ecos_runtime_audit_retry WHERE is_deleted = 0 AND status = 'pending' AND next_retry_at <= ? ORDER BY next_retry_at ASC LIMIT ?
### Cause: org.postgresql.util.PSQLException: ERROR: relation "public.ecos_runtime_audit_retry" does not exist
  位置：256
; bad SQL grammar []
2026-10-10 10:52:02.557 [scheduling-1] [] WARN  c.c.g.runtime.audit.AuditRetryTask - [AuditRetry] 到期行拉取失败（表缺失/DB 不可用）errType=BadSqlGrammarException msg=
### Error querying database.  Cause: org.postgresql.util.PSQLException: ERROR: relation "public.ecos_runtime_audit_retry" does not exist
  位置：256
### The error may exist in com/chinacreator/gzcm/runtime/audit/mapper/AuditRetryMapper.java (best guess)
### The error may involve com.chinacreator.gzcm.runtime.audit.mapper.AuditRetryMapper.listDue-Inline
### The error occurred while setting parameters
### SQL: SELECT id, event_type AS eventType, payload, attempts, next_retry_at AS nextRetryAt, last_error AS lastError, status, trace_id AS traceId, create_time AS createTime, update_time AS updateTime, version_no AS versionNo, is_deleted AS isDeleted, domain FROM public.ecos_runtime_audit_retry WHERE is_deleted = 0 AND status = 'pending' AND next_retry_at <= ? ORDER BY next_retry_at ASC LIMIT ?
### Cause: org.postgresql.util.PSQLException: ERROR: relation "public.ecos_runtime_audit_retry" does not exist
  位置：256
; bad SQL grammar []
2026-10-10 10:53:02.566 [scheduling-1] [] WARN  c.c.g.runtime.audit.AuditRetryTask - [AuditRetry] 到期行拉取失败（表缺失/DB 不可用）errType=BadSqlGrammarException msg=
### Error querying database.  Cause: org.postgresql.util.PSQLException: ERROR: relation "public.ecos_runtime_audit_retry" does not exist
  位置：256
### The error may exist in com/chinacreator/gzcm/runtime/audit/mapper/AuditRetryMapper.java (best guess)
### The error may involve com.chinacreator.gzcm.runtime.audit.mapper.AuditRetryMapper.listDue-Inline
### The error occurred while setting parameters
### SQL: SELECT id, event_type AS eventType, payload, attempts, next_retry_at AS nextRetryAt, last_error AS lastError, status, trace_id AS traceId, create_time AS createTime, update_time AS updateTime, version_no AS versionNo, is_deleted AS isDeleted, domain FROM public.ecos_runtime_audit_retry WHERE is_deleted = 0 AND status = 'pending' AND next_retry_at <= ? ORDER BY next_retry_at ASC LIMIT ?
### Cause: org.postgresql.util.PSQLException: ERROR: relation "public.ecos_runtime_audit_retry" does not exist
  位置：256
; bad SQL grammar []
2026-10-10 10:53:29.771 [scheduling-1] [] WARN  c.c.gzcm.runtime.dlq.DltLagChecker - [DltLagChecker] AdminClient 创建失败 errType=KafkaException msg=Failed to create new KafkaAdminClient
2026-10-10 10:53:29.782 [scheduling-1] [] WARN  c.c.gzcm.runtime.dlq.DltLagChecker - [DltLagChecker] AdminClient 不可用（bootstrap=localhost:9092），本轮降级跳过
2026-10-10 10:54:02.597 [scheduling-1] [] WARN  c.c.g.runtime.audit.AuditRetryTask - [AuditRetry] 到期行拉取失败（表缺失/DB 不可用）errType=BadSqlGrammarException msg=
### Error querying database.  Cause: org.postgresql.util.PSQLException: ERROR: relation "public.ecos_runtime_audit_retry" does not exist
  位置：256
### The error may exist in com/chinacreator/gzcm/runtime/audit/mapper/AuditRetryMapper.java (best guess)
### The error may involve com.chinacreator.gzcm.runtime.audit.mapper.AuditRetryMapper.listDue-Inline
### The error occurred while setting parameters
### SQL: SELECT id, event_type AS eventType, payload, attempts, next_retry_at AS nextRetryAt, last_error AS lastError, status, trace_id AS traceId, create_time AS createTime, update_time AS updateTime, version_no AS versionNo, is_deleted AS isDeleted, domain FROM public.ecos_runtime_audit_retry WHERE is_deleted = 0 AND status = 'pending' AND next_retry_at <= ? ORDER BY next_retry_at ASC LIMIT ?
### Cause: org.postgresql.util.PSQLException: ERROR: relation "public.ecos_runtime_audit_retry" does not exist
  位置：256
; bad SQL grammar []
2026-10-10 10:54:31.659 [http-nio-18083-exec-6] [] WARN  c.c.g.s.s.JwtAuthenticationFilter - 回查租户失败 userId=u001: PreparedStatementCallback; bad SQL grammar [SELECT "TENANT_ID" FROM TD_USER WHERE "ID" = ?]（按默认 DENY 口径交上层 403）
2026-10-10 10:54:31.661 [http-nio-18083-exec-6] [] WARN  c.c.g.s.s.JwtAuthenticationFilter - 用户未绑定租户，拒绝登录: userId=u001
2026-10-10 10:54:31.723 [http-nio-18083-exec-5] [] WARN  c.c.g.s.s.JwtAuthenticationFilter - 回查租户失败 userId=u001: PreparedStatementCallback; bad SQL grammar [SELECT "TENANT_ID" FROM TD_USER WHERE "ID" = ?]（按默认 DENY 口径交上层 403）
2026-10-10 10:54:31.725 [http-nio-18083-exec-5] [] WARN  c.c.g.s.s.JwtAuthenticationFilter - 用户未绑定租户，拒绝登录: userId=u001
2026-10-10 10:54:31.850 [http-nio-18083-exec-8] [] WARN  c.c.g.s.s.JwtAuthenticationFilter - 回查租户失败 userId=u001: PreparedStatementCallback; bad SQL grammar [SELECT "TENANT_ID" FROM TD_USER WHERE "ID" = ?]（按默认 DENY 口径交上层 403）
2026-10-10 10:54:31.851 [http-nio-18083-exec-8] [] WARN  c.c.g.s.s.JwtAuthenticationFilter - 用户未绑定租户，拒绝登录: userId=u001
2026-10-10 10:54:31.898 [http-nio-18083-exec-9] [] WARN  c.c.g.s.s.JwtAuthenticationFilter - 回查租户失败 userId=u001: PreparedStatementCallback; bad SQL grammar [SELECT "TENANT_ID" FROM TD_USER WHERE "ID" = ?]（按默认 DENY 口径交上层 403）
2026-10-10 10:54:31.899 [http-nio-18083-exec-9] [] WARN  c.c.g.s.s.JwtAuthenticationFilter - 用户未绑定租户，拒绝登录: userId=u001
2026-10-10 10:54:31.915 [http-nio-18083-exec-10] [] WARN  c.c.g.s.s.JwtAuthenticationFilter - 回查租户失败 userId=u001: PreparedStatementCallback; bad SQL grammar [SELECT "TENANT_ID" FROM TD_USER WHERE "ID" = ?]（按默认 DENY 口径交上层 403）
2026-10-10 10:54:31.916 [http-nio-18083-exec-10] [] WARN  c.c.g.s.s.JwtAuthenticationFilter - 用户未绑定租户，拒绝登录: userId=u001
2026-10-10 10:54:31.969 [http-nio-18083-exec-1] [] WARN  c.c.g.s.s.JwtAuthenticationFilter - 回查租户失败 userId=u001: PreparedStatementCallback; bad SQL grammar [SELECT "TENANT_ID" FROM TD_USER WHERE "ID" = ?]（按默认 DENY 口径交上层 403）
2026-10-10 10:54:31.971 [http-nio-18083-exec-1] [] WARN  c.c.g.s.s.JwtAuthenticationFilter - 用户未绑定租户，拒绝登录: userId=u001
2026-10-10 10:55:02.615 [scheduling-1] [] WARN  c.c.g.runtime.audit.AuditRetryTask - [AuditRetry] 到期行拉取失败（表缺失/DB 不可用）errType=BadSqlGrammarException msg=
### Error querying database.  Cause: org.postgresql.util.PSQLException: ERROR: relation "public.ecos_runtime_audit_retry" does not exist
  位置：256
### The error may exist in com/chinacreator/gzcm/runtime/audit/mapper/AuditRetryMapper.java (best guess)
### The error may involve com.chinacreator.gzcm.runtime.audit.mapper.AuditRetryMapper.listDue-Inline
### The error occurred while setting parameters
### SQL: SELECT id, event_type AS eventType, payload, attempts, next_retry_at AS nextRetryAt, last_error AS lastError, status, trace_id AS traceId, create_time AS createTime, update_time AS updateTime, version_no AS versionNo, is_deleted AS isDeleted, domain FROM public.ecos_runtime_audit_retry WHERE is_deleted = 0 AND status = 'pending' AND next_retry_at <= ? ORDER BY next_retry_at ASC LIMIT ?
### Cause: org.postgresql.util.PSQLException: ERROR: relation "public.ecos_runtime_audit_retry" does not exist
  位置：256
; bad SQL grammar []
2026-10-10 10:56:02.623 [scheduling-1] [] WARN  c.c.g.runtime.audit.AuditRetryTask - [AuditRetry] 到期行拉取失败（表缺失/DB 不可用）errType=BadSqlGrammarException msg=
### Error querying database.  Cause: org.postgresql.util.PSQLException: ERROR: relation "public.ecos_runtime_audit_retry" does not exist
  位置：256
### The error may exist in com/chinacreator/gzcm/runtime/audit/mapper/AuditRetryMapper.java (best guess)
### The error may involve com.chinacreator.gzcm.runtime.audit.mapper.AuditRetryMapper.listDue-Inline
### The error occurred while setting parameters
### SQL: SELECT id, event_type AS eventType, payload, attempts, next_retry_at AS nextRetryAt, last_error AS lastError, status, trace_id AS traceId, create_time AS createTime, update_time AS updateTime, version_no AS versionNo, is_deleted AS isDeleted, domain FROM public.ecos_runtime_audit_retry WHERE is_deleted = 0 AND status = 'pending' AND next_retry_at <= ? ORDER BY next_retry_at ASC LIMIT ?
### Cause: org.postgresql.util.PSQLException: ERROR: relation "public.ecos_runtime_audit_retry" does not exist
  位置：256
; bad SQL grammar []
2026-10-10 10:57:02.637 [scheduling-1] [] WARN  c.c.g.runtime.audit.AuditRetryTask - [AuditRetry] 到期行拉取失败（表缺失/DB 不可用）errType=BadSqlGrammarException msg=
### Error querying database.  Cause: org.postgresql.util.PSQLException: ERROR: relation "public.ecos_runtime_audit_retry" does not exist
  位置：256
### The error may exist in com/chinacreator/gzcm/runtime/audit/mapper/AuditRetryMapper.java (best guess)
### The error may involve com.chinacreator.gzcm.runtime.audit.mapper.AuditRetryMapper.listDue-Inline
### The error occurred while setting parameters
### SQL: SELECT id, event_type AS eventType, payload, attempts, next_retry_at AS nextRetryAt, last_error AS lastError, status, trace_id AS traceId, create_time AS createTime, update_time AS updateTime, version_no AS versionNo, is_deleted AS isDeleted, domain FROM public.ecos_runtime_audit_retry WHERE is_deleted = 0 AND status = 'pending' AND next_retry_at <= ? ORDER BY next_retry_at ASC LIMIT ?
### Cause: org.postgresql.util.PSQLException: ERROR: relation "public.ecos_runtime_audit_retry" does not exist
  位置：256
; bad SQL grammar []
2026-10-10 10:58:02.648 [scheduling-1] [] WARN  c.c.g.runtime.audit.AuditRetryTask - [AuditRetry] 到期行拉取失败（表缺失/DB 不可用）errType=BadSqlGrammarException msg=
### Error querying database.  Cause: org.postgresql.util.PSQLException: ERROR: relation "public.ecos_runtime_audit_retry" does not exist
  位置：256
### The error may exist in com/chinacreator/gzcm/runtime/audit/mapper/AuditRetryMapper.java (best guess)
### The error may involve com.chinacreator.gzcm.runtime.audit.mapper.AuditRetryMapper.listDue-Inline
### The error occurred while setting parameters
### SQL: SELECT id, event_type AS eventType, payload, attempts, next_retry_at AS nextRetryAt, last_error AS lastError, status, trace_id AS traceId, create_time AS createTime, update_time AS updateTime, version_no AS versionNo, is_deleted AS isDeleted, domain FROM public.ecos_runtime_audit_retry WHERE is_deleted = 0 AND status = 'pending' AND next_retry_at <= ? ORDER BY next_retry_at ASC LIMIT ?
### Cause: org.postgresql.util.PSQLException: ERROR: relation "public.ecos_runtime_audit_retry" does not exist
  位置：256
; bad SQL grammar []
2026-10-10 10:58:29.805 [scheduling-1] [] WARN  c.c.gzcm.runtime.dlq.DltLagChecker - [DltLagChecker] AdminClient 创建失败 errType=KafkaException msg=Failed to create new KafkaAdminClient
2026-10-10 10:58:29.815 [scheduling-1] [] WARN  c.c.gzcm.runtime.dlq.DltLagChecker - [DltLagChecker] AdminClient 不可用（bootstrap=localhost:9092），本轮降级跳过
2026-10-10 10:59:02.660 [scheduling-1] [] WARN  c.c.g.runtime.audit.AuditRetryTask - [AuditRetry] 到期行拉取失败（表缺失/DB 不可用）errType=BadSqlGrammarException msg=
### Error querying database.  Cause: org.postgresql.util.PSQLException: ERROR: relation "public.ecos_runtime_audit_retry" does not exist
  位置：256
### The error may exist in com/chinacreator/gzcm/runtime/audit/mapper/AuditRetryMapper.java (best guess)
### The error may involve com.chinacreator.gzcm.runtime.audit.mapper.AuditRetryMapper.listDue-Inline
### The error occurred while setting parameters
### SQL: SELECT id, event_type AS eventType, payload, attempts, next_retry_at AS nextRetryAt, last_error AS lastError, status, trace_id AS traceId, create_time AS createTime, update_time AS updateTime, version_no AS versionNo, is_deleted AS isDeleted, domain FROM public.ecos_runtime_audit_retry WHERE is_deleted = 0 AND status = 'pending' AND next_retry_at <= ? ORDER BY next_retry_at ASC LIMIT ?
### Cause: org.postgresql.util.PSQLException: ERROR: relation "public.ecos_runtime_audit_retry" does not exist
  位置：256
; bad SQL grammar []
2026-10-10 11:00:02.669 [scheduling-1] [] WARN  c.c.g.runtime.audit.AuditRetryTask - [AuditRetry] 到期行拉取失败（表缺失/DB 不可用）errType=BadSqlGrammarException msg=
### Error querying database.  Cause: org.postgresql.util.PSQLException: ERROR: relation "public.ecos_runtime_audit_retry" does not exist
  位置：256
### The error may exist in com/chinacreator/gzcm/runtime/audit/mapper/AuditRetryMapper.java (best guess)
### The error may involve com.chinacreator.gzcm.runtime.audit.mapper.AuditRetryMapper.listDue-Inline
### The error occurred while setting parameters
### SQL: SELECT id, event_type AS eventType, payload, attempts, next_retry_at AS nextRetryAt, last_error AS lastError, status, trace_id AS traceId, create_time AS createTime, update_time AS updateTime, version_no AS versionNo, is_deleted AS isDeleted, domain FROM public.ecos_runtime_audit_retry WHERE is_deleted = 0 AND status = 'pending' AND next_retry_at <= ? ORDER BY next_retry_at ASC LIMIT ?
### Cause: org.postgresql.util.PSQLException: ERROR: relation "public.ecos_runtime_audit_retry" does not exist
  位置：256
; bad SQL grammar []
2026-10-10 11:01:02.678 [scheduling-1] [] WARN  c.c.g.runtime.audit.AuditRetryTask - [AuditRetry] 到期行拉取失败（表缺失/DB 不可用）errType=BadSqlGrammarException msg=
### Error querying database.  Cause: org.postgresql.util.PSQLException: ERROR: relation "public.ecos_runtime_audit_retry" does not exist
  位置：256
### The error may exist in com/chinacreator/gzcm/runtime/audit/mapper/AuditRetryMapper.java (best guess)
### The error may involve com.chinacreator.gzcm.runtime.audit.mapper.AuditRetryMapper.listDue-Inline
### The error occurred while setting parameters
### SQL: SELECT id, event_type AS eventType, payload, attempts, next_retry_at AS nextRetryAt, last_error AS lastError, status, trace_id AS traceId, create_time AS createTime, update_time AS updateTime, version_no AS versionNo, is_deleted AS isDeleted, domain FROM public.ecos_runtime_audit_retry WHERE is_deleted = 0 AND status = 'pending' AND next_retry_at <= ? ORDER BY next_retry_at ASC LIMIT ?
### Cause: org.postgresql.util.PSQLException: ERROR: relation "public.ecos_runtime_audit_retry" does not exist
  位置：256
; bad SQL grammar []
2026-10-10 11:02:02.696 [scheduling-1] [] WARN  c.c.g.runtime.audit.AuditRetryTask - [AuditRetry] 到期行拉取失败（表缺失/DB 不可用）errType=BadSqlGrammarException msg=
### Error querying database.  Cause: org.postgresql.util.PSQLException: ERROR: relation "public.ecos_runtime_audit_retry" does not exist
  位置：256
### The error may exist in com/chinacreator/gzcm/runtime/audit/mapper/AuditRetryMapper.java (best guess)
### The error may involve com.chinacreator.gzcm.runtime.audit.mapper.AuditRetryMapper.listDue-Inline
### The error occurred while setting parameters
### SQL: SELECT id, event_type AS eventType, payload, attempts, next_retry_at AS nextRetryAt, last_error AS lastError, status, trace_id AS traceId, create_time AS createTime, update_time AS updateTime, version_no AS versionNo, is_deleted AS isDeleted, domain FROM public.ecos_runtime_audit_retry WHERE is_deleted = 0 AND status = 'pending' AND next_retry_at <= ? ORDER BY next_retry_at ASC LIMIT ?
### Cause: org.postgresql.util.PSQLException: ERROR: relation "public.ecos_runtime_audit_retry" does not exist
  位置：256
; bad SQL grammar []
2026-10-10 11:03:02.708 [scheduling-1] [] WARN  c.c.g.runtime.audit.AuditRetryTask - [AuditRetry] 到期行拉取失败（表缺失/DB 不可用）errType=BadSqlGrammarException msg=
### Error querying database.  Cause: org.postgresql.util.PSQLException: ERROR: relation "public.ecos_runtime_audit_retry" does not exist
  位置：256
### The error may exist in com/chinacreator/gzcm/runtime/audit/mapper/AuditRetryMapper.java (best guess)
### The error may involve com.chinacreator.gzcm.runtime.audit.mapper.AuditRetryMapper.listDue-Inline
### The error occurred while setting parameters
### SQL: SELECT id, event_type AS eventType, payload, attempts, next_retry_at AS nextRetryAt, last_error AS lastError, status, trace_id AS traceId, create_time AS createTime, update_time AS updateTime, version_no AS versionNo, is_deleted AS isDeleted, domain FROM public.ecos_runtime_audit_retry WHERE is_deleted = 0 AND status = 'pending' AND next_retry_at <= ? ORDER BY next_retry_at ASC LIMIT ?
### Cause: org.postgresql.util.PSQLException: ERROR: relation "public.ecos_runtime_audit_retry" does not exist
  位置：256
; bad SQL grammar []
2026-10-10 11:03:29.830 [scheduling-1] [] WARN  c.c.gzcm.runtime.dlq.DltLagChecker - [DltLagChecker] AdminClient 创建失败 errType=KafkaException msg=Failed to create new KafkaAdminClient
2026-10-10 11:03:29.832 [scheduling-1] [] WARN  c.c.gzcm.runtime.dlq.DltLagChecker - [DltLagChecker] AdminClient 不可用（bootstrap=localhost:9092），本轮降级跳过
2026-10-10 11:04:02.714 [scheduling-1] [] WARN  c.c.g.runtime.audit.AuditRetryTask - [AuditRetry] 到期行拉取失败（表缺失/DB 不可用）errType=BadSqlGrammarException msg=
### Error querying database.  Cause: org.postgresql.util.PSQLException: ERROR: relation "public.ecos_runtime_audit_retry" does not exist
  位置：256
### The error may exist in com/chinacreator/gzcm/runtime/audit/mapper/AuditRetryMapper.java (best guess)
### The error may involve com.chinacreator.gzcm.runtime.audit.mapper.AuditRetryMapper.listDue-Inline
### The error occurred while setting parameters
### SQL: SELECT id, event_type AS eventType, payload, attempts, next_retry_at AS nextRetryAt, last_error AS lastError, status, trace_id AS traceId, create_time AS createTime, update_time AS updateTime, version_no AS versionNo, is_deleted AS isDeleted, domain FROM public.ecos_runtime_audit_retry WHERE is_deleted = 0 AND status = 'pending' AND next_retry_at <= ? ORDER BY next_retry_at ASC LIMIT ?
### Cause: org.postgresql.util.PSQLException: ERROR: relation "public.ecos_runtime_audit_retry" does not exist
  位置：256
; bad SQL grammar []
2026-10-10 11:05:02.742 [scheduling-1] [] WARN  c.c.g.runtime.audit.AuditRetryTask - [AuditRetry] 到期行拉取失败（表缺失/DB 不可用）errType=BadSqlGrammarException msg=
### Error querying database.  Cause: org.postgresql.util.PSQLException: ERROR: relation "public.ecos_runtime_audit_retry" does not exist
  位置：256
### The error may exist in com/chinacreator/gzcm/runtime/audit/mapper/AuditRetryMapper.java (best guess)
### The error may involve com.chinacreator.gzcm.runtime.audit.mapper.AuditRetryMapper.listDue-Inline
### The error occurred while setting parameters
### SQL: SELECT id, event_type AS eventType, payload, attempts, next_retry_at AS nextRetryAt, last_error AS lastError, status, trace_id AS traceId, create_time AS createTime, update_time AS updateTime, version_no AS versionNo, is_deleted AS isDeleted, domain FROM public.ecos_runtime_audit_retry WHERE is_deleted = 0 AND status = 'pending' AND next_retry_at <= ? ORDER BY next_retry_at ASC LIMIT ?
### Cause: org.postgresql.util.PSQLException: ERROR: relation "public.ecos_runtime_audit_retry" does not exist
  位置：256
; bad SQL grammar []
2026-10-10 11:06:02.755 [scheduling-1] [] WARN  c.c.g.runtime.audit.AuditRetryTask - [AuditRetry] 到期行拉取失败（表缺失/DB 不可用）errType=BadSqlGrammarException msg=
### Error querying database.  Cause: org.postgresql.util.PSQLException: ERROR: relation "public.ecos_runtime_audit_retry" does not exist
  位置：256
### The error may exist in com/chinacreator/gzcm/runtime/audit/mapper/AuditRetryMapper.java (best guess)
### The error may involve com.chinacreator.gzcm.runtime.audit.mapper.AuditRetryMapper.listDue-Inline
### The error occurred while setting parameters
### SQL: SELECT id, event_type AS eventType, payload, attempts, next_retry_at AS nextRetryAt, last_error AS lastError, status, trace_id AS traceId, create_time AS createTime, update_time AS updateTime, version_no AS versionNo, is_deleted AS isDeleted, domain FROM public.ecos_runtime_audit_retry WHERE is_deleted = 0 AND status = 'pending' AND next_retry_at <= ? ORDER BY next_retry_at ASC LIMIT ?
### Cause: org.postgresql.util.PSQLException: ERROR: relation "public.ecos_runtime_audit_retry" does not exist
  位置：256
; bad SQL grammar []
2026-10-10 11:07:02.767 [scheduling-1] [] WARN  c.c.g.runtime.audit.AuditRetryTask - [AuditRetry] 到期行拉取失败（表缺失/DB 不可用）errType=BadSqlGrammarException msg=
### Error querying database.  Cause: org.postgresql.util.PSQLException: ERROR: relation "public.ecos_runtime_audit_retry" does not exist
  位置：256
### The error may exist in com/chinacreator/gzcm/runtime/audit/mapper/AuditRetryMapper.java (best guess)
### The error may involve com.chinacreator.gzcm.runtime.audit.mapper.AuditRetryMapper.listDue-Inline
### The error occurred while setting parameters
### SQL: SELECT id, event_type AS eventType, payload, attempts, next_retry_at AS nextRetryAt, last_error AS lastError, status, trace_id AS traceId, create_time AS createTime, update_time AS updateTime, version_no AS versionNo, is_deleted AS isDeleted, domain FROM public.ecos_runtime_audit_retry WHERE is_deleted = 0 AND status = 'pending' AND next_retry_at <= ? ORDER BY next_retry_at ASC LIMIT ?
### Cause: org.postgresql.util.PSQLException: ERROR: relation "public.ecos_runtime_audit_retry" does not exist
  位置：256
; bad SQL grammar []
2026-10-10 11:08:02.785 [scheduling-1] [] WARN  c.c.g.runtime.audit.AuditRetryTask - [AuditRetry] 到期行拉取失败（表缺失/DB 不可用）errType=BadSqlGrammarException msg=
### Error querying database.  Cause: org.postgresql.util.PSQLException: ERROR: relation "public.ecos_runtime_audit_retry" does not exist
  位置：256
### The error may exist in com/chinacreator/gzcm/runtime/audit/mapper/AuditRetryMapper.java (best guess)
### The error may involve com.chinacreator.gzcm.runtime.audit.mapper.AuditRetryMapper.listDue-Inline
### The error occurred while setting parameters
### SQL: SELECT id, event_type AS eventType, payload, attempts, next_retry_at AS nextRetryAt, last_error AS lastError, status, trace_id AS traceId, create_time AS createTime, update_time AS updateTime, version_no AS versionNo, is_deleted AS isDeleted, domain FROM public.ecos_runtime_audit_retry WHERE is_deleted = 0 AND status = 'pending' AND next_retry_at <= ? ORDER BY next_retry_at ASC LIMIT ?
### Cause: org.postgresql.util.PSQLException: ERROR: relation "public.ecos_runtime_audit_retry" does not exist
  位置：256
; bad SQL grammar []
2026-10-10 11:08:29.850 [scheduling-1] [] WARN  c.c.gzcm.runtime.dlq.DltLagChecker - [DltLagChecker] AdminClient 创建失败 errType=KafkaException msg=Failed to create new KafkaAdminClient
2026-10-10 11:08:29.852 [scheduling-1] [] WARN  c.c.gzcm.runtime.dlq.DltLagChecker - [DltLagChecker] AdminClient 不可用（bootstrap=localhost:9092），本轮降级跳过
2026-10-10 11:09:02.807 [scheduling-1] [] WARN  c.c.g.runtime.audit.AuditRetryTask - [AuditRetry] 到期行拉取失败（表缺失/DB 不可用）errType=BadSqlGrammarException msg=
### Error querying database.  Cause: org.postgresql.util.PSQLException: ERROR: relation "public.ecos_runtime_audit_retry" does not exist
  位置：256
### The error may exist in com/chinacreator/gzcm/runtime/audit/mapper/AuditRetryMapper.java (best guess)
### The error may involve com.chinacreator.gzcm.runtime.audit.mapper.AuditRetryMapper.listDue-Inline
### The error occurred while setting parameters
### SQL: SELECT id, event_type AS eventType, payload, attempts, next_retry_at AS nextRetryAt, last_error AS lastError, status, trace_id AS traceId, create_time AS createTime, update_time AS updateTime, version_no AS versionNo, is_deleted AS isDeleted, domain FROM public.ecos_runtime_audit_retry WHERE is_deleted = 0 AND status = 'pending' AND next_retry_at <= ? ORDER BY next_retry_at ASC LIMIT ?
### Cause: org.postgresql.util.PSQLException: ERROR: relation "public.ecos_runtime_audit_retry" does not exist
  位置：256
; bad SQL grammar []
2026-10-10 11:10:02.840 [scheduling-1] [] WARN  c.c.g.runtime.audit.AuditRetryTask - [AuditRetry] 到期行拉取失败（表缺失/DB 不可用）errType=BadSqlGrammarException msg=
### Error querying database.  Cause: org.postgresql.util.PSQLException: ERROR: relation "public.ecos_runtime_audit_retry" does not exist
  位置：256
### The error may exist in com/chinacreator/gzcm/runtime/audit/mapper/AuditRetryMapper.java (best guess)
### The error may involve com.chinacreator.gzcm.runtime.audit.mapper.AuditRetryMapper.listDue-Inline
### The error occurred while setting parameters
### SQL: SELECT id, event_type AS eventType, payload, attempts, next_retry_at AS nextRetryAt, last_error AS lastError, status, trace_id AS traceId, create_time AS createTime, update_time AS updateTime, version_no AS versionNo, is_deleted AS isDeleted, domain FROM public.ecos_runtime_audit_retry WHERE is_deleted = 0 AND status = 'pending' AND next_retry_at <= ? ORDER BY next_retry_at ASC LIMIT ?
### Cause: org.postgresql.util.PSQLException: ERROR: relation "public.ecos_runtime_audit_retry" does not exist
  位置：256
; bad SQL grammar []
2026-10-10 11:11:02.859 [scheduling-1] [] WARN  c.c.g.runtime.audit.AuditRetryTask - [AuditRetry] 到期行拉取失败（表缺失/DB 不可用）errType=BadSqlGrammarException msg=
### Error querying database.  Cause: org.postgresql.util.PSQLException: ERROR: relation "public.ecos_runtime_audit_retry" does not exist
  位置：256
### The error may exist in com/chinacreator/gzcm/runtime/audit/mapper/AuditRetryMapper.java (best guess)
### The error may involve com.chinacreator.gzcm.runtime.audit.mapper.AuditRetryMapper.listDue-Inline
### The error occurred while setting parameters
### SQL: SELECT id, event_type AS eventType, payload, attempts, next_retry_at AS nextRetryAt, last_error AS lastError, status, trace_id AS traceId, create_time AS createTime, update_time AS updateTime, version_no AS versionNo, is_deleted AS isDeleted, domain FROM public.ecos_runtime_audit_retry WHERE is_deleted = 0 AND status = 'pending' AND next_retry_at <= ? ORDER BY next_retry_at ASC LIMIT ?
### Cause: org.postgresql.util.PSQLException: ERROR: relation "public.ecos_runtime_audit_retry" does not exist
  位置：256
; bad SQL grammar []
2026-10-10 11:12:02.887 [scheduling-1] [] WARN  c.c.g.runtime.audit.AuditRetryTask - [AuditRetry] 到期行拉取失败（表缺失/DB 不可用）errType=BadSqlGrammarException msg=
### Error querying database.  Cause: org.postgresql.util.PSQLException: ERROR: relation "public.ecos_runtime_audit_retry" does not exist
  位置：256
### The error may exist in com/chinacreator/gzcm/runtime/audit/mapper/AuditRetryMapper.java (best guess)
### The error may involve com.chinacreator.gzcm.runtime.audit.mapper.AuditRetryMapper.listDue-Inline
### The error occurred while setting parameters
### SQL: SELECT id, event_type AS eventType, payload, attempts, next_retry_at AS nextRetryAt, last_error AS lastError, status, trace_id AS traceId, create_time AS createTime, update_time AS updateTime, version_no AS versionNo, is_deleted AS isDeleted, domain FROM public.ecos_runtime_audit_retry WHERE is_deleted = 0 AND status = 'pending' AND next_retry_at <= ? ORDER BY next_retry_at ASC LIMIT ?
### Cause: org.postgresql.util.PSQLException: ERROR: relation "public.ecos_runtime_audit_retry" does not exist
  位置：256
; bad SQL grammar []
2026-10-10 11:13:02.904 [scheduling-1] [] WARN  c.c.g.runtime.audit.AuditRetryTask - [AuditRetry] 到期行拉取失败（表缺失/DB 不可用）errType=BadSqlGrammarException msg=
### Error querying database.  Cause: org.postgresql.util.PSQLException: ERROR: relation "public.ecos_runtime_audit_retry" does not exist
  位置：256
### The error may exist in com/chinacreator/gzcm/runtime/audit/mapper/AuditRetryMapper.java (best guess)
### The error may involve com.chinacreator.gzcm.runtime.audit.mapper.AuditRetryMapper.listDue-Inline
### The error occurred while setting parameters
### SQL: SELECT id, event_type AS eventType, payload, attempts, next_retry_at AS nextRetryAt, last_error AS lastError, status, trace_id AS traceId, create_time AS createTime, update_time AS updateTime, version_no AS versionNo, is_deleted AS isDeleted, domain FROM public.ecos_runtime_audit_retry WHERE is_deleted = 0 AND status = 'pending' AND next_retry_at <= ? ORDER BY next_retry_at ASC LIMIT ?
### Cause: org.postgresql.util.PSQLException: ERROR: relation "public.ecos_runtime_audit_retry" does not exist
  位置：256
; bad SQL grammar []
2026-10-10 11:13:29.880 [scheduling-1] [] WARN  c.c.gzcm.runtime.dlq.DltLagChecker - [DltLagChecker] AdminClient 创建失败 errType=KafkaException msg=Failed to create new KafkaAdminClient
2026-10-10 11:13:29.881 [scheduling-1] [] WARN  c.c.gzcm.runtime.dlq.DltLagChecker - [DltLagChecker] AdminClient 不可用（bootstrap=localhost:9092），本轮降级跳过
2026-10-10 11:14:02.920 [scheduling-1] [] WARN  c.c.g.runtime.audit.AuditRetryTask - [AuditRetry] 到期行拉取失败（表缺失/DB 不可用）errType=BadSqlGrammarException msg=
### Error querying database.  Cause: org.postgresql.util.PSQLException: ERROR: relation "public.ecos_runtime_audit_retry" does not exist
  位置：256
### The error may exist in com/chinacreator/gzcm/runtime/audit/mapper/AuditRetryMapper.java (best guess)
### The error may involve com.chinacreator.gzcm.runtime.audit.mapper.AuditRetryMapper.listDue-Inline
### The error occurred while setting parameters
### SQL: SELECT id, event_type AS eventType, payload, attempts, next_retry_at AS nextRetryAt, last_error AS lastError, status, trace_id AS traceId, create_time AS createTime, update_time AS updateTime, version_no AS versionNo, is_deleted AS isDeleted, domain FROM public.ecos_runtime_audit_retry WHERE is_deleted = 0 AND status = 'pending' AND next_retry_at <= ? ORDER BY next_retry_at ASC LIMIT ?
### Cause: org.postgresql.util.PSQLException: ERROR: relation "public.ecos_runtime_audit_retry" does not exist
  位置：256
; bad SQL grammar []
2026-10-10 11:15:02.928 [scheduling-1] [] WARN  c.c.g.runtime.audit.AuditRetryTask - [AuditRetry] 到期行拉取失败（表缺失/DB 不可用）errType=BadSqlGrammarException msg=
### Error querying database.  Cause: org.postgresql.util.PSQLException: ERROR: relation "public.ecos_runtime_audit_retry" does not exist
  位置：256
### The error may exist in com/chinacreator/gzcm/runtime/audit/mapper/AuditRetryMapper.java (best guess)
### The error may involve com.chinacreator.gzcm.runtime.audit.mapper.AuditRetryMapper.listDue-Inline
### The error occurred while setting parameters
### SQL: SELECT id, event_type AS eventType, payload, attempts, next_retry_at AS nextRetryAt, last_error AS lastError, status, trace_id AS traceId, create_time AS createTime, update_time AS updateTime, version_no AS versionNo, is_deleted AS isDeleted, domain FROM public.ecos_runtime_audit_retry WHERE is_deleted = 0 AND status = 'pending' AND next_retry_at <= ? ORDER BY next_retry_at ASC LIMIT ?
### Cause: org.postgresql.util.PSQLException: ERROR: relation "public.ecos_runtime_audit_retry" does not exist
  位置：256
; bad SQL grammar []
2026-10-10 11:16:02.946 [scheduling-1] [] WARN  c.c.g.runtime.audit.AuditRetryTask - [AuditRetry] 到期行拉取失败（表缺失/DB 不可用）errType=BadSqlGrammarException msg=
### Error querying database.  Cause: org.postgresql.util.PSQLException: ERROR: relation "public.ecos_runtime_audit_retry" does not exist
  位置：256
### The error may exist in com/chinacreator/gzcm/runtime/audit/mapper/AuditRetryMapper.java (best guess)
### The error may involve com.chinacreator.gzcm.runtime.audit.mapper.AuditRetryMapper.listDue-Inline
### The error occurred while setting parameters
### SQL: SELECT id, event_type AS eventType, payload, attempts, next_retry_at AS nextRetryAt, last_error AS lastError, status, trace_id AS traceId, create_time AS createTime, update_time AS updateTime, version_no AS versionNo, is_deleted AS isDeleted, domain FROM public.ecos_runtime_audit_retry WHERE is_deleted = 0 AND status = 'pending' AND next_retry_at <= ? ORDER BY next_retry_at ASC LIMIT ?
### Cause: org.postgresql.util.PSQLException: ERROR: relation "public.ecos_runtime_audit_retry" does not exist
  位置：256
; bad SQL grammar []
2026-10-10 11:17:02.952 [scheduling-1] [] WARN  c.c.g.runtime.audit.AuditRetryTask - [AuditRetry] 到期行拉取失败（表缺失/DB 不可用）errType=BadSqlGrammarException msg=
### Error querying database.  Cause: org.postgresql.util.PSQLException: ERROR: relation "public.ecos_runtime_audit_retry" does not exist
  位置：256
### The error may exist in com/chinacreator/gzcm/runtime/audit/mapper/AuditRetryMapper.java (best guess)
### The error may involve com.chinacreator.gzcm.runtime.audit.mapper.AuditRetryMapper.listDue-Inline
### The error occurred while setting parameters
### SQL: SELECT id, event_type AS eventType, payload, attempts, next_retry_at AS nextRetryAt, last_error AS lastError, status, trace_id AS traceId, create_time AS createTime, update_time AS updateTime, version_no AS versionNo, is_deleted AS isDeleted, domain FROM public.ecos_runtime_audit_retry WHERE is_deleted = 0 AND status = 'pending' AND next_retry_at <= ? ORDER BY next_retry_at ASC LIMIT ?
### Cause: org.postgresql.util.PSQLException: ERROR: relation "public.ecos_runtime_audit_retry" does not exist
  位置：256
; bad SQL grammar []
2026-10-10 11:18:02.974 [scheduling-1] [] WARN  c.c.g.runtime.audit.AuditRetryTask - [AuditRetry] 到期行拉取失败（表缺失/DB 不可用）errType=BadSqlGrammarException msg=
### Error querying database.  Cause: org.postgresql.util.PSQLException: ERROR: relation "public.ecos_runtime_audit_retry" does not exist
  位置：256
### The error may exist in com/chinacreator/gzcm/runtime/audit/mapper/AuditRetryMapper.java (best guess)
### The error may involve com.chinacreator.gzcm.runtime.audit.mapper.AuditRetryMapper.listDue-Inline
### The error occurred while setting parameters
### SQL: SELECT id, event_type AS eventType, payload, attempts, next_retry_at AS nextRetryAt, last_error AS lastError, status, trace_id AS traceId, create_time AS createTime, update_time AS updateTime, version_no AS versionNo, is_deleted AS isDeleted, domain FROM public.ecos_runtime_audit_retry WHERE is_deleted = 0 AND status = 'pending' AND next_retry_at <= ? ORDER BY next_retry_at ASC LIMIT ?
### Cause: org.postgresql.util.PSQLException: ERROR: relation "public.ecos_runtime_audit_retry" does not exist
  位置：256
; bad SQL grammar []
2026-10-10 11:18:29.910 [scheduling-1] [] WARN  c.c.gzcm.runtime.dlq.DltLagChecker - [DltLagChecker] AdminClient 创建失败 errType=KafkaException msg=Failed to create new KafkaAdminClient
2026-10-10 11:18:29.921 [scheduling-1] [] WARN  c.c.gzcm.runtime.dlq.DltLagChecker - [DltLagChecker] AdminClient 不可用（bootstrap=localhost:9092），本轮降级跳过
2026-10-10 11:19:02.985 [scheduling-1] [] WARN  c.c.g.runtime.audit.AuditRetryTask - [AuditRetry] 到期行拉取失败（表缺失/DB 不可用）errType=BadSqlGrammarException msg=
### Error querying database.  Cause: org.postgresql.util.PSQLException: ERROR: relation "public.ecos_runtime_audit_retry" does not exist
  位置：256
### The error may exist in com/chinacreator/gzcm/runtime/audit/mapper/AuditRetryMapper.java (best guess)
### The error may involve com.chinacreator.gzcm.runtime.audit.mapper.AuditRetryMapper.listDue-Inline
### The error occurred while setting parameters
### SQL: SELECT id, event_type AS eventType, payload, attempts, next_retry_at AS nextRetryAt, last_error AS lastError, status, trace_id AS traceId, create_time AS createTime, update_time AS updateTime, version_no AS versionNo, is_deleted AS isDeleted, domain FROM public.ecos_runtime_audit_retry WHERE is_deleted = 0 AND status = 'pending' AND next_retry_at <= ? ORDER BY next_retry_at ASC LIMIT ?
### Cause: org.postgresql.util.PSQLException: ERROR: relation "public.ecos_runtime_audit_retry" does not exist
  位置：256
; bad SQL grammar []
2026-10-10 11:20:03.002 [scheduling-1] [] WARN  c.c.g.runtime.audit.AuditRetryTask - [AuditRetry] 到期行拉取失败（表缺失/DB 不可用）errType=BadSqlGrammarException msg=
### Error querying database.  Cause: org.postgresql.util.PSQLException: ERROR: relation "public.ecos_runtime_audit_retry" does not exist
  位置：256
### The error may exist in com/chinacreator/gzcm/runtime/audit/mapper/AuditRetryMapper.java (best guess)
### The error may involve com.chinacreator.gzcm.runtime.audit.mapper.AuditRetryMapper.listDue-Inline
### The error occurred while setting parameters
### SQL: SELECT id, event_type AS eventType, payload, attempts, next_retry_at AS nextRetryAt, last_error AS lastError, status, trace_id AS traceId, create_time AS createTime, update_time AS updateTime, version_no AS versionNo, is_deleted AS isDeleted, domain FROM public.ecos_runtime_audit_retry WHERE is_deleted = 0 AND status = 'pending' AND next_retry_at <= ? ORDER BY next_retry_at ASC LIMIT ?
### Cause: org.postgresql.util.PSQLException: ERROR: relation "public.ecos_runtime_audit_retry" does not exist
  位置：256
; bad SQL grammar []
2026-10-10 11:39:31.125 [main] [] INFO  c.c.g.s.b.BuszhiServiceApplication - Starting BuszhiServiceApplication using Java 17.0.17 with PID 27568 (D:\workspace\javaprojects\ECOS\ecos_backend\services\buszhi\target\buszhi-service-1.0.0-SNAPSHOT.jar started by guoro in D:\workspace\javaprojects\ECOS)
2026-10-10 11:39:31.135 [main] [] INFO  c.c.g.s.b.BuszhiServiceApplication - The following 1 profile is active: "enterprise"
2026-10-10 11:39:38.119 [main] [] WARN  o.m.s.mapper.ClassPathMapperScanner - Skipping MapperFactoryBean with name 'alertRecordMapper' and 'com.chinacreator.gzcm.runtime.core.alert.mapper.AlertRecordMapper' mapperInterface. Bean already defined with the same name!
2026-10-10 11:39:38.132 [main] [] WARN  o.m.s.mapper.ClassPathMapperScanner - Skipping MapperFactoryBean with name 'alertRuleMapper' and 'com.chinacreator.gzcm.runtime.core.alert.mapper.AlertRuleMapper' mapperInterface. Bean already defined with the same name!
2026-10-10 11:39:38.137 [main] [] WARN  o.m.s.mapper.ClassPathMapperScanner - Skipping MapperFactoryBean with name 'IMonitorDataDao' and 'com.chinacreator.gzcm.runtime.core.monitor.monitordata.dao.IMonitorDataDao' mapperInterface. Bean already defined with the same name!
2026-10-10 11:39:38.138 [main] [] WARN  o.m.s.mapper.ClassPathMapperScanner - Skipping MapperFactoryBean with name 'IMonitorObjectDao' and 'com.chinacreator.gzcm.runtime.core.monitor.monitorobject.dao.IMonitorObjectDao' mapperInterface. Bean already defined with the same name!
2026-10-10 11:39:38.140 [main] [] WARN  o.m.s.mapper.ClassPathMapperScanner - Skipping MapperFactoryBean with name 'IMonitorObjectTargetDao' and 'com.chinacreator.gzcm.runtime.core.monitor.monitorobject.dao.IMonitorObjectTargetDao' mapperInterface. Bean already defined with the same name!
2026-10-10 11:39:38.141 [main] [] WARN  o.m.s.mapper.ClassPathMapperScanner - Skipping MapperFactoryBean with name 'IPluginDao' and 'com.chinacreator.gzcm.runtime.core.monitor.plugin.dao.IPluginDao' mapperInterface. Bean already defined with the same name!
2026-10-10 11:39:38.143 [main] [] WARN  o.m.s.mapper.ClassPathMapperScanner - Skipping MapperFactoryBean with name 'IPluginParamsDao' and 'com.chinacreator.gzcm.runtime.core.monitor.plugin.dao.IPluginParamsDao' mapperInterface. Bean already defined with the same name!
2026-10-10 11:39:38.144 [main] [] WARN  o.m.s.mapper.ClassPathMapperScanner - Skipping MapperFactoryBean with name 'IPluginTargetDao' and 'com.chinacreator.gzcm.runtime.core.monitor.plugin.dao.IPluginTargetDao' mapperInterface. Bean already defined with the same name!
2026-10-10 11:39:38.146 [main] [] WARN  o.m.s.mapper.ClassPathMapperScanner - Skipping MapperFactoryBean with name 'IMonitorWarnContactDao' and 'com.chinacreator.gzcm.runtime.core.monitor.server.warn.dao.IMonitorWarnContactDao' mapperInterface. Bean already defined with the same name!
2026-10-10 11:39:38.148 [main] [] WARN  o.m.s.mapper.ClassPathMapperScanner - Skipping MapperFactoryBean with name 'IWarnLogDao' and 'com.chinacreator.gzcm.runtime.core.monitor.server.warn.dao.IWarnLogDao' mapperInterface. Bean already defined with the same name!
2026-10-10 11:39:38.149 [main] [] WARN  o.m.s.mapper.ClassPathMapperScanner - Skipping MapperFactoryBean with name 'IStrategyDao' and 'com.chinacreator.gzcm.runtime.core.monitor.strategy.dao.IStrategyDao' mapperInterface. Bean already defined with the same name!
2026-10-10 11:39:38.190 [main] [] WARN  o.s.c.a.ConfigurationClassPostProcessor - Cannot enhance @Configuration bean definition 'myBatisConfig' since its singleton instance has been created too early. The typical cause is a non-static @Bean method with a BeanDefinitionRegistryPostProcessor return type: Consider declaring such methods as 'static' and/or marking the containing configuration class as 'proxyBeanMethods=false'.
2026-10-10 11:39:46.686 [main] [] INFO  o.s.b.w.e.tomcat.TomcatWebServer - Tomcat initialized with port 18083 (http)
2026-10-10 11:39:46.844 [main] [] INFO  o.a.coyote.http11.Http11NioProtocol - Initializing ProtocolHandler ["http-nio-18083"]
2026-10-10 11:39:46.883 [main] [] INFO  o.a.catalina.core.StandardService - Starting service [Tomcat]
2026-10-10 11:39:46.896 [main] [] INFO  o.a.catalina.core.StandardEngine - Starting Servlet engine: [Apache Tomcat/10.1.18]
2026-10-10 11:39:47.807 [main] [] INFO  o.a.c.c.C.[Tomcat].[localhost].[/] - Initializing Spring embedded WebApplicationContext
2026-10-10 11:39:47.815 [main] [] INFO  o.s.b.w.s.c.ServletWebServerApplicationContext - Root WebApplicationContext: initialization completed in 16242 ms
2026-10-10 11:39:49.410 [main] [] INFO  c.c.g.s.security.JwtTokenProvider - JwtTokenProvider initialized with RS256 keys
2026-10-10 11:39:52.665 [main] [] INFO  c.c.g.r.e.KafkaBusProducerConfig - [runtime-event] Kafka producer 装配: bootstrap=localhost:9092
2026-10-10 11:39:54.143 [main] [] INFO  c.c.g.r.e.KafkaBusConsumerConfig - [runtime-event] Kafka consumer 基参装配: bootstrap=localhost:9092, autoOffsetReset=latest
2026-10-10 11:39:54.153 [main] [] INFO  c.c.g.r.e.KafkaEventBusServiceImpl - [EventBus][KAFKA] activated — broker 在/不在都能发, 失败仅记 WARN 不阻塞主流程; groupPrefix=<per-subscription fan-out>
2026-10-10 11:39:55.437 [main] [] INFO  com.zaxxer.hikari.HikariDataSource - BuszhiHikariCP - Starting...
2026-10-10 11:39:57.550 [main] [] INFO  com.zaxxer.hikari.pool.HikariPool - BuszhiHikariCP - Added connection org.postgresql.jdbc.PgConnection@3fa50a24
2026-10-10 11:39:57.557 [main] [] INFO  com.zaxxer.hikari.HikariDataSource - BuszhiHikariCP - Start completed.
2026-10-10 11:39:58.125 [main] [] INFO  c.c.g.s.c.s.impl.SysConfigService - 缓存刷新完成，当前 146 条配置
2026-10-10 11:39:58.126 [main] [] INFO  c.c.g.s.c.s.impl.SysConfigService - SysConfigService 初始化完成，已加载 146 条配置
2026-10-10 11:39:58.332 [main] [] INFO  c.c.g.e.o.c.OntologyConfigController - Ontology engine defaults loaded (12 items)
2026-10-10 11:39:58.472 [main] [] INFO  c.c.g.r.l.c.LLMGatewayAutoConfiguration - Hermes Engine auto-configuration initialized: enabled=true, defaultProvider=openrouter, defaultModel=deepseek/deepseek-chat
2026-10-10 11:39:59.009 [main] [] INFO  c.c.g.r.l.c.LLMGatewayAutoConfiguration - Hermes OkHttpClient created: timeout=PT1M, retryMaxAttempts=3
2026-10-10 11:39:59.953 [main] [] INFO  c.c.g.e.ontology.OntologyEngineImpl - Ontology engine started (was STOPPED)
2026-10-10 11:39:59.955 [main] [] INFO  c.c.g.e.ontology.OntologyEngineImpl - Ontology engine auto-started on boot
2026-10-10 11:40:02.784 [main] [] INFO  c.c.g.e.o.service.Neo4jGraphService - Neo4jGraphService init: 使用 runtime-access Neo4jClient 统一出口
2026-10-10 11:40:07.929 [main] [] INFO  o.s.b.f.a.AutowiredAnnotationBeanPostProcessor - Inconsistent constructor declaration on bean with name 'securityCryptoEgress': single autowire-marked constructor flagged as optional - this constructor is effectively required since there is no default constructor to fall back to: public com.chinacreator.gzcm.runtime.core.crypto.SecurityCryptoEgress(org.springframework.context.ApplicationContext)
2026-10-10 11:40:08.189 [main] [] INFO  c.c.g.e.d.s.PipelineFunctionServiceImpl - PB 函数种子数据已存在 (120 条)，跳过初始化
2026-10-10 11:40:09.116 [main] [] INFO  c.c.gzcm.runtime.dlq.DltConsumer - [DltConsumer] 装配 DLQ 消费容器 11 个 (groupId=ecos-dlt-consumer, autoOffsetReset=latest)
2026-10-10 11:40:09.484 [main] [] INFO  c.c.g.r.c.t.s.i.TaskManagementServiceImpl - onStartup: PG 恢复 0 个任务 + 0 个执行计划
2026-10-10 11:40:09.620 [main] [] INFO  c.c.g.r.a.olap.DuckDBQueryService - DuckDBQueryService downgraded (DuckDB migrated to Doris) — all operations are no-ops
2026-10-10 11:40:10.231 [main] [] INFO  c.c.g.s.i.s.impl.DbBlacklistStore - DbBlacklistStore 初始化完成，已清理 sys_token_blacklist 过期项
2026-10-10 11:40:15.701 [main] [] INFO  o.s.b.a.e.web.EndpointLinksResolver - Exposing 3 endpoint(s) beneath base path '/actuator'
2026-10-10 11:40:16.344 [main] [] INFO  o.s.s.web.DefaultSecurityFilterChain - Will secure any request with [org.springframework.security.web.session.DisableEncodeUrlFilter@29f58b44, org.springframework.security.web.context.request.async.WebAsyncManagerIntegrationFilter@fcee97c, org.springframework.security.web.context.SecurityContextHolderFilter@56d4481f, org.springframework.security.web.header.HeaderWriterFilter@76d4e1af, org.springframework.web.filter.CorsFilter@f1e5f85, org.springframework.security.web.authentication.logout.LogoutFilter@238cac6, com.chinacreator.gzcm.sysman.security.JwtAuthenticationFilter@33f2cf82, org.springframework.security.web.savedrequest.RequestCacheAwareFilter@4b55652a, org.springframework.security.web.servletapi.SecurityContextHolderAwareRequestFilter@48c584c, org.springframework.security.web.authentication.AnonymousAuthenticationFilter@48682f91, org.springframework.security.web.session.SessionManagementFilter@5d5a77de, org.springframework.security.web.access.ExceptionTranslationFilter@14e8304b, org.springframework.security.web.access.intercept.AuthorizationFilter@7bd6c35e]
2026-10-10 11:40:21.184 [main] [] INFO  o.a.coyote.http11.Http11NioProtocol - Starting ProtocolHandler ["http-nio-18083"]
2026-10-10 11:40:21.273 [main] [] INFO  o.s.b.w.e.tomcat.TomcatWebServer - Tomcat started on port 18083 (http) with context path ''
2026-10-10 11:40:22.189 [main] [] INFO  o.s.k.c.DefaultKafkaConsumerFactory$ExtendedKafkaConsumer - [Consumer clientId=consumer-ecos-dlt-consumer-1, groupId=ecos-dlt-consumer] Subscribed to topic(s): ecos.agent.DLT
2026-10-10 11:40:22.277 [main] [] INFO  o.s.k.c.DefaultKafkaConsumerFactory$ExtendedKafkaConsumer - [Consumer clientId=consumer-ecos-dlt-consumer-2, groupId=ecos-dlt-consumer] Subscribed to topic(s): ecos.audit.DLT
2026-10-10 11:40:22.314 [main] [] INFO  o.s.k.c.DefaultKafkaConsumerFactory$ExtendedKafkaConsumer - [Consumer clientId=consumer-ecos-dlt-consumer-3, groupId=ecos-dlt-consumer] Subscribed to topic(s): ecos.catalog.DLT
2026-10-10 11:40:22.345 [main] [] INFO  o.s.k.c.DefaultKafkaConsumerFactory$ExtendedKafkaConsumer - [Consumer clientId=consumer-ecos-dlt-consumer-4, groupId=ecos-dlt-consumer] Subscribed to topic(s): ecos.cognitive.DLT
2026-10-10 11:40:22.409 [main] [] INFO  o.s.k.c.DefaultKafkaConsumerFactory$ExtendedKafkaConsumer - [Consumer clientId=consumer-ecos-dlt-consumer-5, groupId=ecos-dlt-consumer] Subscribed to topic(s): ecos.data.security-tagged.DLT
2026-10-10 11:40:22.636 [main] [] INFO  o.s.k.c.DefaultKafkaConsumerFactory$ExtendedKafkaConsumer - [Consumer clientId=consumer-ecos-dlt-consumer-6, groupId=ecos-dlt-consumer] Subscribed to topic(s): ecos.identity.DLT
2026-10-10 11:40:22.854 [main] [] INFO  o.s.k.c.DefaultKafkaConsumerFactory$ExtendedKafkaConsumer - [Consumer clientId=consumer-ecos-dlt-consumer-7, groupId=ecos-dlt-consumer] Subscribed to topic(s): ecos.knowledge.DLT
2026-10-10 11:40:22.897 [main] [] INFO  o.s.k.c.DefaultKafkaConsumerFactory$ExtendedKafkaConsumer - [Consumer clientId=consumer-ecos-dlt-consumer-8, groupId=ecos-dlt-consumer] Subscribed to topic(s): ecos.object.DLT
2026-10-10 11:40:22.950 [main] [] INFO  o.s.k.c.DefaultKafkaConsumerFactory$ExtendedKafkaConsumer - [Consumer clientId=consumer-ecos-dlt-consumer-9, groupId=ecos-dlt-consumer] Subscribed to topic(s): ecos.ontology.DLT
2026-10-10 11:40:22.994 [main] [] INFO  o.s.k.c.DefaultKafkaConsumerFactory$ExtendedKafkaConsumer - [Consumer clientId=consumer-ecos-dlt-consumer-10, groupId=ecos-dlt-consumer] Subscribed to topic(s): ecos.ontology.published.DLT
2026-10-10 11:40:23.022 [main] [] INFO  o.s.k.c.DefaultKafkaConsumerFactory$ExtendedKafkaConsumer - [Consumer clientId=consumer-ecos-dlt-consumer-11, groupId=ecos-dlt-consumer] Subscribed to topic(s): ecos.workflow.DLT
2026-10-10 11:40:23.117 [main] [] INFO  c.c.g.s.b.BuszhiServiceApplication - Started BuszhiServiceApplication in 55.091 seconds (process running for 59.63)
2026-10-10 11:40:25.402 [ecos-dlt-consumer-ecos.ontology.DLT-C-1] [] INFO  o.s.k.l.KafkaMessageListenerContainer - ecos-dlt-consumer: partitions assigned: []
2026-10-10 11:40:25.403 [ecos-dlt-consumer-ecos.object.DLT-C-1] [] INFO  o.s.k.l.KafkaMessageListenerContainer - ecos-dlt-consumer: partitions assigned: []
2026-10-10 11:40:25.402 [ecos-dlt-consumer-ecos.knowledge.DLT-C-1] [] INFO  o.s.k.l.KafkaMessageListenerContainer - ecos-dlt-consumer: partitions assigned: []
2026-10-10 11:40:25.410 [ecos-dlt-consumer-ecos.agent.DLT-C-1] [] INFO  o.s.k.l.KafkaMessageListenerContainer - ecos-dlt-consumer: partitions assigned: [ecos.agent.DLT-0]
2026-10-10 11:40:25.410 [ecos-dlt-consumer-ecos.catalog.DLT-C-1] [] INFO  o.s.k.l.KafkaMessageListenerContainer - ecos-dlt-consumer: partitions assigned: [ecos.catalog.DLT-0]
2026-10-10 11:40:25.410 [ecos-dlt-consumer-ecos.audit.DLT-C-1] [] INFO  o.s.k.l.KafkaMessageListenerContainer - ecos-dlt-consumer: partitions assigned: [ecos.audit.DLT-0]
2026-10-10 11:40:25.410 [ecos-dlt-consumer-ecos.data.security-tagged.DLT-C-1] [] INFO  o.s.k.l.KafkaMessageListenerContainer - ecos-dlt-consumer: partitions assigned: [ecos.data.security-tagged.DLT-0]
2026-10-10 11:40:25.410 [ecos-dlt-consumer-ecos.ontology.published.DLT-C-1] [] INFO  o.s.k.l.KafkaMessageListenerContainer - ecos-dlt-consumer: partitions assigned: [ecos.ontology.published.DLT-0]
2026-10-10 11:40:25.410 [ecos-dlt-consumer-ecos.identity.DLT-C-1] [] INFO  o.s.k.l.KafkaMessageListenerContainer - ecos-dlt-consumer: partitions assigned: [ecos.identity.DLT-0]
2026-10-10 11:40:25.411 [ecos-dlt-consumer-ecos.cognitive.DLT-C-1] [] INFO  o.s.k.l.KafkaMessageListenerContainer - ecos-dlt-consumer: partitions assigned: [ecos.cognitive.DLT-0]
2026-10-10 11:40:25.411 [ecos-dlt-consumer-ecos.workflow.DLT-C-1] [] INFO  o.s.k.l.KafkaMessageListenerContainer - ecos-dlt-consumer: partitions assigned: [ecos.workflow.DLT-0]
2026-10-10 11:40:54.546 [scheduling-1] [] WARN  c.c.g.runtime.audit.AuditRetryTask - [AuditRetry] 到期行拉取失败（表缺失/DB 不可用）errType=BadSqlGrammarException msg=
### Error querying database.  Cause: org.postgresql.util.PSQLException: ERROR: relation "public.ecos_runtime_audit_retry" does not exist
  位置：256
### The error may exist in com/chinacreator/gzcm/runtime/audit/mapper/AuditRetryMapper.java (best guess)
### The error may involve com.chinacreator.gzcm.runtime.audit.mapper.AuditRetryMapper.listDue-Inline
### The error occurred while setting parameters
### SQL: SELECT id, event_type AS eventType, payload, attempts, next_retry_at AS nextRetryAt, last_error AS lastError, status, trace_id AS traceId, create_time AS createTime, update_time AS updateTime, version_no AS versionNo, is_deleted AS isDeleted, domain FROM public.ecos_runtime_audit_retry WHERE is_deleted = 0 AND status = 'pending' AND next_retry_at <= ? ORDER BY next_retry_at ASC LIMIT ?
### Cause: org.postgresql.util.PSQLException: ERROR: relation "public.ecos_runtime_audit_retry" does not exist
  位置：256
; bad SQL grammar []
2026-10-10 11:41:23.197 [scheduling-1] [] WARN  c.c.gzcm.runtime.dlq.DltLagChecker - [DltLagChecker] AdminClient 创建失败 errType=KafkaException msg=Failed to create new KafkaAdminClient
2026-10-10 11:41:23.198 [scheduling-1] [] WARN  c.c.gzcm.runtime.dlq.DltLagChecker - [DltLagChecker] AdminClient 不可用（bootstrap=localhost:9092），本轮降级跳过
2026-10-10 11:41:25.171 [ecos-dlt-consumer-ecos.audit.DLT-C-1] [] INFO  o.s.k.l.KafkaMessageListenerContainer - ecos-dlt-consumer: partitions revoked: [ecos.audit.DLT-0]
2026-10-10 11:41:25.171 [ecos-dlt-consumer-ecos.workflow.DLT-C-1] [] INFO  o.s.k.l.KafkaMessageListenerContainer - ecos-dlt-consumer: partitions revoked: [ecos.workflow.DLT-0]
2026-10-10 11:41:25.216 [ecos-dlt-consumer-ecos.catalog.DLT-C-1] [] INFO  o.s.k.l.KafkaMessageListenerContainer - ecos-dlt-consumer: partitions revoked: [ecos.catalog.DLT-0]
2026-10-10 11:41:25.216 [ecos-dlt-consumer-ecos.identity.DLT-C-1] [] INFO  o.s.k.l.KafkaMessageListenerContainer - ecos-dlt-consumer: partitions revoked: [ecos.identity.DLT-0]
2026-10-10 11:41:25.217 [ecos-dlt-consumer-ecos.agent.DLT-C-1] [] INFO  o.s.k.l.KafkaMessageListenerContainer - ecos-dlt-consumer: partitions revoked: [ecos.agent.DLT-0]
2026-10-10 11:41:25.217 [ecos-dlt-consumer-ecos.ontology.published.DLT-C-1] [] INFO  o.s.k.l.KafkaMessageListenerContainer - ecos-dlt-consumer: partitions revoked: [ecos.ontology.published.DLT-0]
2026-10-10 11:41:25.217 [ecos-dlt-consumer-ecos.data.security-tagged.DLT-C-1] [] INFO  o.s.k.l.KafkaMessageListenerContainer - ecos-dlt-consumer: partitions revoked: [ecos.data.security-tagged.DLT-0]
2026-10-10 11:41:25.230 [ecos-dlt-consumer-ecos.knowledge.DLT-C-1] [] INFO  o.s.k.l.KafkaMessageListenerContainer - ecos-dlt-consumer: partitions revoked: []
2026-10-10 11:41:25.250 [ecos-dlt-consumer-ecos.ontology.DLT-C-1] [] INFO  o.s.k.l.KafkaMessageListenerContainer - ecos-dlt-consumer: partitions revoked: []
2026-10-10 11:41:25.250 [ecos-dlt-consumer-ecos.object.DLT-C-1] [] INFO  o.s.k.l.KafkaMessageListenerContainer - ecos-dlt-consumer: partitions revoked: []
2026-10-10 11:41:25.250 [ecos-dlt-consumer-ecos.cognitive.DLT-C-1] [] INFO  o.s.k.l.KafkaMessageListenerContainer - ecos-dlt-consumer: partitions revoked: [ecos.cognitive.DLT-0]
2026-10-10 11:41:25.342 [ecos-dlt-consumer-ecos.ontology.published.DLT-C-1] [] INFO  o.s.k.l.KafkaMessageListenerContainer - ecos-dlt-consumer: partitions assigned: [ecos.ontology.published.DLT-0]
2026-10-10 11:41:25.343 [ecos-dlt-consumer-ecos.workflow.DLT-C-1] [] INFO  o.s.k.l.KafkaMessageListenerContainer - ecos-dlt-consumer: partitions assigned: [ecos.workflow.DLT-0]
2026-10-10 11:41:25.343 [ecos-dlt-consumer-ecos.audit.DLT-C-1] [] INFO  o.s.k.l.KafkaMessageListenerContainer - ecos-dlt-consumer: partitions assigned: [ecos.audit.DLT-0]
2026-10-10 11:41:25.343 [ecos-dlt-consumer-ecos.cognitive.DLT-C-1] [] INFO  o.s.k.l.KafkaMessageListenerContainer - ecos-dlt-consumer: partitions assigned: [ecos.cognitive.DLT-0]
2026-10-10 11:41:25.347 [ecos-dlt-consumer-ecos.agent.DLT-C-1] [] INFO  o.s.k.l.KafkaMessageListenerContainer - ecos-dlt-consumer: partitions assigned: [ecos.agent.DLT-0]
2026-10-10 11:41:25.348 [ecos-dlt-consumer-ecos.knowledge.DLT-C-1] [] INFO  o.s.k.l.KafkaMessageListenerContainer - ecos-dlt-consumer: partitions assigned: []
2026-10-10 11:41:25.348 [ecos-dlt-consumer-ecos.data.security-tagged.DLT-C-1] [] INFO  o.s.k.l.KafkaMessageListenerContainer - ecos-dlt-consumer: partitions assigned: [ecos.data.security-tagged.DLT-0]
2026-10-10 11:41:25.349 [ecos-dlt-consumer-ecos.identity.DLT-C-1] [] INFO  o.s.k.l.KafkaMessageListenerContainer - ecos-dlt-consumer: partitions assigned: [ecos.identity.DLT-0]
2026-10-10 11:41:25.351 [ecos-dlt-consumer-ecos.ontology.DLT-C-1] [] INFO  o.s.k.l.KafkaMessageListenerContainer - ecos-dlt-consumer: partitions assigned: []
2026-10-10 11:41:25.351 [ecos-dlt-consumer-ecos.object.DLT-C-1] [] INFO  o.s.k.l.KafkaMessageListenerContainer - ecos-dlt-consumer: partitions assigned: []
2026-10-10 11:41:25.353 [ecos-dlt-consumer-ecos.catalog.DLT-C-1] [] INFO  o.s.k.l.KafkaMessageListenerContainer - ecos-dlt-consumer: partitions assigned: [ecos.catalog.DLT-0]
2026-10-10 11:41:54.588 [scheduling-1] [] WARN  c.c.g.runtime.audit.AuditRetryTask - [AuditRetry] 到期行拉取失败（表缺失/DB 不可用）errType=BadSqlGrammarException msg=
### Error querying database.  Cause: org.postgresql.util.PSQLException: ERROR: relation "public.ecos_runtime_audit_retry" does not exist
  位置：256
### The error may exist in com/chinacreator/gzcm/runtime/audit/mapper/AuditRetryMapper.java (best guess)
### The error may involve com.chinacreator.gzcm.runtime.audit.mapper.AuditRetryMapper.listDue-Inline
### The error occurred while setting parameters
### SQL: SELECT id, event_type AS eventType, payload, attempts, next_retry_at AS nextRetryAt, last_error AS lastError, status, trace_id AS traceId, create_time AS createTime, update_time AS updateTime, version_no AS versionNo, is_deleted AS isDeleted, domain FROM public.ecos_runtime_audit_retry WHERE is_deleted = 0 AND status = 'pending' AND next_retry_at <= ? ORDER BY next_retry_at ASC LIMIT ?
### Cause: org.postgresql.util.PSQLException: ERROR: relation "public.ecos_runtime_audit_retry" does not exist
  位置：256
; bad SQL grammar []
2026-10-10 11:42:28.459 [ecos-dlt-consumer-ecos.agent.DLT-C-1] [] INFO  o.s.k.l.KafkaMessageListenerContainer - ecos-dlt-consumer: partitions revoked: [ecos.agent.DLT-0]
2026-10-10 11:42:28.504 [ecos-dlt-consumer-ecos.ontology.DLT-C-1] [] INFO  o.s.k.l.KafkaMessageListenerContainer - ecos-dlt-consumer: partitions revoked: []
2026-10-10 11:42:28.506 [ecos-dlt-consumer-ecos.object.DLT-C-1] [] INFO  o.s.k.l.KafkaMessageListenerContainer - ecos-dlt-consumer: partitions revoked: []
2026-10-10 11:42:28.507 [ecos-dlt-consumer-ecos.workflow.DLT-C-1] [] INFO  o.s.k.l.KafkaMessageListenerContainer - ecos-dlt-consumer: partitions revoked: [ecos.workflow.DLT-0]
2026-10-10 11:42:28.507 [ecos-dlt-consumer-ecos.identity.DLT-C-1] [] INFO  o.s.k.l.KafkaMessageListenerContainer - ecos-dlt-consumer: partitions revoked: [ecos.identity.DLT-0]
2026-10-10 11:42:28.508 [ecos-dlt-consumer-ecos.catalog.DLT-C-1] [] INFO  o.s.k.l.KafkaMessageListenerContainer - ecos-dlt-consumer: partitions revoked: [ecos.catalog.DLT-0]
2026-10-10 11:42:28.510 [ecos-dlt-consumer-ecos.ontology.published.DLT-C-1] [] INFO  o.s.k.l.KafkaMessageListenerContainer - ecos-dlt-consumer: partitions revoked: [ecos.ontology.published.DLT-0]
2026-10-10 11:42:28.510 [ecos-dlt-consumer-ecos.cognitive.DLT-C-1] [] INFO  o.s.k.l.KafkaMessageListenerContainer - ecos-dlt-consumer: partitions revoked: [ecos.cognitive.DLT-0]
2026-10-10 11:42:28.512 [ecos-dlt-consumer-ecos.data.security-tagged.DLT-C-1] [] INFO  o.s.k.l.KafkaMessageListenerContainer - ecos-dlt-consumer: partitions revoked: [ecos.data.security-tagged.DLT-0]
2026-10-10 11:42:28.512 [ecos-dlt-consumer-ecos.audit.DLT-C-1] [] INFO  o.s.k.l.KafkaMessageListenerContainer - ecos-dlt-consumer: partitions revoked: [ecos.audit.DLT-0]
2026-10-10 11:42:28.551 [ecos-dlt-consumer-ecos.knowledge.DLT-C-1] [] INFO  o.s.k.l.KafkaMessageListenerContainer - ecos-dlt-consumer: partitions revoked: []
2026-10-10 11:42:28.627 [ecos-dlt-consumer-ecos.ontology.DLT-C-1] [] INFO  o.s.k.l.KafkaMessageListenerContainer - ecos-dlt-consumer: partitions assigned: []
2026-10-10 11:42:28.628 [ecos-dlt-consumer-ecos.object.DLT-C-1] [] INFO  o.s.k.l.KafkaMessageListenerContainer - ecos-dlt-consumer: partitions assigned: []
2026-10-10 11:42:28.629 [ecos-dlt-consumer-ecos.ontology.published.DLT-C-1] [] INFO  o.s.k.l.KafkaMessageListenerContainer - ecos-dlt-consumer: partitions assigned: [ecos.ontology.published.DLT-0]
2026-10-10 11:42:28.630 [ecos-dlt-consumer-ecos.workflow.DLT-C-1] [] INFO  o.s.k.l.KafkaMessageListenerContainer - ecos-dlt-consumer: partitions assigned: [ecos.workflow.DLT-0]
2026-10-10 11:42:28.630 [ecos-dlt-consumer-ecos.identity.DLT-C-1] [] INFO  o.s.k.l.KafkaMessageListenerContainer - ecos-dlt-consumer: partitions assigned: [ecos.identity.DLT-0]
2026-10-10 11:42:28.631 [ecos-dlt-consumer-ecos.catalog.DLT-C-1] [] INFO  o.s.k.l.KafkaMessageListenerContainer - ecos-dlt-consumer: partitions assigned: [ecos.catalog.DLT-0]
2026-10-10 11:42:28.635 [ecos-dlt-consumer-ecos.agent.DLT-C-1] [] INFO  o.s.k.l.KafkaMessageListenerContainer - ecos-dlt-consumer: partitions assigned: [ecos.agent.DLT-0]
2026-10-10 11:42:28.632 [ecos-dlt-consumer-ecos.knowledge.DLT-C-1] [] INFO  o.s.k.l.KafkaMessageListenerContainer - ecos-dlt-consumer: partitions assigned: []
2026-10-10 11:42:28.640 [ecos-dlt-consumer-ecos.audit.DLT-C-1] [] INFO  o.s.k.l.KafkaMessageListenerContainer - ecos-dlt-consumer: partitions assigned: [ecos.audit.DLT-0]
2026-10-10 11:42:28.642 [ecos-dlt-consumer-ecos.data.security-tagged.DLT-C-1] [] INFO  o.s.k.l.KafkaMessageListenerContainer - ecos-dlt-consumer: partitions assigned: [ecos.data.security-tagged.DLT-0]
2026-10-10 11:42:28.643 [ecos-dlt-consumer-ecos.cognitive.DLT-C-1] [] INFO  o.s.k.l.KafkaMessageListenerContainer - ecos-dlt-consumer: partitions assigned: [ecos.cognitive.DLT-0]
2026-10-10 11:42:54.612 [scheduling-1] [] WARN  c.c.g.runtime.audit.AuditRetryTask - [AuditRetry] 到期行拉取失败（表缺失/DB 不可用）errType=BadSqlGrammarException msg=
### Error querying database.  Cause: org.postgresql.util.PSQLException: ERROR: relation "public.ecos_runtime_audit_retry" does not exist
  位置：256
### The error may exist in com/chinacreator/gzcm/runtime/audit/mapper/AuditRetryMapper.java (best guess)
### The error may involve com.chinacreator.gzcm.runtime.audit.mapper.AuditRetryMapper.listDue-Inline
### The error occurred while setting parameters
### SQL: SELECT id, event_type AS eventType, payload, attempts, next_retry_at AS nextRetryAt, last_error AS lastError, status, trace_id AS traceId, create_time AS createTime, update_time AS updateTime, version_no AS versionNo, is_deleted AS isDeleted, domain FROM public.ecos_runtime_audit_retry WHERE is_deleted = 0 AND status = 'pending' AND next_retry_at <= ? ORDER BY next_retry_at ASC LIMIT ?
### Cause: org.postgresql.util.PSQLException: ERROR: relation "public.ecos_runtime_audit_retry" does not exist
  位置：256
; bad SQL grammar []
2026-10-10 11:43:31.747 [ecos-dlt-consumer-ecos.catalog.DLT-C-1] [] INFO  o.s.k.l.KafkaMessageListenerContainer - ecos-dlt-consumer: partitions revoked: [ecos.catalog.DLT-0]
2026-10-10 11:43:31.762 [ecos-dlt-consumer-ecos.workflow.DLT-C-1] [] INFO  o.s.k.l.KafkaMessageListenerContainer - ecos-dlt-consumer: partitions revoked: [ecos.workflow.DLT-0]
2026-10-10 11:43:31.777 [ecos-dlt-consumer-ecos.agent.DLT-C-1] [] INFO  o.s.k.l.KafkaMessageListenerContainer - ecos-dlt-consumer: partitions revoked: [ecos.agent.DLT-0]
2026-10-10 11:43:31.793 [ecos-dlt-consumer-ecos.audit.DLT-C-1] [] INFO  o.s.k.l.KafkaMessageListenerContainer - ecos-dlt-consumer: partitions revoked: [ecos.audit.DLT-0]
2026-10-10 11:43:31.793 [ecos-dlt-consumer-ecos.ontology.published.DLT-C-1] [] INFO  o.s.k.l.KafkaMessageListenerContainer - ecos-dlt-consumer: partitions revoked: [ecos.ontology.published.DLT-0]
2026-10-10 11:43:31.793 [ecos-dlt-consumer-ecos.data.security-tagged.DLT-C-1] [] INFO  o.s.k.l.KafkaMessageListenerContainer - ecos-dlt-consumer: partitions revoked: [ecos.data.security-tagged.DLT-0]
2026-10-10 11:43:31.793 [ecos-dlt-consumer-ecos.identity.DLT-C-1] [] INFO  o.s.k.l.KafkaMessageListenerContainer - ecos-dlt-consumer: partitions revoked: [ecos.identity.DLT-0]
2026-10-10 11:43:31.793 [ecos-dlt-consumer-ecos.cognitive.DLT-C-1] [] INFO  o.s.k.l.KafkaMessageListenerContainer - ecos-dlt-consumer: partitions revoked: [ecos.cognitive.DLT-0]
2026-10-10 11:43:31.805 [ecos-dlt-consumer-ecos.knowledge.DLT-C-1] [] INFO  o.s.k.l.KafkaMessageListenerContainer - ecos-dlt-consumer: partitions revoked: []
2026-10-10 11:43:31.821 [ecos-dlt-consumer-ecos.ontology.DLT-C-1] [] INFO  o.s.k.l.KafkaMessageListenerContainer - ecos-dlt-consumer: partitions revoked: []
2026-10-10 11:43:31.822 [ecos-dlt-consumer-ecos.object.DLT-C-1] [] INFO  o.s.k.l.KafkaMessageListenerContainer - ecos-dlt-consumer: partitions revoked: []
2026-10-10 11:43:31.883 [ecos-dlt-consumer-ecos.ontology.DLT-C-1] [] INFO  o.s.k.l.KafkaMessageListenerContainer - ecos-dlt-consumer: partitions assigned: []
2026-10-10 11:43:31.883 [ecos-dlt-consumer-ecos.ontology.published.DLT-C-1] [] INFO  o.s.k.l.KafkaMessageListenerContainer - ecos-dlt-consumer: partitions assigned: [ecos.ontology.published.DLT-0]
2026-10-10 11:43:31.883 [ecos-dlt-consumer-ecos.object.DLT-C-1] [] INFO  o.s.k.l.KafkaMessageListenerContainer - ecos-dlt-consumer: partitions assigned: []
2026-10-10 11:43:31.886 [ecos-dlt-consumer-ecos.workflow.DLT-C-1] [] INFO  o.s.k.l.KafkaMessageListenerContainer - ecos-dlt-consumer: partitions assigned: []
2026-10-10 11:43:31.889 [ecos-dlt-consumer-ecos.catalog.DLT-C-1] [] INFO  o.s.k.l.KafkaMessageListenerContainer - ecos-dlt-consumer: partitions assigned: [ecos.catalog.DLT-0]
2026-10-10 11:43:31.891 [ecos-dlt-consumer-ecos.knowledge.DLT-C-1] [] INFO  o.s.k.l.KafkaMessageListenerContainer - ecos-dlt-consumer: partitions assigned: []
2026-10-10 11:43:31.893 [ecos-dlt-consumer-ecos.data.security-tagged.DLT-C-1] [] INFO  o.s.k.l.KafkaMessageListenerContainer - ecos-dlt-consumer: partitions assigned: []
2026-10-10 11:43:31.893 [ecos-dlt-consumer-ecos.agent.DLT-C-1] [] INFO  o.s.k.l.KafkaMessageListenerContainer - ecos-dlt-consumer: partitions assigned: []
2026-10-10 11:43:31.894 [ecos-dlt-consumer-ecos.identity.DLT-C-1] [] INFO  o.s.k.l.KafkaMessageListenerContainer - ecos-dlt-consumer: partitions assigned: [ecos.identity.DLT-0]
2026-10-10 11:43:31.896 [ecos-dlt-consumer-ecos.cognitive.DLT-C-1] [] INFO  o.s.k.l.KafkaMessageListenerContainer - ecos-dlt-consumer: partitions assigned: [ecos.cognitive.DLT-0]
2026-10-10 11:43:31.897 [ecos-dlt-consumer-ecos.audit.DLT-C-1] [] INFO  o.s.k.l.KafkaMessageListenerContainer - ecos-dlt-consumer: partitions assigned: []
2026-10-10 11:43:54.625 [scheduling-1] [] WARN  c.c.g.runtime.audit.AuditRetryTask - [AuditRetry] 到期行拉取失败（表缺失/DB 不可用）errType=BadSqlGrammarException msg=
### Error querying database.  Cause: org.postgresql.util.PSQLException: ERROR: relation "public.ecos_runtime_audit_retry" does not exist
  位置：256
### The error may exist in com/chinacreator/gzcm/runtime/audit/mapper/AuditRetryMapper.java (best guess)
### The error may involve com.chinacreator.gzcm.runtime.audit.mapper.AuditRetryMapper.listDue-Inline
### The error occurred while setting parameters
### SQL: SELECT id, event_type AS eventType, payload, attempts, next_retry_at AS nextRetryAt, last_error AS lastError, status, trace_id AS traceId, create_time AS createTime, update_time AS updateTime, version_no AS versionNo, is_deleted AS isDeleted, domain FROM public.ecos_runtime_audit_retry WHERE is_deleted = 0 AND status = 'pending' AND next_retry_at <= ? ORDER BY next_retry_at ASC LIMIT ?
### Cause: org.postgresql.util.PSQLException: ERROR: relation "public.ecos_runtime_audit_retry" does not exist
  位置：256
; bad SQL grammar []
2026-10-10 11:44:54.642 [scheduling-1] [] WARN  c.c.g.runtime.audit.AuditRetryTask - [AuditRetry] 到期行拉取失败（表缺失/DB 不可用）errType=BadSqlGrammarException msg=
### Error querying database.  Cause: org.postgresql.util.PSQLException: ERROR: relation "public.ecos_runtime_audit_retry" does not exist
  位置：256
### The error may exist in com/chinacreator/gzcm/runtime/audit/mapper/AuditRetryMapper.java (best guess)
### The error may involve com.chinacreator.gzcm.runtime.audit.mapper.AuditRetryMapper.listDue-Inline
### The error occurred while setting parameters
### SQL: SELECT id, event_type AS eventType, payload, attempts, next_retry_at AS nextRetryAt, last_error AS lastError, status, trace_id AS traceId, create_time AS createTime, update_time AS updateTime, version_no AS versionNo, is_deleted AS isDeleted, domain FROM public.ecos_runtime_audit_retry WHERE is_deleted = 0 AND status = 'pending' AND next_retry_at <= ? ORDER BY next_retry_at ASC LIMIT ?
### Cause: org.postgresql.util.PSQLException: ERROR: relation "public.ecos_runtime_audit_retry" does not exist
  位置：256
; bad SQL grammar []
2026-10-10 11:45:54.661 [scheduling-1] [] WARN  c.c.g.runtime.audit.AuditRetryTask - [AuditRetry] 到期行拉取失败（表缺失/DB 不可用）errType=BadSqlGrammarException msg=
### Error querying database.  Cause: org.postgresql.util.PSQLException: ERROR: relation "public.ecos_runtime_audit_retry" does not exist
  位置：256
### The error may exist in com/chinacreator/gzcm/runtime/audit/mapper/AuditRetryMapper.java (best guess)
### The error may involve com.chinacreator.gzcm.runtime.audit.mapper.AuditRetryMapper.listDue-Inline
### The error occurred while setting parameters
### SQL: SELECT id, event_type AS eventType, payload, attempts, next_retry_at AS nextRetryAt, last_error AS lastError, status, trace_id AS traceId, create_time AS createTime, update_time AS updateTime, version_no AS versionNo, is_deleted AS isDeleted, domain FROM public.ecos_runtime_audit_retry WHERE is_deleted = 0 AND status = 'pending' AND next_retry_at <= ? ORDER BY next_retry_at ASC LIMIT ?
### Cause: org.postgresql.util.PSQLException: ERROR: relation "public.ecos_runtime_audit_retry" does not exist
  位置：256
; bad SQL grammar []
2026-10-10 11:46:23.228 [scheduling-1] [] WARN  c.c.gzcm.runtime.dlq.DltLagChecker - [DltLagChecker] AdminClient 创建失败 errType=KafkaException msg=Failed to create new KafkaAdminClient
2026-10-10 11:46:23.240 [scheduling-1] [] WARN  c.c.gzcm.runtime.dlq.DltLagChecker - [DltLagChecker] AdminClient 不可用（bootstrap=localhost:9092），本轮降级跳过
2026-10-10 11:46:54.679 [scheduling-1] [] WARN  c.c.g.runtime.audit.AuditRetryTask - [AuditRetry] 到期行拉取失败（表缺失/DB 不可用）errType=BadSqlGrammarException msg=
### Error querying database.  Cause: org.postgresql.util.PSQLException: ERROR: relation "public.ecos_runtime_audit_retry" does not exist
  位置：256
### The error may exist in com/chinacreator/gzcm/runtime/audit/mapper/AuditRetryMapper.java (best guess)
### The error may involve com.chinacreator.gzcm.runtime.audit.mapper.AuditRetryMapper.listDue-Inline
### The error occurred while setting parameters
### SQL: SELECT id, event_type AS eventType, payload, attempts, next_retry_at AS nextRetryAt, last_error AS lastError, status, trace_id AS traceId, create_time AS createTime, update_time AS updateTime, version_no AS versionNo, is_deleted AS isDeleted, domain FROM public.ecos_runtime_audit_retry WHERE is_deleted = 0 AND status = 'pending' AND next_retry_at <= ? ORDER BY next_retry_at ASC LIMIT ?
### Cause: org.postgresql.util.PSQLException: ERROR: relation "public.ecos_runtime_audit_retry" does not exist
  位置：256
; bad SQL grammar []
2026-10-10 11:47:54.700 [scheduling-1] [] WARN  c.c.g.runtime.audit.AuditRetryTask - [AuditRetry] 到期行拉取失败（表缺失/DB 不可用）errType=BadSqlGrammarException msg=
### Error querying database.  Cause: org.postgresql.util.PSQLException: ERROR: relation "public.ecos_runtime_audit_retry" does not exist
  位置：256
### The error may exist in com/chinacreator/gzcm/runtime/audit/mapper/AuditRetryMapper.java (best guess)
### The error may involve com.chinacreator.gzcm.runtime.audit.mapper.AuditRetryMapper.listDue-Inline
### The error occurred while setting parameters
### SQL: SELECT id, event_type AS eventType, payload, attempts, next_retry_at AS nextRetryAt, last_error AS lastError, status, trace_id AS traceId, create_time AS createTime, update_time AS updateTime, version_no AS versionNo, is_deleted AS isDeleted, domain FROM public.ecos_runtime_audit_retry WHERE is_deleted = 0 AND status = 'pending' AND next_retry_at <= ? ORDER BY next_retry_at ASC LIMIT ?
### Cause: org.postgresql.util.PSQLException: ERROR: relation "public.ecos_runtime_audit_retry" does not exist
  位置：256
; bad SQL grammar []
2026-10-10 11:48:54.721 [scheduling-1] [] WARN  c.c.g.runtime.audit.AuditRetryTask - [AuditRetry] 到期行拉取失败（表缺失/DB 不可用）errType=BadSqlGrammarException msg=
### Error querying database.  Cause: org.postgresql.util.PSQLException: ERROR: relation "public.ecos_runtime_audit_retry" does not exist
  位置：256
### The error may exist in com/chinacreator/gzcm/runtime/audit/mapper/AuditRetryMapper.java (best guess)
### The error may involve com.chinacreator.gzcm.runtime.audit.mapper.AuditRetryMapper.listDue-Inline
### The error occurred while setting parameters
### SQL: SELECT id, event_type AS eventType, payload, attempts, next_retry_at AS nextRetryAt, last_error AS lastError, status, trace_id AS traceId, create_time AS createTime, update_time AS updateTime, version_no AS versionNo, is_deleted AS isDeleted, domain FROM public.ecos_runtime_audit_retry WHERE is_deleted = 0 AND status = 'pending' AND next_retry_at <= ? ORDER BY next_retry_at ASC LIMIT ?
### Cause: org.postgresql.util.PSQLException: ERROR: relation "public.ecos_runtime_audit_retry" does not exist
  位置：256
; bad SQL grammar []
2026-10-10 11:49:54.742 [scheduling-1] [] WARN  c.c.g.runtime.audit.AuditRetryTask - [AuditRetry] 到期行拉取失败（表缺失/DB 不可用）errType=BadSqlGrammarException msg=
### Error querying database.  Cause: org.postgresql.util.PSQLException: ERROR: relation "public.ecos_runtime_audit_retry" does not exist
  位置：256
### The error may exist in com/chinacreator/gzcm/runtime/audit/mapper/AuditRetryMapper.java (best guess)
### The error may involve com.chinacreator.gzcm.runtime.audit.mapper.AuditRetryMapper.listDue-Inline
### The error occurred while setting parameters
### SQL: SELECT id, event_type AS eventType, payload, attempts, next_retry_at AS nextRetryAt, last_error AS lastError, status, trace_id AS traceId, create_time AS createTime, update_time AS updateTime, version_no AS versionNo, is_deleted AS isDeleted, domain FROM public.ecos_runtime_audit_retry WHERE is_deleted = 0 AND status = 'pending' AND next_retry_at <= ? ORDER BY next_retry_at ASC LIMIT ?
### Cause: org.postgresql.util.PSQLException: ERROR: relation "public.ecos_runtime_audit_retry" does not exist
  位置：256
; bad SQL grammar []
2026-10-10 11:50:54.763 [scheduling-1] [] WARN  c.c.g.runtime.audit.AuditRetryTask - [AuditRetry] 到期行拉取失败（表缺失/DB 不可用）errType=BadSqlGrammarException msg=
### Error querying database.  Cause: org.postgresql.util.PSQLException: ERROR: relation "public.ecos_runtime_audit_retry" does not exist
  位置：256
### The error may exist in com/chinacreator/gzcm/runtime/audit/mapper/AuditRetryMapper.java (best guess)
### The error may involve com.chinacreator.gzcm.runtime.audit.mapper.AuditRetryMapper.listDue-Inline
### The error occurred while setting parameters
### SQL: SELECT id, event_type AS eventType, payload, attempts, next_retry_at AS nextRetryAt, last_error AS lastError, status, trace_id AS traceId, create_time AS createTime, update_time AS updateTime, version_no AS versionNo, is_deleted AS isDeleted, domain FROM public.ecos_runtime_audit_retry WHERE is_deleted = 0 AND status = 'pending' AND next_retry_at <= ? ORDER BY next_retry_at ASC LIMIT ?
### Cause: org.postgresql.util.PSQLException: ERROR: relation "public.ecos_runtime_audit_retry" does not exist
  位置：256
; bad SQL grammar []
2026-10-10 11:51:19.569 [http-nio-18083-exec-2] [] INFO  o.a.c.c.C.[Tomcat].[localhost].[/] - Initializing Spring DispatcherServlet 'dispatcherServlet'
2026-10-10 11:51:19.572 [http-nio-18083-exec-2] [] INFO  o.s.web.servlet.DispatcherServlet - Initializing Servlet 'dispatcherServlet'
2026-10-10 11:51:19.579 [http-nio-18083-exec-2] [] INFO  o.s.web.servlet.DispatcherServlet - Completed initialization in 5 ms
2026-10-10 11:51:23.271 [scheduling-1] [] WARN  c.c.gzcm.runtime.dlq.DltLagChecker - [DltLagChecker] AdminClient 创建失败 errType=KafkaException msg=Failed to create new KafkaAdminClient
2026-10-10 11:51:23.272 [scheduling-1] [] WARN  c.c.gzcm.runtime.dlq.DltLagChecker - [DltLagChecker] AdminClient 不可用（bootstrap=localhost:9092），本轮降级跳过
2026-10-10 11:51:54.793 [scheduling-1] [] WARN  c.c.g.runtime.audit.AuditRetryTask - [AuditRetry] 到期行拉取失败（表缺失/DB 不可用）errType=BadSqlGrammarException msg=
### Error querying database.  Cause: org.postgresql.util.PSQLException: ERROR: relation "public.ecos_runtime_audit_retry" does not exist
  位置：256
### The error may exist in com/chinacreator/gzcm/runtime/audit/mapper/AuditRetryMapper.java (best guess)
### The error may involve com.chinacreator.gzcm.runtime.audit.mapper.AuditRetryMapper.listDue-Inline
### The error occurred while setting parameters
### SQL: SELECT id, event_type AS eventType, payload, attempts, next_retry_at AS nextRetryAt, last_error AS lastError, status, trace_id AS traceId, create_time AS createTime, update_time AS updateTime, version_no AS versionNo, is_deleted AS isDeleted, domain FROM public.ecos_runtime_audit_retry WHERE is_deleted = 0 AND status = 'pending' AND next_retry_at <= ? ORDER BY next_retry_at ASC LIMIT ?
### Cause: org.postgresql.util.PSQLException: ERROR: relation "public.ecos_runtime_audit_retry" does not exist
  位置：256
; bad SQL grammar []
2026-10-10 11:52:54.810 [scheduling-1] [] WARN  c.c.g.runtime.audit.AuditRetryTask - [AuditRetry] 到期行拉取失败（表缺失/DB 不可用）errType=BadSqlGrammarException msg=
### Error querying database.  Cause: org.postgresql.util.PSQLException: ERROR: relation "public.ecos_runtime_audit_retry" does not exist
  位置：256
### The error may exist in com/chinacreator/gzcm/runtime/audit/mapper/AuditRetryMapper.java (best guess)
### The error may involve com.chinacreator.gzcm.runtime.audit.mapper.AuditRetryMapper.listDue-Inline
### The error occurred while setting parameters
### SQL: SELECT id, event_type AS eventType, payload, attempts, next_retry_at AS nextRetryAt, last_error AS lastError, status, trace_id AS traceId, create_time AS createTime, update_time AS updateTime, version_no AS versionNo, is_deleted AS isDeleted, domain FROM public.ecos_runtime_audit_retry WHERE is_deleted = 0 AND status = 'pending' AND next_retry_at <= ? ORDER BY next_retry_at ASC LIMIT ?
### Cause: org.postgresql.util.PSQLException: ERROR: relation "public.ecos_runtime_audit_retry" does not exist
  位置：256
; bad SQL grammar []
2026-10-10 11:53:54.826 [scheduling-1] [] WARN  c.c.g.runtime.audit.AuditRetryTask - [AuditRetry] 到期行拉取失败（表缺失/DB 不可用）errType=BadSqlGrammarException msg=
### Error querying database.  Cause: org.postgresql.util.PSQLException: ERROR: relation "public.ecos_runtime_audit_retry" does not exist
  位置：256
### The error may exist in com/chinacreator/gzcm/runtime/audit/mapper/AuditRetryMapper.java (best guess)
### The error may involve com.chinacreator.gzcm.runtime.audit.mapper.AuditRetryMapper.listDue-Inline
### The error occurred while setting parameters
### SQL: SELECT id, event_type AS eventType, payload, attempts, next_retry_at AS nextRetryAt, last_error AS lastError, status, trace_id AS traceId, create_time AS createTime, update_time AS updateTime, version_no AS versionNo, is_deleted AS isDeleted, domain FROM public.ecos_runtime_audit_retry WHERE is_deleted = 0 AND status = 'pending' AND next_retry_at <= ? ORDER BY next_retry_at ASC LIMIT ?
### Cause: org.postgresql.util.PSQLException: ERROR: relation "public.ecos_runtime_audit_retry" does not exist
  位置：256
; bad SQL grammar []
2026-10-10 11:54:54.842 [scheduling-1] [] WARN  c.c.g.runtime.audit.AuditRetryTask - [AuditRetry] 到期行拉取失败（表缺失/DB 不可用）errType=BadSqlGrammarException msg=
### Error querying database.  Cause: org.postgresql.util.PSQLException: ERROR: relation "public.ecos_runtime_audit_retry" does not exist
  位置：256
### The error may exist in com/chinacreator/gzcm/runtime/audit/mapper/AuditRetryMapper.java (best guess)
### The error may involve com.chinacreator.gzcm.runtime.audit.mapper.AuditRetryMapper.listDue-Inline
### The error occurred while setting parameters
### SQL: SELECT id, event_type AS eventType, payload, attempts, next_retry_at AS nextRetryAt, last_error AS lastError, status, trace_id AS traceId, create_time AS createTime, update_time AS updateTime, version_no AS versionNo, is_deleted AS isDeleted, domain FROM public.ecos_runtime_audit_retry WHERE is_deleted = 0 AND status = 'pending' AND next_retry_at <= ? ORDER BY next_retry_at ASC LIMIT ?
### Cause: org.postgresql.util.PSQLException: ERROR: relation "public.ecos_runtime_audit_retry" does not exist
  位置：256
; bad SQL grammar []
2026-10-10 11:55:54.860 [scheduling-1] [] WARN  c.c.g.runtime.audit.AuditRetryTask - [AuditRetry] 到期行拉取失败（表缺失/DB 不可用）errType=BadSqlGrammarException msg=
### Error querying database.  Cause: org.postgresql.util.PSQLException: ERROR: relation "public.ecos_runtime_audit_retry" does not exist
  位置：256
### The error may exist in com/chinacreator/gzcm/runtime/audit/mapper/AuditRetryMapper.java (best guess)
### The error may involve com.chinacreator.gzcm.runtime.audit.mapper.AuditRetryMapper.listDue-Inline
### The error occurred while setting parameters
### SQL: SELECT id, event_type AS eventType, payload, attempts, next_retry_at AS nextRetryAt, last_error AS lastError, status, trace_id AS traceId, create_time AS createTime, update_time AS updateTime, version_no AS versionNo, is_deleted AS isDeleted, domain FROM public.ecos_runtime_audit_retry WHERE is_deleted = 0 AND status = 'pending' AND next_retry_at <= ? ORDER BY next_retry_at ASC LIMIT ?
### Cause: org.postgresql.util.PSQLException: ERROR: relation "public.ecos_runtime_audit_retry" does not exist
  位置：256
; bad SQL grammar []
2026-10-10 11:56:23.291 [scheduling-1] [] WARN  c.c.gzcm.runtime.dlq.DltLagChecker - [DltLagChecker] AdminClient 创建失败 errType=KafkaException msg=Failed to create new KafkaAdminClient
2026-10-10 11:56:23.293 [scheduling-1] [] WARN  c.c.gzcm.runtime.dlq.DltLagChecker - [DltLagChecker] AdminClient 不可用（bootstrap=localhost:9092），本轮降级跳过
2026-10-10 11:56:54.875 [scheduling-1] [] WARN  c.c.g.runtime.audit.AuditRetryTask - [AuditRetry] 到期行拉取失败（表缺失/DB 不可用）errType=BadSqlGrammarException msg=
### Error querying database.  Cause: org.postgresql.util.PSQLException: ERROR: relation "public.ecos_runtime_audit_retry" does not exist
  位置：256
### The error may exist in com/chinacreator/gzcm/runtime/audit/mapper/AuditRetryMapper.java (best guess)
### The error may involve com.chinacreator.gzcm.runtime.audit.mapper.AuditRetryMapper.listDue-Inline
### The error occurred while setting parameters
### SQL: SELECT id, event_type AS eventType, payload, attempts, next_retry_at AS nextRetryAt, last_error AS lastError, status, trace_id AS traceId, create_time AS createTime, update_time AS updateTime, version_no AS versionNo, is_deleted AS isDeleted, domain FROM public.ecos_runtime_audit_retry WHERE is_deleted = 0 AND status = 'pending' AND next_retry_at <= ? ORDER BY next_retry_at ASC LIMIT ?
### Cause: org.postgresql.util.PSQLException: ERROR: relation "public.ecos_runtime_audit_retry" does not exist
  位置：256
; bad SQL grammar []
2026-10-10 11:57:54.888 [scheduling-1] [] WARN  c.c.g.runtime.audit.AuditRetryTask - [AuditRetry] 到期行拉取失败（表缺失/DB 不可用）errType=BadSqlGrammarException msg=
### Error querying database.  Cause: org.postgresql.util.PSQLException: ERROR: relation "public.ecos_runtime_audit_retry" does not exist
  位置：256
### The error may exist in com/chinacreator/gzcm/runtime/audit/mapper/AuditRetryMapper.java (best guess)
### The error may involve com.chinacreator.gzcm.runtime.audit.mapper.AuditRetryMapper.listDue-Inline
### The error occurred while setting parameters
### SQL: SELECT id, event_type AS eventType, payload, attempts, next_retry_at AS nextRetryAt, last_error AS lastError, status, trace_id AS traceId, create_time AS createTime, update_time AS updateTime, version_no AS versionNo, is_deleted AS isDeleted, domain FROM public.ecos_runtime_audit_retry WHERE is_deleted = 0 AND status = 'pending' AND next_retry_at <= ? ORDER BY next_retry_at ASC LIMIT ?
### Cause: org.postgresql.util.PSQLException: ERROR: relation "public.ecos_runtime_audit_retry" does not exist
  位置：256
; bad SQL grammar []
2026-10-10 11:58:25.022 [ecos-dlt-consumer-ecos.ontology.published.DLT-C-1] [] INFO  o.s.k.l.KafkaMessageListenerContainer - ecos-dlt-consumer: partitions revoked: [ecos.ontology.published.DLT-0]
2026-10-10 11:58:25.097 [ecos-dlt-consumer-ecos.workflow.DLT-C-1] [] INFO  o.s.k.l.KafkaMessageListenerContainer - ecos-dlt-consumer: partitions revoked: []
2026-10-10 11:58:25.130 [ecos-dlt-consumer-ecos.identity.DLT-C-1] [] INFO  o.s.k.l.KafkaMessageListenerContainer - ecos-dlt-consumer: partitions revoked: [ecos.identity.DLT-0]
2026-10-10 11:58:25.176 [ecos-dlt-consumer-ecos.cognitive.DLT-C-1] [] INFO  o.s.k.l.KafkaMessageListenerContainer - ecos-dlt-consumer: partitions revoked: [ecos.cognitive.DLT-0]
2026-10-10 11:58:25.191 [ecos-dlt-consumer-ecos.ontology.DLT-C-1] [] INFO  o.s.k.l.KafkaMessageListenerContainer - ecos-dlt-consumer: partitions revoked: []
2026-10-10 11:58:25.193 [ecos-dlt-consumer-ecos.catalog.DLT-C-1] [] INFO  o.s.k.l.KafkaMessageListenerContainer - ecos-dlt-consumer: partitions revoked: [ecos.catalog.DLT-0]
2026-10-10 11:58:25.206 [ecos-dlt-consumer-ecos.data.security-tagged.DLT-C-1] [] INFO  o.s.k.l.KafkaMessageListenerContainer - ecos-dlt-consumer: partitions revoked: []
2026-10-10 11:58:25.237 [ecos-dlt-consumer-ecos.audit.DLT-C-1] [] INFO  o.s.k.l.KafkaMessageListenerContainer - ecos-dlt-consumer: partitions revoked: []
2026-10-10 11:58:25.253 [ecos-dlt-consumer-ecos.object.DLT-C-1] [] INFO  o.s.k.l.KafkaMessageListenerContainer - ecos-dlt-consumer: partitions revoked: []
2026-10-10 11:58:25.267 [ecos-dlt-consumer-ecos.knowledge.DLT-C-1] [] INFO  o.s.k.l.KafkaMessageListenerContainer - ecos-dlt-consumer: partitions revoked: []
2026-10-10 11:58:25.267 [ecos-dlt-consumer-ecos.agent.DLT-C-1] [] INFO  o.s.k.l.KafkaMessageListenerContainer - ecos-dlt-consumer: partitions revoked: []
2026-10-10 11:58:25.306 [ecos-dlt-consumer-ecos.object.DLT-C-1] [] INFO  o.s.k.l.KafkaMessageListenerContainer - ecos-dlt-consumer: partitions assigned: []
2026-10-10 11:58:25.306 [ecos-dlt-consumer-ecos.ontology.published.DLT-C-1] [] INFO  o.s.k.l.KafkaMessageListenerContainer - ecos-dlt-consumer: partitions assigned: [ecos.ontology.published.DLT-0]
2026-10-10 11:58:25.306 [ecos-dlt-consumer-ecos.ontology.DLT-C-1] [] INFO  o.s.k.l.KafkaMessageListenerContainer - ecos-dlt-consumer: partitions assigned: []
2026-10-10 11:58:25.306 [ecos-dlt-consumer-ecos.agent.DLT-C-1] [] INFO  o.s.k.l.KafkaMessageListenerContainer - ecos-dlt-consumer: partitions assigned: []
2026-10-10 11:58:25.309 [ecos-dlt-consumer-ecos.knowledge.DLT-C-1] [] INFO  o.s.k.l.KafkaMessageListenerContainer - ecos-dlt-consumer: partitions assigned: []
2026-10-10 11:58:25.309 [ecos-dlt-consumer-ecos.workflow.DLT-C-1] [] INFO  o.s.k.l.KafkaMessageListenerContainer - ecos-dlt-consumer: partitions assigned: []
2026-10-10 11:58:25.310 [ecos-dlt-consumer-ecos.audit.DLT-C-1] [] INFO  o.s.k.l.KafkaMessageListenerContainer - ecos-dlt-consumer: partitions assigned: []
2026-10-10 11:58:25.311 [ecos-dlt-consumer-ecos.identity.DLT-C-1] [] INFO  o.s.k.l.KafkaMessageListenerContainer - ecos-dlt-consumer: partitions assigned: [ecos.identity.DLT-0]
2026-10-10 11:58:25.311 [ecos-dlt-consumer-ecos.cognitive.DLT-C-1] [] INFO  o.s.k.l.KafkaMessageListenerContainer - ecos-dlt-consumer: partitions assigned: [ecos.cognitive.DLT-0]
2026-10-10 11:58:25.311 [ecos-dlt-consumer-ecos.catalog.DLT-C-1] [] INFO  o.s.k.l.KafkaMessageListenerContainer - ecos-dlt-consumer: partitions assigned: [ecos.catalog.DLT-0]
2026-10-10 11:58:25.311 [ecos-dlt-consumer-ecos.data.security-tagged.DLT-C-1] [] INFO  o.s.k.l.KafkaMessageListenerContainer - ecos-dlt-consumer: partitions assigned: []
2026-10-10 11:58:54.906 [scheduling-1] [] WARN  c.c.g.runtime.audit.AuditRetryTask - [AuditRetry] 到期行拉取失败（表缺失/DB 不可用）errType=BadSqlGrammarException msg=
### Error querying database.  Cause: org.postgresql.util.PSQLException: ERROR: relation "public.ecos_runtime_audit_retry" does not exist
  位置：256
### The error may exist in com/chinacreator/gzcm/runtime/audit/mapper/AuditRetryMapper.java (best guess)
### The error may involve com.chinacreator.gzcm.runtime.audit.mapper.AuditRetryMapper.listDue-Inline
### The error occurred while setting parameters
### SQL: SELECT id, event_type AS eventType, payload, attempts, next_retry_at AS nextRetryAt, last_error AS lastError, status, trace_id AS traceId, create_time AS createTime, update_time AS updateTime, version_no AS versionNo, is_deleted AS isDeleted, domain FROM public.ecos_runtime_audit_retry WHERE is_deleted = 0 AND status = 'pending' AND next_retry_at <= ? ORDER BY next_retry_at ASC LIMIT ?
### Cause: org.postgresql.util.PSQLException: ERROR: relation "public.ecos_runtime_audit_retry" does not exist
  位置：256
; bad SQL grammar []
2026-10-10 11:59:54.925 [scheduling-1] [] WARN  c.c.g.runtime.audit.AuditRetryTask - [AuditRetry] 到期行拉取失败（表缺失/DB 不可用）errType=BadSqlGrammarException msg=
### Error querying database.  Cause: org.postgresql.util.PSQLException: ERROR: relation "public.ecos_runtime_audit_retry" does not exist
  位置：256
### The error may exist in com/chinacreator/gzcm/runtime/audit/mapper/AuditRetryMapper.java (best guess)
### The error may involve com.chinacreator.gzcm.runtime.audit.mapper.AuditRetryMapper.listDue-Inline
### The error occurred while setting parameters
### SQL: SELECT id, event_type AS eventType, payload, attempts, next_retry_at AS nextRetryAt, last_error AS lastError, status, trace_id AS traceId, create_time AS createTime, update_time AS updateTime, version_no AS versionNo, is_deleted AS isDeleted, domain FROM public.ecos_runtime_audit_retry WHERE is_deleted = 0 AND status = 'pending' AND next_retry_at <= ? ORDER BY next_retry_at ASC LIMIT ?
### Cause: org.postgresql.util.PSQLException: ERROR: relation "public.ecos_runtime_audit_retry" does not exist
  位置：256
; bad SQL grammar []
2026-10-10 12:00:54.952 [scheduling-1] [] WARN  c.c.g.runtime.audit.AuditRetryTask - [AuditRetry] 到期行拉取失败（表缺失/DB 不可用）errType=BadSqlGrammarException msg=
### Error querying database.  Cause: org.postgresql.util.PSQLException: ERROR: relation "public.ecos_runtime_audit_retry" does not exist
  位置：256
### The error may exist in com/chinacreator/gzcm/runtime/audit/mapper/AuditRetryMapper.java (best guess)
### The error may involve com.chinacreator.gzcm.runtime.audit.mapper.AuditRetryMapper.listDue-Inline
### The error occurred while setting parameters
### SQL: SELECT id, event_type AS eventType, payload, attempts, next_retry_at AS nextRetryAt, last_error AS lastError, status, trace_id AS traceId, create_time AS createTime, update_time AS updateTime, version_no AS versionNo, is_deleted AS isDeleted, domain FROM public.ecos_runtime_audit_retry WHERE is_deleted = 0 AND status = 'pending' AND next_retry_at <= ? ORDER BY next_retry_at ASC LIMIT ?
### Cause: org.postgresql.util.PSQLException: ERROR: relation "public.ecos_runtime_audit_retry" does not exist
  位置：256
; bad SQL grammar []
2026-10-10 12:01:23.317 [scheduling-1] [] WARN  c.c.gzcm.runtime.dlq.DltLagChecker - [DltLagChecker] AdminClient 创建失败 errType=KafkaException msg=Failed to create new KafkaAdminClient
2026-10-10 12:01:23.328 [scheduling-1] [] WARN  c.c.gzcm.runtime.dlq.DltLagChecker - [DltLagChecker] AdminClient 不可用（bootstrap=localhost:9092），本轮降级跳过
2026-10-10 12:01:54.971 [scheduling-1] [] WARN  c.c.g.runtime.audit.AuditRetryTask - [AuditRetry] 到期行拉取失败（表缺失/DB 不可用）errType=BadSqlGrammarException msg=
### Error querying database.  Cause: org.postgresql.util.PSQLException: ERROR: relation "public.ecos_runtime_audit_retry" does not exist
  位置：256
### The error may exist in com/chinacreator/gzcm/runtime/audit/mapper/AuditRetryMapper.java (best guess)
### The error may involve com.chinacreator.gzcm.runtime.audit.mapper.AuditRetryMapper.listDue-Inline
### The error occurred while setting parameters
### SQL: SELECT id, event_type AS eventType, payload, attempts, next_retry_at AS nextRetryAt, last_error AS lastError, status, trace_id AS traceId, create_time AS createTime, update_time AS updateTime, version_no AS versionNo, is_deleted AS isDeleted, domain FROM public.ecos_runtime_audit_retry WHERE is_deleted = 0 AND status = 'pending' AND next_retry_at <= ? ORDER BY next_retry_at ASC LIMIT ?
### Cause: org.postgresql.util.PSQLException: ERROR: relation "public.ecos_runtime_audit_retry" does not exist
  位置：256
; bad SQL grammar []
2026-10-10 12:02:54.998 [scheduling-1] [] WARN  c.c.g.runtime.audit.AuditRetryTask - [AuditRetry] 到期行拉取失败（表缺失/DB 不可用）errType=BadSqlGrammarException msg=
### Error querying database.  Cause: org.postgresql.util.PSQLException: ERROR: relation "public.ecos_runtime_audit_retry" does not exist
  位置：256
### The error may exist in com/chinacreator/gzcm/runtime/audit/mapper/AuditRetryMapper.java (best guess)
### The error may involve com.chinacreator.gzcm.runtime.audit.mapper.AuditRetryMapper.listDue-Inline
### The error occurred while setting parameters
### SQL: SELECT id, event_type AS eventType, payload, attempts, next_retry_at AS nextRetryAt, last_error AS lastError, status, trace_id AS traceId, create_time AS createTime, update_time AS updateTime, version_no AS versionNo, is_deleted AS isDeleted, domain FROM public.ecos_runtime_audit_retry WHERE is_deleted = 0 AND status = 'pending' AND next_retry_at <= ? ORDER BY next_retry_at ASC LIMIT ?
### Cause: org.postgresql.util.PSQLException: ERROR: relation "public.ecos_runtime_audit_retry" does not exist
  位置：256
; bad SQL grammar []
2026-10-10 12:03:55.020 [scheduling-1] [] WARN  c.c.g.runtime.audit.AuditRetryTask - [AuditRetry] 到期行拉取失败（表缺失/DB 不可用）errType=BadSqlGrammarException msg=
### Error querying database.  Cause: org.postgresql.util.PSQLException: ERROR: relation "public.ecos_runtime_audit_retry" does not exist
  位置：256
### The error may exist in com/chinacreator/gzcm/runtime/audit/mapper/AuditRetryMapper.java (best guess)
### The error may involve com.chinacreator.gzcm.runtime.audit.mapper.AuditRetryMapper.listDue-Inline
### The error occurred while setting parameters
### SQL: SELECT id, event_type AS eventType, payload, attempts, next_retry_at AS nextRetryAt, last_error AS lastError, status, trace_id AS traceId, create_time AS createTime, update_time AS updateTime, version_no AS versionNo, is_deleted AS isDeleted, domain FROM public.ecos_runtime_audit_retry WHERE is_deleted = 0 AND status = 'pending' AND next_retry_at <= ? ORDER BY next_retry_at ASC LIMIT ?
### Cause: org.postgresql.util.PSQLException: ERROR: relation "public.ecos_runtime_audit_retry" does not exist
  位置：256
; bad SQL grammar []
2026-10-10 12:04:55.039 [scheduling-1] [] WARN  c.c.g.runtime.audit.AuditRetryTask - [AuditRetry] 到期行拉取失败（表缺失/DB 不可用）errType=BadSqlGrammarException msg=
### Error querying database.  Cause: org.postgresql.util.PSQLException: ERROR: relation "public.ecos_runtime_audit_retry" does not exist
  位置：256
### The error may exist in com/chinacreator/gzcm/runtime/audit/mapper/AuditRetryMapper.java (best guess)
### The error may involve com.chinacreator.gzcm.runtime.audit.mapper.AuditRetryMapper.listDue-Inline
### The error occurred while setting parameters
### SQL: SELECT id, event_type AS eventType, payload, attempts, next_retry_at AS nextRetryAt, last_error AS lastError, status, trace_id AS traceId, create_time AS createTime, update_time AS updateTime, version_no AS versionNo, is_deleted AS isDeleted, domain FROM public.ecos_runtime_audit_retry WHERE is_deleted = 0 AND status = 'pending' AND next_retry_at <= ? ORDER BY next_retry_at ASC LIMIT ?
### Cause: org.postgresql.util.PSQLException: ERROR: relation "public.ecos_runtime_audit_retry" does not exist
  位置：256
; bad SQL grammar []
2026-10-10 12:05:55.057 [scheduling-1] [] WARN  c.c.g.runtime.audit.AuditRetryTask - [AuditRetry] 到期行拉取失败（表缺失/DB 不可用）errType=BadSqlGrammarException msg=
### Error querying database.  Cause: org.postgresql.util.PSQLException: ERROR: relation "public.ecos_runtime_audit_retry" does not exist
  位置：256
### The error may exist in com/chinacreator/gzcm/runtime/audit/mapper/AuditRetryMapper.java (best guess)
### The error may involve com.chinacreator.gzcm.runtime.audit.mapper.AuditRetryMapper.listDue-Inline
### The error occurred while setting parameters
### SQL: SELECT id, event_type AS eventType, payload, attempts, next_retry_at AS nextRetryAt, last_error AS lastError, status, trace_id AS traceId, create_time AS createTime, update_time AS updateTime, version_no AS versionNo, is_deleted AS isDeleted, domain FROM public.ecos_runtime_audit_retry WHERE is_deleted = 0 AND status = 'pending' AND next_retry_at <= ? ORDER BY next_retry_at ASC LIMIT ?
### Cause: org.postgresql.util.PSQLException: ERROR: relation "public.ecos_runtime_audit_retry" does not exist
  位置：256
; bad SQL grammar []
2026-10-10 12:06:23.355 [scheduling-1] [] WARN  c.c.gzcm.runtime.dlq.DltLagChecker - [DltLagChecker] AdminClient 创建失败 errType=KafkaException msg=Failed to create new KafkaAdminClient
2026-10-10 12:06:23.357 [scheduling-1] [] WARN  c.c.gzcm.runtime.dlq.DltLagChecker - [DltLagChecker] AdminClient 不可用（bootstrap=localhost:9092），本轮降级跳过
2026-10-10 12:06:55.080 [scheduling-1] [] WARN  c.c.g.runtime.audit.AuditRetryTask - [AuditRetry] 到期行拉取失败（表缺失/DB 不可用）errType=BadSqlGrammarException msg=
### Error querying database.  Cause: org.postgresql.util.PSQLException: ERROR: relation "public.ecos_runtime_audit_retry" does not exist
  位置：256
### The error may exist in com/chinacreator/gzcm/runtime/audit/mapper/AuditRetryMapper.java (best guess)
### The error may involve com.chinacreator.gzcm.runtime.audit.mapper.AuditRetryMapper.listDue-Inline
### The error occurred while setting parameters
### SQL: SELECT id, event_type AS eventType, payload, attempts, next_retry_at AS nextRetryAt, last_error AS lastError, status, trace_id AS traceId, create_time AS createTime, update_time AS updateTime, version_no AS versionNo, is_deleted AS isDeleted, domain FROM public.ecos_runtime_audit_retry WHERE is_deleted = 0 AND status = 'pending' AND next_retry_at <= ? ORDER BY next_retry_at ASC LIMIT ?
### Cause: org.postgresql.util.PSQLException: ERROR: relation "public.ecos_runtime_audit_retry" does not exist
  位置：256
; bad SQL grammar []
2026-10-10 12:07:55.100 [scheduling-1] [] WARN  c.c.g.runtime.audit.AuditRetryTask - [AuditRetry] 到期行拉取失败（表缺失/DB 不可用）errType=BadSqlGrammarException msg=
### Error querying database.  Cause: org.postgresql.util.PSQLException: ERROR: relation "public.ecos_runtime_audit_retry" does not exist
  位置：256
### The error may exist in com/chinacreator/gzcm/runtime/audit/mapper/AuditRetryMapper.java (best guess)
### The error may involve com.chinacreator.gzcm.runtime.audit.mapper.AuditRetryMapper.listDue-Inline
### The error occurred while setting parameters
### SQL: SELECT id, event_type AS eventType, payload, attempts, next_retry_at AS nextRetryAt, last_error AS lastError, status, trace_id AS traceId, create_time AS createTime, update_time AS updateTime, version_no AS versionNo, is_deleted AS isDeleted, domain FROM public.ecos_runtime_audit_retry WHERE is_deleted = 0 AND status = 'pending' AND next_retry_at <= ? ORDER BY next_retry_at ASC LIMIT ?
### Cause: org.postgresql.util.PSQLException: ERROR: relation "public.ecos_runtime_audit_retry" does not exist
  位置：256
; bad SQL grammar []
2026-10-10 12:08:55.116 [scheduling-1] [] WARN  c.c.g.runtime.audit.AuditRetryTask - [AuditRetry] 到期行拉取失败（表缺失/DB 不可用）errType=BadSqlGrammarException msg=
### Error querying database.  Cause: org.postgresql.util.PSQLException: ERROR: relation "public.ecos_runtime_audit_retry" does not exist
  位置：256
### The error may exist in com/chinacreator/gzcm/runtime/audit/mapper/AuditRetryMapper.java (best guess)
### The error may involve com.chinacreator.gzcm.runtime.audit.mapper.AuditRetryMapper.listDue-Inline
### The error occurred while setting parameters
### SQL: SELECT id, event_type AS eventType, payload, attempts, next_retry_at AS nextRetryAt, last_error AS lastError, status, trace_id AS traceId, create_time AS createTime, update_time AS updateTime, version_no AS versionNo, is_deleted AS isDeleted, domain FROM public.ecos_runtime_audit_retry WHERE is_deleted = 0 AND status = 'pending' AND next_retry_at <= ? ORDER BY next_retry_at ASC LIMIT ?
### Cause: org.postgresql.util.PSQLException: ERROR: relation "public.ecos_runtime_audit_retry" does not exist
  位置：256
; bad SQL grammar []
2026-10-10 12:09:55.134 [scheduling-1] [] WARN  c.c.g.runtime.audit.AuditRetryTask - [AuditRetry] 到期行拉取失败（表缺失/DB 不可用）errType=BadSqlGrammarException msg=
### Error querying database.  Cause: org.postgresql.util.PSQLException: ERROR: relation "public.ecos_runtime_audit_retry" does not exist
  位置：256
### The error may exist in com/chinacreator/gzcm/runtime/audit/mapper/AuditRetryMapper.java (best guess)
### The error may involve com.chinacreator.gzcm.runtime.audit.mapper.AuditRetryMapper.listDue-Inline
### The error occurred while setting parameters
### SQL: SELECT id, event_type AS eventType, payload, attempts, next_retry_at AS nextRetryAt, last_error AS lastError, status, trace_id AS traceId, create_time AS createTime, update_time AS updateTime, version_no AS versionNo, is_deleted AS isDeleted, domain FROM public.ecos_runtime_audit_retry WHERE is_deleted = 0 AND status = 'pending' AND next_retry_at <= ? ORDER BY next_retry_at ASC LIMIT ?
### Cause: org.postgresql.util.PSQLException: ERROR: relation "public.ecos_runtime_audit_retry" does not exist
  位置：256
; bad SQL grammar []
2026-10-10 12:10:55.161 [scheduling-1] [] WARN  c.c.g.runtime.audit.AuditRetryTask - [AuditRetry] 到期行拉取失败（表缺失/DB 不可用）errType=BadSqlGrammarException msg=
### Error querying database.  Cause: org.postgresql.util.PSQLException: ERROR: relation "public.ecos_runtime_audit_retry" does not exist
  位置：256
### The error may exist in com/chinacreator/gzcm/runtime/audit/mapper/AuditRetryMapper.java (best guess)
### The error may involve com.chinacreator.gzcm.runtime.audit.mapper.AuditRetryMapper.listDue-Inline
### The error occurred while setting parameters
### SQL: SELECT id, event_type AS eventType, payload, attempts, next_retry_at AS nextRetryAt, last_error AS lastError, status, trace_id AS traceId, create_time AS createTime, update_time AS updateTime, version_no AS versionNo, is_deleted AS isDeleted, domain FROM public.ecos_runtime_audit_retry WHERE is_deleted = 0 AND status = 'pending' AND next_retry_at <= ? ORDER BY next_retry_at ASC LIMIT ?
### Cause: org.postgresql.util.PSQLException: ERROR: relation "public.ecos_runtime_audit_retry" does not exist
  位置：256
; bad SQL grammar []
2026-10-10 12:11:23.386 [scheduling-1] [] WARN  c.c.gzcm.runtime.dlq.DltLagChecker - [DltLagChecker] AdminClient 创建失败 errType=KafkaException msg=Failed to create new KafkaAdminClient
2026-10-10 12:11:23.388 [scheduling-1] [] WARN  c.c.gzcm.runtime.dlq.DltLagChecker - [DltLagChecker] AdminClient 不可用（bootstrap=localhost:9092），本轮降级跳过
2026-10-10 12:11:55.356 [scheduling-1] [] WARN  c.c.g.runtime.audit.AuditRetryTask - [AuditRetry] 到期行拉取失败（表缺失/DB 不可用）errType=BadSqlGrammarException msg=
### Error querying database.  Cause: org.postgresql.util.PSQLException: ERROR: relation "public.ecos_runtime_audit_retry" does not exist
  位置：256
### The error may exist in com/chinacreator/gzcm/runtime/audit/mapper/AuditRetryMapper.java (best guess)
### The error may involve com.chinacreator.gzcm.runtime.audit.mapper.AuditRetryMapper.listDue-Inline
### The error occurred while setting parameters
### SQL: SELECT id, event_type AS eventType, payload, attempts, next_retry_at AS nextRetryAt, last_error AS lastError, status, trace_id AS traceId, create_time AS createTime, update_time AS updateTime, version_no AS versionNo, is_deleted AS isDeleted, domain FROM public.ecos_runtime_audit_retry WHERE is_deleted = 0 AND status = 'pending' AND next_retry_at <= ? ORDER BY next_retry_at ASC LIMIT ?
### Cause: org.postgresql.util.PSQLException: ERROR: relation "public.ecos_runtime_audit_retry" does not exist
  位置：256
; bad SQL grammar []
2026-10-10 12:12:55.374 [scheduling-1] [] WARN  c.c.g.runtime.audit.AuditRetryTask - [AuditRetry] 到期行拉取失败（表缺失/DB 不可用）errType=BadSqlGrammarException msg=
### Error querying database.  Cause: org.postgresql.util.PSQLException: ERROR: relation "public.ecos_runtime_audit_retry" does not exist
  位置：256
### The error may exist in com/chinacreator/gzcm/runtime/audit/mapper/AuditRetryMapper.java (best guess)
### The error may involve com.chinacreator.gzcm.runtime.audit.mapper.AuditRetryMapper.listDue-Inline
### The error occurred while setting parameters
### SQL: SELECT id, event_type AS eventType, payload, attempts, next_retry_at AS nextRetryAt, last_error AS lastError, status, trace_id AS traceId, create_time AS createTime, update_time AS updateTime, version_no AS versionNo, is_deleted AS isDeleted, domain FROM public.ecos_runtime_audit_retry WHERE is_deleted = 0 AND status = 'pending' AND next_retry_at <= ? ORDER BY next_retry_at ASC LIMIT ?
### Cause: org.postgresql.util.PSQLException: ERROR: relation "public.ecos_runtime_audit_retry" does not exist
  位置：256
; bad SQL grammar []
2026-10-10 12:13:55.392 [scheduling-1] [] WARN  c.c.g.runtime.audit.AuditRetryTask - [AuditRetry] 到期行拉取失败（表缺失/DB 不可用）errType=BadSqlGrammarException msg=
### Error querying database.  Cause: org.postgresql.util.PSQLException: ERROR: relation "public.ecos_runtime_audit_retry" does not exist
  位置：256
### The error may exist in com/chinacreator/gzcm/runtime/audit/mapper/AuditRetryMapper.java (best guess)
### The error may involve com.chinacreator.gzcm.runtime.audit.mapper.AuditRetryMapper.listDue-Inline
### The error occurred while setting parameters
### SQL: SELECT id, event_type AS eventType, payload, attempts, next_retry_at AS nextRetryAt, last_error AS lastError, status, trace_id AS traceId, create_time AS createTime, update_time AS updateTime, version_no AS versionNo, is_deleted AS isDeleted, domain FROM public.ecos_runtime_audit_retry WHERE is_deleted = 0 AND status = 'pending' AND next_retry_at <= ? ORDER BY next_retry_at ASC LIMIT ?
### Cause: org.postgresql.util.PSQLException: ERROR: relation "public.ecos_runtime_audit_retry" does not exist
  位置：256
; bad SQL grammar []
2026-10-10 12:14:55.420 [scheduling-1] [] WARN  c.c.g.runtime.audit.AuditRetryTask - [AuditRetry] 到期行拉取失败（表缺失/DB 不可用）errType=BadSqlGrammarException msg=
### Error querying database.  Cause: org.postgresql.util.PSQLException: ERROR: relation "public.ecos_runtime_audit_retry" does not exist
  位置：256
### The error may exist in com/chinacreator/gzcm/runtime/audit/mapper/AuditRetryMapper.java (best guess)
### The error may involve com.chinacreator.gzcm.runtime.audit.mapper.AuditRetryMapper.listDue-Inline
### The error occurred while setting parameters
### SQL: SELECT id, event_type AS eventType, payload, attempts, next_retry_at AS nextRetryAt, last_error AS lastError, status, trace_id AS traceId, create_time AS createTime, update_time AS updateTime, version_no AS versionNo, is_deleted AS isDeleted, domain FROM public.ecos_runtime_audit_retry WHERE is_deleted = 0 AND status = 'pending' AND next_retry_at <= ? ORDER BY next_retry_at ASC LIMIT ?
### Cause: org.postgresql.util.PSQLException: ERROR: relation "public.ecos_runtime_audit_retry" does not exist
  位置：256
; bad SQL grammar []
2026-10-10 12:15:55.437 [scheduling-1] [] WARN  c.c.g.runtime.audit.AuditRetryTask - [AuditRetry] 到期行拉取失败（表缺失/DB 不可用）errType=BadSqlGrammarException msg=
### Error querying database.  Cause: org.postgresql.util.PSQLException: ERROR: relation "public.ecos_runtime_audit_retry" does not exist
  位置：256
### The error may exist in com/chinacreator/gzcm/runtime/audit/mapper/AuditRetryMapper.java (best guess)
### The error may involve com.chinacreator.gzcm.runtime.audit.mapper.AuditRetryMapper.listDue-Inline
### The error occurred while setting parameters
### SQL: SELECT id, event_type AS eventType, payload, attempts, next_retry_at AS nextRetryAt, last_error AS lastError, status, trace_id AS traceId, create_time AS createTime, update_time AS updateTime, version_no AS versionNo, is_deleted AS isDeleted, domain FROM public.ecos_runtime_audit_retry WHERE is_deleted = 0 AND status = 'pending' AND next_retry_at <= ? ORDER BY next_retry_at ASC LIMIT ?
### Cause: org.postgresql.util.PSQLException: ERROR: relation "public.ecos_runtime_audit_retry" does not exist
  位置：256
; bad SQL grammar []
2026-10-10 12:16:23.412 [scheduling-1] [] WARN  c.c.gzcm.runtime.dlq.DltLagChecker - [DltLagChecker] AdminClient 创建失败 errType=KafkaException msg=Failed to create new KafkaAdminClient
2026-10-10 12:16:23.413 [scheduling-1] [] WARN  c.c.gzcm.runtime.dlq.DltLagChecker - [DltLagChecker] AdminClient 不可用（bootstrap=localhost:9092），本轮降级跳过
2026-10-10 12:16:55.456 [scheduling-1] [] WARN  c.c.g.runtime.audit.AuditRetryTask - [AuditRetry] 到期行拉取失败（表缺失/DB 不可用）errType=BadSqlGrammarException msg=
### Error querying database.  Cause: org.postgresql.util.PSQLException: ERROR: relation "public.ecos_runtime_audit_retry" does not exist
  位置：256
### The error may exist in com/chinacreator/gzcm/runtime/audit/mapper/AuditRetryMapper.java (best guess)
### The error may involve com.chinacreator.gzcm.runtime.audit.mapper.AuditRetryMapper.listDue-Inline
### The error occurred while setting parameters
### SQL: SELECT id, event_type AS eventType, payload, attempts, next_retry_at AS nextRetryAt, last_error AS lastError, status, trace_id AS traceId, create_time AS createTime, update_time AS updateTime, version_no AS versionNo, is_deleted AS isDeleted, domain FROM public.ecos_runtime_audit_retry WHERE is_deleted = 0 AND status = 'pending' AND next_retry_at <= ? ORDER BY next_retry_at ASC LIMIT ?
### Cause: org.postgresql.util.PSQLException: ERROR: relation "public.ecos_runtime_audit_retry" does not exist
  位置：256
; bad SQL grammar []
2026-10-10 12:17:55.477 [scheduling-1] [] WARN  c.c.g.runtime.audit.AuditRetryTask - [AuditRetry] 到期行拉取失败（表缺失/DB 不可用）errType=BadSqlGrammarException msg=
### Error querying database.  Cause: org.postgresql.util.PSQLException: ERROR: relation "public.ecos_runtime_audit_retry" does not exist
  位置：256
### The error may exist in com/chinacreator/gzcm/runtime/audit/mapper/AuditRetryMapper.java (best guess)
### The error may involve com.chinacreator.gzcm.runtime.audit.mapper.AuditRetryMapper.listDue-Inline
### The error occurred while setting parameters
### SQL: SELECT id, event_type AS eventType, payload, attempts, next_retry_at AS nextRetryAt, last_error AS lastError, status, trace_id AS traceId, create_time AS createTime, update_time AS updateTime, version_no AS versionNo, is_deleted AS isDeleted, domain FROM public.ecos_runtime_audit_retry WHERE is_deleted = 0 AND status = 'pending' AND next_retry_at <= ? ORDER BY next_retry_at ASC LIMIT ?
### Cause: org.postgresql.util.PSQLException: ERROR: relation "public.ecos_runtime_audit_retry" does not exist
  位置：256
; bad SQL grammar []
2026-10-10 12:18:55.492 [scheduling-1] [] WARN  c.c.g.runtime.audit.AuditRetryTask - [AuditRetry] 到期行拉取失败（表缺失/DB 不可用）errType=BadSqlGrammarException msg=
### Error querying database.  Cause: org.postgresql.util.PSQLException: ERROR: relation "public.ecos_runtime_audit_retry" does not exist
  位置：256
### The error may exist in com/chinacreator/gzcm/runtime/audit/mapper/AuditRetryMapper.java (best guess)
### The error may involve com.chinacreator.gzcm.runtime.audit.mapper.AuditRetryMapper.listDue-Inline
### The error occurred while setting parameters
### SQL: SELECT id, event_type AS eventType, payload, attempts, next_retry_at AS nextRetryAt, last_error AS lastError, status, trace_id AS traceId, create_time AS createTime, update_time AS updateTime, version_no AS versionNo, is_deleted AS isDeleted, domain FROM public.ecos_runtime_audit_retry WHERE is_deleted = 0 AND status = 'pending' AND next_retry_at <= ? ORDER BY next_retry_at ASC LIMIT ?
### Cause: org.postgresql.util.PSQLException: ERROR: relation "public.ecos_runtime_audit_retry" does not exist
  位置：256
; bad SQL grammar []
2026-10-10 12:19:55.501 [scheduling-1] [] WARN  c.c.g.runtime.audit.AuditRetryTask - [AuditRetry] 到期行拉取失败（表缺失/DB 不可用）errType=BadSqlGrammarException msg=
### Error querying database.  Cause: org.postgresql.util.PSQLException: ERROR: relation "public.ecos_runtime_audit_retry" does not exist
  位置：256
### The error may exist in com/chinacreator/gzcm/runtime/audit/mapper/AuditRetryMapper.java (best guess)
### The error may involve com.chinacreator.gzcm.runtime.audit.mapper.AuditRetryMapper.listDue-Inline
### The error occurred while setting parameters
### SQL: SELECT id, event_type AS eventType, payload, attempts, next_retry_at AS nextRetryAt, last_error AS lastError, status, trace_id AS traceId, create_time AS createTime, update_time AS updateTime, version_no AS versionNo, is_deleted AS isDeleted, domain FROM public.ecos_runtime_audit_retry WHERE is_deleted = 0 AND status = 'pending' AND next_retry_at <= ? ORDER BY next_retry_at ASC LIMIT ?
### Cause: org.postgresql.util.PSQLException: ERROR: relation "public.ecos_runtime_audit_retry" does not exist
  位置：256
; bad SQL grammar []
2026-10-10 12:20:55.508 [scheduling-1] [] WARN  c.c.g.runtime.audit.AuditRetryTask - [AuditRetry] 到期行拉取失败（表缺失/DB 不可用）errType=BadSqlGrammarException msg=
### Error querying database.  Cause: org.postgresql.util.PSQLException: ERROR: relation "public.ecos_runtime_audit_retry" does not exist
  位置：256
### The error may exist in com/chinacreator/gzcm/runtime/audit/mapper/AuditRetryMapper.java (best guess)
### The error may involve com.chinacreator.gzcm.runtime.audit.mapper.AuditRetryMapper.listDue-Inline
### The error occurred while setting parameters
### SQL: SELECT id, event_type AS eventType, payload, attempts, next_retry_at AS nextRetryAt, last_error AS lastError, status, trace_id AS traceId, create_time AS createTime, update_time AS updateTime, version_no AS versionNo, is_deleted AS isDeleted, domain FROM public.ecos_runtime_audit_retry WHERE is_deleted = 0 AND status = 'pending' AND next_retry_at <= ? ORDER BY next_retry_at ASC LIMIT ?
### Cause: org.postgresql.util.PSQLException: ERROR: relation "public.ecos_runtime_audit_retry" does not exist
  位置：256
; bad SQL grammar []
2026-10-10 12:21:23.433 [scheduling-1] [] WARN  c.c.gzcm.runtime.dlq.DltLagChecker - [DltLagChecker] AdminClient 创建失败 errType=KafkaException msg=Failed to create new KafkaAdminClient
2026-10-10 12:21:23.434 [scheduling-1] [] WARN  c.c.gzcm.runtime.dlq.DltLagChecker - [DltLagChecker] AdminClient 不可用（bootstrap=localhost:9092），本轮降级跳过
2026-10-10 12:21:55.530 [scheduling-1] [] WARN  c.c.g.runtime.audit.AuditRetryTask - [AuditRetry] 到期行拉取失败（表缺失/DB 不可用）errType=BadSqlGrammarException msg=
### Error querying database.  Cause: org.postgresql.util.PSQLException: ERROR: relation "public.ecos_runtime_audit_retry" does not exist
  位置：256
### The error may exist in com/chinacreator/gzcm/runtime/audit/mapper/AuditRetryMapper.java (best guess)
### The error may involve com.chinacreator.gzcm.runtime.audit.mapper.AuditRetryMapper.listDue-Inline
### The error occurred while setting parameters
### SQL: SELECT id, event_type AS eventType, payload, attempts, next_retry_at AS nextRetryAt, last_error AS lastError, status, trace_id AS traceId, create_time AS createTime, update_time AS updateTime, version_no AS versionNo, is_deleted AS isDeleted, domain FROM public.ecos_runtime_audit_retry WHERE is_deleted = 0 AND status = 'pending' AND next_retry_at <= ? ORDER BY next_retry_at ASC LIMIT ?
### Cause: org.postgresql.util.PSQLException: ERROR: relation "public.ecos_runtime_audit_retry" does not exist
  位置：256
; bad SQL grammar []
2026-10-10 12:22:55.543 [scheduling-1] [] WARN  c.c.g.runtime.audit.AuditRetryTask - [AuditRetry] 到期行拉取失败（表缺失/DB 不可用）errType=BadSqlGrammarException msg=
### Error querying database.  Cause: org.postgresql.util.PSQLException: ERROR: relation "public.ecos_runtime_audit_retry" does not exist
  位置：256
### The error may exist in com/chinacreator/gzcm/runtime/audit/mapper/AuditRetryMapper.java (best guess)
### The error may involve com.chinacreator.gzcm.runtime.audit.mapper.AuditRetryMapper.listDue-Inline
### The error occurred while setting parameters
### SQL: SELECT id, event_type AS eventType, payload, attempts, next_retry_at AS nextRetryAt, last_error AS lastError, status, trace_id AS traceId, create_time AS createTime, update_time AS updateTime, version_no AS versionNo, is_deleted AS isDeleted, domain FROM public.ecos_runtime_audit_retry WHERE is_deleted = 0 AND status = 'pending' AND next_retry_at <= ? ORDER BY next_retry_at ASC LIMIT ?
### Cause: org.postgresql.util.PSQLException: ERROR: relation "public.ecos_runtime_audit_retry" does not exist
  位置：256
; bad SQL grammar []
2026-10-10 12:23:55.565 [scheduling-1] [] WARN  c.c.g.runtime.audit.AuditRetryTask - [AuditRetry] 到期行拉取失败（表缺失/DB 不可用）errType=BadSqlGrammarException msg=
### Error querying database.  Cause: org.postgresql.util.PSQLException: ERROR: relation "public.ecos_runtime_audit_retry" does not exist
  位置：256
### The error may exist in com/chinacreator/gzcm/runtime/audit/mapper/AuditRetryMapper.java (best guess)
### The error may involve com.chinacreator.gzcm.runtime.audit.mapper.AuditRetryMapper.listDue-Inline
### The error occurred while setting parameters
### SQL: SELECT id, event_type AS eventType, payload, attempts, next_retry_at AS nextRetryAt, last_error AS lastError, status, trace_id AS traceId, create_time AS createTime, update_time AS updateTime, version_no AS versionNo, is_deleted AS isDeleted, domain FROM public.ecos_runtime_audit_retry WHERE is_deleted = 0 AND status = 'pending' AND next_retry_at <= ? ORDER BY next_retry_at ASC LIMIT ?
### Cause: org.postgresql.util.PSQLException: ERROR: relation "public.ecos_runtime_audit_retry" does not exist
  位置：256
; bad SQL grammar []
2026-10-10 12:24:55.575 [scheduling-1] [] WARN  c.c.g.runtime.audit.AuditRetryTask - [AuditRetry] 到期行拉取失败（表缺失/DB 不可用）errType=BadSqlGrammarException msg=
### Error querying database.  Cause: org.postgresql.util.PSQLException: ERROR: relation "public.ecos_runtime_audit_retry" does not exist
  位置：256
### The error may exist in com/chinacreator/gzcm/runtime/audit/mapper/AuditRetryMapper.java (best guess)
### The error may involve com.chinacreator.gzcm.runtime.audit.mapper.AuditRetryMapper.listDue-Inline
### The error occurred while setting parameters
### SQL: SELECT id, event_type AS eventType, payload, attempts, next_retry_at AS nextRetryAt, last_error AS lastError, status, trace_id AS traceId, create_time AS createTime, update_time AS updateTime, version_no AS versionNo, is_deleted AS isDeleted, domain FROM public.ecos_runtime_audit_retry WHERE is_deleted = 0 AND status = 'pending' AND next_retry_at <= ? ORDER BY next_retry_at ASC LIMIT ?
### Cause: org.postgresql.util.PSQLException: ERROR: relation "public.ecos_runtime_audit_retry" does not exist
  位置：256
; bad SQL grammar []
2026-10-10 12:25:55.595 [scheduling-1] [] WARN  c.c.g.runtime.audit.AuditRetryTask - [AuditRetry] 到期行拉取失败（表缺失/DB 不可用）errType=BadSqlGrammarException msg=
### Error querying database.  Cause: org.postgresql.util.PSQLException: ERROR: relation "public.ecos_runtime_audit_retry" does not exist
  位置：256
### The error may exist in com/chinacreator/gzcm/runtime/audit/mapper/AuditRetryMapper.java (best guess)
### The error may involve com.chinacreator.gzcm.runtime.audit.mapper.AuditRetryMapper.listDue-Inline
### The error occurred while setting parameters
### SQL: SELECT id, event_type AS eventType, payload, attempts, next_retry_at AS nextRetryAt, last_error AS lastError, status, trace_id AS traceId, create_time AS createTime, update_time AS updateTime, version_no AS versionNo, is_deleted AS isDeleted, domain FROM public.ecos_runtime_audit_retry WHERE is_deleted = 0 AND status = 'pending' AND next_retry_at <= ? ORDER BY next_retry_at ASC LIMIT ?
### Cause: org.postgresql.util.PSQLException: ERROR: relation "public.ecos_runtime_audit_retry" does not exist
  位置：256
; bad SQL grammar []
2026-10-10 12:26:23.449 [scheduling-1] [] WARN  c.c.gzcm.runtime.dlq.DltLagChecker - [DltLagChecker] AdminClient 创建失败 errType=KafkaException msg=Failed to create new KafkaAdminClient
2026-10-10 12:26:23.460 [scheduling-1] [] WARN  c.c.gzcm.runtime.dlq.DltLagChecker - [DltLagChecker] AdminClient 不可用（bootstrap=localhost:9092），本轮降级跳过
2026-10-10 12:26:55.614 [scheduling-1] [] WARN  c.c.g.runtime.audit.AuditRetryTask - [AuditRetry] 到期行拉取失败（表缺失/DB 不可用）errType=BadSqlGrammarException msg=
### Error querying database.  Cause: org.postgresql.util.PSQLException: ERROR: relation "public.ecos_runtime_audit_retry" does not exist
  位置：256
### The error may exist in com/chinacreator/gzcm/runtime/audit/mapper/AuditRetryMapper.java (best guess)
### The error may involve com.chinacreator.gzcm.runtime.audit.mapper.AuditRetryMapper.listDue-Inline
### The error occurred while setting parameters
### SQL: SELECT id, event_type AS eventType, payload, attempts, next_retry_at AS nextRetryAt, last_error AS lastError, status, trace_id AS traceId, create_time AS createTime, update_time AS updateTime, version_no AS versionNo, is_deleted AS isDeleted, domain FROM public.ecos_runtime_audit_retry WHERE is_deleted = 0 AND status = 'pending' AND next_retry_at <= ? ORDER BY next_retry_at ASC LIMIT ?
### Cause: org.postgresql.util.PSQLException: ERROR: relation "public.ecos_runtime_audit_retry" does not exist
  位置：256
; bad SQL grammar []
2026-10-10 12:27:55.631 [scheduling-1] [] WARN  c.c.g.runtime.audit.AuditRetryTask - [AuditRetry] 到期行拉取失败（表缺失/DB 不可用）errType=BadSqlGrammarException msg=
### Error querying database.  Cause: org.postgresql.util.PSQLException: ERROR: relation "public.ecos_runtime_audit_retry" does not exist
  位置：256
### The error may exist in com/chinacreator/gzcm/runtime/audit/mapper/AuditRetryMapper.java (best guess)
### The error may involve com.chinacreator.gzcm.runtime.audit.mapper.AuditRetryMapper.listDue-Inline
### The error occurred while setting parameters
### SQL: SELECT id, event_type AS eventType, payload, attempts, next_retry_at AS nextRetryAt, last_error AS lastError, status, trace_id AS traceId, create_time AS createTime, update_time AS updateTime, version_no AS versionNo, is_deleted AS isDeleted, domain FROM public.ecos_runtime_audit_retry WHERE is_deleted = 0 AND status = 'pending' AND next_retry_at <= ? ORDER BY next_retry_at ASC LIMIT ?
### Cause: org.postgresql.util.PSQLException: ERROR: relation "public.ecos_runtime_audit_retry" does not exist
  位置：256
; bad SQL grammar []
2026-10-10 12:28:55.650 [scheduling-1] [] WARN  c.c.g.runtime.audit.AuditRetryTask - [AuditRetry] 到期行拉取失败（表缺失/DB 不可用）errType=BadSqlGrammarException msg=
### Error querying database.  Cause: org.postgresql.util.PSQLException: ERROR: relation "public.ecos_runtime_audit_retry" does not exist
  位置：256
### The error may exist in com/chinacreator/gzcm/runtime/audit/mapper/AuditRetryMapper.java (best guess)
### The error may involve com.chinacreator.gzcm.runtime.audit.mapper.AuditRetryMapper.listDue-Inline
### The error occurred while setting parameters
### SQL: SELECT id, event_type AS eventType, payload, attempts, next_retry_at AS nextRetryAt, last_error AS lastError, status, trace_id AS traceId, create_time AS createTime, update_time AS updateTime, version_no AS versionNo, is_deleted AS isDeleted, domain FROM public.ecos_runtime_audit_retry WHERE is_deleted = 0 AND status = 'pending' AND next_retry_at <= ? ORDER BY next_retry_at ASC LIMIT ?
### Cause: org.postgresql.util.PSQLException: ERROR: relation "public.ecos_runtime_audit_retry" does not exist
  位置：256
; bad SQL grammar []
2026-10-10 12:29:55.668 [scheduling-1] [] WARN  c.c.g.runtime.audit.AuditRetryTask - [AuditRetry] 到期行拉取失败（表缺失/DB 不可用）errType=BadSqlGrammarException msg=
### Error querying database.  Cause: org.postgresql.util.PSQLException: ERROR: relation "public.ecos_runtime_audit_retry" does not exist
  位置：256
### The error may exist in com/chinacreator/gzcm/runtime/audit/mapper/AuditRetryMapper.java (best guess)
### The error may involve com.chinacreator.gzcm.runtime.audit.mapper.AuditRetryMapper.listDue-Inline
### The error occurred while setting parameters
### SQL: SELECT id, event_type AS eventType, payload, attempts, next_retry_at AS nextRetryAt, last_error AS lastError, status, trace_id AS traceId, create_time AS createTime, update_time AS updateTime, version_no AS versionNo, is_deleted AS isDeleted, domain FROM public.ecos_runtime_audit_retry WHERE is_deleted = 0 AND status = 'pending' AND next_retry_at <= ? ORDER BY next_retry_at ASC LIMIT ?
### Cause: org.postgresql.util.PSQLException: ERROR: relation "public.ecos_runtime_audit_retry" does not exist
  位置：256
; bad SQL grammar []
2026-10-10 12:30:55.685 [scheduling-1] [] WARN  c.c.g.runtime.audit.AuditRetryTask - [AuditRetry] 到期行拉取失败（表缺失/DB 不可用）errType=BadSqlGrammarException msg=
### Error querying database.  Cause: org.postgresql.util.PSQLException: ERROR: relation "public.ecos_runtime_audit_retry" does not exist
  位置：256
### The error may exist in com/chinacreator/gzcm/runtime/audit/mapper/AuditRetryMapper.java (best guess)
### The error may involve com.chinacreator.gzcm.runtime.audit.mapper.AuditRetryMapper.listDue-Inline
### The error occurred while setting parameters
### SQL: SELECT id, event_type AS eventType, payload, attempts, next_retry_at AS nextRetryAt, last_error AS lastError, status, trace_id AS traceId, create_time AS createTime, update_time AS updateTime, version_no AS versionNo, is_deleted AS isDeleted, domain FROM public.ecos_runtime_audit_retry WHERE is_deleted = 0 AND status = 'pending' AND next_retry_at <= ? ORDER BY next_retry_at ASC LIMIT ?
### Cause: org.postgresql.util.PSQLException: ERROR: relation "public.ecos_runtime_audit_retry" does not exist
  位置：256
; bad SQL grammar []
2026-10-10 12:31:23.482 [scheduling-1] [] WARN  c.c.gzcm.runtime.dlq.DltLagChecker - [DltLagChecker] AdminClient 创建失败 errType=KafkaException msg=Failed to create new KafkaAdminClient
2026-10-10 12:31:23.484 [scheduling-1] [] WARN  c.c.gzcm.runtime.dlq.DltLagChecker - [DltLagChecker] AdminClient 不可用（bootstrap=localhost:9092），本轮降级跳过
2026-10-10 12:31:55.702 [scheduling-1] [] WARN  c.c.g.runtime.audit.AuditRetryTask - [AuditRetry] 到期行拉取失败（表缺失/DB 不可用）errType=BadSqlGrammarException msg=
### Error querying database.  Cause: org.postgresql.util.PSQLException: ERROR: relation "public.ecos_runtime_audit_retry" does not exist
  位置：256
### The error may exist in com/chinacreator/gzcm/runtime/audit/mapper/AuditRetryMapper.java (best guess)
### The error may involve com.chinacreator.gzcm.runtime.audit.mapper.AuditRetryMapper.listDue-Inline
### The error occurred while setting parameters
### SQL: SELECT id, event_type AS eventType, payload, attempts, next_retry_at AS nextRetryAt, last_error AS lastError, status, trace_id AS traceId, create_time AS createTime, update_time AS updateTime, version_no AS versionNo, is_deleted AS isDeleted, domain FROM public.ecos_runtime_audit_retry WHERE is_deleted = 0 AND status = 'pending' AND next_retry_at <= ? ORDER BY next_retry_at ASC LIMIT ?
### Cause: org.postgresql.util.PSQLException: ERROR: relation "public.ecos_runtime_audit_retry" does not exist
  位置：256
; bad SQL grammar []
2026-10-10 12:32:55.733 [scheduling-1] [] WARN  c.c.g.runtime.audit.AuditRetryTask - [AuditRetry] 到期行拉取失败（表缺失/DB 不可用）errType=BadSqlGrammarException msg=
### Error querying database.  Cause: org.postgresql.util.PSQLException: ERROR: relation "public.ecos_runtime_audit_retry" does not exist
  位置：256
### The error may exist in com/chinacreator/gzcm/runtime/audit/mapper/AuditRetryMapper.java (best guess)
### The error may involve com.chinacreator.gzcm.runtime.audit.mapper.AuditRetryMapper.listDue-Inline
### The error occurred while setting parameters
### SQL: SELECT id, event_type AS eventType, payload, attempts, next_retry_at AS nextRetryAt, last_error AS lastError, status, trace_id AS traceId, create_time AS createTime, update_time AS updateTime, version_no AS versionNo, is_deleted AS isDeleted, domain FROM public.ecos_runtime_audit_retry WHERE is_deleted = 0 AND status = 'pending' AND next_retry_at <= ? ORDER BY next_retry_at ASC LIMIT ?
### Cause: org.postgresql.util.PSQLException: ERROR: relation "public.ecos_runtime_audit_retry" does not exist
  位置：256
; bad SQL grammar []
2026-10-10 12:33:55.757 [scheduling-1] [] WARN  c.c.g.runtime.audit.AuditRetryTask - [AuditRetry] 到期行拉取失败（表缺失/DB 不可用）errType=BadSqlGrammarException msg=
### Error querying database.  Cause: org.postgresql.util.PSQLException: ERROR: relation "public.ecos_runtime_audit_retry" does not exist
  位置：256
### The error may exist in com/chinacreator/gzcm/runtime/audit/mapper/AuditRetryMapper.java (best guess)
### The error may involve com.chinacreator.gzcm.runtime.audit.mapper.AuditRetryMapper.listDue-Inline
### The error occurred while setting parameters
### SQL: SELECT id, event_type AS eventType, payload, attempts, next_retry_at AS nextRetryAt, last_error AS lastError, status, trace_id AS traceId, create_time AS createTime, update_time AS updateTime, version_no AS versionNo, is_deleted AS isDeleted, domain FROM public.ecos_runtime_audit_retry WHERE is_deleted = 0 AND status = 'pending' AND next_retry_at <= ? ORDER BY next_retry_at ASC LIMIT ?
### Cause: org.postgresql.util.PSQLException: ERROR: relation "public.ecos_runtime_audit_retry" does not exist
  位置：256
; bad SQL grammar []
2026-10-10 12:34:11.916 [ecos-dlt-consumer-ecos.catalog.DLT-C-1] [] WARN  o.apache.kafka.clients.NetworkClient - [Consumer clientId=consumer-ecos-dlt-consumer-3, groupId=ecos-dlt-consumer] Connection to node 1 (localhost/127.0.0.1:9092) could not be established. Broker may not be available.
2026-10-10 12:34:11.917 [ecos-dlt-consumer-ecos.identity.DLT-C-1] [] WARN  o.apache.kafka.clients.NetworkClient - [Consumer clientId=consumer-ecos-dlt-consumer-6, groupId=ecos-dlt-consumer] Connection to node 1 (localhost/127.0.0.1:9092) could not be established. Broker may not be available.
2026-10-10 12:34:11.942 [ecos-dlt-consumer-ecos.object.DLT-C-1] [] WARN  o.apache.kafka.clients.NetworkClient - [Consumer clientId=consumer-ecos-dlt-consumer-8, groupId=ecos-dlt-consumer] Connection to node 1 (localhost/127.0.0.1:9092) could not be established. Broker may not be available.
2026-10-10 12:34:11.979 [ecos-dlt-consumer-ecos.agent.DLT-C-1] [] WARN  o.apache.kafka.clients.NetworkClient - [Consumer clientId=consumer-ecos-dlt-consumer-1, groupId=ecos-dlt-consumer] Connection to node 1 (localhost/127.0.0.1:9092) could not be established. Broker may not be available.
2026-10-10 12:34:11.979 [ecos-dlt-consumer-ecos.cognitive.DLT-C-1] [] WARN  o.apache.kafka.clients.NetworkClient - [Consumer clientId=consumer-ecos-dlt-consumer-4, groupId=ecos-dlt-consumer] Connection to node 1 (localhost/127.0.0.1:9092) could not be established. Broker may not be available.
2026-10-10 12:34:12.039 [ecos-dlt-consumer-ecos.audit.DLT-C-1] [] WARN  o.apache.kafka.clients.NetworkClient - [Consumer clientId=consumer-ecos-dlt-consumer-2, groupId=ecos-dlt-consumer] Connection to node 1 (localhost/127.0.0.1:9092) could not be established. Broker may not be available.
2026-10-10 12:34:12.041 [ecos-dlt-consumer-ecos.knowledge.DLT-C-1] [] WARN  o.apache.kafka.clients.NetworkClient - [Consumer clientId=consumer-ecos-dlt-consumer-7, groupId=ecos-dlt-consumer] Connection to node 1 (localhost/127.0.0.1:9092) could not be established. Broker may not be available.
2026-10-10 12:34:12.042 [ecos-dlt-consumer-ecos.ontology.published.DLT-C-1] [] WARN  o.apache.kafka.clients.NetworkClient - [Consumer clientId=consumer-ecos-dlt-consumer-10, groupId=ecos-dlt-consumer] Connection to node 1 (localhost/127.0.0.1:9092) could not be established. Broker may not be available.
2026-10-10 12:34:12.055 [ecos-dlt-consumer-ecos.workflow.DLT-C-1] [] WARN  o.apache.kafka.clients.NetworkClient - [Consumer clientId=consumer-ecos-dlt-consumer-11, groupId=ecos-dlt-consumer] Connection to node 1 (localhost/127.0.0.1:9092) could not be established. Broker may not be available.
2026-10-10 12:34:12.165 [ecos-dlt-consumer-ecos.data.security-tagged.DLT-C-1] [] WARN  o.apache.kafka.clients.NetworkClient - [Consumer clientId=consumer-ecos-dlt-consumer-5, groupId=ecos-dlt-consumer] Connection to node 1 (localhost/127.0.0.1:9092) could not be established. Broker may not be available.
2026-10-10 12:34:12.175 [ecos-dlt-consumer-ecos.ontology.DLT-C-1] [] WARN  o.apache.kafka.clients.NetworkClient - [Consumer clientId=consumer-ecos-dlt-consumer-9, groupId=ecos-dlt-consumer] Connection to node 1 (localhost/127.0.0.1:9092) could not be established. Broker may not be available.
2026-10-10 12:34:36.857 [ecos-dlt-consumer-ecos.knowledge.DLT-C-1] [] WARN  o.apache.kafka.clients.NetworkClient - [Consumer clientId=consumer-ecos-dlt-consumer-7, groupId=ecos-dlt-consumer] Error while fetching metadata with correlation id 1126 : {ecos.knowledge.DLT=LEADER_NOT_AVAILABLE}
2026-10-10 12:34:36.857 [ecos-dlt-consumer-ecos.workflow.DLT-C-1] [] WARN  o.apache.kafka.clients.NetworkClient - [Consumer clientId=consumer-ecos-dlt-consumer-11, groupId=ecos-dlt-consumer] Error while fetching metadata with correlation id 1536 : {ecos.workflow.DLT=LEADER_NOT_AVAILABLE}
2026-10-10 12:34:36.861 [ecos-dlt-consumer-ecos.agent.DLT-C-1] [] WARN  o.apache.kafka.clients.NetworkClient - [Consumer clientId=consumer-ecos-dlt-consumer-1, groupId=ecos-dlt-consumer] Error while fetching metadata with correlation id 1538 : {ecos.agent.DLT=LEADER_NOT_AVAILABLE}
2026-10-10 12:34:36.864 [ecos-dlt-consumer-ecos.audit.DLT-C-1] [] WARN  o.apache.kafka.clients.NetworkClient - [Consumer clientId=consumer-ecos-dlt-consumer-2, groupId=ecos-dlt-consumer] Error while fetching metadata with correlation id 1535 : {ecos.audit.DLT=UNKNOWN_TOPIC_OR_PARTITION}
2026-10-10 12:34:36.974 [ecos-dlt-consumer-ecos.audit.DLT-C-1] [] WARN  o.apache.kafka.clients.NetworkClient - [Consumer clientId=consumer-ecos-dlt-consumer-2, groupId=ecos-dlt-consumer] Error while fetching metadata with correlation id 1537 : {ecos.audit.DLT=UNKNOWN_TOPIC_OR_PARTITION}
2026-10-10 12:34:36.984 [ecos-dlt-consumer-ecos.knowledge.DLT-C-1] [] WARN  o.apache.kafka.clients.NetworkClient - [Consumer clientId=consumer-ecos-dlt-consumer-7, groupId=ecos-dlt-consumer] Error while fetching metadata with correlation id 1128 : {ecos.knowledge.DLT=LEADER_NOT_AVAILABLE}
2026-10-10 12:34:36.992 [ecos-dlt-consumer-ecos.cognitive.DLT-C-1] [] WARN  o.apache.kafka.clients.NetworkClient - [Consumer clientId=consumer-ecos-dlt-consumer-4, groupId=ecos-dlt-consumer] Error while fetching metadata with correlation id 8183 : {ecos.cognitive.DLT=LEADER_NOT_AVAILABLE}
2026-10-10 12:34:36.996 [ecos-dlt-consumer-ecos.agent.DLT-C-1] [] WARN  o.apache.kafka.clients.NetworkClient - [Consumer clientId=consumer-ecos-dlt-consumer-1, groupId=ecos-dlt-consumer] Error while fetching metadata with correlation id 1540 : {ecos.agent.DLT=LEADER_NOT_AVAILABLE}
2026-10-10 12:34:37.002 [ecos-dlt-consumer-ecos.workflow.DLT-C-1] [] WARN  o.apache.kafka.clients.NetworkClient - [Consumer clientId=consumer-ecos-dlt-consumer-11, groupId=ecos-dlt-consumer] Error while fetching metadata with correlation id 1538 : {ecos.workflow.DLT=LEADER_NOT_AVAILABLE}
2026-10-10 12:34:37.008 [ecos-dlt-consumer-ecos.catalog.DLT-C-1] [] WARN  o.apache.kafka.clients.NetworkClient - [Consumer clientId=consumer-ecos-dlt-consumer-3, groupId=ecos-dlt-consumer] Error while fetching metadata with correlation id 8184 : {ecos.catalog.DLT=LEADER_NOT_AVAILABLE}
2026-10-10 12:34:37.025 [ecos-dlt-consumer-ecos.ontology.published.DLT-C-1] [] WARN  o.apache.kafka.clients.NetworkClient - [Consumer clientId=consumer-ecos-dlt-consumer-10, groupId=ecos-dlt-consumer] Error while fetching metadata with correlation id 8186 : {ecos.ontology.published.DLT=LEADER_NOT_AVAILABLE}
2026-10-10 12:34:37.037 [ecos-dlt-consumer-ecos.object.DLT-C-1] [] WARN  o.apache.kafka.clients.NetworkClient - [Consumer clientId=consumer-ecos-dlt-consumer-8, groupId=ecos-dlt-consumer] Error while fetching metadata with correlation id 1126 : {ecos.object.DLT=LEADER_NOT_AVAILABLE}
2026-10-10 12:34:37.146 [ecos-dlt-consumer-ecos.audit.DLT-C-1] [] WARN  o.apache.kafka.clients.NetworkClient - [Consumer clientId=consumer-ecos-dlt-consumer-2, groupId=ecos-dlt-consumer] Error while fetching metadata with correlation id 1539 : {ecos.audit.DLT=LEADER_NOT_AVAILABLE}
2026-10-10 12:34:37.171 [ecos-dlt-consumer-ecos.knowledge.DLT-C-1] [] WARN  o.apache.kafka.clients.NetworkClient - [Consumer clientId=consumer-ecos-dlt-consumer-7, groupId=ecos-dlt-consumer] Error while fetching metadata with correlation id 1130 : {ecos.knowledge.DLT=LEADER_NOT_AVAILABLE}
2026-10-10 12:34:37.176 [ecos-dlt-consumer-ecos.agent.DLT-C-1] [] WARN  o.apache.kafka.clients.NetworkClient - [Consumer clientId=consumer-ecos-dlt-consumer-1, groupId=ecos-dlt-consumer] Error while fetching metadata with correlation id 1542 : {ecos.agent.DLT=UNKNOWN_TOPIC_OR_PARTITION}
2026-10-10 12:34:37.209 [ecos-dlt-consumer-ecos.cognitive.DLT-C-1] [] WARN  o.apache.kafka.clients.NetworkClient - [Consumer clientId=consumer-ecos-dlt-consumer-4, groupId=ecos-dlt-consumer] Error while fetching metadata with correlation id 8185 : {ecos.cognitive.DLT=LEADER_NOT_AVAILABLE}
2026-10-10 12:34:37.219 [ecos-dlt-consumer-ecos.workflow.DLT-C-1] [] WARN  o.apache.kafka.clients.NetworkClient - [Consumer clientId=consumer-ecos-dlt-consumer-11, groupId=ecos-dlt-consumer] Error while fetching metadata with correlation id 1540 : {ecos.workflow.DLT=LEADER_NOT_AVAILABLE}
2026-10-10 12:34:37.231 [ecos-dlt-consumer-ecos.catalog.DLT-C-1] [] WARN  o.apache.kafka.clients.NetworkClient - [Consumer clientId=consumer-ecos-dlt-consumer-3, groupId=ecos-dlt-consumer] Error while fetching metadata with correlation id 8186 : {ecos.catalog.DLT=LEADER_NOT_AVAILABLE}
2026-10-10 12:34:37.256 [ecos-dlt-consumer-ecos.object.DLT-C-1] [] WARN  o.apache.kafka.clients.NetworkClient - [Consumer clientId=consumer-ecos-dlt-consumer-8, groupId=ecos-dlt-consumer] Error while fetching metadata with correlation id 1128 : {ecos.object.DLT=LEADER_NOT_AVAILABLE}
2026-10-10 12:34:37.260 [ecos-dlt-consumer-ecos.ontology.published.DLT-C-1] [] WARN  o.apache.kafka.clients.NetworkClient - [Consumer clientId=consumer-ecos-dlt-consumer-10, groupId=ecos-dlt-consumer] Error while fetching metadata with correlation id 8188 : {ecos.ontology.published.DLT=LEADER_NOT_AVAILABLE}
2026-10-10 12:34:37.406 [ecos-dlt-consumer-ecos.audit.DLT-C-1] [] WARN  o.apache.kafka.clients.NetworkClient - [Consumer clientId=consumer-ecos-dlt-consumer-2, groupId=ecos-dlt-consumer] Error while fetching metadata with correlation id 1541 : {ecos.audit.DLT=LEADER_NOT_AVAILABLE}
2026-10-10 12:34:37.416 [ecos-dlt-consumer-ecos.cognitive.DLT-C-1] [] WARN  o.apache.kafka.clients.NetworkClient - [Consumer clientId=consumer-ecos-dlt-consumer-4, groupId=ecos-dlt-consumer] Error while fetching metadata with correlation id 8187 : {ecos.cognitive.DLT=UNKNOWN_TOPIC_OR_PARTITION}
2026-10-10 12:34:37.426 [ecos-dlt-consumer-ecos.knowledge.DLT-C-1] [] WARN  o.apache.kafka.clients.NetworkClient - [Consumer clientId=consumer-ecos-dlt-consumer-7, groupId=ecos-dlt-consumer] Error while fetching metadata with correlation id 1132 : {ecos.knowledge.DLT=UNKNOWN_TOPIC_OR_PARTITION}
2026-10-10 12:34:37.476 [ecos-dlt-consumer-ecos.agent.DLT-C-1] [] WARN  o.apache.kafka.clients.NetworkClient - [Consumer clientId=consumer-ecos-dlt-consumer-1, groupId=ecos-dlt-consumer] Error while fetching metadata with correlation id 1544 : {ecos.agent.DLT=LEADER_NOT_AVAILABLE}
2026-10-10 12:34:37.519 [ecos-dlt-consumer-ecos.workflow.DLT-C-1] [] WARN  o.apache.kafka.clients.NetworkClient - [Consumer clientId=consumer-ecos-dlt-consumer-11, groupId=ecos-dlt-consumer] Error while fetching metadata with correlation id 1542 : {ecos.workflow.DLT=LEADER_NOT_AVAILABLE}
2026-10-10 12:34:37.549 [ecos-dlt-consumer-ecos.object.DLT-C-1] [] WARN  o.apache.kafka.clients.NetworkClient - [Consumer clientId=consumer-ecos-dlt-consumer-8, groupId=ecos-dlt-consumer] Error while fetching metadata with correlation id 1130 : {ecos.object.DLT=LEADER_NOT_AVAILABLE}
2026-10-10 12:34:37.587 [ecos-dlt-consumer-ecos.ontology.published.DLT-C-1] [] WARN  o.apache.kafka.clients.NetworkClient - [Consumer clientId=consumer-ecos-dlt-consumer-10, groupId=ecos-dlt-consumer] Error while fetching metadata with correlation id 8190 : {ecos.ontology.published.DLT=LEADER_NOT_AVAILABLE}
2026-10-10 12:34:37.689 [ecos-dlt-consumer-ecos.data.security-tagged.DLT-C-1] [] WARN  o.apache.kafka.clients.NetworkClient - [Consumer clientId=consumer-ecos-dlt-consumer-5, groupId=ecos-dlt-consumer] Error while fetching metadata with correlation id 1538 : {ecos.data.security-tagged.DLT=LEADER_NOT_AVAILABLE}
2026-10-10 12:34:37.743 [ecos-dlt-consumer-ecos.identity.DLT-C-1] [] WARN  o.apache.kafka.clients.NetworkClient - [Consumer clientId=consumer-ecos-dlt-consumer-6, groupId=ecos-dlt-consumer] Error while fetching metadata with correlation id 8186 : {ecos.identity.DLT=LEADER_NOT_AVAILABLE}
2026-10-10 12:34:37.804 [ecos-dlt-consumer-ecos.ontology.DLT-C-1] [] WARN  o.apache.kafka.clients.NetworkClient - [Consumer clientId=consumer-ecos-dlt-consumer-9, groupId=ecos-dlt-consumer] Error while fetching metadata with correlation id 1125 : {ecos.ontology.DLT=LEADER_NOT_AVAILABLE}
2026-10-10 12:34:37.819 [ecos-dlt-consumer-ecos.knowledge.DLT-C-1] [] WARN  o.apache.kafka.clients.NetworkClient - [Consumer clientId=consumer-ecos-dlt-consumer-7, groupId=ecos-dlt-consumer] Error while fetching metadata with correlation id 1134 : {ecos.knowledge.DLT=UNKNOWN_TOPIC_OR_PARTITION}
2026-10-10 12:34:37.889 [ecos-dlt-consumer-ecos.agent.DLT-C-1] [] WARN  o.apache.kafka.clients.NetworkClient - [Consumer clientId=consumer-ecos-dlt-consumer-1, groupId=ecos-dlt-consumer] Error while fetching metadata with correlation id 1546 : {ecos.agent.DLT=LEADER_NOT_AVAILABLE}
2026-10-10 12:34:37.926 [ecos-dlt-consumer-ecos.object.DLT-C-1] [] WARN  o.apache.kafka.clients.NetworkClient - [Consumer clientId=consumer-ecos-dlt-consumer-8, groupId=ecos-dlt-consumer] Error while fetching metadata with correlation id 1132 : {ecos.object.DLT=UNKNOWN_TOPIC_OR_PARTITION}
2026-10-10 12:34:37.951 [ecos-dlt-consumer-ecos.catalog.DLT-C-1] [] WARN  o.apache.kafka.clients.NetworkClient - [Consumer clientId=consumer-ecos-dlt-consumer-3, groupId=ecos-dlt-consumer] Error while fetching metadata with correlation id 8189 : {ecos.catalog.DLT=LEADER_NOT_AVAILABLE}
2026-10-10 12:34:37.976 [ecos-dlt-consumer-ecos.audit.DLT-C-1] [] WARN  o.apache.kafka.clients.NetworkClient - [Consumer clientId=consumer-ecos-dlt-consumer-2, groupId=ecos-dlt-consumer] Error while fetching metadata with correlation id 1544 : {ecos.audit.DLT=LEADER_NOT_AVAILABLE}
2026-10-10 12:34:37.981 [ecos-dlt-consumer-ecos.workflow.DLT-C-1] [] WARN  o.apache.kafka.clients.NetworkClient - [Consumer clientId=consumer-ecos-dlt-consumer-11, groupId=ecos-dlt-consumer] Error while fetching metadata with correlation id 1544 : {ecos.workflow.DLT=LEADER_NOT_AVAILABLE}
2026-10-10 12:34:37.988 [ecos-dlt-consumer-ecos.ontology.published.DLT-C-1] [] WARN  o.apache.kafka.clients.NetworkClient - [Consumer clientId=consumer-ecos-dlt-consumer-10, groupId=ecos-dlt-consumer] Error while fetching metadata with correlation id 8192 : {ecos.ontology.published.DLT=UNKNOWN_TOPIC_OR_PARTITION}
2026-10-10 12:34:38.047 [ecos-dlt-consumer-ecos.data.security-tagged.DLT-C-1] [] WARN  o.apache.kafka.clients.NetworkClient - [Consumer clientId=consumer-ecos-dlt-consumer-5, groupId=ecos-dlt-consumer] Error while fetching metadata with correlation id 1540 : {ecos.data.security-tagged.DLT=UNKNOWN_TOPIC_OR_PARTITION}
2026-10-10 12:34:38.061 [ecos-dlt-consumer-ecos.cognitive.DLT-C-1] [] WARN  o.apache.kafka.clients.NetworkClient - [Consumer clientId=consumer-ecos-dlt-consumer-4, groupId=ecos-dlt-consumer] Error while fetching metadata with correlation id 8190 : {ecos.cognitive.DLT=LEADER_NOT_AVAILABLE}
2026-10-10 12:34:38.229 [ecos-dlt-consumer-ecos.ontology.DLT-C-1] [] WARN  o.apache.kafka.clients.NetworkClient - [Consumer clientId=consumer-ecos-dlt-consumer-9, groupId=ecos-dlt-consumer] Error while fetching metadata with correlation id 1127 : {ecos.ontology.DLT=LEADER_NOT_AVAILABLE}
2026-10-10 12:34:38.243 [ecos-dlt-consumer-ecos.identity.DLT-C-1] [] WARN  o.apache.kafka.clients.NetworkClient - [Consumer clientId=consumer-ecos-dlt-consumer-6, groupId=ecos-dlt-consumer] Error while fetching metadata with correlation id 8189 : {ecos.identity.DLT=UNKNOWN_TOPIC_OR_PARTITION}
2026-10-10 12:34:38.266 [ecos-dlt-consumer-ecos.agent.DLT-C-1] [] WARN  o.apache.kafka.clients.NetworkClient - [Consumer clientId=consumer-ecos-dlt-consumer-1, groupId=ecos-dlt-consumer] Error while fetching metadata with correlation id 1548 : {ecos.agent.DLT=UNKNOWN_TOPIC_OR_PARTITION}
2026-10-10 12:34:38.283 [ecos-dlt-consumer-ecos.workflow.DLT-C-1] [] WARN  o.apache.kafka.clients.NetworkClient - [Consumer clientId=consumer-ecos-dlt-consumer-11, groupId=ecos-dlt-consumer] Error while fetching metadata with correlation id 1546 : {ecos.workflow.DLT=UNKNOWN_TOPIC_OR_PARTITION}
2026-10-10 12:34:38.308 [ecos-dlt-consumer-ecos.catalog.DLT-C-1] [] WARN  o.apache.kafka.clients.NetworkClient - [Consumer clientId=consumer-ecos-dlt-consumer-3, groupId=ecos-dlt-consumer] Error while fetching metadata with correlation id 8191 : {ecos.catalog.DLT=UNKNOWN_TOPIC_OR_PARTITION}
2026-10-10 12:34:38.351 [ecos-dlt-consumer-ecos.cognitive.DLT-C-1] [] WARN  o.apache.kafka.clients.NetworkClient - [Consumer clientId=consumer-ecos-dlt-consumer-4, groupId=ecos-dlt-consumer] Error while fetching metadata with correlation id 8192 : {ecos.cognitive.DLT=UNKNOWN_TOPIC_OR_PARTITION}
2026-10-10 12:34:38.399 [ecos-dlt-consumer-ecos.knowledge.DLT-C-1] [] WARN  o.apache.kafka.clients.NetworkClient - [Consumer clientId=consumer-ecos-dlt-consumer-7, groupId=ecos-dlt-consumer] Error while fetching metadata with correlation id 1137 : {ecos.knowledge.DLT=LEADER_NOT_AVAILABLE}
2026-10-10 12:34:38.403 [ecos-dlt-consumer-ecos.object.DLT-C-1] [] WARN  o.apache.kafka.clients.NetworkClient - [Consumer clientId=consumer-ecos-dlt-consumer-8, groupId=ecos-dlt-consumer] Error while fetching metadata with correlation id 1134 : {ecos.object.DLT=UNKNOWN_TOPIC_OR_PARTITION}
2026-10-10 12:34:38.428 [ecos-dlt-consumer-ecos.audit.DLT-C-1] [] WARN  o.apache.kafka.clients.NetworkClient - [Consumer clientId=consumer-ecos-dlt-consumer-2, groupId=ecos-dlt-consumer] Error while fetching metadata with correlation id 1546 : {ecos.audit.DLT=LEADER_NOT_AVAILABLE}
2026-10-10 12:34:38.430 [ecos-dlt-consumer-ecos.ontology.published.DLT-C-1] [] WARN  o.apache.kafka.clients.NetworkClient - [Consumer clientId=consumer-ecos-dlt-consumer-10, groupId=ecos-dlt-consumer] Error while fetching metadata with correlation id 8194 : {ecos.ontology.published.DLT=LEADER_NOT_AVAILABLE}
2026-10-10 12:34:38.466 [ecos-dlt-consumer-ecos.data.security-tagged.DLT-C-1] [] WARN  o.apache.kafka.clients.NetworkClient - [Consumer clientId=consumer-ecos-dlt-consumer-5, groupId=ecos-dlt-consumer] Error while fetching metadata with correlation id 1542 : {ecos.data.security-tagged.DLT=LEADER_NOT_AVAILABLE}
2026-10-10 12:34:38.498 [ecos-dlt-consumer-ecos.identity.DLT-C-1] [] WARN  o.apache.kafka.clients.NetworkClient - [Consumer clientId=consumer-ecos-dlt-consumer-6, groupId=ecos-dlt-consumer] Error while fetching metadata with correlation id 8191 : {ecos.identity.DLT=UNKNOWN_TOPIC_OR_PARTITION}
2026-10-10 12:34:38.498 [ecos-dlt-consumer-ecos.ontology.DLT-C-1] [] WARN  o.apache.kafka.clients.NetworkClient - [Consumer clientId=consumer-ecos-dlt-consumer-9, groupId=ecos-dlt-consumer] Error while fetching metadata with correlation id 1129 : {ecos.ontology.DLT=UNKNOWN_TOPIC_OR_PARTITION}
2026-10-10 12:34:38.539 [ecos-dlt-consumer-ecos.agent.DLT-C-1] [] WARN  o.apache.kafka.clients.NetworkClient - [Consumer clientId=consumer-ecos-dlt-consumer-1, groupId=ecos-dlt-consumer] Error while fetching metadata with correlation id 1550 : {ecos.agent.DLT=LEADER_NOT_AVAILABLE}
2026-10-10 12:34:38.554 [ecos-dlt-consumer-ecos.workflow.DLT-C-1] [] WARN  o.apache.kafka.clients.NetworkClient - [Consumer clientId=consumer-ecos-dlt-consumer-11, groupId=ecos-dlt-consumer] Error while fetching metadata with correlation id 1548 : {ecos.workflow.DLT=LEADER_NOT_AVAILABLE}
2026-10-10 12:34:38.561 [ecos-dlt-consumer-ecos.catalog.DLT-C-1] [] WARN  o.apache.kafka.clients.NetworkClient - [Consumer clientId=consumer-ecos-dlt-consumer-3, groupId=ecos-dlt-consumer] Error while fetching metadata with correlation id 8193 : {ecos.catalog.DLT=UNKNOWN_TOPIC_OR_PARTITION}
2026-10-10 12:34:38.596 [ecos-dlt-consumer-ecos.cognitive.DLT-C-1] [] WARN  o.apache.kafka.clients.NetworkClient - [Consumer clientId=consumer-ecos-dlt-consumer-4, groupId=ecos-dlt-consumer] Error while fetching metadata with correlation id 8194 : {ecos.cognitive.DLT=UNKNOWN_TOPIC_OR_PARTITION}
2026-10-10 12:34:38.631 [ecos-dlt-consumer-ecos.object.DLT-C-1] [] WARN  o.apache.kafka.clients.NetworkClient - [Consumer clientId=consumer-ecos-dlt-consumer-8, groupId=ecos-dlt-consumer] Error while fetching metadata with correlation id 1136 : {ecos.object.DLT=UNKNOWN_TOPIC_OR_PARTITION}
2026-10-10 12:34:38.633 [ecos-dlt-consumer-ecos.knowledge.DLT-C-1] [] WARN  o.apache.kafka.clients.NetworkClient - [Consumer clientId=consumer-ecos-dlt-consumer-7, groupId=ecos-dlt-consumer] Error while fetching metadata with correlation id 1139 : {ecos.knowledge.DLT=UNKNOWN_TOPIC_OR_PARTITION}
2026-10-10 12:34:38.647 [ecos-dlt-consumer-ecos.ontology.published.DLT-C-1] [] WARN  o.apache.kafka.clients.NetworkClient - [Consumer clientId=consumer-ecos-dlt-consumer-10, groupId=ecos-dlt-consumer] Error while fetching metadata with correlation id 8196 : {ecos.ontology.published.DLT=UNKNOWN_TOPIC_OR_PARTITION}
2026-10-10 12:34:38.662 [ecos-dlt-consumer-ecos.audit.DLT-C-1] [] WARN  o.apache.kafka.clients.NetworkClient - [Consumer clientId=consumer-ecos-dlt-consumer-2, groupId=ecos-dlt-consumer] Error while fetching metadata with correlation id 1548 : {ecos.audit.DLT=LEADER_NOT_AVAILABLE}
2026-10-10 12:34:38.666 [ecos-dlt-consumer-ecos.data.security-tagged.DLT-C-1] [] WARN  o.apache.kafka.clients.NetworkClient - [Consumer clientId=consumer-ecos-dlt-consumer-5, groupId=ecos-dlt-consumer] Error while fetching metadata with correlation id 1544 : {ecos.data.security-tagged.DLT=UNKNOWN_TOPIC_OR_PARTITION}
2026-10-10 12:34:38.722 [ecos-dlt-consumer-ecos.workflow.DLT-C-1] [] WARN  o.apache.kafka.clients.NetworkClient - [Consumer clientId=consumer-ecos-dlt-consumer-11, groupId=ecos-dlt-consumer] Error while fetching metadata with correlation id 1550 : {ecos.workflow.DLT=LEADER_NOT_AVAILABLE}
2026-10-10 12:34:38.731 [ecos-dlt-consumer-ecos.identity.DLT-C-1] [] WARN  o.apache.kafka.clients.NetworkClient - [Consumer clientId=consumer-ecos-dlt-consumer-6, groupId=ecos-dlt-consumer] Error while fetching metadata with correlation id 8193 : {ecos.identity.DLT=LEADER_NOT_AVAILABLE}
2026-10-10 12:34:38.731 [ecos-dlt-consumer-ecos.agent.DLT-C-1] [] WARN  o.apache.kafka.clients.NetworkClient - [Consumer clientId=consumer-ecos-dlt-consumer-1, groupId=ecos-dlt-consumer] Error while fetching metadata with correlation id 1552 : {ecos.agent.DLT=UNKNOWN_TOPIC_OR_PARTITION}
2026-10-10 12:34:38.732 [ecos-dlt-consumer-ecos.ontology.DLT-C-1] [] WARN  o.apache.kafka.clients.NetworkClient - [Consumer clientId=consumer-ecos-dlt-consumer-9, groupId=ecos-dlt-consumer] Error while fetching metadata with correlation id 1131 : {ecos.ontology.DLT=LEADER_NOT_AVAILABLE}
2026-10-10 12:34:38.732 [ecos-dlt-consumer-ecos.catalog.DLT-C-1] [] WARN  o.apache.kafka.clients.NetworkClient - [Consumer clientId=consumer-ecos-dlt-consumer-3, groupId=ecos-dlt-consumer] Error while fetching metadata with correlation id 8195 : {ecos.catalog.DLT=UNKNOWN_TOPIC_OR_PARTITION}
2026-10-10 12:34:38.744 [ecos-dlt-consumer-ecos.cognitive.DLT-C-1] [] WARN  o.apache.kafka.clients.NetworkClient - [Consumer clientId=consumer-ecos-dlt-consumer-4, groupId=ecos-dlt-consumer] Error while fetching metadata with correlation id 8196 : {ecos.cognitive.DLT=UNKNOWN_TOPIC_OR_PARTITION}
2026-10-10 12:34:38.785 [ecos-dlt-consumer-ecos.object.DLT-C-1] [] WARN  o.apache.kafka.clients.NetworkClient - [Consumer clientId=consumer-ecos-dlt-consumer-8, groupId=ecos-dlt-consumer] Error while fetching metadata with correlation id 1138 : {ecos.object.DLT=UNKNOWN_TOPIC_OR_PARTITION}
2026-10-10 12:34:38.794 [ecos-dlt-consumer-ecos.knowledge.DLT-C-1] [] WARN  o.apache.kafka.clients.NetworkClient - [Consumer clientId=consumer-ecos-dlt-consumer-7, groupId=ecos-dlt-consumer] Error while fetching metadata with correlation id 1141 : {ecos.knowledge.DLT=LEADER_NOT_AVAILABLE}
2026-10-10 12:34:38.820 [ecos-dlt-consumer-ecos.ontology.published.DLT-C-1] [] WARN  o.apache.kafka.clients.NetworkClient - [Consumer clientId=consumer-ecos-dlt-consumer-10, groupId=ecos-dlt-consumer] Error while fetching metadata with correlation id 8198 : {ecos.ontology.published.DLT=LEADER_NOT_AVAILABLE}
2026-10-10 12:34:38.838 [ecos-dlt-consumer-ecos.data.security-tagged.DLT-C-1] [] WARN  o.apache.kafka.clients.NetworkClient - [Consumer clientId=consumer-ecos-dlt-consumer-5, groupId=ecos-dlt-consumer] Error while fetching metadata with correlation id 1546 : {ecos.data.security-tagged.DLT=LEADER_NOT_AVAILABLE}
2026-10-10 12:34:38.855 [ecos-dlt-consumer-ecos.audit.DLT-C-1] [] WARN  o.apache.kafka.clients.NetworkClient - [Consumer clientId=consumer-ecos-dlt-consumer-2, groupId=ecos-dlt-consumer] Error while fetching metadata with correlation id 1550 : {ecos.audit.DLT=LEADER_NOT_AVAILABLE}
2026-10-10 12:34:38.962 [ecos-dlt-consumer-ecos.workflow.DLT-C-1] [] WARN  o.apache.kafka.clients.NetworkClient - [Consumer clientId=consumer-ecos-dlt-consumer-11, groupId=ecos-dlt-consumer] Error while fetching metadata with correlation id 1552 : {ecos.workflow.DLT=LEADER_NOT_AVAILABLE}
2026-10-10 12:34:39.009 [ecos-dlt-consumer-ecos.ontology.DLT-C-1] [] WARN  o.apache.kafka.clients.NetworkClient - [Consumer clientId=consumer-ecos-dlt-consumer-9, groupId=ecos-dlt-consumer] Error while fetching metadata with correlation id 1133 : {ecos.ontology.DLT=LEADER_NOT_AVAILABLE}
2026-10-10 12:34:39.016 [ecos-dlt-consumer-ecos.agent.DLT-C-1] [] WARN  o.apache.kafka.clients.NetworkClient - [Consumer clientId=consumer-ecos-dlt-consumer-1, groupId=ecos-dlt-consumer] Error while fetching metadata with correlation id 1554 : {ecos.agent.DLT=LEADER_NOT_AVAILABLE}
2026-10-10 12:34:39.016 [ecos-dlt-consumer-ecos.identity.DLT-C-1] [] WARN  o.apache.kafka.clients.NetworkClient - [Consumer clientId=consumer-ecos-dlt-consumer-6, groupId=ecos-dlt-consumer] Error while fetching metadata with correlation id 8195 : {ecos.identity.DLT=LEADER_NOT_AVAILABLE}
2026-10-10 12:34:39.017 [ecos-dlt-consumer-ecos.cognitive.DLT-C-1] [] WARN  o.apache.kafka.clients.NetworkClient - [Consumer clientId=consumer-ecos-dlt-consumer-4, groupId=ecos-dlt-consumer] Error while fetching metadata with correlation id 8198 : {ecos.cognitive.DLT=UNKNOWN_TOPIC_OR_PARTITION}
2026-10-10 12:34:39.017 [ecos-dlt-consumer-ecos.catalog.DLT-C-1] [] WARN  o.apache.kafka.clients.NetworkClient - [Consumer clientId=consumer-ecos-dlt-consumer-3, groupId=ecos-dlt-consumer] Error while fetching metadata with correlation id 8197 : {ecos.catalog.DLT=LEADER_NOT_AVAILABLE}
2026-10-10 12:34:39.031 [ecos-dlt-consumer-ecos.object.DLT-C-1] [] WARN  o.apache.kafka.clients.NetworkClient - [Consumer clientId=consumer-ecos-dlt-consumer-8, groupId=ecos-dlt-consumer] Error while fetching metadata with correlation id 1140 : {ecos.object.DLT=UNKNOWN_TOPIC_OR_PARTITION}
2026-10-10 12:34:39.034 [ecos-dlt-consumer-ecos.knowledge.DLT-C-1] [] WARN  o.apache.kafka.clients.NetworkClient - [Consumer clientId=consumer-ecos-dlt-consumer-7, groupId=ecos-dlt-consumer] Error while fetching metadata with correlation id 1143 : {ecos.knowledge.DLT=UNKNOWN_TOPIC_OR_PARTITION}
2026-10-10 12:34:39.038 [ecos-dlt-consumer-ecos.ontology.published.DLT-C-1] [] WARN  o.apache.kafka.clients.NetworkClient - [Consumer clientId=consumer-ecos-dlt-consumer-10, groupId=ecos-dlt-consumer] Error while fetching metadata with correlation id 8200 : {ecos.ontology.published.DLT=UNKNOWN_TOPIC_OR_PARTITION}
2026-10-10 12:34:39.058 [ecos-dlt-consumer-ecos.data.security-tagged.DLT-C-1] [] WARN  o.apache.kafka.clients.NetworkClient - [Consumer clientId=consumer-ecos-dlt-consumer-5, groupId=ecos-dlt-consumer] Error while fetching metadata with correlation id 1548 : {ecos.data.security-tagged.DLT=UNKNOWN_TOPIC_OR_PARTITION}
2026-10-10 12:34:39.058 [ecos-dlt-consumer-ecos.audit.DLT-C-1] [] WARN  o.apache.kafka.clients.NetworkClient - [Consumer clientId=consumer-ecos-dlt-consumer-2, groupId=ecos-dlt-consumer] Error while fetching metadata with correlation id 1552 : {ecos.audit.DLT=UNKNOWN_TOPIC_OR_PARTITION}
2026-10-10 12:34:39.190 [ecos-dlt-consumer-ecos.workflow.DLT-C-1] [] WARN  o.apache.kafka.clients.NetworkClient - [Consumer clientId=consumer-ecos-dlt-consumer-11, groupId=ecos-dlt-consumer] Error while fetching metadata with correlation id 1554 : {ecos.workflow.DLT=UNKNOWN_TOPIC_OR_PARTITION}
2026-10-10 12:34:39.211 [ecos-dlt-consumer-ecos.ontology.DLT-C-1] [] WARN  o.apache.kafka.clients.NetworkClient - [Consumer clientId=consumer-ecos-dlt-consumer-9, groupId=ecos-dlt-consumer] Error while fetching metadata with correlation id 1135 : {ecos.ontology.DLT=UNKNOWN_TOPIC_OR_PARTITION}
2026-10-10 12:34:39.220 [ecos-dlt-consumer-ecos.cognitive.DLT-C-1] [] WARN  o.apache.kafka.clients.NetworkClient - [Consumer clientId=consumer-ecos-dlt-consumer-4, groupId=ecos-dlt-consumer] Error while fetching metadata with correlation id 8200 : {ecos.cognitive.DLT=UNKNOWN_TOPIC_OR_PARTITION}
2026-10-10 12:34:39.235 [ecos-dlt-consumer-ecos.identity.DLT-C-1] [] WARN  o.apache.kafka.clients.NetworkClient - [Consumer clientId=consumer-ecos-dlt-consumer-6, groupId=ecos-dlt-consumer] Error while fetching metadata with correlation id 8197 : {ecos.identity.DLT=LEADER_NOT_AVAILABLE}
2026-10-10 12:34:39.243 [ecos-dlt-consumer-ecos.catalog.DLT-C-1] [] WARN  o.apache.kafka.clients.NetworkClient - [Consumer clientId=consumer-ecos-dlt-consumer-3, groupId=ecos-dlt-consumer] Error while fetching metadata with correlation id 8199 : {ecos.catalog.DLT=LEADER_NOT_AVAILABLE}
2026-10-10 12:34:39.250 [ecos-dlt-consumer-ecos.agent.DLT-C-1] [] WARN  o.apache.kafka.clients.NetworkClient - [Consumer clientId=consumer-ecos-dlt-consumer-1, groupId=ecos-dlt-consumer] Error while fetching metadata with correlation id 1556 : {ecos.agent.DLT=LEADER_NOT_AVAILABLE}
2026-10-10 12:34:39.369 [ecos-dlt-consumer-ecos.cognitive.DLT-C-1] [] WARN  o.a.k.c.c.internals.AbstractFetch - [Consumer clientId=consumer-ecos-dlt-consumer-4, groupId=ecos-dlt-consumer] Received unknown topic or partition error in fetch for partition ecos.cognitive.DLT-0
2026-10-10 12:34:39.401 [ecos-dlt-consumer-ecos.catalog.DLT-C-1] [] WARN  o.a.k.c.c.internals.AbstractFetch - [Consumer clientId=consumer-ecos-dlt-consumer-3, groupId=ecos-dlt-consumer] Received unknown topic or partition error in fetch for partition ecos.catalog.DLT-0
2026-10-10 12:34:39.437 [ecos-dlt-consumer-ecos.identity.DLT-C-1] [] WARN  o.a.k.c.c.internals.AbstractFetch - [Consumer clientId=consumer-ecos-dlt-consumer-6, groupId=ecos-dlt-consumer] Received unknown topic or partition error in fetch for partition ecos.identity.DLT-0
2026-10-10 12:34:39.530 [ecos-dlt-consumer-ecos.ontology.published.DLT-C-1] [] WARN  o.a.k.c.c.internals.AbstractFetch - [Consumer clientId=consumer-ecos-dlt-consumer-10, groupId=ecos-dlt-consumer] Received unknown topic or partition error in fetch for partition ecos.ontology.published.DLT-0
2026-10-10 12:34:39.791 [ecos-dlt-consumer-ecos.cognitive.DLT-C-1] [] WARN  o.a.k.c.c.i.ConsumerCoordinator - [Consumer clientId=consumer-ecos-dlt-consumer-4, groupId=ecos-dlt-consumer] Offset commit failed on partition ecos.cognitive.DLT-0 at offset 0: This is not the correct coordinator.
2026-10-10 12:34:39.800 [ecos-dlt-consumer-ecos.ontology.published.DLT-C-1] [] WARN  o.a.k.c.c.i.ConsumerCoordinator - [Consumer clientId=consumer-ecos-dlt-consumer-10, groupId=ecos-dlt-consumer] Offset commit failed on partition ecos.ontology.published.DLT-0 at offset 0: This is not the correct coordinator.
2026-10-10 12:34:39.939 [ecos-dlt-consumer-ecos.catalog.DLT-C-1] [] WARN  o.a.k.c.c.i.ConsumerCoordinator - [Consumer clientId=consumer-ecos-dlt-consumer-3, groupId=ecos-dlt-consumer] Offset commit failed on partition ecos.catalog.DLT-0 at offset 0: This is not the correct coordinator.
2026-10-10 12:34:40.053 [ecos-dlt-consumer-ecos.ontology.published.DLT-C-1] [] WARN  o.a.k.c.c.i.ConsumerCoordinator - [Consumer clientId=consumer-ecos-dlt-consumer-10, groupId=ecos-dlt-consumer] Offset commit failed on partition ecos.ontology.published.DLT-0 at offset 0: This is not the correct coordinator.
2026-10-10 12:34:40.664 [ecos-dlt-consumer-ecos.catalog.DLT-C-1] [] WARN  o.a.k.c.c.i.ConsumerCoordinator - [Consumer clientId=consumer-ecos-dlt-consumer-3, groupId=ecos-dlt-consumer] Offset commit failed on partition ecos.catalog.DLT-0 at offset 0: This is not the correct coordinator.
2026-10-10 12:34:40.771 [ecos-dlt-consumer-ecos.cognitive.DLT-C-1] [] WARN  o.a.k.c.c.i.ConsumerCoordinator - [Consumer clientId=consumer-ecos-dlt-consumer-4, groupId=ecos-dlt-consumer] Offset commit failed on partition ecos.cognitive.DLT-0 at offset 0: This is not the correct coordinator.
2026-10-10 12:34:40.921 [ecos-dlt-consumer-ecos.ontology.published.DLT-C-1] [] WARN  o.a.k.c.c.i.ConsumerCoordinator - [Consumer clientId=consumer-ecos-dlt-consumer-10, groupId=ecos-dlt-consumer] Offset commit failed on partition ecos.ontology.published.DLT-0 at offset 0: This is not the correct coordinator.
2026-10-10 12:34:41.660 [ecos-dlt-consumer-ecos.catalog.DLT-C-1] [] WARN  o.a.k.c.c.i.ConsumerCoordinator - [Consumer clientId=consumer-ecos-dlt-consumer-3, groupId=ecos-dlt-consumer] Offset commit failed on partition ecos.catalog.DLT-0 at offset 0: This is not the correct coordinator.
2026-10-10 12:34:41.832 [ecos-dlt-consumer-ecos.cognitive.DLT-C-1] [] WARN  o.a.k.c.c.i.ConsumerCoordinator - [Consumer clientId=consumer-ecos-dlt-consumer-4, groupId=ecos-dlt-consumer] Offset commit failed on partition ecos.cognitive.DLT-0 at offset 0: This is not the correct coordinator.
2026-10-10 12:34:42.091 [ecos-dlt-consumer-ecos.ontology.published.DLT-C-1] [] WARN  o.a.k.c.c.i.ConsumerCoordinator - [Consumer clientId=consumer-ecos-dlt-consumer-10, groupId=ecos-dlt-consumer] Offset commit failed on partition ecos.ontology.published.DLT-0 at offset 0: This is not the correct coordinator.
2026-10-10 12:34:43.560 [ecos-dlt-consumer-ecos.ontology.published.DLT-C-1] [] WARN  o.a.k.c.c.i.ConsumerCoordinator - [Consumer clientId=consumer-ecos-dlt-consumer-10, groupId=ecos-dlt-consumer] Offset commit failed on partition ecos.ontology.published.DLT-0 at offset 0: This is not the correct coordinator.
2026-10-10 12:34:43.583 [ecos-dlt-consumer-ecos.catalog.DLT-C-1] [] WARN  o.a.k.c.c.i.ConsumerCoordinator - [Consumer clientId=consumer-ecos-dlt-consumer-3, groupId=ecos-dlt-consumer] Offset commit failed on partition ecos.catalog.DLT-0 at offset 0: This is not the correct coordinator.
2026-10-10 12:34:43.738 [ecos-dlt-consumer-ecos.cognitive.DLT-C-1] [] WARN  o.a.k.c.c.i.ConsumerCoordinator - [Consumer clientId=consumer-ecos-dlt-consumer-4, groupId=ecos-dlt-consumer] Offset commit failed on partition ecos.cognitive.DLT-0 at offset 0: This is not the correct coordinator.
2026-10-10 12:34:43.922 [ecos-dlt-consumer-ecos.identity.DLT-C-1] [] WARN  o.a.k.c.c.i.ConsumerCoordinator - [Consumer clientId=consumer-ecos-dlt-consumer-6, groupId=ecos-dlt-consumer] Offset commit failed on partition ecos.identity.DLT-0 at offset 0: This is not the correct coordinator.
2026-10-10 12:34:44.305 [ecos-dlt-consumer-ecos.catalog.DLT-C-1] [] WARN  o.a.k.c.c.i.ConsumerCoordinator - [Consumer clientId=consumer-ecos-dlt-consumer-3, groupId=ecos-dlt-consumer] Offset commit failed on partition ecos.catalog.DLT-0 at offset 0: This is not the correct coordinator.
2026-10-10 12:34:44.305 [ecos-dlt-consumer-ecos.cognitive.DLT-C-1] [] WARN  o.a.k.c.c.i.ConsumerCoordinator - [Consumer clientId=consumer-ecos-dlt-consumer-4, groupId=ecos-dlt-consumer] Offset commit failed on partition ecos.cognitive.DLT-0 at offset 0: This is not the correct coordinator.
2026-10-10 12:34:44.976 [ecos-dlt-consumer-ecos.cognitive.DLT-C-1] [] WARN  o.a.k.c.c.i.ConsumerCoordinator - [Consumer clientId=consumer-ecos-dlt-consumer-4, groupId=ecos-dlt-consumer] Offset commit failed on partition ecos.cognitive.DLT-0 at offset 0: This is not the correct coordinator.
2026-10-10 12:34:45.363 [ecos-dlt-consumer-ecos.ontology.published.DLT-C-1] [] WARN  o.a.k.c.c.i.ConsumerCoordinator - [Consumer clientId=consumer-ecos-dlt-consumer-10, groupId=ecos-dlt-consumer] Offset commit failed on partition ecos.ontology.published.DLT-0 at offset 0: This is not the correct coordinator.
2026-10-10 12:34:45.720 [ecos-dlt-consumer-ecos.cognitive.DLT-C-1] [] WARN  o.a.k.c.c.i.ConsumerCoordinator - [Consumer clientId=consumer-ecos-dlt-consumer-4, groupId=ecos-dlt-consumer] Offset commit failed on partition ecos.cognitive.DLT-0 at offset 0: This is not the correct coordinator.
2026-10-10 12:34:45.901 [ecos-dlt-consumer-ecos.identity.DLT-C-1] [] WARN  o.a.k.c.c.i.ConsumerCoordinator - [Consumer clientId=consumer-ecos-dlt-consumer-6, groupId=ecos-dlt-consumer] Offset commit failed on partition ecos.identity.DLT-0 at offset 0: This is not the correct coordinator.
2026-10-10 12:34:46.053 [ecos-dlt-consumer-ecos.ontology.published.DLT-C-1] [] WARN  o.a.k.c.c.i.ConsumerCoordinator - [Consumer clientId=consumer-ecos-dlt-consumer-10, groupId=ecos-dlt-consumer] Offset commit failed on partition ecos.ontology.published.DLT-0 at offset 0: This is not the correct coordinator.
2026-10-10 12:34:46.238 [ecos-dlt-consumer-ecos.cognitive.DLT-C-1] [] WARN  o.a.k.c.c.i.ConsumerCoordinator - [Consumer clientId=consumer-ecos-dlt-consumer-4, groupId=ecos-dlt-consumer] Offset commit failed on partition ecos.cognitive.DLT-0 at offset 0: This is not the correct coordinator.
2026-10-10 12:34:46.552 [ecos-dlt-consumer-ecos.identity.DLT-C-1] [] WARN  o.a.k.c.c.i.ConsumerCoordinator - [Consumer clientId=consumer-ecos-dlt-consumer-6, groupId=ecos-dlt-consumer] Offset commit failed on partition ecos.identity.DLT-0 at offset 0: This is not the correct coordinator.
2026-10-10 12:34:46.580 [ecos-dlt-consumer-ecos.ontology.published.DLT-C-1] [] WARN  o.a.k.c.c.i.ConsumerCoordinator - [Consumer clientId=consumer-ecos-dlt-consumer-10, groupId=ecos-dlt-consumer] Offset commit failed on partition ecos.ontology.published.DLT-0 at offset 0: This is not the correct coordinator.
2026-10-10 12:34:46.719 [ecos-dlt-consumer-ecos.cognitive.DLT-C-1] [] WARN  o.a.k.c.c.i.ConsumerCoordinator - [Consumer clientId=consumer-ecos-dlt-consumer-4, groupId=ecos-dlt-consumer] Offset commit failed on partition ecos.cognitive.DLT-0 at offset 0: This is not the correct coordinator.
2026-10-10 12:34:47.056 [ecos-dlt-consumer-ecos.identity.DLT-C-1] [] WARN  o.a.k.c.c.i.ConsumerCoordinator - [Consumer clientId=consumer-ecos-dlt-consumer-6, groupId=ecos-dlt-consumer] Offset commit failed on partition ecos.identity.DLT-0 at offset 0: The coordinator is loading and hence can't process requests.
2026-10-10 12:34:47.105 [ecos-dlt-consumer-ecos.ontology.published.DLT-C-1] [] WARN  o.a.k.c.c.i.ConsumerCoordinator - [Consumer clientId=consumer-ecos-dlt-consumer-10, groupId=ecos-dlt-consumer] Offset commit failed on partition ecos.ontology.published.DLT-0 at offset 0: The coordinator is loading and hence can't process requests.
2026-10-10 12:34:47.175 [ecos-dlt-consumer-ecos.identity.DLT-C-1] [] WARN  o.a.k.c.c.i.ConsumerCoordinator - [Consumer clientId=consumer-ecos-dlt-consumer-6, groupId=ecos-dlt-consumer] Offset commit failed on partition ecos.identity.DLT-0 at offset 0: The coordinator is loading and hence can't process requests.
2026-10-10 12:34:47.189 [ecos-dlt-consumer-ecos.cognitive.DLT-C-1] [] WARN  o.a.k.c.c.i.ConsumerCoordinator - [Consumer clientId=consumer-ecos-dlt-consumer-4, groupId=ecos-dlt-consumer] Offset commit failed on partition ecos.cognitive.DLT-0 at offset 0: The coordinator is loading and hence can't process requests.
2026-10-10 12:34:47.222 [ecos-dlt-consumer-ecos.ontology.published.DLT-C-1] [] WARN  o.a.k.c.c.i.ConsumerCoordinator - [Consumer clientId=consumer-ecos-dlt-consumer-10, groupId=ecos-dlt-consumer] Offset commit failed on partition ecos.ontology.published.DLT-0 at offset 0: The coordinator is loading and hence can't process requests.
2026-10-10 12:34:47.283 [ecos-dlt-consumer-ecos.identity.DLT-C-1] [] WARN  o.a.k.c.c.i.ConsumerCoordinator - [Consumer clientId=consumer-ecos-dlt-consumer-6, groupId=ecos-dlt-consumer] Offset commit failed on partition ecos.identity.DLT-0 at offset 0: The coordinator is loading and hence can't process requests.
2026-10-10 12:34:47.298 [ecos-dlt-consumer-ecos.cognitive.DLT-C-1] [] WARN  o.a.k.c.c.i.ConsumerCoordinator - [Consumer clientId=consumer-ecos-dlt-consumer-4, groupId=ecos-dlt-consumer] Offset commit failed on partition ecos.cognitive.DLT-0 at offset 0: The coordinator is loading and hence can't process requests.
2026-10-10 12:34:47.338 [ecos-dlt-consumer-ecos.ontology.published.DLT-C-1] [] WARN  o.a.k.c.c.i.ConsumerCoordinator - [Consumer clientId=consumer-ecos-dlt-consumer-10, groupId=ecos-dlt-consumer] Offset commit failed on partition ecos.ontology.published.DLT-0 at offset 0: The coordinator is loading and hence can't process requests.
2026-10-10 12:34:47.371 [ecos-dlt-consumer-ecos.catalog.DLT-C-1] [] WARN  o.a.k.c.c.i.ConsumerCoordinator - [Consumer clientId=consumer-ecos-dlt-consumer-3, groupId=ecos-dlt-consumer] Offset commit failed on partition ecos.catalog.DLT-0 at offset 0: The coordinator is loading and hence can't process requests.
2026-10-10 12:34:47.391 [ecos-dlt-consumer-ecos.identity.DLT-C-1] [] WARN  o.a.k.c.c.i.ConsumerCoordinator - [Consumer clientId=consumer-ecos-dlt-consumer-6, groupId=ecos-dlt-consumer] Offset commit failed on partition ecos.identity.DLT-0 at offset 0: The coordinator is loading and hence can't process requests.
2026-10-10 12:34:47.407 [ecos-dlt-consumer-ecos.cognitive.DLT-C-1] [] WARN  o.a.k.c.c.i.ConsumerCoordinator - [Consumer clientId=consumer-ecos-dlt-consumer-4, groupId=ecos-dlt-consumer] Offset commit failed on partition ecos.cognitive.DLT-0 at offset 0: The coordinator is loading and hence can't process requests.
2026-10-10 12:34:47.454 [ecos-dlt-consumer-ecos.ontology.published.DLT-C-1] [] WARN  o.a.k.c.c.i.ConsumerCoordinator - [Consumer clientId=consumer-ecos-dlt-consumer-10, groupId=ecos-dlt-consumer] Offset commit failed on partition ecos.ontology.published.DLT-0 at offset 0: The coordinator is loading and hence can't process requests.
2026-10-10 12:34:47.484 [ecos-dlt-consumer-ecos.catalog.DLT-C-1] [] WARN  o.a.k.c.c.i.ConsumerCoordinator - [Consumer clientId=consumer-ecos-dlt-consumer-3, groupId=ecos-dlt-consumer] Offset commit failed on partition ecos.catalog.DLT-0 at offset 0: The coordinator is loading and hence can't process requests.
2026-10-10 12:34:47.498 [ecos-dlt-consumer-ecos.identity.DLT-C-1] [] WARN  o.a.k.c.c.i.ConsumerCoordinator - [Consumer clientId=consumer-ecos-dlt-consumer-6, groupId=ecos-dlt-consumer] Offset commit failed on partition ecos.identity.DLT-0 at offset 0: The coordinator is loading and hence can't process requests.
2026-10-10 12:34:47.519 [ecos-dlt-consumer-ecos.cognitive.DLT-C-1] [] WARN  o.a.k.c.c.i.ConsumerCoordinator - [Consumer clientId=consumer-ecos-dlt-consumer-4, groupId=ecos-dlt-consumer] Offset commit failed on partition ecos.cognitive.DLT-0 at offset 0: The coordinator is loading and hence can't process requests.
2026-10-10 12:34:47.574 [ecos-dlt-consumer-ecos.ontology.published.DLT-C-1] [] WARN  o.a.k.c.c.i.ConsumerCoordinator - [Consumer clientId=consumer-ecos-dlt-consumer-10, groupId=ecos-dlt-consumer] Offset commit failed on partition ecos.ontology.published.DLT-0 at offset 0: The coordinator is loading and hence can't process requests.
2026-10-10 12:34:47.588 [ecos-dlt-consumer-ecos.catalog.DLT-C-1] [] WARN  o.a.k.c.c.i.ConsumerCoordinator - [Consumer clientId=consumer-ecos-dlt-consumer-3, groupId=ecos-dlt-consumer] Offset commit failed on partition ecos.catalog.DLT-0 at offset 0: The coordinator is loading and hence can't process requests.
2026-10-10 12:34:47.605 [ecos-dlt-consumer-ecos.identity.DLT-C-1] [] WARN  o.a.k.c.c.i.ConsumerCoordinator - [Consumer clientId=consumer-ecos-dlt-consumer-6, groupId=ecos-dlt-consumer] Offset commit failed on partition ecos.identity.DLT-0 at offset 0: The coordinator is loading and hence can't process requests.
2026-10-10 12:34:47.637 [ecos-dlt-consumer-ecos.cognitive.DLT-C-1] [] WARN  o.a.k.c.c.i.ConsumerCoordinator - [Consumer clientId=consumer-ecos-dlt-consumer-4, groupId=ecos-dlt-consumer] Offset commit failed on partition ecos.cognitive.DLT-0 at offset 0: The coordinator is loading and hence can't process requests.
2026-10-10 12:34:47.683 [ecos-dlt-consumer-ecos.ontology.published.DLT-C-1] [] WARN  o.a.k.c.c.i.ConsumerCoordinator - [Consumer clientId=consumer-ecos-dlt-consumer-10, groupId=ecos-dlt-consumer] Offset commit failed on partition ecos.ontology.published.DLT-0 at offset 0: The coordinator is loading and hence can't process requests.
2026-10-10 12:34:47.705 [ecos-dlt-consumer-ecos.catalog.DLT-C-1] [] WARN  o.a.k.c.c.i.ConsumerCoordinator - [Consumer clientId=consumer-ecos-dlt-consumer-3, groupId=ecos-dlt-consumer] Offset commit failed on partition ecos.catalog.DLT-0 at offset 0: The coordinator is loading and hence can't process requests.
2026-10-10 12:34:47.712 [ecos-dlt-consumer-ecos.identity.DLT-C-1] [] WARN  o.a.k.c.c.i.ConsumerCoordinator - [Consumer clientId=consumer-ecos-dlt-consumer-6, groupId=ecos-dlt-consumer] Offset commit failed on partition ecos.identity.DLT-0 at offset 0: The coordinator is loading and hence can't process requests.
2026-10-10 12:34:47.744 [ecos-dlt-consumer-ecos.cognitive.DLT-C-1] [] WARN  o.a.k.c.c.i.ConsumerCoordinator - [Consumer clientId=consumer-ecos-dlt-consumer-4, groupId=ecos-dlt-consumer] Offset commit failed on partition ecos.cognitive.DLT-0 at offset 0: The coordinator is loading and hence can't process requests.
2026-10-10 12:34:49.953 [ecos-dlt-consumer-ecos.workflow.DLT-C-1] [] INFO  o.s.k.l.KafkaMessageListenerContainer - ecos-dlt-consumer: partitions revoked: []
2026-10-10 12:34:49.970 [ecos-dlt-consumer-ecos.object.DLT-C-1] [] INFO  o.s.k.l.KafkaMessageListenerContainer - ecos-dlt-consumer: partitions revoked: []
2026-10-10 12:34:49.981 [ecos-dlt-consumer-ecos.audit.DLT-C-1] [] INFO  o.s.k.l.KafkaMessageListenerContainer - ecos-dlt-consumer: partitions revoked: []
2026-10-10 12:34:49.984 [ecos-dlt-consumer-ecos.ontology.DLT-C-1] [] INFO  o.s.k.l.KafkaMessageListenerContainer - ecos-dlt-consumer: partitions revoked: []
2026-10-10 12:34:50.000 [ecos-dlt-consumer-ecos.knowledge.DLT-C-1] [] INFO  o.s.k.l.KafkaMessageListenerContainer - ecos-dlt-consumer: partitions revoked: []
2026-10-10 12:34:50.054 [ecos-dlt-consumer-ecos.identity.DLT-C-1] [] INFO  o.s.k.l.KafkaMessageListenerContainer - ecos-dlt-consumer: partitions revoked: [ecos.identity.DLT-0]
2026-10-10 12:34:50.079 [ecos-dlt-consumer-ecos.agent.DLT-C-1] [] INFO  o.s.k.l.KafkaMessageListenerContainer - ecos-dlt-consumer: partitions revoked: []
2026-10-10 12:34:50.094 [ecos-dlt-consumer-ecos.data.security-tagged.DLT-C-1] [] INFO  o.s.k.l.KafkaMessageListenerContainer - ecos-dlt-consumer: partitions revoked: []
2026-10-10 12:34:50.099 [ecos-dlt-consumer-ecos.ontology.published.DLT-C-1] [] INFO  o.s.k.l.KafkaMessageListenerContainer - ecos-dlt-consumer: partitions revoked: [ecos.ontology.published.DLT-0]
2026-10-10 12:34:50.192 [ecos-dlt-consumer-ecos.cognitive.DLT-C-1] [] INFO  o.s.k.l.KafkaMessageListenerContainer - ecos-dlt-consumer: partitions revoked: [ecos.cognitive.DLT-0]
2026-10-10 12:34:50.378 [ecos-dlt-consumer-ecos.catalog.DLT-C-1] [] INFO  o.s.k.l.KafkaMessageListenerContainer - ecos-dlt-consumer: partitions revoked: [ecos.catalog.DLT-0]
2026-10-10 12:34:50.450 [ecos-dlt-consumer-ecos.ontology.published.DLT-C-1] [] INFO  o.s.k.l.KafkaMessageListenerContainer - ecos-dlt-consumer: partitions assigned: [ecos.ontology.published.DLT-0]
2026-10-10 12:34:50.450 [ecos-dlt-consumer-ecos.ontology.DLT-C-1] [] INFO  o.s.k.l.KafkaMessageListenerContainer - ecos-dlt-consumer: partitions assigned: []
2026-10-10 12:34:50.450 [ecos-dlt-consumer-ecos.agent.DLT-C-1] [] INFO  o.s.k.l.KafkaMessageListenerContainer - ecos-dlt-consumer: partitions assigned: []
2026-10-10 12:34:50.450 [ecos-dlt-consumer-ecos.object.DLT-C-1] [] INFO  o.s.k.l.KafkaMessageListenerContainer - ecos-dlt-consumer: partitions assigned: []
2026-10-10 12:34:50.451 [ecos-dlt-consumer-ecos.knowledge.DLT-C-1] [] INFO  o.s.k.l.KafkaMessageListenerContainer - ecos-dlt-consumer: partitions assigned: []
2026-10-10 12:34:50.456 [ecos-dlt-consumer-ecos.identity.DLT-C-1] [] INFO  o.s.k.l.KafkaMessageListenerContainer - ecos-dlt-consumer: partitions assigned: [ecos.identity.DLT-0]
2026-10-10 12:34:50.458 [ecos-dlt-consumer-ecos.audit.DLT-C-1] [] INFO  o.s.k.l.KafkaMessageListenerContainer - ecos-dlt-consumer: partitions assigned: []
2026-10-10 12:34:50.459 [ecos-dlt-consumer-ecos.cognitive.DLT-C-1] [] INFO  o.s.k.l.KafkaMessageListenerContainer - ecos-dlt-consumer: partitions assigned: [ecos.cognitive.DLT-0]
2026-10-10 12:34:50.459 [ecos-dlt-consumer-ecos.data.security-tagged.DLT-C-1] [] INFO  o.s.k.l.KafkaMessageListenerContainer - ecos-dlt-consumer: partitions assigned: []
2026-10-10 12:34:50.459 [ecos-dlt-consumer-ecos.workflow.DLT-C-1] [] INFO  o.s.k.l.KafkaMessageListenerContainer - ecos-dlt-consumer: partitions assigned: []
2026-10-10 12:34:50.460 [ecos-dlt-consumer-ecos.catalog.DLT-C-1] [] INFO  o.s.k.l.KafkaMessageListenerContainer - ecos-dlt-consumer: partitions assigned: [ecos.catalog.DLT-0]
2026-10-10 12:34:55.768 [scheduling-1] [] WARN  c.c.g.runtime.audit.AuditRetryTask - [AuditRetry] 到期行拉取失败（表缺失/DB 不可用）errType=BadSqlGrammarException msg=
### Error querying database.  Cause: org.postgresql.util.PSQLException: ERROR: relation "public.ecos_runtime_audit_retry" does not exist
  位置：256
### The error may exist in com/chinacreator/gzcm/runtime/audit/mapper/AuditRetryMapper.java (best guess)
### The error may involve com.chinacreator.gzcm.runtime.audit.mapper.AuditRetryMapper.listDue-Inline
### The error occurred while setting parameters
### SQL: SELECT id, event_type AS eventType, payload, attempts, next_retry_at AS nextRetryAt, last_error AS lastError, status, trace_id AS traceId, create_time AS createTime, update_time AS updateTime, version_no AS versionNo, is_deleted AS isDeleted, domain FROM public.ecos_runtime_audit_retry WHERE is_deleted = 0 AND status = 'pending' AND next_retry_at <= ? ORDER BY next_retry_at ASC LIMIT ?
### Cause: org.postgresql.util.PSQLException: ERROR: relation "public.ecos_runtime_audit_retry" does not exist
  位置：256
; bad SQL grammar []
2026-10-10 12:35:55.783 [scheduling-1] [] WARN  c.c.g.runtime.audit.AuditRetryTask - [AuditRetry] 到期行拉取失败（表缺失/DB 不可用）errType=BadSqlGrammarException msg=
### Error querying database.  Cause: org.postgresql.util.PSQLException: ERROR: relation "public.ecos_runtime_audit_retry" does not exist
  位置：256
### The error may exist in com/chinacreator/gzcm/runtime/audit/mapper/AuditRetryMapper.java (best guess)
### The error may involve com.chinacreator.gzcm.runtime.audit.mapper.AuditRetryMapper.listDue-Inline
### The error occurred while setting parameters
### SQL: SELECT id, event_type AS eventType, payload, attempts, next_retry_at AS nextRetryAt, last_error AS lastError, status, trace_id AS traceId, create_time AS createTime, update_time AS updateTime, version_no AS versionNo, is_deleted AS isDeleted, domain FROM public.ecos_runtime_audit_retry WHERE is_deleted = 0 AND status = 'pending' AND next_retry_at <= ? ORDER BY next_retry_at ASC LIMIT ?
### Cause: org.postgresql.util.PSQLException: ERROR: relation "public.ecos_runtime_audit_retry" does not exist
  位置：256
; bad SQL grammar []
2026-10-10 12:36:23.493 [scheduling-1] [] WARN  c.c.gzcm.runtime.dlq.DltLagChecker - [DltLagChecker] AdminClient 创建失败 errType=KafkaException msg=Failed to create new KafkaAdminClient
2026-10-10 12:36:23.494 [scheduling-1] [] WARN  c.c.gzcm.runtime.dlq.DltLagChecker - [DltLagChecker] AdminClient 不可用（bootstrap=localhost:9092），本轮降级跳过
2026-10-10 12:36:55.795 [scheduling-1] [] WARN  c.c.g.runtime.audit.AuditRetryTask - [AuditRetry] 到期行拉取失败（表缺失/DB 不可用）errType=BadSqlGrammarException msg=
### Error querying database.  Cause: org.postgresql.util.PSQLException: ERROR: relation "public.ecos_runtime_audit_retry" does not exist
  位置：256
### The error may exist in com/chinacreator/gzcm/runtime/audit/mapper/AuditRetryMapper.java (best guess)
### The error may involve com.chinacreator.gzcm.runtime.audit.mapper.AuditRetryMapper.listDue-Inline
### The error occurred while setting parameters
### SQL: SELECT id, event_type AS eventType, payload, attempts, next_retry_at AS nextRetryAt, last_error AS lastError, status, trace_id AS traceId, create_time AS createTime, update_time AS updateTime, version_no AS versionNo, is_deleted AS isDeleted, domain FROM public.ecos_runtime_audit_retry WHERE is_deleted = 0 AND status = 'pending' AND next_retry_at <= ? ORDER BY next_retry_at ASC LIMIT ?
### Cause: org.postgresql.util.PSQLException: ERROR: relation "public.ecos_runtime_audit_retry" does not exist
  位置：256
; bad SQL grammar []
2026-10-10 12:37:55.812 [scheduling-1] [] WARN  c.c.g.runtime.audit.AuditRetryTask - [AuditRetry] 到期行拉取失败（表缺失/DB 不可用）errType=BadSqlGrammarException msg=
### Error querying database.  Cause: org.postgresql.util.PSQLException: ERROR: relation "public.ecos_runtime_audit_retry" does not exist
  位置：256
### The error may exist in com/chinacreator/gzcm/runtime/audit/mapper/AuditRetryMapper.java (best guess)
### The error may involve com.chinacreator.gzcm.runtime.audit.mapper.AuditRetryMapper.listDue-Inline
### The error occurred while setting parameters
### SQL: SELECT id, event_type AS eventType, payload, attempts, next_retry_at AS nextRetryAt, last_error AS lastError, status, trace_id AS traceId, create_time AS createTime, update_time AS updateTime, version_no AS versionNo, is_deleted AS isDeleted, domain FROM public.ecos_runtime_audit_retry WHERE is_deleted = 0 AND status = 'pending' AND next_retry_at <= ? ORDER BY next_retry_at ASC LIMIT ?
### Cause: org.postgresql.util.PSQLException: ERROR: relation "public.ecos_runtime_audit_retry" does not exist
  位置：256
; bad SQL grammar []
2026-10-10 12:38:55.839 [scheduling-1] [] WARN  c.c.g.runtime.audit.AuditRetryTask - [AuditRetry] 到期行拉取失败（表缺失/DB 不可用）errType=BadSqlGrammarException msg=
### Error querying database.  Cause: org.postgresql.util.PSQLException: ERROR: relation "public.ecos_runtime_audit_retry" does not exist
  位置：256
### The error may exist in com/chinacreator/gzcm/runtime/audit/mapper/AuditRetryMapper.java (best guess)
### The error may involve com.chinacreator.gzcm.runtime.audit.mapper.AuditRetryMapper.listDue-Inline
### The error occurred while setting parameters
### SQL: SELECT id, event_type AS eventType, payload, attempts, next_retry_at AS nextRetryAt, last_error AS lastError, status, trace_id AS traceId, create_time AS createTime, update_time AS updateTime, version_no AS versionNo, is_deleted AS isDeleted, domain FROM public.ecos_runtime_audit_retry WHERE is_deleted = 0 AND status = 'pending' AND next_retry_at <= ? ORDER BY next_retry_at ASC LIMIT ?
### Cause: org.postgresql.util.PSQLException: ERROR: relation "public.ecos_runtime_audit_retry" does not exist
  位置：256
; bad SQL grammar []
2026-10-10 12:39:55.851 [scheduling-1] [] WARN  c.c.g.runtime.audit.AuditRetryTask - [AuditRetry] 到期行拉取失败（表缺失/DB 不可用）errType=BadSqlGrammarException msg=
### Error querying database.  Cause: org.postgresql.util.PSQLException: ERROR: relation "public.ecos_runtime_audit_retry" does not exist
  位置：256
### The error may exist in com/chinacreator/gzcm/runtime/audit/mapper/AuditRetryMapper.java (best guess)
### The error may involve com.chinacreator.gzcm.runtime.audit.mapper.AuditRetryMapper.listDue-Inline
### The error occurred while setting parameters
### SQL: SELECT id, event_type AS eventType, payload, attempts, next_retry_at AS nextRetryAt, last_error AS lastError, status, trace_id AS traceId, create_time AS createTime, update_time AS updateTime, version_no AS versionNo, is_deleted AS isDeleted, domain FROM public.ecos_runtime_audit_retry WHERE is_deleted = 0 AND status = 'pending' AND next_retry_at <= ? ORDER BY next_retry_at ASC LIMIT ?
### Cause: org.postgresql.util.PSQLException: ERROR: relation "public.ecos_runtime_audit_retry" does not exist
  位置：256
; bad SQL grammar []
2026-10-10 12:40:55.862 [scheduling-1] [] WARN  c.c.g.runtime.audit.AuditRetryTask - [AuditRetry] 到期行拉取失败（表缺失/DB 不可用）errType=BadSqlGrammarException msg=
### Error querying database.  Cause: org.postgresql.util.PSQLException: ERROR: relation "public.ecos_runtime_audit_retry" does not exist
  位置：256
### The error may exist in com/chinacreator/gzcm/runtime/audit/mapper/AuditRetryMapper.java (best guess)
### The error may involve com.chinacreator.gzcm.runtime.audit.mapper.AuditRetryMapper.listDue-Inline
### The error occurred while setting parameters
### SQL: SELECT id, event_type AS eventType, payload, attempts, next_retry_at AS nextRetryAt, last_error AS lastError, status, trace_id AS traceId, create_time AS createTime, update_time AS updateTime, version_no AS versionNo, is_deleted AS isDeleted, domain FROM public.ecos_runtime_audit_retry WHERE is_deleted = 0 AND status = 'pending' AND next_retry_at <= ? ORDER BY next_retry_at ASC LIMIT ?
### Cause: org.postgresql.util.PSQLException: ERROR: relation "public.ecos_runtime_audit_retry" does not exist
  位置：256
; bad SQL grammar []
2026-10-10 12:41:23.509 [scheduling-1] [] WARN  c.c.gzcm.runtime.dlq.DltLagChecker - [DltLagChecker] AdminClient 创建失败 errType=KafkaException msg=Failed to create new KafkaAdminClient
2026-10-10 12:41:23.510 [scheduling-1] [] WARN  c.c.gzcm.runtime.dlq.DltLagChecker - [DltLagChecker] AdminClient 不可用（bootstrap=localhost:9092），本轮降级跳过
2026-10-10 12:41:55.883 [scheduling-1] [] WARN  c.c.g.runtime.audit.AuditRetryTask - [AuditRetry] 到期行拉取失败（表缺失/DB 不可用）errType=BadSqlGrammarException msg=
### Error querying database.  Cause: org.postgresql.util.PSQLException: ERROR: relation "public.ecos_runtime_audit_retry" does not exist
  位置：256
### The error may exist in com/chinacreator/gzcm/runtime/audit/mapper/AuditRetryMapper.java (best guess)
### The error may involve com.chinacreator.gzcm.runtime.audit.mapper.AuditRetryMapper.listDue-Inline
### The error occurred while setting parameters
### SQL: SELECT id, event_type AS eventType, payload, attempts, next_retry_at AS nextRetryAt, last_error AS lastError, status, trace_id AS traceId, create_time AS createTime, update_time AS updateTime, version_no AS versionNo, is_deleted AS isDeleted, domain FROM public.ecos_runtime_audit_retry WHERE is_deleted = 0 AND status = 'pending' AND next_retry_at <= ? ORDER BY next_retry_at ASC LIMIT ?
### Cause: org.postgresql.util.PSQLException: ERROR: relation "public.ecos_runtime_audit_retry" does not exist
  位置：256
; bad SQL grammar []
2026-10-10 12:42:55.903 [scheduling-1] [] WARN  c.c.g.runtime.audit.AuditRetryTask - [AuditRetry] 到期行拉取失败（表缺失/DB 不可用）errType=BadSqlGrammarException msg=
### Error querying database.  Cause: org.postgresql.util.PSQLException: ERROR: relation "public.ecos_runtime_audit_retry" does not exist
  位置：256
### The error may exist in com/chinacreator/gzcm/runtime/audit/mapper/AuditRetryMapper.java (best guess)
### The error may involve com.chinacreator.gzcm.runtime.audit.mapper.AuditRetryMapper.listDue-Inline
### The error occurred while setting parameters
### SQL: SELECT id, event_type AS eventType, payload, attempts, next_retry_at AS nextRetryAt, last_error AS lastError, status, trace_id AS traceId, create_time AS createTime, update_time AS updateTime, version_no AS versionNo, is_deleted AS isDeleted, domain FROM public.ecos_runtime_audit_retry WHERE is_deleted = 0 AND status = 'pending' AND next_retry_at <= ? ORDER BY next_retry_at ASC LIMIT ?
### Cause: org.postgresql.util.PSQLException: ERROR: relation "public.ecos_runtime_audit_retry" does not exist
  位置：256
; bad SQL grammar []
2026-10-10 12:43:55.918 [scheduling-1] [] WARN  c.c.g.runtime.audit.AuditRetryTask - [AuditRetry] 到期行拉取失败（表缺失/DB 不可用）errType=BadSqlGrammarException msg=
### Error querying database.  Cause: org.postgresql.util.PSQLException: ERROR: relation "public.ecos_runtime_audit_retry" does not exist
  位置：256
### The error may exist in com/chinacreator/gzcm/runtime/audit/mapper/AuditRetryMapper.java (best guess)
### The error may involve com.chinacreator.gzcm.runtime.audit.mapper.AuditRetryMapper.listDue-Inline
### The error occurred while setting parameters
### SQL: SELECT id, event_type AS eventType, payload, attempts, next_retry_at AS nextRetryAt, last_error AS lastError, status, trace_id AS traceId, create_time AS createTime, update_time AS updateTime, version_no AS versionNo, is_deleted AS isDeleted, domain FROM public.ecos_runtime_audit_retry WHERE is_deleted = 0 AND status = 'pending' AND next_retry_at <= ? ORDER BY next_retry_at ASC LIMIT ?
### Cause: org.postgresql.util.PSQLException: ERROR: relation "public.ecos_runtime_audit_retry" does not exist
  位置：256
; bad SQL grammar []
2026-10-10 12:44:55.934 [scheduling-1] [] WARN  c.c.g.runtime.audit.AuditRetryTask - [AuditRetry] 到期行拉取失败（表缺失/DB 不可用）errType=BadSqlGrammarException msg=
### Error querying database.  Cause: org.postgresql.util.PSQLException: ERROR: relation "public.ecos_runtime_audit_retry" does not exist
  位置：256
### The error may exist in com/chinacreator/gzcm/runtime/audit/mapper/AuditRetryMapper.java (best guess)
### The error may involve com.chinacreator.gzcm.runtime.audit.mapper.AuditRetryMapper.listDue-Inline
### The error occurred while setting parameters
### SQL: SELECT id, event_type AS eventType, payload, attempts, next_retry_at AS nextRetryAt, last_error AS lastError, status, trace_id AS traceId, create_time AS createTime, update_time AS updateTime, version_no AS versionNo, is_deleted AS isDeleted, domain FROM public.ecos_runtime_audit_retry WHERE is_deleted = 0 AND status = 'pending' AND next_retry_at <= ? ORDER BY next_retry_at ASC LIMIT ?
### Cause: org.postgresql.util.PSQLException: ERROR: relation "public.ecos_runtime_audit_retry" does not exist
  位置：256
; bad SQL grammar []
2026-10-10 12:45:55.938 [scheduling-1] [] WARN  c.c.g.runtime.audit.AuditRetryTask - [AuditRetry] 到期行拉取失败（表缺失/DB 不可用）errType=BadSqlGrammarException msg=
### Error querying database.  Cause: org.postgresql.util.PSQLException: ERROR: relation "public.ecos_runtime_audit_retry" does not exist
  位置：256
### The error may exist in com/chinacreator/gzcm/runtime/audit/mapper/AuditRetryMapper.java (best guess)
### The error may involve com.chinacreator.gzcm.runtime.audit.mapper.AuditRetryMapper.listDue-Inline
### The error occurred while setting parameters
### SQL: SELECT id, event_type AS eventType, payload, attempts, next_retry_at AS nextRetryAt, last_error AS lastError, status, trace_id AS traceId, create_time AS createTime, update_time AS updateTime, version_no AS versionNo, is_deleted AS isDeleted, domain FROM public.ecos_runtime_audit_retry WHERE is_deleted = 0 AND status = 'pending' AND next_retry_at <= ? ORDER BY next_retry_at ASC LIMIT ?
### Cause: org.postgresql.util.PSQLException: ERROR: relation "public.ecos_runtime_audit_retry" does not exist
  位置：256
; bad SQL grammar []
2026-10-10 12:46:23.530 [scheduling-1] [] WARN  c.c.gzcm.runtime.dlq.DltLagChecker - [DltLagChecker] AdminClient 创建失败 errType=KafkaException msg=Failed to create new KafkaAdminClient
2026-10-10 12:46:23.532 [scheduling-1] [] WARN  c.c.gzcm.runtime.dlq.DltLagChecker - [DltLagChecker] AdminClient 不可用（bootstrap=localhost:9092），本轮降级跳过
2026-10-10 12:46:55.967 [scheduling-1] [] WARN  c.c.g.runtime.audit.AuditRetryTask - [AuditRetry] 到期行拉取失败（表缺失/DB 不可用）errType=BadSqlGrammarException msg=
### Error querying database.  Cause: org.postgresql.util.PSQLException: ERROR: relation "public.ecos_runtime_audit_retry" does not exist
  位置：256
### The error may exist in com/chinacreator/gzcm/runtime/audit/mapper/AuditRetryMapper.java (best guess)
### The error may involve com.chinacreator.gzcm.runtime.audit.mapper.AuditRetryMapper.listDue-Inline
### The error occurred while setting parameters
### SQL: SELECT id, event_type AS eventType, payload, attempts, next_retry_at AS nextRetryAt, last_error AS lastError, status, trace_id AS traceId, create_time AS createTime, update_time AS updateTime, version_no AS versionNo, is_deleted AS isDeleted, domain FROM public.ecos_runtime_audit_retry WHERE is_deleted = 0 AND status = 'pending' AND next_retry_at <= ? ORDER BY next_retry_at ASC LIMIT ?
### Cause: org.postgresql.util.PSQLException: ERROR: relation "public.ecos_runtime_audit_retry" does not exist
  位置：256
; bad SQL grammar []
2026-10-10 12:47:55.983 [scheduling-1] [] WARN  c.c.g.runtime.audit.AuditRetryTask - [AuditRetry] 到期行拉取失败（表缺失/DB 不可用）errType=BadSqlGrammarException msg=
### Error querying database.  Cause: org.postgresql.util.PSQLException: ERROR: relation "public.ecos_runtime_audit_retry" does not exist
  位置：256
### The error may exist in com/chinacreator/gzcm/runtime/audit/mapper/AuditRetryMapper.java (best guess)
### The error may involve com.chinacreator.gzcm.runtime.audit.mapper.AuditRetryMapper.listDue-Inline
### The error occurred while setting parameters
### SQL: SELECT id, event_type AS eventType, payload, attempts, next_retry_at AS nextRetryAt, last_error AS lastError, status, trace_id AS traceId, create_time AS createTime, update_time AS updateTime, version_no AS versionNo, is_deleted AS isDeleted, domain FROM public.ecos_runtime_audit_retry WHERE is_deleted = 0 AND status = 'pending' AND next_retry_at <= ? ORDER BY next_retry_at ASC LIMIT ?
### Cause: org.postgresql.util.PSQLException: ERROR: relation "public.ecos_runtime_audit_retry" does not exist
  位置：256
; bad SQL grammar []
2026-10-10 12:48:56.008 [scheduling-1] [] WARN  c.c.g.runtime.audit.AuditRetryTask - [AuditRetry] 到期行拉取失败（表缺失/DB 不可用）errType=BadSqlGrammarException msg=
### Error querying database.  Cause: org.postgresql.util.PSQLException: ERROR: relation "public.ecos_runtime_audit_retry" does not exist
  位置：256
### The error may exist in com/chinacreator/gzcm/runtime/audit/mapper/AuditRetryMapper.java (best guess)
### The error may involve com.chinacreator.gzcm.runtime.audit.mapper.AuditRetryMapper.listDue-Inline
### The error occurred while setting parameters
### SQL: SELECT id, event_type AS eventType, payload, attempts, next_retry_at AS nextRetryAt, last_error AS lastError, status, trace_id AS traceId, create_time AS createTime, update_time AS updateTime, version_no AS versionNo, is_deleted AS isDeleted, domain FROM public.ecos_runtime_audit_retry WHERE is_deleted = 0 AND status = 'pending' AND next_retry_at <= ? ORDER BY next_retry_at ASC LIMIT ?
### Cause: org.postgresql.util.PSQLException: ERROR: relation "public.ecos_runtime_audit_retry" does not exist
  位置：256
; bad SQL grammar []
2026-10-10 12:49:56.022 [scheduling-1] [] WARN  c.c.g.runtime.audit.AuditRetryTask - [AuditRetry] 到期行拉取失败（表缺失/DB 不可用）errType=BadSqlGrammarException msg=
### Error querying database.  Cause: org.postgresql.util.PSQLException: ERROR: relation "public.ecos_runtime_audit_retry" does not exist
  位置：256
### The error may exist in com/chinacreator/gzcm/runtime/audit/mapper/AuditRetryMapper.java (best guess)
### The error may involve com.chinacreator.gzcm.runtime.audit.mapper.AuditRetryMapper.listDue-Inline
### The error occurred while setting parameters
### SQL: SELECT id, event_type AS eventType, payload, attempts, next_retry_at AS nextRetryAt, last_error AS lastError, status, trace_id AS traceId, create_time AS createTime, update_time AS updateTime, version_no AS versionNo, is_deleted AS isDeleted, domain FROM public.ecos_runtime_audit_retry WHERE is_deleted = 0 AND status = 'pending' AND next_retry_at <= ? ORDER BY next_retry_at ASC LIMIT ?
### Cause: org.postgresql.util.PSQLException: ERROR: relation "public.ecos_runtime_audit_retry" does not exist
  位置：256
; bad SQL grammar []
2026-10-10 12:50:56.039 [scheduling-1] [] WARN  c.c.g.runtime.audit.AuditRetryTask - [AuditRetry] 到期行拉取失败（表缺失/DB 不可用）errType=BadSqlGrammarException msg=
### Error querying database.  Cause: org.postgresql.util.PSQLException: ERROR: relation "public.ecos_runtime_audit_retry" does not exist
  位置：256
### The error may exist in com/chinacreator/gzcm/runtime/audit/mapper/AuditRetryMapper.java (best guess)
### The error may involve com.chinacreator.gzcm.runtime.audit.mapper.AuditRetryMapper.listDue-Inline
### The error occurred while setting parameters
### SQL: SELECT id, event_type AS eventType, payload, attempts, next_retry_at AS nextRetryAt, last_error AS lastError, status, trace_id AS traceId, create_time AS createTime, update_time AS updateTime, version_no AS versionNo, is_deleted AS isDeleted, domain FROM public.ecos_runtime_audit_retry WHERE is_deleted = 0 AND status = 'pending' AND next_retry_at <= ? ORDER BY next_retry_at ASC LIMIT ?
### Cause: org.postgresql.util.PSQLException: ERROR: relation "public.ecos_runtime_audit_retry" does not exist
  位置：256
; bad SQL grammar []
2026-10-10 12:51:23.551 [scheduling-1] [] WARN  c.c.gzcm.runtime.dlq.DltLagChecker - [DltLagChecker] AdminClient 创建失败 errType=KafkaException msg=Failed to create new KafkaAdminClient
2026-10-10 12:51:23.552 [scheduling-1] [] WARN  c.c.gzcm.runtime.dlq.DltLagChecker - [DltLagChecker] AdminClient 不可用（bootstrap=localhost:9092），本轮降级跳过
2026-10-10 12:51:56.072 [scheduling-1] [] WARN  c.c.g.runtime.audit.AuditRetryTask - [AuditRetry] 到期行拉取失败（表缺失/DB 不可用）errType=BadSqlGrammarException msg=
### Error querying database.  Cause: org.postgresql.util.PSQLException: ERROR: relation "public.ecos_runtime_audit_retry" does not exist
  位置：256
### The error may exist in com/chinacreator/gzcm/runtime/audit/mapper/AuditRetryMapper.java (best guess)
### The error may involve com.chinacreator.gzcm.runtime.audit.mapper.AuditRetryMapper.listDue-Inline
### The error occurred while setting parameters
### SQL: SELECT id, event_type AS eventType, payload, attempts, next_retry_at AS nextRetryAt, last_error AS lastError, status, trace_id AS traceId, create_time AS createTime, update_time AS updateTime, version_no AS versionNo, is_deleted AS isDeleted, domain FROM public.ecos_runtime_audit_retry WHERE is_deleted = 0 AND status = 'pending' AND next_retry_at <= ? ORDER BY next_retry_at ASC LIMIT ?
### Cause: org.postgresql.util.PSQLException: ERROR: relation "public.ecos_runtime_audit_retry" does not exist
  位置：256
; bad SQL grammar []
2026-10-10 12:52:56.091 [scheduling-1] [] WARN  c.c.g.runtime.audit.AuditRetryTask - [AuditRetry] 到期行拉取失败（表缺失/DB 不可用）errType=BadSqlGrammarException msg=
### Error querying database.  Cause: org.postgresql.util.PSQLException: ERROR: relation "public.ecos_runtime_audit_retry" does not exist
  位置：256
### The error may exist in com/chinacreator/gzcm/runtime/audit/mapper/AuditRetryMapper.java (best guess)
### The error may involve com.chinacreator.gzcm.runtime.audit.mapper.AuditRetryMapper.listDue-Inline
### The error occurred while setting parameters
### SQL: SELECT id, event_type AS eventType, payload, attempts, next_retry_at AS nextRetryAt, last_error AS lastError, status, trace_id AS traceId, create_time AS createTime, update_time AS updateTime, version_no AS versionNo, is_deleted AS isDeleted, domain FROM public.ecos_runtime_audit_retry WHERE is_deleted = 0 AND status = 'pending' AND next_retry_at <= ? ORDER BY next_retry_at ASC LIMIT ?
### Cause: org.postgresql.util.PSQLException: ERROR: relation "public.ecos_runtime_audit_retry" does not exist
  位置：256
; bad SQL grammar []
2026-10-10 12:53:56.106 [scheduling-1] [] WARN  c.c.g.runtime.audit.AuditRetryTask - [AuditRetry] 到期行拉取失败（表缺失/DB 不可用）errType=BadSqlGrammarException msg=
### Error querying database.  Cause: org.postgresql.util.PSQLException: ERROR: relation "public.ecos_runtime_audit_retry" does not exist
  位置：256
### The error may exist in com/chinacreator/gzcm/runtime/audit/mapper/AuditRetryMapper.java (best guess)
### The error may involve com.chinacreator.gzcm.runtime.audit.mapper.AuditRetryMapper.listDue-Inline
### The error occurred while setting parameters
### SQL: SELECT id, event_type AS eventType, payload, attempts, next_retry_at AS nextRetryAt, last_error AS lastError, status, trace_id AS traceId, create_time AS createTime, update_time AS updateTime, version_no AS versionNo, is_deleted AS isDeleted, domain FROM public.ecos_runtime_audit_retry WHERE is_deleted = 0 AND status = 'pending' AND next_retry_at <= ? ORDER BY next_retry_at ASC LIMIT ?
### Cause: org.postgresql.util.PSQLException: ERROR: relation "public.ecos_runtime_audit_retry" does not exist
  位置：256
; bad SQL grammar []
2026-10-10 12:54:56.129 [scheduling-1] [] WARN  c.c.g.runtime.audit.AuditRetryTask - [AuditRetry] 到期行拉取失败（表缺失/DB 不可用）errType=BadSqlGrammarException msg=
### Error querying database.  Cause: org.postgresql.util.PSQLException: ERROR: relation "public.ecos_runtime_audit_retry" does not exist
  位置：256
### The error may exist in com/chinacreator/gzcm/runtime/audit/mapper/AuditRetryMapper.java (best guess)
### The error may involve com.chinacreator.gzcm.runtime.audit.mapper.AuditRetryMapper.listDue-Inline
### The error occurred while setting parameters
### SQL: SELECT id, event_type AS eventType, payload, attempts, next_retry_at AS nextRetryAt, last_error AS lastError, status, trace_id AS traceId, create_time AS createTime, update_time AS updateTime, version_no AS versionNo, is_deleted AS isDeleted, domain FROM public.ecos_runtime_audit_retry WHERE is_deleted = 0 AND status = 'pending' AND next_retry_at <= ? ORDER BY next_retry_at ASC LIMIT ?
### Cause: org.postgresql.util.PSQLException: ERROR: relation "public.ecos_runtime_audit_retry" does not exist
  位置：256
; bad SQL grammar []
2026-10-10 12:55:56.146 [scheduling-1] [] WARN  c.c.g.runtime.audit.AuditRetryTask - [AuditRetry] 到期行拉取失败（表缺失/DB 不可用）errType=BadSqlGrammarException msg=
### Error querying database.  Cause: org.postgresql.util.PSQLException: ERROR: relation "public.ecos_runtime_audit_retry" does not exist
  位置：256
### The error may exist in com/chinacreator/gzcm/runtime/audit/mapper/AuditRetryMapper.java (best guess)
### The error may involve com.chinacreator.gzcm.runtime.audit.mapper.AuditRetryMapper.listDue-Inline
### The error occurred while setting parameters
### SQL: SELECT id, event_type AS eventType, payload, attempts, next_retry_at AS nextRetryAt, last_error AS lastError, status, trace_id AS traceId, create_time AS createTime, update_time AS updateTime, version_no AS versionNo, is_deleted AS isDeleted, domain FROM public.ecos_runtime_audit_retry WHERE is_deleted = 0 AND status = 'pending' AND next_retry_at <= ? ORDER BY next_retry_at ASC LIMIT ?
### Cause: org.postgresql.util.PSQLException: ERROR: relation "public.ecos_runtime_audit_retry" does not exist
  位置：256
; bad SQL grammar []
2026-10-10 12:56:23.571 [scheduling-1] [] WARN  c.c.gzcm.runtime.dlq.DltLagChecker - [DltLagChecker] AdminClient 创建失败 errType=KafkaException msg=Failed to create new KafkaAdminClient
2026-10-10 12:56:23.572 [scheduling-1] [] WARN  c.c.gzcm.runtime.dlq.DltLagChecker - [DltLagChecker] AdminClient 不可用（bootstrap=localhost:9092），本轮降级跳过
2026-10-10 12:56:56.165 [scheduling-1] [] WARN  c.c.g.runtime.audit.AuditRetryTask - [AuditRetry] 到期行拉取失败（表缺失/DB 不可用）errType=BadSqlGrammarException msg=
### Error querying database.  Cause: org.postgresql.util.PSQLException: ERROR: relation "public.ecos_runtime_audit_retry" does not exist
  位置：256
### The error may exist in com/chinacreator/gzcm/runtime/audit/mapper/AuditRetryMapper.java (best guess)
### The error may involve com.chinacreator.gzcm.runtime.audit.mapper.AuditRetryMapper.listDue-Inline
### The error occurred while setting parameters
### SQL: SELECT id, event_type AS eventType, payload, attempts, next_retry_at AS nextRetryAt, last_error AS lastError, status, trace_id AS traceId, create_time AS createTime, update_time AS updateTime, version_no AS versionNo, is_deleted AS isDeleted, domain FROM public.ecos_runtime_audit_retry WHERE is_deleted = 0 AND status = 'pending' AND next_retry_at <= ? ORDER BY next_retry_at ASC LIMIT ?
### Cause: org.postgresql.util.PSQLException: ERROR: relation "public.ecos_runtime_audit_retry" does not exist
  位置：256
; bad SQL grammar []
2026-10-10 12:57:56.187 [scheduling-1] [] WARN  c.c.g.runtime.audit.AuditRetryTask - [AuditRetry] 到期行拉取失败（表缺失/DB 不可用）errType=BadSqlGrammarException msg=
### Error querying database.  Cause: org.postgresql.util.PSQLException: ERROR: relation "public.ecos_runtime_audit_retry" does not exist
  位置：256
### The error may exist in com/chinacreator/gzcm/runtime/audit/mapper/AuditRetryMapper.java (best guess)
### The error may involve com.chinacreator.gzcm.runtime.audit.mapper.AuditRetryMapper.listDue-Inline
### The error occurred while setting parameters
### SQL: SELECT id, event_type AS eventType, payload, attempts, next_retry_at AS nextRetryAt, last_error AS lastError, status, trace_id AS traceId, create_time AS createTime, update_time AS updateTime, version_no AS versionNo, is_deleted AS isDeleted, domain FROM public.ecos_runtime_audit_retry WHERE is_deleted = 0 AND status = 'pending' AND next_retry_at <= ? ORDER BY next_retry_at ASC LIMIT ?
### Cause: org.postgresql.util.PSQLException: ERROR: relation "public.ecos_runtime_audit_retry" does not exist
  位置：256
; bad SQL grammar []
2026-10-10 12:58:56.197 [scheduling-1] [] WARN  c.c.g.runtime.audit.AuditRetryTask - [AuditRetry] 到期行拉取失败（表缺失/DB 不可用）errType=BadSqlGrammarException msg=
### Error querying database.  Cause: org.postgresql.util.PSQLException: ERROR: relation "public.ecos_runtime_audit_retry" does not exist
  位置：256
### The error may exist in com/chinacreator/gzcm/runtime/audit/mapper/AuditRetryMapper.java (best guess)
### The error may involve com.chinacreator.gzcm.runtime.audit.mapper.AuditRetryMapper.listDue-Inline
### The error occurred while setting parameters
### SQL: SELECT id, event_type AS eventType, payload, attempts, next_retry_at AS nextRetryAt, last_error AS lastError, status, trace_id AS traceId, create_time AS createTime, update_time AS updateTime, version_no AS versionNo, is_deleted AS isDeleted, domain FROM public.ecos_runtime_audit_retry WHERE is_deleted = 0 AND status = 'pending' AND next_retry_at <= ? ORDER BY next_retry_at ASC LIMIT ?
### Cause: org.postgresql.util.PSQLException: ERROR: relation "public.ecos_runtime_audit_retry" does not exist
  位置：256
; bad SQL grammar []
2026-10-10 12:59:56.207 [scheduling-1] [] WARN  c.c.g.runtime.audit.AuditRetryTask - [AuditRetry] 到期行拉取失败（表缺失/DB 不可用）errType=BadSqlGrammarException msg=
### Error querying database.  Cause: org.postgresql.util.PSQLException: ERROR: relation "public.ecos_runtime_audit_retry" does not exist
  位置：256
### The error may exist in com/chinacreator/gzcm/runtime/audit/mapper/AuditRetryMapper.java (best guess)
### The error may involve com.chinacreator.gzcm.runtime.audit.mapper.AuditRetryMapper.listDue-Inline
### The error occurred while setting parameters
### SQL: SELECT id, event_type AS eventType, payload, attempts, next_retry_at AS nextRetryAt, last_error AS lastError, status, trace_id AS traceId, create_time AS createTime, update_time AS updateTime, version_no AS versionNo, is_deleted AS isDeleted, domain FROM public.ecos_runtime_audit_retry WHERE is_deleted = 0 AND status = 'pending' AND next_retry_at <= ? ORDER BY next_retry_at ASC LIMIT ?
### Cause: org.postgresql.util.PSQLException: ERROR: relation "public.ecos_runtime_audit_retry" does not exist
  位置：256
; bad SQL grammar []
2026-10-10 13:00:56.219 [scheduling-1] [] WARN  c.c.g.runtime.audit.AuditRetryTask - [AuditRetry] 到期行拉取失败（表缺失/DB 不可用）errType=BadSqlGrammarException msg=
### Error querying database.  Cause: org.postgresql.util.PSQLException: ERROR: relation "public.ecos_runtime_audit_retry" does not exist
  位置：256
### The error may exist in com/chinacreator/gzcm/runtime/audit/mapper/AuditRetryMapper.java (best guess)
### The error may involve com.chinacreator.gzcm.runtime.audit.mapper.AuditRetryMapper.listDue-Inline
### The error occurred while setting parameters
### SQL: SELECT id, event_type AS eventType, payload, attempts, next_retry_at AS nextRetryAt, last_error AS lastError, status, trace_id AS traceId, create_time AS createTime, update_time AS updateTime, version_no AS versionNo, is_deleted AS isDeleted, domain FROM public.ecos_runtime_audit_retry WHERE is_deleted = 0 AND status = 'pending' AND next_retry_at <= ? ORDER BY next_retry_at ASC LIMIT ?
### Cause: org.postgresql.util.PSQLException: ERROR: relation "public.ecos_runtime_audit_retry" does not exist
  位置：256
; bad SQL grammar []
2026-10-10 13:01:23.595 [scheduling-1] [] WARN  c.c.gzcm.runtime.dlq.DltLagChecker - [DltLagChecker] AdminClient 创建失败 errType=KafkaException msg=Failed to create new KafkaAdminClient
2026-10-10 13:01:23.605 [scheduling-1] [] WARN  c.c.gzcm.runtime.dlq.DltLagChecker - [DltLagChecker] AdminClient 不可用（bootstrap=localhost:9092），本轮降级跳过
2026-10-10 13:01:56.240 [scheduling-1] [] WARN  c.c.g.runtime.audit.AuditRetryTask - [AuditRetry] 到期行拉取失败（表缺失/DB 不可用）errType=BadSqlGrammarException msg=
### Error querying database.  Cause: org.postgresql.util.PSQLException: ERROR: relation "public.ecos_runtime_audit_retry" does not exist
  位置：256
### The error may exist in com/chinacreator/gzcm/runtime/audit/mapper/AuditRetryMapper.java (best guess)
### The error may involve com.chinacreator.gzcm.runtime.audit.mapper.AuditRetryMapper.listDue-Inline
### The error occurred while setting parameters
### SQL: SELECT id, event_type AS eventType, payload, attempts, next_retry_at AS nextRetryAt, last_error AS lastError, status, trace_id AS traceId, create_time AS createTime, update_time AS updateTime, version_no AS versionNo, is_deleted AS isDeleted, domain FROM public.ecos_runtime_audit_retry WHERE is_deleted = 0 AND status = 'pending' AND next_retry_at <= ? ORDER BY next_retry_at ASC LIMIT ?
### Cause: org.postgresql.util.PSQLException: ERROR: relation "public.ecos_runtime_audit_retry" does not exist
  位置：256
; bad SQL grammar []
2026-10-10 13:02:56.254 [scheduling-1] [] WARN  c.c.g.runtime.audit.AuditRetryTask - [AuditRetry] 到期行拉取失败（表缺失/DB 不可用）errType=BadSqlGrammarException msg=
### Error querying database.  Cause: org.postgresql.util.PSQLException: ERROR: relation "public.ecos_runtime_audit_retry" does not exist
  位置：256
### The error may exist in com/chinacreator/gzcm/runtime/audit/mapper/AuditRetryMapper.java (best guess)
### The error may involve com.chinacreator.gzcm.runtime.audit.mapper.AuditRetryMapper.listDue-Inline
### The error occurred while setting parameters
### SQL: SELECT id, event_type AS eventType, payload, attempts, next_retry_at AS nextRetryAt, last_error AS lastError, status, trace_id AS traceId, create_time AS createTime, update_time AS updateTime, version_no AS versionNo, is_deleted AS isDeleted, domain FROM public.ecos_runtime_audit_retry WHERE is_deleted = 0 AND status = 'pending' AND next_retry_at <= ? ORDER BY next_retry_at ASC LIMIT ?
### Cause: org.postgresql.util.PSQLException: ERROR: relation "public.ecos_runtime_audit_retry" does not exist
  位置：256
; bad SQL grammar []
2026-10-10 13:03:56.273 [scheduling-1] [] WARN  c.c.g.runtime.audit.AuditRetryTask - [AuditRetry] 到期行拉取失败（表缺失/DB 不可用）errType=BadSqlGrammarException msg=
### Error querying database.  Cause: org.postgresql.util.PSQLException: ERROR: relation "public.ecos_runtime_audit_retry" does not exist
  位置：256
### The error may exist in com/chinacreator/gzcm/runtime/audit/mapper/AuditRetryMapper.java (best guess)
### The error may involve com.chinacreator.gzcm.runtime.audit.mapper.AuditRetryMapper.listDue-Inline
### The error occurred while setting parameters
### SQL: SELECT id, event_type AS eventType, payload, attempts, next_retry_at AS nextRetryAt, last_error AS lastError, status, trace_id AS traceId, create_time AS createTime, update_time AS updateTime, version_no AS versionNo, is_deleted AS isDeleted, domain FROM public.ecos_runtime_audit_retry WHERE is_deleted = 0 AND status = 'pending' AND next_retry_at <= ? ORDER BY next_retry_at ASC LIMIT ?
### Cause: org.postgresql.util.PSQLException: ERROR: relation "public.ecos_runtime_audit_retry" does not exist
  位置：256
; bad SQL grammar []
2026-10-10 13:04:56.288 [scheduling-1] [] WARN  c.c.g.runtime.audit.AuditRetryTask - [AuditRetry] 到期行拉取失败（表缺失/DB 不可用）errType=BadSqlGrammarException msg=
### Error querying database.  Cause: org.postgresql.util.PSQLException: ERROR: relation "public.ecos_runtime_audit_retry" does not exist
  位置：256
### The error may exist in com/chinacreator/gzcm/runtime/audit/mapper/AuditRetryMapper.java (best guess)
### The error may involve com.chinacreator.gzcm.runtime.audit.mapper.AuditRetryMapper.listDue-Inline
### The error occurred while setting parameters
### SQL: SELECT id, event_type AS eventType, payload, attempts, next_retry_at AS nextRetryAt, last_error AS lastError, status, trace_id AS traceId, create_time AS createTime, update_time AS updateTime, version_no AS versionNo, is_deleted AS isDeleted, domain FROM public.ecos_runtime_audit_retry WHERE is_deleted = 0 AND status = 'pending' AND next_retry_at <= ? ORDER BY next_retry_at ASC LIMIT ?
### Cause: org.postgresql.util.PSQLException: ERROR: relation "public.ecos_runtime_audit_retry" does not exist
  位置：256
; bad SQL grammar []
2026-10-10 13:05:56.296 [scheduling-1] [] WARN  c.c.g.runtime.audit.AuditRetryTask - [AuditRetry] 到期行拉取失败（表缺失/DB 不可用）errType=BadSqlGrammarException msg=
### Error querying database.  Cause: org.postgresql.util.PSQLException: ERROR: relation "public.ecos_runtime_audit_retry" does not exist
  位置：256
### The error may exist in com/chinacreator/gzcm/runtime/audit/mapper/AuditRetryMapper.java (best guess)
### The error may involve com.chinacreator.gzcm.runtime.audit.mapper.AuditRetryMapper.listDue-Inline
### The error occurred while setting parameters
### SQL: SELECT id, event_type AS eventType, payload, attempts, next_retry_at AS nextRetryAt, last_error AS lastError, status, trace_id AS traceId, create_time AS createTime, update_time AS updateTime, version_no AS versionNo, is_deleted AS isDeleted, domain FROM public.ecos_runtime_audit_retry WHERE is_deleted = 0 AND status = 'pending' AND next_retry_at <= ? ORDER BY next_retry_at ASC LIMIT ?
### Cause: org.postgresql.util.PSQLException: ERROR: relation "public.ecos_runtime_audit_retry" does not exist
  位置：256
; bad SQL grammar []
2026-10-10 13:06:23.622 [scheduling-1] [] WARN  c.c.gzcm.runtime.dlq.DltLagChecker - [DltLagChecker] AdminClient 创建失败 errType=KafkaException msg=Failed to create new KafkaAdminClient
2026-10-10 13:06:23.623 [scheduling-1] [] WARN  c.c.gzcm.runtime.dlq.DltLagChecker - [DltLagChecker] AdminClient 不可用（bootstrap=localhost:9092），本轮降级跳过
2026-10-10 13:06:56.308 [scheduling-1] [] WARN  c.c.g.runtime.audit.AuditRetryTask - [AuditRetry] 到期行拉取失败（表缺失/DB 不可用）errType=BadSqlGrammarException msg=
### Error querying database.  Cause: org.postgresql.util.PSQLException: ERROR: relation "public.ecos_runtime_audit_retry" does not exist
  位置：256
### The error may exist in com/chinacreator/gzcm/runtime/audit/mapper/AuditRetryMapper.java (best guess)
### The error may involve com.chinacreator.gzcm.runtime.audit.mapper.AuditRetryMapper.listDue-Inline
### The error occurred while setting parameters
### SQL: SELECT id, event_type AS eventType, payload, attempts, next_retry_at AS nextRetryAt, last_error AS lastError, status, trace_id AS traceId, create_time AS createTime, update_time AS updateTime, version_no AS versionNo, is_deleted AS isDeleted, domain FROM public.ecos_runtime_audit_retry WHERE is_deleted = 0 AND status = 'pending' AND next_retry_at <= ? ORDER BY next_retry_at ASC LIMIT ?
### Cause: org.postgresql.util.PSQLException: ERROR: relation "public.ecos_runtime_audit_retry" does not exist
  位置：256
; bad SQL grammar []
2026-10-10 13:07:56.335 [scheduling-1] [] WARN  c.c.g.runtime.audit.AuditRetryTask - [AuditRetry] 到期行拉取失败（表缺失/DB 不可用）errType=BadSqlGrammarException msg=
### Error querying database.  Cause: org.postgresql.util.PSQLException: ERROR: relation "public.ecos_runtime_audit_retry" does not exist
  位置：256
### The error may exist in com/chinacreator/gzcm/runtime/audit/mapper/AuditRetryMapper.java (best guess)
### The error may involve com.chinacreator.gzcm.runtime.audit.mapper.AuditRetryMapper.listDue-Inline
### The error occurred while setting parameters
### SQL: SELECT id, event_type AS eventType, payload, attempts, next_retry_at AS nextRetryAt, last_error AS lastError, status, trace_id AS traceId, create_time AS createTime, update_time AS updateTime, version_no AS versionNo, is_deleted AS isDeleted, domain FROM public.ecos_runtime_audit_retry WHERE is_deleted = 0 AND status = 'pending' AND next_retry_at <= ? ORDER BY next_retry_at ASC LIMIT ?
### Cause: org.postgresql.util.PSQLException: ERROR: relation "public.ecos_runtime_audit_retry" does not exist
  位置：256
; bad SQL grammar []
2026-10-10 13:08:56.348 [scheduling-1] [] WARN  c.c.g.runtime.audit.AuditRetryTask - [AuditRetry] 到期行拉取失败（表缺失/DB 不可用）errType=BadSqlGrammarException msg=
### Error querying database.  Cause: org.postgresql.util.PSQLException: ERROR: relation "public.ecos_runtime_audit_retry" does not exist
  位置：256
### The error may exist in com/chinacreator/gzcm/runtime/audit/mapper/AuditRetryMapper.java (best guess)
### The error may involve com.chinacreator.gzcm.runtime.audit.mapper.AuditRetryMapper.listDue-Inline
### The error occurred while setting parameters
### SQL: SELECT id, event_type AS eventType, payload, attempts, next_retry_at AS nextRetryAt, last_error AS lastError, status, trace_id AS traceId, create_time AS createTime, update_time AS updateTime, version_no AS versionNo, is_deleted AS isDeleted, domain FROM public.ecos_runtime_audit_retry WHERE is_deleted = 0 AND status = 'pending' AND next_retry_at <= ? ORDER BY next_retry_at ASC LIMIT ?
### Cause: org.postgresql.util.PSQLException: ERROR: relation "public.ecos_runtime_audit_retry" does not exist
  位置：256
; bad SQL grammar []
2026-10-10 13:09:56.369 [scheduling-1] [] WARN  c.c.g.runtime.audit.AuditRetryTask - [AuditRetry] 到期行拉取失败（表缺失/DB 不可用）errType=BadSqlGrammarException msg=
### Error querying database.  Cause: org.postgresql.util.PSQLException: ERROR: relation "public.ecos_runtime_audit_retry" does not exist
  位置：256
### The error may exist in com/chinacreator/gzcm/runtime/audit/mapper/AuditRetryMapper.java (best guess)
### The error may involve com.chinacreator.gzcm.runtime.audit.mapper.AuditRetryMapper.listDue-Inline
### The error occurred while setting parameters
### SQL: SELECT id, event_type AS eventType, payload, attempts, next_retry_at AS nextRetryAt, last_error AS lastError, status, trace_id AS traceId, create_time AS createTime, update_time AS updateTime, version_no AS versionNo, is_deleted AS isDeleted, domain FROM public.ecos_runtime_audit_retry WHERE is_deleted = 0 AND status = 'pending' AND next_retry_at <= ? ORDER BY next_retry_at ASC LIMIT ?
### Cause: org.postgresql.util.PSQLException: ERROR: relation "public.ecos_runtime_audit_retry" does not exist
  位置：256
; bad SQL grammar []
2026-10-10 13:10:56.385 [scheduling-1] [] WARN  c.c.g.runtime.audit.AuditRetryTask - [AuditRetry] 到期行拉取失败（表缺失/DB 不可用）errType=BadSqlGrammarException msg=
### Error querying database.  Cause: org.postgresql.util.PSQLException: ERROR: relation "public.ecos_runtime_audit_retry" does not exist
  位置：256
### The error may exist in com/chinacreator/gzcm/runtime/audit/mapper/AuditRetryMapper.java (best guess)
### The error may involve com.chinacreator.gzcm.runtime.audit.mapper.AuditRetryMapper.listDue-Inline
### The error occurred while setting parameters
### SQL: SELECT id, event_type AS eventType, payload, attempts, next_retry_at AS nextRetryAt, last_error AS lastError, status, trace_id AS traceId, create_time AS createTime, update_time AS updateTime, version_no AS versionNo, is_deleted AS isDeleted, domain FROM public.ecos_runtime_audit_retry WHERE is_deleted = 0 AND status = 'pending' AND next_retry_at <= ? ORDER BY next_retry_at ASC LIMIT ?
### Cause: org.postgresql.util.PSQLException: ERROR: relation "public.ecos_runtime_audit_retry" does not exist
  位置：256
; bad SQL grammar []
2026-10-10 13:11:23.644 [scheduling-1] [] WARN  c.c.gzcm.runtime.dlq.DltLagChecker - [DltLagChecker] AdminClient 创建失败 errType=KafkaException msg=Failed to create new KafkaAdminClient
2026-10-10 13:11:23.645 [scheduling-1] [] WARN  c.c.gzcm.runtime.dlq.DltLagChecker - [DltLagChecker] AdminClient 不可用（bootstrap=localhost:9092），本轮降级跳过
2026-10-10 13:11:56.404 [scheduling-1] [] WARN  c.c.g.runtime.audit.AuditRetryTask - [AuditRetry] 到期行拉取失败（表缺失/DB 不可用）errType=BadSqlGrammarException msg=
### Error querying database.  Cause: org.postgresql.util.PSQLException: ERROR: relation "public.ecos_runtime_audit_retry" does not exist
  位置：256
### The error may exist in com/chinacreator/gzcm/runtime/audit/mapper/AuditRetryMapper.java (best guess)
### The error may involve com.chinacreator.gzcm.runtime.audit.mapper.AuditRetryMapper.listDue-Inline
### The error occurred while setting parameters
### SQL: SELECT id, event_type AS eventType, payload, attempts, next_retry_at AS nextRetryAt, last_error AS lastError, status, trace_id AS traceId, create_time AS createTime, update_time AS updateTime, version_no AS versionNo, is_deleted AS isDeleted, domain FROM public.ecos_runtime_audit_retry WHERE is_deleted = 0 AND status = 'pending' AND next_retry_at <= ? ORDER BY next_retry_at ASC LIMIT ?
### Cause: org.postgresql.util.PSQLException: ERROR: relation "public.ecos_runtime_audit_retry" does not exist
  位置：256
; bad SQL grammar []
2026-10-10 13:12:56.424 [scheduling-1] [] WARN  c.c.g.runtime.audit.AuditRetryTask - [AuditRetry] 到期行拉取失败（表缺失/DB 不可用）errType=BadSqlGrammarException msg=
### Error querying database.  Cause: org.postgresql.util.PSQLException: ERROR: relation "public.ecos_runtime_audit_retry" does not exist
  位置：256
### The error may exist in com/chinacreator/gzcm/runtime/audit/mapper/AuditRetryMapper.java (best guess)
### The error may involve com.chinacreator.gzcm.runtime.audit.mapper.AuditRetryMapper.listDue-Inline
### The error occurred while setting parameters
### SQL: SELECT id, event_type AS eventType, payload, attempts, next_retry_at AS nextRetryAt, last_error AS lastError, status, trace_id AS traceId, create_time AS createTime, update_time AS updateTime, version_no AS versionNo, is_deleted AS isDeleted, domain FROM public.ecos_runtime_audit_retry WHERE is_deleted = 0 AND status = 'pending' AND next_retry_at <= ? ORDER BY next_retry_at ASC LIMIT ?
### Cause: org.postgresql.util.PSQLException: ERROR: relation "public.ecos_runtime_audit_retry" does not exist
  位置：256
; bad SQL grammar []
2026-10-10 13:13:56.431 [scheduling-1] [] WARN  c.c.g.runtime.audit.AuditRetryTask - [AuditRetry] 到期行拉取失败（表缺失/DB 不可用）errType=BadSqlGrammarException msg=
### Error querying database.  Cause: org.postgresql.util.PSQLException: ERROR: relation "public.ecos_runtime_audit_retry" does not exist
  位置：256
### The error may exist in com/chinacreator/gzcm/runtime/audit/mapper/AuditRetryMapper.java (best guess)
### The error may involve com.chinacreator.gzcm.runtime.audit.mapper.AuditRetryMapper.listDue-Inline
### The error occurred while setting parameters
### SQL: SELECT id, event_type AS eventType, payload, attempts, next_retry_at AS nextRetryAt, last_error AS lastError, status, trace_id AS traceId, create_time AS createTime, update_time AS updateTime, version_no AS versionNo, is_deleted AS isDeleted, domain FROM public.ecos_runtime_audit_retry WHERE is_deleted = 0 AND status = 'pending' AND next_retry_at <= ? ORDER BY next_retry_at ASC LIMIT ?
### Cause: org.postgresql.util.PSQLException: ERROR: relation "public.ecos_runtime_audit_retry" does not exist
  位置：256
; bad SQL grammar []
2026-10-10 13:14:56.451 [scheduling-1] [] WARN  c.c.g.runtime.audit.AuditRetryTask - [AuditRetry] 到期行拉取失败（表缺失/DB 不可用）errType=BadSqlGrammarException msg=
### Error querying database.  Cause: org.postgresql.util.PSQLException: ERROR: relation "public.ecos_runtime_audit_retry" does not exist
  位置：256
### The error may exist in com/chinacreator/gzcm/runtime/audit/mapper/AuditRetryMapper.java (best guess)
### The error may involve com.chinacreator.gzcm.runtime.audit.mapper.AuditRetryMapper.listDue-Inline
### The error occurred while setting parameters
### SQL: SELECT id, event_type AS eventType, payload, attempts, next_retry_at AS nextRetryAt, last_error AS lastError, status, trace_id AS traceId, create_time AS createTime, update_time AS updateTime, version_no AS versionNo, is_deleted AS isDeleted, domain FROM public.ecos_runtime_audit_retry WHERE is_deleted = 0 AND status = 'pending' AND next_retry_at <= ? ORDER BY next_retry_at ASC LIMIT ?
### Cause: org.postgresql.util.PSQLException: ERROR: relation "public.ecos_runtime_audit_retry" does not exist
  位置：256
; bad SQL grammar []
2026-10-10 13:15:56.469 [scheduling-1] [] WARN  c.c.g.runtime.audit.AuditRetryTask - [AuditRetry] 到期行拉取失败（表缺失/DB 不可用）errType=BadSqlGrammarException msg=
### Error querying database.  Cause: org.postgresql.util.PSQLException: ERROR: relation "public.ecos_runtime_audit_retry" does not exist
  位置：256
### The error may exist in com/chinacreator/gzcm/runtime/audit/mapper/AuditRetryMapper.java (best guess)
### The error may involve com.chinacreator.gzcm.runtime.audit.mapper.AuditRetryMapper.listDue-Inline
### The error occurred while setting parameters
### SQL: SELECT id, event_type AS eventType, payload, attempts, next_retry_at AS nextRetryAt, last_error AS lastError, status, trace_id AS traceId, create_time AS createTime, update_time AS updateTime, version_no AS versionNo, is_deleted AS isDeleted, domain FROM public.ecos_runtime_audit_retry WHERE is_deleted = 0 AND status = 'pending' AND next_retry_at <= ? ORDER BY next_retry_at ASC LIMIT ?
### Cause: org.postgresql.util.PSQLException: ERROR: relation "public.ecos_runtime_audit_retry" does not exist
  位置：256
; bad SQL grammar []
2026-10-10 13:16:23.673 [scheduling-1] [] WARN  c.c.gzcm.runtime.dlq.DltLagChecker - [DltLagChecker] AdminClient 创建失败 errType=KafkaException msg=Failed to create new KafkaAdminClient
2026-10-10 13:16:23.674 [scheduling-1] [] WARN  c.c.gzcm.runtime.dlq.DltLagChecker - [DltLagChecker] AdminClient 不可用（bootstrap=localhost:9092），本轮降级跳过
2026-10-10 13:16:56.480 [scheduling-1] [] WARN  c.c.g.runtime.audit.AuditRetryTask - [AuditRetry] 到期行拉取失败（表缺失/DB 不可用）errType=BadSqlGrammarException msg=
### Error querying database.  Cause: org.postgresql.util.PSQLException: ERROR: relation "public.ecos_runtime_audit_retry" does not exist
  位置：256
### The error may exist in com/chinacreator/gzcm/runtime/audit/mapper/AuditRetryMapper.java (best guess)
### The error may involve com.chinacreator.gzcm.runtime.audit.mapper.AuditRetryMapper.listDue-Inline
### The error occurred while setting parameters
### SQL: SELECT id, event_type AS eventType, payload, attempts, next_retry_at AS nextRetryAt, last_error AS lastError, status, trace_id AS traceId, create_time AS createTime, update_time AS updateTime, version_no AS versionNo, is_deleted AS isDeleted, domain FROM public.ecos_runtime_audit_retry WHERE is_deleted = 0 AND status = 'pending' AND next_retry_at <= ? ORDER BY next_retry_at ASC LIMIT ?
### Cause: org.postgresql.util.PSQLException: ERROR: relation "public.ecos_runtime_audit_retry" does not exist
  位置：256
; bad SQL grammar []
2026-10-10 13:17:56.510 [scheduling-1] [] WARN  c.c.g.runtime.audit.AuditRetryTask - [AuditRetry] 到期行拉取失败（表缺失/DB 不可用）errType=BadSqlGrammarException msg=
### Error querying database.  Cause: org.postgresql.util.PSQLException: ERROR: relation "public.ecos_runtime_audit_retry" does not exist
  位置：256
### The error may exist in com/chinacreator/gzcm/runtime/audit/mapper/AuditRetryMapper.java (best guess)
### The error may involve com.chinacreator.gzcm.runtime.audit.mapper.AuditRetryMapper.listDue-Inline
### The error occurred while setting parameters
### SQL: SELECT id, event_type AS eventType, payload, attempts, next_retry_at AS nextRetryAt, last_error AS lastError, status, trace_id AS traceId, create_time AS createTime, update_time AS updateTime, version_no AS versionNo, is_deleted AS isDeleted, domain FROM public.ecos_runtime_audit_retry WHERE is_deleted = 0 AND status = 'pending' AND next_retry_at <= ? ORDER BY next_retry_at ASC LIMIT ?
### Cause: org.postgresql.util.PSQLException: ERROR: relation "public.ecos_runtime_audit_retry" does not exist
  位置：256
; bad SQL grammar []
2026-10-10 13:18:56.525 [scheduling-1] [] WARN  c.c.g.runtime.audit.AuditRetryTask - [AuditRetry] 到期行拉取失败（表缺失/DB 不可用）errType=BadSqlGrammarException msg=
### Error querying database.  Cause: org.postgresql.util.PSQLException: ERROR: relation "public.ecos_runtime_audit_retry" does not exist
  位置：256
### The error may exist in com/chinacreator/gzcm/runtime/audit/mapper/AuditRetryMapper.java (best guess)
### The error may involve com.chinacreator.gzcm.runtime.audit.mapper.AuditRetryMapper.listDue-Inline
### The error occurred while setting parameters
### SQL: SELECT id, event_type AS eventType, payload, attempts, next_retry_at AS nextRetryAt, last_error AS lastError, status, trace_id AS traceId, create_time AS createTime, update_time AS updateTime, version_no AS versionNo, is_deleted AS isDeleted, domain FROM public.ecos_runtime_audit_retry WHERE is_deleted = 0 AND status = 'pending' AND next_retry_at <= ? ORDER BY next_retry_at ASC LIMIT ?
### Cause: org.postgresql.util.PSQLException: ERROR: relation "public.ecos_runtime_audit_retry" does not exist
  位置：256
; bad SQL grammar []
2026-10-10 13:19:56.547 [scheduling-1] [] WARN  c.c.g.runtime.audit.AuditRetryTask - [AuditRetry] 到期行拉取失败（表缺失/DB 不可用）errType=BadSqlGrammarException msg=
### Error querying database.  Cause: org.postgresql.util.PSQLException: ERROR: relation "public.ecos_runtime_audit_retry" does not exist
  位置：256
### The error may exist in com/chinacreator/gzcm/runtime/audit/mapper/AuditRetryMapper.java (best guess)
### The error may involve com.chinacreator.gzcm.runtime.audit.mapper.AuditRetryMapper.listDue-Inline
### The error occurred while setting parameters
### SQL: SELECT id, event_type AS eventType, payload, attempts, next_retry_at AS nextRetryAt, last_error AS lastError, status, trace_id AS traceId, create_time AS createTime, update_time AS updateTime, version_no AS versionNo, is_deleted AS isDeleted, domain FROM public.ecos_runtime_audit_retry WHERE is_deleted = 0 AND status = 'pending' AND next_retry_at <= ? ORDER BY next_retry_at ASC LIMIT ?
### Cause: org.postgresql.util.PSQLException: ERROR: relation "public.ecos_runtime_audit_retry" does not exist
  位置：256
; bad SQL grammar []
2026-10-10 13:20:56.555 [scheduling-1] [] WARN  c.c.g.runtime.audit.AuditRetryTask - [AuditRetry] 到期行拉取失败（表缺失/DB 不可用）errType=BadSqlGrammarException msg=
### Error querying database.  Cause: org.postgresql.util.PSQLException: ERROR: relation "public.ecos_runtime_audit_retry" does not exist
  位置：256
### The error may exist in com/chinacreator/gzcm/runtime/audit/mapper/AuditRetryMapper.java (best guess)
### The error may involve com.chinacreator.gzcm.runtime.audit.mapper.AuditRetryMapper.listDue-Inline
### The error occurred while setting parameters
### SQL: SELECT id, event_type AS eventType, payload, attempts, next_retry_at AS nextRetryAt, last_error AS lastError, status, trace_id AS traceId, create_time AS createTime, update_time AS updateTime, version_no AS versionNo, is_deleted AS isDeleted, domain FROM public.ecos_runtime_audit_retry WHERE is_deleted = 0 AND status = 'pending' AND next_retry_at <= ? ORDER BY next_retry_at ASC LIMIT ?
### Cause: org.postgresql.util.PSQLException: ERROR: relation "public.ecos_runtime_audit_retry" does not exist
  位置：256
; bad SQL grammar []
2026-10-10 13:21:23.687 [scheduling-1] [] WARN  c.c.gzcm.runtime.dlq.DltLagChecker - [DltLagChecker] AdminClient 创建失败 errType=KafkaException msg=Failed to create new KafkaAdminClient
2026-10-10 13:21:23.688 [scheduling-1] [] WARN  c.c.gzcm.runtime.dlq.DltLagChecker - [DltLagChecker] AdminClient 不可用（bootstrap=localhost:9092），本轮降级跳过
2026-10-10 13:21:56.562 [scheduling-1] [] WARN  c.c.g.runtime.audit.AuditRetryTask - [AuditRetry] 到期行拉取失败（表缺失/DB 不可用）errType=BadSqlGrammarException msg=
### Error querying database.  Cause: org.postgresql.util.PSQLException: ERROR: relation "public.ecos_runtime_audit_retry" does not exist
  位置：256
### The error may exist in com/chinacreator/gzcm/runtime/audit/mapper/AuditRetryMapper.java (best guess)
### The error may involve com.chinacreator.gzcm.runtime.audit.mapper.AuditRetryMapper.listDue-Inline
### The error occurred while setting parameters
### SQL: SELECT id, event_type AS eventType, payload, attempts, next_retry_at AS nextRetryAt, last_error AS lastError, status, trace_id AS traceId, create_time AS createTime, update_time AS updateTime, version_no AS versionNo, is_deleted AS isDeleted, domain FROM public.ecos_runtime_audit_retry WHERE is_deleted = 0 AND status = 'pending' AND next_retry_at <= ? ORDER BY next_retry_at ASC LIMIT ?
### Cause: org.postgresql.util.PSQLException: ERROR: relation "public.ecos_runtime_audit_retry" does not exist
  位置：256
; bad SQL grammar []
2026-10-10 13:22:56.572 [scheduling-1] [] WARN  c.c.g.runtime.audit.AuditRetryTask - [AuditRetry] 到期行拉取失败（表缺失/DB 不可用）errType=BadSqlGrammarException msg=
### Error querying database.  Cause: org.postgresql.util.PSQLException: ERROR: relation "public.ecos_runtime_audit_retry" does not exist
  位置：256
### The error may exist in com/chinacreator/gzcm/runtime/audit/mapper/AuditRetryMapper.java (best guess)
### The error may involve com.chinacreator.gzcm.runtime.audit.mapper.AuditRetryMapper.listDue-Inline
### The error occurred while setting parameters
### SQL: SELECT id, event_type AS eventType, payload, attempts, next_retry_at AS nextRetryAt, last_error AS lastError, status, trace_id AS traceId, create_time AS createTime, update_time AS updateTime, version_no AS versionNo, is_deleted AS isDeleted, domain FROM public.ecos_runtime_audit_retry WHERE is_deleted = 0 AND status = 'pending' AND next_retry_at <= ? ORDER BY next_retry_at ASC LIMIT ?
### Cause: org.postgresql.util.PSQLException: ERROR: relation "public.ecos_runtime_audit_retry" does not exist
  位置：256
; bad SQL grammar []
2026-10-10 13:23:56.591 [scheduling-1] [] WARN  c.c.g.runtime.audit.AuditRetryTask - [AuditRetry] 到期行拉取失败（表缺失/DB 不可用）errType=BadSqlGrammarException msg=
### Error querying database.  Cause: org.postgresql.util.PSQLException: ERROR: relation "public.ecos_runtime_audit_retry" does not exist
  位置：256
### The error may exist in com/chinacreator/gzcm/runtime/audit/mapper/AuditRetryMapper.java (best guess)
### The error may involve com.chinacreator.gzcm.runtime.audit.mapper.AuditRetryMapper.listDue-Inline
### The error occurred while setting parameters
### SQL: SELECT id, event_type AS eventType, payload, attempts, next_retry_at AS nextRetryAt, last_error AS lastError, status, trace_id AS traceId, create_time AS createTime, update_time AS updateTime, version_no AS versionNo, is_deleted AS isDeleted, domain FROM public.ecos_runtime_audit_retry WHERE is_deleted = 0 AND status = 'pending' AND next_retry_at <= ? ORDER BY next_retry_at ASC LIMIT ?
### Cause: org.postgresql.util.PSQLException: ERROR: relation "public.ecos_runtime_audit_retry" does not exist
  位置：256
; bad SQL grammar []
2026-10-10 13:24:56.617 [scheduling-1] [] WARN  c.c.g.runtime.audit.AuditRetryTask - [AuditRetry] 到期行拉取失败（表缺失/DB 不可用）errType=BadSqlGrammarException msg=
### Error querying database.  Cause: org.postgresql.util.PSQLException: ERROR: relation "public.ecos_runtime_audit_retry" does not exist
  位置：256
### The error may exist in com/chinacreator/gzcm/runtime/audit/mapper/AuditRetryMapper.java (best guess)
### The error may involve com.chinacreator.gzcm.runtime.audit.mapper.AuditRetryMapper.listDue-Inline
### The error occurred while setting parameters
### SQL: SELECT id, event_type AS eventType, payload, attempts, next_retry_at AS nextRetryAt, last_error AS lastError, status, trace_id AS traceId, create_time AS createTime, update_time AS updateTime, version_no AS versionNo, is_deleted AS isDeleted, domain FROM public.ecos_runtime_audit_retry WHERE is_deleted = 0 AND status = 'pending' AND next_retry_at <= ? ORDER BY next_retry_at ASC LIMIT ?
### Cause: org.postgresql.util.PSQLException: ERROR: relation "public.ecos_runtime_audit_retry" does not exist
  位置：256
; bad SQL grammar []
2026-10-10 13:25:56.626 [scheduling-1] [] WARN  c.c.g.runtime.audit.AuditRetryTask - [AuditRetry] 到期行拉取失败（表缺失/DB 不可用）errType=BadSqlGrammarException msg=
### Error querying database.  Cause: org.postgresql.util.PSQLException: ERROR: relation "public.ecos_runtime_audit_retry" does not exist
  位置：256
### The error may exist in com/chinacreator/gzcm/runtime/audit/mapper/AuditRetryMapper.java (best guess)
### The error may involve com.chinacreator.gzcm.runtime.audit.mapper.AuditRetryMapper.listDue-Inline
### The error occurred while setting parameters
### SQL: SELECT id, event_type AS eventType, payload, attempts, next_retry_at AS nextRetryAt, last_error AS lastError, status, trace_id AS traceId, create_time AS createTime, update_time AS updateTime, version_no AS versionNo, is_deleted AS isDeleted, domain FROM public.ecos_runtime_audit_retry WHERE is_deleted = 0 AND status = 'pending' AND next_retry_at <= ? ORDER BY next_retry_at ASC LIMIT ?
### Cause: org.postgresql.util.PSQLException: ERROR: relation "public.ecos_runtime_audit_retry" does not exist
  位置：256
; bad SQL grammar []
2026-10-10 13:26:23.696 [scheduling-1] [] WARN  c.c.gzcm.runtime.dlq.DltLagChecker - [DltLagChecker] AdminClient 创建失败 errType=KafkaException msg=Failed to create new KafkaAdminClient
2026-10-10 13:26:23.697 [scheduling-1] [] WARN  c.c.gzcm.runtime.dlq.DltLagChecker - [DltLagChecker] AdminClient 不可用（bootstrap=localhost:9092），本轮降级跳过
2026-10-10 13:26:56.649 [scheduling-1] [] WARN  c.c.g.runtime.audit.AuditRetryTask - [AuditRetry] 到期行拉取失败（表缺失/DB 不可用）errType=BadSqlGrammarException msg=
### Error querying database.  Cause: org.postgresql.util.PSQLException: ERROR: relation "public.ecos_runtime_audit_retry" does not exist
  位置：256
### The error may exist in com/chinacreator/gzcm/runtime/audit/mapper/AuditRetryMapper.java (best guess)
### The error may involve com.chinacreator.gzcm.runtime.audit.mapper.AuditRetryMapper.listDue-Inline
### The error occurred while setting parameters
### SQL: SELECT id, event_type AS eventType, payload, attempts, next_retry_at AS nextRetryAt, last_error AS lastError, status, trace_id AS traceId, create_time AS createTime, update_time AS updateTime, version_no AS versionNo, is_deleted AS isDeleted, domain FROM public.ecos_runtime_audit_retry WHERE is_deleted = 0 AND status = 'pending' AND next_retry_at <= ? ORDER BY next_retry_at ASC LIMIT ?
### Cause: org.postgresql.util.PSQLException: ERROR: relation "public.ecos_runtime_audit_retry" does not exist
  位置：256
; bad SQL grammar []
2026-10-10 13:27:56.677 [scheduling-1] [] WARN  c.c.g.runtime.audit.AuditRetryTask - [AuditRetry] 到期行拉取失败（表缺失/DB 不可用）errType=BadSqlGrammarException msg=
### Error querying database.  Cause: org.postgresql.util.PSQLException: ERROR: relation "public.ecos_runtime_audit_retry" does not exist
  位置：256
### The error may exist in com/chinacreator/gzcm/runtime/audit/mapper/AuditRetryMapper.java (best guess)
### The error may involve com.chinacreator.gzcm.runtime.audit.mapper.AuditRetryMapper.listDue-Inline
### The error occurred while setting parameters
### SQL: SELECT id, event_type AS eventType, payload, attempts, next_retry_at AS nextRetryAt, last_error AS lastError, status, trace_id AS traceId, create_time AS createTime, update_time AS updateTime, version_no AS versionNo, is_deleted AS isDeleted, domain FROM public.ecos_runtime_audit_retry WHERE is_deleted = 0 AND status = 'pending' AND next_retry_at <= ? ORDER BY next_retry_at ASC LIMIT ?
### Cause: org.postgresql.util.PSQLException: ERROR: relation "public.ecos_runtime_audit_retry" does not exist
  位置：256
; bad SQL grammar []
2026-10-10 13:28:56.697 [scheduling-1] [] WARN  c.c.g.runtime.audit.AuditRetryTask - [AuditRetry] 到期行拉取失败（表缺失/DB 不可用）errType=BadSqlGrammarException msg=
### Error querying database.  Cause: org.postgresql.util.PSQLException: ERROR: relation "public.ecos_runtime_audit_retry" does not exist
  位置：256
### The error may exist in com/chinacreator/gzcm/runtime/audit/mapper/AuditRetryMapper.java (best guess)
### The error may involve com.chinacreator.gzcm.runtime.audit.mapper.AuditRetryMapper.listDue-Inline
### The error occurred while setting parameters
### SQL: SELECT id, event_type AS eventType, payload, attempts, next_retry_at AS nextRetryAt, last_error AS lastError, status, trace_id AS traceId, create_time AS createTime, update_time AS updateTime, version_no AS versionNo, is_deleted AS isDeleted, domain FROM public.ecos_runtime_audit_retry WHERE is_deleted = 0 AND status = 'pending' AND next_retry_at <= ? ORDER BY next_retry_at ASC LIMIT ?
### Cause: org.postgresql.util.PSQLException: ERROR: relation "public.ecos_runtime_audit_retry" does not exist
  位置：256
; bad SQL grammar []
2026-10-10 13:29:56.721 [scheduling-1] [] WARN  c.c.g.runtime.audit.AuditRetryTask - [AuditRetry] 到期行拉取失败（表缺失/DB 不可用）errType=BadSqlGrammarException msg=
### Error querying database.  Cause: org.postgresql.util.PSQLException: ERROR: relation "public.ecos_runtime_audit_retry" does not exist
  位置：256
### The error may exist in com/chinacreator/gzcm/runtime/audit/mapper/AuditRetryMapper.java (best guess)
### The error may involve com.chinacreator.gzcm.runtime.audit.mapper.AuditRetryMapper.listDue-Inline
### The error occurred while setting parameters
### SQL: SELECT id, event_type AS eventType, payload, attempts, next_retry_at AS nextRetryAt, last_error AS lastError, status, trace_id AS traceId, create_time AS createTime, update_time AS updateTime, version_no AS versionNo, is_deleted AS isDeleted, domain FROM public.ecos_runtime_audit_retry WHERE is_deleted = 0 AND status = 'pending' AND next_retry_at <= ? ORDER BY next_retry_at ASC LIMIT ?
### Cause: org.postgresql.util.PSQLException: ERROR: relation "public.ecos_runtime_audit_retry" does not exist
  位置：256
; bad SQL grammar []
2026-10-10 13:30:56.730 [scheduling-1] [] WARN  c.c.g.runtime.audit.AuditRetryTask - [AuditRetry] 到期行拉取失败（表缺失/DB 不可用）errType=BadSqlGrammarException msg=
### Error querying database.  Cause: org.postgresql.util.PSQLException: ERROR: relation "public.ecos_runtime_audit_retry" does not exist
  位置：256
### The error may exist in com/chinacreator/gzcm/runtime/audit/mapper/AuditRetryMapper.java (best guess)
### The error may involve com.chinacreator.gzcm.runtime.audit.mapper.AuditRetryMapper.listDue-Inline
### The error occurred while setting parameters
### SQL: SELECT id, event_type AS eventType, payload, attempts, next_retry_at AS nextRetryAt, last_error AS lastError, status, trace_id AS traceId, create_time AS createTime, update_time AS updateTime, version_no AS versionNo, is_deleted AS isDeleted, domain FROM public.ecos_runtime_audit_retry WHERE is_deleted = 0 AND status = 'pending' AND next_retry_at <= ? ORDER BY next_retry_at ASC LIMIT ?
### Cause: org.postgresql.util.PSQLException: ERROR: relation "public.ecos_runtime_audit_retry" does not exist
  位置：256
; bad SQL grammar []
2026-10-10 13:31:23.722 [scheduling-1] [] WARN  c.c.gzcm.runtime.dlq.DltLagChecker - [DltLagChecker] AdminClient 创建失败 errType=KafkaException msg=Failed to create new KafkaAdminClient
2026-10-10 13:31:23.724 [scheduling-1] [] WARN  c.c.gzcm.runtime.dlq.DltLagChecker - [DltLagChecker] AdminClient 不可用（bootstrap=localhost:9092），本轮降级跳过
2026-10-10 13:31:56.751 [scheduling-1] [] WARN  c.c.g.runtime.audit.AuditRetryTask - [AuditRetry] 到期行拉取失败（表缺失/DB 不可用）errType=BadSqlGrammarException msg=
### Error querying database.  Cause: org.postgresql.util.PSQLException: ERROR: relation "public.ecos_runtime_audit_retry" does not exist
  位置：256
### The error may exist in com/chinacreator/gzcm/runtime/audit/mapper/AuditRetryMapper.java (best guess)
### The error may involve com.chinacreator.gzcm.runtime.audit.mapper.AuditRetryMapper.listDue-Inline
### The error occurred while setting parameters
### SQL: SELECT id, event_type AS eventType, payload, attempts, next_retry_at AS nextRetryAt, last_error AS lastError, status, trace_id AS traceId, create_time AS createTime, update_time AS updateTime, version_no AS versionNo, is_deleted AS isDeleted, domain FROM public.ecos_runtime_audit_retry WHERE is_deleted = 0 AND status = 'pending' AND next_retry_at <= ? ORDER BY next_retry_at ASC LIMIT ?
### Cause: org.postgresql.util.PSQLException: ERROR: relation "public.ecos_runtime_audit_retry" does not exist
  位置：256
; bad SQL grammar []
2026-10-10 13:32:56.769 [scheduling-1] [] WARN  c.c.g.runtime.audit.AuditRetryTask - [AuditRetry] 到期行拉取失败（表缺失/DB 不可用）errType=BadSqlGrammarException msg=
### Error querying database.  Cause: org.postgresql.util.PSQLException: ERROR: relation "public.ecos_runtime_audit_retry" does not exist
  位置：256
### The error may exist in com/chinacreator/gzcm/runtime/audit/mapper/AuditRetryMapper.java (best guess)
### The error may involve com.chinacreator.gzcm.runtime.audit.mapper.AuditRetryMapper.listDue-Inline
### The error occurred while setting parameters
### SQL: SELECT id, event_type AS eventType, payload, attempts, next_retry_at AS nextRetryAt, last_error AS lastError, status, trace_id AS traceId, create_time AS createTime, update_time AS updateTime, version_no AS versionNo, is_deleted AS isDeleted, domain FROM public.ecos_runtime_audit_retry WHERE is_deleted = 0 AND status = 'pending' AND next_retry_at <= ? ORDER BY next_retry_at ASC LIMIT ?
### Cause: org.postgresql.util.PSQLException: ERROR: relation "public.ecos_runtime_audit_retry" does not exist
  位置：256
; bad SQL grammar []
2026-10-10 13:33:56.783 [scheduling-1] [] WARN  c.c.g.runtime.audit.AuditRetryTask - [AuditRetry] 到期行拉取失败（表缺失/DB 不可用）errType=BadSqlGrammarException msg=
### Error querying database.  Cause: org.postgresql.util.PSQLException: ERROR: relation "public.ecos_runtime_audit_retry" does not exist
  位置：256
### The error may exist in com/chinacreator/gzcm/runtime/audit/mapper/AuditRetryMapper.java (best guess)
### The error may involve com.chinacreator.gzcm.runtime.audit.mapper.AuditRetryMapper.listDue-Inline
### The error occurred while setting parameters
### SQL: SELECT id, event_type AS eventType, payload, attempts, next_retry_at AS nextRetryAt, last_error AS lastError, status, trace_id AS traceId, create_time AS createTime, update_time AS updateTime, version_no AS versionNo, is_deleted AS isDeleted, domain FROM public.ecos_runtime_audit_retry WHERE is_deleted = 0 AND status = 'pending' AND next_retry_at <= ? ORDER BY next_retry_at ASC LIMIT ?
### Cause: org.postgresql.util.PSQLException: ERROR: relation "public.ecos_runtime_audit_retry" does not exist
  位置：256
; bad SQL grammar []
2026-10-10 13:34:06.668 [http-nio-18083-exec-2] [] ERROR o.a.c.c.C.[.[.[.[dispatcherServlet] - Servlet.service() for servlet [dispatcherServlet] in context with path [] threw exception [Request processing failed: org.springframework.jdbc.BadSqlGrammarException: StatementCallback; bad SQL grammar [SELECT id, code, name, expression, aggregation, entity_code, caliber_id, formula_version, caliber_snapshot, status, create_time, update_time, create_by, update_by, is_deleted, version_no, domain FROM ecos_ontology.ecos_metric_definition WHERE is_deleted = 0 ORDER BY code ASC]] with root cause
org.postgresql.util.PSQLException: ERROR: relation "ecos_ontology.ecos_metric_definition" does not exist
  位置：201
	at org.postgresql.core.v3.QueryExecutorImpl.receiveErrorResponse(QueryExecutorImpl.java:2713)
	at org.postgresql.core.v3.QueryExecutorImpl.processResults(QueryExecutorImpl.java:2401)
	at org.postgresql.core.v3.QueryExecutorImpl.execute(QueryExecutorImpl.java:368)
	at org.postgresql.jdbc.PgStatement.executeInternal(PgStatement.java:498)
	at org.postgresql.jdbc.PgStatement.execute(PgStatement.java:415)
	at org.postgresql.jdbc.PgStatement.executeWithFlags(PgStatement.java:335)
	at org.postgresql.jdbc.PgStatement.executeCachedSql(PgStatement.java:321)
	at org.postgresql.jdbc.PgStatement.executeWithFlags(PgStatement.java:297)
	at org.postgresql.jdbc.PgStatement.executeQuery(PgStatement.java:246)
	at com.zaxxer.hikari.pool.ProxyStatement.executeQuery(ProxyStatement.java:110)
	at com.zaxxer.hikari.pool.HikariProxyStatement.executeQuery(HikariProxyStatement.java)
	at org.springframework.jdbc.core.JdbcTemplate$1QueryStatementCallback.doInStatement(JdbcTemplate.java:463)
	at org.springframework.jdbc.core.JdbcTemplate.execute(JdbcTemplate.java:393)
	at org.springframework.jdbc.core.JdbcTemplate.query(JdbcTemplate.java:476)
	at org.springframework.jdbc.core.JdbcTemplate.query(JdbcTemplate.java:486)
	at com.chinacreator.gzcm.engine.ontology.repository.MetricDefinitionRepository.findAll(MetricDefinitionRepository.java:64)
	at java.base/jdk.internal.reflect.NativeMethodAccessorImpl.invoke0(Native Method)
	at java.base/jdk.internal.reflect.NativeMethodAccessorImpl.invoke(NativeMethodAccessorImpl.java:77)
	at java.base/jdk.internal.reflect.DelegatingMethodAccessorImpl.invoke(DelegatingMethodAccessorImpl.java:43)
	at java.base/java.lang.reflect.Method.invoke(Method.java:569)
	at org.springframework.aop.support.AopUtils.invokeJoinpointUsingReflection(AopUtils.java:351)
	at org.springframework.aop.framework.ReflectiveMethodInvocation.invokeJoinpoint(ReflectiveMethodInvocation.java:196)
	at org.springframework.aop.framework.ReflectiveMethodInvocation.proceed(ReflectiveMethodInvocation.java:163)
	at org.springframework.aop.framework.CglibAopProxy$CglibMethodInvocation.proceed(CglibAopProxy.java:765)
	at org.springframework.dao.support.PersistenceExceptionTranslationInterceptor.invoke(PersistenceExceptionTranslationInterceptor.java:137)
	at org.springframework.aop.framework.ReflectiveMethodInvocation.proceed(ReflectiveMethodInvocation.java:184)
	at org.springframework.aop.framework.CglibAopProxy$CglibMethodInvocation.proceed(CglibAopProxy.java:765)
	at org.springframework.aop.framework.CglibAopProxy$DynamicAdvisedInterceptor.intercept(CglibAopProxy.java:717)
	at com.chinacreator.gzcm.engine.ontology.repository.MetricDefinitionRepository$$SpringCGLIB$$0.findAll(<generated>)
	at com.chinacreator.gzcm.engine.ontology.service.MetricDefinitionService.listAll(MetricDefinitionService.java:43)
	at java.base/jdk.internal.reflect.NativeMethodAccessorImpl.invoke0(Native Method)
	at java.base/jdk.internal.reflect.NativeMethodAccessorImpl.invoke(NativeMethodAccessorImpl.java:77)
	at java.base/jdk.internal.reflect.DelegatingMethodAccessorImpl.invoke(DelegatingMethodAccessorImpl.java:43)
	at java.base/java.lang.reflect.Method.invoke(Method.java:569)
	at org.springframework.aop.support.AopUtils.invokeJoinpointUsingReflection(AopUtils.java:351)
	at org.springframework.aop.framework.CglibAopProxy$DynamicAdvisedInterceptor.intercept(CglibAopProxy.java:713)
	at com.chinacreator.gzcm.engine.ontology.service.MetricDefinitionService$$SpringCGLIB$$0.listAll(<generated>)
	at com.chinacreator.gzcm.engine.ontology.controller.OntologyMetricController.listMetricDefinitions(OntologyMetricController.java:34)
	at java.base/jdk.internal.reflect.NativeMethodAccessorImpl.invoke0(Native Method)
	at java.base/jdk.internal.reflect.NativeMethodAccessorImpl.invoke(NativeMethodAccessorImpl.java:77)
	at java.base/jdk.internal.reflect.DelegatingMethodAccessorImpl.invoke(DelegatingMethodAccessorImpl.java:43)
	at java.base/java.lang.reflect.Method.invoke(Method.java:569)
	at org.springframework.aop.support.AopUtils.invokeJoinpointUsingReflection(AopUtils.java:351)
	at org.springframework.aop.framework.ReflectiveMethodInvocation.invokeJoinpoint(ReflectiveMethodInvocation.java:196)
	at org.springframework.aop.framework.ReflectiveMethodInvocation.proceed(ReflectiveMethodInvocation.java:163)
	at org.springframework.aop.framework.CglibAopProxy$CglibMethodInvocation.proceed(CglibAopProxy.java:765)
	at org.springframework.aop.framework.adapter.AfterReturningAdviceInterceptor.invoke(AfterReturningAdviceInterceptor.java:57)
	at org.springframework.aop.framework.ReflectiveMethodInvocation.proceed(ReflectiveMethodInvocation.java:184)
	at org.springframework.aop.framework.CglibAopProxy$CglibMethodInvocation.proceed(CglibAopProxy.java:765)
	at org.springframework.aop.aspectj.MethodInvocationProceedingJoinPoint.proceed(MethodInvocationProceedingJoinPoint.java:89)
	at com.chinacreator.gzcm.engine.ontology.security.OntologySecurityInterceptor.secureWriteAuthAndAudit(OntologySecurityInterceptor.java:109)
	at java.base/jdk.internal.reflect.NativeMethodAccessorImpl.invoke0(Native Method)
	at java.base/jdk.internal.reflect.NativeMethodAccessorImpl.invoke(NativeMethodAccessorImpl.java:77)
	at java.base/jdk.internal.reflect.DelegatingMethodAccessorImpl.invoke(DelegatingMethodAccessorImpl.java:43)
	at java.base/java.lang.reflect.Method.invoke(Method.java:569)
	at org.springframework.aop.aspectj.AbstractAspectJAdvice.invokeAdviceMethodWithGivenArgs(AbstractAspectJAdvice.java:637)
	at org.springframework.aop.aspectj.AbstractAspectJAdvice.invokeAdviceMethod(AbstractAspectJAdvice.java:627)
	at org.springframework.aop.aspectj.AspectJAroundAdvice.invoke(AspectJAroundAdvice.java:71)
	at org.springframework.aop.framework.ReflectiveMethodInvocation.proceed(ReflectiveMethodInvocation.java:184)
	at org.springframework.aop.framework.CglibAopProxy$CglibMethodInvocation.proceed(CglibAopProxy.java:765)
	at org.springframework.aop.interceptor.ExposeInvocationInterceptor.invoke(ExposeInvocationInterceptor.java:97)
	at org.springframework.aop.framework.ReflectiveMethodInvocation.proceed(ReflectiveMethodInvocation.java:184)
	at org.springframework.aop.framework.CglibAopProxy$CglibMethodInvocation.proceed(CglibAopProxy.java:765)
	at org.springframework.aop.framework.CglibAopProxy$DynamicAdvisedInterceptor.intercept(CglibAopProxy.java:717)
	at com.chinacreator.gzcm.engine.ontology.controller.OntologyMetricController$$SpringCGLIB$$0.listMetricDefinitions(<generated>)
	at java.base/jdk.internal.reflect.NativeMethodAccessorImpl.invoke0(Native Method)
	at java.base/jdk.internal.reflect.NativeMethodAccessorImpl.invoke(NativeMethodAccessorImpl.java:77)
	at java.base/jdk.internal.reflect.DelegatingMethodAccessorImpl.invoke(DelegatingMethodAccessorImpl.java:43)
	at java.base/java.lang.reflect.Method.invoke(Method.java:569)
	at org.springframework.web.method.support.InvocableHandlerMethod.doInvoke(InvocableHandlerMethod.java:261)
	at org.springframework.web.method.support.InvocableHandlerMethod.invokeForRequest(InvocableHandlerMethod.java:189)
	at org.springframework.web.servlet.mvc.method.annotation.ServletInvocableHandlerMethod.invokeAndHandle(ServletInvocableHandlerMethod.java:118)
	at org.springframework.web.servlet.mvc.method.annotation.RequestMappingHandlerAdapter.invokeHandlerMethod(RequestMappingHandlerAdapter.java:917)
	at org.springframework.web.servlet.mvc.method.annotation.RequestMappingHandlerAdapter.handleInternal(RequestMappingHandlerAdapter.java:829)
	at org.springframework.web.servlet.mvc.method.AbstractHandlerMethodAdapter.handle(AbstractHandlerMethodAdapter.java:87)
	at org.springframework.web.servlet.DispatcherServlet.doDispatch(DispatcherServlet.java:1089)
	at org.springframework.web.servlet.DispatcherServlet.doService(DispatcherServlet.java:979)
	at org.springframework.web.servlet.FrameworkServlet.processRequest(FrameworkServlet.java:1014)
	at org.springframework.web.servlet.FrameworkServlet.doGet(FrameworkServlet.java:903)
	at jakarta.servlet.http.HttpServlet.service(HttpServlet.java:564)
	at org.springframework.web.servlet.FrameworkServlet.service(FrameworkServlet.java:885)
	at jakarta.servlet.http.HttpServlet.service(HttpServlet.java:658)
	at org.apache.catalina.core.ApplicationFilterChain.internalDoFilter(ApplicationFilterChain.java:205)
	at org.apache.catalina.core.ApplicationFilterChain.doFilter(ApplicationFilterChain.java:149)
	at org.apache.tomcat.websocket.server.WsFilter.doFilter(WsFilter.java:51)
	at org.apache.catalina.core.ApplicationFilterChain.internalDoFilter(ApplicationFilterChain.java:174)
	at org.apache.catalina.core.ApplicationFilterChain.doFilter(ApplicationFilterChain.java:149)
	at org.springframework.web.filter.OncePerRequestFilter.doFilter(OncePerRequestFilter.java:110)
	at org.apache.catalina.core.ApplicationFilterChain.internalDoFilter(ApplicationFilterChain.java:174)
	at org.apache.catalina.core.ApplicationFilterChain.doFilter(ApplicationFilterChain.java:149)
	at org.springframework.web.filter.CompositeFilter$VirtualFilterChain.doFilter(CompositeFilter.java:108)
	at org.springframework.security.web.FilterChainProxy.lambda$doFilterInternal$3(FilterChainProxy.java:231)
	at org.springframework.security.web.ObservationFilterChainDecorator$FilterObservation$SimpleFilterObservation.lambda$wrap$1(ObservationFilterChainDecorator.java:479)
	at org.springframework.security.web.ObservationFilterChainDecorator$AroundFilterObservation$SimpleAroundFilterObservation.lambda$wrap$1(ObservationFilterChainDecorator.java:340)
	at org.springframework.security.web.ObservationFilterChainDecorator.lambda$wrapSecured$0(ObservationFilterChainDecorator.java:82)
	at org.springframework.security.web.ObservationFilterChainDecorator$VirtualFilterChain.doFilter(ObservationFilterChainDecorator.java:128)
	at org.springframework.security.web.access.intercept.AuthorizationFilter.doFilter(AuthorizationFilter.java:100)
	at org.springframework.security.web.ObservationFilterChainDecorator$ObservationFilter.wrapFilter(ObservationFilterChainDecorator.java:240)
	at org.springframework.security.web.ObservationFilterChainDecorator$ObservationFilter.doFilter(ObservationFilterChainDecorator.java:227)
	at org.springframework.security.web.ObservationFilterChainDecorator$VirtualFilterChain.doFilter(ObservationFilterChainDecorator.java:137)
	at org.springframework.security.web.access.ExceptionTranslationFilter.doFilter(ExceptionTranslationFilter.java:126)
	at org.springframework.security.web.access.ExceptionTranslationFilter.doFilter(ExceptionTranslationFilter.java:120)
	at org.springframework.security.web.ObservationFilterChainDecorator$ObservationFilter.wrapFilter(ObservationFilterChainDecorator.java:240)
	at org.springframework.security.web.ObservationFilterChainDecorator$ObservationFilter.doFilter(ObservationFilterChainDecorator.java:227)
	at org.springframework.security.web.ObservationFilterChainDecorator$VirtualFilterChain.doFilter(ObservationFilterChainDecorator.java:137)
	at org.springframework.security.web.session.SessionManagementFilter.doFilter(SessionManagementFilter.java:131)
	at org.springframework.security.web.session.SessionManagementFilter.doFilter(SessionManagementFilter.java:85)
	at org.springframework.security.web.ObservationFilterChainDecorator$ObservationFilter.wrapFilter(ObservationFilterChainDecorator.java:240)
	at org.springframework.security.web.ObservationFilterChainDecorator$ObservationFilter.doFilter(ObservationFilterChainDecorator.java:227)
	at org.springframework.security.web.ObservationFilterChainDecorator$VirtualFilterChain.doFilter(ObservationFilterChainDecorator.java:137)
	at org.springframework.security.web.authentication.AnonymousAuthenticationFilter.doFilter(AnonymousAuthenticationFilter.java:100)
	at org.springframework.security.web.ObservationFilterChainDecorator$ObservationFilter.wrapFilter(ObservationFilterChainDecorator.java:240)
	at org.springframework.security.web.ObservationFilterChainDecorator$ObservationFilter.doFilter(ObservationFilterChainDecorator.java:227)
	at org.springframework.security.web.ObservationFilterChainDecorator$VirtualFilterChain.doFilter(ObservationFilterChainDecorator.java:137)
	at org.springframework.security.web.servletapi.SecurityContextHolderAwareRequestFilter.doFilter(SecurityContextHolderAwareRequestFilter.java:179)
	at org.springframework.security.web.ObservationFilterChainDecorator$ObservationFilter.wrapFilter(ObservationFilterChainDecorator.java:240)
	at org.springframework.security.web.ObservationFilterChainDecorator$ObservationFilter.doFilter(ObservationFilterChainDecorator.java:227)
	at org.springframework.security.web.ObservationFilterChainDecorator$VirtualFilterChain.doFilter(ObservationFilterChainDecorator.java:137)
	at org.springframework.security.web.savedrequest.RequestCacheAwareFilter.doFilter(RequestCacheAwareFilter.java:63)
	at org.springframework.security.web.ObservationFilterChainDecorator$ObservationFilter.wrapFilter(ObservationFilterChainDecorator.java:240)
	at org.springframework.security.web.ObservationFilterChainDecorator$ObservationFilter.doFilter(ObservationFilterChainDecorator.java:227)
	at org.springframework.security.web.ObservationFilterChainDecorator$VirtualFilterChain.doFilter(ObservationFilterChainDecorator.java:137)
	at com.chinacreator.gzcm.sysman.security.JwtAuthenticationFilter.doFilterInternal(JwtAuthenticationFilter.java:181)
	at org.springframework.web.filter.OncePerRequestFilter.doFilter(OncePerRequestFilter.java:116)
	at org.springframework.security.web.ObservationFilterChainDecorator$ObservationFilter.wrapFilter(ObservationFilterChainDecorator.java:240)
	at org.springframework.security.web.ObservationFilterChainDecorator$ObservationFilter.doFilter(ObservationFilterChainDecorator.java:227)
	at org.springframework.security.web.ObservationFilterChainDecorator$VirtualFilterChain.doFilter(ObservationFilterChainDecorator.java:137)
	at org.springframework.security.web.authentication.logout.LogoutFilter.doFilter(LogoutFilter.java:107)
	at org.springframework.security.web.authentication.logout.LogoutFilter.doFilter(LogoutFilter.java:93)
	at org.springframework.security.web.ObservationFilterChainDecorator$ObservationFilter.wrapFilter(ObservationFilterChainDecorator.java:240)
	at org.springframework.security.web.ObservationFilterChainDecorator$ObservationFilter.doFilter(ObservationFilterChainDecorator.java:227)
	at org.springframework.security.web.ObservationFilterChainDecorator$VirtualFilterChain.doFilter(ObservationFilterChainDecorator.java:137)
	at org.springframework.web.filter.CorsFilter.doFilterInternal(CorsFilter.java:91)
	at org.springframework.web.filter.OncePerRequestFilter.doFilter(OncePerRequestFilter.java:116)
	at org.springframework.security.web.ObservationFilterChainDecorator$ObservationFilter.wrapFilter(ObservationFilterChainDecorator.java:240)
	at org.springframework.security.web.ObservationFilterChainDecorator$ObservationFilter.doFilter(ObservationFilterChainDecorator.java:227)
	at org.springframework.security.web.ObservationFilterChainDecorator$VirtualFilterChain.doFilter(ObservationFilterChainDecorator.java:137)
	at org.springframework.security.web.header.HeaderWriterFilter.doHeadersAfter(HeaderWriterFilter.java:90)
	at org.springframework.security.web.header.HeaderWriterFilter.doFilterInternal(HeaderWriterFilter.java:75)
	at org.springframework.web.filter.OncePerRequestFilter.doFilter(OncePerRequestFilter.java:116)
	at org.springframework.security.web.ObservationFilterChainDecorator$ObservationFilter.wrapFilter(ObservationFilterChainDecorator.java:240)
	at org.springframework.security.web.ObservationFilterChainDecorator$ObservationFilter.doFilter(ObservationFilterChainDecorator.java:227)
	at org.springframework.security.web.ObservationFilterChainDecorator$VirtualFilterChain.doFilter(ObservationFilterChainDecorator.java:137)
	at org.springframework.security.web.context.SecurityContextHolderFilter.doFilter(SecurityContextHolderFilter.java:82)
	at org.springframework.security.web.context.SecurityContextHolderFilter.doFilter(SecurityContextHolderFilter.java:69)
	at org.springframework.security.web.ObservationFilterChainDecorator$ObservationFilter.wrapFilter(ObservationFilterChainDecorator.java:240)
	at org.springframework.security.web.ObservationFilterChainDecorator$ObservationFilter.doFilter(ObservationFilterChainDecorator.java:227)
	at org.springframework.security.web.ObservationFilterChainDecorator$VirtualFilterChain.doFilter(ObservationFilterChainDecorator.java:137)
	at org.springframework.security.web.context.request.async.WebAsyncManagerIntegrationFilter.doFilterInternal(WebAsyncManagerIntegrationFilter.java:62)
	at org.springframework.web.filter.OncePerRequestFilter.doFilter(OncePerRequestFilter.java:116)
	at org.springframework.security.web.ObservationFilterChainDecorator$ObservationFilter.wrapFilter(ObservationFilterChainDecorator.java:240)
	at org.springframework.security.web.ObservationFilterChainDecorator$ObservationFilter.doFilter(ObservationFilterChainDecorator.java:227)
	at org.springframework.security.web.ObservationFilterChainDecorator$VirtualFilterChain.doFilter(ObservationFilterChainDecorator.java:137)
	at org.springframework.security.web.session.DisableEncodeUrlFilter.doFilterInternal(DisableEncodeUrlFilter.java:42)
	at org.springframework.web.filter.OncePerRequestFilter.doFilter(OncePerRequestFilter.java:116)
	at org.springframework.security.web.ObservationFilterChainDecorator$ObservationFilter.wrapFilter(ObservationFilterChainDecorator.java:240)
	at org.springframework.security.web.ObservationFilterChainDecorator$AroundFilterObservation$SimpleAroundFilterObservation.lambda$wrap$0(ObservationFilterChainDecorator.java:323)
	at org.springframework.security.web.ObservationFilterChainDecorator$ObservationFilter.doFilter(ObservationFilterChainDecorator.java:224)
	at org.springframework.security.web.ObservationFilterChainDecorator$VirtualFilterChain.doFilter(ObservationFilterChainDecorator.java:137)
	at org.springframework.security.web.FilterChainProxy.doFilterInternal(FilterChainProxy.java:233)
	at org.springframework.security.web.FilterChainProxy.doFilter(FilterChainProxy.java:191)
	at org.springframework.web.filter.CompositeFilter$VirtualFilterChain.doFilter(CompositeFilter.java:113)
	at org.springframework.web.servlet.handler.HandlerMappingIntrospector.lambda$createCacheFilter$3(HandlerMappingIntrospector.java:195)
	at org.springframework.web.filter.CompositeFilter$VirtualFilterChain.doFilter(CompositeFilter.java:113)
	at org.springframework.web.filter.CompositeFilter.doFilter(CompositeFilter.java:74)
	at org.springframework.security.config.annotation.web.configuration.WebMvcSecurityConfiguration$CompositeFilterChainProxy.doFilter(WebMvcSecurityConfiguration.java:225)
	at org.springframework.web.filter.DelegatingFilterProxy.invokeDelegate(DelegatingFilterProxy.java:352)
	at org.springframework.web.filter.DelegatingFilterProxy.doFilter(DelegatingFilterProxy.java:268)
	at org.apache.catalina.core.ApplicationFilterChain.internalDoFilter(ApplicationFilterChain.java:174)
	at org.apache.catalina.core.ApplicationFilterChain.doFilter(ApplicationFilterChain.java:149)
	at org.springframework.web.filter.RequestContextFilter.doFilterInternal(RequestContextFilter.java:100)
	at org.springframework.web.filter.OncePerRequestFilter.doFilter(OncePerRequestFilter.java:116)
	at org.apache.catalina.core.ApplicationFilterChain.internalDoFilter(ApplicationFilterChain.java:174)
	at org.apache.catalina.core.ApplicationFilterChain.doFilter(ApplicationFilterChain.java:149)
	at org.springframework.web.filter.FormContentFilter.doFilterInternal(FormContentFilter.java:93)
	at org.springframework.web.filter.OncePerRequestFilter.doFilter(OncePerRequestFilter.java:116)
	at org.apache.catalina.core.ApplicationFilterChain.internalDoFilter(ApplicationFilterChain.java:174)
	at org.apache.catalina.core.ApplicationFilterChain.doFilter(ApplicationFilterChain.java:149)
	at org.springframework.web.filter.ServerHttpObservationFilter.doFilterInternal(ServerHttpObservationFilter.java:109)
	at org.springframework.web.filter.OncePerRequestFilter.doFilter(OncePerRequestFilter.java:116)
	at org.apache.catalina.core.ApplicationFilterChain.internalDoFilter(ApplicationFilterChain.java:174)
	at org.apache.catalina.core.ApplicationFilterChain.doFilter(ApplicationFilterChain.java:149)
	at org.springframework.web.filter.CharacterEncodingFilter.doFilterInternal(CharacterEncodingFilter.java:201)
	at org.springframework.web.filter.OncePerRequestFilter.doFilter(OncePerRequestFilter.java:116)
	at org.apache.catalina.core.ApplicationFilterChain.internalDoFilter(ApplicationFilterChain.java:174)
	at org.apache.catalina.core.ApplicationFilterChain.doFilter(ApplicationFilterChain.java:149)
	at org.apache.catalina.core.StandardWrapperValve.invoke(StandardWrapperValve.java:167)
	at org.apache.catalina.core.StandardContextValve.invoke(StandardContextValve.java:90)
	at org.apache.catalina.authenticator.AuthenticatorBase.invoke(AuthenticatorBase.java:482)
	at org.apache.catalina.core.StandardHostValve.invoke(StandardHostValve.java:115)
	at org.apache.catalina.valves.ErrorReportValve.invoke(ErrorReportValve.java:93)
	at org.apache.catalina.core.StandardEngineValve.invoke(StandardEngineValve.java:74)
	at org.apache.catalina.connector.CoyoteAdapter.service(CoyoteAdapter.java:340)
	at org.apache.coyote.http11.Http11Processor.service(Http11Processor.java:391)
	at org.apache.coyote.AbstractProcessorLight.process(AbstractProcessorLight.java:63)
	at org.apache.coyote.AbstractProtocol$ConnectionHandler.process(AbstractProtocol.java:896)
	at org.apache.tomcat.util.net.NioEndpoint$SocketProcessor.doRun(NioEndpoint.java:1744)
	at org.apache.tomcat.util.net.SocketProcessorBase.run(SocketProcessorBase.java:52)
	at org.apache.tomcat.util.threads.ThreadPoolExecutor.runWorker(ThreadPoolExecutor.java:1191)
	at org.apache.tomcat.util.threads.ThreadPoolExecutor$Worker.run(ThreadPoolExecutor.java:659)
	at org.apache.tomcat.util.threads.TaskThread$WrappingRunnable.run(TaskThread.java:61)
	at java.base/java.lang.Thread.run(Thread.java:840)
2026-10-10 13:34:06.719 [http-nio-18083-exec-4] [] ERROR o.a.c.c.C.[.[.[.[dispatcherServlet] - Servlet.service() for servlet [dispatcherServlet] in context with path [] threw exception [Request processing failed: org.springframework.jdbc.BadSqlGrammarException: StatementCallback; bad SQL grammar [SELECT id, code, name, status, unit, currency, owner_role, dimension_json, create_time, update_time, create_by, update_by, is_deleted, version_no, domain FROM ecos_ontology.ecos_caliber WHERE is_deleted = 0 ORDER BY create_time DESC]] with root cause
org.postgresql.util.PSQLException: ERROR: relation "ecos_ontology.ecos_caliber" does not exist
  位置：160
	at org.postgresql.core.v3.QueryExecutorImpl.receiveErrorResponse(QueryExecutorImpl.java:2713)
	at org.postgresql.core.v3.QueryExecutorImpl.processResults(QueryExecutorImpl.java:2401)
	at org.postgresql.core.v3.QueryExecutorImpl.execute(QueryExecutorImpl.java:368)
	at org.postgresql.jdbc.PgStatement.executeInternal(PgStatement.java:498)
	at org.postgresql.jdbc.PgStatement.execute(PgStatement.java:415)
	at org.postgresql.jdbc.PgStatement.executeWithFlags(PgStatement.java:335)
	at org.postgresql.jdbc.PgStatement.executeCachedSql(PgStatement.java:321)
	at org.postgresql.jdbc.PgStatement.executeWithFlags(PgStatement.java:297)
	at org.postgresql.jdbc.PgStatement.executeQuery(PgStatement.java:246)
	at com.zaxxer.hikari.pool.ProxyStatement.executeQuery(ProxyStatement.java:110)
	at com.zaxxer.hikari.pool.HikariProxyStatement.executeQuery(HikariProxyStatement.java)
	at org.springframework.jdbc.core.JdbcTemplate$1QueryStatementCallback.doInStatement(JdbcTemplate.java:463)
	at org.springframework.jdbc.core.JdbcTemplate.execute(JdbcTemplate.java:393)
	at org.springframework.jdbc.core.JdbcTemplate.query(JdbcTemplate.java:476)
	at org.springframework.jdbc.core.JdbcTemplate.query(JdbcTemplate.java:486)
	at com.chinacreator.gzcm.engine.ontology.repository.CaliberRepository.findAll(CaliberRepository.java:63)
	at java.base/jdk.internal.reflect.NativeMethodAccessorImpl.invoke0(Native Method)
	at java.base/jdk.internal.reflect.NativeMethodAccessorImpl.invoke(NativeMethodAccessorImpl.java:77)
	at java.base/jdk.internal.reflect.DelegatingMethodAccessorImpl.invoke(DelegatingMethodAccessorImpl.java:43)
	at java.base/java.lang.reflect.Method.invoke(Method.java:569)
	at org.springframework.aop.support.AopUtils.invokeJoinpointUsingReflection(AopUtils.java:351)
	at org.springframework.aop.framework.ReflectiveMethodInvocation.invokeJoinpoint(ReflectiveMethodInvocation.java:196)
	at org.springframework.aop.framework.ReflectiveMethodInvocation.proceed(ReflectiveMethodInvocation.java:163)
	at org.springframework.aop.framework.CglibAopProxy$CglibMethodInvocation.proceed(CglibAopProxy.java:765)
	at org.springframework.dao.support.PersistenceExceptionTranslationInterceptor.invoke(PersistenceExceptionTranslationInterceptor.java:137)
	at org.springframework.aop.framework.ReflectiveMethodInvocation.proceed(ReflectiveMethodInvocation.java:184)
	at org.springframework.aop.framework.CglibAopProxy$CglibMethodInvocation.proceed(CglibAopProxy.java:765)
	at org.springframework.aop.framework.CglibAopProxy$DynamicAdvisedInterceptor.intercept(CglibAopProxy.java:717)
	at com.chinacreator.gzcm.engine.ontology.repository.CaliberRepository$$SpringCGLIB$$0.findAll(<generated>)
	at com.chinacreator.gzcm.engine.ontology.service.CaliberServiceImpl.listCalibers(CaliberServiceImpl.java:51)
	at com.chinacreator.gzcm.engine.ontology.controller.OntologyCaliberController.listCalibers(OntologyCaliberController.java:38)
	at java.base/jdk.internal.reflect.NativeMethodAccessorImpl.invoke0(Native Method)
	at java.base/jdk.internal.reflect.NativeMethodAccessorImpl.invoke(NativeMethodAccessorImpl.java:77)
	at java.base/jdk.internal.reflect.DelegatingMethodAccessorImpl.invoke(DelegatingMethodAccessorImpl.java:43)
	at java.base/java.lang.reflect.Method.invoke(Method.java:569)
	at org.springframework.aop.support.AopUtils.invokeJoinpointUsingReflection(AopUtils.java:351)
	at org.springframework.aop.framework.ReflectiveMethodInvocation.invokeJoinpoint(ReflectiveMethodInvocation.java:196)
	at org.springframework.aop.framework.ReflectiveMethodInvocation.proceed(ReflectiveMethodInvocation.java:163)
	at org.springframework.aop.framework.CglibAopProxy$CglibMethodInvocation.proceed(CglibAopProxy.java:765)
	at org.springframework.aop.framework.adapter.AfterReturningAdviceInterceptor.invoke(AfterReturningAdviceInterceptor.java:57)
	at org.springframework.aop.framework.ReflectiveMethodInvocation.proceed(ReflectiveMethodInvocation.java:184)
	at org.springframework.aop.framework.CglibAopProxy$CglibMethodInvocation.proceed(CglibAopProxy.java:765)
	at org.springframework.aop.aspectj.MethodInvocationProceedingJoinPoint.proceed(MethodInvocationProceedingJoinPoint.java:89)
	at com.chinacreator.gzcm.engine.ontology.security.OntologySecurityInterceptor.secureWriteAuthAndAudit(OntologySecurityInterceptor.java:109)
	at java.base/jdk.internal.reflect.NativeMethodAccessorImpl.invoke0(Native Method)
	at java.base/jdk.internal.reflect.NativeMethodAccessorImpl.invoke(NativeMethodAccessorImpl.java:77)
	at java.base/jdk.internal.reflect.DelegatingMethodAccessorImpl.invoke(DelegatingMethodAccessorImpl.java:43)
	at java.base/java.lang.reflect.Method.invoke(Method.java:569)
	at org.springframework.aop.aspectj.AbstractAspectJAdvice.invokeAdviceMethodWithGivenArgs(AbstractAspectJAdvice.java:637)
	at org.springframework.aop.aspectj.AbstractAspectJAdvice.invokeAdviceMethod(AbstractAspectJAdvice.java:627)
	at org.springframework.aop.aspectj.AspectJAroundAdvice.invoke(AspectJAroundAdvice.java:71)
	at org.springframework.aop.framework.ReflectiveMethodInvocation.proceed(ReflectiveMethodInvocation.java:184)
	at org.springframework.aop.framework.CglibAopProxy$CglibMethodInvocation.proceed(CglibAopProxy.java:765)
	at org.springframework.aop.interceptor.ExposeInvocationInterceptor.invoke(ExposeInvocationInterceptor.java:97)
	at org.springframework.aop.framework.ReflectiveMethodInvocation.proceed(ReflectiveMethodInvocation.java:184)
	at org.springframework.aop.framework.CglibAopProxy$CglibMethodInvocation.proceed(CglibAopProxy.java:765)
	at org.springframework.aop.framework.CglibAopProxy$DynamicAdvisedInterceptor.intercept(CglibAopProxy.java:717)
	at com.chinacreator.gzcm.engine.ontology.controller.OntologyCaliberController$$SpringCGLIB$$0.listCalibers(<generated>)
	at java.base/jdk.internal.reflect.NativeMethodAccessorImpl.invoke0(Native Method)
	at java.base/jdk.internal.reflect.NativeMethodAccessorImpl.invoke(NativeMethodAccessorImpl.java:77)
	at java.base/jdk.internal.reflect.DelegatingMethodAccessorImpl.invoke(DelegatingMethodAccessorImpl.java:43)
	at java.base/java.lang.reflect.Method.invoke(Method.java:569)
	at org.springframework.web.method.support.InvocableHandlerMethod.doInvoke(InvocableHandlerMethod.java:261)
	at org.springframework.web.method.support.InvocableHandlerMethod.invokeForRequest(InvocableHandlerMethod.java:189)
	at org.springframework.web.servlet.mvc.method.annotation.ServletInvocableHandlerMethod.invokeAndHandle(ServletInvocableHandlerMethod.java:118)
	at org.springframework.web.servlet.mvc.method.annotation.RequestMappingHandlerAdapter.invokeHandlerMethod(RequestMappingHandlerAdapter.java:917)
	at org.springframework.web.servlet.mvc.method.annotation.RequestMappingHandlerAdapter.handleInternal(RequestMappingHandlerAdapter.java:829)
	at org.springframework.web.servlet.mvc.method.AbstractHandlerMethodAdapter.handle(AbstractHandlerMethodAdapter.java:87)
	at org.springframework.web.servlet.DispatcherServlet.doDispatch(DispatcherServlet.java:1089)
	at org.springframework.web.servlet.DispatcherServlet.doService(DispatcherServlet.java:979)
	at org.springframework.web.servlet.FrameworkServlet.processRequest(FrameworkServlet.java:1014)
	at org.springframework.web.servlet.FrameworkServlet.doGet(FrameworkServlet.java:903)
	at jakarta.servlet.http.HttpServlet.service(HttpServlet.java:564)
	at org.springframework.web.servlet.FrameworkServlet.service(FrameworkServlet.java:885)
	at jakarta.servlet.http.HttpServlet.service(HttpServlet.java:658)
	at org.apache.catalina.core.ApplicationFilterChain.internalDoFilter(ApplicationFilterChain.java:205)
	at org.apache.catalina.core.ApplicationFilterChain.doFilter(ApplicationFilterChain.java:149)
	at org.apache.tomcat.websocket.server.WsFilter.doFilter(WsFilter.java:51)
	at org.apache.catalina.core.ApplicationFilterChain.internalDoFilter(ApplicationFilterChain.java:174)
	at org.apache.catalina.core.ApplicationFilterChain.doFilter(ApplicationFilterChain.java:149)
	at org.springframework.web.filter.OncePerRequestFilter.doFilter(OncePerRequestFilter.java:110)
	at org.apache.catalina.core.ApplicationFilterChain.internalDoFilter(ApplicationFilterChain.java:174)
	at org.apache.catalina.core.ApplicationFilterChain.doFilter(ApplicationFilterChain.java:149)
	at org.springframework.web.filter.CompositeFilter$VirtualFilterChain.doFilter(CompositeFilter.java:108)
	at org.springframework.security.web.FilterChainProxy.lambda$doFilterInternal$3(FilterChainProxy.java:231)
	at org.springframework.security.web.ObservationFilterChainDecorator$FilterObservation$SimpleFilterObservation.lambda$wrap$1(ObservationFilterChainDecorator.java:479)
	at org.springframework.security.web.ObservationFilterChainDecorator$AroundFilterObservation$SimpleAroundFilterObservation.lambda$wrap$1(ObservationFilterChainDecorator.java:340)
	at org.springframework.security.web.ObservationFilterChainDecorator.lambda$wrapSecured$0(ObservationFilterChainDecorator.java:82)
	at org.springframework.security.web.ObservationFilterChainDecorator$VirtualFilterChain.doFilter(ObservationFilterChainDecorator.java:128)
	at org.springframework.security.web.access.intercept.AuthorizationFilter.doFilter(AuthorizationFilter.java:100)
	at org.springframework.security.web.ObservationFilterChainDecorator$ObservationFilter.wrapFilter(ObservationFilterChainDecorator.java:240)
	at org.springframework.security.web.ObservationFilterChainDecorator$ObservationFilter.doFilter(ObservationFilterChainDecorator.java:227)
	at org.springframework.security.web.ObservationFilterChainDecorator$VirtualFilterChain.doFilter(ObservationFilterChainDecorator.java:137)
	at org.springframework.security.web.access.ExceptionTranslationFilter.doFilter(ExceptionTranslationFilter.java:126)
	at org.springframework.security.web.access.ExceptionTranslationFilter.doFilter(ExceptionTranslationFilter.java:120)
	at org.springframework.security.web.ObservationFilterChainDecorator$ObservationFilter.wrapFilter(ObservationFilterChainDecorator.java:240)
	at org.springframework.security.web.ObservationFilterChainDecorator$ObservationFilter.doFilter(ObservationFilterChainDecorator.java:227)
	at org.springframework.security.web.ObservationFilterChainDecorator$VirtualFilterChain.doFilter(ObservationFilterChainDecorator.java:137)
	at org.springframework.security.web.session.SessionManagementFilter.doFilter(SessionManagementFilter.java:131)
	at org.springframework.security.web.session.SessionManagementFilter.doFilter(SessionManagementFilter.java:85)
	at org.springframework.security.web.ObservationFilterChainDecorator$ObservationFilter.wrapFilter(ObservationFilterChainDecorator.java:240)
	at org.springframework.security.web.ObservationFilterChainDecorator$ObservationFilter.doFilter(ObservationFilterChainDecorator.java:227)
	at org.springframework.security.web.ObservationFilterChainDecorator$VirtualFilterChain.doFilter(ObservationFilterChainDecorator.java:137)
	at org.springframework.security.web.authentication.AnonymousAuthenticationFilter.doFilter(AnonymousAuthenticationFilter.java:100)
	at org.springframework.security.web.ObservationFilterChainDecorator$ObservationFilter.wrapFilter(ObservationFilterChainDecorator.java:240)
	at org.springframework.security.web.ObservationFilterChainDecorator$ObservationFilter.doFilter(ObservationFilterChainDecorator.java:227)
	at org.springframework.security.web.ObservationFilterChainDecorator$VirtualFilterChain.doFilter(ObservationFilterChainDecorator.java:137)
	at org.springframework.security.web.servletapi.SecurityContextHolderAwareRequestFilter.doFilter(SecurityContextHolderAwareRequestFilter.java:179)
	at org.springframework.security.web.ObservationFilterChainDecorator$ObservationFilter.wrapFilter(ObservationFilterChainDecorator.java:240)
	at org.springframework.security.web.ObservationFilterChainDecorator$ObservationFilter.doFilter(ObservationFilterChainDecorator.java:227)
	at org.springframework.security.web.ObservationFilterChainDecorator$VirtualFilterChain.doFilter(ObservationFilterChainDecorator.java:137)
	at org.springframework.security.web.savedrequest.RequestCacheAwareFilter.doFilter(RequestCacheAwareFilter.java:63)
	at org.springframework.security.web.ObservationFilterChainDecorator$ObservationFilter.wrapFilter(ObservationFilterChainDecorator.java:240)
	at org.springframework.security.web.ObservationFilterChainDecorator$ObservationFilter.doFilter(ObservationFilterChainDecorator.java:227)
	at org.springframework.security.web.ObservationFilterChainDecorator$VirtualFilterChain.doFilter(ObservationFilterChainDecorator.java:137)
	at com.chinacreator.gzcm.sysman.security.JwtAuthenticationFilter.doFilterInternal(JwtAuthenticationFilter.java:181)
	at org.springframework.web.filter.OncePerRequestFilter.doFilter(OncePerRequestFilter.java:116)
	at org.springframework.security.web.ObservationFilterChainDecorator$ObservationFilter.wrapFilter(ObservationFilterChainDecorator.java:240)
	at org.springframework.security.web.ObservationFilterChainDecorator$ObservationFilter.doFilter(ObservationFilterChainDecorator.java:227)
	at org.springframework.security.web.ObservationFilterChainDecorator$VirtualFilterChain.doFilter(ObservationFilterChainDecorator.java:137)
	at org.springframework.security.web.authentication.logout.LogoutFilter.doFilter(LogoutFilter.java:107)
	at org.springframework.security.web.authentication.logout.LogoutFilter.doFilter(LogoutFilter.java:93)
	at org.springframework.security.web.ObservationFilterChainDecorator$ObservationFilter.wrapFilter(ObservationFilterChainDecorator.java:240)
	at org.springframework.security.web.ObservationFilterChainDecorator$ObservationFilter.doFilter(ObservationFilterChainDecorator.java:227)
	at org.springframework.security.web.ObservationFilterChainDecorator$VirtualFilterChain.doFilter(ObservationFilterChainDecorator.java:137)
	at org.springframework.web.filter.CorsFilter.doFilterInternal(CorsFilter.java:91)
	at org.springframework.web.filter.OncePerRequestFilter.doFilter(OncePerRequestFilter.java:116)
	at org.springframework.security.web.ObservationFilterChainDecorator$ObservationFilter.wrapFilter(ObservationFilterChainDecorator.java:240)
	at org.springframework.security.web.ObservationFilterChainDecorator$ObservationFilter.doFilter(ObservationFilterChainDecorator.java:227)
	at org.springframework.security.web.ObservationFilterChainDecorator$VirtualFilterChain.doFilter(ObservationFilterChainDecorator.java:137)
	at org.springframework.security.web.header.HeaderWriterFilter.doHeadersAfter(HeaderWriterFilter.java:90)
	at org.springframework.security.web.header.HeaderWriterFilter.doFilterInternal(HeaderWriterFilter.java:75)
	at org.springframework.web.filter.OncePerRequestFilter.doFilter(OncePerRequestFilter.java:116)
	at org.springframework.security.web.ObservationFilterChainDecorator$ObservationFilter.wrapFilter(ObservationFilterChainDecorator.java:240)
	at org.springframework.security.web.ObservationFilterChainDecorator$ObservationFilter.doFilter(ObservationFilterChainDecorator.java:227)
	at org.springframework.security.web.ObservationFilterChainDecorator$VirtualFilterChain.doFilter(ObservationFilterChainDecorator.java:137)
	at org.springframework.security.web.context.SecurityContextHolderFilter.doFilter(SecurityContextHolderFilter.java:82)
	at org.springframework.security.web.context.SecurityContextHolderFilter.doFilter(SecurityContextHolderFilter.java:69)
	at org.springframework.security.web.ObservationFilterChainDecorator$ObservationFilter.wrapFilter(ObservationFilterChainDecorator.java:240)
	at org.springframework.security.web.ObservationFilterChainDecorator$ObservationFilter.doFilter(ObservationFilterChainDecorator.java:227)
	at org.springframework.security.web.ObservationFilterChainDecorator$VirtualFilterChain.doFilter(ObservationFilterChainDecorator.java:137)
	at org.springframework.security.web.context.request.async.WebAsyncManagerIntegrationFilter.doFilterInternal(WebAsyncManagerIntegrationFilter.java:62)
	at org.springframework.web.filter.OncePerRequestFilter.doFilter(OncePerRequestFilter.java:116)
	at org.springframework.security.web.ObservationFilterChainDecorator$ObservationFilter.wrapFilter(ObservationFilterChainDecorator.java:240)
	at org.springframework.security.web.ObservationFilterChainDecorator$ObservationFilter.doFilter(ObservationFilterChainDecorator.java:227)
	at org.springframework.security.web.ObservationFilterChainDecorator$VirtualFilterChain.doFilter(ObservationFilterChainDecorator.java:137)
	at org.springframework.security.web.session.DisableEncodeUrlFilter.doFilterInternal(DisableEncodeUrlFilter.java:42)
	at org.springframework.web.filter.OncePerRequestFilter.doFilter(OncePerRequestFilter.java:116)
	at org.springframework.security.web.ObservationFilterChainDecorator$ObservationFilter.wrapFilter(ObservationFilterChainDecorator.java:240)
	at org.springframework.security.web.ObservationFilterChainDecorator$AroundFilterObservation$SimpleAroundFilterObservation.lambda$wrap$0(ObservationFilterChainDecorator.java:323)
	at org.springframework.security.web.ObservationFilterChainDecorator$ObservationFilter.doFilter(ObservationFilterChainDecorator.java:224)
	at org.springframework.security.web.ObservationFilterChainDecorator$VirtualFilterChain.doFilter(ObservationFilterChainDecorator.java:137)
	at org.springframework.security.web.FilterChainProxy.doFilterInternal(FilterChainProxy.java:233)
	at org.springframework.security.web.FilterChainProxy.doFilter(FilterChainProxy.java:191)
	at org.springframework.web.filter.CompositeFilter$VirtualFilterChain.doFilter(CompositeFilter.java:113)
	at org.springframework.web.servlet.handler.HandlerMappingIntrospector.lambda$createCacheFilter$3(HandlerMappingIntrospector.java:195)
	at org.springframework.web.filter.CompositeFilter$VirtualFilterChain.doFilter(CompositeFilter.java:113)
	at org.springframework.web.filter.CompositeFilter.doFilter(CompositeFilter.java:74)
	at org.springframework.security.config.annotation.web.configuration.WebMvcSecurityConfiguration$CompositeFilterChainProxy.doFilter(WebMvcSecurityConfiguration.java:225)
	at org.springframework.web.filter.DelegatingFilterProxy.invokeDelegate(DelegatingFilterProxy.java:352)
	at org.springframework.web.filter.DelegatingFilterProxy.doFilter(DelegatingFilterProxy.java:268)
	at org.apache.catalina.core.ApplicationFilterChain.internalDoFilter(ApplicationFilterChain.java:174)
	at org.apache.catalina.core.ApplicationFilterChain.doFilter(ApplicationFilterChain.java:149)
	at org.springframework.web.filter.RequestContextFilter.doFilterInternal(RequestContextFilter.java:100)
	at org.springframework.web.filter.OncePerRequestFilter.doFilter(OncePerRequestFilter.java:116)
	at org.apache.catalina.core.ApplicationFilterChain.internalDoFilter(ApplicationFilterChain.java:174)
	at org.apache.catalina.core.ApplicationFilterChain.doFilter(ApplicationFilterChain.java:149)
	at org.springframework.web.filter.FormContentFilter.doFilterInternal(FormContentFilter.java:93)
	at org.springframework.web.filter.OncePerRequestFilter.doFilter(OncePerRequestFilter.java:116)
	at org.apache.catalina.core.ApplicationFilterChain.internalDoFilter(ApplicationFilterChain.java:174)
	at org.apache.catalina.core.ApplicationFilterChain.doFilter(ApplicationFilterChain.java:149)
	at org.springframework.web.filter.ServerHttpObservationFilter.doFilterInternal(ServerHttpObservationFilter.java:109)
	at org.springframework.web.filter.OncePerRequestFilter.doFilter(OncePerRequestFilter.java:116)
	at org.apache.catalina.core.ApplicationFilterChain.internalDoFilter(ApplicationFilterChain.java:174)
	at org.apache.catalina.core.ApplicationFilterChain.doFilter(ApplicationFilterChain.java:149)
	at org.springframework.web.filter.CharacterEncodingFilter.doFilterInternal(CharacterEncodingFilter.java:201)
	at org.springframework.web.filter.OncePerRequestFilter.doFilter(OncePerRequestFilter.java:116)
	at org.apache.catalina.core.ApplicationFilterChain.internalDoFilter(ApplicationFilterChain.java:174)
	at org.apache.catalina.core.ApplicationFilterChain.doFilter(ApplicationFilterChain.java:149)
	at org.apache.catalina.core.StandardWrapperValve.invoke(StandardWrapperValve.java:167)
	at org.apache.catalina.core.StandardContextValve.invoke(StandardContextValve.java:90)
	at org.apache.catalina.authenticator.AuthenticatorBase.invoke(AuthenticatorBase.java:482)
	at org.apache.catalina.core.StandardHostValve.invoke(StandardHostValve.java:115)
	at org.apache.catalina.valves.ErrorReportValve.invoke(ErrorReportValve.java:93)
	at org.apache.catalina.core.StandardEngineValve.invoke(StandardEngineValve.java:74)
	at org.apache.catalina.connector.CoyoteAdapter.service(CoyoteAdapter.java:340)
	at org.apache.coyote.http11.Http11Processor.service(Http11Processor.java:391)
	at org.apache.coyote.AbstractProcessorLight.process(AbstractProcessorLight.java:63)
	at org.apache.coyote.AbstractProtocol$ConnectionHandler.process(AbstractProtocol.java:896)
	at org.apache.tomcat.util.net.NioEndpoint$SocketProcessor.doRun(NioEndpoint.java:1744)
	at org.apache.tomcat.util.net.SocketProcessorBase.run(SocketProcessorBase.java:52)
	at org.apache.tomcat.util.threads.ThreadPoolExecutor.runWorker(ThreadPoolExecutor.java:1191)
	at org.apache.tomcat.util.threads.ThreadPoolExecutor$Worker.run(ThreadPoolExecutor.java:659)
	at org.apache.tomcat.util.threads.TaskThread$WrappingRunnable.run(TaskThread.java:61)
	at java.base/java.lang.Thread.run(Thread.java:840)
2026-10-10 13:34:56.792 [scheduling-1] [] WARN  c.c.g.runtime.audit.AuditRetryTask - [AuditRetry] 到期行拉取失败（表缺失/DB 不可用）errType=BadSqlGrammarException msg=
### Error querying database.  Cause: org.postgresql.util.PSQLException: ERROR: relation "public.ecos_runtime_audit_retry" does not exist
  位置：256
### The error may exist in com/chinacreator/gzcm/runtime/audit/mapper/AuditRetryMapper.java (best guess)
### The error may involve com.chinacreator.gzcm.runtime.audit.mapper.AuditRetryMapper.listDue-Inline
### The error occurred while setting parameters
### SQL: SELECT id, event_type AS eventType, payload, attempts, next_retry_at AS nextRetryAt, last_error AS lastError, status, trace_id AS traceId, create_time AS createTime, update_time AS updateTime, version_no AS versionNo, is_deleted AS isDeleted, domain FROM public.ecos_runtime_audit_retry WHERE is_deleted = 0 AND status = 'pending' AND next_retry_at <= ? ORDER BY next_retry_at ASC LIMIT ?
### Cause: org.postgresql.util.PSQLException: ERROR: relation "public.ecos_runtime_audit_retry" does not exist
  位置：256
; bad SQL grammar []
2026-10-10 13:35:56.800 [scheduling-1] [] WARN  c.c.g.runtime.audit.AuditRetryTask - [AuditRetry] 到期行拉取失败（表缺失/DB 不可用）errType=BadSqlGrammarException msg=
### Error querying database.  Cause: org.postgresql.util.PSQLException: ERROR: relation "public.ecos_runtime_audit_retry" does not exist
  位置：256
### The error may exist in com/chinacreator/gzcm/runtime/audit/mapper/AuditRetryMapper.java (best guess)
### The error may involve com.chinacreator.gzcm.runtime.audit.mapper.AuditRetryMapper.listDue-Inline
### The error occurred while setting parameters
### SQL: SELECT id, event_type AS eventType, payload, attempts, next_retry_at AS nextRetryAt, last_error AS lastError, status, trace_id AS traceId, create_time AS createTime, update_time AS updateTime, version_no AS versionNo, is_deleted AS isDeleted, domain FROM public.ecos_runtime_audit_retry WHERE is_deleted = 0 AND status = 'pending' AND next_retry_at <= ? ORDER BY next_retry_at ASC LIMIT ?
### Cause: org.postgresql.util.PSQLException: ERROR: relation "public.ecos_runtime_audit_retry" does not exist
  位置：256
; bad SQL grammar []
2026-10-10 13:36:23.751 [scheduling-1] [] WARN  c.c.gzcm.runtime.dlq.DltLagChecker - [DltLagChecker] AdminClient 创建失败 errType=KafkaException msg=Failed to create new KafkaAdminClient
2026-10-10 13:36:23.752 [scheduling-1] [] WARN  c.c.gzcm.runtime.dlq.DltLagChecker - [DltLagChecker] AdminClient 不可用（bootstrap=localhost:9092），本轮降级跳过
2026-10-10 13:36:56.823 [scheduling-1] [] WARN  c.c.g.runtime.audit.AuditRetryTask - [AuditRetry] 到期行拉取失败（表缺失/DB 不可用）errType=BadSqlGrammarException msg=
### Error querying database.  Cause: org.postgresql.util.PSQLException: ERROR: relation "public.ecos_runtime_audit_retry" does not exist
  位置：256
### The error may exist in com/chinacreator/gzcm/runtime/audit/mapper/AuditRetryMapper.java (best guess)
### The error may involve com.chinacreator.gzcm.runtime.audit.mapper.AuditRetryMapper.listDue-Inline
### The error occurred while setting parameters
### SQL: SELECT id, event_type AS eventType, payload, attempts, next_retry_at AS nextRetryAt, last_error AS lastError, status, trace_id AS traceId, create_time AS createTime, update_time AS updateTime, version_no AS versionNo, is_deleted AS isDeleted, domain FROM public.ecos_runtime_audit_retry WHERE is_deleted = 0 AND status = 'pending' AND next_retry_at <= ? ORDER BY next_retry_at ASC LIMIT ?
### Cause: org.postgresql.util.PSQLException: ERROR: relation "public.ecos_runtime_audit_retry" does not exist
  位置：256
; bad SQL grammar []
2026-10-10 13:37:56.839 [scheduling-1] [] WARN  c.c.g.runtime.audit.AuditRetryTask - [AuditRetry] 到期行拉取失败（表缺失/DB 不可用）errType=BadSqlGrammarException msg=
### Error querying database.  Cause: org.postgresql.util.PSQLException: ERROR: relation "public.ecos_runtime_audit_retry" does not exist
  位置：256
### The error may exist in com/chinacreator/gzcm/runtime/audit/mapper/AuditRetryMapper.java (best guess)
### The error may involve com.chinacreator.gzcm.runtime.audit.mapper.AuditRetryMapper.listDue-Inline
### The error occurred while setting parameters
### SQL: SELECT id, event_type AS eventType, payload, attempts, next_retry_at AS nextRetryAt, last_error AS lastError, status, trace_id AS traceId, create_time AS createTime, update_time AS updateTime, version_no AS versionNo, is_deleted AS isDeleted, domain FROM public.ecos_runtime_audit_retry WHERE is_deleted = 0 AND status = 'pending' AND next_retry_at <= ? ORDER BY next_retry_at ASC LIMIT ?
### Cause: org.postgresql.util.PSQLException: ERROR: relation "public.ecos_runtime_audit_retry" does not exist
  位置：256
; bad SQL grammar []
2026-10-10 13:38:56.863 [scheduling-1] [] WARN  c.c.g.runtime.audit.AuditRetryTask - [AuditRetry] 到期行拉取失败（表缺失/DB 不可用）errType=BadSqlGrammarException msg=
### Error querying database.  Cause: org.postgresql.util.PSQLException: ERROR: relation "public.ecos_runtime_audit_retry" does not exist
  位置：256
### The error may exist in com/chinacreator/gzcm/runtime/audit/mapper/AuditRetryMapper.java (best guess)
### The error may involve com.chinacreator.gzcm.runtime.audit.mapper.AuditRetryMapper.listDue-Inline
### The error occurred while setting parameters
### SQL: SELECT id, event_type AS eventType, payload, attempts, next_retry_at AS nextRetryAt, last_error AS lastError, status, trace_id AS traceId, create_time AS createTime, update_time AS updateTime, version_no AS versionNo, is_deleted AS isDeleted, domain FROM public.ecos_runtime_audit_retry WHERE is_deleted = 0 AND status = 'pending' AND next_retry_at <= ? ORDER BY next_retry_at ASC LIMIT ?
### Cause: org.postgresql.util.PSQLException: ERROR: relation "public.ecos_runtime_audit_retry" does not exist
  位置：256
; bad SQL grammar []
2026-10-10 13:39:56.876 [scheduling-1] [] WARN  c.c.g.runtime.audit.AuditRetryTask - [AuditRetry] 到期行拉取失败（表缺失/DB 不可用）errType=BadSqlGrammarException msg=
### Error querying database.  Cause: org.postgresql.util.PSQLException: ERROR: relation "public.ecos_runtime_audit_retry" does not exist
  位置：256
### The error may exist in com/chinacreator/gzcm/runtime/audit/mapper/AuditRetryMapper.java (best guess)
### The error may involve com.chinacreator.gzcm.runtime.audit.mapper.AuditRetryMapper.listDue-Inline
### The error occurred while setting parameters
### SQL: SELECT id, event_type AS eventType, payload, attempts, next_retry_at AS nextRetryAt, last_error AS lastError, status, trace_id AS traceId, create_time AS createTime, update_time AS updateTime, version_no AS versionNo, is_deleted AS isDeleted, domain FROM public.ecos_runtime_audit_retry WHERE is_deleted = 0 AND status = 'pending' AND next_retry_at <= ? ORDER BY next_retry_at ASC LIMIT ?
### Cause: org.postgresql.util.PSQLException: ERROR: relation "public.ecos_runtime_audit_retry" does not exist
  位置：256
; bad SQL grammar []
2026-10-10 13:40:56.892 [scheduling-1] [] WARN  c.c.g.runtime.audit.AuditRetryTask - [AuditRetry] 到期行拉取失败（表缺失/DB 不可用）errType=BadSqlGrammarException msg=
### Error querying database.  Cause: org.postgresql.util.PSQLException: ERROR: relation "public.ecos_runtime_audit_retry" does not exist
  位置：256
### The error may exist in com/chinacreator/gzcm/runtime/audit/mapper/AuditRetryMapper.java (best guess)
### The error may involve com.chinacreator.gzcm.runtime.audit.mapper.AuditRetryMapper.listDue-Inline
### The error occurred while setting parameters
### SQL: SELECT id, event_type AS eventType, payload, attempts, next_retry_at AS nextRetryAt, last_error AS lastError, status, trace_id AS traceId, create_time AS createTime, update_time AS updateTime, version_no AS versionNo, is_deleted AS isDeleted, domain FROM public.ecos_runtime_audit_retry WHERE is_deleted = 0 AND status = 'pending' AND next_retry_at <= ? ORDER BY next_retry_at ASC LIMIT ?
### Cause: org.postgresql.util.PSQLException: ERROR: relation "public.ecos_runtime_audit_retry" does not exist
  位置：256
; bad SQL grammar []
2026-10-10 13:41:23.777 [scheduling-1] [] WARN  c.c.gzcm.runtime.dlq.DltLagChecker - [DltLagChecker] AdminClient 创建失败 errType=KafkaException msg=Failed to create new KafkaAdminClient
2026-10-10 13:41:23.779 [scheduling-1] [] WARN  c.c.gzcm.runtime.dlq.DltLagChecker - [DltLagChecker] AdminClient 不可用（bootstrap=localhost:9092），本轮降级跳过
2026-10-10 13:41:56.920 [scheduling-1] [] WARN  c.c.g.runtime.audit.AuditRetryTask - [AuditRetry] 到期行拉取失败（表缺失/DB 不可用）errType=BadSqlGrammarException msg=
### Error querying database.  Cause: org.postgresql.util.PSQLException: ERROR: relation "public.ecos_runtime_audit_retry" does not exist
  位置：256
### The error may exist in com/chinacreator/gzcm/runtime/audit/mapper/AuditRetryMapper.java (best guess)
### The error may involve com.chinacreator.gzcm.runtime.audit.mapper.AuditRetryMapper.listDue-Inline
### The error occurred while setting parameters
### SQL: SELECT id, event_type AS eventType, payload, attempts, next_retry_at AS nextRetryAt, last_error AS lastError, status, trace_id AS traceId, create_time AS createTime, update_time AS updateTime, version_no AS versionNo, is_deleted AS isDeleted, domain FROM public.ecos_runtime_audit_retry WHERE is_deleted = 0 AND status = 'pending' AND next_retry_at <= ? ORDER BY next_retry_at ASC LIMIT ?
### Cause: org.postgresql.util.PSQLException: ERROR: relation "public.ecos_runtime_audit_retry" does not exist
  位置：256
; bad SQL grammar []
2026-10-10 13:42:56.937 [scheduling-1] [] WARN  c.c.g.runtime.audit.AuditRetryTask - [AuditRetry] 到期行拉取失败（表缺失/DB 不可用）errType=BadSqlGrammarException msg=
### Error querying database.  Cause: org.postgresql.util.PSQLException: ERROR: relation "public.ecos_runtime_audit_retry" does not exist
  位置：256
### The error may exist in com/chinacreator/gzcm/runtime/audit/mapper/AuditRetryMapper.java (best guess)
### The error may involve com.chinacreator.gzcm.runtime.audit.mapper.AuditRetryMapper.listDue-Inline
### The error occurred while setting parameters
### SQL: SELECT id, event_type AS eventType, payload, attempts, next_retry_at AS nextRetryAt, last_error AS lastError, status, trace_id AS traceId, create_time AS createTime, update_time AS updateTime, version_no AS versionNo, is_deleted AS isDeleted, domain FROM public.ecos_runtime_audit_retry WHERE is_deleted = 0 AND status = 'pending' AND next_retry_at <= ? ORDER BY next_retry_at ASC LIMIT ?
### Cause: org.postgresql.util.PSQLException: ERROR: relation "public.ecos_runtime_audit_retry" does not exist
  位置：256
; bad SQL grammar []
2026-10-10 13:43:56.951 [scheduling-1] [] WARN  c.c.g.runtime.audit.AuditRetryTask - [AuditRetry] 到期行拉取失败（表缺失/DB 不可用）errType=BadSqlGrammarException msg=
### Error querying database.  Cause: org.postgresql.util.PSQLException: ERROR: relation "public.ecos_runtime_audit_retry" does not exist
  位置：256
### The error may exist in com/chinacreator/gzcm/runtime/audit/mapper/AuditRetryMapper.java (best guess)
### The error may involve com.chinacreator.gzcm.runtime.audit.mapper.AuditRetryMapper.listDue-Inline
### The error occurred while setting parameters
### SQL: SELECT id, event_type AS eventType, payload, attempts, next_retry_at AS nextRetryAt, last_error AS lastError, status, trace_id AS traceId, create_time AS createTime, update_time AS updateTime, version_no AS versionNo, is_deleted AS isDeleted, domain FROM public.ecos_runtime_audit_retry WHERE is_deleted = 0 AND status = 'pending' AND next_retry_at <= ? ORDER BY next_retry_at ASC LIMIT ?
### Cause: org.postgresql.util.PSQLException: ERROR: relation "public.ecos_runtime_audit_retry" does not exist
  位置：256
; bad SQL grammar []
2026-10-10 13:44:56.981 [scheduling-1] [] WARN  c.c.g.runtime.audit.AuditRetryTask - [AuditRetry] 到期行拉取失败（表缺失/DB 不可用）errType=BadSqlGrammarException msg=
### Error querying database.  Cause: org.postgresql.util.PSQLException: ERROR: relation "public.ecos_runtime_audit_retry" does not exist
  位置：256
### The error may exist in com/chinacreator/gzcm/runtime/audit/mapper/AuditRetryMapper.java (best guess)
### The error may involve com.chinacreator.gzcm.runtime.audit.mapper.AuditRetryMapper.listDue-Inline
### The error occurred while setting parameters
### SQL: SELECT id, event_type AS eventType, payload, attempts, next_retry_at AS nextRetryAt, last_error AS lastError, status, trace_id AS traceId, create_time AS createTime, update_time AS updateTime, version_no AS versionNo, is_deleted AS isDeleted, domain FROM public.ecos_runtime_audit_retry WHERE is_deleted = 0 AND status = 'pending' AND next_retry_at <= ? ORDER BY next_retry_at ASC LIMIT ?
### Cause: org.postgresql.util.PSQLException: ERROR: relation "public.ecos_runtime_audit_retry" does not exist
  位置：256
; bad SQL grammar []
2026-10-10 13:45:56.989 [scheduling-1] [] WARN  c.c.g.runtime.audit.AuditRetryTask - [AuditRetry] 到期行拉取失败（表缺失/DB 不可用）errType=BadSqlGrammarException msg=
### Error querying database.  Cause: org.postgresql.util.PSQLException: ERROR: relation "public.ecos_runtime_audit_retry" does not exist
  位置：256
### The error may exist in com/chinacreator/gzcm/runtime/audit/mapper/AuditRetryMapper.java (best guess)
### The error may involve com.chinacreator.gzcm.runtime.audit.mapper.AuditRetryMapper.listDue-Inline
### The error occurred while setting parameters
### SQL: SELECT id, event_type AS eventType, payload, attempts, next_retry_at AS nextRetryAt, last_error AS lastError, status, trace_id AS traceId, create_time AS createTime, update_time AS updateTime, version_no AS versionNo, is_deleted AS isDeleted, domain FROM public.ecos_runtime_audit_retry WHERE is_deleted = 0 AND status = 'pending' AND next_retry_at <= ? ORDER BY next_retry_at ASC LIMIT ?
### Cause: org.postgresql.util.PSQLException: ERROR: relation "public.ecos_runtime_audit_retry" does not exist
  位置：256
; bad SQL grammar []
2026-10-10 13:46:23.810 [scheduling-1] [] WARN  c.c.gzcm.runtime.dlq.DltLagChecker - [DltLagChecker] AdminClient 创建失败 errType=KafkaException msg=Failed to create new KafkaAdminClient
2026-10-10 13:46:23.812 [scheduling-1] [] WARN  c.c.gzcm.runtime.dlq.DltLagChecker - [DltLagChecker] AdminClient 不可用（bootstrap=localhost:9092），本轮降级跳过
2026-10-10 13:46:57.009 [scheduling-1] [] WARN  c.c.g.runtime.audit.AuditRetryTask - [AuditRetry] 到期行拉取失败（表缺失/DB 不可用）errType=BadSqlGrammarException msg=
### Error querying database.  Cause: org.postgresql.util.PSQLException: ERROR: relation "public.ecos_runtime_audit_retry" does not exist
  位置：256
### The error may exist in com/chinacreator/gzcm/runtime/audit/mapper/AuditRetryMapper.java (best guess)
### The error may involve com.chinacreator.gzcm.runtime.audit.mapper.AuditRetryMapper.listDue-Inline
### The error occurred while setting parameters
### SQL: SELECT id, event_type AS eventType, payload, attempts, next_retry_at AS nextRetryAt, last_error AS lastError, status, trace_id AS traceId, create_time AS createTime, update_time AS updateTime, version_no AS versionNo, is_deleted AS isDeleted, domain FROM public.ecos_runtime_audit_retry WHERE is_deleted = 0 AND status = 'pending' AND next_retry_at <= ? ORDER BY next_retry_at ASC LIMIT ?
### Cause: org.postgresql.util.PSQLException: ERROR: relation "public.ecos_runtime_audit_retry" does not exist
  位置：256
; bad SQL grammar []
2026-10-10 13:47:57.028 [scheduling-1] [] WARN  c.c.g.runtime.audit.AuditRetryTask - [AuditRetry] 到期行拉取失败（表缺失/DB 不可用）errType=BadSqlGrammarException msg=
### Error querying database.  Cause: org.postgresql.util.PSQLException: ERROR: relation "public.ecos_runtime_audit_retry" does not exist
  位置：256
### The error may exist in com/chinacreator/gzcm/runtime/audit/mapper/AuditRetryMapper.java (best guess)
### The error may involve com.chinacreator.gzcm.runtime.audit.mapper.AuditRetryMapper.listDue-Inline
### The error occurred while setting parameters
### SQL: SELECT id, event_type AS eventType, payload, attempts, next_retry_at AS nextRetryAt, last_error AS lastError, status, trace_id AS traceId, create_time AS createTime, update_time AS updateTime, version_no AS versionNo, is_deleted AS isDeleted, domain FROM public.ecos_runtime_audit_retry WHERE is_deleted = 0 AND status = 'pending' AND next_retry_at <= ? ORDER BY next_retry_at ASC LIMIT ?
### Cause: org.postgresql.util.PSQLException: ERROR: relation "public.ecos_runtime_audit_retry" does not exist
  位置：256
; bad SQL grammar []
2026-10-10 13:48:57.049 [scheduling-1] [] WARN  c.c.g.runtime.audit.AuditRetryTask - [AuditRetry] 到期行拉取失败（表缺失/DB 不可用）errType=BadSqlGrammarException msg=
### Error querying database.  Cause: org.postgresql.util.PSQLException: ERROR: relation "public.ecos_runtime_audit_retry" does not exist
  位置：256
### The error may exist in com/chinacreator/gzcm/runtime/audit/mapper/AuditRetryMapper.java (best guess)
### The error may involve com.chinacreator.gzcm.runtime.audit.mapper.AuditRetryMapper.listDue-Inline
### The error occurred while setting parameters
### SQL: SELECT id, event_type AS eventType, payload, attempts, next_retry_at AS nextRetryAt, last_error AS lastError, status, trace_id AS traceId, create_time AS createTime, update_time AS updateTime, version_no AS versionNo, is_deleted AS isDeleted, domain FROM public.ecos_runtime_audit_retry WHERE is_deleted = 0 AND status = 'pending' AND next_retry_at <= ? ORDER BY next_retry_at ASC LIMIT ?
### Cause: org.postgresql.util.PSQLException: ERROR: relation "public.ecos_runtime_audit_retry" does not exist
  位置：256
; bad SQL grammar []
2026-10-10 13:49:57.077 [scheduling-1] [] WARN  c.c.g.runtime.audit.AuditRetryTask - [AuditRetry] 到期行拉取失败（表缺失/DB 不可用）errType=BadSqlGrammarException msg=
### Error querying database.  Cause: org.postgresql.util.PSQLException: ERROR: relation "public.ecos_runtime_audit_retry" does not exist
  位置：256
### The error may exist in com/chinacreator/gzcm/runtime/audit/mapper/AuditRetryMapper.java (best guess)
### The error may involve com.chinacreator.gzcm.runtime.audit.mapper.AuditRetryMapper.listDue-Inline
### The error occurred while setting parameters
### SQL: SELECT id, event_type AS eventType, payload, attempts, next_retry_at AS nextRetryAt, last_error AS lastError, status, trace_id AS traceId, create_time AS createTime, update_time AS updateTime, version_no AS versionNo, is_deleted AS isDeleted, domain FROM public.ecos_runtime_audit_retry WHERE is_deleted = 0 AND status = 'pending' AND next_retry_at <= ? ORDER BY next_retry_at ASC LIMIT ?
### Cause: org.postgresql.util.PSQLException: ERROR: relation "public.ecos_runtime_audit_retry" does not exist
  位置：256
; bad SQL grammar []
2026-10-10 13:50:57.098 [scheduling-1] [] WARN  c.c.g.runtime.audit.AuditRetryTask - [AuditRetry] 到期行拉取失败（表缺失/DB 不可用）errType=BadSqlGrammarException msg=
### Error querying database.  Cause: org.postgresql.util.PSQLException: ERROR: relation "public.ecos_runtime_audit_retry" does not exist
  位置：256
### The error may exist in com/chinacreator/gzcm/runtime/audit/mapper/AuditRetryMapper.java (best guess)
### The error may involve com.chinacreator.gzcm.runtime.audit.mapper.AuditRetryMapper.listDue-Inline
### The error occurred while setting parameters
### SQL: SELECT id, event_type AS eventType, payload, attempts, next_retry_at AS nextRetryAt, last_error AS lastError, status, trace_id AS traceId, create_time AS createTime, update_time AS updateTime, version_no AS versionNo, is_deleted AS isDeleted, domain FROM public.ecos_runtime_audit_retry WHERE is_deleted = 0 AND status = 'pending' AND next_retry_at <= ? ORDER BY next_retry_at ASC LIMIT ?
### Cause: org.postgresql.util.PSQLException: ERROR: relation "public.ecos_runtime_audit_retry" does not exist
  位置：256
; bad SQL grammar []
2026-10-10 13:51:23.830 [scheduling-1] [] WARN  c.c.gzcm.runtime.dlq.DltLagChecker - [DltLagChecker] AdminClient 创建失败 errType=KafkaException msg=Failed to create new KafkaAdminClient
2026-10-10 13:51:23.832 [scheduling-1] [] WARN  c.c.gzcm.runtime.dlq.DltLagChecker - [DltLagChecker] AdminClient 不可用（bootstrap=localhost:9092），本轮降级跳过
2026-10-10 13:51:57.122 [scheduling-1] [] WARN  c.c.g.runtime.audit.AuditRetryTask - [AuditRetry] 到期行拉取失败（表缺失/DB 不可用）errType=BadSqlGrammarException msg=
### Error querying database.  Cause: org.postgresql.util.PSQLException: ERROR: relation "public.ecos_runtime_audit_retry" does not exist
  位置：256
### The error may exist in com/chinacreator/gzcm/runtime/audit/mapper/AuditRetryMapper.java (best guess)
### The error may involve com.chinacreator.gzcm.runtime.audit.mapper.AuditRetryMapper.listDue-Inline
### The error occurred while setting parameters
### SQL: SELECT id, event_type AS eventType, payload, attempts, next_retry_at AS nextRetryAt, last_error AS lastError, status, trace_id AS traceId, create_time AS createTime, update_time AS updateTime, version_no AS versionNo, is_deleted AS isDeleted, domain FROM public.ecos_runtime_audit_retry WHERE is_deleted = 0 AND status = 'pending' AND next_retry_at <= ? ORDER BY next_retry_at ASC LIMIT ?
### Cause: org.postgresql.util.PSQLException: ERROR: relation "public.ecos_runtime_audit_retry" does not exist
  位置：256
; bad SQL grammar []
2026-10-10 13:52:57.135 [scheduling-1] [] WARN  c.c.g.runtime.audit.AuditRetryTask - [AuditRetry] 到期行拉取失败（表缺失/DB 不可用）errType=BadSqlGrammarException msg=
### Error querying database.  Cause: org.postgresql.util.PSQLException: ERROR: relation "public.ecos_runtime_audit_retry" does not exist
  位置：256
### The error may exist in com/chinacreator/gzcm/runtime/audit/mapper/AuditRetryMapper.java (best guess)
### The error may involve com.chinacreator.gzcm.runtime.audit.mapper.AuditRetryMapper.listDue-Inline
### The error occurred while setting parameters
### SQL: SELECT id, event_type AS eventType, payload, attempts, next_retry_at AS nextRetryAt, last_error AS lastError, status, trace_id AS traceId, create_time AS createTime, update_time AS updateTime, version_no AS versionNo, is_deleted AS isDeleted, domain FROM public.ecos_runtime_audit_retry WHERE is_deleted = 0 AND status = 'pending' AND next_retry_at <= ? ORDER BY next_retry_at ASC LIMIT ?
### Cause: org.postgresql.util.PSQLException: ERROR: relation "public.ecos_runtime_audit_retry" does not exist
  位置：256
; bad SQL grammar []
2026-10-10 13:53:57.145 [scheduling-1] [] WARN  c.c.g.runtime.audit.AuditRetryTask - [AuditRetry] 到期行拉取失败（表缺失/DB 不可用）errType=BadSqlGrammarException msg=
### Error querying database.  Cause: org.postgresql.util.PSQLException: ERROR: relation "public.ecos_runtime_audit_retry" does not exist
  位置：256
### The error may exist in com/chinacreator/gzcm/runtime/audit/mapper/AuditRetryMapper.java (best guess)
### The error may involve com.chinacreator.gzcm.runtime.audit.mapper.AuditRetryMapper.listDue-Inline
### The error occurred while setting parameters
### SQL: SELECT id, event_type AS eventType, payload, attempts, next_retry_at AS nextRetryAt, last_error AS lastError, status, trace_id AS traceId, create_time AS createTime, update_time AS updateTime, version_no AS versionNo, is_deleted AS isDeleted, domain FROM public.ecos_runtime_audit_retry WHERE is_deleted = 0 AND status = 'pending' AND next_retry_at <= ? ORDER BY next_retry_at ASC LIMIT ?
### Cause: org.postgresql.util.PSQLException: ERROR: relation "public.ecos_runtime_audit_retry" does not exist
  位置：256
; bad SQL grammar []
2026-10-10 13:54:57.165 [scheduling-1] [] WARN  c.c.g.runtime.audit.AuditRetryTask - [AuditRetry] 到期行拉取失败（表缺失/DB 不可用）errType=BadSqlGrammarException msg=
### Error querying database.  Cause: org.postgresql.util.PSQLException: ERROR: relation "public.ecos_runtime_audit_retry" does not exist
  位置：256
### The error may exist in com/chinacreator/gzcm/runtime/audit/mapper/AuditRetryMapper.java (best guess)
### The error may involve com.chinacreator.gzcm.runtime.audit.mapper.AuditRetryMapper.listDue-Inline
### The error occurred while setting parameters
### SQL: SELECT id, event_type AS eventType, payload, attempts, next_retry_at AS nextRetryAt, last_error AS lastError, status, trace_id AS traceId, create_time AS createTime, update_time AS updateTime, version_no AS versionNo, is_deleted AS isDeleted, domain FROM public.ecos_runtime_audit_retry WHERE is_deleted = 0 AND status = 'pending' AND next_retry_at <= ? ORDER BY next_retry_at ASC LIMIT ?
### Cause: org.postgresql.util.PSQLException: ERROR: relation "public.ecos_runtime_audit_retry" does not exist
  位置：256
; bad SQL grammar []
2026-10-10 13:55:57.186 [scheduling-1] [] WARN  c.c.g.runtime.audit.AuditRetryTask - [AuditRetry] 到期行拉取失败（表缺失/DB 不可用）errType=BadSqlGrammarException msg=
### Error querying database.  Cause: org.postgresql.util.PSQLException: ERROR: relation "public.ecos_runtime_audit_retry" does not exist
  位置：256
### The error may exist in com/chinacreator/gzcm/runtime/audit/mapper/AuditRetryMapper.java (best guess)
### The error may involve com.chinacreator.gzcm.runtime.audit.mapper.AuditRetryMapper.listDue-Inline
### The error occurred while setting parameters
### SQL: SELECT id, event_type AS eventType, payload, attempts, next_retry_at AS nextRetryAt, last_error AS lastError, status, trace_id AS traceId, create_time AS createTime, update_time AS updateTime, version_no AS versionNo, is_deleted AS isDeleted, domain FROM public.ecos_runtime_audit_retry WHERE is_deleted = 0 AND status = 'pending' AND next_retry_at <= ? ORDER BY next_retry_at ASC LIMIT ?
### Cause: org.postgresql.util.PSQLException: ERROR: relation "public.ecos_runtime_audit_retry" does not exist
  位置：256
; bad SQL grammar []
2026-10-10 13:56:23.859 [scheduling-1] [] WARN  c.c.gzcm.runtime.dlq.DltLagChecker - [DltLagChecker] AdminClient 创建失败 errType=KafkaException msg=Failed to create new KafkaAdminClient
2026-10-10 13:56:23.861 [scheduling-1] [] WARN  c.c.gzcm.runtime.dlq.DltLagChecker - [DltLagChecker] AdminClient 不可用（bootstrap=localhost:9092），本轮降级跳过
2026-10-10 13:56:57.201 [scheduling-1] [] WARN  c.c.g.runtime.audit.AuditRetryTask - [AuditRetry] 到期行拉取失败（表缺失/DB 不可用）errType=BadSqlGrammarException msg=
### Error querying database.  Cause: org.postgresql.util.PSQLException: ERROR: relation "public.ecos_runtime_audit_retry" does not exist
  位置：256
### The error may exist in com/chinacreator/gzcm/runtime/audit/mapper/AuditRetryMapper.java (best guess)
### The error may involve com.chinacreator.gzcm.runtime.audit.mapper.AuditRetryMapper.listDue-Inline
### The error occurred while setting parameters
### SQL: SELECT id, event_type AS eventType, payload, attempts, next_retry_at AS nextRetryAt, last_error AS lastError, status, trace_id AS traceId, create_time AS createTime, update_time AS updateTime, version_no AS versionNo, is_deleted AS isDeleted, domain FROM public.ecos_runtime_audit_retry WHERE is_deleted = 0 AND status = 'pending' AND next_retry_at <= ? ORDER BY next_retry_at ASC LIMIT ?
### Cause: org.postgresql.util.PSQLException: ERROR: relation "public.ecos_runtime_audit_retry" does not exist
  位置：256
; bad SQL grammar []
