2026-09-30 16:30:06.166 [main] [] INFO  c.c.g.w.s.WorkspaceServiceApplication - Starting WorkspaceServiceApplication using Java 17.0.17 with PID 20624 (D:\workspace\javaprojects\ECOS\ecos_backend\workspace\workspace-service\target\workspace-service-1.0.0-SNAPSHOT.jar started by guoro in D:\workspace\javaprojects\ECOS)
2026-09-30 16:30:06.193 [main] [] INFO  c.c.g.w.s.WorkspaceServiceApplication - The following 1 profile is active: "enterprise"
2026-09-30 16:30:17.318 [main] [] WARN  o.m.s.mapper.ClassPathMapperScanner - Skipping MapperFactoryBean with name 'alertRecordMapper' and 'com.chinacreator.gzcm.runtime.core.alert.mapper.AlertRecordMapper' mapperInterface. Bean already defined with the same name!
2026-09-30 16:30:17.322 [main] [] WARN  o.m.s.mapper.ClassPathMapperScanner - Skipping MapperFactoryBean with name 'alertRuleMapper' and 'com.chinacreator.gzcm.runtime.core.alert.mapper.AlertRuleMapper' mapperInterface. Bean already defined with the same name!
2026-09-30 16:30:17.329 [main] [] WARN  o.m.s.mapper.ClassPathMapperScanner - Skipping MapperFactoryBean with name 'IMonitorDataDao' and 'com.chinacreator.gzcm.runtime.core.monitor.monitordata.dao.IMonitorDataDao' mapperInterface. Bean already defined with the same name!
2026-09-30 16:30:17.331 [main] [] WARN  o.m.s.mapper.ClassPathMapperScanner - Skipping MapperFactoryBean with name 'IMonitorObjectDao' and 'com.chinacreator.gzcm.runtime.core.monitor.monitorobject.dao.IMonitorObjectDao' mapperInterface. Bean already defined with the same name!
2026-09-30 16:30:17.333 [main] [] WARN  o.m.s.mapper.ClassPathMapperScanner - Skipping MapperFactoryBean with name 'IMonitorObjectTargetDao' and 'com.chinacreator.gzcm.runtime.core.monitor.monitorobject.dao.IMonitorObjectTargetDao' mapperInterface. Bean already defined with the same name!
2026-09-30 16:30:17.335 [main] [] WARN  o.m.s.mapper.ClassPathMapperScanner - Skipping MapperFactoryBean with name 'IPluginDao' and 'com.chinacreator.gzcm.runtime.core.monitor.plugin.dao.IPluginDao' mapperInterface. Bean already defined with the same name!
2026-09-30 16:30:17.337 [main] [] WARN  o.m.s.mapper.ClassPathMapperScanner - Skipping MapperFactoryBean with name 'IPluginParamsDao' and 'com.chinacreator.gzcm.runtime.core.monitor.plugin.dao.IPluginParamsDao' mapperInterface. Bean already defined with the same name!
2026-09-30 16:30:17.339 [main] [] WARN  o.m.s.mapper.ClassPathMapperScanner - Skipping MapperFactoryBean with name 'IPluginTargetDao' and 'com.chinacreator.gzcm.runtime.core.monitor.plugin.dao.IPluginTargetDao' mapperInterface. Bean already defined with the same name!
2026-09-30 16:30:17.341 [main] [] WARN  o.m.s.mapper.ClassPathMapperScanner - Skipping MapperFactoryBean with name 'IMonitorWarnContactDao' and 'com.chinacreator.gzcm.runtime.core.monitor.server.warn.dao.IMonitorWarnContactDao' mapperInterface. Bean already defined with the same name!
2026-09-30 16:30:17.343 [main] [] WARN  o.m.s.mapper.ClassPathMapperScanner - Skipping MapperFactoryBean with name 'IWarnLogDao' and 'com.chinacreator.gzcm.runtime.core.monitor.server.warn.dao.IWarnLogDao' mapperInterface. Bean already defined with the same name!
2026-09-30 16:30:17.345 [main] [] WARN  o.m.s.mapper.ClassPathMapperScanner - Skipping MapperFactoryBean with name 'IStrategyDao' and 'com.chinacreator.gzcm.runtime.core.monitor.strategy.dao.IStrategyDao' mapperInterface. Bean already defined with the same name!
2026-09-30 16:30:17.393 [main] [] WARN  o.s.c.a.ConfigurationClassPostProcessor - Cannot enhance @Configuration bean definition 'myBatisConfig' since its singleton instance has been created too early. The typical cause is a non-static @Bean method with a BeanDefinitionRegistryPostProcessor return type: Consider declaring such methods as 'static' and/or marking the containing configuration class as 'proxyBeanMethods=false'.
2026-09-30 16:30:27.970 [main] [] INFO  o.s.b.w.e.tomcat.TomcatWebServer - Tomcat initialized with port 18090 (http)
2026-09-30 16:30:28.069 [main] [] INFO  o.a.coyote.http11.Http11NioProtocol - Initializing ProtocolHandler ["http-nio-18090"]
2026-09-30 16:30:28.095 [main] [] INFO  o.a.catalina.core.StandardService - Starting service [Tomcat]
2026-09-30 16:30:28.099 [main] [] INFO  o.a.catalina.core.StandardEngine - Starting Servlet engine: [Apache Tomcat/10.1.18]
2026-09-30 16:30:28.873 [main] [] INFO  o.a.c.c.C.[Tomcat].[localhost].[/] - Initializing Spring embedded WebApplicationContext
2026-09-30 16:30:28.882 [main] [] INFO  o.s.b.w.s.c.ServletWebServerApplicationContext - Root WebApplicationContext: initialization completed in 22062 ms
2026-09-30 16:30:31.329 [main] [] INFO  c.c.g.s.security.JwtTokenProvider - JwtTokenProvider initialized with RS256 keys
2026-09-30 16:30:37.210 [main] [] INFO  c.c.g.w.service.ObjectKgSyncService - ObjectKgSyncService init: 使用 runtime-access 统一 Neo4jClient
2026-09-30 16:30:37.274 [main] [] INFO  com.zaxxer.hikari.HikariDataSource - WorkspaceHikariCP - Starting...
2026-09-30 16:30:38.402 [main] [] INFO  com.zaxxer.hikari.pool.HikariPool - WorkspaceHikariCP - Added connection org.postgresql.jdbc.PgConnection@73905dff
2026-09-30 16:30:38.414 [main] [] INFO  com.zaxxer.hikari.HikariDataSource - WorkspaceHikariCP - Start completed.
2026-09-30 16:30:38.544 [main] [] WARN  c.c.g.w.controller.ObjectController - Failed to load entities from ecos_ontology_entity: StatementCallback; bad SQL grammar [SELECT entity_code, table_name FROM ecos_ontology_entity WHERE status = 'published']. Falling back to demo tables.
2026-09-30 16:30:38.546 [main] [] INFO  c.c.g.w.controller.ObjectController - Using demo entity tables as fallback
2026-09-30 16:30:40.455 [main] [] INFO  c.c.gzcm.workspace.workbook.RRuntime - R runtime not found. Install with: sudo apt install r-base
2026-09-30 16:30:41.088 [main] [] INFO  c.c.g.r.l.c.LLMGatewayAutoConfiguration - Hermes Engine auto-configuration initialized: enabled=true, defaultProvider=openrouter, defaultModel=deepseek/deepseek-chat
2026-09-30 16:30:41.630 [main] [] INFO  c.c.g.r.l.c.LLMGatewayAutoConfiguration - Hermes OkHttpClient created: timeout=PT1M, retryMaxAttempts=3
2026-09-30 16:30:44.875 [main] [] INFO  c.c.g.r.e.KafkaBusProducerConfig - [runtime-event] Kafka producer 装配: bootstrap=localhost:9092
2026-09-30 16:30:45.337 [main] [] INFO  c.c.g.r.e.KafkaBusConsumerConfig - [runtime-event] Kafka consumer 基参装配: bootstrap=localhost:9092, autoOffsetReset=latest
2026-09-30 16:30:45.348 [main] [] INFO  c.c.g.r.e.KafkaEventBusServiceImpl - [EventBus][KAFKA] activated — broker 在/不在都能发, 失败仅记 WARN 不阻塞主流程; groupPrefix=<per-subscription fan-out>
2026-09-30 16:30:46.360 [main] [] INFO  c.c.g.s.c.s.impl.SysConfigService - 缓存刷新完成，当前 146 条配置
2026-09-30 16:30:46.362 [main] [] INFO  c.c.g.s.c.s.impl.SysConfigService - SysConfigService 初始化完成，已加载 146 条配置
2026-09-30 16:30:46.537 [main] [] INFO  c.c.g.e.o.c.OntologyConfigController - Ontology engine defaults loaded (12 items)
2026-09-30 16:30:46.873 [main] [] INFO  c.c.g.e.ontology.OntologyEngineImpl - Ontology engine started (was STOPPED)
2026-09-30 16:30:46.876 [main] [] INFO  c.c.g.e.ontology.OntologyEngineImpl - Ontology engine auto-started on boot
2026-09-30 16:30:47.160 [main] [] INFO  c.c.g.e.o.service.Neo4jGraphService - Neo4jGraphService init: 使用 runtime-access Neo4jClient 统一出口
2026-09-30 16:30:49.004 [main] [] INFO  o.s.b.f.a.AutowiredAnnotationBeanPostProcessor - Inconsistent constructor declaration on bean with name 'securityCryptoEgress': single autowire-marked constructor flagged as optional - this constructor is effectively required since there is no default constructor to fall back to: public com.chinacreator.gzcm.runtime.core.crypto.SecurityCryptoEgress(org.springframework.context.ApplicationContext)
2026-09-30 16:30:49.176 [main] [] INFO  c.c.g.e.d.s.PipelineFunctionServiceImpl - PB 函数种子数据已存在 (120 条)，跳过初始化
2026-09-30 16:30:49.420 [main] [] INFO  c.c.g.r.a.olap.DuckDBQueryService - DuckDBQueryService downgraded (DuckDB migrated to Doris) — all operations are no-ops
2026-09-30 16:30:49.939 [main] [] INFO  c.c.g.r.c.t.s.i.TaskManagementServiceImpl - onStartup: PG 恢复 0 个任务 + 0 个执行计划
2026-09-30 16:30:50.057 [main] [] INFO  c.c.gzcm.runtime.dlq.DltConsumer - [DltConsumer] 装配 DLQ 消费容器 11 个 (groupId=ecos-dlt-consumer, autoOffsetReset=latest)
2026-09-30 16:30:50.399 [main] [] INFO  c.c.g.s.i.s.impl.DbBlacklistStore - DbBlacklistStore 初始化完成，已清理 sys_token_blacklist 过期项
2026-09-30 16:30:54.917 [main] [] INFO  o.s.b.a.e.web.EndpointLinksResolver - Exposing 3 endpoint(s) beneath base path '/actuator'
2026-09-30 16:30:55.565 [main] [] INFO  o.s.s.web.DefaultSecurityFilterChain - Will secure any request with [org.springframework.security.web.session.DisableEncodeUrlFilter@6b5fdbd0, org.springframework.security.web.context.request.async.WebAsyncManagerIntegrationFilter@c32908c, org.springframework.security.web.context.SecurityContextHolderFilter@93cc5eb, org.springframework.security.web.header.HeaderWriterFilter@7ebf5bf, org.springframework.web.filter.CorsFilter@588b02a0, org.springframework.security.web.authentication.logout.LogoutFilter@7fcc8d9f, com.chinacreator.gzcm.sysman.security.JwtAuthenticationFilter@757c685d, org.springframework.security.web.savedrequest.RequestCacheAwareFilter@12939937, org.springframework.security.web.servletapi.SecurityContextHolderAwareRequestFilter@4a577b99, org.springframework.security.web.authentication.AnonymousAuthenticationFilter@2100b770, org.springframework.security.web.session.SessionManagementFilter@bf0025d, org.springframework.security.web.access.ExceptionTranslationFilter@4ca6f587, org.springframework.security.web.access.intercept.AuthorizationFilter@730a140b]
2026-09-30 16:30:59.888 [main] [] INFO  o.a.coyote.http11.Http11NioProtocol - Starting ProtocolHandler ["http-nio-18090"]
2026-09-30 16:30:59.934 [main] [] INFO  o.s.b.w.e.tomcat.TomcatWebServer - Tomcat started on port 18090 (http) with context path ''
2026-09-30 16:31:00.649 [main] [] INFO  o.s.k.c.DefaultKafkaConsumerFactory$ExtendedKafkaConsumer - [Consumer clientId=consumer-ecos-dlt-consumer-1, groupId=ecos-dlt-consumer] Subscribed to topic(s): ecos.agent.DLT
2026-09-30 16:31:00.693 [main] [] INFO  o.s.k.c.DefaultKafkaConsumerFactory$ExtendedKafkaConsumer - [Consumer clientId=consumer-ecos-dlt-consumer-2, groupId=ecos-dlt-consumer] Subscribed to topic(s): ecos.audit.DLT
2026-09-30 16:31:00.719 [main] [] INFO  o.s.k.c.DefaultKafkaConsumerFactory$ExtendedKafkaConsumer - [Consumer clientId=consumer-ecos-dlt-consumer-3, groupId=ecos-dlt-consumer] Subscribed to topic(s): ecos.catalog.DLT
2026-09-30 16:31:00.737 [main] [] INFO  o.s.k.c.DefaultKafkaConsumerFactory$ExtendedKafkaConsumer - [Consumer clientId=consumer-ecos-dlt-consumer-4, groupId=ecos-dlt-consumer] Subscribed to topic(s): ecos.cognitive.DLT
2026-09-30 16:31:00.760 [main] [] INFO  o.s.k.c.DefaultKafkaConsumerFactory$ExtendedKafkaConsumer - [Consumer clientId=consumer-ecos-dlt-consumer-5, groupId=ecos-dlt-consumer] Subscribed to topic(s): ecos.data.security-tagged.DLT
2026-09-30 16:31:00.781 [main] [] INFO  o.s.k.c.DefaultKafkaConsumerFactory$ExtendedKafkaConsumer - [Consumer clientId=consumer-ecos-dlt-consumer-6, groupId=ecos-dlt-consumer] Subscribed to topic(s): ecos.identity.DLT
2026-09-30 16:31:00.806 [main] [] INFO  o.s.k.c.DefaultKafkaConsumerFactory$ExtendedKafkaConsumer - [Consumer clientId=consumer-ecos-dlt-consumer-7, groupId=ecos-dlt-consumer] Subscribed to topic(s): ecos.knowledge.DLT
2026-09-30 16:31:00.825 [main] [] INFO  o.s.k.c.DefaultKafkaConsumerFactory$ExtendedKafkaConsumer - [Consumer clientId=consumer-ecos-dlt-consumer-8, groupId=ecos-dlt-consumer] Subscribed to topic(s): ecos.object.DLT
2026-09-30 16:31:00.841 [main] [] INFO  o.s.k.c.DefaultKafkaConsumerFactory$ExtendedKafkaConsumer - [Consumer clientId=consumer-ecos-dlt-consumer-9, groupId=ecos-dlt-consumer] Subscribed to topic(s): ecos.ontology.DLT
2026-09-30 16:31:00.857 [main] [] INFO  o.s.k.c.DefaultKafkaConsumerFactory$ExtendedKafkaConsumer - [Consumer clientId=consumer-ecos-dlt-consumer-10, groupId=ecos-dlt-consumer] Subscribed to topic(s): ecos.ontology.published.DLT
2026-09-30 16:31:00.877 [main] [] INFO  o.s.k.c.DefaultKafkaConsumerFactory$ExtendedKafkaConsumer - [Consumer clientId=consumer-ecos-dlt-consumer-11, groupId=ecos-dlt-consumer] Subscribed to topic(s): ecos.workflow.DLT
2026-09-30 16:31:00.971 [main] [] INFO  c.c.g.w.s.WorkspaceServiceApplication - Started WorkspaceServiceApplication in 58.03 seconds (process running for 62.316)
2026-09-30 16:31:04.095 [ecos-dlt-consumer-ecos.audit.DLT-C-1] [] INFO  o.s.k.l.KafkaMessageListenerContainer - ecos-dlt-consumer: partitions assigned: []
2026-09-30 16:31:04.095 [ecos-dlt-consumer-ecos.data.security-tagged.DLT-C-1] [] INFO  o.s.k.l.KafkaMessageListenerContainer - ecos-dlt-consumer: partitions assigned: []
2026-09-30 16:31:04.095 [ecos-dlt-consumer-ecos.catalog.DLT-C-1] [] INFO  o.s.k.l.KafkaMessageListenerContainer - ecos-dlt-consumer: partitions assigned: []
2026-09-30 16:31:04.095 [ecos-dlt-consumer-ecos.identity.DLT-C-1] [] INFO  o.s.k.l.KafkaMessageListenerContainer - ecos-dlt-consumer: partitions assigned: []
2026-09-30 16:31:04.095 [ecos-dlt-consumer-ecos.agent.DLT-C-1] [] INFO  o.s.k.l.KafkaMessageListenerContainer - ecos-dlt-consumer: partitions assigned: []
2026-09-30 16:31:04.095 [ecos-dlt-consumer-ecos.object.DLT-C-1] [] INFO  o.s.k.l.KafkaMessageListenerContainer - ecos-dlt-consumer: partitions assigned: []
2026-09-30 16:31:04.095 [ecos-dlt-consumer-ecos.ontology.DLT-C-1] [] INFO  o.s.k.l.KafkaMessageListenerContainer - ecos-dlt-consumer: partitions assigned: []
2026-09-30 16:31:04.098 [ecos-dlt-consumer-ecos.ontology.published.DLT-C-1] [] INFO  o.s.k.l.KafkaMessageListenerContainer - ecos-dlt-consumer: partitions assigned: [ecos.ontology.published.DLT-0]
2026-09-30 16:31:04.098 [ecos-dlt-consumer-ecos.workflow.DLT-C-1] [] INFO  o.s.k.l.KafkaMessageListenerContainer - ecos-dlt-consumer: partitions assigned: [ecos.workflow.DLT-0]
2026-09-30 16:31:04.098 [ecos-dlt-consumer-ecos.cognitive.DLT-C-1] [] INFO  o.s.k.l.KafkaMessageListenerContainer - ecos-dlt-consumer: partitions assigned: [ecos.cognitive.DLT-0]
2026-09-30 16:31:04.098 [ecos-dlt-consumer-ecos.knowledge.DLT-C-1] [] INFO  o.s.k.l.KafkaMessageListenerContainer - ecos-dlt-consumer: partitions assigned: [ecos.knowledge.DLT-0]
2026-09-30 16:31:32.825 [scheduling-1] [] WARN  c.c.g.runtime.audit.AuditRetryTask - [AuditRetry] 到期行拉取失败（表缺失/DB 不可用）errType=BadSqlGrammarException msg=
### Error querying database.  Cause: org.postgresql.util.PSQLException: ERROR: relation "public.ecos_runtime_audit_retry" does not exist
  位置：256
### The error may exist in com/chinacreator/gzcm/runtime/audit/mapper/AuditRetryMapper.java (best guess)
### The error may involve com.chinacreator.gzcm.runtime.audit.mapper.AuditRetryMapper.listDue-Inline
### The error occurred while setting parameters
### SQL: SELECT id, event_type AS eventType, payload, attempts, next_retry_at AS nextRetryAt, last_error AS lastError, status, trace_id AS traceId, create_time AS createTime, update_time AS updateTime, version_no AS versionNo, is_deleted AS isDeleted, domain FROM public.ecos_runtime_audit_retry WHERE is_deleted = 0 AND status = 'pending' AND next_retry_at <= ? ORDER BY next_retry_at ASC LIMIT ?
### Cause: org.postgresql.util.PSQLException: ERROR: relation "public.ecos_runtime_audit_retry" does not exist
  位置：256
; bad SQL grammar []
2026-09-30 16:32:01.085 [scheduling-1] [] WARN  c.c.gzcm.runtime.dlq.DltLagChecker - [DltLagChecker] AdminClient 创建失败 errType=KafkaException msg=Failed to create new KafkaAdminClient
2026-09-30 16:32:01.087 [scheduling-1] [] WARN  c.c.gzcm.runtime.dlq.DltLagChecker - [DltLagChecker] AdminClient 不可用（bootstrap=localhost:9092），本轮降级跳过
2026-09-30 16:32:32.853 [scheduling-1] [] WARN  c.c.g.runtime.audit.AuditRetryTask - [AuditRetry] 到期行拉取失败（表缺失/DB 不可用）errType=BadSqlGrammarException msg=
### Error querying database.  Cause: org.postgresql.util.PSQLException: ERROR: relation "public.ecos_runtime_audit_retry" does not exist
  位置：256
### The error may exist in com/chinacreator/gzcm/runtime/audit/mapper/AuditRetryMapper.java (best guess)
### The error may involve com.chinacreator.gzcm.runtime.audit.mapper.AuditRetryMapper.listDue-Inline
### The error occurred while setting parameters
### SQL: SELECT id, event_type AS eventType, payload, attempts, next_retry_at AS nextRetryAt, last_error AS lastError, status, trace_id AS traceId, create_time AS createTime, update_time AS updateTime, version_no AS versionNo, is_deleted AS isDeleted, domain FROM public.ecos_runtime_audit_retry WHERE is_deleted = 0 AND status = 'pending' AND next_retry_at <= ? ORDER BY next_retry_at ASC LIMIT ?
### Cause: org.postgresql.util.PSQLException: ERROR: relation "public.ecos_runtime_audit_retry" does not exist
  位置：256
; bad SQL grammar []
2026-09-30 16:33:32.878 [scheduling-1] [] WARN  c.c.g.runtime.audit.AuditRetryTask - [AuditRetry] 到期行拉取失败（表缺失/DB 不可用）errType=BadSqlGrammarException msg=
### Error querying database.  Cause: org.postgresql.util.PSQLException: ERROR: relation "public.ecos_runtime_audit_retry" does not exist
  位置：256
### The error may exist in com/chinacreator/gzcm/runtime/audit/mapper/AuditRetryMapper.java (best guess)
### The error may involve com.chinacreator.gzcm.runtime.audit.mapper.AuditRetryMapper.listDue-Inline
### The error occurred while setting parameters
### SQL: SELECT id, event_type AS eventType, payload, attempts, next_retry_at AS nextRetryAt, last_error AS lastError, status, trace_id AS traceId, create_time AS createTime, update_time AS updateTime, version_no AS versionNo, is_deleted AS isDeleted, domain FROM public.ecos_runtime_audit_retry WHERE is_deleted = 0 AND status = 'pending' AND next_retry_at <= ? ORDER BY next_retry_at ASC LIMIT ?
### Cause: org.postgresql.util.PSQLException: ERROR: relation "public.ecos_runtime_audit_retry" does not exist
  位置：256
; bad SQL grammar []
2026-09-30 16:34:32.894 [scheduling-1] [] WARN  c.c.g.runtime.audit.AuditRetryTask - [AuditRetry] 到期行拉取失败（表缺失/DB 不可用）errType=BadSqlGrammarException msg=
### Error querying database.  Cause: org.postgresql.util.PSQLException: ERROR: relation "public.ecos_runtime_audit_retry" does not exist
  位置：256
### The error may exist in com/chinacreator/gzcm/runtime/audit/mapper/AuditRetryMapper.java (best guess)
### The error may involve com.chinacreator.gzcm.runtime.audit.mapper.AuditRetryMapper.listDue-Inline
### The error occurred while setting parameters
### SQL: SELECT id, event_type AS eventType, payload, attempts, next_retry_at AS nextRetryAt, last_error AS lastError, status, trace_id AS traceId, create_time AS createTime, update_time AS updateTime, version_no AS versionNo, is_deleted AS isDeleted, domain FROM public.ecos_runtime_audit_retry WHERE is_deleted = 0 AND status = 'pending' AND next_retry_at <= ? ORDER BY next_retry_at ASC LIMIT ?
### Cause: org.postgresql.util.PSQLException: ERROR: relation "public.ecos_runtime_audit_retry" does not exist
  位置：256
; bad SQL grammar []
2026-09-30 16:35:32.913 [scheduling-1] [] WARN  c.c.g.runtime.audit.AuditRetryTask - [AuditRetry] 到期行拉取失败（表缺失/DB 不可用）errType=BadSqlGrammarException msg=
### Error querying database.  Cause: org.postgresql.util.PSQLException: ERROR: relation "public.ecos_runtime_audit_retry" does not exist
  位置：256
### The error may exist in com/chinacreator/gzcm/runtime/audit/mapper/AuditRetryMapper.java (best guess)
### The error may involve com.chinacreator.gzcm.runtime.audit.mapper.AuditRetryMapper.listDue-Inline
### The error occurred while setting parameters
### SQL: SELECT id, event_type AS eventType, payload, attempts, next_retry_at AS nextRetryAt, last_error AS lastError, status, trace_id AS traceId, create_time AS createTime, update_time AS updateTime, version_no AS versionNo, is_deleted AS isDeleted, domain FROM public.ecos_runtime_audit_retry WHERE is_deleted = 0 AND status = 'pending' AND next_retry_at <= ? ORDER BY next_retry_at ASC LIMIT ?
### Cause: org.postgresql.util.PSQLException: ERROR: relation "public.ecos_runtime_audit_retry" does not exist
  位置：256
; bad SQL grammar []
2026-09-30 16:36:32.927 [scheduling-1] [] WARN  c.c.g.runtime.audit.AuditRetryTask - [AuditRetry] 到期行拉取失败（表缺失/DB 不可用）errType=BadSqlGrammarException msg=
### Error querying database.  Cause: org.postgresql.util.PSQLException: ERROR: relation "public.ecos_runtime_audit_retry" does not exist
  位置：256
### The error may exist in com/chinacreator/gzcm/runtime/audit/mapper/AuditRetryMapper.java (best guess)
### The error may involve com.chinacreator.gzcm.runtime.audit.mapper.AuditRetryMapper.listDue-Inline
### The error occurred while setting parameters
### SQL: SELECT id, event_type AS eventType, payload, attempts, next_retry_at AS nextRetryAt, last_error AS lastError, status, trace_id AS traceId, create_time AS createTime, update_time AS updateTime, version_no AS versionNo, is_deleted AS isDeleted, domain FROM public.ecos_runtime_audit_retry WHERE is_deleted = 0 AND status = 'pending' AND next_retry_at <= ? ORDER BY next_retry_at ASC LIMIT ?
### Cause: org.postgresql.util.PSQLException: ERROR: relation "public.ecos_runtime_audit_retry" does not exist
  位置：256
; bad SQL grammar []
2026-09-30 16:37:01.120 [scheduling-1] [] WARN  c.c.gzcm.runtime.dlq.DltLagChecker - [DltLagChecker] AdminClient 创建失败 errType=KafkaException msg=Failed to create new KafkaAdminClient
2026-09-30 16:37:01.121 [scheduling-1] [] WARN  c.c.gzcm.runtime.dlq.DltLagChecker - [DltLagChecker] AdminClient 不可用（bootstrap=localhost:9092），本轮降级跳过
2026-09-30 16:37:32.946 [scheduling-1] [] WARN  c.c.g.runtime.audit.AuditRetryTask - [AuditRetry] 到期行拉取失败（表缺失/DB 不可用）errType=BadSqlGrammarException msg=
### Error querying database.  Cause: org.postgresql.util.PSQLException: ERROR: relation "public.ecos_runtime_audit_retry" does not exist
  位置：256
### The error may exist in com/chinacreator/gzcm/runtime/audit/mapper/AuditRetryMapper.java (best guess)
### The error may involve com.chinacreator.gzcm.runtime.audit.mapper.AuditRetryMapper.listDue-Inline
### The error occurred while setting parameters
### SQL: SELECT id, event_type AS eventType, payload, attempts, next_retry_at AS nextRetryAt, last_error AS lastError, status, trace_id AS traceId, create_time AS createTime, update_time AS updateTime, version_no AS versionNo, is_deleted AS isDeleted, domain FROM public.ecos_runtime_audit_retry WHERE is_deleted = 0 AND status = 'pending' AND next_retry_at <= ? ORDER BY next_retry_at ASC LIMIT ?
### Cause: org.postgresql.util.PSQLException: ERROR: relation "public.ecos_runtime_audit_retry" does not exist
  位置：256
; bad SQL grammar []
2026-09-30 16:38:32.970 [scheduling-1] [] WARN  c.c.g.runtime.audit.AuditRetryTask - [AuditRetry] 到期行拉取失败（表缺失/DB 不可用）errType=BadSqlGrammarException msg=
### Error querying database.  Cause: org.postgresql.util.PSQLException: ERROR: relation "public.ecos_runtime_audit_retry" does not exist
  位置：256
### The error may exist in com/chinacreator/gzcm/runtime/audit/mapper/AuditRetryMapper.java (best guess)
### The error may involve com.chinacreator.gzcm.runtime.audit.mapper.AuditRetryMapper.listDue-Inline
### The error occurred while setting parameters
### SQL: SELECT id, event_type AS eventType, payload, attempts, next_retry_at AS nextRetryAt, last_error AS lastError, status, trace_id AS traceId, create_time AS createTime, update_time AS updateTime, version_no AS versionNo, is_deleted AS isDeleted, domain FROM public.ecos_runtime_audit_retry WHERE is_deleted = 0 AND status = 'pending' AND next_retry_at <= ? ORDER BY next_retry_at ASC LIMIT ?
### Cause: org.postgresql.util.PSQLException: ERROR: relation "public.ecos_runtime_audit_retry" does not exist
  位置：256
; bad SQL grammar []
2026-09-30 16:39:32.979 [scheduling-1] [] WARN  c.c.g.runtime.audit.AuditRetryTask - [AuditRetry] 到期行拉取失败（表缺失/DB 不可用）errType=BadSqlGrammarException msg=
### Error querying database.  Cause: org.postgresql.util.PSQLException: ERROR: relation "public.ecos_runtime_audit_retry" does not exist
  位置：256
### The error may exist in com/chinacreator/gzcm/runtime/audit/mapper/AuditRetryMapper.java (best guess)
### The error may involve com.chinacreator.gzcm.runtime.audit.mapper.AuditRetryMapper.listDue-Inline
### The error occurred while setting parameters
### SQL: SELECT id, event_type AS eventType, payload, attempts, next_retry_at AS nextRetryAt, last_error AS lastError, status, trace_id AS traceId, create_time AS createTime, update_time AS updateTime, version_no AS versionNo, is_deleted AS isDeleted, domain FROM public.ecos_runtime_audit_retry WHERE is_deleted = 0 AND status = 'pending' AND next_retry_at <= ? ORDER BY next_retry_at ASC LIMIT ?
### Cause: org.postgresql.util.PSQLException: ERROR: relation "public.ecos_runtime_audit_retry" does not exist
  位置：256
; bad SQL grammar []
2026-09-30 16:40:32.995 [scheduling-1] [] WARN  c.c.g.runtime.audit.AuditRetryTask - [AuditRetry] 到期行拉取失败（表缺失/DB 不可用）errType=BadSqlGrammarException msg=
### Error querying database.  Cause: org.postgresql.util.PSQLException: ERROR: relation "public.ecos_runtime_audit_retry" does not exist
  位置：256
### The error may exist in com/chinacreator/gzcm/runtime/audit/mapper/AuditRetryMapper.java (best guess)
### The error may involve com.chinacreator.gzcm.runtime.audit.mapper.AuditRetryMapper.listDue-Inline
### The error occurred while setting parameters
### SQL: SELECT id, event_type AS eventType, payload, attempts, next_retry_at AS nextRetryAt, last_error AS lastError, status, trace_id AS traceId, create_time AS createTime, update_time AS updateTime, version_no AS versionNo, is_deleted AS isDeleted, domain FROM public.ecos_runtime_audit_retry WHERE is_deleted = 0 AND status = 'pending' AND next_retry_at <= ? ORDER BY next_retry_at ASC LIMIT ?
### Cause: org.postgresql.util.PSQLException: ERROR: relation "public.ecos_runtime_audit_retry" does not exist
  位置：256
; bad SQL grammar []
2026-09-30 16:41:33.017 [scheduling-1] [] WARN  c.c.g.runtime.audit.AuditRetryTask - [AuditRetry] 到期行拉取失败（表缺失/DB 不可用）errType=BadSqlGrammarException msg=
### Error querying database.  Cause: org.postgresql.util.PSQLException: ERROR: relation "public.ecos_runtime_audit_retry" does not exist
  位置：256
### The error may exist in com/chinacreator/gzcm/runtime/audit/mapper/AuditRetryMapper.java (best guess)
### The error may involve com.chinacreator.gzcm.runtime.audit.mapper.AuditRetryMapper.listDue-Inline
### The error occurred while setting parameters
### SQL: SELECT id, event_type AS eventType, payload, attempts, next_retry_at AS nextRetryAt, last_error AS lastError, status, trace_id AS traceId, create_time AS createTime, update_time AS updateTime, version_no AS versionNo, is_deleted AS isDeleted, domain FROM public.ecos_runtime_audit_retry WHERE is_deleted = 0 AND status = 'pending' AND next_retry_at <= ? ORDER BY next_retry_at ASC LIMIT ?
### Cause: org.postgresql.util.PSQLException: ERROR: relation "public.ecos_runtime_audit_retry" does not exist
  位置：256
; bad SQL grammar []
2026-09-30 16:42:01.144 [scheduling-1] [] WARN  c.c.gzcm.runtime.dlq.DltLagChecker - [DltLagChecker] AdminClient 创建失败 errType=KafkaException msg=Failed to create new KafkaAdminClient
2026-09-30 16:42:01.145 [scheduling-1] [] WARN  c.c.gzcm.runtime.dlq.DltLagChecker - [DltLagChecker] AdminClient 不可用（bootstrap=localhost:9092），本轮降级跳过
2026-09-30 16:42:33.040 [scheduling-1] [] WARN  c.c.g.runtime.audit.AuditRetryTask - [AuditRetry] 到期行拉取失败（表缺失/DB 不可用）errType=BadSqlGrammarException msg=
### Error querying database.  Cause: org.postgresql.util.PSQLException: ERROR: relation "public.ecos_runtime_audit_retry" does not exist
  位置：256
### The error may exist in com/chinacreator/gzcm/runtime/audit/mapper/AuditRetryMapper.java (best guess)
### The error may involve com.chinacreator.gzcm.runtime.audit.mapper.AuditRetryMapper.listDue-Inline
### The error occurred while setting parameters
### SQL: SELECT id, event_type AS eventType, payload, attempts, next_retry_at AS nextRetryAt, last_error AS lastError, status, trace_id AS traceId, create_time AS createTime, update_time AS updateTime, version_no AS versionNo, is_deleted AS isDeleted, domain FROM public.ecos_runtime_audit_retry WHERE is_deleted = 0 AND status = 'pending' AND next_retry_at <= ? ORDER BY next_retry_at ASC LIMIT ?
### Cause: org.postgresql.util.PSQLException: ERROR: relation "public.ecos_runtime_audit_retry" does not exist
  位置：256
; bad SQL grammar []
2026-09-30 16:43:33.091 [scheduling-1] [] WARN  c.c.g.runtime.audit.AuditRetryTask - [AuditRetry] 到期行拉取失败（表缺失/DB 不可用）errType=BadSqlGrammarException msg=
### Error querying database.  Cause: org.postgresql.util.PSQLException: ERROR: relation "public.ecos_runtime_audit_retry" does not exist
  位置：256
### The error may exist in com/chinacreator/gzcm/runtime/audit/mapper/AuditRetryMapper.java (best guess)
### The error may involve com.chinacreator.gzcm.runtime.audit.mapper.AuditRetryMapper.listDue-Inline
### The error occurred while setting parameters
### SQL: SELECT id, event_type AS eventType, payload, attempts, next_retry_at AS nextRetryAt, last_error AS lastError, status, trace_id AS traceId, create_time AS createTime, update_time AS updateTime, version_no AS versionNo, is_deleted AS isDeleted, domain FROM public.ecos_runtime_audit_retry WHERE is_deleted = 0 AND status = 'pending' AND next_retry_at <= ? ORDER BY next_retry_at ASC LIMIT ?
### Cause: org.postgresql.util.PSQLException: ERROR: relation "public.ecos_runtime_audit_retry" does not exist
  位置：256
; bad SQL grammar []
2026-09-30 16:44:33.119 [scheduling-1] [] WARN  c.c.g.runtime.audit.AuditRetryTask - [AuditRetry] 到期行拉取失败（表缺失/DB 不可用）errType=BadSqlGrammarException msg=
### Error querying database.  Cause: org.postgresql.util.PSQLException: ERROR: relation "public.ecos_runtime_audit_retry" does not exist
  位置：256
### The error may exist in com/chinacreator/gzcm/runtime/audit/mapper/AuditRetryMapper.java (best guess)
### The error may involve com.chinacreator.gzcm.runtime.audit.mapper.AuditRetryMapper.listDue-Inline
### The error occurred while setting parameters
### SQL: SELECT id, event_type AS eventType, payload, attempts, next_retry_at AS nextRetryAt, last_error AS lastError, status, trace_id AS traceId, create_time AS createTime, update_time AS updateTime, version_no AS versionNo, is_deleted AS isDeleted, domain FROM public.ecos_runtime_audit_retry WHERE is_deleted = 0 AND status = 'pending' AND next_retry_at <= ? ORDER BY next_retry_at ASC LIMIT ?
### Cause: org.postgresql.util.PSQLException: ERROR: relation "public.ecos_runtime_audit_retry" does not exist
  位置：256
; bad SQL grammar []
2026-09-30 16:45:33.134 [scheduling-1] [] WARN  c.c.g.runtime.audit.AuditRetryTask - [AuditRetry] 到期行拉取失败（表缺失/DB 不可用）errType=BadSqlGrammarException msg=
### Error querying database.  Cause: org.postgresql.util.PSQLException: ERROR: relation "public.ecos_runtime_audit_retry" does not exist
  位置：256
### The error may exist in com/chinacreator/gzcm/runtime/audit/mapper/AuditRetryMapper.java (best guess)
### The error may involve com.chinacreator.gzcm.runtime.audit.mapper.AuditRetryMapper.listDue-Inline
### The error occurred while setting parameters
### SQL: SELECT id, event_type AS eventType, payload, attempts, next_retry_at AS nextRetryAt, last_error AS lastError, status, trace_id AS traceId, create_time AS createTime, update_time AS updateTime, version_no AS versionNo, is_deleted AS isDeleted, domain FROM public.ecos_runtime_audit_retry WHERE is_deleted = 0 AND status = 'pending' AND next_retry_at <= ? ORDER BY next_retry_at ASC LIMIT ?
### Cause: org.postgresql.util.PSQLException: ERROR: relation "public.ecos_runtime_audit_retry" does not exist
  位置：256
; bad SQL grammar []
2026-09-30 16:46:33.162 [scheduling-1] [] WARN  c.c.g.runtime.audit.AuditRetryTask - [AuditRetry] 到期行拉取失败（表缺失/DB 不可用）errType=BadSqlGrammarException msg=
### Error querying database.  Cause: org.postgresql.util.PSQLException: ERROR: relation "public.ecos_runtime_audit_retry" does not exist
  位置：256
### The error may exist in com/chinacreator/gzcm/runtime/audit/mapper/AuditRetryMapper.java (best guess)
### The error may involve com.chinacreator.gzcm.runtime.audit.mapper.AuditRetryMapper.listDue-Inline
### The error occurred while setting parameters
### SQL: SELECT id, event_type AS eventType, payload, attempts, next_retry_at AS nextRetryAt, last_error AS lastError, status, trace_id AS traceId, create_time AS createTime, update_time AS updateTime, version_no AS versionNo, is_deleted AS isDeleted, domain FROM public.ecos_runtime_audit_retry WHERE is_deleted = 0 AND status = 'pending' AND next_retry_at <= ? ORDER BY next_retry_at ASC LIMIT ?
### Cause: org.postgresql.util.PSQLException: ERROR: relation "public.ecos_runtime_audit_retry" does not exist
  位置：256
; bad SQL grammar []
2026-09-30 16:47:01.177 [scheduling-1] [] WARN  c.c.gzcm.runtime.dlq.DltLagChecker - [DltLagChecker] AdminClient 创建失败 errType=KafkaException msg=Failed to create new KafkaAdminClient
2026-09-30 16:47:01.188 [scheduling-1] [] WARN  c.c.gzcm.runtime.dlq.DltLagChecker - [DltLagChecker] AdminClient 不可用（bootstrap=localhost:9092），本轮降级跳过
2026-09-30 16:47:33.183 [scheduling-1] [] WARN  c.c.g.runtime.audit.AuditRetryTask - [AuditRetry] 到期行拉取失败（表缺失/DB 不可用）errType=BadSqlGrammarException msg=
### Error querying database.  Cause: org.postgresql.util.PSQLException: ERROR: relation "public.ecos_runtime_audit_retry" does not exist
  位置：256
### The error may exist in com/chinacreator/gzcm/runtime/audit/mapper/AuditRetryMapper.java (best guess)
### The error may involve com.chinacreator.gzcm.runtime.audit.mapper.AuditRetryMapper.listDue-Inline
### The error occurred while setting parameters
### SQL: SELECT id, event_type AS eventType, payload, attempts, next_retry_at AS nextRetryAt, last_error AS lastError, status, trace_id AS traceId, create_time AS createTime, update_time AS updateTime, version_no AS versionNo, is_deleted AS isDeleted, domain FROM public.ecos_runtime_audit_retry WHERE is_deleted = 0 AND status = 'pending' AND next_retry_at <= ? ORDER BY next_retry_at ASC LIMIT ?
### Cause: org.postgresql.util.PSQLException: ERROR: relation "public.ecos_runtime_audit_retry" does not exist
  位置：256
; bad SQL grammar []
2026-09-30 16:48:33.208 [scheduling-1] [] WARN  c.c.g.runtime.audit.AuditRetryTask - [AuditRetry] 到期行拉取失败（表缺失/DB 不可用）errType=BadSqlGrammarException msg=
### Error querying database.  Cause: org.postgresql.util.PSQLException: ERROR: relation "public.ecos_runtime_audit_retry" does not exist
  位置：256
### The error may exist in com/chinacreator/gzcm/runtime/audit/mapper/AuditRetryMapper.java (best guess)
### The error may involve com.chinacreator.gzcm.runtime.audit.mapper.AuditRetryMapper.listDue-Inline
### The error occurred while setting parameters
### SQL: SELECT id, event_type AS eventType, payload, attempts, next_retry_at AS nextRetryAt, last_error AS lastError, status, trace_id AS traceId, create_time AS createTime, update_time AS updateTime, version_no AS versionNo, is_deleted AS isDeleted, domain FROM public.ecos_runtime_audit_retry WHERE is_deleted = 0 AND status = 'pending' AND next_retry_at <= ? ORDER BY next_retry_at ASC LIMIT ?
### Cause: org.postgresql.util.PSQLException: ERROR: relation "public.ecos_runtime_audit_retry" does not exist
  位置：256
; bad SQL grammar []
2026-09-30 16:49:33.228 [scheduling-1] [] WARN  c.c.g.runtime.audit.AuditRetryTask - [AuditRetry] 到期行拉取失败（表缺失/DB 不可用）errType=BadSqlGrammarException msg=
### Error querying database.  Cause: org.postgresql.util.PSQLException: ERROR: relation "public.ecos_runtime_audit_retry" does not exist
  位置：256
### The error may exist in com/chinacreator/gzcm/runtime/audit/mapper/AuditRetryMapper.java (best guess)
### The error may involve com.chinacreator.gzcm.runtime.audit.mapper.AuditRetryMapper.listDue-Inline
### The error occurred while setting parameters
### SQL: SELECT id, event_type AS eventType, payload, attempts, next_retry_at AS nextRetryAt, last_error AS lastError, status, trace_id AS traceId, create_time AS createTime, update_time AS updateTime, version_no AS versionNo, is_deleted AS isDeleted, domain FROM public.ecos_runtime_audit_retry WHERE is_deleted = 0 AND status = 'pending' AND next_retry_at <= ? ORDER BY next_retry_at ASC LIMIT ?
### Cause: org.postgresql.util.PSQLException: ERROR: relation "public.ecos_runtime_audit_retry" does not exist
  位置：256
; bad SQL grammar []
2026-09-30 16:50:33.249 [scheduling-1] [] WARN  c.c.g.runtime.audit.AuditRetryTask - [AuditRetry] 到期行拉取失败（表缺失/DB 不可用）errType=BadSqlGrammarException msg=
### Error querying database.  Cause: org.postgresql.util.PSQLException: ERROR: relation "public.ecos_runtime_audit_retry" does not exist
  位置：256
### The error may exist in com/chinacreator/gzcm/runtime/audit/mapper/AuditRetryMapper.java (best guess)
### The error may involve com.chinacreator.gzcm.runtime.audit.mapper.AuditRetryMapper.listDue-Inline
### The error occurred while setting parameters
### SQL: SELECT id, event_type AS eventType, payload, attempts, next_retry_at AS nextRetryAt, last_error AS lastError, status, trace_id AS traceId, create_time AS createTime, update_time AS updateTime, version_no AS versionNo, is_deleted AS isDeleted, domain FROM public.ecos_runtime_audit_retry WHERE is_deleted = 0 AND status = 'pending' AND next_retry_at <= ? ORDER BY next_retry_at ASC LIMIT ?
### Cause: org.postgresql.util.PSQLException: ERROR: relation "public.ecos_runtime_audit_retry" does not exist
  位置：256
; bad SQL grammar []
2026-09-30 16:51:33.272 [scheduling-1] [] WARN  c.c.g.runtime.audit.AuditRetryTask - [AuditRetry] 到期行拉取失败（表缺失/DB 不可用）errType=BadSqlGrammarException msg=
### Error querying database.  Cause: org.postgresql.util.PSQLException: ERROR: relation "public.ecos_runtime_audit_retry" does not exist
  位置：256
### The error may exist in com/chinacreator/gzcm/runtime/audit/mapper/AuditRetryMapper.java (best guess)
### The error may involve com.chinacreator.gzcm.runtime.audit.mapper.AuditRetryMapper.listDue-Inline
### The error occurred while setting parameters
### SQL: SELECT id, event_type AS eventType, payload, attempts, next_retry_at AS nextRetryAt, last_error AS lastError, status, trace_id AS traceId, create_time AS createTime, update_time AS updateTime, version_no AS versionNo, is_deleted AS isDeleted, domain FROM public.ecos_runtime_audit_retry WHERE is_deleted = 0 AND status = 'pending' AND next_retry_at <= ? ORDER BY next_retry_at ASC LIMIT ?
### Cause: org.postgresql.util.PSQLException: ERROR: relation "public.ecos_runtime_audit_retry" does not exist
  位置：256
; bad SQL grammar []
2026-09-30 16:52:01.216 [scheduling-1] [] WARN  c.c.gzcm.runtime.dlq.DltLagChecker - [DltLagChecker] AdminClient 创建失败 errType=KafkaException msg=Failed to create new KafkaAdminClient
2026-09-30 16:52:01.228 [scheduling-1] [] WARN  c.c.gzcm.runtime.dlq.DltLagChecker - [DltLagChecker] AdminClient 不可用（bootstrap=localhost:9092），本轮降级跳过
2026-09-30 16:52:33.299 [scheduling-1] [] WARN  c.c.g.runtime.audit.AuditRetryTask - [AuditRetry] 到期行拉取失败（表缺失/DB 不可用）errType=BadSqlGrammarException msg=
### Error querying database.  Cause: org.postgresql.util.PSQLException: ERROR: relation "public.ecos_runtime_audit_retry" does not exist
  位置：256
### The error may exist in com/chinacreator/gzcm/runtime/audit/mapper/AuditRetryMapper.java (best guess)
### The error may involve com.chinacreator.gzcm.runtime.audit.mapper.AuditRetryMapper.listDue-Inline
### The error occurred while setting parameters
### SQL: SELECT id, event_type AS eventType, payload, attempts, next_retry_at AS nextRetryAt, last_error AS lastError, status, trace_id AS traceId, create_time AS createTime, update_time AS updateTime, version_no AS versionNo, is_deleted AS isDeleted, domain FROM public.ecos_runtime_audit_retry WHERE is_deleted = 0 AND status = 'pending' AND next_retry_at <= ? ORDER BY next_retry_at ASC LIMIT ?
### Cause: org.postgresql.util.PSQLException: ERROR: relation "public.ecos_runtime_audit_retry" does not exist
  位置：256
; bad SQL grammar []
2026-09-30 16:53:33.317 [scheduling-1] [] WARN  c.c.g.runtime.audit.AuditRetryTask - [AuditRetry] 到期行拉取失败（表缺失/DB 不可用）errType=BadSqlGrammarException msg=
### Error querying database.  Cause: org.postgresql.util.PSQLException: ERROR: relation "public.ecos_runtime_audit_retry" does not exist
  位置：256
### The error may exist in com/chinacreator/gzcm/runtime/audit/mapper/AuditRetryMapper.java (best guess)
### The error may involve com.chinacreator.gzcm.runtime.audit.mapper.AuditRetryMapper.listDue-Inline
### The error occurred while setting parameters
### SQL: SELECT id, event_type AS eventType, payload, attempts, next_retry_at AS nextRetryAt, last_error AS lastError, status, trace_id AS traceId, create_time AS createTime, update_time AS updateTime, version_no AS versionNo, is_deleted AS isDeleted, domain FROM public.ecos_runtime_audit_retry WHERE is_deleted = 0 AND status = 'pending' AND next_retry_at <= ? ORDER BY next_retry_at ASC LIMIT ?
### Cause: org.postgresql.util.PSQLException: ERROR: relation "public.ecos_runtime_audit_retry" does not exist
  位置：256
; bad SQL grammar []
2026-09-30 16:54:33.339 [scheduling-1] [] WARN  c.c.g.runtime.audit.AuditRetryTask - [AuditRetry] 到期行拉取失败（表缺失/DB 不可用）errType=BadSqlGrammarException msg=
### Error querying database.  Cause: org.postgresql.util.PSQLException: ERROR: relation "public.ecos_runtime_audit_retry" does not exist
  位置：256
### The error may exist in com/chinacreator/gzcm/runtime/audit/mapper/AuditRetryMapper.java (best guess)
### The error may involve com.chinacreator.gzcm.runtime.audit.mapper.AuditRetryMapper.listDue-Inline
### The error occurred while setting parameters
### SQL: SELECT id, event_type AS eventType, payload, attempts, next_retry_at AS nextRetryAt, last_error AS lastError, status, trace_id AS traceId, create_time AS createTime, update_time AS updateTime, version_no AS versionNo, is_deleted AS isDeleted, domain FROM public.ecos_runtime_audit_retry WHERE is_deleted = 0 AND status = 'pending' AND next_retry_at <= ? ORDER BY next_retry_at ASC LIMIT ?
### Cause: org.postgresql.util.PSQLException: ERROR: relation "public.ecos_runtime_audit_retry" does not exist
  位置：256
; bad SQL grammar []
2026-09-30 16:55:33.352 [scheduling-1] [] WARN  c.c.g.runtime.audit.AuditRetryTask - [AuditRetry] 到期行拉取失败（表缺失/DB 不可用）errType=BadSqlGrammarException msg=
### Error querying database.  Cause: org.postgresql.util.PSQLException: ERROR: relation "public.ecos_runtime_audit_retry" does not exist
  位置：256
### The error may exist in com/chinacreator/gzcm/runtime/audit/mapper/AuditRetryMapper.java (best guess)
### The error may involve com.chinacreator.gzcm.runtime.audit.mapper.AuditRetryMapper.listDue-Inline
### The error occurred while setting parameters
### SQL: SELECT id, event_type AS eventType, payload, attempts, next_retry_at AS nextRetryAt, last_error AS lastError, status, trace_id AS traceId, create_time AS createTime, update_time AS updateTime, version_no AS versionNo, is_deleted AS isDeleted, domain FROM public.ecos_runtime_audit_retry WHERE is_deleted = 0 AND status = 'pending' AND next_retry_at <= ? ORDER BY next_retry_at ASC LIMIT ?
### Cause: org.postgresql.util.PSQLException: ERROR: relation "public.ecos_runtime_audit_retry" does not exist
  位置：256
; bad SQL grammar []
2026-09-30 16:56:33.382 [scheduling-1] [] WARN  c.c.g.runtime.audit.AuditRetryTask - [AuditRetry] 到期行拉取失败（表缺失/DB 不可用）errType=BadSqlGrammarException msg=
### Error querying database.  Cause: org.postgresql.util.PSQLException: ERROR: relation "public.ecos_runtime_audit_retry" does not exist
  位置：256
### The error may exist in com/chinacreator/gzcm/runtime/audit/mapper/AuditRetryMapper.java (best guess)
### The error may involve com.chinacreator.gzcm.runtime.audit.mapper.AuditRetryMapper.listDue-Inline
### The error occurred while setting parameters
### SQL: SELECT id, event_type AS eventType, payload, attempts, next_retry_at AS nextRetryAt, last_error AS lastError, status, trace_id AS traceId, create_time AS createTime, update_time AS updateTime, version_no AS versionNo, is_deleted AS isDeleted, domain FROM public.ecos_runtime_audit_retry WHERE is_deleted = 0 AND status = 'pending' AND next_retry_at <= ? ORDER BY next_retry_at ASC LIMIT ?
### Cause: org.postgresql.util.PSQLException: ERROR: relation "public.ecos_runtime_audit_retry" does not exist
  位置：256
; bad SQL grammar []
2026-09-30 16:57:01.253 [scheduling-1] [] WARN  c.c.gzcm.runtime.dlq.DltLagChecker - [DltLagChecker] AdminClient 创建失败 errType=KafkaException msg=Failed to create new KafkaAdminClient
2026-09-30 16:57:01.254 [scheduling-1] [] WARN  c.c.gzcm.runtime.dlq.DltLagChecker - [DltLagChecker] AdminClient 不可用（bootstrap=localhost:9092），本轮降级跳过
2026-09-30 16:57:33.398 [scheduling-1] [] WARN  c.c.g.runtime.audit.AuditRetryTask - [AuditRetry] 到期行拉取失败（表缺失/DB 不可用）errType=BadSqlGrammarException msg=
### Error querying database.  Cause: org.postgresql.util.PSQLException: ERROR: relation "public.ecos_runtime_audit_retry" does not exist
  位置：256
### The error may exist in com/chinacreator/gzcm/runtime/audit/mapper/AuditRetryMapper.java (best guess)
### The error may involve com.chinacreator.gzcm.runtime.audit.mapper.AuditRetryMapper.listDue-Inline
### The error occurred while setting parameters
### SQL: SELECT id, event_type AS eventType, payload, attempts, next_retry_at AS nextRetryAt, last_error AS lastError, status, trace_id AS traceId, create_time AS createTime, update_time AS updateTime, version_no AS versionNo, is_deleted AS isDeleted, domain FROM public.ecos_runtime_audit_retry WHERE is_deleted = 0 AND status = 'pending' AND next_retry_at <= ? ORDER BY next_retry_at ASC LIMIT ?
### Cause: org.postgresql.util.PSQLException: ERROR: relation "public.ecos_runtime_audit_retry" does not exist
  位置：256
; bad SQL grammar []
2026-09-30 16:58:33.414 [scheduling-1] [] WARN  c.c.g.runtime.audit.AuditRetryTask - [AuditRetry] 到期行拉取失败（表缺失/DB 不可用）errType=BadSqlGrammarException msg=
### Error querying database.  Cause: org.postgresql.util.PSQLException: ERROR: relation "public.ecos_runtime_audit_retry" does not exist
  位置：256
### The error may exist in com/chinacreator/gzcm/runtime/audit/mapper/AuditRetryMapper.java (best guess)
### The error may involve com.chinacreator.gzcm.runtime.audit.mapper.AuditRetryMapper.listDue-Inline
### The error occurred while setting parameters
### SQL: SELECT id, event_type AS eventType, payload, attempts, next_retry_at AS nextRetryAt, last_error AS lastError, status, trace_id AS traceId, create_time AS createTime, update_time AS updateTime, version_no AS versionNo, is_deleted AS isDeleted, domain FROM public.ecos_runtime_audit_retry WHERE is_deleted = 0 AND status = 'pending' AND next_retry_at <= ? ORDER BY next_retry_at ASC LIMIT ?
### Cause: org.postgresql.util.PSQLException: ERROR: relation "public.ecos_runtime_audit_retry" does not exist
  位置：256
; bad SQL grammar []
2026-09-30 16:59:33.432 [scheduling-1] [] WARN  c.c.g.runtime.audit.AuditRetryTask - [AuditRetry] 到期行拉取失败（表缺失/DB 不可用）errType=BadSqlGrammarException msg=
### Error querying database.  Cause: org.postgresql.util.PSQLException: ERROR: relation "public.ecos_runtime_audit_retry" does not exist
  位置：256
### The error may exist in com/chinacreator/gzcm/runtime/audit/mapper/AuditRetryMapper.java (best guess)
### The error may involve com.chinacreator.gzcm.runtime.audit.mapper.AuditRetryMapper.listDue-Inline
### The error occurred while setting parameters
### SQL: SELECT id, event_type AS eventType, payload, attempts, next_retry_at AS nextRetryAt, last_error AS lastError, status, trace_id AS traceId, create_time AS createTime, update_time AS updateTime, version_no AS versionNo, is_deleted AS isDeleted, domain FROM public.ecos_runtime_audit_retry WHERE is_deleted = 0 AND status = 'pending' AND next_retry_at <= ? ORDER BY next_retry_at ASC LIMIT ?
### Cause: org.postgresql.util.PSQLException: ERROR: relation "public.ecos_runtime_audit_retry" does not exist
  位置：256
; bad SQL grammar []
2026-09-30 17:00:33.449 [scheduling-1] [] WARN  c.c.g.runtime.audit.AuditRetryTask - [AuditRetry] 到期行拉取失败（表缺失/DB 不可用）errType=BadSqlGrammarException msg=
### Error querying database.  Cause: org.postgresql.util.PSQLException: ERROR: relation "public.ecos_runtime_audit_retry" does not exist
  位置：256
### The error may exist in com/chinacreator/gzcm/runtime/audit/mapper/AuditRetryMapper.java (best guess)
### The error may involve com.chinacreator.gzcm.runtime.audit.mapper.AuditRetryMapper.listDue-Inline
### The error occurred while setting parameters
### SQL: SELECT id, event_type AS eventType, payload, attempts, next_retry_at AS nextRetryAt, last_error AS lastError, status, trace_id AS traceId, create_time AS createTime, update_time AS updateTime, version_no AS versionNo, is_deleted AS isDeleted, domain FROM public.ecos_runtime_audit_retry WHERE is_deleted = 0 AND status = 'pending' AND next_retry_at <= ? ORDER BY next_retry_at ASC LIMIT ?
### Cause: org.postgresql.util.PSQLException: ERROR: relation "public.ecos_runtime_audit_retry" does not exist
  位置：256
; bad SQL grammar []
2026-09-30 17:01:33.474 [scheduling-1] [] WARN  c.c.g.runtime.audit.AuditRetryTask - [AuditRetry] 到期行拉取失败（表缺失/DB 不可用）errType=BadSqlGrammarException msg=
### Error querying database.  Cause: org.postgresql.util.PSQLException: ERROR: relation "public.ecos_runtime_audit_retry" does not exist
  位置：256
### The error may exist in com/chinacreator/gzcm/runtime/audit/mapper/AuditRetryMapper.java (best guess)
### The error may involve com.chinacreator.gzcm.runtime.audit.mapper.AuditRetryMapper.listDue-Inline
### The error occurred while setting parameters
### SQL: SELECT id, event_type AS eventType, payload, attempts, next_retry_at AS nextRetryAt, last_error AS lastError, status, trace_id AS traceId, create_time AS createTime, update_time AS updateTime, version_no AS versionNo, is_deleted AS isDeleted, domain FROM public.ecos_runtime_audit_retry WHERE is_deleted = 0 AND status = 'pending' AND next_retry_at <= ? ORDER BY next_retry_at ASC LIMIT ?
### Cause: org.postgresql.util.PSQLException: ERROR: relation "public.ecos_runtime_audit_retry" does not exist
  位置：256
; bad SQL grammar []
2026-09-30 17:02:01.270 [scheduling-1] [] WARN  c.c.gzcm.runtime.dlq.DltLagChecker - [DltLagChecker] AdminClient 创建失败 errType=KafkaException msg=Failed to create new KafkaAdminClient
2026-09-30 17:02:01.271 [scheduling-1] [] WARN  c.c.gzcm.runtime.dlq.DltLagChecker - [DltLagChecker] AdminClient 不可用（bootstrap=localhost:9092），本轮降级跳过
2026-09-30 17:02:33.491 [scheduling-1] [] WARN  c.c.g.runtime.audit.AuditRetryTask - [AuditRetry] 到期行拉取失败（表缺失/DB 不可用）errType=BadSqlGrammarException msg=
### Error querying database.  Cause: org.postgresql.util.PSQLException: ERROR: relation "public.ecos_runtime_audit_retry" does not exist
  位置：256
### The error may exist in com/chinacreator/gzcm/runtime/audit/mapper/AuditRetryMapper.java (best guess)
### The error may involve com.chinacreator.gzcm.runtime.audit.mapper.AuditRetryMapper.listDue-Inline
### The error occurred while setting parameters
### SQL: SELECT id, event_type AS eventType, payload, attempts, next_retry_at AS nextRetryAt, last_error AS lastError, status, trace_id AS traceId, create_time AS createTime, update_time AS updateTime, version_no AS versionNo, is_deleted AS isDeleted, domain FROM public.ecos_runtime_audit_retry WHERE is_deleted = 0 AND status = 'pending' AND next_retry_at <= ? ORDER BY next_retry_at ASC LIMIT ?
### Cause: org.postgresql.util.PSQLException: ERROR: relation "public.ecos_runtime_audit_retry" does not exist
  位置：256
; bad SQL grammar []
2026-09-30 17:03:33.503 [scheduling-1] [] WARN  c.c.g.runtime.audit.AuditRetryTask - [AuditRetry] 到期行拉取失败（表缺失/DB 不可用）errType=BadSqlGrammarException msg=
### Error querying database.  Cause: org.postgresql.util.PSQLException: ERROR: relation "public.ecos_runtime_audit_retry" does not exist
  位置：256
### The error may exist in com/chinacreator/gzcm/runtime/audit/mapper/AuditRetryMapper.java (best guess)
### The error may involve com.chinacreator.gzcm.runtime.audit.mapper.AuditRetryMapper.listDue-Inline
### The error occurred while setting parameters
### SQL: SELECT id, event_type AS eventType, payload, attempts, next_retry_at AS nextRetryAt, last_error AS lastError, status, trace_id AS traceId, create_time AS createTime, update_time AS updateTime, version_no AS versionNo, is_deleted AS isDeleted, domain FROM public.ecos_runtime_audit_retry WHERE is_deleted = 0 AND status = 'pending' AND next_retry_at <= ? ORDER BY next_retry_at ASC LIMIT ?
### Cause: org.postgresql.util.PSQLException: ERROR: relation "public.ecos_runtime_audit_retry" does not exist
  位置：256
; bad SQL grammar []
2026-09-30 17:04:33.527 [scheduling-1] [] WARN  c.c.g.runtime.audit.AuditRetryTask - [AuditRetry] 到期行拉取失败（表缺失/DB 不可用）errType=BadSqlGrammarException msg=
### Error querying database.  Cause: org.postgresql.util.PSQLException: ERROR: relation "public.ecos_runtime_audit_retry" does not exist
  位置：256
### The error may exist in com/chinacreator/gzcm/runtime/audit/mapper/AuditRetryMapper.java (best guess)
### The error may involve com.chinacreator.gzcm.runtime.audit.mapper.AuditRetryMapper.listDue-Inline
### The error occurred while setting parameters
### SQL: SELECT id, event_type AS eventType, payload, attempts, next_retry_at AS nextRetryAt, last_error AS lastError, status, trace_id AS traceId, create_time AS createTime, update_time AS updateTime, version_no AS versionNo, is_deleted AS isDeleted, domain FROM public.ecos_runtime_audit_retry WHERE is_deleted = 0 AND status = 'pending' AND next_retry_at <= ? ORDER BY next_retry_at ASC LIMIT ?
### Cause: org.postgresql.util.PSQLException: ERROR: relation "public.ecos_runtime_audit_retry" does not exist
  位置：256
; bad SQL grammar []
2026-09-30 17:05:33.540 [scheduling-1] [] WARN  c.c.g.runtime.audit.AuditRetryTask - [AuditRetry] 到期行拉取失败（表缺失/DB 不可用）errType=BadSqlGrammarException msg=
### Error querying database.  Cause: org.postgresql.util.PSQLException: ERROR: relation "public.ecos_runtime_audit_retry" does not exist
  位置：256
### The error may exist in com/chinacreator/gzcm/runtime/audit/mapper/AuditRetryMapper.java (best guess)
### The error may involve com.chinacreator.gzcm.runtime.audit.mapper.AuditRetryMapper.listDue-Inline
### The error occurred while setting parameters
### SQL: SELECT id, event_type AS eventType, payload, attempts, next_retry_at AS nextRetryAt, last_error AS lastError, status, trace_id AS traceId, create_time AS createTime, update_time AS updateTime, version_no AS versionNo, is_deleted AS isDeleted, domain FROM public.ecos_runtime_audit_retry WHERE is_deleted = 0 AND status = 'pending' AND next_retry_at <= ? ORDER BY next_retry_at ASC LIMIT ?
### Cause: org.postgresql.util.PSQLException: ERROR: relation "public.ecos_runtime_audit_retry" does not exist
  位置：256
; bad SQL grammar []
2026-09-30 17:06:33.560 [scheduling-1] [] WARN  c.c.g.runtime.audit.AuditRetryTask - [AuditRetry] 到期行拉取失败（表缺失/DB 不可用）errType=BadSqlGrammarException msg=
### Error querying database.  Cause: org.postgresql.util.PSQLException: ERROR: relation "public.ecos_runtime_audit_retry" does not exist
  位置：256
### The error may exist in com/chinacreator/gzcm/runtime/audit/mapper/AuditRetryMapper.java (best guess)
### The error may involve com.chinacreator.gzcm.runtime.audit.mapper.AuditRetryMapper.listDue-Inline
### The error occurred while setting parameters
### SQL: SELECT id, event_type AS eventType, payload, attempts, next_retry_at AS nextRetryAt, last_error AS lastError, status, trace_id AS traceId, create_time AS createTime, update_time AS updateTime, version_no AS versionNo, is_deleted AS isDeleted, domain FROM public.ecos_runtime_audit_retry WHERE is_deleted = 0 AND status = 'pending' AND next_retry_at <= ? ORDER BY next_retry_at ASC LIMIT ?
### Cause: org.postgresql.util.PSQLException: ERROR: relation "public.ecos_runtime_audit_retry" does not exist
  位置：256
; bad SQL grammar []
2026-09-30 17:07:01.289 [scheduling-1] [] WARN  c.c.gzcm.runtime.dlq.DltLagChecker - [DltLagChecker] AdminClient 创建失败 errType=KafkaException msg=Failed to create new KafkaAdminClient
2026-09-30 17:07:01.290 [scheduling-1] [] WARN  c.c.gzcm.runtime.dlq.DltLagChecker - [DltLagChecker] AdminClient 不可用（bootstrap=localhost:9092），本轮降级跳过
2026-09-30 17:07:33.574 [scheduling-1] [] WARN  c.c.g.runtime.audit.AuditRetryTask - [AuditRetry] 到期行拉取失败（表缺失/DB 不可用）errType=BadSqlGrammarException msg=
### Error querying database.  Cause: org.postgresql.util.PSQLException: ERROR: relation "public.ecos_runtime_audit_retry" does not exist
  位置：256
### The error may exist in com/chinacreator/gzcm/runtime/audit/mapper/AuditRetryMapper.java (best guess)
### The error may involve com.chinacreator.gzcm.runtime.audit.mapper.AuditRetryMapper.listDue-Inline
### The error occurred while setting parameters
### SQL: SELECT id, event_type AS eventType, payload, attempts, next_retry_at AS nextRetryAt, last_error AS lastError, status, trace_id AS traceId, create_time AS createTime, update_time AS updateTime, version_no AS versionNo, is_deleted AS isDeleted, domain FROM public.ecos_runtime_audit_retry WHERE is_deleted = 0 AND status = 'pending' AND next_retry_at <= ? ORDER BY next_retry_at ASC LIMIT ?
### Cause: org.postgresql.util.PSQLException: ERROR: relation "public.ecos_runtime_audit_retry" does not exist
  位置：256
; bad SQL grammar []
2026-09-30 17:08:33.593 [scheduling-1] [] WARN  c.c.g.runtime.audit.AuditRetryTask - [AuditRetry] 到期行拉取失败（表缺失/DB 不可用）errType=BadSqlGrammarException msg=
### Error querying database.  Cause: org.postgresql.util.PSQLException: ERROR: relation "public.ecos_runtime_audit_retry" does not exist
  位置：256
### The error may exist in com/chinacreator/gzcm/runtime/audit/mapper/AuditRetryMapper.java (best guess)
### The error may involve com.chinacreator.gzcm.runtime.audit.mapper.AuditRetryMapper.listDue-Inline
### The error occurred while setting parameters
### SQL: SELECT id, event_type AS eventType, payload, attempts, next_retry_at AS nextRetryAt, last_error AS lastError, status, trace_id AS traceId, create_time AS createTime, update_time AS updateTime, version_no AS versionNo, is_deleted AS isDeleted, domain FROM public.ecos_runtime_audit_retry WHERE is_deleted = 0 AND status = 'pending' AND next_retry_at <= ? ORDER BY next_retry_at ASC LIMIT ?
### Cause: org.postgresql.util.PSQLException: ERROR: relation "public.ecos_runtime_audit_retry" does not exist
  位置：256
; bad SQL grammar []
2026-09-30 17:09:33.617 [scheduling-1] [] WARN  c.c.g.runtime.audit.AuditRetryTask - [AuditRetry] 到期行拉取失败（表缺失/DB 不可用）errType=BadSqlGrammarException msg=
### Error querying database.  Cause: org.postgresql.util.PSQLException: ERROR: relation "public.ecos_runtime_audit_retry" does not exist
  位置：256
### The error may exist in com/chinacreator/gzcm/runtime/audit/mapper/AuditRetryMapper.java (best guess)
### The error may involve com.chinacreator.gzcm.runtime.audit.mapper.AuditRetryMapper.listDue-Inline
### The error occurred while setting parameters
### SQL: SELECT id, event_type AS eventType, payload, attempts, next_retry_at AS nextRetryAt, last_error AS lastError, status, trace_id AS traceId, create_time AS createTime, update_time AS updateTime, version_no AS versionNo, is_deleted AS isDeleted, domain FROM public.ecos_runtime_audit_retry WHERE is_deleted = 0 AND status = 'pending' AND next_retry_at <= ? ORDER BY next_retry_at ASC LIMIT ?
### Cause: org.postgresql.util.PSQLException: ERROR: relation "public.ecos_runtime_audit_retry" does not exist
  位置：256
; bad SQL grammar []
2026-09-30 17:10:33.652 [scheduling-1] [] WARN  c.c.g.runtime.audit.AuditRetryTask - [AuditRetry] 到期行拉取失败（表缺失/DB 不可用）errType=BadSqlGrammarException msg=
### Error querying database.  Cause: org.postgresql.util.PSQLException: ERROR: relation "public.ecos_runtime_audit_retry" does not exist
  位置：256
### The error may exist in com/chinacreator/gzcm/runtime/audit/mapper/AuditRetryMapper.java (best guess)
### The error may involve com.chinacreator.gzcm.runtime.audit.mapper.AuditRetryMapper.listDue-Inline
### The error occurred while setting parameters
### SQL: SELECT id, event_type AS eventType, payload, attempts, next_retry_at AS nextRetryAt, last_error AS lastError, status, trace_id AS traceId, create_time AS createTime, update_time AS updateTime, version_no AS versionNo, is_deleted AS isDeleted, domain FROM public.ecos_runtime_audit_retry WHERE is_deleted = 0 AND status = 'pending' AND next_retry_at <= ? ORDER BY next_retry_at ASC LIMIT ?
### Cause: org.postgresql.util.PSQLException: ERROR: relation "public.ecos_runtime_audit_retry" does not exist
  位置：256
; bad SQL grammar []
2026-09-30 17:11:33.682 [scheduling-1] [] WARN  c.c.g.runtime.audit.AuditRetryTask - [AuditRetry] 到期行拉取失败（表缺失/DB 不可用）errType=BadSqlGrammarException msg=
### Error querying database.  Cause: org.postgresql.util.PSQLException: ERROR: relation "public.ecos_runtime_audit_retry" does not exist
  位置：256
### The error may exist in com/chinacreator/gzcm/runtime/audit/mapper/AuditRetryMapper.java (best guess)
### The error may involve com.chinacreator.gzcm.runtime.audit.mapper.AuditRetryMapper.listDue-Inline
### The error occurred while setting parameters
### SQL: SELECT id, event_type AS eventType, payload, attempts, next_retry_at AS nextRetryAt, last_error AS lastError, status, trace_id AS traceId, create_time AS createTime, update_time AS updateTime, version_no AS versionNo, is_deleted AS isDeleted, domain FROM public.ecos_runtime_audit_retry WHERE is_deleted = 0 AND status = 'pending' AND next_retry_at <= ? ORDER BY next_retry_at ASC LIMIT ?
### Cause: org.postgresql.util.PSQLException: ERROR: relation "public.ecos_runtime_audit_retry" does not exist
  位置：256
; bad SQL grammar []
2026-09-30 17:12:01.321 [scheduling-1] [] WARN  c.c.gzcm.runtime.dlq.DltLagChecker - [DltLagChecker] AdminClient 创建失败 errType=KafkaException msg=Failed to create new KafkaAdminClient
2026-09-30 17:12:01.323 [scheduling-1] [] WARN  c.c.gzcm.runtime.dlq.DltLagChecker - [DltLagChecker] AdminClient 不可用（bootstrap=localhost:9092），本轮降级跳过
2026-09-30 17:12:33.705 [scheduling-1] [] WARN  c.c.g.runtime.audit.AuditRetryTask - [AuditRetry] 到期行拉取失败（表缺失/DB 不可用）errType=BadSqlGrammarException msg=
### Error querying database.  Cause: org.postgresql.util.PSQLException: ERROR: relation "public.ecos_runtime_audit_retry" does not exist
  位置：256
### The error may exist in com/chinacreator/gzcm/runtime/audit/mapper/AuditRetryMapper.java (best guess)
### The error may involve com.chinacreator.gzcm.runtime.audit.mapper.AuditRetryMapper.listDue-Inline
### The error occurred while setting parameters
### SQL: SELECT id, event_type AS eventType, payload, attempts, next_retry_at AS nextRetryAt, last_error AS lastError, status, trace_id AS traceId, create_time AS createTime, update_time AS updateTime, version_no AS versionNo, is_deleted AS isDeleted, domain FROM public.ecos_runtime_audit_retry WHERE is_deleted = 0 AND status = 'pending' AND next_retry_at <= ? ORDER BY next_retry_at ASC LIMIT ?
### Cause: org.postgresql.util.PSQLException: ERROR: relation "public.ecos_runtime_audit_retry" does not exist
  位置：256
; bad SQL grammar []
2026-09-30 17:13:33.722 [scheduling-1] [] WARN  c.c.g.runtime.audit.AuditRetryTask - [AuditRetry] 到期行拉取失败（表缺失/DB 不可用）errType=BadSqlGrammarException msg=
### Error querying database.  Cause: org.postgresql.util.PSQLException: ERROR: relation "public.ecos_runtime_audit_retry" does not exist
  位置：256
### The error may exist in com/chinacreator/gzcm/runtime/audit/mapper/AuditRetryMapper.java (best guess)
### The error may involve com.chinacreator.gzcm.runtime.audit.mapper.AuditRetryMapper.listDue-Inline
### The error occurred while setting parameters
### SQL: SELECT id, event_type AS eventType, payload, attempts, next_retry_at AS nextRetryAt, last_error AS lastError, status, trace_id AS traceId, create_time AS createTime, update_time AS updateTime, version_no AS versionNo, is_deleted AS isDeleted, domain FROM public.ecos_runtime_audit_retry WHERE is_deleted = 0 AND status = 'pending' AND next_retry_at <= ? ORDER BY next_retry_at ASC LIMIT ?
### Cause: org.postgresql.util.PSQLException: ERROR: relation "public.ecos_runtime_audit_retry" does not exist
  位置：256
; bad SQL grammar []
2026-09-30 17:14:33.736 [scheduling-1] [] WARN  c.c.g.runtime.audit.AuditRetryTask - [AuditRetry] 到期行拉取失败（表缺失/DB 不可用）errType=BadSqlGrammarException msg=
### Error querying database.  Cause: org.postgresql.util.PSQLException: ERROR: relation "public.ecos_runtime_audit_retry" does not exist
  位置：256
### The error may exist in com/chinacreator/gzcm/runtime/audit/mapper/AuditRetryMapper.java (best guess)
### The error may involve com.chinacreator.gzcm.runtime.audit.mapper.AuditRetryMapper.listDue-Inline
### The error occurred while setting parameters
### SQL: SELECT id, event_type AS eventType, payload, attempts, next_retry_at AS nextRetryAt, last_error AS lastError, status, trace_id AS traceId, create_time AS createTime, update_time AS updateTime, version_no AS versionNo, is_deleted AS isDeleted, domain FROM public.ecos_runtime_audit_retry WHERE is_deleted = 0 AND status = 'pending' AND next_retry_at <= ? ORDER BY next_retry_at ASC LIMIT ?
### Cause: org.postgresql.util.PSQLException: ERROR: relation "public.ecos_runtime_audit_retry" does not exist
  位置：256
; bad SQL grammar []
2026-09-30 17:15:33.789 [scheduling-1] [] WARN  c.c.g.runtime.audit.AuditRetryTask - [AuditRetry] 到期行拉取失败（表缺失/DB 不可用）errType=BadSqlGrammarException msg=
### Error querying database.  Cause: org.postgresql.util.PSQLException: ERROR: relation "public.ecos_runtime_audit_retry" does not exist
  位置：256
### The error may exist in com/chinacreator/gzcm/runtime/audit/mapper/AuditRetryMapper.java (best guess)
### The error may involve com.chinacreator.gzcm.runtime.audit.mapper.AuditRetryMapper.listDue-Inline
### The error occurred while setting parameters
### SQL: SELECT id, event_type AS eventType, payload, attempts, next_retry_at AS nextRetryAt, last_error AS lastError, status, trace_id AS traceId, create_time AS createTime, update_time AS updateTime, version_no AS versionNo, is_deleted AS isDeleted, domain FROM public.ecos_runtime_audit_retry WHERE is_deleted = 0 AND status = 'pending' AND next_retry_at <= ? ORDER BY next_retry_at ASC LIMIT ?
### Cause: org.postgresql.util.PSQLException: ERROR: relation "public.ecos_runtime_audit_retry" does not exist
  位置：256
; bad SQL grammar []
2026-09-30 17:16:33.806 [scheduling-1] [] WARN  c.c.g.runtime.audit.AuditRetryTask - [AuditRetry] 到期行拉取失败（表缺失/DB 不可用）errType=BadSqlGrammarException msg=
### Error querying database.  Cause: org.postgresql.util.PSQLException: ERROR: relation "public.ecos_runtime_audit_retry" does not exist
  位置：256
### The error may exist in com/chinacreator/gzcm/runtime/audit/mapper/AuditRetryMapper.java (best guess)
### The error may involve com.chinacreator.gzcm.runtime.audit.mapper.AuditRetryMapper.listDue-Inline
### The error occurred while setting parameters
### SQL: SELECT id, event_type AS eventType, payload, attempts, next_retry_at AS nextRetryAt, last_error AS lastError, status, trace_id AS traceId, create_time AS createTime, update_time AS updateTime, version_no AS versionNo, is_deleted AS isDeleted, domain FROM public.ecos_runtime_audit_retry WHERE is_deleted = 0 AND status = 'pending' AND next_retry_at <= ? ORDER BY next_retry_at ASC LIMIT ?
### Cause: org.postgresql.util.PSQLException: ERROR: relation "public.ecos_runtime_audit_retry" does not exist
  位置：256
; bad SQL grammar []
2026-09-30 17:17:01.344 [scheduling-1] [] WARN  c.c.gzcm.runtime.dlq.DltLagChecker - [DltLagChecker] AdminClient 创建失败 errType=KafkaException msg=Failed to create new KafkaAdminClient
2026-09-30 17:17:01.354 [scheduling-1] [] WARN  c.c.gzcm.runtime.dlq.DltLagChecker - [DltLagChecker] AdminClient 不可用（bootstrap=localhost:9092），本轮降级跳过
2026-09-30 17:17:33.823 [scheduling-1] [] WARN  c.c.g.runtime.audit.AuditRetryTask - [AuditRetry] 到期行拉取失败（表缺失/DB 不可用）errType=BadSqlGrammarException msg=
### Error querying database.  Cause: org.postgresql.util.PSQLException: ERROR: relation "public.ecos_runtime_audit_retry" does not exist
  位置：256
### The error may exist in com/chinacreator/gzcm/runtime/audit/mapper/AuditRetryMapper.java (best guess)
### The error may involve com.chinacreator.gzcm.runtime.audit.mapper.AuditRetryMapper.listDue-Inline
### The error occurred while setting parameters
### SQL: SELECT id, event_type AS eventType, payload, attempts, next_retry_at AS nextRetryAt, last_error AS lastError, status, trace_id AS traceId, create_time AS createTime, update_time AS updateTime, version_no AS versionNo, is_deleted AS isDeleted, domain FROM public.ecos_runtime_audit_retry WHERE is_deleted = 0 AND status = 'pending' AND next_retry_at <= ? ORDER BY next_retry_at ASC LIMIT ?
### Cause: org.postgresql.util.PSQLException: ERROR: relation "public.ecos_runtime_audit_retry" does not exist
  位置：256
; bad SQL grammar []
2026-09-30 17:18:33.854 [scheduling-1] [] WARN  c.c.g.runtime.audit.AuditRetryTask - [AuditRetry] 到期行拉取失败（表缺失/DB 不可用）errType=BadSqlGrammarException msg=
### Error querying database.  Cause: org.postgresql.util.PSQLException: ERROR: relation "public.ecos_runtime_audit_retry" does not exist
  位置：256
### The error may exist in com/chinacreator/gzcm/runtime/audit/mapper/AuditRetryMapper.java (best guess)
### The error may involve com.chinacreator.gzcm.runtime.audit.mapper.AuditRetryMapper.listDue-Inline
### The error occurred while setting parameters
### SQL: SELECT id, event_type AS eventType, payload, attempts, next_retry_at AS nextRetryAt, last_error AS lastError, status, trace_id AS traceId, create_time AS createTime, update_time AS updateTime, version_no AS versionNo, is_deleted AS isDeleted, domain FROM public.ecos_runtime_audit_retry WHERE is_deleted = 0 AND status = 'pending' AND next_retry_at <= ? ORDER BY next_retry_at ASC LIMIT ?
### Cause: org.postgresql.util.PSQLException: ERROR: relation "public.ecos_runtime_audit_retry" does not exist
  位置：256
; bad SQL grammar []
2026-09-30 17:19:33.873 [scheduling-1] [] WARN  c.c.g.runtime.audit.AuditRetryTask - [AuditRetry] 到期行拉取失败（表缺失/DB 不可用）errType=BadSqlGrammarException msg=
### Error querying database.  Cause: org.postgresql.util.PSQLException: ERROR: relation "public.ecos_runtime_audit_retry" does not exist
  位置：256
### The error may exist in com/chinacreator/gzcm/runtime/audit/mapper/AuditRetryMapper.java (best guess)
### The error may involve com.chinacreator.gzcm.runtime.audit.mapper.AuditRetryMapper.listDue-Inline
### The error occurred while setting parameters
### SQL: SELECT id, event_type AS eventType, payload, attempts, next_retry_at AS nextRetryAt, last_error AS lastError, status, trace_id AS traceId, create_time AS createTime, update_time AS updateTime, version_no AS versionNo, is_deleted AS isDeleted, domain FROM public.ecos_runtime_audit_retry WHERE is_deleted = 0 AND status = 'pending' AND next_retry_at <= ? ORDER BY next_retry_at ASC LIMIT ?
### Cause: org.postgresql.util.PSQLException: ERROR: relation "public.ecos_runtime_audit_retry" does not exist
  位置：256
; bad SQL grammar []
2026-09-30 17:20:33.911 [scheduling-1] [] WARN  c.c.g.runtime.audit.AuditRetryTask - [AuditRetry] 到期行拉取失败（表缺失/DB 不可用）errType=BadSqlGrammarException msg=
### Error querying database.  Cause: org.postgresql.util.PSQLException: ERROR: relation "public.ecos_runtime_audit_retry" does not exist
  位置：256
### The error may exist in com/chinacreator/gzcm/runtime/audit/mapper/AuditRetryMapper.java (best guess)
### The error may involve com.chinacreator.gzcm.runtime.audit.mapper.AuditRetryMapper.listDue-Inline
### The error occurred while setting parameters
### SQL: SELECT id, event_type AS eventType, payload, attempts, next_retry_at AS nextRetryAt, last_error AS lastError, status, trace_id AS traceId, create_time AS createTime, update_time AS updateTime, version_no AS versionNo, is_deleted AS isDeleted, domain FROM public.ecos_runtime_audit_retry WHERE is_deleted = 0 AND status = 'pending' AND next_retry_at <= ? ORDER BY next_retry_at ASC LIMIT ?
### Cause: org.postgresql.util.PSQLException: ERROR: relation "public.ecos_runtime_audit_retry" does not exist
  位置：256
; bad SQL grammar []
2026-09-30 17:21:33.935 [scheduling-1] [] WARN  c.c.g.runtime.audit.AuditRetryTask - [AuditRetry] 到期行拉取失败（表缺失/DB 不可用）errType=BadSqlGrammarException msg=
### Error querying database.  Cause: org.postgresql.util.PSQLException: ERROR: relation "public.ecos_runtime_audit_retry" does not exist
  位置：256
### The error may exist in com/chinacreator/gzcm/runtime/audit/mapper/AuditRetryMapper.java (best guess)
### The error may involve com.chinacreator.gzcm.runtime.audit.mapper.AuditRetryMapper.listDue-Inline
### The error occurred while setting parameters
### SQL: SELECT id, event_type AS eventType, payload, attempts, next_retry_at AS nextRetryAt, last_error AS lastError, status, trace_id AS traceId, create_time AS createTime, update_time AS updateTime, version_no AS versionNo, is_deleted AS isDeleted, domain FROM public.ecos_runtime_audit_retry WHERE is_deleted = 0 AND status = 'pending' AND next_retry_at <= ? ORDER BY next_retry_at ASC LIMIT ?
### Cause: org.postgresql.util.PSQLException: ERROR: relation "public.ecos_runtime_audit_retry" does not exist
  位置：256
; bad SQL grammar []
2026-09-30 17:22:01.370 [scheduling-1] [] WARN  c.c.gzcm.runtime.dlq.DltLagChecker - [DltLagChecker] AdminClient 创建失败 errType=KafkaException msg=Failed to create new KafkaAdminClient
2026-09-30 17:22:01.371 [scheduling-1] [] WARN  c.c.gzcm.runtime.dlq.DltLagChecker - [DltLagChecker] AdminClient 不可用（bootstrap=localhost:9092），本轮降级跳过
2026-09-30 17:22:33.954 [scheduling-1] [] WARN  c.c.g.runtime.audit.AuditRetryTask - [AuditRetry] 到期行拉取失败（表缺失/DB 不可用）errType=BadSqlGrammarException msg=
### Error querying database.  Cause: org.postgresql.util.PSQLException: ERROR: relation "public.ecos_runtime_audit_retry" does not exist
  位置：256
### The error may exist in com/chinacreator/gzcm/runtime/audit/mapper/AuditRetryMapper.java (best guess)
### The error may involve com.chinacreator.gzcm.runtime.audit.mapper.AuditRetryMapper.listDue-Inline
### The error occurred while setting parameters
### SQL: SELECT id, event_type AS eventType, payload, attempts, next_retry_at AS nextRetryAt, last_error AS lastError, status, trace_id AS traceId, create_time AS createTime, update_time AS updateTime, version_no AS versionNo, is_deleted AS isDeleted, domain FROM public.ecos_runtime_audit_retry WHERE is_deleted = 0 AND status = 'pending' AND next_retry_at <= ? ORDER BY next_retry_at ASC LIMIT ?
### Cause: org.postgresql.util.PSQLException: ERROR: relation "public.ecos_runtime_audit_retry" does not exist
  位置：256
; bad SQL grammar []
2026-09-30 17:23:33.973 [scheduling-1] [] WARN  c.c.g.runtime.audit.AuditRetryTask - [AuditRetry] 到期行拉取失败（表缺失/DB 不可用）errType=BadSqlGrammarException msg=
### Error querying database.  Cause: org.postgresql.util.PSQLException: ERROR: relation "public.ecos_runtime_audit_retry" does not exist
  位置：256
### The error may exist in com/chinacreator/gzcm/runtime/audit/mapper/AuditRetryMapper.java (best guess)
### The error may involve com.chinacreator.gzcm.runtime.audit.mapper.AuditRetryMapper.listDue-Inline
### The error occurred while setting parameters
### SQL: SELECT id, event_type AS eventType, payload, attempts, next_retry_at AS nextRetryAt, last_error AS lastError, status, trace_id AS traceId, create_time AS createTime, update_time AS updateTime, version_no AS versionNo, is_deleted AS isDeleted, domain FROM public.ecos_runtime_audit_retry WHERE is_deleted = 0 AND status = 'pending' AND next_retry_at <= ? ORDER BY next_retry_at ASC LIMIT ?
### Cause: org.postgresql.util.PSQLException: ERROR: relation "public.ecos_runtime_audit_retry" does not exist
  位置：256
; bad SQL grammar []
2026-09-30 17:24:34.000 [scheduling-1] [] WARN  c.c.g.runtime.audit.AuditRetryTask - [AuditRetry] 到期行拉取失败（表缺失/DB 不可用）errType=BadSqlGrammarException msg=
### Error querying database.  Cause: org.postgresql.util.PSQLException: ERROR: relation "public.ecos_runtime_audit_retry" does not exist
  位置：256
### The error may exist in com/chinacreator/gzcm/runtime/audit/mapper/AuditRetryMapper.java (best guess)
### The error may involve com.chinacreator.gzcm.runtime.audit.mapper.AuditRetryMapper.listDue-Inline
### The error occurred while setting parameters
### SQL: SELECT id, event_type AS eventType, payload, attempts, next_retry_at AS nextRetryAt, last_error AS lastError, status, trace_id AS traceId, create_time AS createTime, update_time AS updateTime, version_no AS versionNo, is_deleted AS isDeleted, domain FROM public.ecos_runtime_audit_retry WHERE is_deleted = 0 AND status = 'pending' AND next_retry_at <= ? ORDER BY next_retry_at ASC LIMIT ?
### Cause: org.postgresql.util.PSQLException: ERROR: relation "public.ecos_runtime_audit_retry" does not exist
  位置：256
; bad SQL grammar []
2026-09-30 17:25:34.017 [scheduling-1] [] WARN  c.c.g.runtime.audit.AuditRetryTask - [AuditRetry] 到期行拉取失败（表缺失/DB 不可用）errType=BadSqlGrammarException msg=
### Error querying database.  Cause: org.postgresql.util.PSQLException: ERROR: relation "public.ecos_runtime_audit_retry" does not exist
  位置：256
### The error may exist in com/chinacreator/gzcm/runtime/audit/mapper/AuditRetryMapper.java (best guess)
### The error may involve com.chinacreator.gzcm.runtime.audit.mapper.AuditRetryMapper.listDue-Inline
### The error occurred while setting parameters
### SQL: SELECT id, event_type AS eventType, payload, attempts, next_retry_at AS nextRetryAt, last_error AS lastError, status, trace_id AS traceId, create_time AS createTime, update_time AS updateTime, version_no AS versionNo, is_deleted AS isDeleted, domain FROM public.ecos_runtime_audit_retry WHERE is_deleted = 0 AND status = 'pending' AND next_retry_at <= ? ORDER BY next_retry_at ASC LIMIT ?
### Cause: org.postgresql.util.PSQLException: ERROR: relation "public.ecos_runtime_audit_retry" does not exist
  位置：256
; bad SQL grammar []
2026-09-30 17:26:34.033 [scheduling-1] [] WARN  c.c.g.runtime.audit.AuditRetryTask - [AuditRetry] 到期行拉取失败（表缺失/DB 不可用）errType=BadSqlGrammarException msg=
### Error querying database.  Cause: org.postgresql.util.PSQLException: ERROR: relation "public.ecos_runtime_audit_retry" does not exist
  位置：256
### The error may exist in com/chinacreator/gzcm/runtime/audit/mapper/AuditRetryMapper.java (best guess)
### The error may involve com.chinacreator.gzcm.runtime.audit.mapper.AuditRetryMapper.listDue-Inline
### The error occurred while setting parameters
### SQL: SELECT id, event_type AS eventType, payload, attempts, next_retry_at AS nextRetryAt, last_error AS lastError, status, trace_id AS traceId, create_time AS createTime, update_time AS updateTime, version_no AS versionNo, is_deleted AS isDeleted, domain FROM public.ecos_runtime_audit_retry WHERE is_deleted = 0 AND status = 'pending' AND next_retry_at <= ? ORDER BY next_retry_at ASC LIMIT ?
### Cause: org.postgresql.util.PSQLException: ERROR: relation "public.ecos_runtime_audit_retry" does not exist
  位置：256
; bad SQL grammar []
2026-09-30 17:27:01.392 [scheduling-1] [] WARN  c.c.gzcm.runtime.dlq.DltLagChecker - [DltLagChecker] AdminClient 创建失败 errType=KafkaException msg=Failed to create new KafkaAdminClient
2026-09-30 17:27:01.393 [scheduling-1] [] WARN  c.c.gzcm.runtime.dlq.DltLagChecker - [DltLagChecker] AdminClient 不可用（bootstrap=localhost:9092），本轮降级跳过
2026-09-30 17:27:34.060 [scheduling-1] [] WARN  c.c.g.runtime.audit.AuditRetryTask - [AuditRetry] 到期行拉取失败（表缺失/DB 不可用）errType=BadSqlGrammarException msg=
### Error querying database.  Cause: org.postgresql.util.PSQLException: ERROR: relation "public.ecos_runtime_audit_retry" does not exist
  位置：256
### The error may exist in com/chinacreator/gzcm/runtime/audit/mapper/AuditRetryMapper.java (best guess)
### The error may involve com.chinacreator.gzcm.runtime.audit.mapper.AuditRetryMapper.listDue-Inline
### The error occurred while setting parameters
### SQL: SELECT id, event_type AS eventType, payload, attempts, next_retry_at AS nextRetryAt, last_error AS lastError, status, trace_id AS traceId, create_time AS createTime, update_time AS updateTime, version_no AS versionNo, is_deleted AS isDeleted, domain FROM public.ecos_runtime_audit_retry WHERE is_deleted = 0 AND status = 'pending' AND next_retry_at <= ? ORDER BY next_retry_at ASC LIMIT ?
### Cause: org.postgresql.util.PSQLException: ERROR: relation "public.ecos_runtime_audit_retry" does not exist
  位置：256
; bad SQL grammar []
2026-09-30 17:28:34.084 [scheduling-1] [] WARN  c.c.g.runtime.audit.AuditRetryTask - [AuditRetry] 到期行拉取失败（表缺失/DB 不可用）errType=BadSqlGrammarException msg=
### Error querying database.  Cause: org.postgresql.util.PSQLException: ERROR: relation "public.ecos_runtime_audit_retry" does not exist
  位置：256
### The error may exist in com/chinacreator/gzcm/runtime/audit/mapper/AuditRetryMapper.java (best guess)
### The error may involve com.chinacreator.gzcm.runtime.audit.mapper.AuditRetryMapper.listDue-Inline
### The error occurred while setting parameters
### SQL: SELECT id, event_type AS eventType, payload, attempts, next_retry_at AS nextRetryAt, last_error AS lastError, status, trace_id AS traceId, create_time AS createTime, update_time AS updateTime, version_no AS versionNo, is_deleted AS isDeleted, domain FROM public.ecos_runtime_audit_retry WHERE is_deleted = 0 AND status = 'pending' AND next_retry_at <= ? ORDER BY next_retry_at ASC LIMIT ?
### Cause: org.postgresql.util.PSQLException: ERROR: relation "public.ecos_runtime_audit_retry" does not exist
  位置：256
; bad SQL grammar []
2026-09-30 17:29:34.103 [scheduling-1] [] WARN  c.c.g.runtime.audit.AuditRetryTask - [AuditRetry] 到期行拉取失败（表缺失/DB 不可用）errType=BadSqlGrammarException msg=
### Error querying database.  Cause: org.postgresql.util.PSQLException: ERROR: relation "public.ecos_runtime_audit_retry" does not exist
  位置：256
### The error may exist in com/chinacreator/gzcm/runtime/audit/mapper/AuditRetryMapper.java (best guess)
### The error may involve com.chinacreator.gzcm.runtime.audit.mapper.AuditRetryMapper.listDue-Inline
### The error occurred while setting parameters
### SQL: SELECT id, event_type AS eventType, payload, attempts, next_retry_at AS nextRetryAt, last_error AS lastError, status, trace_id AS traceId, create_time AS createTime, update_time AS updateTime, version_no AS versionNo, is_deleted AS isDeleted, domain FROM public.ecos_runtime_audit_retry WHERE is_deleted = 0 AND status = 'pending' AND next_retry_at <= ? ORDER BY next_retry_at ASC LIMIT ?
### Cause: org.postgresql.util.PSQLException: ERROR: relation "public.ecos_runtime_audit_retry" does not exist
  位置：256
; bad SQL grammar []
2026-09-30 17:30:34.121 [scheduling-1] [] WARN  c.c.g.runtime.audit.AuditRetryTask - [AuditRetry] 到期行拉取失败（表缺失/DB 不可用）errType=BadSqlGrammarException msg=
### Error querying database.  Cause: org.postgresql.util.PSQLException: ERROR: relation "public.ecos_runtime_audit_retry" does not exist
  位置：256
### The error may exist in com/chinacreator/gzcm/runtime/audit/mapper/AuditRetryMapper.java (best guess)
### The error may involve com.chinacreator.gzcm.runtime.audit.mapper.AuditRetryMapper.listDue-Inline
### The error occurred while setting parameters
### SQL: SELECT id, event_type AS eventType, payload, attempts, next_retry_at AS nextRetryAt, last_error AS lastError, status, trace_id AS traceId, create_time AS createTime, update_time AS updateTime, version_no AS versionNo, is_deleted AS isDeleted, domain FROM public.ecos_runtime_audit_retry WHERE is_deleted = 0 AND status = 'pending' AND next_retry_at <= ? ORDER BY next_retry_at ASC LIMIT ?
### Cause: org.postgresql.util.PSQLException: ERROR: relation "public.ecos_runtime_audit_retry" does not exist
  位置：256
; bad SQL grammar []
2026-09-30 17:31:34.139 [scheduling-1] [] WARN  c.c.g.runtime.audit.AuditRetryTask - [AuditRetry] 到期行拉取失败（表缺失/DB 不可用）errType=BadSqlGrammarException msg=
### Error querying database.  Cause: org.postgresql.util.PSQLException: ERROR: relation "public.ecos_runtime_audit_retry" does not exist
  位置：256
### The error may exist in com/chinacreator/gzcm/runtime/audit/mapper/AuditRetryMapper.java (best guess)
### The error may involve com.chinacreator.gzcm.runtime.audit.mapper.AuditRetryMapper.listDue-Inline
### The error occurred while setting parameters
### SQL: SELECT id, event_type AS eventType, payload, attempts, next_retry_at AS nextRetryAt, last_error AS lastError, status, trace_id AS traceId, create_time AS createTime, update_time AS updateTime, version_no AS versionNo, is_deleted AS isDeleted, domain FROM public.ecos_runtime_audit_retry WHERE is_deleted = 0 AND status = 'pending' AND next_retry_at <= ? ORDER BY next_retry_at ASC LIMIT ?
### Cause: org.postgresql.util.PSQLException: ERROR: relation "public.ecos_runtime_audit_retry" does not exist
  位置：256
; bad SQL grammar []
2026-09-30 17:32:01.421 [scheduling-1] [] WARN  c.c.gzcm.runtime.dlq.DltLagChecker - [DltLagChecker] AdminClient 创建失败 errType=KafkaException msg=Failed to create new KafkaAdminClient
2026-09-30 17:32:01.423 [scheduling-1] [] WARN  c.c.gzcm.runtime.dlq.DltLagChecker - [DltLagChecker] AdminClient 不可用（bootstrap=localhost:9092），本轮降级跳过
2026-09-30 17:32:34.161 [scheduling-1] [] WARN  c.c.g.runtime.audit.AuditRetryTask - [AuditRetry] 到期行拉取失败（表缺失/DB 不可用）errType=BadSqlGrammarException msg=
### Error querying database.  Cause: org.postgresql.util.PSQLException: ERROR: relation "public.ecos_runtime_audit_retry" does not exist
  位置：256
### The error may exist in com/chinacreator/gzcm/runtime/audit/mapper/AuditRetryMapper.java (best guess)
### The error may involve com.chinacreator.gzcm.runtime.audit.mapper.AuditRetryMapper.listDue-Inline
### The error occurred while setting parameters
### SQL: SELECT id, event_type AS eventType, payload, attempts, next_retry_at AS nextRetryAt, last_error AS lastError, status, trace_id AS traceId, create_time AS createTime, update_time AS updateTime, version_no AS versionNo, is_deleted AS isDeleted, domain FROM public.ecos_runtime_audit_retry WHERE is_deleted = 0 AND status = 'pending' AND next_retry_at <= ? ORDER BY next_retry_at ASC LIMIT ?
### Cause: org.postgresql.util.PSQLException: ERROR: relation "public.ecos_runtime_audit_retry" does not exist
  位置：256
; bad SQL grammar []
2026-09-30 17:33:34.307 [scheduling-1] [] WARN  c.c.g.runtime.audit.AuditRetryTask - [AuditRetry] 到期行拉取失败（表缺失/DB 不可用）errType=BadSqlGrammarException msg=
### Error querying database.  Cause: org.postgresql.util.PSQLException: ERROR: relation "public.ecos_runtime_audit_retry" does not exist
  位置：256
### The error may exist in com/chinacreator/gzcm/runtime/audit/mapper/AuditRetryMapper.java (best guess)
### The error may involve com.chinacreator.gzcm.runtime.audit.mapper.AuditRetryMapper.listDue-Inline
### The error occurred while setting parameters
### SQL: SELECT id, event_type AS eventType, payload, attempts, next_retry_at AS nextRetryAt, last_error AS lastError, status, trace_id AS traceId, create_time AS createTime, update_time AS updateTime, version_no AS versionNo, is_deleted AS isDeleted, domain FROM public.ecos_runtime_audit_retry WHERE is_deleted = 0 AND status = 'pending' AND next_retry_at <= ? ORDER BY next_retry_at ASC LIMIT ?
### Cause: org.postgresql.util.PSQLException: ERROR: relation "public.ecos_runtime_audit_retry" does not exist
  位置：256
; bad SQL grammar []
2026-09-30 17:34:34.350 [scheduling-1] [] WARN  c.c.g.runtime.audit.AuditRetryTask - [AuditRetry] 到期行拉取失败（表缺失/DB 不可用）errType=BadSqlGrammarException msg=
### Error querying database.  Cause: org.postgresql.util.PSQLException: ERROR: relation "public.ecos_runtime_audit_retry" does not exist
  位置：256
### The error may exist in com/chinacreator/gzcm/runtime/audit/mapper/AuditRetryMapper.java (best guess)
### The error may involve com.chinacreator.gzcm.runtime.audit.mapper.AuditRetryMapper.listDue-Inline
### The error occurred while setting parameters
### SQL: SELECT id, event_type AS eventType, payload, attempts, next_retry_at AS nextRetryAt, last_error AS lastError, status, trace_id AS traceId, create_time AS createTime, update_time AS updateTime, version_no AS versionNo, is_deleted AS isDeleted, domain FROM public.ecos_runtime_audit_retry WHERE is_deleted = 0 AND status = 'pending' AND next_retry_at <= ? ORDER BY next_retry_at ASC LIMIT ?
### Cause: org.postgresql.util.PSQLException: ERROR: relation "public.ecos_runtime_audit_retry" does not exist
  位置：256
; bad SQL grammar []
2026-09-30 17:35:34.369 [scheduling-1] [] WARN  c.c.g.runtime.audit.AuditRetryTask - [AuditRetry] 到期行拉取失败（表缺失/DB 不可用）errType=BadSqlGrammarException msg=
### Error querying database.  Cause: org.postgresql.util.PSQLException: ERROR: relation "public.ecos_runtime_audit_retry" does not exist
  位置：256
### The error may exist in com/chinacreator/gzcm/runtime/audit/mapper/AuditRetryMapper.java (best guess)
### The error may involve com.chinacreator.gzcm.runtime.audit.mapper.AuditRetryMapper.listDue-Inline
### The error occurred while setting parameters
### SQL: SELECT id, event_type AS eventType, payload, attempts, next_retry_at AS nextRetryAt, last_error AS lastError, status, trace_id AS traceId, create_time AS createTime, update_time AS updateTime, version_no AS versionNo, is_deleted AS isDeleted, domain FROM public.ecos_runtime_audit_retry WHERE is_deleted = 0 AND status = 'pending' AND next_retry_at <= ? ORDER BY next_retry_at ASC LIMIT ?
### Cause: org.postgresql.util.PSQLException: ERROR: relation "public.ecos_runtime_audit_retry" does not exist
  位置：256
; bad SQL grammar []
2026-09-30 17:36:34.388 [scheduling-1] [] WARN  c.c.g.runtime.audit.AuditRetryTask - [AuditRetry] 到期行拉取失败（表缺失/DB 不可用）errType=BadSqlGrammarException msg=
### Error querying database.  Cause: org.postgresql.util.PSQLException: ERROR: relation "public.ecos_runtime_audit_retry" does not exist
  位置：256
### The error may exist in com/chinacreator/gzcm/runtime/audit/mapper/AuditRetryMapper.java (best guess)
### The error may involve com.chinacreator.gzcm.runtime.audit.mapper.AuditRetryMapper.listDue-Inline
### The error occurred while setting parameters
### SQL: SELECT id, event_type AS eventType, payload, attempts, next_retry_at AS nextRetryAt, last_error AS lastError, status, trace_id AS traceId, create_time AS createTime, update_time AS updateTime, version_no AS versionNo, is_deleted AS isDeleted, domain FROM public.ecos_runtime_audit_retry WHERE is_deleted = 0 AND status = 'pending' AND next_retry_at <= ? ORDER BY next_retry_at ASC LIMIT ?
### Cause: org.postgresql.util.PSQLException: ERROR: relation "public.ecos_runtime_audit_retry" does not exist
  位置：256
; bad SQL grammar []
2026-09-30 17:37:01.459 [scheduling-1] [] WARN  c.c.gzcm.runtime.dlq.DltLagChecker - [DltLagChecker] AdminClient 创建失败 errType=KafkaException msg=Failed to create new KafkaAdminClient
2026-09-30 17:37:01.461 [scheduling-1] [] WARN  c.c.gzcm.runtime.dlq.DltLagChecker - [DltLagChecker] AdminClient 不可用（bootstrap=localhost:9092），本轮降级跳过
2026-09-30 17:37:34.407 [scheduling-1] [] WARN  c.c.g.runtime.audit.AuditRetryTask - [AuditRetry] 到期行拉取失败（表缺失/DB 不可用）errType=BadSqlGrammarException msg=
### Error querying database.  Cause: org.postgresql.util.PSQLException: ERROR: relation "public.ecos_runtime_audit_retry" does not exist
  位置：256
### The error may exist in com/chinacreator/gzcm/runtime/audit/mapper/AuditRetryMapper.java (best guess)
### The error may involve com.chinacreator.gzcm.runtime.audit.mapper.AuditRetryMapper.listDue-Inline
### The error occurred while setting parameters
### SQL: SELECT id, event_type AS eventType, payload, attempts, next_retry_at AS nextRetryAt, last_error AS lastError, status, trace_id AS traceId, create_time AS createTime, update_time AS updateTime, version_no AS versionNo, is_deleted AS isDeleted, domain FROM public.ecos_runtime_audit_retry WHERE is_deleted = 0 AND status = 'pending' AND next_retry_at <= ? ORDER BY next_retry_at ASC LIMIT ?
### Cause: org.postgresql.util.PSQLException: ERROR: relation "public.ecos_runtime_audit_retry" does not exist
  位置：256
; bad SQL grammar []
2026-09-30 17:38:34.432 [scheduling-1] [] WARN  c.c.g.runtime.audit.AuditRetryTask - [AuditRetry] 到期行拉取失败（表缺失/DB 不可用）errType=BadSqlGrammarException msg=
### Error querying database.  Cause: org.postgresql.util.PSQLException: ERROR: relation "public.ecos_runtime_audit_retry" does not exist
  位置：256
### The error may exist in com/chinacreator/gzcm/runtime/audit/mapper/AuditRetryMapper.java (best guess)
### The error may involve com.chinacreator.gzcm.runtime.audit.mapper.AuditRetryMapper.listDue-Inline
### The error occurred while setting parameters
### SQL: SELECT id, event_type AS eventType, payload, attempts, next_retry_at AS nextRetryAt, last_error AS lastError, status, trace_id AS traceId, create_time AS createTime, update_time AS updateTime, version_no AS versionNo, is_deleted AS isDeleted, domain FROM public.ecos_runtime_audit_retry WHERE is_deleted = 0 AND status = 'pending' AND next_retry_at <= ? ORDER BY next_retry_at ASC LIMIT ?
### Cause: org.postgresql.util.PSQLException: ERROR: relation "public.ecos_runtime_audit_retry" does not exist
  位置：256
; bad SQL grammar []
2026-09-30 17:39:34.452 [scheduling-1] [] WARN  c.c.g.runtime.audit.AuditRetryTask - [AuditRetry] 到期行拉取失败（表缺失/DB 不可用）errType=BadSqlGrammarException msg=
### Error querying database.  Cause: org.postgresql.util.PSQLException: ERROR: relation "public.ecos_runtime_audit_retry" does not exist
  位置：256
### The error may exist in com/chinacreator/gzcm/runtime/audit/mapper/AuditRetryMapper.java (best guess)
### The error may involve com.chinacreator.gzcm.runtime.audit.mapper.AuditRetryMapper.listDue-Inline
### The error occurred while setting parameters
### SQL: SELECT id, event_type AS eventType, payload, attempts, next_retry_at AS nextRetryAt, last_error AS lastError, status, trace_id AS traceId, create_time AS createTime, update_time AS updateTime, version_no AS versionNo, is_deleted AS isDeleted, domain FROM public.ecos_runtime_audit_retry WHERE is_deleted = 0 AND status = 'pending' AND next_retry_at <= ? ORDER BY next_retry_at ASC LIMIT ?
### Cause: org.postgresql.util.PSQLException: ERROR: relation "public.ecos_runtime_audit_retry" does not exist
  位置：256
; bad SQL grammar []
2026-09-30 17:40:34.473 [scheduling-1] [] WARN  c.c.g.runtime.audit.AuditRetryTask - [AuditRetry] 到期行拉取失败（表缺失/DB 不可用）errType=BadSqlGrammarException msg=
### Error querying database.  Cause: org.postgresql.util.PSQLException: ERROR: relation "public.ecos_runtime_audit_retry" does not exist
  位置：256
### The error may exist in com/chinacreator/gzcm/runtime/audit/mapper/AuditRetryMapper.java (best guess)
### The error may involve com.chinacreator.gzcm.runtime.audit.mapper.AuditRetryMapper.listDue-Inline
### The error occurred while setting parameters
### SQL: SELECT id, event_type AS eventType, payload, attempts, next_retry_at AS nextRetryAt, last_error AS lastError, status, trace_id AS traceId, create_time AS createTime, update_time AS updateTime, version_no AS versionNo, is_deleted AS isDeleted, domain FROM public.ecos_runtime_audit_retry WHERE is_deleted = 0 AND status = 'pending' AND next_retry_at <= ? ORDER BY next_retry_at ASC LIMIT ?
### Cause: org.postgresql.util.PSQLException: ERROR: relation "public.ecos_runtime_audit_retry" does not exist
  位置：256
; bad SQL grammar []
2026-09-30 17:41:34.502 [scheduling-1] [] WARN  c.c.g.runtime.audit.AuditRetryTask - [AuditRetry] 到期行拉取失败（表缺失/DB 不可用）errType=BadSqlGrammarException msg=
### Error querying database.  Cause: org.postgresql.util.PSQLException: ERROR: relation "public.ecos_runtime_audit_retry" does not exist
  位置：256
### The error may exist in com/chinacreator/gzcm/runtime/audit/mapper/AuditRetryMapper.java (best guess)
### The error may involve com.chinacreator.gzcm.runtime.audit.mapper.AuditRetryMapper.listDue-Inline
### The error occurred while setting parameters
### SQL: SELECT id, event_type AS eventType, payload, attempts, next_retry_at AS nextRetryAt, last_error AS lastError, status, trace_id AS traceId, create_time AS createTime, update_time AS updateTime, version_no AS versionNo, is_deleted AS isDeleted, domain FROM public.ecos_runtime_audit_retry WHERE is_deleted = 0 AND status = 'pending' AND next_retry_at <= ? ORDER BY next_retry_at ASC LIMIT ?
### Cause: org.postgresql.util.PSQLException: ERROR: relation "public.ecos_runtime_audit_retry" does not exist
  位置：256
; bad SQL grammar []
2026-09-30 17:42:01.503 [scheduling-1] [] WARN  c.c.gzcm.runtime.dlq.DltLagChecker - [DltLagChecker] AdminClient 创建失败 errType=KafkaException msg=Failed to create new KafkaAdminClient
2026-09-30 17:42:01.507 [scheduling-1] [] WARN  c.c.gzcm.runtime.dlq.DltLagChecker - [DltLagChecker] AdminClient 不可用（bootstrap=localhost:9092），本轮降级跳过
2026-09-30 17:42:34.535 [scheduling-1] [] WARN  c.c.g.runtime.audit.AuditRetryTask - [AuditRetry] 到期行拉取失败（表缺失/DB 不可用）errType=BadSqlGrammarException msg=
### Error querying database.  Cause: org.postgresql.util.PSQLException: ERROR: relation "public.ecos_runtime_audit_retry" does not exist
  位置：256
### The error may exist in com/chinacreator/gzcm/runtime/audit/mapper/AuditRetryMapper.java (best guess)
### The error may involve com.chinacreator.gzcm.runtime.audit.mapper.AuditRetryMapper.listDue-Inline
### The error occurred while setting parameters
### SQL: SELECT id, event_type AS eventType, payload, attempts, next_retry_at AS nextRetryAt, last_error AS lastError, status, trace_id AS traceId, create_time AS createTime, update_time AS updateTime, version_no AS versionNo, is_deleted AS isDeleted, domain FROM public.ecos_runtime_audit_retry WHERE is_deleted = 0 AND status = 'pending' AND next_retry_at <= ? ORDER BY next_retry_at ASC LIMIT ?
### Cause: org.postgresql.util.PSQLException: ERROR: relation "public.ecos_runtime_audit_retry" does not exist
  位置：256
; bad SQL grammar []
2026-09-30 17:43:34.559 [scheduling-1] [] WARN  c.c.g.runtime.audit.AuditRetryTask - [AuditRetry] 到期行拉取失败（表缺失/DB 不可用）errType=BadSqlGrammarException msg=
### Error querying database.  Cause: org.postgresql.util.PSQLException: ERROR: relation "public.ecos_runtime_audit_retry" does not exist
  位置：256
### The error may exist in com/chinacreator/gzcm/runtime/audit/mapper/AuditRetryMapper.java (best guess)
### The error may involve com.chinacreator.gzcm.runtime.audit.mapper.AuditRetryMapper.listDue-Inline
### The error occurred while setting parameters
### SQL: SELECT id, event_type AS eventType, payload, attempts, next_retry_at AS nextRetryAt, last_error AS lastError, status, trace_id AS traceId, create_time AS createTime, update_time AS updateTime, version_no AS versionNo, is_deleted AS isDeleted, domain FROM public.ecos_runtime_audit_retry WHERE is_deleted = 0 AND status = 'pending' AND next_retry_at <= ? ORDER BY next_retry_at ASC LIMIT ?
### Cause: org.postgresql.util.PSQLException: ERROR: relation "public.ecos_runtime_audit_retry" does not exist
  位置：256
; bad SQL grammar []
2026-09-30 17:44:34.574 [scheduling-1] [] WARN  c.c.g.runtime.audit.AuditRetryTask - [AuditRetry] 到期行拉取失败（表缺失/DB 不可用）errType=BadSqlGrammarException msg=
### Error querying database.  Cause: org.postgresql.util.PSQLException: ERROR: relation "public.ecos_runtime_audit_retry" does not exist
  位置：256
### The error may exist in com/chinacreator/gzcm/runtime/audit/mapper/AuditRetryMapper.java (best guess)
### The error may involve com.chinacreator.gzcm.runtime.audit.mapper.AuditRetryMapper.listDue-Inline
### The error occurred while setting parameters
### SQL: SELECT id, event_type AS eventType, payload, attempts, next_retry_at AS nextRetryAt, last_error AS lastError, status, trace_id AS traceId, create_time AS createTime, update_time AS updateTime, version_no AS versionNo, is_deleted AS isDeleted, domain FROM public.ecos_runtime_audit_retry WHERE is_deleted = 0 AND status = 'pending' AND next_retry_at <= ? ORDER BY next_retry_at ASC LIMIT ?
### Cause: org.postgresql.util.PSQLException: ERROR: relation "public.ecos_runtime_audit_retry" does not exist
  位置：256
; bad SQL grammar []
2026-09-30 17:45:34.597 [scheduling-1] [] WARN  c.c.g.runtime.audit.AuditRetryTask - [AuditRetry] 到期行拉取失败（表缺失/DB 不可用）errType=BadSqlGrammarException msg=
### Error querying database.  Cause: org.postgresql.util.PSQLException: ERROR: relation "public.ecos_runtime_audit_retry" does not exist
  位置：256
### The error may exist in com/chinacreator/gzcm/runtime/audit/mapper/AuditRetryMapper.java (best guess)
### The error may involve com.chinacreator.gzcm.runtime.audit.mapper.AuditRetryMapper.listDue-Inline
### The error occurred while setting parameters
### SQL: SELECT id, event_type AS eventType, payload, attempts, next_retry_at AS nextRetryAt, last_error AS lastError, status, trace_id AS traceId, create_time AS createTime, update_time AS updateTime, version_no AS versionNo, is_deleted AS isDeleted, domain FROM public.ecos_runtime_audit_retry WHERE is_deleted = 0 AND status = 'pending' AND next_retry_at <= ? ORDER BY next_retry_at ASC LIMIT ?
### Cause: org.postgresql.util.PSQLException: ERROR: relation "public.ecos_runtime_audit_retry" does not exist
  位置：256
; bad SQL grammar []
2026-09-30 17:46:34.621 [scheduling-1] [] WARN  c.c.g.runtime.audit.AuditRetryTask - [AuditRetry] 到期行拉取失败（表缺失/DB 不可用）errType=BadSqlGrammarException msg=
### Error querying database.  Cause: org.postgresql.util.PSQLException: ERROR: relation "public.ecos_runtime_audit_retry" does not exist
  位置：256
### The error may exist in com/chinacreator/gzcm/runtime/audit/mapper/AuditRetryMapper.java (best guess)
### The error may involve com.chinacreator.gzcm.runtime.audit.mapper.AuditRetryMapper.listDue-Inline
### The error occurred while setting parameters
### SQL: SELECT id, event_type AS eventType, payload, attempts, next_retry_at AS nextRetryAt, last_error AS lastError, status, trace_id AS traceId, create_time AS createTime, update_time AS updateTime, version_no AS versionNo, is_deleted AS isDeleted, domain FROM public.ecos_runtime_audit_retry WHERE is_deleted = 0 AND status = 'pending' AND next_retry_at <= ? ORDER BY next_retry_at ASC LIMIT ?
### Cause: org.postgresql.util.PSQLException: ERROR: relation "public.ecos_runtime_audit_retry" does not exist
  位置：256
; bad SQL grammar []
2026-09-30 17:47:01.547 [scheduling-1] [] WARN  c.c.gzcm.runtime.dlq.DltLagChecker - [DltLagChecker] AdminClient 创建失败 errType=KafkaException msg=Failed to create new KafkaAdminClient
2026-09-30 17:47:01.549 [scheduling-1] [] WARN  c.c.gzcm.runtime.dlq.DltLagChecker - [DltLagChecker] AdminClient 不可用（bootstrap=localhost:9092），本轮降级跳过
2026-09-30 17:47:34.761 [scheduling-1] [] WARN  c.c.g.runtime.audit.AuditRetryTask - [AuditRetry] 到期行拉取失败（表缺失/DB 不可用）errType=BadSqlGrammarException msg=
### Error querying database.  Cause: org.postgresql.util.PSQLException: ERROR: relation "public.ecos_runtime_audit_retry" does not exist
  位置：256
### The error may exist in com/chinacreator/gzcm/runtime/audit/mapper/AuditRetryMapper.java (best guess)
### The error may involve com.chinacreator.gzcm.runtime.audit.mapper.AuditRetryMapper.listDue-Inline
### The error occurred while setting parameters
### SQL: SELECT id, event_type AS eventType, payload, attempts, next_retry_at AS nextRetryAt, last_error AS lastError, status, trace_id AS traceId, create_time AS createTime, update_time AS updateTime, version_no AS versionNo, is_deleted AS isDeleted, domain FROM public.ecos_runtime_audit_retry WHERE is_deleted = 0 AND status = 'pending' AND next_retry_at <= ? ORDER BY next_retry_at ASC LIMIT ?
### Cause: org.postgresql.util.PSQLException: ERROR: relation "public.ecos_runtime_audit_retry" does not exist
  位置：256
; bad SQL grammar []
2026-09-30 17:48:34.793 [scheduling-1] [] WARN  c.c.g.runtime.audit.AuditRetryTask - [AuditRetry] 到期行拉取失败（表缺失/DB 不可用）errType=BadSqlGrammarException msg=
### Error querying database.  Cause: org.postgresql.util.PSQLException: ERROR: relation "public.ecos_runtime_audit_retry" does not exist
  位置：256
### The error may exist in com/chinacreator/gzcm/runtime/audit/mapper/AuditRetryMapper.java (best guess)
### The error may involve com.chinacreator.gzcm.runtime.audit.mapper.AuditRetryMapper.listDue-Inline
### The error occurred while setting parameters
### SQL: SELECT id, event_type AS eventType, payload, attempts, next_retry_at AS nextRetryAt, last_error AS lastError, status, trace_id AS traceId, create_time AS createTime, update_time AS updateTime, version_no AS versionNo, is_deleted AS isDeleted, domain FROM public.ecos_runtime_audit_retry WHERE is_deleted = 0 AND status = 'pending' AND next_retry_at <= ? ORDER BY next_retry_at ASC LIMIT ?
### Cause: org.postgresql.util.PSQLException: ERROR: relation "public.ecos_runtime_audit_retry" does not exist
  位置：256
; bad SQL grammar []
2026-09-30 17:49:34.824 [scheduling-1] [] WARN  c.c.g.runtime.audit.AuditRetryTask - [AuditRetry] 到期行拉取失败（表缺失/DB 不可用）errType=BadSqlGrammarException msg=
### Error querying database.  Cause: org.postgresql.util.PSQLException: ERROR: relation "public.ecos_runtime_audit_retry" does not exist
  位置：256
### The error may exist in com/chinacreator/gzcm/runtime/audit/mapper/AuditRetryMapper.java (best guess)
### The error may involve com.chinacreator.gzcm.runtime.audit.mapper.AuditRetryMapper.listDue-Inline
### The error occurred while setting parameters
### SQL: SELECT id, event_type AS eventType, payload, attempts, next_retry_at AS nextRetryAt, last_error AS lastError, status, trace_id AS traceId, create_time AS createTime, update_time AS updateTime, version_no AS versionNo, is_deleted AS isDeleted, domain FROM public.ecos_runtime_audit_retry WHERE is_deleted = 0 AND status = 'pending' AND next_retry_at <= ? ORDER BY next_retry_at ASC LIMIT ?
### Cause: org.postgresql.util.PSQLException: ERROR: relation "public.ecos_runtime_audit_retry" does not exist
  位置：256
; bad SQL grammar []
2026-09-30 17:50:34.852 [scheduling-1] [] WARN  c.c.g.runtime.audit.AuditRetryTask - [AuditRetry] 到期行拉取失败（表缺失/DB 不可用）errType=BadSqlGrammarException msg=
### Error querying database.  Cause: org.postgresql.util.PSQLException: ERROR: relation "public.ecos_runtime_audit_retry" does not exist
  位置：256
### The error may exist in com/chinacreator/gzcm/runtime/audit/mapper/AuditRetryMapper.java (best guess)
### The error may involve com.chinacreator.gzcm.runtime.audit.mapper.AuditRetryMapper.listDue-Inline
### The error occurred while setting parameters
### SQL: SELECT id, event_type AS eventType, payload, attempts, next_retry_at AS nextRetryAt, last_error AS lastError, status, trace_id AS traceId, create_time AS createTime, update_time AS updateTime, version_no AS versionNo, is_deleted AS isDeleted, domain FROM public.ecos_runtime_audit_retry WHERE is_deleted = 0 AND status = 'pending' AND next_retry_at <= ? ORDER BY next_retry_at ASC LIMIT ?
### Cause: org.postgresql.util.PSQLException: ERROR: relation "public.ecos_runtime_audit_retry" does not exist
  位置：256
; bad SQL grammar []
2026-09-30 17:51:34.878 [scheduling-1] [] WARN  c.c.g.runtime.audit.AuditRetryTask - [AuditRetry] 到期行拉取失败（表缺失/DB 不可用）errType=BadSqlGrammarException msg=
### Error querying database.  Cause: org.postgresql.util.PSQLException: ERROR: relation "public.ecos_runtime_audit_retry" does not exist
  位置：256
### The error may exist in com/chinacreator/gzcm/runtime/audit/mapper/AuditRetryMapper.java (best guess)
### The error may involve com.chinacreator.gzcm.runtime.audit.mapper.AuditRetryMapper.listDue-Inline
### The error occurred while setting parameters
### SQL: SELECT id, event_type AS eventType, payload, attempts, next_retry_at AS nextRetryAt, last_error AS lastError, status, trace_id AS traceId, create_time AS createTime, update_time AS updateTime, version_no AS versionNo, is_deleted AS isDeleted, domain FROM public.ecos_runtime_audit_retry WHERE is_deleted = 0 AND status = 'pending' AND next_retry_at <= ? ORDER BY next_retry_at ASC LIMIT ?
### Cause: org.postgresql.util.PSQLException: ERROR: relation "public.ecos_runtime_audit_retry" does not exist
  位置：256
; bad SQL grammar []
2026-09-30 17:52:01.599 [scheduling-1] [] WARN  c.c.gzcm.runtime.dlq.DltLagChecker - [DltLagChecker] AdminClient 创建失败 errType=KafkaException msg=Failed to create new KafkaAdminClient
2026-09-30 17:52:01.601 [scheduling-1] [] WARN  c.c.gzcm.runtime.dlq.DltLagChecker - [DltLagChecker] AdminClient 不可用（bootstrap=localhost:9092），本轮降级跳过
2026-09-30 17:52:34.934 [scheduling-1] [] WARN  c.c.g.runtime.audit.AuditRetryTask - [AuditRetry] 到期行拉取失败（表缺失/DB 不可用）errType=BadSqlGrammarException msg=
### Error querying database.  Cause: org.postgresql.util.PSQLException: ERROR: relation "public.ecos_runtime_audit_retry" does not exist
  位置：256
### The error may exist in com/chinacreator/gzcm/runtime/audit/mapper/AuditRetryMapper.java (best guess)
### The error may involve com.chinacreator.gzcm.runtime.audit.mapper.AuditRetryMapper.listDue-Inline
### The error occurred while setting parameters
### SQL: SELECT id, event_type AS eventType, payload, attempts, next_retry_at AS nextRetryAt, last_error AS lastError, status, trace_id AS traceId, create_time AS createTime, update_time AS updateTime, version_no AS versionNo, is_deleted AS isDeleted, domain FROM public.ecos_runtime_audit_retry WHERE is_deleted = 0 AND status = 'pending' AND next_retry_at <= ? ORDER BY next_retry_at ASC LIMIT ?
### Cause: org.postgresql.util.PSQLException: ERROR: relation "public.ecos_runtime_audit_retry" does not exist
  位置：256
; bad SQL grammar []
2026-09-30 17:53:34.971 [scheduling-1] [] WARN  c.c.g.runtime.audit.AuditRetryTask - [AuditRetry] 到期行拉取失败（表缺失/DB 不可用）errType=BadSqlGrammarException msg=
### Error querying database.  Cause: org.postgresql.util.PSQLException: ERROR: relation "public.ecos_runtime_audit_retry" does not exist
  位置：256
### The error may exist in com/chinacreator/gzcm/runtime/audit/mapper/AuditRetryMapper.java (best guess)
### The error may involve com.chinacreator.gzcm.runtime.audit.mapper.AuditRetryMapper.listDue-Inline
### The error occurred while setting parameters
### SQL: SELECT id, event_type AS eventType, payload, attempts, next_retry_at AS nextRetryAt, last_error AS lastError, status, trace_id AS traceId, create_time AS createTime, update_time AS updateTime, version_no AS versionNo, is_deleted AS isDeleted, domain FROM public.ecos_runtime_audit_retry WHERE is_deleted = 0 AND status = 'pending' AND next_retry_at <= ? ORDER BY next_retry_at ASC LIMIT ?
### Cause: org.postgresql.util.PSQLException: ERROR: relation "public.ecos_runtime_audit_retry" does not exist
  位置：256
; bad SQL grammar []
2026-09-30 17:54:34.995 [scheduling-1] [] WARN  c.c.g.runtime.audit.AuditRetryTask - [AuditRetry] 到期行拉取失败（表缺失/DB 不可用）errType=BadSqlGrammarException msg=
### Error querying database.  Cause: org.postgresql.util.PSQLException: ERROR: relation "public.ecos_runtime_audit_retry" does not exist
  位置：256
### The error may exist in com/chinacreator/gzcm/runtime/audit/mapper/AuditRetryMapper.java (best guess)
### The error may involve com.chinacreator.gzcm.runtime.audit.mapper.AuditRetryMapper.listDue-Inline
### The error occurred while setting parameters
### SQL: SELECT id, event_type AS eventType, payload, attempts, next_retry_at AS nextRetryAt, last_error AS lastError, status, trace_id AS traceId, create_time AS createTime, update_time AS updateTime, version_no AS versionNo, is_deleted AS isDeleted, domain FROM public.ecos_runtime_audit_retry WHERE is_deleted = 0 AND status = 'pending' AND next_retry_at <= ? ORDER BY next_retry_at ASC LIMIT ?
### Cause: org.postgresql.util.PSQLException: ERROR: relation "public.ecos_runtime_audit_retry" does not exist
  位置：256
; bad SQL grammar []
2026-09-30 17:55:35.014 [scheduling-1] [] WARN  c.c.g.runtime.audit.AuditRetryTask - [AuditRetry] 到期行拉取失败（表缺失/DB 不可用）errType=BadSqlGrammarException msg=
### Error querying database.  Cause: org.postgresql.util.PSQLException: ERROR: relation "public.ecos_runtime_audit_retry" does not exist
  位置：256
### The error may exist in com/chinacreator/gzcm/runtime/audit/mapper/AuditRetryMapper.java (best guess)
### The error may involve com.chinacreator.gzcm.runtime.audit.mapper.AuditRetryMapper.listDue-Inline
### The error occurred while setting parameters
### SQL: SELECT id, event_type AS eventType, payload, attempts, next_retry_at AS nextRetryAt, last_error AS lastError, status, trace_id AS traceId, create_time AS createTime, update_time AS updateTime, version_no AS versionNo, is_deleted AS isDeleted, domain FROM public.ecos_runtime_audit_retry WHERE is_deleted = 0 AND status = 'pending' AND next_retry_at <= ? ORDER BY next_retry_at ASC LIMIT ?
### Cause: org.postgresql.util.PSQLException: ERROR: relation "public.ecos_runtime_audit_retry" does not exist
  位置：256
; bad SQL grammar []
2026-09-30 17:56:35.042 [scheduling-1] [] WARN  c.c.g.runtime.audit.AuditRetryTask - [AuditRetry] 到期行拉取失败（表缺失/DB 不可用）errType=BadSqlGrammarException msg=
### Error querying database.  Cause: org.postgresql.util.PSQLException: ERROR: relation "public.ecos_runtime_audit_retry" does not exist
  位置：256
### The error may exist in com/chinacreator/gzcm/runtime/audit/mapper/AuditRetryMapper.java (best guess)
### The error may involve com.chinacreator.gzcm.runtime.audit.mapper.AuditRetryMapper.listDue-Inline
### The error occurred while setting parameters
### SQL: SELECT id, event_type AS eventType, payload, attempts, next_retry_at AS nextRetryAt, last_error AS lastError, status, trace_id AS traceId, create_time AS createTime, update_time AS updateTime, version_no AS versionNo, is_deleted AS isDeleted, domain FROM public.ecos_runtime_audit_retry WHERE is_deleted = 0 AND status = 'pending' AND next_retry_at <= ? ORDER BY next_retry_at ASC LIMIT ?
### Cause: org.postgresql.util.PSQLException: ERROR: relation "public.ecos_runtime_audit_retry" does not exist
  位置：256
; bad SQL grammar []
2026-09-30 17:57:01.627 [scheduling-1] [] WARN  c.c.gzcm.runtime.dlq.DltLagChecker - [DltLagChecker] AdminClient 创建失败 errType=KafkaException msg=Failed to create new KafkaAdminClient
2026-09-30 17:57:01.628 [scheduling-1] [] WARN  c.c.gzcm.runtime.dlq.DltLagChecker - [DltLagChecker] AdminClient 不可用（bootstrap=localhost:9092），本轮降级跳过
2026-09-30 17:57:35.064 [scheduling-1] [] WARN  c.c.g.runtime.audit.AuditRetryTask - [AuditRetry] 到期行拉取失败（表缺失/DB 不可用）errType=BadSqlGrammarException msg=
### Error querying database.  Cause: org.postgresql.util.PSQLException: ERROR: relation "public.ecos_runtime_audit_retry" does not exist
  位置：256
### The error may exist in com/chinacreator/gzcm/runtime/audit/mapper/AuditRetryMapper.java (best guess)
### The error may involve com.chinacreator.gzcm.runtime.audit.mapper.AuditRetryMapper.listDue-Inline
### The error occurred while setting parameters
### SQL: SELECT id, event_type AS eventType, payload, attempts, next_retry_at AS nextRetryAt, last_error AS lastError, status, trace_id AS traceId, create_time AS createTime, update_time AS updateTime, version_no AS versionNo, is_deleted AS isDeleted, domain FROM public.ecos_runtime_audit_retry WHERE is_deleted = 0 AND status = 'pending' AND next_retry_at <= ? ORDER BY next_retry_at ASC LIMIT ?
### Cause: org.postgresql.util.PSQLException: ERROR: relation "public.ecos_runtime_audit_retry" does not exist
  位置：256
; bad SQL grammar []
2026-09-30 17:58:35.087 [scheduling-1] [] WARN  c.c.g.runtime.audit.AuditRetryTask - [AuditRetry] 到期行拉取失败（表缺失/DB 不可用）errType=BadSqlGrammarException msg=
### Error querying database.  Cause: org.postgresql.util.PSQLException: ERROR: relation "public.ecos_runtime_audit_retry" does not exist
  位置：256
### The error may exist in com/chinacreator/gzcm/runtime/audit/mapper/AuditRetryMapper.java (best guess)
### The error may involve com.chinacreator.gzcm.runtime.audit.mapper.AuditRetryMapper.listDue-Inline
### The error occurred while setting parameters
### SQL: SELECT id, event_type AS eventType, payload, attempts, next_retry_at AS nextRetryAt, last_error AS lastError, status, trace_id AS traceId, create_time AS createTime, update_time AS updateTime, version_no AS versionNo, is_deleted AS isDeleted, domain FROM public.ecos_runtime_audit_retry WHERE is_deleted = 0 AND status = 'pending' AND next_retry_at <= ? ORDER BY next_retry_at ASC LIMIT ?
### Cause: org.postgresql.util.PSQLException: ERROR: relation "public.ecos_runtime_audit_retry" does not exist
  位置：256
; bad SQL grammar []
2026-09-30 17:59:35.116 [scheduling-1] [] WARN  c.c.g.runtime.audit.AuditRetryTask - [AuditRetry] 到期行拉取失败（表缺失/DB 不可用）errType=BadSqlGrammarException msg=
### Error querying database.  Cause: org.postgresql.util.PSQLException: ERROR: relation "public.ecos_runtime_audit_retry" does not exist
  位置：256
### The error may exist in com/chinacreator/gzcm/runtime/audit/mapper/AuditRetryMapper.java (best guess)
### The error may involve com.chinacreator.gzcm.runtime.audit.mapper.AuditRetryMapper.listDue-Inline
### The error occurred while setting parameters
### SQL: SELECT id, event_type AS eventType, payload, attempts, next_retry_at AS nextRetryAt, last_error AS lastError, status, trace_id AS traceId, create_time AS createTime, update_time AS updateTime, version_no AS versionNo, is_deleted AS isDeleted, domain FROM public.ecos_runtime_audit_retry WHERE is_deleted = 0 AND status = 'pending' AND next_retry_at <= ? ORDER BY next_retry_at ASC LIMIT ?
### Cause: org.postgresql.util.PSQLException: ERROR: relation "public.ecos_runtime_audit_retry" does not exist
  位置：256
; bad SQL grammar []
2026-09-30 18:00:35.141 [scheduling-1] [] WARN  c.c.g.runtime.audit.AuditRetryTask - [AuditRetry] 到期行拉取失败（表缺失/DB 不可用）errType=BadSqlGrammarException msg=
### Error querying database.  Cause: org.postgresql.util.PSQLException: ERROR: relation "public.ecos_runtime_audit_retry" does not exist
  位置：256
### The error may exist in com/chinacreator/gzcm/runtime/audit/mapper/AuditRetryMapper.java (best guess)
### The error may involve com.chinacreator.gzcm.runtime.audit.mapper.AuditRetryMapper.listDue-Inline
### The error occurred while setting parameters
### SQL: SELECT id, event_type AS eventType, payload, attempts, next_retry_at AS nextRetryAt, last_error AS lastError, status, trace_id AS traceId, create_time AS createTime, update_time AS updateTime, version_no AS versionNo, is_deleted AS isDeleted, domain FROM public.ecos_runtime_audit_retry WHERE is_deleted = 0 AND status = 'pending' AND next_retry_at <= ? ORDER BY next_retry_at ASC LIMIT ?
### Cause: org.postgresql.util.PSQLException: ERROR: relation "public.ecos_runtime_audit_retry" does not exist
  位置：256
; bad SQL grammar []
2026-09-30 18:01:35.169 [scheduling-1] [] WARN  c.c.g.runtime.audit.AuditRetryTask - [AuditRetry] 到期行拉取失败（表缺失/DB 不可用）errType=BadSqlGrammarException msg=
### Error querying database.  Cause: org.postgresql.util.PSQLException: ERROR: relation "public.ecos_runtime_audit_retry" does not exist
  位置：256
### The error may exist in com/chinacreator/gzcm/runtime/audit/mapper/AuditRetryMapper.java (best guess)
### The error may involve com.chinacreator.gzcm.runtime.audit.mapper.AuditRetryMapper.listDue-Inline
### The error occurred while setting parameters
### SQL: SELECT id, event_type AS eventType, payload, attempts, next_retry_at AS nextRetryAt, last_error AS lastError, status, trace_id AS traceId, create_time AS createTime, update_time AS updateTime, version_no AS versionNo, is_deleted AS isDeleted, domain FROM public.ecos_runtime_audit_retry WHERE is_deleted = 0 AND status = 'pending' AND next_retry_at <= ? ORDER BY next_retry_at ASC LIMIT ?
### Cause: org.postgresql.util.PSQLException: ERROR: relation "public.ecos_runtime_audit_retry" does not exist
  位置：256
; bad SQL grammar []
2026-09-30 18:02:01.658 [scheduling-1] [] WARN  c.c.gzcm.runtime.dlq.DltLagChecker - [DltLagChecker] AdminClient 创建失败 errType=KafkaException msg=Failed to create new KafkaAdminClient
2026-09-30 18:02:01.661 [scheduling-1] [] WARN  c.c.gzcm.runtime.dlq.DltLagChecker - [DltLagChecker] AdminClient 不可用（bootstrap=localhost:9092），本轮降级跳过
2026-09-30 18:02:35.202 [scheduling-1] [] WARN  c.c.g.runtime.audit.AuditRetryTask - [AuditRetry] 到期行拉取失败（表缺失/DB 不可用）errType=BadSqlGrammarException msg=
### Error querying database.  Cause: org.postgresql.util.PSQLException: ERROR: relation "public.ecos_runtime_audit_retry" does not exist
  位置：256
### The error may exist in com/chinacreator/gzcm/runtime/audit/mapper/AuditRetryMapper.java (best guess)
### The error may involve com.chinacreator.gzcm.runtime.audit.mapper.AuditRetryMapper.listDue-Inline
### The error occurred while setting parameters
### SQL: SELECT id, event_type AS eventType, payload, attempts, next_retry_at AS nextRetryAt, last_error AS lastError, status, trace_id AS traceId, create_time AS createTime, update_time AS updateTime, version_no AS versionNo, is_deleted AS isDeleted, domain FROM public.ecos_runtime_audit_retry WHERE is_deleted = 0 AND status = 'pending' AND next_retry_at <= ? ORDER BY next_retry_at ASC LIMIT ?
### Cause: org.postgresql.util.PSQLException: ERROR: relation "public.ecos_runtime_audit_retry" does not exist
  位置：256
; bad SQL grammar []
2026-09-30 18:03:35.229 [scheduling-1] [] WARN  c.c.g.runtime.audit.AuditRetryTask - [AuditRetry] 到期行拉取失败（表缺失/DB 不可用）errType=BadSqlGrammarException msg=
### Error querying database.  Cause: org.postgresql.util.PSQLException: ERROR: relation "public.ecos_runtime_audit_retry" does not exist
  位置：256
### The error may exist in com/chinacreator/gzcm/runtime/audit/mapper/AuditRetryMapper.java (best guess)
### The error may involve com.chinacreator.gzcm.runtime.audit.mapper.AuditRetryMapper.listDue-Inline
### The error occurred while setting parameters
### SQL: SELECT id, event_type AS eventType, payload, attempts, next_retry_at AS nextRetryAt, last_error AS lastError, status, trace_id AS traceId, create_time AS createTime, update_time AS updateTime, version_no AS versionNo, is_deleted AS isDeleted, domain FROM public.ecos_runtime_audit_retry WHERE is_deleted = 0 AND status = 'pending' AND next_retry_at <= ? ORDER BY next_retry_at ASC LIMIT ?
### Cause: org.postgresql.util.PSQLException: ERROR: relation "public.ecos_runtime_audit_retry" does not exist
  位置：256
; bad SQL grammar []
2026-09-30 18:04:35.258 [scheduling-1] [] WARN  c.c.g.runtime.audit.AuditRetryTask - [AuditRetry] 到期行拉取失败（表缺失/DB 不可用）errType=BadSqlGrammarException msg=
### Error querying database.  Cause: org.postgresql.util.PSQLException: ERROR: relation "public.ecos_runtime_audit_retry" does not exist
  位置：256
### The error may exist in com/chinacreator/gzcm/runtime/audit/mapper/AuditRetryMapper.java (best guess)
### The error may involve com.chinacreator.gzcm.runtime.audit.mapper.AuditRetryMapper.listDue-Inline
### The error occurred while setting parameters
### SQL: SELECT id, event_type AS eventType, payload, attempts, next_retry_at AS nextRetryAt, last_error AS lastError, status, trace_id AS traceId, create_time AS createTime, update_time AS updateTime, version_no AS versionNo, is_deleted AS isDeleted, domain FROM public.ecos_runtime_audit_retry WHERE is_deleted = 0 AND status = 'pending' AND next_retry_at <= ? ORDER BY next_retry_at ASC LIMIT ?
### Cause: org.postgresql.util.PSQLException: ERROR: relation "public.ecos_runtime_audit_retry" does not exist
  位置：256
; bad SQL grammar []
2026-09-30 18:05:35.290 [scheduling-1] [] WARN  c.c.g.runtime.audit.AuditRetryTask - [AuditRetry] 到期行拉取失败（表缺失/DB 不可用）errType=BadSqlGrammarException msg=
### Error querying database.  Cause: org.postgresql.util.PSQLException: ERROR: relation "public.ecos_runtime_audit_retry" does not exist
  位置：256
### The error may exist in com/chinacreator/gzcm/runtime/audit/mapper/AuditRetryMapper.java (best guess)
### The error may involve com.chinacreator.gzcm.runtime.audit.mapper.AuditRetryMapper.listDue-Inline
### The error occurred while setting parameters
### SQL: SELECT id, event_type AS eventType, payload, attempts, next_retry_at AS nextRetryAt, last_error AS lastError, status, trace_id AS traceId, create_time AS createTime, update_time AS updateTime, version_no AS versionNo, is_deleted AS isDeleted, domain FROM public.ecos_runtime_audit_retry WHERE is_deleted = 0 AND status = 'pending' AND next_retry_at <= ? ORDER BY next_retry_at ASC LIMIT ?
### Cause: org.postgresql.util.PSQLException: ERROR: relation "public.ecos_runtime_audit_retry" does not exist
  位置：256
; bad SQL grammar []
2026-09-30 18:06:35.324 [scheduling-1] [] WARN  c.c.g.runtime.audit.AuditRetryTask - [AuditRetry] 到期行拉取失败（表缺失/DB 不可用）errType=BadSqlGrammarException msg=
### Error querying database.  Cause: org.postgresql.util.PSQLException: ERROR: relation "public.ecos_runtime_audit_retry" does not exist
  位置：256
### The error may exist in com/chinacreator/gzcm/runtime/audit/mapper/AuditRetryMapper.java (best guess)
### The error may involve com.chinacreator.gzcm.runtime.audit.mapper.AuditRetryMapper.listDue-Inline
### The error occurred while setting parameters
### SQL: SELECT id, event_type AS eventType, payload, attempts, next_retry_at AS nextRetryAt, last_error AS lastError, status, trace_id AS traceId, create_time AS createTime, update_time AS updateTime, version_no AS versionNo, is_deleted AS isDeleted, domain FROM public.ecos_runtime_audit_retry WHERE is_deleted = 0 AND status = 'pending' AND next_retry_at <= ? ORDER BY next_retry_at ASC LIMIT ?
### Cause: org.postgresql.util.PSQLException: ERROR: relation "public.ecos_runtime_audit_retry" does not exist
  位置：256
; bad SQL grammar []
2026-09-30 18:07:01.704 [scheduling-1] [] WARN  c.c.gzcm.runtime.dlq.DltLagChecker - [DltLagChecker] AdminClient 创建失败 errType=KafkaException msg=Failed to create new KafkaAdminClient
2026-09-30 18:07:01.706 [scheduling-1] [] WARN  c.c.gzcm.runtime.dlq.DltLagChecker - [DltLagChecker] AdminClient 不可用（bootstrap=localhost:9092），本轮降级跳过
2026-09-30 18:07:35.367 [scheduling-1] [] WARN  c.c.g.runtime.audit.AuditRetryTask - [AuditRetry] 到期行拉取失败（表缺失/DB 不可用）errType=BadSqlGrammarException msg=
### Error querying database.  Cause: org.postgresql.util.PSQLException: ERROR: relation "public.ecos_runtime_audit_retry" does not exist
  位置：256
### The error may exist in com/chinacreator/gzcm/runtime/audit/mapper/AuditRetryMapper.java (best guess)
### The error may involve com.chinacreator.gzcm.runtime.audit.mapper.AuditRetryMapper.listDue-Inline
### The error occurred while setting parameters
### SQL: SELECT id, event_type AS eventType, payload, attempts, next_retry_at AS nextRetryAt, last_error AS lastError, status, trace_id AS traceId, create_time AS createTime, update_time AS updateTime, version_no AS versionNo, is_deleted AS isDeleted, domain FROM public.ecos_runtime_audit_retry WHERE is_deleted = 0 AND status = 'pending' AND next_retry_at <= ? ORDER BY next_retry_at ASC LIMIT ?
### Cause: org.postgresql.util.PSQLException: ERROR: relation "public.ecos_runtime_audit_retry" does not exist
  位置：256
; bad SQL grammar []
2026-09-30 18:08:35.390 [scheduling-1] [] WARN  c.c.g.runtime.audit.AuditRetryTask - [AuditRetry] 到期行拉取失败（表缺失/DB 不可用）errType=BadSqlGrammarException msg=
### Error querying database.  Cause: org.postgresql.util.PSQLException: ERROR: relation "public.ecos_runtime_audit_retry" does not exist
  位置：256
### The error may exist in com/chinacreator/gzcm/runtime/audit/mapper/AuditRetryMapper.java (best guess)
### The error may involve com.chinacreator.gzcm.runtime.audit.mapper.AuditRetryMapper.listDue-Inline
### The error occurred while setting parameters
### SQL: SELECT id, event_type AS eventType, payload, attempts, next_retry_at AS nextRetryAt, last_error AS lastError, status, trace_id AS traceId, create_time AS createTime, update_time AS updateTime, version_no AS versionNo, is_deleted AS isDeleted, domain FROM public.ecos_runtime_audit_retry WHERE is_deleted = 0 AND status = 'pending' AND next_retry_at <= ? ORDER BY next_retry_at ASC LIMIT ?
### Cause: org.postgresql.util.PSQLException: ERROR: relation "public.ecos_runtime_audit_retry" does not exist
  位置：256
; bad SQL grammar []
2026-09-30 18:09:35.411 [scheduling-1] [] WARN  c.c.g.runtime.audit.AuditRetryTask - [AuditRetry] 到期行拉取失败（表缺失/DB 不可用）errType=BadSqlGrammarException msg=
### Error querying database.  Cause: org.postgresql.util.PSQLException: ERROR: relation "public.ecos_runtime_audit_retry" does not exist
  位置：256
### The error may exist in com/chinacreator/gzcm/runtime/audit/mapper/AuditRetryMapper.java (best guess)
### The error may involve com.chinacreator.gzcm.runtime.audit.mapper.AuditRetryMapper.listDue-Inline
### The error occurred while setting parameters
### SQL: SELECT id, event_type AS eventType, payload, attempts, next_retry_at AS nextRetryAt, last_error AS lastError, status, trace_id AS traceId, create_time AS createTime, update_time AS updateTime, version_no AS versionNo, is_deleted AS isDeleted, domain FROM public.ecos_runtime_audit_retry WHERE is_deleted = 0 AND status = 'pending' AND next_retry_at <= ? ORDER BY next_retry_at ASC LIMIT ?
### Cause: org.postgresql.util.PSQLException: ERROR: relation "public.ecos_runtime_audit_retry" does not exist
  位置：256
; bad SQL grammar []
2026-09-30 18:10:35.524 [scheduling-1] [] WARN  c.c.g.runtime.audit.AuditRetryTask - [AuditRetry] 到期行拉取失败（表缺失/DB 不可用）errType=BadSqlGrammarException msg=
### Error querying database.  Cause: org.postgresql.util.PSQLException: ERROR: relation "public.ecos_runtime_audit_retry" does not exist
  位置：256
### The error may exist in com/chinacreator/gzcm/runtime/audit/mapper/AuditRetryMapper.java (best guess)
### The error may involve com.chinacreator.gzcm.runtime.audit.mapper.AuditRetryMapper.listDue-Inline
### The error occurred while setting parameters
### SQL: SELECT id, event_type AS eventType, payload, attempts, next_retry_at AS nextRetryAt, last_error AS lastError, status, trace_id AS traceId, create_time AS createTime, update_time AS updateTime, version_no AS versionNo, is_deleted AS isDeleted, domain FROM public.ecos_runtime_audit_retry WHERE is_deleted = 0 AND status = 'pending' AND next_retry_at <= ? ORDER BY next_retry_at ASC LIMIT ?
### Cause: org.postgresql.util.PSQLException: ERROR: relation "public.ecos_runtime_audit_retry" does not exist
  位置：256
; bad SQL grammar []
2026-09-30 18:11:35.548 [scheduling-1] [] WARN  c.c.g.runtime.audit.AuditRetryTask - [AuditRetry] 到期行拉取失败（表缺失/DB 不可用）errType=BadSqlGrammarException msg=
### Error querying database.  Cause: org.postgresql.util.PSQLException: ERROR: relation "public.ecos_runtime_audit_retry" does not exist
  位置：256
### The error may exist in com/chinacreator/gzcm/runtime/audit/mapper/AuditRetryMapper.java (best guess)
### The error may involve com.chinacreator.gzcm.runtime.audit.mapper.AuditRetryMapper.listDue-Inline
### The error occurred while setting parameters
### SQL: SELECT id, event_type AS eventType, payload, attempts, next_retry_at AS nextRetryAt, last_error AS lastError, status, trace_id AS traceId, create_time AS createTime, update_time AS updateTime, version_no AS versionNo, is_deleted AS isDeleted, domain FROM public.ecos_runtime_audit_retry WHERE is_deleted = 0 AND status = 'pending' AND next_retry_at <= ? ORDER BY next_retry_at ASC LIMIT ?
### Cause: org.postgresql.util.PSQLException: ERROR: relation "public.ecos_runtime_audit_retry" does not exist
  位置：256
; bad SQL grammar []
2026-09-30 18:12:01.738 [scheduling-1] [] WARN  c.c.gzcm.runtime.dlq.DltLagChecker - [DltLagChecker] AdminClient 创建失败 errType=KafkaException msg=Failed to create new KafkaAdminClient
2026-09-30 18:12:01.749 [scheduling-1] [] WARN  c.c.gzcm.runtime.dlq.DltLagChecker - [DltLagChecker] AdminClient 不可用（bootstrap=localhost:9092），本轮降级跳过
2026-09-30 18:12:35.572 [scheduling-1] [] WARN  c.c.g.runtime.audit.AuditRetryTask - [AuditRetry] 到期行拉取失败（表缺失/DB 不可用）errType=BadSqlGrammarException msg=
### Error querying database.  Cause: org.postgresql.util.PSQLException: ERROR: relation "public.ecos_runtime_audit_retry" does not exist
  位置：256
### The error may exist in com/chinacreator/gzcm/runtime/audit/mapper/AuditRetryMapper.java (best guess)
### The error may involve com.chinacreator.gzcm.runtime.audit.mapper.AuditRetryMapper.listDue-Inline
### The error occurred while setting parameters
### SQL: SELECT id, event_type AS eventType, payload, attempts, next_retry_at AS nextRetryAt, last_error AS lastError, status, trace_id AS traceId, create_time AS createTime, update_time AS updateTime, version_no AS versionNo, is_deleted AS isDeleted, domain FROM public.ecos_runtime_audit_retry WHERE is_deleted = 0 AND status = 'pending' AND next_retry_at <= ? ORDER BY next_retry_at ASC LIMIT ?
### Cause: org.postgresql.util.PSQLException: ERROR: relation "public.ecos_runtime_audit_retry" does not exist
  位置：256
; bad SQL grammar []
2026-09-30 18:13:35.597 [scheduling-1] [] WARN  c.c.g.runtime.audit.AuditRetryTask - [AuditRetry] 到期行拉取失败（表缺失/DB 不可用）errType=BadSqlGrammarException msg=
### Error querying database.  Cause: org.postgresql.util.PSQLException: ERROR: relation "public.ecos_runtime_audit_retry" does not exist
  位置：256
### The error may exist in com/chinacreator/gzcm/runtime/audit/mapper/AuditRetryMapper.java (best guess)
### The error may involve com.chinacreator.gzcm.runtime.audit.mapper.AuditRetryMapper.listDue-Inline
### The error occurred while setting parameters
### SQL: SELECT id, event_type AS eventType, payload, attempts, next_retry_at AS nextRetryAt, last_error AS lastError, status, trace_id AS traceId, create_time AS createTime, update_time AS updateTime, version_no AS versionNo, is_deleted AS isDeleted, domain FROM public.ecos_runtime_audit_retry WHERE is_deleted = 0 AND status = 'pending' AND next_retry_at <= ? ORDER BY next_retry_at ASC LIMIT ?
### Cause: org.postgresql.util.PSQLException: ERROR: relation "public.ecos_runtime_audit_retry" does not exist
  位置：256
; bad SQL grammar []
2026-09-30 18:14:35.614 [scheduling-1] [] WARN  c.c.g.runtime.audit.AuditRetryTask - [AuditRetry] 到期行拉取失败（表缺失/DB 不可用）errType=BadSqlGrammarException msg=
### Error querying database.  Cause: org.postgresql.util.PSQLException: ERROR: relation "public.ecos_runtime_audit_retry" does not exist
  位置：256
### The error may exist in com/chinacreator/gzcm/runtime/audit/mapper/AuditRetryMapper.java (best guess)
### The error may involve com.chinacreator.gzcm.runtime.audit.mapper.AuditRetryMapper.listDue-Inline
### The error occurred while setting parameters
### SQL: SELECT id, event_type AS eventType, payload, attempts, next_retry_at AS nextRetryAt, last_error AS lastError, status, trace_id AS traceId, create_time AS createTime, update_time AS updateTime, version_no AS versionNo, is_deleted AS isDeleted, domain FROM public.ecos_runtime_audit_retry WHERE is_deleted = 0 AND status = 'pending' AND next_retry_at <= ? ORDER BY next_retry_at ASC LIMIT ?
### Cause: org.postgresql.util.PSQLException: ERROR: relation "public.ecos_runtime_audit_retry" does not exist
  位置：256
; bad SQL grammar []
2026-09-30 18:15:35.659 [scheduling-1] [] WARN  c.c.g.runtime.audit.AuditRetryTask - [AuditRetry] 到期行拉取失败（表缺失/DB 不可用）errType=BadSqlGrammarException msg=
### Error querying database.  Cause: org.postgresql.util.PSQLException: ERROR: relation "public.ecos_runtime_audit_retry" does not exist
  位置：256
### The error may exist in com/chinacreator/gzcm/runtime/audit/mapper/AuditRetryMapper.java (best guess)
### The error may involve com.chinacreator.gzcm.runtime.audit.mapper.AuditRetryMapper.listDue-Inline
### The error occurred while setting parameters
### SQL: SELECT id, event_type AS eventType, payload, attempts, next_retry_at AS nextRetryAt, last_error AS lastError, status, trace_id AS traceId, create_time AS createTime, update_time AS updateTime, version_no AS versionNo, is_deleted AS isDeleted, domain FROM public.ecos_runtime_audit_retry WHERE is_deleted = 0 AND status = 'pending' AND next_retry_at <= ? ORDER BY next_retry_at ASC LIMIT ?
### Cause: org.postgresql.util.PSQLException: ERROR: relation "public.ecos_runtime_audit_retry" does not exist
  位置：256
; bad SQL grammar []
2026-09-30 18:16:35.721 [scheduling-1] [] WARN  c.c.g.runtime.audit.AuditRetryTask - [AuditRetry] 到期行拉取失败（表缺失/DB 不可用）errType=BadSqlGrammarException msg=
### Error querying database.  Cause: org.postgresql.util.PSQLException: ERROR: relation "public.ecos_runtime_audit_retry" does not exist
  位置：256
### The error may exist in com/chinacreator/gzcm/runtime/audit/mapper/AuditRetryMapper.java (best guess)
### The error may involve com.chinacreator.gzcm.runtime.audit.mapper.AuditRetryMapper.listDue-Inline
### The error occurred while setting parameters
### SQL: SELECT id, event_type AS eventType, payload, attempts, next_retry_at AS nextRetryAt, last_error AS lastError, status, trace_id AS traceId, create_time AS createTime, update_time AS updateTime, version_no AS versionNo, is_deleted AS isDeleted, domain FROM public.ecos_runtime_audit_retry WHERE is_deleted = 0 AND status = 'pending' AND next_retry_at <= ? ORDER BY next_retry_at ASC LIMIT ?
### Cause: org.postgresql.util.PSQLException: ERROR: relation "public.ecos_runtime_audit_retry" does not exist
  位置：256
; bad SQL grammar []
2026-09-30 18:17:01.789 [scheduling-1] [] WARN  c.c.gzcm.runtime.dlq.DltLagChecker - [DltLagChecker] AdminClient 创建失败 errType=KafkaException msg=Failed to create new KafkaAdminClient
2026-09-30 18:17:01.792 [scheduling-1] [] WARN  c.c.gzcm.runtime.dlq.DltLagChecker - [DltLagChecker] AdminClient 不可用（bootstrap=localhost:9092），本轮降级跳过
2026-09-30 18:17:35.759 [scheduling-1] [] WARN  c.c.g.runtime.audit.AuditRetryTask - [AuditRetry] 到期行拉取失败（表缺失/DB 不可用）errType=BadSqlGrammarException msg=
### Error querying database.  Cause: org.postgresql.util.PSQLException: ERROR: relation "public.ecos_runtime_audit_retry" does not exist
  位置：256
### The error may exist in com/chinacreator/gzcm/runtime/audit/mapper/AuditRetryMapper.java (best guess)
### The error may involve com.chinacreator.gzcm.runtime.audit.mapper.AuditRetryMapper.listDue-Inline
### The error occurred while setting parameters
### SQL: SELECT id, event_type AS eventType, payload, attempts, next_retry_at AS nextRetryAt, last_error AS lastError, status, trace_id AS traceId, create_time AS createTime, update_time AS updateTime, version_no AS versionNo, is_deleted AS isDeleted, domain FROM public.ecos_runtime_audit_retry WHERE is_deleted = 0 AND status = 'pending' AND next_retry_at <= ? ORDER BY next_retry_at ASC LIMIT ?
### Cause: org.postgresql.util.PSQLException: ERROR: relation "public.ecos_runtime_audit_retry" does not exist
  位置：256
; bad SQL grammar []
2026-09-30 18:18:35.787 [scheduling-1] [] WARN  c.c.g.runtime.audit.AuditRetryTask - [AuditRetry] 到期行拉取失败（表缺失/DB 不可用）errType=BadSqlGrammarException msg=
### Error querying database.  Cause: org.postgresql.util.PSQLException: ERROR: relation "public.ecos_runtime_audit_retry" does not exist
  位置：256
### The error may exist in com/chinacreator/gzcm/runtime/audit/mapper/AuditRetryMapper.java (best guess)
### The error may involve com.chinacreator.gzcm.runtime.audit.mapper.AuditRetryMapper.listDue-Inline
### The error occurred while setting parameters
### SQL: SELECT id, event_type AS eventType, payload, attempts, next_retry_at AS nextRetryAt, last_error AS lastError, status, trace_id AS traceId, create_time AS createTime, update_time AS updateTime, version_no AS versionNo, is_deleted AS isDeleted, domain FROM public.ecos_runtime_audit_retry WHERE is_deleted = 0 AND status = 'pending' AND next_retry_at <= ? ORDER BY next_retry_at ASC LIMIT ?
### Cause: org.postgresql.util.PSQLException: ERROR: relation "public.ecos_runtime_audit_retry" does not exist
  位置：256
; bad SQL grammar []
2026-09-30 18:19:35.877 [scheduling-1] [] WARN  c.c.g.runtime.audit.AuditRetryTask - [AuditRetry] 到期行拉取失败（表缺失/DB 不可用）errType=BadSqlGrammarException msg=
### Error querying database.  Cause: org.postgresql.util.PSQLException: ERROR: relation "public.ecos_runtime_audit_retry" does not exist
  位置：256
### The error may exist in com/chinacreator/gzcm/runtime/audit/mapper/AuditRetryMapper.java (best guess)
### The error may involve com.chinacreator.gzcm.runtime.audit.mapper.AuditRetryMapper.listDue-Inline
### The error occurred while setting parameters
### SQL: SELECT id, event_type AS eventType, payload, attempts, next_retry_at AS nextRetryAt, last_error AS lastError, status, trace_id AS traceId, create_time AS createTime, update_time AS updateTime, version_no AS versionNo, is_deleted AS isDeleted, domain FROM public.ecos_runtime_audit_retry WHERE is_deleted = 0 AND status = 'pending' AND next_retry_at <= ? ORDER BY next_retry_at ASC LIMIT ?
### Cause: org.postgresql.util.PSQLException: ERROR: relation "public.ecos_runtime_audit_retry" does not exist
  位置：256
; bad SQL grammar []
2026-09-30 18:20:35.950 [scheduling-1] [] WARN  c.c.g.runtime.audit.AuditRetryTask - [AuditRetry] 到期行拉取失败（表缺失/DB 不可用）errType=BadSqlGrammarException msg=
### Error querying database.  Cause: org.postgresql.util.PSQLException: ERROR: relation "public.ecos_runtime_audit_retry" does not exist
  位置：256
### The error may exist in com/chinacreator/gzcm/runtime/audit/mapper/AuditRetryMapper.java (best guess)
### The error may involve com.chinacreator.gzcm.runtime.audit.mapper.AuditRetryMapper.listDue-Inline
### The error occurred while setting parameters
### SQL: SELECT id, event_type AS eventType, payload, attempts, next_retry_at AS nextRetryAt, last_error AS lastError, status, trace_id AS traceId, create_time AS createTime, update_time AS updateTime, version_no AS versionNo, is_deleted AS isDeleted, domain FROM public.ecos_runtime_audit_retry WHERE is_deleted = 0 AND status = 'pending' AND next_retry_at <= ? ORDER BY next_retry_at ASC LIMIT ?
### Cause: org.postgresql.util.PSQLException: ERROR: relation "public.ecos_runtime_audit_retry" does not exist
  位置：256
; bad SQL grammar []
2026-09-30 18:21:35.978 [scheduling-1] [] WARN  c.c.g.runtime.audit.AuditRetryTask - [AuditRetry] 到期行拉取失败（表缺失/DB 不可用）errType=BadSqlGrammarException msg=
### Error querying database.  Cause: org.postgresql.util.PSQLException: ERROR: relation "public.ecos_runtime_audit_retry" does not exist
  位置：256
### The error may exist in com/chinacreator/gzcm/runtime/audit/mapper/AuditRetryMapper.java (best guess)
### The error may involve com.chinacreator.gzcm.runtime.audit.mapper.AuditRetryMapper.listDue-Inline
### The error occurred while setting parameters
### SQL: SELECT id, event_type AS eventType, payload, attempts, next_retry_at AS nextRetryAt, last_error AS lastError, status, trace_id AS traceId, create_time AS createTime, update_time AS updateTime, version_no AS versionNo, is_deleted AS isDeleted, domain FROM public.ecos_runtime_audit_retry WHERE is_deleted = 0 AND status = 'pending' AND next_retry_at <= ? ORDER BY next_retry_at ASC LIMIT ?
### Cause: org.postgresql.util.PSQLException: ERROR: relation "public.ecos_runtime_audit_retry" does not exist
  位置：256
; bad SQL grammar []
2026-09-30 18:22:01.853 [scheduling-1] [] WARN  c.c.gzcm.runtime.dlq.DltLagChecker - [DltLagChecker] AdminClient 创建失败 errType=KafkaException msg=Failed to create new KafkaAdminClient
2026-09-30 18:22:01.876 [scheduling-1] [] WARN  c.c.gzcm.runtime.dlq.DltLagChecker - [DltLagChecker] AdminClient 不可用（bootstrap=localhost:9092），本轮降级跳过
2026-09-30 18:22:36.015 [scheduling-1] [] WARN  c.c.g.runtime.audit.AuditRetryTask - [AuditRetry] 到期行拉取失败（表缺失/DB 不可用）errType=BadSqlGrammarException msg=
### Error querying database.  Cause: org.postgresql.util.PSQLException: ERROR: relation "public.ecos_runtime_audit_retry" does not exist
  位置：256
### The error may exist in com/chinacreator/gzcm/runtime/audit/mapper/AuditRetryMapper.java (best guess)
### The error may involve com.chinacreator.gzcm.runtime.audit.mapper.AuditRetryMapper.listDue-Inline
### The error occurred while setting parameters
### SQL: SELECT id, event_type AS eventType, payload, attempts, next_retry_at AS nextRetryAt, last_error AS lastError, status, trace_id AS traceId, create_time AS createTime, update_time AS updateTime, version_no AS versionNo, is_deleted AS isDeleted, domain FROM public.ecos_runtime_audit_retry WHERE is_deleted = 0 AND status = 'pending' AND next_retry_at <= ? ORDER BY next_retry_at ASC LIMIT ?
### Cause: org.postgresql.util.PSQLException: ERROR: relation "public.ecos_runtime_audit_retry" does not exist
  位置：256
; bad SQL grammar []
2026-09-30 18:23:36.039 [scheduling-1] [] WARN  c.c.g.runtime.audit.AuditRetryTask - [AuditRetry] 到期行拉取失败（表缺失/DB 不可用）errType=BadSqlGrammarException msg=
### Error querying database.  Cause: org.postgresql.util.PSQLException: ERROR: relation "public.ecos_runtime_audit_retry" does not exist
  位置：256
### The error may exist in com/chinacreator/gzcm/runtime/audit/mapper/AuditRetryMapper.java (best guess)
### The error may involve com.chinacreator.gzcm.runtime.audit.mapper.AuditRetryMapper.listDue-Inline
### The error occurred while setting parameters
### SQL: SELECT id, event_type AS eventType, payload, attempts, next_retry_at AS nextRetryAt, last_error AS lastError, status, trace_id AS traceId, create_time AS createTime, update_time AS updateTime, version_no AS versionNo, is_deleted AS isDeleted, domain FROM public.ecos_runtime_audit_retry WHERE is_deleted = 0 AND status = 'pending' AND next_retry_at <= ? ORDER BY next_retry_at ASC LIMIT ?
### Cause: org.postgresql.util.PSQLException: ERROR: relation "public.ecos_runtime_audit_retry" does not exist
  位置：256
; bad SQL grammar []
2026-09-30 18:24:36.069 [scheduling-1] [] WARN  c.c.g.runtime.audit.AuditRetryTask - [AuditRetry] 到期行拉取失败（表缺失/DB 不可用）errType=BadSqlGrammarException msg=
### Error querying database.  Cause: org.postgresql.util.PSQLException: ERROR: relation "public.ecos_runtime_audit_retry" does not exist
  位置：256
### The error may exist in com/chinacreator/gzcm/runtime/audit/mapper/AuditRetryMapper.java (best guess)
### The error may involve com.chinacreator.gzcm.runtime.audit.mapper.AuditRetryMapper.listDue-Inline
### The error occurred while setting parameters
### SQL: SELECT id, event_type AS eventType, payload, attempts, next_retry_at AS nextRetryAt, last_error AS lastError, status, trace_id AS traceId, create_time AS createTime, update_time AS updateTime, version_no AS versionNo, is_deleted AS isDeleted, domain FROM public.ecos_runtime_audit_retry WHERE is_deleted = 0 AND status = 'pending' AND next_retry_at <= ? ORDER BY next_retry_at ASC LIMIT ?
### Cause: org.postgresql.util.PSQLException: ERROR: relation "public.ecos_runtime_audit_retry" does not exist
  位置：256
; bad SQL grammar []
2026-09-30 18:25:36.102 [scheduling-1] [] WARN  c.c.g.runtime.audit.AuditRetryTask - [AuditRetry] 到期行拉取失败（表缺失/DB 不可用）errType=BadSqlGrammarException msg=
### Error querying database.  Cause: org.postgresql.util.PSQLException: ERROR: relation "public.ecos_runtime_audit_retry" does not exist
  位置：256
### The error may exist in com/chinacreator/gzcm/runtime/audit/mapper/AuditRetryMapper.java (best guess)
### The error may involve com.chinacreator.gzcm.runtime.audit.mapper.AuditRetryMapper.listDue-Inline
### The error occurred while setting parameters
### SQL: SELECT id, event_type AS eventType, payload, attempts, next_retry_at AS nextRetryAt, last_error AS lastError, status, trace_id AS traceId, create_time AS createTime, update_time AS updateTime, version_no AS versionNo, is_deleted AS isDeleted, domain FROM public.ecos_runtime_audit_retry WHERE is_deleted = 0 AND status = 'pending' AND next_retry_at <= ? ORDER BY next_retry_at ASC LIMIT ?
### Cause: org.postgresql.util.PSQLException: ERROR: relation "public.ecos_runtime_audit_retry" does not exist
  位置：256
; bad SQL grammar []
2026-09-30 18:26:36.139 [scheduling-1] [] WARN  c.c.g.runtime.audit.AuditRetryTask - [AuditRetry] 到期行拉取失败（表缺失/DB 不可用）errType=BadSqlGrammarException msg=
### Error querying database.  Cause: org.postgresql.util.PSQLException: ERROR: relation "public.ecos_runtime_audit_retry" does not exist
  位置：256
### The error may exist in com/chinacreator/gzcm/runtime/audit/mapper/AuditRetryMapper.java (best guess)
### The error may involve com.chinacreator.gzcm.runtime.audit.mapper.AuditRetryMapper.listDue-Inline
### The error occurred while setting parameters
### SQL: SELECT id, event_type AS eventType, payload, attempts, next_retry_at AS nextRetryAt, last_error AS lastError, status, trace_id AS traceId, create_time AS createTime, update_time AS updateTime, version_no AS versionNo, is_deleted AS isDeleted, domain FROM public.ecos_runtime_audit_retry WHERE is_deleted = 0 AND status = 'pending' AND next_retry_at <= ? ORDER BY next_retry_at ASC LIMIT ?
### Cause: org.postgresql.util.PSQLException: ERROR: relation "public.ecos_runtime_audit_retry" does not exist
  位置：256
; bad SQL grammar []
2026-09-30 18:27:01.921 [scheduling-1] [] WARN  c.c.gzcm.runtime.dlq.DltLagChecker - [DltLagChecker] AdminClient 创建失败 errType=KafkaException msg=Failed to create new KafkaAdminClient
2026-09-30 18:27:01.924 [scheduling-1] [] WARN  c.c.gzcm.runtime.dlq.DltLagChecker - [DltLagChecker] AdminClient 不可用（bootstrap=localhost:9092），本轮降级跳过
2026-09-30 18:27:36.164 [scheduling-1] [] WARN  c.c.g.runtime.audit.AuditRetryTask - [AuditRetry] 到期行拉取失败（表缺失/DB 不可用）errType=BadSqlGrammarException msg=
### Error querying database.  Cause: org.postgresql.util.PSQLException: ERROR: relation "public.ecos_runtime_audit_retry" does not exist
  位置：256
### The error may exist in com/chinacreator/gzcm/runtime/audit/mapper/AuditRetryMapper.java (best guess)
### The error may involve com.chinacreator.gzcm.runtime.audit.mapper.AuditRetryMapper.listDue-Inline
### The error occurred while setting parameters
### SQL: SELECT id, event_type AS eventType, payload, attempts, next_retry_at AS nextRetryAt, last_error AS lastError, status, trace_id AS traceId, create_time AS createTime, update_time AS updateTime, version_no AS versionNo, is_deleted AS isDeleted, domain FROM public.ecos_runtime_audit_retry WHERE is_deleted = 0 AND status = 'pending' AND next_retry_at <= ? ORDER BY next_retry_at ASC LIMIT ?
### Cause: org.postgresql.util.PSQLException: ERROR: relation "public.ecos_runtime_audit_retry" does not exist
  位置：256
; bad SQL grammar []
2026-09-30 18:28:36.190 [scheduling-1] [] WARN  c.c.g.runtime.audit.AuditRetryTask - [AuditRetry] 到期行拉取失败（表缺失/DB 不可用）errType=BadSqlGrammarException msg=
### Error querying database.  Cause: org.postgresql.util.PSQLException: ERROR: relation "public.ecos_runtime_audit_retry" does not exist
  位置：256
### The error may exist in com/chinacreator/gzcm/runtime/audit/mapper/AuditRetryMapper.java (best guess)
### The error may involve com.chinacreator.gzcm.runtime.audit.mapper.AuditRetryMapper.listDue-Inline
### The error occurred while setting parameters
### SQL: SELECT id, event_type AS eventType, payload, attempts, next_retry_at AS nextRetryAt, last_error AS lastError, status, trace_id AS traceId, create_time AS createTime, update_time AS updateTime, version_no AS versionNo, is_deleted AS isDeleted, domain FROM public.ecos_runtime_audit_retry WHERE is_deleted = 0 AND status = 'pending' AND next_retry_at <= ? ORDER BY next_retry_at ASC LIMIT ?
### Cause: org.postgresql.util.PSQLException: ERROR: relation "public.ecos_runtime_audit_retry" does not exist
  位置：256
; bad SQL grammar []
2026-09-30 18:29:36.215 [scheduling-1] [] WARN  c.c.g.runtime.audit.AuditRetryTask - [AuditRetry] 到期行拉取失败（表缺失/DB 不可用）errType=BadSqlGrammarException msg=
### Error querying database.  Cause: org.postgresql.util.PSQLException: ERROR: relation "public.ecos_runtime_audit_retry" does not exist
  位置：256
### The error may exist in com/chinacreator/gzcm/runtime/audit/mapper/AuditRetryMapper.java (best guess)
### The error may involve com.chinacreator.gzcm.runtime.audit.mapper.AuditRetryMapper.listDue-Inline
### The error occurred while setting parameters
### SQL: SELECT id, event_type AS eventType, payload, attempts, next_retry_at AS nextRetryAt, last_error AS lastError, status, trace_id AS traceId, create_time AS createTime, update_time AS updateTime, version_no AS versionNo, is_deleted AS isDeleted, domain FROM public.ecos_runtime_audit_retry WHERE is_deleted = 0 AND status = 'pending' AND next_retry_at <= ? ORDER BY next_retry_at ASC LIMIT ?
### Cause: org.postgresql.util.PSQLException: ERROR: relation "public.ecos_runtime_audit_retry" does not exist
  位置：256
; bad SQL grammar []
2026-09-30 18:30:36.237 [scheduling-1] [] WARN  c.c.g.runtime.audit.AuditRetryTask - [AuditRetry] 到期行拉取失败（表缺失/DB 不可用）errType=BadSqlGrammarException msg=
### Error querying database.  Cause: org.postgresql.util.PSQLException: ERROR: relation "public.ecos_runtime_audit_retry" does not exist
  位置：256
### The error may exist in com/chinacreator/gzcm/runtime/audit/mapper/AuditRetryMapper.java (best guess)
### The error may involve com.chinacreator.gzcm.runtime.audit.mapper.AuditRetryMapper.listDue-Inline
### The error occurred while setting parameters
### SQL: SELECT id, event_type AS eventType, payload, attempts, next_retry_at AS nextRetryAt, last_error AS lastError, status, trace_id AS traceId, create_time AS createTime, update_time AS updateTime, version_no AS versionNo, is_deleted AS isDeleted, domain FROM public.ecos_runtime_audit_retry WHERE is_deleted = 0 AND status = 'pending' AND next_retry_at <= ? ORDER BY next_retry_at ASC LIMIT ?
### Cause: org.postgresql.util.PSQLException: ERROR: relation "public.ecos_runtime_audit_retry" does not exist
  位置：256
; bad SQL grammar []
2026-09-30 18:31:36.293 [scheduling-1] [] WARN  c.c.g.runtime.audit.AuditRetryTask - [AuditRetry] 到期行拉取失败（表缺失/DB 不可用）errType=BadSqlGrammarException msg=
### Error querying database.  Cause: org.postgresql.util.PSQLException: ERROR: relation "public.ecos_runtime_audit_retry" does not exist
  位置：256
### The error may exist in com/chinacreator/gzcm/runtime/audit/mapper/AuditRetryMapper.java (best guess)
### The error may involve com.chinacreator.gzcm.runtime.audit.mapper.AuditRetryMapper.listDue-Inline
### The error occurred while setting parameters
### SQL: SELECT id, event_type AS eventType, payload, attempts, next_retry_at AS nextRetryAt, last_error AS lastError, status, trace_id AS traceId, create_time AS createTime, update_time AS updateTime, version_no AS versionNo, is_deleted AS isDeleted, domain FROM public.ecos_runtime_audit_retry WHERE is_deleted = 0 AND status = 'pending' AND next_retry_at <= ? ORDER BY next_retry_at ASC LIMIT ?
### Cause: org.postgresql.util.PSQLException: ERROR: relation "public.ecos_runtime_audit_retry" does not exist
  位置：256
; bad SQL grammar []
2026-09-30 18:32:01.967 [scheduling-1] [] WARN  c.c.gzcm.runtime.dlq.DltLagChecker - [DltLagChecker] AdminClient 创建失败 errType=KafkaException msg=Failed to create new KafkaAdminClient
2026-09-30 18:32:01.980 [scheduling-1] [] WARN  c.c.gzcm.runtime.dlq.DltLagChecker - [DltLagChecker] AdminClient 不可用（bootstrap=localhost:9092），本轮降级跳过
2026-09-30 18:32:36.357 [scheduling-1] [] WARN  c.c.g.runtime.audit.AuditRetryTask - [AuditRetry] 到期行拉取失败（表缺失/DB 不可用）errType=BadSqlGrammarException msg=
### Error querying database.  Cause: org.postgresql.util.PSQLException: ERROR: relation "public.ecos_runtime_audit_retry" does not exist
  位置：256
### The error may exist in com/chinacreator/gzcm/runtime/audit/mapper/AuditRetryMapper.java (best guess)
### The error may involve com.chinacreator.gzcm.runtime.audit.mapper.AuditRetryMapper.listDue-Inline
### The error occurred while setting parameters
### SQL: SELECT id, event_type AS eventType, payload, attempts, next_retry_at AS nextRetryAt, last_error AS lastError, status, trace_id AS traceId, create_time AS createTime, update_time AS updateTime, version_no AS versionNo, is_deleted AS isDeleted, domain FROM public.ecos_runtime_audit_retry WHERE is_deleted = 0 AND status = 'pending' AND next_retry_at <= ? ORDER BY next_retry_at ASC LIMIT ?
### Cause: org.postgresql.util.PSQLException: ERROR: relation "public.ecos_runtime_audit_retry" does not exist
  位置：256
; bad SQL grammar []
2026-09-30 18:33:36.402 [scheduling-1] [] WARN  c.c.g.runtime.audit.AuditRetryTask - [AuditRetry] 到期行拉取失败（表缺失/DB 不可用）errType=BadSqlGrammarException msg=
### Error querying database.  Cause: org.postgresql.util.PSQLException: ERROR: relation "public.ecos_runtime_audit_retry" does not exist
  位置：256
### The error may exist in com/chinacreator/gzcm/runtime/audit/mapper/AuditRetryMapper.java (best guess)
### The error may involve com.chinacreator.gzcm.runtime.audit.mapper.AuditRetryMapper.listDue-Inline
### The error occurred while setting parameters
### SQL: SELECT id, event_type AS eventType, payload, attempts, next_retry_at AS nextRetryAt, last_error AS lastError, status, trace_id AS traceId, create_time AS createTime, update_time AS updateTime, version_no AS versionNo, is_deleted AS isDeleted, domain FROM public.ecos_runtime_audit_retry WHERE is_deleted = 0 AND status = 'pending' AND next_retry_at <= ? ORDER BY next_retry_at ASC LIMIT ?
### Cause: org.postgresql.util.PSQLException: ERROR: relation "public.ecos_runtime_audit_retry" does not exist
  位置：256
; bad SQL grammar []
2026-09-30 18:34:36.422 [scheduling-1] [] WARN  c.c.g.runtime.audit.AuditRetryTask - [AuditRetry] 到期行拉取失败（表缺失/DB 不可用）errType=BadSqlGrammarException msg=
### Error querying database.  Cause: org.postgresql.util.PSQLException: ERROR: relation "public.ecos_runtime_audit_retry" does not exist
  位置：256
### The error may exist in com/chinacreator/gzcm/runtime/audit/mapper/AuditRetryMapper.java (best guess)
### The error may involve com.chinacreator.gzcm.runtime.audit.mapper.AuditRetryMapper.listDue-Inline
### The error occurred while setting parameters
### SQL: SELECT id, event_type AS eventType, payload, attempts, next_retry_at AS nextRetryAt, last_error AS lastError, status, trace_id AS traceId, create_time AS createTime, update_time AS updateTime, version_no AS versionNo, is_deleted AS isDeleted, domain FROM public.ecos_runtime_audit_retry WHERE is_deleted = 0 AND status = 'pending' AND next_retry_at <= ? ORDER BY next_retry_at ASC LIMIT ?
### Cause: org.postgresql.util.PSQLException: ERROR: relation "public.ecos_runtime_audit_retry" does not exist
  位置：256
; bad SQL grammar []
2026-09-30 18:35:36.440 [scheduling-1] [] WARN  c.c.g.runtime.audit.AuditRetryTask - [AuditRetry] 到期行拉取失败（表缺失/DB 不可用）errType=BadSqlGrammarException msg=
### Error querying database.  Cause: org.postgresql.util.PSQLException: ERROR: relation "public.ecos_runtime_audit_retry" does not exist
  位置：256
### The error may exist in com/chinacreator/gzcm/runtime/audit/mapper/AuditRetryMapper.java (best guess)
### The error may involve com.chinacreator.gzcm.runtime.audit.mapper.AuditRetryMapper.listDue-Inline
### The error occurred while setting parameters
### SQL: SELECT id, event_type AS eventType, payload, attempts, next_retry_at AS nextRetryAt, last_error AS lastError, status, trace_id AS traceId, create_time AS createTime, update_time AS updateTime, version_no AS versionNo, is_deleted AS isDeleted, domain FROM public.ecos_runtime_audit_retry WHERE is_deleted = 0 AND status = 'pending' AND next_retry_at <= ? ORDER BY next_retry_at ASC LIMIT ?
### Cause: org.postgresql.util.PSQLException: ERROR: relation "public.ecos_runtime_audit_retry" does not exist
  位置：256
; bad SQL grammar []
2026-09-30 18:36:36.463 [scheduling-1] [] WARN  c.c.g.runtime.audit.AuditRetryTask - [AuditRetry] 到期行拉取失败（表缺失/DB 不可用）errType=BadSqlGrammarException msg=
### Error querying database.  Cause: org.postgresql.util.PSQLException: ERROR: relation "public.ecos_runtime_audit_retry" does not exist
  位置：256
### The error may exist in com/chinacreator/gzcm/runtime/audit/mapper/AuditRetryMapper.java (best guess)
### The error may involve com.chinacreator.gzcm.runtime.audit.mapper.AuditRetryMapper.listDue-Inline
### The error occurred while setting parameters
### SQL: SELECT id, event_type AS eventType, payload, attempts, next_retry_at AS nextRetryAt, last_error AS lastError, status, trace_id AS traceId, create_time AS createTime, update_time AS updateTime, version_no AS versionNo, is_deleted AS isDeleted, domain FROM public.ecos_runtime_audit_retry WHERE is_deleted = 0 AND status = 'pending' AND next_retry_at <= ? ORDER BY next_retry_at ASC LIMIT ?
### Cause: org.postgresql.util.PSQLException: ERROR: relation "public.ecos_runtime_audit_retry" does not exist
  位置：256
; bad SQL grammar []
2026-09-30 18:37:02.026 [scheduling-1] [] WARN  c.c.gzcm.runtime.dlq.DltLagChecker - [DltLagChecker] AdminClient 创建失败 errType=KafkaException msg=Failed to create new KafkaAdminClient
2026-09-30 18:37:02.029 [scheduling-1] [] WARN  c.c.gzcm.runtime.dlq.DltLagChecker - [DltLagChecker] AdminClient 不可用（bootstrap=localhost:9092），本轮降级跳过
2026-09-30 18:37:36.477 [scheduling-1] [] WARN  c.c.g.runtime.audit.AuditRetryTask - [AuditRetry] 到期行拉取失败（表缺失/DB 不可用）errType=BadSqlGrammarException msg=
### Error querying database.  Cause: org.postgresql.util.PSQLException: ERROR: relation "public.ecos_runtime_audit_retry" does not exist
  位置：256
### The error may exist in com/chinacreator/gzcm/runtime/audit/mapper/AuditRetryMapper.java (best guess)
### The error may involve com.chinacreator.gzcm.runtime.audit.mapper.AuditRetryMapper.listDue-Inline
### The error occurred while setting parameters
### SQL: SELECT id, event_type AS eventType, payload, attempts, next_retry_at AS nextRetryAt, last_error AS lastError, status, trace_id AS traceId, create_time AS createTime, update_time AS updateTime, version_no AS versionNo, is_deleted AS isDeleted, domain FROM public.ecos_runtime_audit_retry WHERE is_deleted = 0 AND status = 'pending' AND next_retry_at <= ? ORDER BY next_retry_at ASC LIMIT ?
### Cause: org.postgresql.util.PSQLException: ERROR: relation "public.ecos_runtime_audit_retry" does not exist
  位置：256
; bad SQL grammar []
2026-09-30 18:38:36.520 [scheduling-1] [] WARN  c.c.g.runtime.audit.AuditRetryTask - [AuditRetry] 到期行拉取失败（表缺失/DB 不可用）errType=BadSqlGrammarException msg=
### Error querying database.  Cause: org.postgresql.util.PSQLException: ERROR: relation "public.ecos_runtime_audit_retry" does not exist
  位置：256
### The error may exist in com/chinacreator/gzcm/runtime/audit/mapper/AuditRetryMapper.java (best guess)
### The error may involve com.chinacreator.gzcm.runtime.audit.mapper.AuditRetryMapper.listDue-Inline
### The error occurred while setting parameters
### SQL: SELECT id, event_type AS eventType, payload, attempts, next_retry_at AS nextRetryAt, last_error AS lastError, status, trace_id AS traceId, create_time AS createTime, update_time AS updateTime, version_no AS versionNo, is_deleted AS isDeleted, domain FROM public.ecos_runtime_audit_retry WHERE is_deleted = 0 AND status = 'pending' AND next_retry_at <= ? ORDER BY next_retry_at ASC LIMIT ?
### Cause: org.postgresql.util.PSQLException: ERROR: relation "public.ecos_runtime_audit_retry" does not exist
  位置：256
; bad SQL grammar []
2026-09-30 18:39:36.546 [scheduling-1] [] WARN  c.c.g.runtime.audit.AuditRetryTask - [AuditRetry] 到期行拉取失败（表缺失/DB 不可用）errType=BadSqlGrammarException msg=
### Error querying database.  Cause: org.postgresql.util.PSQLException: ERROR: relation "public.ecos_runtime_audit_retry" does not exist
  位置：256
### The error may exist in com/chinacreator/gzcm/runtime/audit/mapper/AuditRetryMapper.java (best guess)
### The error may involve com.chinacreator.gzcm.runtime.audit.mapper.AuditRetryMapper.listDue-Inline
### The error occurred while setting parameters
### SQL: SELECT id, event_type AS eventType, payload, attempts, next_retry_at AS nextRetryAt, last_error AS lastError, status, trace_id AS traceId, create_time AS createTime, update_time AS updateTime, version_no AS versionNo, is_deleted AS isDeleted, domain FROM public.ecos_runtime_audit_retry WHERE is_deleted = 0 AND status = 'pending' AND next_retry_at <= ? ORDER BY next_retry_at ASC LIMIT ?
### Cause: org.postgresql.util.PSQLException: ERROR: relation "public.ecos_runtime_audit_retry" does not exist
  位置：256
; bad SQL grammar []
2026-09-30 18:40:36.574 [scheduling-1] [] WARN  c.c.g.runtime.audit.AuditRetryTask - [AuditRetry] 到期行拉取失败（表缺失/DB 不可用）errType=BadSqlGrammarException msg=
### Error querying database.  Cause: org.postgresql.util.PSQLException: ERROR: relation "public.ecos_runtime_audit_retry" does not exist
  位置：256
### The error may exist in com/chinacreator/gzcm/runtime/audit/mapper/AuditRetryMapper.java (best guess)
### The error may involve com.chinacreator.gzcm.runtime.audit.mapper.AuditRetryMapper.listDue-Inline
### The error occurred while setting parameters
### SQL: SELECT id, event_type AS eventType, payload, attempts, next_retry_at AS nextRetryAt, last_error AS lastError, status, trace_id AS traceId, create_time AS createTime, update_time AS updateTime, version_no AS versionNo, is_deleted AS isDeleted, domain FROM public.ecos_runtime_audit_retry WHERE is_deleted = 0 AND status = 'pending' AND next_retry_at <= ? ORDER BY next_retry_at ASC LIMIT ?
### Cause: org.postgresql.util.PSQLException: ERROR: relation "public.ecos_runtime_audit_retry" does not exist
  位置：256
; bad SQL grammar []
2026-09-30 18:41:36.589 [scheduling-1] [] WARN  c.c.g.runtime.audit.AuditRetryTask - [AuditRetry] 到期行拉取失败（表缺失/DB 不可用）errType=BadSqlGrammarException msg=
### Error querying database.  Cause: org.postgresql.util.PSQLException: ERROR: relation "public.ecos_runtime_audit_retry" does not exist
  位置：256
### The error may exist in com/chinacreator/gzcm/runtime/audit/mapper/AuditRetryMapper.java (best guess)
### The error may involve com.chinacreator.gzcm.runtime.audit.mapper.AuditRetryMapper.listDue-Inline
### The error occurred while setting parameters
### SQL: SELECT id, event_type AS eventType, payload, attempts, next_retry_at AS nextRetryAt, last_error AS lastError, status, trace_id AS traceId, create_time AS createTime, update_time AS updateTime, version_no AS versionNo, is_deleted AS isDeleted, domain FROM public.ecos_runtime_audit_retry WHERE is_deleted = 0 AND status = 'pending' AND next_retry_at <= ? ORDER BY next_retry_at ASC LIMIT ?
### Cause: org.postgresql.util.PSQLException: ERROR: relation "public.ecos_runtime_audit_retry" does not exist
  位置：256
; bad SQL grammar []
2026-09-30 18:42:02.099 [scheduling-1] [] WARN  c.c.gzcm.runtime.dlq.DltLagChecker - [DltLagChecker] AdminClient 创建失败 errType=KafkaException msg=Failed to create new KafkaAdminClient
2026-09-30 18:42:02.105 [scheduling-1] [] WARN  c.c.gzcm.runtime.dlq.DltLagChecker - [DltLagChecker] AdminClient 不可用（bootstrap=localhost:9092），本轮降级跳过
2026-09-30 18:42:36.748 [scheduling-1] [] WARN  c.c.g.runtime.audit.AuditRetryTask - [AuditRetry] 到期行拉取失败（表缺失/DB 不可用）errType=BadSqlGrammarException msg=
### Error querying database.  Cause: org.postgresql.util.PSQLException: ERROR: relation "public.ecos_runtime_audit_retry" does not exist
  位置：256
### The error may exist in com/chinacreator/gzcm/runtime/audit/mapper/AuditRetryMapper.java (best guess)
### The error may involve com.chinacreator.gzcm.runtime.audit.mapper.AuditRetryMapper.listDue-Inline
### The error occurred while setting parameters
### SQL: SELECT id, event_type AS eventType, payload, attempts, next_retry_at AS nextRetryAt, last_error AS lastError, status, trace_id AS traceId, create_time AS createTime, update_time AS updateTime, version_no AS versionNo, is_deleted AS isDeleted, domain FROM public.ecos_runtime_audit_retry WHERE is_deleted = 0 AND status = 'pending' AND next_retry_at <= ? ORDER BY next_retry_at ASC LIMIT ?
### Cause: org.postgresql.util.PSQLException: ERROR: relation "public.ecos_runtime_audit_retry" does not exist
  位置：256
; bad SQL grammar []
2026-09-30 18:43:36.782 [scheduling-1] [] WARN  c.c.g.runtime.audit.AuditRetryTask - [AuditRetry] 到期行拉取失败（表缺失/DB 不可用）errType=BadSqlGrammarException msg=
### Error querying database.  Cause: org.postgresql.util.PSQLException: ERROR: relation "public.ecos_runtime_audit_retry" does not exist
  位置：256
### The error may exist in com/chinacreator/gzcm/runtime/audit/mapper/AuditRetryMapper.java (best guess)
### The error may involve com.chinacreator.gzcm.runtime.audit.mapper.AuditRetryMapper.listDue-Inline
### The error occurred while setting parameters
### SQL: SELECT id, event_type AS eventType, payload, attempts, next_retry_at AS nextRetryAt, last_error AS lastError, status, trace_id AS traceId, create_time AS createTime, update_time AS updateTime, version_no AS versionNo, is_deleted AS isDeleted, domain FROM public.ecos_runtime_audit_retry WHERE is_deleted = 0 AND status = 'pending' AND next_retry_at <= ? ORDER BY next_retry_at ASC LIMIT ?
### Cause: org.postgresql.util.PSQLException: ERROR: relation "public.ecos_runtime_audit_retry" does not exist
  位置：256
; bad SQL grammar []
2026-09-30 18:44:36.806 [scheduling-1] [] WARN  c.c.g.runtime.audit.AuditRetryTask - [AuditRetry] 到期行拉取失败（表缺失/DB 不可用）errType=BadSqlGrammarException msg=
### Error querying database.  Cause: org.postgresql.util.PSQLException: ERROR: relation "public.ecos_runtime_audit_retry" does not exist
  位置：256
### The error may exist in com/chinacreator/gzcm/runtime/audit/mapper/AuditRetryMapper.java (best guess)
### The error may involve com.chinacreator.gzcm.runtime.audit.mapper.AuditRetryMapper.listDue-Inline
### The error occurred while setting parameters
### SQL: SELECT id, event_type AS eventType, payload, attempts, next_retry_at AS nextRetryAt, last_error AS lastError, status, trace_id AS traceId, create_time AS createTime, update_time AS updateTime, version_no AS versionNo, is_deleted AS isDeleted, domain FROM public.ecos_runtime_audit_retry WHERE is_deleted = 0 AND status = 'pending' AND next_retry_at <= ? ORDER BY next_retry_at ASC LIMIT ?
### Cause: org.postgresql.util.PSQLException: ERROR: relation "public.ecos_runtime_audit_retry" does not exist
  位置：256
; bad SQL grammar []
2026-09-30 18:45:36.831 [scheduling-1] [] WARN  c.c.g.runtime.audit.AuditRetryTask - [AuditRetry] 到期行拉取失败（表缺失/DB 不可用）errType=BadSqlGrammarException msg=
### Error querying database.  Cause: org.postgresql.util.PSQLException: ERROR: relation "public.ecos_runtime_audit_retry" does not exist
  位置：256
### The error may exist in com/chinacreator/gzcm/runtime/audit/mapper/AuditRetryMapper.java (best guess)
### The error may involve com.chinacreator.gzcm.runtime.audit.mapper.AuditRetryMapper.listDue-Inline
### The error occurred while setting parameters
### SQL: SELECT id, event_type AS eventType, payload, attempts, next_retry_at AS nextRetryAt, last_error AS lastError, status, trace_id AS traceId, create_time AS createTime, update_time AS updateTime, version_no AS versionNo, is_deleted AS isDeleted, domain FROM public.ecos_runtime_audit_retry WHERE is_deleted = 0 AND status = 'pending' AND next_retry_at <= ? ORDER BY next_retry_at ASC LIMIT ?
### Cause: org.postgresql.util.PSQLException: ERROR: relation "public.ecos_runtime_audit_retry" does not exist
  位置：256
; bad SQL grammar []
2026-09-30 18:46:36.862 [scheduling-1] [] WARN  c.c.g.runtime.audit.AuditRetryTask - [AuditRetry] 到期行拉取失败（表缺失/DB 不可用）errType=BadSqlGrammarException msg=
### Error querying database.  Cause: org.postgresql.util.PSQLException: ERROR: relation "public.ecos_runtime_audit_retry" does not exist
  位置：256
### The error may exist in com/chinacreator/gzcm/runtime/audit/mapper/AuditRetryMapper.java (best guess)
### The error may involve com.chinacreator.gzcm.runtime.audit.mapper.AuditRetryMapper.listDue-Inline
### The error occurred while setting parameters
### SQL: SELECT id, event_type AS eventType, payload, attempts, next_retry_at AS nextRetryAt, last_error AS lastError, status, trace_id AS traceId, create_time AS createTime, update_time AS updateTime, version_no AS versionNo, is_deleted AS isDeleted, domain FROM public.ecos_runtime_audit_retry WHERE is_deleted = 0 AND status = 'pending' AND next_retry_at <= ? ORDER BY next_retry_at ASC LIMIT ?
### Cause: org.postgresql.util.PSQLException: ERROR: relation "public.ecos_runtime_audit_retry" does not exist
  位置：256
; bad SQL grammar []
2026-09-30 18:47:02.160 [scheduling-1] [] WARN  c.c.gzcm.runtime.dlq.DltLagChecker - [DltLagChecker] AdminClient 创建失败 errType=KafkaException msg=Failed to create new KafkaAdminClient
2026-09-30 18:47:02.175 [scheduling-1] [] WARN  c.c.gzcm.runtime.dlq.DltLagChecker - [DltLagChecker] AdminClient 不可用（bootstrap=localhost:9092），本轮降级跳过
2026-09-30 18:47:36.887 [scheduling-1] [] WARN  c.c.g.runtime.audit.AuditRetryTask - [AuditRetry] 到期行拉取失败（表缺失/DB 不可用）errType=BadSqlGrammarException msg=
### Error querying database.  Cause: org.postgresql.util.PSQLException: ERROR: relation "public.ecos_runtime_audit_retry" does not exist
  位置：256
### The error may exist in com/chinacreator/gzcm/runtime/audit/mapper/AuditRetryMapper.java (best guess)
### The error may involve com.chinacreator.gzcm.runtime.audit.mapper.AuditRetryMapper.listDue-Inline
### The error occurred while setting parameters
### SQL: SELECT id, event_type AS eventType, payload, attempts, next_retry_at AS nextRetryAt, last_error AS lastError, status, trace_id AS traceId, create_time AS createTime, update_time AS updateTime, version_no AS versionNo, is_deleted AS isDeleted, domain FROM public.ecos_runtime_audit_retry WHERE is_deleted = 0 AND status = 'pending' AND next_retry_at <= ? ORDER BY next_retry_at ASC LIMIT ?
### Cause: org.postgresql.util.PSQLException: ERROR: relation "public.ecos_runtime_audit_retry" does not exist
  位置：256
; bad SQL grammar []
2026-09-30 18:48:36.936 [scheduling-1] [] WARN  c.c.g.runtime.audit.AuditRetryTask - [AuditRetry] 到期行拉取失败（表缺失/DB 不可用）errType=BadSqlGrammarException msg=
### Error querying database.  Cause: org.postgresql.util.PSQLException: ERROR: relation "public.ecos_runtime_audit_retry" does not exist
  位置：256
### The error may exist in com/chinacreator/gzcm/runtime/audit/mapper/AuditRetryMapper.java (best guess)
### The error may involve com.chinacreator.gzcm.runtime.audit.mapper.AuditRetryMapper.listDue-Inline
### The error occurred while setting parameters
### SQL: SELECT id, event_type AS eventType, payload, attempts, next_retry_at AS nextRetryAt, last_error AS lastError, status, trace_id AS traceId, create_time AS createTime, update_time AS updateTime, version_no AS versionNo, is_deleted AS isDeleted, domain FROM public.ecos_runtime_audit_retry WHERE is_deleted = 0 AND status = 'pending' AND next_retry_at <= ? ORDER BY next_retry_at ASC LIMIT ?
### Cause: org.postgresql.util.PSQLException: ERROR: relation "public.ecos_runtime_audit_retry" does not exist
  位置：256
; bad SQL grammar []
2026-09-30 18:49:36.948 [scheduling-1] [] WARN  c.c.g.runtime.audit.AuditRetryTask - [AuditRetry] 到期行拉取失败（表缺失/DB 不可用）errType=BadSqlGrammarException msg=
### Error querying database.  Cause: org.postgresql.util.PSQLException: ERROR: relation "public.ecos_runtime_audit_retry" does not exist
  位置：256
### The error may exist in com/chinacreator/gzcm/runtime/audit/mapper/AuditRetryMapper.java (best guess)
### The error may involve com.chinacreator.gzcm.runtime.audit.mapper.AuditRetryMapper.listDue-Inline
### The error occurred while setting parameters
### SQL: SELECT id, event_type AS eventType, payload, attempts, next_retry_at AS nextRetryAt, last_error AS lastError, status, trace_id AS traceId, create_time AS createTime, update_time AS updateTime, version_no AS versionNo, is_deleted AS isDeleted, domain FROM public.ecos_runtime_audit_retry WHERE is_deleted = 0 AND status = 'pending' AND next_retry_at <= ? ORDER BY next_retry_at ASC LIMIT ?
### Cause: org.postgresql.util.PSQLException: ERROR: relation "public.ecos_runtime_audit_retry" does not exist
  位置：256
; bad SQL grammar []
2026-09-30 18:50:36.980 [scheduling-1] [] WARN  c.c.g.runtime.audit.AuditRetryTask - [AuditRetry] 到期行拉取失败（表缺失/DB 不可用）errType=BadSqlGrammarException msg=
### Error querying database.  Cause: org.postgresql.util.PSQLException: ERROR: relation "public.ecos_runtime_audit_retry" does not exist
  位置：256
### The error may exist in com/chinacreator/gzcm/runtime/audit/mapper/AuditRetryMapper.java (best guess)
### The error may involve com.chinacreator.gzcm.runtime.audit.mapper.AuditRetryMapper.listDue-Inline
### The error occurred while setting parameters
### SQL: SELECT id, event_type AS eventType, payload, attempts, next_retry_at AS nextRetryAt, last_error AS lastError, status, trace_id AS traceId, create_time AS createTime, update_time AS updateTime, version_no AS versionNo, is_deleted AS isDeleted, domain FROM public.ecos_runtime_audit_retry WHERE is_deleted = 0 AND status = 'pending' AND next_retry_at <= ? ORDER BY next_retry_at ASC LIMIT ?
### Cause: org.postgresql.util.PSQLException: ERROR: relation "public.ecos_runtime_audit_retry" does not exist
  位置：256
; bad SQL grammar []
2026-09-30 18:51:36.998 [scheduling-1] [] WARN  c.c.g.runtime.audit.AuditRetryTask - [AuditRetry] 到期行拉取失败（表缺失/DB 不可用）errType=BadSqlGrammarException msg=
### Error querying database.  Cause: org.postgresql.util.PSQLException: ERROR: relation "public.ecos_runtime_audit_retry" does not exist
  位置：256
### The error may exist in com/chinacreator/gzcm/runtime/audit/mapper/AuditRetryMapper.java (best guess)
### The error may involve com.chinacreator.gzcm.runtime.audit.mapper.AuditRetryMapper.listDue-Inline
### The error occurred while setting parameters
### SQL: SELECT id, event_type AS eventType, payload, attempts, next_retry_at AS nextRetryAt, last_error AS lastError, status, trace_id AS traceId, create_time AS createTime, update_time AS updateTime, version_no AS versionNo, is_deleted AS isDeleted, domain FROM public.ecos_runtime_audit_retry WHERE is_deleted = 0 AND status = 'pending' AND next_retry_at <= ? ORDER BY next_retry_at ASC LIMIT ?
### Cause: org.postgresql.util.PSQLException: ERROR: relation "public.ecos_runtime_audit_retry" does not exist
  位置：256
; bad SQL grammar []
2026-09-30 18:52:02.227 [scheduling-1] [] WARN  c.c.gzcm.runtime.dlq.DltLagChecker - [DltLagChecker] AdminClient 创建失败 errType=KafkaException msg=Failed to create new KafkaAdminClient
2026-09-30 18:52:02.230 [scheduling-1] [] WARN  c.c.gzcm.runtime.dlq.DltLagChecker - [DltLagChecker] AdminClient 不可用（bootstrap=localhost:9092），本轮降级跳过
2026-09-30 18:52:37.024 [scheduling-1] [] WARN  c.c.g.runtime.audit.AuditRetryTask - [AuditRetry] 到期行拉取失败（表缺失/DB 不可用）errType=BadSqlGrammarException msg=
### Error querying database.  Cause: org.postgresql.util.PSQLException: ERROR: relation "public.ecos_runtime_audit_retry" does not exist
  位置：256
### The error may exist in com/chinacreator/gzcm/runtime/audit/mapper/AuditRetryMapper.java (best guess)
### The error may involve com.chinacreator.gzcm.runtime.audit.mapper.AuditRetryMapper.listDue-Inline
### The error occurred while setting parameters
### SQL: SELECT id, event_type AS eventType, payload, attempts, next_retry_at AS nextRetryAt, last_error AS lastError, status, trace_id AS traceId, create_time AS createTime, update_time AS updateTime, version_no AS versionNo, is_deleted AS isDeleted, domain FROM public.ecos_runtime_audit_retry WHERE is_deleted = 0 AND status = 'pending' AND next_retry_at <= ? ORDER BY next_retry_at ASC LIMIT ?
### Cause: org.postgresql.util.PSQLException: ERROR: relation "public.ecos_runtime_audit_retry" does not exist
  位置：256
; bad SQL grammar []
2026-09-30 18:53:37.165 [scheduling-1] [] WARN  c.c.g.runtime.audit.AuditRetryTask - [AuditRetry] 到期行拉取失败（表缺失/DB 不可用）errType=BadSqlGrammarException msg=
### Error querying database.  Cause: org.postgresql.util.PSQLException: ERROR: relation "public.ecos_runtime_audit_retry" does not exist
  位置：256
### The error may exist in com/chinacreator/gzcm/runtime/audit/mapper/AuditRetryMapper.java (best guess)
### The error may involve com.chinacreator.gzcm.runtime.audit.mapper.AuditRetryMapper.listDue-Inline
### The error occurred while setting parameters
### SQL: SELECT id, event_type AS eventType, payload, attempts, next_retry_at AS nextRetryAt, last_error AS lastError, status, trace_id AS traceId, create_time AS createTime, update_time AS updateTime, version_no AS versionNo, is_deleted AS isDeleted, domain FROM public.ecos_runtime_audit_retry WHERE is_deleted = 0 AND status = 'pending' AND next_retry_at <= ? ORDER BY next_retry_at ASC LIMIT ?
### Cause: org.postgresql.util.PSQLException: ERROR: relation "public.ecos_runtime_audit_retry" does not exist
  位置：256
; bad SQL grammar []
2026-09-30 18:54:37.216 [scheduling-1] [] WARN  c.c.g.runtime.audit.AuditRetryTask - [AuditRetry] 到期行拉取失败（表缺失/DB 不可用）errType=BadSqlGrammarException msg=
### Error querying database.  Cause: org.postgresql.util.PSQLException: ERROR: relation "public.ecos_runtime_audit_retry" does not exist
  位置：256
### The error may exist in com/chinacreator/gzcm/runtime/audit/mapper/AuditRetryMapper.java (best guess)
### The error may involve com.chinacreator.gzcm.runtime.audit.mapper.AuditRetryMapper.listDue-Inline
### The error occurred while setting parameters
### SQL: SELECT id, event_type AS eventType, payload, attempts, next_retry_at AS nextRetryAt, last_error AS lastError, status, trace_id AS traceId, create_time AS createTime, update_time AS updateTime, version_no AS versionNo, is_deleted AS isDeleted, domain FROM public.ecos_runtime_audit_retry WHERE is_deleted = 0 AND status = 'pending' AND next_retry_at <= ? ORDER BY next_retry_at ASC LIMIT ?
### Cause: org.postgresql.util.PSQLException: ERROR: relation "public.ecos_runtime_audit_retry" does not exist
  位置：256
; bad SQL grammar []
2026-09-30 18:55:37.279 [scheduling-1] [] WARN  c.c.g.runtime.audit.AuditRetryTask - [AuditRetry] 到期行拉取失败（表缺失/DB 不可用）errType=BadSqlGrammarException msg=
### Error querying database.  Cause: org.postgresql.util.PSQLException: ERROR: relation "public.ecos_runtime_audit_retry" does not exist
  位置：256
### The error may exist in com/chinacreator/gzcm/runtime/audit/mapper/AuditRetryMapper.java (best guess)
### The error may involve com.chinacreator.gzcm.runtime.audit.mapper.AuditRetryMapper.listDue-Inline
### The error occurred while setting parameters
### SQL: SELECT id, event_type AS eventType, payload, attempts, next_retry_at AS nextRetryAt, last_error AS lastError, status, trace_id AS traceId, create_time AS createTime, update_time AS updateTime, version_no AS versionNo, is_deleted AS isDeleted, domain FROM public.ecos_runtime_audit_retry WHERE is_deleted = 0 AND status = 'pending' AND next_retry_at <= ? ORDER BY next_retry_at ASC LIMIT ?
### Cause: org.postgresql.util.PSQLException: ERROR: relation "public.ecos_runtime_audit_retry" does not exist
  位置：256
; bad SQL grammar []
2026-09-30 18:56:37.304 [scheduling-1] [] WARN  c.c.g.runtime.audit.AuditRetryTask - [AuditRetry] 到期行拉取失败（表缺失/DB 不可用）errType=BadSqlGrammarException msg=
### Error querying database.  Cause: org.postgresql.util.PSQLException: ERROR: relation "public.ecos_runtime_audit_retry" does not exist
  位置：256
### The error may exist in com/chinacreator/gzcm/runtime/audit/mapper/AuditRetryMapper.java (best guess)
### The error may involve com.chinacreator.gzcm.runtime.audit.mapper.AuditRetryMapper.listDue-Inline
### The error occurred while setting parameters
### SQL: SELECT id, event_type AS eventType, payload, attempts, next_retry_at AS nextRetryAt, last_error AS lastError, status, trace_id AS traceId, create_time AS createTime, update_time AS updateTime, version_no AS versionNo, is_deleted AS isDeleted, domain FROM public.ecos_runtime_audit_retry WHERE is_deleted = 0 AND status = 'pending' AND next_retry_at <= ? ORDER BY next_retry_at ASC LIMIT ?
### Cause: org.postgresql.util.PSQLException: ERROR: relation "public.ecos_runtime_audit_retry" does not exist
  位置：256
; bad SQL grammar []
2026-09-30 18:57:02.267 [scheduling-1] [] WARN  c.c.gzcm.runtime.dlq.DltLagChecker - [DltLagChecker] AdminClient 创建失败 errType=KafkaException msg=Failed to create new KafkaAdminClient
2026-09-30 18:57:02.269 [scheduling-1] [] WARN  c.c.gzcm.runtime.dlq.DltLagChecker - [DltLagChecker] AdminClient 不可用（bootstrap=localhost:9092），本轮降级跳过
2026-09-30 18:57:37.345 [scheduling-1] [] WARN  c.c.g.runtime.audit.AuditRetryTask - [AuditRetry] 到期行拉取失败（表缺失/DB 不可用）errType=BadSqlGrammarException msg=
### Error querying database.  Cause: org.postgresql.util.PSQLException: ERROR: relation "public.ecos_runtime_audit_retry" does not exist
  位置：256
### The error may exist in com/chinacreator/gzcm/runtime/audit/mapper/AuditRetryMapper.java (best guess)
### The error may involve com.chinacreator.gzcm.runtime.audit.mapper.AuditRetryMapper.listDue-Inline
### The error occurred while setting parameters
### SQL: SELECT id, event_type AS eventType, payload, attempts, next_retry_at AS nextRetryAt, last_error AS lastError, status, trace_id AS traceId, create_time AS createTime, update_time AS updateTime, version_no AS versionNo, is_deleted AS isDeleted, domain FROM public.ecos_runtime_audit_retry WHERE is_deleted = 0 AND status = 'pending' AND next_retry_at <= ? ORDER BY next_retry_at ASC LIMIT ?
### Cause: org.postgresql.util.PSQLException: ERROR: relation "public.ecos_runtime_audit_retry" does not exist
  位置：256
; bad SQL grammar []
2026-09-30 18:58:37.366 [scheduling-1] [] WARN  c.c.g.runtime.audit.AuditRetryTask - [AuditRetry] 到期行拉取失败（表缺失/DB 不可用）errType=BadSqlGrammarException msg=
### Error querying database.  Cause: org.postgresql.util.PSQLException: ERROR: relation "public.ecos_runtime_audit_retry" does not exist
  位置：256
### The error may exist in com/chinacreator/gzcm/runtime/audit/mapper/AuditRetryMapper.java (best guess)
### The error may involve com.chinacreator.gzcm.runtime.audit.mapper.AuditRetryMapper.listDue-Inline
### The error occurred while setting parameters
### SQL: SELECT id, event_type AS eventType, payload, attempts, next_retry_at AS nextRetryAt, last_error AS lastError, status, trace_id AS traceId, create_time AS createTime, update_time AS updateTime, version_no AS versionNo, is_deleted AS isDeleted, domain FROM public.ecos_runtime_audit_retry WHERE is_deleted = 0 AND status = 'pending' AND next_retry_at <= ? ORDER BY next_retry_at ASC LIMIT ?
### Cause: org.postgresql.util.PSQLException: ERROR: relation "public.ecos_runtime_audit_retry" does not exist
  位置：256
; bad SQL grammar []
2026-09-30 18:59:37.392 [scheduling-1] [] WARN  c.c.g.runtime.audit.AuditRetryTask - [AuditRetry] 到期行拉取失败（表缺失/DB 不可用）errType=BadSqlGrammarException msg=
### Error querying database.  Cause: org.postgresql.util.PSQLException: ERROR: relation "public.ecos_runtime_audit_retry" does not exist
  位置：256
### The error may exist in com/chinacreator/gzcm/runtime/audit/mapper/AuditRetryMapper.java (best guess)
### The error may involve com.chinacreator.gzcm.runtime.audit.mapper.AuditRetryMapper.listDue-Inline
### The error occurred while setting parameters
### SQL: SELECT id, event_type AS eventType, payload, attempts, next_retry_at AS nextRetryAt, last_error AS lastError, status, trace_id AS traceId, create_time AS createTime, update_time AS updateTime, version_no AS versionNo, is_deleted AS isDeleted, domain FROM public.ecos_runtime_audit_retry WHERE is_deleted = 0 AND status = 'pending' AND next_retry_at <= ? ORDER BY next_retry_at ASC LIMIT ?
### Cause: org.postgresql.util.PSQLException: ERROR: relation "public.ecos_runtime_audit_retry" does not exist
  位置：256
; bad SQL grammar []
2026-09-30 19:00:37.431 [scheduling-1] [] WARN  c.c.g.runtime.audit.AuditRetryTask - [AuditRetry] 到期行拉取失败（表缺失/DB 不可用）errType=BadSqlGrammarException msg=
### Error querying database.  Cause: org.postgresql.util.PSQLException: ERROR: relation "public.ecos_runtime_audit_retry" does not exist
  位置：256
### The error may exist in com/chinacreator/gzcm/runtime/audit/mapper/AuditRetryMapper.java (best guess)
### The error may involve com.chinacreator.gzcm.runtime.audit.mapper.AuditRetryMapper.listDue-Inline
### The error occurred while setting parameters
### SQL: SELECT id, event_type AS eventType, payload, attempts, next_retry_at AS nextRetryAt, last_error AS lastError, status, trace_id AS traceId, create_time AS createTime, update_time AS updateTime, version_no AS versionNo, is_deleted AS isDeleted, domain FROM public.ecos_runtime_audit_retry WHERE is_deleted = 0 AND status = 'pending' AND next_retry_at <= ? ORDER BY next_retry_at ASC LIMIT ?
### Cause: org.postgresql.util.PSQLException: ERROR: relation "public.ecos_runtime_audit_retry" does not exist
  位置：256
; bad SQL grammar []
2026-09-30 19:01:37.463 [scheduling-1] [] WARN  c.c.g.runtime.audit.AuditRetryTask - [AuditRetry] 到期行拉取失败（表缺失/DB 不可用）errType=BadSqlGrammarException msg=
### Error querying database.  Cause: org.postgresql.util.PSQLException: ERROR: relation "public.ecos_runtime_audit_retry" does not exist
  位置：256
### The error may exist in com/chinacreator/gzcm/runtime/audit/mapper/AuditRetryMapper.java (best guess)
### The error may involve com.chinacreator.gzcm.runtime.audit.mapper.AuditRetryMapper.listDue-Inline
### The error occurred while setting parameters
### SQL: SELECT id, event_type AS eventType, payload, attempts, next_retry_at AS nextRetryAt, last_error AS lastError, status, trace_id AS traceId, create_time AS createTime, update_time AS updateTime, version_no AS versionNo, is_deleted AS isDeleted, domain FROM public.ecos_runtime_audit_retry WHERE is_deleted = 0 AND status = 'pending' AND next_retry_at <= ? ORDER BY next_retry_at ASC LIMIT ?
### Cause: org.postgresql.util.PSQLException: ERROR: relation "public.ecos_runtime_audit_retry" does not exist
  位置：256
; bad SQL grammar []
2026-09-30 19:02:02.326 [scheduling-1] [] WARN  c.c.gzcm.runtime.dlq.DltLagChecker - [DltLagChecker] AdminClient 创建失败 errType=KafkaException msg=Failed to create new KafkaAdminClient
2026-09-30 19:02:02.330 [scheduling-1] [] WARN  c.c.gzcm.runtime.dlq.DltLagChecker - [DltLagChecker] AdminClient 不可用（bootstrap=localhost:9092），本轮降级跳过
2026-09-30 19:02:37.532 [scheduling-1] [] WARN  c.c.g.runtime.audit.AuditRetryTask - [AuditRetry] 到期行拉取失败（表缺失/DB 不可用）errType=BadSqlGrammarException msg=
### Error querying database.  Cause: org.postgresql.util.PSQLException: ERROR: relation "public.ecos_runtime_audit_retry" does not exist
  位置：256
### The error may exist in com/chinacreator/gzcm/runtime/audit/mapper/AuditRetryMapper.java (best guess)
### The error may involve com.chinacreator.gzcm.runtime.audit.mapper.AuditRetryMapper.listDue-Inline
### The error occurred while setting parameters
### SQL: SELECT id, event_type AS eventType, payload, attempts, next_retry_at AS nextRetryAt, last_error AS lastError, status, trace_id AS traceId, create_time AS createTime, update_time AS updateTime, version_no AS versionNo, is_deleted AS isDeleted, domain FROM public.ecos_runtime_audit_retry WHERE is_deleted = 0 AND status = 'pending' AND next_retry_at <= ? ORDER BY next_retry_at ASC LIMIT ?
### Cause: org.postgresql.util.PSQLException: ERROR: relation "public.ecos_runtime_audit_retry" does not exist
  位置：256
; bad SQL grammar []
2026-09-30 19:03:37.567 [scheduling-1] [] WARN  c.c.g.runtime.audit.AuditRetryTask - [AuditRetry] 到期行拉取失败（表缺失/DB 不可用）errType=BadSqlGrammarException msg=
### Error querying database.  Cause: org.postgresql.util.PSQLException: ERROR: relation "public.ecos_runtime_audit_retry" does not exist
  位置：256
### The error may exist in com/chinacreator/gzcm/runtime/audit/mapper/AuditRetryMapper.java (best guess)
### The error may involve com.chinacreator.gzcm.runtime.audit.mapper.AuditRetryMapper.listDue-Inline
### The error occurred while setting parameters
### SQL: SELECT id, event_type AS eventType, payload, attempts, next_retry_at AS nextRetryAt, last_error AS lastError, status, trace_id AS traceId, create_time AS createTime, update_time AS updateTime, version_no AS versionNo, is_deleted AS isDeleted, domain FROM public.ecos_runtime_audit_retry WHERE is_deleted = 0 AND status = 'pending' AND next_retry_at <= ? ORDER BY next_retry_at ASC LIMIT ?
### Cause: org.postgresql.util.PSQLException: ERROR: relation "public.ecos_runtime_audit_retry" does not exist
  位置：256
; bad SQL grammar []
2026-09-30 19:04:37.586 [scheduling-1] [] WARN  c.c.g.runtime.audit.AuditRetryTask - [AuditRetry] 到期行拉取失败（表缺失/DB 不可用）errType=BadSqlGrammarException msg=
### Error querying database.  Cause: org.postgresql.util.PSQLException: ERROR: relation "public.ecos_runtime_audit_retry" does not exist
  位置：256
### The error may exist in com/chinacreator/gzcm/runtime/audit/mapper/AuditRetryMapper.java (best guess)
### The error may involve com.chinacreator.gzcm.runtime.audit.mapper.AuditRetryMapper.listDue-Inline
### The error occurred while setting parameters
### SQL: SELECT id, event_type AS eventType, payload, attempts, next_retry_at AS nextRetryAt, last_error AS lastError, status, trace_id AS traceId, create_time AS createTime, update_time AS updateTime, version_no AS versionNo, is_deleted AS isDeleted, domain FROM public.ecos_runtime_audit_retry WHERE is_deleted = 0 AND status = 'pending' AND next_retry_at <= ? ORDER BY next_retry_at ASC LIMIT ?
### Cause: org.postgresql.util.PSQLException: ERROR: relation "public.ecos_runtime_audit_retry" does not exist
  位置：256
; bad SQL grammar []
2026-09-30 19:05:37.629 [scheduling-1] [] WARN  c.c.g.runtime.audit.AuditRetryTask - [AuditRetry] 到期行拉取失败（表缺失/DB 不可用）errType=BadSqlGrammarException msg=
### Error querying database.  Cause: org.postgresql.util.PSQLException: ERROR: relation "public.ecos_runtime_audit_retry" does not exist
  位置：256
### The error may exist in com/chinacreator/gzcm/runtime/audit/mapper/AuditRetryMapper.java (best guess)
### The error may involve com.chinacreator.gzcm.runtime.audit.mapper.AuditRetryMapper.listDue-Inline
### The error occurred while setting parameters
### SQL: SELECT id, event_type AS eventType, payload, attempts, next_retry_at AS nextRetryAt, last_error AS lastError, status, trace_id AS traceId, create_time AS createTime, update_time AS updateTime, version_no AS versionNo, is_deleted AS isDeleted, domain FROM public.ecos_runtime_audit_retry WHERE is_deleted = 0 AND status = 'pending' AND next_retry_at <= ? ORDER BY next_retry_at ASC LIMIT ?
### Cause: org.postgresql.util.PSQLException: ERROR: relation "public.ecos_runtime_audit_retry" does not exist
  位置：256
; bad SQL grammar []
2026-09-30 19:06:37.647 [scheduling-1] [] WARN  c.c.g.runtime.audit.AuditRetryTask - [AuditRetry] 到期行拉取失败（表缺失/DB 不可用）errType=BadSqlGrammarException msg=
### Error querying database.  Cause: org.postgresql.util.PSQLException: ERROR: relation "public.ecos_runtime_audit_retry" does not exist
  位置：256
### The error may exist in com/chinacreator/gzcm/runtime/audit/mapper/AuditRetryMapper.java (best guess)
### The error may involve com.chinacreator.gzcm.runtime.audit.mapper.AuditRetryMapper.listDue-Inline
### The error occurred while setting parameters
### SQL: SELECT id, event_type AS eventType, payload, attempts, next_retry_at AS nextRetryAt, last_error AS lastError, status, trace_id AS traceId, create_time AS createTime, update_time AS updateTime, version_no AS versionNo, is_deleted AS isDeleted, domain FROM public.ecos_runtime_audit_retry WHERE is_deleted = 0 AND status = 'pending' AND next_retry_at <= ? ORDER BY next_retry_at ASC LIMIT ?
### Cause: org.postgresql.util.PSQLException: ERROR: relation "public.ecos_runtime_audit_retry" does not exist
  位置：256
; bad SQL grammar []
2026-09-30 19:07:02.361 [scheduling-1] [] WARN  c.c.gzcm.runtime.dlq.DltLagChecker - [DltLagChecker] AdminClient 创建失败 errType=KafkaException msg=Failed to create new KafkaAdminClient
2026-09-30 19:07:02.363 [scheduling-1] [] WARN  c.c.gzcm.runtime.dlq.DltLagChecker - [DltLagChecker] AdminClient 不可用（bootstrap=localhost:9092），本轮降级跳过
2026-09-30 19:07:37.694 [scheduling-1] [] WARN  c.c.g.runtime.audit.AuditRetryTask - [AuditRetry] 到期行拉取失败（表缺失/DB 不可用）errType=BadSqlGrammarException msg=
### Error querying database.  Cause: org.postgresql.util.PSQLException: ERROR: relation "public.ecos_runtime_audit_retry" does not exist
  位置：256
### The error may exist in com/chinacreator/gzcm/runtime/audit/mapper/AuditRetryMapper.java (best guess)
### The error may involve com.chinacreator.gzcm.runtime.audit.mapper.AuditRetryMapper.listDue-Inline
### The error occurred while setting parameters
### SQL: SELECT id, event_type AS eventType, payload, attempts, next_retry_at AS nextRetryAt, last_error AS lastError, status, trace_id AS traceId, create_time AS createTime, update_time AS updateTime, version_no AS versionNo, is_deleted AS isDeleted, domain FROM public.ecos_runtime_audit_retry WHERE is_deleted = 0 AND status = 'pending' AND next_retry_at <= ? ORDER BY next_retry_at ASC LIMIT ?
### Cause: org.postgresql.util.PSQLException: ERROR: relation "public.ecos_runtime_audit_retry" does not exist
  位置：256
; bad SQL grammar []
2026-09-30 19:08:37.723 [scheduling-1] [] WARN  c.c.g.runtime.audit.AuditRetryTask - [AuditRetry] 到期行拉取失败（表缺失/DB 不可用）errType=BadSqlGrammarException msg=
### Error querying database.  Cause: org.postgresql.util.PSQLException: ERROR: relation "public.ecos_runtime_audit_retry" does not exist
  位置：256
### The error may exist in com/chinacreator/gzcm/runtime/audit/mapper/AuditRetryMapper.java (best guess)
### The error may involve com.chinacreator.gzcm.runtime.audit.mapper.AuditRetryMapper.listDue-Inline
### The error occurred while setting parameters
### SQL: SELECT id, event_type AS eventType, payload, attempts, next_retry_at AS nextRetryAt, last_error AS lastError, status, trace_id AS traceId, create_time AS createTime, update_time AS updateTime, version_no AS versionNo, is_deleted AS isDeleted, domain FROM public.ecos_runtime_audit_retry WHERE is_deleted = 0 AND status = 'pending' AND next_retry_at <= ? ORDER BY next_retry_at ASC LIMIT ?
### Cause: org.postgresql.util.PSQLException: ERROR: relation "public.ecos_runtime_audit_retry" does not exist
  位置：256
; bad SQL grammar []
2026-09-30 19:09:37.739 [scheduling-1] [] WARN  c.c.g.runtime.audit.AuditRetryTask - [AuditRetry] 到期行拉取失败（表缺失/DB 不可用）errType=BadSqlGrammarException msg=
### Error querying database.  Cause: org.postgresql.util.PSQLException: ERROR: relation "public.ecos_runtime_audit_retry" does not exist
  位置：256
### The error may exist in com/chinacreator/gzcm/runtime/audit/mapper/AuditRetryMapper.java (best guess)
### The error may involve com.chinacreator.gzcm.runtime.audit.mapper.AuditRetryMapper.listDue-Inline
### The error occurred while setting parameters
### SQL: SELECT id, event_type AS eventType, payload, attempts, next_retry_at AS nextRetryAt, last_error AS lastError, status, trace_id AS traceId, create_time AS createTime, update_time AS updateTime, version_no AS versionNo, is_deleted AS isDeleted, domain FROM public.ecos_runtime_audit_retry WHERE is_deleted = 0 AND status = 'pending' AND next_retry_at <= ? ORDER BY next_retry_at ASC LIMIT ?
### Cause: org.postgresql.util.PSQLException: ERROR: relation "public.ecos_runtime_audit_retry" does not exist
  位置：256
; bad SQL grammar []
2026-09-30 19:10:37.761 [scheduling-1] [] WARN  c.c.g.runtime.audit.AuditRetryTask - [AuditRetry] 到期行拉取失败（表缺失/DB 不可用）errType=BadSqlGrammarException msg=
### Error querying database.  Cause: org.postgresql.util.PSQLException: ERROR: relation "public.ecos_runtime_audit_retry" does not exist
  位置：256
### The error may exist in com/chinacreator/gzcm/runtime/audit/mapper/AuditRetryMapper.java (best guess)
### The error may involve com.chinacreator.gzcm.runtime.audit.mapper.AuditRetryMapper.listDue-Inline
### The error occurred while setting parameters
### SQL: SELECT id, event_type AS eventType, payload, attempts, next_retry_at AS nextRetryAt, last_error AS lastError, status, trace_id AS traceId, create_time AS createTime, update_time AS updateTime, version_no AS versionNo, is_deleted AS isDeleted, domain FROM public.ecos_runtime_audit_retry WHERE is_deleted = 0 AND status = 'pending' AND next_retry_at <= ? ORDER BY next_retry_at ASC LIMIT ?
### Cause: org.postgresql.util.PSQLException: ERROR: relation "public.ecos_runtime_audit_retry" does not exist
  位置：256
; bad SQL grammar []
2026-09-30 19:11:37.777 [scheduling-1] [] WARN  c.c.g.runtime.audit.AuditRetryTask - [AuditRetry] 到期行拉取失败（表缺失/DB 不可用）errType=BadSqlGrammarException msg=
### Error querying database.  Cause: org.postgresql.util.PSQLException: ERROR: relation "public.ecos_runtime_audit_retry" does not exist
  位置：256
### The error may exist in com/chinacreator/gzcm/runtime/audit/mapper/AuditRetryMapper.java (best guess)
### The error may involve com.chinacreator.gzcm.runtime.audit.mapper.AuditRetryMapper.listDue-Inline
### The error occurred while setting parameters
### SQL: SELECT id, event_type AS eventType, payload, attempts, next_retry_at AS nextRetryAt, last_error AS lastError, status, trace_id AS traceId, create_time AS createTime, update_time AS updateTime, version_no AS versionNo, is_deleted AS isDeleted, domain FROM public.ecos_runtime_audit_retry WHERE is_deleted = 0 AND status = 'pending' AND next_retry_at <= ? ORDER BY next_retry_at ASC LIMIT ?
### Cause: org.postgresql.util.PSQLException: ERROR: relation "public.ecos_runtime_audit_retry" does not exist
  位置：256
; bad SQL grammar []
2026-09-30 19:12:02.390 [scheduling-1] [] WARN  c.c.gzcm.runtime.dlq.DltLagChecker - [DltLagChecker] AdminClient 创建失败 errType=KafkaException msg=Failed to create new KafkaAdminClient
2026-09-30 19:12:02.400 [scheduling-1] [] WARN  c.c.gzcm.runtime.dlq.DltLagChecker - [DltLagChecker] AdminClient 不可用（bootstrap=localhost:9092），本轮降级跳过
2026-09-30 19:12:37.808 [scheduling-1] [] WARN  c.c.g.runtime.audit.AuditRetryTask - [AuditRetry] 到期行拉取失败（表缺失/DB 不可用）errType=BadSqlGrammarException msg=
### Error querying database.  Cause: org.postgresql.util.PSQLException: ERROR: relation "public.ecos_runtime_audit_retry" does not exist
  位置：256
### The error may exist in com/chinacreator/gzcm/runtime/audit/mapper/AuditRetryMapper.java (best guess)
### The error may involve com.chinacreator.gzcm.runtime.audit.mapper.AuditRetryMapper.listDue-Inline
### The error occurred while setting parameters
### SQL: SELECT id, event_type AS eventType, payload, attempts, next_retry_at AS nextRetryAt, last_error AS lastError, status, trace_id AS traceId, create_time AS createTime, update_time AS updateTime, version_no AS versionNo, is_deleted AS isDeleted, domain FROM public.ecos_runtime_audit_retry WHERE is_deleted = 0 AND status = 'pending' AND next_retry_at <= ? ORDER BY next_retry_at ASC LIMIT ?
### Cause: org.postgresql.util.PSQLException: ERROR: relation "public.ecos_runtime_audit_retry" does not exist
  位置：256
; bad SQL grammar []
2026-09-30 19:13:37.832 [scheduling-1] [] WARN  c.c.g.runtime.audit.AuditRetryTask - [AuditRetry] 到期行拉取失败（表缺失/DB 不可用）errType=BadSqlGrammarException msg=
### Error querying database.  Cause: org.postgresql.util.PSQLException: ERROR: relation "public.ecos_runtime_audit_retry" does not exist
  位置：256
### The error may exist in com/chinacreator/gzcm/runtime/audit/mapper/AuditRetryMapper.java (best guess)
### The error may involve com.chinacreator.gzcm.runtime.audit.mapper.AuditRetryMapper.listDue-Inline
### The error occurred while setting parameters
### SQL: SELECT id, event_type AS eventType, payload, attempts, next_retry_at AS nextRetryAt, last_error AS lastError, status, trace_id AS traceId, create_time AS createTime, update_time AS updateTime, version_no AS versionNo, is_deleted AS isDeleted, domain FROM public.ecos_runtime_audit_retry WHERE is_deleted = 0 AND status = 'pending' AND next_retry_at <= ? ORDER BY next_retry_at ASC LIMIT ?
### Cause: org.postgresql.util.PSQLException: ERROR: relation "public.ecos_runtime_audit_retry" does not exist
  位置：256
; bad SQL grammar []
2026-09-30 19:14:37.871 [scheduling-1] [] WARN  c.c.g.runtime.audit.AuditRetryTask - [AuditRetry] 到期行拉取失败（表缺失/DB 不可用）errType=BadSqlGrammarException msg=
### Error querying database.  Cause: org.postgresql.util.PSQLException: ERROR: relation "public.ecos_runtime_audit_retry" does not exist
  位置：256
### The error may exist in com/chinacreator/gzcm/runtime/audit/mapper/AuditRetryMapper.java (best guess)
### The error may involve com.chinacreator.gzcm.runtime.audit.mapper.AuditRetryMapper.listDue-Inline
### The error occurred while setting parameters
### SQL: SELECT id, event_type AS eventType, payload, attempts, next_retry_at AS nextRetryAt, last_error AS lastError, status, trace_id AS traceId, create_time AS createTime, update_time AS updateTime, version_no AS versionNo, is_deleted AS isDeleted, domain FROM public.ecos_runtime_audit_retry WHERE is_deleted = 0 AND status = 'pending' AND next_retry_at <= ? ORDER BY next_retry_at ASC LIMIT ?
### Cause: org.postgresql.util.PSQLException: ERROR: relation "public.ecos_runtime_audit_retry" does not exist
  位置：256
; bad SQL grammar []
2026-09-30 19:15:37.892 [scheduling-1] [] WARN  c.c.g.runtime.audit.AuditRetryTask - [AuditRetry] 到期行拉取失败（表缺失/DB 不可用）errType=BadSqlGrammarException msg=
### Error querying database.  Cause: org.postgresql.util.PSQLException: ERROR: relation "public.ecos_runtime_audit_retry" does not exist
  位置：256
### The error may exist in com/chinacreator/gzcm/runtime/audit/mapper/AuditRetryMapper.java (best guess)
### The error may involve com.chinacreator.gzcm.runtime.audit.mapper.AuditRetryMapper.listDue-Inline
### The error occurred while setting parameters
### SQL: SELECT id, event_type AS eventType, payload, attempts, next_retry_at AS nextRetryAt, last_error AS lastError, status, trace_id AS traceId, create_time AS createTime, update_time AS updateTime, version_no AS versionNo, is_deleted AS isDeleted, domain FROM public.ecos_runtime_audit_retry WHERE is_deleted = 0 AND status = 'pending' AND next_retry_at <= ? ORDER BY next_retry_at ASC LIMIT ?
### Cause: org.postgresql.util.PSQLException: ERROR: relation "public.ecos_runtime_audit_retry" does not exist
  位置：256
; bad SQL grammar []
2026-09-30 19:16:37.923 [scheduling-1] [] WARN  c.c.g.runtime.audit.AuditRetryTask - [AuditRetry] 到期行拉取失败（表缺失/DB 不可用）errType=BadSqlGrammarException msg=
### Error querying database.  Cause: org.postgresql.util.PSQLException: ERROR: relation "public.ecos_runtime_audit_retry" does not exist
  位置：256
### The error may exist in com/chinacreator/gzcm/runtime/audit/mapper/AuditRetryMapper.java (best guess)
### The error may involve com.chinacreator.gzcm.runtime.audit.mapper.AuditRetryMapper.listDue-Inline
### The error occurred while setting parameters
### SQL: SELECT id, event_type AS eventType, payload, attempts, next_retry_at AS nextRetryAt, last_error AS lastError, status, trace_id AS traceId, create_time AS createTime, update_time AS updateTime, version_no AS versionNo, is_deleted AS isDeleted, domain FROM public.ecos_runtime_audit_retry WHERE is_deleted = 0 AND status = 'pending' AND next_retry_at <= ? ORDER BY next_retry_at ASC LIMIT ?
### Cause: org.postgresql.util.PSQLException: ERROR: relation "public.ecos_runtime_audit_retry" does not exist
  位置：256
; bad SQL grammar []
2026-09-30 19:17:02.427 [scheduling-1] [] WARN  c.c.gzcm.runtime.dlq.DltLagChecker - [DltLagChecker] AdminClient 创建失败 errType=KafkaException msg=Failed to create new KafkaAdminClient
2026-09-30 19:17:02.429 [scheduling-1] [] WARN  c.c.gzcm.runtime.dlq.DltLagChecker - [DltLagChecker] AdminClient 不可用（bootstrap=localhost:9092），本轮降级跳过
2026-09-30 19:17:37.959 [scheduling-1] [] WARN  c.c.g.runtime.audit.AuditRetryTask - [AuditRetry] 到期行拉取失败（表缺失/DB 不可用）errType=BadSqlGrammarException msg=
### Error querying database.  Cause: org.postgresql.util.PSQLException: ERROR: relation "public.ecos_runtime_audit_retry" does not exist
  位置：256
### The error may exist in com/chinacreator/gzcm/runtime/audit/mapper/AuditRetryMapper.java (best guess)
### The error may involve com.chinacreator.gzcm.runtime.audit.mapper.AuditRetryMapper.listDue-Inline
### The error occurred while setting parameters
### SQL: SELECT id, event_type AS eventType, payload, attempts, next_retry_at AS nextRetryAt, last_error AS lastError, status, trace_id AS traceId, create_time AS createTime, update_time AS updateTime, version_no AS versionNo, is_deleted AS isDeleted, domain FROM public.ecos_runtime_audit_retry WHERE is_deleted = 0 AND status = 'pending' AND next_retry_at <= ? ORDER BY next_retry_at ASC LIMIT ?
### Cause: org.postgresql.util.PSQLException: ERROR: relation "public.ecos_runtime_audit_retry" does not exist
  位置：256
; bad SQL grammar []
2026-09-30 19:18:37.974 [scheduling-1] [] WARN  c.c.g.runtime.audit.AuditRetryTask - [AuditRetry] 到期行拉取失败（表缺失/DB 不可用）errType=BadSqlGrammarException msg=
### Error querying database.  Cause: org.postgresql.util.PSQLException: ERROR: relation "public.ecos_runtime_audit_retry" does not exist
  位置：256
### The error may exist in com/chinacreator/gzcm/runtime/audit/mapper/AuditRetryMapper.java (best guess)
### The error may involve com.chinacreator.gzcm.runtime.audit.mapper.AuditRetryMapper.listDue-Inline
### The error occurred while setting parameters
### SQL: SELECT id, event_type AS eventType, payload, attempts, next_retry_at AS nextRetryAt, last_error AS lastError, status, trace_id AS traceId, create_time AS createTime, update_time AS updateTime, version_no AS versionNo, is_deleted AS isDeleted, domain FROM public.ecos_runtime_audit_retry WHERE is_deleted = 0 AND status = 'pending' AND next_retry_at <= ? ORDER BY next_retry_at ASC LIMIT ?
### Cause: org.postgresql.util.PSQLException: ERROR: relation "public.ecos_runtime_audit_retry" does not exist
  位置：256
; bad SQL grammar []
2026-09-30 19:19:37.992 [scheduling-1] [] WARN  c.c.g.runtime.audit.AuditRetryTask - [AuditRetry] 到期行拉取失败（表缺失/DB 不可用）errType=BadSqlGrammarException msg=
### Error querying database.  Cause: org.postgresql.util.PSQLException: ERROR: relation "public.ecos_runtime_audit_retry" does not exist
  位置：256
### The error may exist in com/chinacreator/gzcm/runtime/audit/mapper/AuditRetryMapper.java (best guess)
### The error may involve com.chinacreator.gzcm.runtime.audit.mapper.AuditRetryMapper.listDue-Inline
### The error occurred while setting parameters
### SQL: SELECT id, event_type AS eventType, payload, attempts, next_retry_at AS nextRetryAt, last_error AS lastError, status, trace_id AS traceId, create_time AS createTime, update_time AS updateTime, version_no AS versionNo, is_deleted AS isDeleted, domain FROM public.ecos_runtime_audit_retry WHERE is_deleted = 0 AND status = 'pending' AND next_retry_at <= ? ORDER BY next_retry_at ASC LIMIT ?
### Cause: org.postgresql.util.PSQLException: ERROR: relation "public.ecos_runtime_audit_retry" does not exist
  位置：256
; bad SQL grammar []
2026-09-30 19:20:38.018 [scheduling-1] [] WARN  c.c.g.runtime.audit.AuditRetryTask - [AuditRetry] 到期行拉取失败（表缺失/DB 不可用）errType=BadSqlGrammarException msg=
### Error querying database.  Cause: org.postgresql.util.PSQLException: ERROR: relation "public.ecos_runtime_audit_retry" does not exist
  位置：256
### The error may exist in com/chinacreator/gzcm/runtime/audit/mapper/AuditRetryMapper.java (best guess)
### The error may involve com.chinacreator.gzcm.runtime.audit.mapper.AuditRetryMapper.listDue-Inline
### The error occurred while setting parameters
### SQL: SELECT id, event_type AS eventType, payload, attempts, next_retry_at AS nextRetryAt, last_error AS lastError, status, trace_id AS traceId, create_time AS createTime, update_time AS updateTime, version_no AS versionNo, is_deleted AS isDeleted, domain FROM public.ecos_runtime_audit_retry WHERE is_deleted = 0 AND status = 'pending' AND next_retry_at <= ? ORDER BY next_retry_at ASC LIMIT ?
### Cause: org.postgresql.util.PSQLException: ERROR: relation "public.ecos_runtime_audit_retry" does not exist
  位置：256
; bad SQL grammar []
2026-09-30 19:21:38.043 [scheduling-1] [] WARN  c.c.g.runtime.audit.AuditRetryTask - [AuditRetry] 到期行拉取失败（表缺失/DB 不可用）errType=BadSqlGrammarException msg=
### Error querying database.  Cause: org.postgresql.util.PSQLException: ERROR: relation "public.ecos_runtime_audit_retry" does not exist
  位置：256
### The error may exist in com/chinacreator/gzcm/runtime/audit/mapper/AuditRetryMapper.java (best guess)
### The error may involve com.chinacreator.gzcm.runtime.audit.mapper.AuditRetryMapper.listDue-Inline
### The error occurred while setting parameters
### SQL: SELECT id, event_type AS eventType, payload, attempts, next_retry_at AS nextRetryAt, last_error AS lastError, status, trace_id AS traceId, create_time AS createTime, update_time AS updateTime, version_no AS versionNo, is_deleted AS isDeleted, domain FROM public.ecos_runtime_audit_retry WHERE is_deleted = 0 AND status = 'pending' AND next_retry_at <= ? ORDER BY next_retry_at ASC LIMIT ?
### Cause: org.postgresql.util.PSQLException: ERROR: relation "public.ecos_runtime_audit_retry" does not exist
  位置：256
; bad SQL grammar []
2026-09-30 19:22:02.471 [scheduling-1] [] WARN  c.c.gzcm.runtime.dlq.DltLagChecker - [DltLagChecker] AdminClient 创建失败 errType=KafkaException msg=Failed to create new KafkaAdminClient
2026-09-30 19:22:02.482 [scheduling-1] [] WARN  c.c.gzcm.runtime.dlq.DltLagChecker - [DltLagChecker] AdminClient 不可用（bootstrap=localhost:9092），本轮降级跳过
2026-09-30 19:22:38.105 [scheduling-1] [] WARN  c.c.g.runtime.audit.AuditRetryTask - [AuditRetry] 到期行拉取失败（表缺失/DB 不可用）errType=BadSqlGrammarException msg=
### Error querying database.  Cause: org.postgresql.util.PSQLException: ERROR: relation "public.ecos_runtime_audit_retry" does not exist
  位置：256
### The error may exist in com/chinacreator/gzcm/runtime/audit/mapper/AuditRetryMapper.java (best guess)
### The error may involve com.chinacreator.gzcm.runtime.audit.mapper.AuditRetryMapper.listDue-Inline
### The error occurred while setting parameters
### SQL: SELECT id, event_type AS eventType, payload, attempts, next_retry_at AS nextRetryAt, last_error AS lastError, status, trace_id AS traceId, create_time AS createTime, update_time AS updateTime, version_no AS versionNo, is_deleted AS isDeleted, domain FROM public.ecos_runtime_audit_retry WHERE is_deleted = 0 AND status = 'pending' AND next_retry_at <= ? ORDER BY next_retry_at ASC LIMIT ?
### Cause: org.postgresql.util.PSQLException: ERROR: relation "public.ecos_runtime_audit_retry" does not exist
  位置：256
; bad SQL grammar []
2026-09-30 19:23:38.133 [scheduling-1] [] WARN  c.c.g.runtime.audit.AuditRetryTask - [AuditRetry] 到期行拉取失败（表缺失/DB 不可用）errType=BadSqlGrammarException msg=
### Error querying database.  Cause: org.postgresql.util.PSQLException: ERROR: relation "public.ecos_runtime_audit_retry" does not exist
  位置：256
### The error may exist in com/chinacreator/gzcm/runtime/audit/mapper/AuditRetryMapper.java (best guess)
### The error may involve com.chinacreator.gzcm.runtime.audit.mapper.AuditRetryMapper.listDue-Inline
### The error occurred while setting parameters
### SQL: SELECT id, event_type AS eventType, payload, attempts, next_retry_at AS nextRetryAt, last_error AS lastError, status, trace_id AS traceId, create_time AS createTime, update_time AS updateTime, version_no AS versionNo, is_deleted AS isDeleted, domain FROM public.ecos_runtime_audit_retry WHERE is_deleted = 0 AND status = 'pending' AND next_retry_at <= ? ORDER BY next_retry_at ASC LIMIT ?
### Cause: org.postgresql.util.PSQLException: ERROR: relation "public.ecos_runtime_audit_retry" does not exist
  位置：256
; bad SQL grammar []
2026-09-30 19:24:38.170 [scheduling-1] [] WARN  c.c.g.runtime.audit.AuditRetryTask - [AuditRetry] 到期行拉取失败（表缺失/DB 不可用）errType=BadSqlGrammarException msg=
### Error querying database.  Cause: org.postgresql.util.PSQLException: ERROR: relation "public.ecos_runtime_audit_retry" does not exist
  位置：256
### The error may exist in com/chinacreator/gzcm/runtime/audit/mapper/AuditRetryMapper.java (best guess)
### The error may involve com.chinacreator.gzcm.runtime.audit.mapper.AuditRetryMapper.listDue-Inline
### The error occurred while setting parameters
### SQL: SELECT id, event_type AS eventType, payload, attempts, next_retry_at AS nextRetryAt, last_error AS lastError, status, trace_id AS traceId, create_time AS createTime, update_time AS updateTime, version_no AS versionNo, is_deleted AS isDeleted, domain FROM public.ecos_runtime_audit_retry WHERE is_deleted = 0 AND status = 'pending' AND next_retry_at <= ? ORDER BY next_retry_at ASC LIMIT ?
### Cause: org.postgresql.util.PSQLException: ERROR: relation "public.ecos_runtime_audit_retry" does not exist
  位置：256
; bad SQL grammar []
2026-09-30 19:25:38.211 [scheduling-1] [] WARN  c.c.g.runtime.audit.AuditRetryTask - [AuditRetry] 到期行拉取失败（表缺失/DB 不可用）errType=BadSqlGrammarException msg=
### Error querying database.  Cause: org.postgresql.util.PSQLException: ERROR: relation "public.ecos_runtime_audit_retry" does not exist
  位置：256
### The error may exist in com/chinacreator/gzcm/runtime/audit/mapper/AuditRetryMapper.java (best guess)
### The error may involve com.chinacreator.gzcm.runtime.audit.mapper.AuditRetryMapper.listDue-Inline
### The error occurred while setting parameters
### SQL: SELECT id, event_type AS eventType, payload, attempts, next_retry_at AS nextRetryAt, last_error AS lastError, status, trace_id AS traceId, create_time AS createTime, update_time AS updateTime, version_no AS versionNo, is_deleted AS isDeleted, domain FROM public.ecos_runtime_audit_retry WHERE is_deleted = 0 AND status = 'pending' AND next_retry_at <= ? ORDER BY next_retry_at ASC LIMIT ?
### Cause: org.postgresql.util.PSQLException: ERROR: relation "public.ecos_runtime_audit_retry" does not exist
  位置：256
; bad SQL grammar []
2026-09-30 19:26:38.232 [scheduling-1] [] WARN  c.c.g.runtime.audit.AuditRetryTask - [AuditRetry] 到期行拉取失败（表缺失/DB 不可用）errType=BadSqlGrammarException msg=
### Error querying database.  Cause: org.postgresql.util.PSQLException: ERROR: relation "public.ecos_runtime_audit_retry" does not exist
  位置：256
### The error may exist in com/chinacreator/gzcm/runtime/audit/mapper/AuditRetryMapper.java (best guess)
### The error may involve com.chinacreator.gzcm.runtime.audit.mapper.AuditRetryMapper.listDue-Inline
### The error occurred while setting parameters
### SQL: SELECT id, event_type AS eventType, payload, attempts, next_retry_at AS nextRetryAt, last_error AS lastError, status, trace_id AS traceId, create_time AS createTime, update_time AS updateTime, version_no AS versionNo, is_deleted AS isDeleted, domain FROM public.ecos_runtime_audit_retry WHERE is_deleted = 0 AND status = 'pending' AND next_retry_at <= ? ORDER BY next_retry_at ASC LIMIT ?
### Cause: org.postgresql.util.PSQLException: ERROR: relation "public.ecos_runtime_audit_retry" does not exist
  位置：256
; bad SQL grammar []
2026-09-30 19:27:02.519 [scheduling-1] [] WARN  c.c.gzcm.runtime.dlq.DltLagChecker - [DltLagChecker] AdminClient 创建失败 errType=KafkaException msg=Failed to create new KafkaAdminClient
2026-09-30 19:27:02.520 [scheduling-1] [] WARN  c.c.gzcm.runtime.dlq.DltLagChecker - [DltLagChecker] AdminClient 不可用（bootstrap=localhost:9092），本轮降级跳过
2026-09-30 19:27:38.265 [scheduling-1] [] WARN  c.c.g.runtime.audit.AuditRetryTask - [AuditRetry] 到期行拉取失败（表缺失/DB 不可用）errType=BadSqlGrammarException msg=
### Error querying database.  Cause: org.postgresql.util.PSQLException: ERROR: relation "public.ecos_runtime_audit_retry" does not exist
  位置：256
### The error may exist in com/chinacreator/gzcm/runtime/audit/mapper/AuditRetryMapper.java (best guess)
### The error may involve com.chinacreator.gzcm.runtime.audit.mapper.AuditRetryMapper.listDue-Inline
### The error occurred while setting parameters
### SQL: SELECT id, event_type AS eventType, payload, attempts, next_retry_at AS nextRetryAt, last_error AS lastError, status, trace_id AS traceId, create_time AS createTime, update_time AS updateTime, version_no AS versionNo, is_deleted AS isDeleted, domain FROM public.ecos_runtime_audit_retry WHERE is_deleted = 0 AND status = 'pending' AND next_retry_at <= ? ORDER BY next_retry_at ASC LIMIT ?
### Cause: org.postgresql.util.PSQLException: ERROR: relation "public.ecos_runtime_audit_retry" does not exist
  位置：256
; bad SQL grammar []
2026-09-30 19:28:38.282 [scheduling-1] [] WARN  c.c.g.runtime.audit.AuditRetryTask - [AuditRetry] 到期行拉取失败（表缺失/DB 不可用）errType=BadSqlGrammarException msg=
### Error querying database.  Cause: org.postgresql.util.PSQLException: ERROR: relation "public.ecos_runtime_audit_retry" does not exist
  位置：256
### The error may exist in com/chinacreator/gzcm/runtime/audit/mapper/AuditRetryMapper.java (best guess)
### The error may involve com.chinacreator.gzcm.runtime.audit.mapper.AuditRetryMapper.listDue-Inline
### The error occurred while setting parameters
### SQL: SELECT id, event_type AS eventType, payload, attempts, next_retry_at AS nextRetryAt, last_error AS lastError, status, trace_id AS traceId, create_time AS createTime, update_time AS updateTime, version_no AS versionNo, is_deleted AS isDeleted, domain FROM public.ecos_runtime_audit_retry WHERE is_deleted = 0 AND status = 'pending' AND next_retry_at <= ? ORDER BY next_retry_at ASC LIMIT ?
### Cause: org.postgresql.util.PSQLException: ERROR: relation "public.ecos_runtime_audit_retry" does not exist
  位置：256
; bad SQL grammar []
2026-09-30 19:29:38.305 [scheduling-1] [] WARN  c.c.g.runtime.audit.AuditRetryTask - [AuditRetry] 到期行拉取失败（表缺失/DB 不可用）errType=BadSqlGrammarException msg=
### Error querying database.  Cause: org.postgresql.util.PSQLException: ERROR: relation "public.ecos_runtime_audit_retry" does not exist
  位置：256
### The error may exist in com/chinacreator/gzcm/runtime/audit/mapper/AuditRetryMapper.java (best guess)
### The error may involve com.chinacreator.gzcm.runtime.audit.mapper.AuditRetryMapper.listDue-Inline
### The error occurred while setting parameters
### SQL: SELECT id, event_type AS eventType, payload, attempts, next_retry_at AS nextRetryAt, last_error AS lastError, status, trace_id AS traceId, create_time AS createTime, update_time AS updateTime, version_no AS versionNo, is_deleted AS isDeleted, domain FROM public.ecos_runtime_audit_retry WHERE is_deleted = 0 AND status = 'pending' AND next_retry_at <= ? ORDER BY next_retry_at ASC LIMIT ?
### Cause: org.postgresql.util.PSQLException: ERROR: relation "public.ecos_runtime_audit_retry" does not exist
  位置：256
; bad SQL grammar []
2026-09-30 19:30:38.325 [scheduling-1] [] WARN  c.c.g.runtime.audit.AuditRetryTask - [AuditRetry] 到期行拉取失败（表缺失/DB 不可用）errType=BadSqlGrammarException msg=
### Error querying database.  Cause: org.postgresql.util.PSQLException: ERROR: relation "public.ecos_runtime_audit_retry" does not exist
  位置：256
### The error may exist in com/chinacreator/gzcm/runtime/audit/mapper/AuditRetryMapper.java (best guess)
### The error may involve com.chinacreator.gzcm.runtime.audit.mapper.AuditRetryMapper.listDue-Inline
### The error occurred while setting parameters
### SQL: SELECT id, event_type AS eventType, payload, attempts, next_retry_at AS nextRetryAt, last_error AS lastError, status, trace_id AS traceId, create_time AS createTime, update_time AS updateTime, version_no AS versionNo, is_deleted AS isDeleted, domain FROM public.ecos_runtime_audit_retry WHERE is_deleted = 0 AND status = 'pending' AND next_retry_at <= ? ORDER BY next_retry_at ASC LIMIT ?
### Cause: org.postgresql.util.PSQLException: ERROR: relation "public.ecos_runtime_audit_retry" does not exist
  位置：256
; bad SQL grammar []
2026-09-30 19:31:38.334 [scheduling-1] [] WARN  c.c.g.runtime.audit.AuditRetryTask - [AuditRetry] 到期行拉取失败（表缺失/DB 不可用）errType=BadSqlGrammarException msg=
### Error querying database.  Cause: org.postgresql.util.PSQLException: ERROR: relation "public.ecos_runtime_audit_retry" does not exist
  位置：256
### The error may exist in com/chinacreator/gzcm/runtime/audit/mapper/AuditRetryMapper.java (best guess)
### The error may involve com.chinacreator.gzcm.runtime.audit.mapper.AuditRetryMapper.listDue-Inline
### The error occurred while setting parameters
### SQL: SELECT id, event_type AS eventType, payload, attempts, next_retry_at AS nextRetryAt, last_error AS lastError, status, trace_id AS traceId, create_time AS createTime, update_time AS updateTime, version_no AS versionNo, is_deleted AS isDeleted, domain FROM public.ecos_runtime_audit_retry WHERE is_deleted = 0 AND status = 'pending' AND next_retry_at <= ? ORDER BY next_retry_at ASC LIMIT ?
### Cause: org.postgresql.util.PSQLException: ERROR: relation "public.ecos_runtime_audit_retry" does not exist
  位置：256
; bad SQL grammar []
2026-09-30 19:32:02.559 [scheduling-1] [] WARN  c.c.gzcm.runtime.dlq.DltLagChecker - [DltLagChecker] AdminClient 创建失败 errType=KafkaException msg=Failed to create new KafkaAdminClient
2026-09-30 19:32:02.570 [scheduling-1] [] WARN  c.c.gzcm.runtime.dlq.DltLagChecker - [DltLagChecker] AdminClient 不可用（bootstrap=localhost:9092），本轮降级跳过
2026-09-30 19:32:38.349 [scheduling-1] [] WARN  c.c.g.runtime.audit.AuditRetryTask - [AuditRetry] 到期行拉取失败（表缺失/DB 不可用）errType=BadSqlGrammarException msg=
### Error querying database.  Cause: org.postgresql.util.PSQLException: ERROR: relation "public.ecos_runtime_audit_retry" does not exist
  位置：256
### The error may exist in com/chinacreator/gzcm/runtime/audit/mapper/AuditRetryMapper.java (best guess)
### The error may involve com.chinacreator.gzcm.runtime.audit.mapper.AuditRetryMapper.listDue-Inline
### The error occurred while setting parameters
### SQL: SELECT id, event_type AS eventType, payload, attempts, next_retry_at AS nextRetryAt, last_error AS lastError, status, trace_id AS traceId, create_time AS createTime, update_time AS updateTime, version_no AS versionNo, is_deleted AS isDeleted, domain FROM public.ecos_runtime_audit_retry WHERE is_deleted = 0 AND status = 'pending' AND next_retry_at <= ? ORDER BY next_retry_at ASC LIMIT ?
### Cause: org.postgresql.util.PSQLException: ERROR: relation "public.ecos_runtime_audit_retry" does not exist
  位置：256
; bad SQL grammar []
2026-09-30 19:33:38.376 [scheduling-1] [] WARN  c.c.g.runtime.audit.AuditRetryTask - [AuditRetry] 到期行拉取失败（表缺失/DB 不可用）errType=BadSqlGrammarException msg=
### Error querying database.  Cause: org.postgresql.util.PSQLException: ERROR: relation "public.ecos_runtime_audit_retry" does not exist
  位置：256
### The error may exist in com/chinacreator/gzcm/runtime/audit/mapper/AuditRetryMapper.java (best guess)
### The error may involve com.chinacreator.gzcm.runtime.audit.mapper.AuditRetryMapper.listDue-Inline
### The error occurred while setting parameters
### SQL: SELECT id, event_type AS eventType, payload, attempts, next_retry_at AS nextRetryAt, last_error AS lastError, status, trace_id AS traceId, create_time AS createTime, update_time AS updateTime, version_no AS versionNo, is_deleted AS isDeleted, domain FROM public.ecos_runtime_audit_retry WHERE is_deleted = 0 AND status = 'pending' AND next_retry_at <= ? ORDER BY next_retry_at ASC LIMIT ?
### Cause: org.postgresql.util.PSQLException: ERROR: relation "public.ecos_runtime_audit_retry" does not exist
  位置：256
; bad SQL grammar []
2026-09-30 19:34:38.385 [scheduling-1] [] WARN  c.c.g.runtime.audit.AuditRetryTask - [AuditRetry] 到期行拉取失败（表缺失/DB 不可用）errType=BadSqlGrammarException msg=
### Error querying database.  Cause: org.postgresql.util.PSQLException: ERROR: relation "public.ecos_runtime_audit_retry" does not exist
  位置：256
### The error may exist in com/chinacreator/gzcm/runtime/audit/mapper/AuditRetryMapper.java (best guess)
### The error may involve com.chinacreator.gzcm.runtime.audit.mapper.AuditRetryMapper.listDue-Inline
### The error occurred while setting parameters
### SQL: SELECT id, event_type AS eventType, payload, attempts, next_retry_at AS nextRetryAt, last_error AS lastError, status, trace_id AS traceId, create_time AS createTime, update_time AS updateTime, version_no AS versionNo, is_deleted AS isDeleted, domain FROM public.ecos_runtime_audit_retry WHERE is_deleted = 0 AND status = 'pending' AND next_retry_at <= ? ORDER BY next_retry_at ASC LIMIT ?
### Cause: org.postgresql.util.PSQLException: ERROR: relation "public.ecos_runtime_audit_retry" does not exist
  位置：256
; bad SQL grammar []
2026-09-30 19:35:38.409 [scheduling-1] [] WARN  c.c.g.runtime.audit.AuditRetryTask - [AuditRetry] 到期行拉取失败（表缺失/DB 不可用）errType=BadSqlGrammarException msg=
### Error querying database.  Cause: org.postgresql.util.PSQLException: ERROR: relation "public.ecos_runtime_audit_retry" does not exist
  位置：256
### The error may exist in com/chinacreator/gzcm/runtime/audit/mapper/AuditRetryMapper.java (best guess)
### The error may involve com.chinacreator.gzcm.runtime.audit.mapper.AuditRetryMapper.listDue-Inline
### The error occurred while setting parameters
### SQL: SELECT id, event_type AS eventType, payload, attempts, next_retry_at AS nextRetryAt, last_error AS lastError, status, trace_id AS traceId, create_time AS createTime, update_time AS updateTime, version_no AS versionNo, is_deleted AS isDeleted, domain FROM public.ecos_runtime_audit_retry WHERE is_deleted = 0 AND status = 'pending' AND next_retry_at <= ? ORDER BY next_retry_at ASC LIMIT ?
### Cause: org.postgresql.util.PSQLException: ERROR: relation "public.ecos_runtime_audit_retry" does not exist
  位置：256
; bad SQL grammar []
2026-09-30 19:36:38.433 [scheduling-1] [] WARN  c.c.g.runtime.audit.AuditRetryTask - [AuditRetry] 到期行拉取失败（表缺失/DB 不可用）errType=BadSqlGrammarException msg=
### Error querying database.  Cause: org.postgresql.util.PSQLException: ERROR: relation "public.ecos_runtime_audit_retry" does not exist
  位置：256
### The error may exist in com/chinacreator/gzcm/runtime/audit/mapper/AuditRetryMapper.java (best guess)
### The error may involve com.chinacreator.gzcm.runtime.audit.mapper.AuditRetryMapper.listDue-Inline
### The error occurred while setting parameters
### SQL: SELECT id, event_type AS eventType, payload, attempts, next_retry_at AS nextRetryAt, last_error AS lastError, status, trace_id AS traceId, create_time AS createTime, update_time AS updateTime, version_no AS versionNo, is_deleted AS isDeleted, domain FROM public.ecos_runtime_audit_retry WHERE is_deleted = 0 AND status = 'pending' AND next_retry_at <= ? ORDER BY next_retry_at ASC LIMIT ?
### Cause: org.postgresql.util.PSQLException: ERROR: relation "public.ecos_runtime_audit_retry" does not exist
  位置：256
; bad SQL grammar []
2026-09-30 19:37:02.609 [scheduling-1] [] WARN  c.c.gzcm.runtime.dlq.DltLagChecker - [DltLagChecker] AdminClient 创建失败 errType=KafkaException msg=Failed to create new KafkaAdminClient
2026-09-30 19:37:02.622 [scheduling-1] [] WARN  c.c.gzcm.runtime.dlq.DltLagChecker - [DltLagChecker] AdminClient 不可用（bootstrap=localhost:9092），本轮降级跳过
2026-09-30 19:37:38.447 [scheduling-1] [] WARN  c.c.g.runtime.audit.AuditRetryTask - [AuditRetry] 到期行拉取失败（表缺失/DB 不可用）errType=BadSqlGrammarException msg=
### Error querying database.  Cause: org.postgresql.util.PSQLException: ERROR: relation "public.ecos_runtime_audit_retry" does not exist
  位置：256
### The error may exist in com/chinacreator/gzcm/runtime/audit/mapper/AuditRetryMapper.java (best guess)
### The error may involve com.chinacreator.gzcm.runtime.audit.mapper.AuditRetryMapper.listDue-Inline
### The error occurred while setting parameters
### SQL: SELECT id, event_type AS eventType, payload, attempts, next_retry_at AS nextRetryAt, last_error AS lastError, status, trace_id AS traceId, create_time AS createTime, update_time AS updateTime, version_no AS versionNo, is_deleted AS isDeleted, domain FROM public.ecos_runtime_audit_retry WHERE is_deleted = 0 AND status = 'pending' AND next_retry_at <= ? ORDER BY next_retry_at ASC LIMIT ?
### Cause: org.postgresql.util.PSQLException: ERROR: relation "public.ecos_runtime_audit_retry" does not exist
  位置：256
; bad SQL grammar []
2026-09-30 19:38:38.471 [scheduling-1] [] WARN  c.c.g.runtime.audit.AuditRetryTask - [AuditRetry] 到期行拉取失败（表缺失/DB 不可用）errType=BadSqlGrammarException msg=
### Error querying database.  Cause: org.postgresql.util.PSQLException: ERROR: relation "public.ecos_runtime_audit_retry" does not exist
  位置：256
### The error may exist in com/chinacreator/gzcm/runtime/audit/mapper/AuditRetryMapper.java (best guess)
### The error may involve com.chinacreator.gzcm.runtime.audit.mapper.AuditRetryMapper.listDue-Inline
### The error occurred while setting parameters
### SQL: SELECT id, event_type AS eventType, payload, attempts, next_retry_at AS nextRetryAt, last_error AS lastError, status, trace_id AS traceId, create_time AS createTime, update_time AS updateTime, version_no AS versionNo, is_deleted AS isDeleted, domain FROM public.ecos_runtime_audit_retry WHERE is_deleted = 0 AND status = 'pending' AND next_retry_at <= ? ORDER BY next_retry_at ASC LIMIT ?
### Cause: org.postgresql.util.PSQLException: ERROR: relation "public.ecos_runtime_audit_retry" does not exist
  位置：256
; bad SQL grammar []
2026-09-30 19:39:38.493 [scheduling-1] [] WARN  c.c.g.runtime.audit.AuditRetryTask - [AuditRetry] 到期行拉取失败（表缺失/DB 不可用）errType=BadSqlGrammarException msg=
### Error querying database.  Cause: org.postgresql.util.PSQLException: ERROR: relation "public.ecos_runtime_audit_retry" does not exist
  位置：256
### The error may exist in com/chinacreator/gzcm/runtime/audit/mapper/AuditRetryMapper.java (best guess)
### The error may involve com.chinacreator.gzcm.runtime.audit.mapper.AuditRetryMapper.listDue-Inline
### The error occurred while setting parameters
### SQL: SELECT id, event_type AS eventType, payload, attempts, next_retry_at AS nextRetryAt, last_error AS lastError, status, trace_id AS traceId, create_time AS createTime, update_time AS updateTime, version_no AS versionNo, is_deleted AS isDeleted, domain FROM public.ecos_runtime_audit_retry WHERE is_deleted = 0 AND status = 'pending' AND next_retry_at <= ? ORDER BY next_retry_at ASC LIMIT ?
### Cause: org.postgresql.util.PSQLException: ERROR: relation "public.ecos_runtime_audit_retry" does not exist
  位置：256
; bad SQL grammar []
2026-09-30 19:40:38.521 [scheduling-1] [] WARN  c.c.g.runtime.audit.AuditRetryTask - [AuditRetry] 到期行拉取失败（表缺失/DB 不可用）errType=BadSqlGrammarException msg=
### Error querying database.  Cause: org.postgresql.util.PSQLException: ERROR: relation "public.ecos_runtime_audit_retry" does not exist
  位置：256
### The error may exist in com/chinacreator/gzcm/runtime/audit/mapper/AuditRetryMapper.java (best guess)
### The error may involve com.chinacreator.gzcm.runtime.audit.mapper.AuditRetryMapper.listDue-Inline
### The error occurred while setting parameters
### SQL: SELECT id, event_type AS eventType, payload, attempts, next_retry_at AS nextRetryAt, last_error AS lastError, status, trace_id AS traceId, create_time AS createTime, update_time AS updateTime, version_no AS versionNo, is_deleted AS isDeleted, domain FROM public.ecos_runtime_audit_retry WHERE is_deleted = 0 AND status = 'pending' AND next_retry_at <= ? ORDER BY next_retry_at ASC LIMIT ?
### Cause: org.postgresql.util.PSQLException: ERROR: relation "public.ecos_runtime_audit_retry" does not exist
  位置：256
; bad SQL grammar []
2026-09-30 19:41:38.565 [scheduling-1] [] WARN  c.c.g.runtime.audit.AuditRetryTask - [AuditRetry] 到期行拉取失败（表缺失/DB 不可用）errType=BadSqlGrammarException msg=
### Error querying database.  Cause: org.postgresql.util.PSQLException: ERROR: relation "public.ecos_runtime_audit_retry" does not exist
  位置：256
### The error may exist in com/chinacreator/gzcm/runtime/audit/mapper/AuditRetryMapper.java (best guess)
### The error may involve com.chinacreator.gzcm.runtime.audit.mapper.AuditRetryMapper.listDue-Inline
### The error occurred while setting parameters
### SQL: SELECT id, event_type AS eventType, payload, attempts, next_retry_at AS nextRetryAt, last_error AS lastError, status, trace_id AS traceId, create_time AS createTime, update_time AS updateTime, version_no AS versionNo, is_deleted AS isDeleted, domain FROM public.ecos_runtime_audit_retry WHERE is_deleted = 0 AND status = 'pending' AND next_retry_at <= ? ORDER BY next_retry_at ASC LIMIT ?
### Cause: org.postgresql.util.PSQLException: ERROR: relation "public.ecos_runtime_audit_retry" does not exist
  位置：256
; bad SQL grammar []
2026-09-30 19:42:02.661 [scheduling-1] [] WARN  c.c.gzcm.runtime.dlq.DltLagChecker - [DltLagChecker] AdminClient 创建失败 errType=KafkaException msg=Failed to create new KafkaAdminClient
2026-09-30 19:42:02.665 [scheduling-1] [] WARN  c.c.gzcm.runtime.dlq.DltLagChecker - [DltLagChecker] AdminClient 不可用（bootstrap=localhost:9092），本轮降级跳过
2026-09-30 19:42:38.591 [scheduling-1] [] WARN  c.c.g.runtime.audit.AuditRetryTask - [AuditRetry] 到期行拉取失败（表缺失/DB 不可用）errType=BadSqlGrammarException msg=
### Error querying database.  Cause: org.postgresql.util.PSQLException: ERROR: relation "public.ecos_runtime_audit_retry" does not exist
  位置：256
### The error may exist in com/chinacreator/gzcm/runtime/audit/mapper/AuditRetryMapper.java (best guess)
### The error may involve com.chinacreator.gzcm.runtime.audit.mapper.AuditRetryMapper.listDue-Inline
### The error occurred while setting parameters
### SQL: SELECT id, event_type AS eventType, payload, attempts, next_retry_at AS nextRetryAt, last_error AS lastError, status, trace_id AS traceId, create_time AS createTime, update_time AS updateTime, version_no AS versionNo, is_deleted AS isDeleted, domain FROM public.ecos_runtime_audit_retry WHERE is_deleted = 0 AND status = 'pending' AND next_retry_at <= ? ORDER BY next_retry_at ASC LIMIT ?
### Cause: org.postgresql.util.PSQLException: ERROR: relation "public.ecos_runtime_audit_retry" does not exist
  位置：256
; bad SQL grammar []
2026-09-30 19:43:38.614 [scheduling-1] [] WARN  c.c.g.runtime.audit.AuditRetryTask - [AuditRetry] 到期行拉取失败（表缺失/DB 不可用）errType=BadSqlGrammarException msg=
### Error querying database.  Cause: org.postgresql.util.PSQLException: ERROR: relation "public.ecos_runtime_audit_retry" does not exist
  位置：256
### The error may exist in com/chinacreator/gzcm/runtime/audit/mapper/AuditRetryMapper.java (best guess)
### The error may involve com.chinacreator.gzcm.runtime.audit.mapper.AuditRetryMapper.listDue-Inline
### The error occurred while setting parameters
### SQL: SELECT id, event_type AS eventType, payload, attempts, next_retry_at AS nextRetryAt, last_error AS lastError, status, trace_id AS traceId, create_time AS createTime, update_time AS updateTime, version_no AS versionNo, is_deleted AS isDeleted, domain FROM public.ecos_runtime_audit_retry WHERE is_deleted = 0 AND status = 'pending' AND next_retry_at <= ? ORDER BY next_retry_at ASC LIMIT ?
### Cause: org.postgresql.util.PSQLException: ERROR: relation "public.ecos_runtime_audit_retry" does not exist
  位置：256
; bad SQL grammar []
2026-09-30 19:44:38.644 [scheduling-1] [] WARN  c.c.g.runtime.audit.AuditRetryTask - [AuditRetry] 到期行拉取失败（表缺失/DB 不可用）errType=BadSqlGrammarException msg=
### Error querying database.  Cause: org.postgresql.util.PSQLException: ERROR: relation "public.ecos_runtime_audit_retry" does not exist
  位置：256
### The error may exist in com/chinacreator/gzcm/runtime/audit/mapper/AuditRetryMapper.java (best guess)
### The error may involve com.chinacreator.gzcm.runtime.audit.mapper.AuditRetryMapper.listDue-Inline
### The error occurred while setting parameters
### SQL: SELECT id, event_type AS eventType, payload, attempts, next_retry_at AS nextRetryAt, last_error AS lastError, status, trace_id AS traceId, create_time AS createTime, update_time AS updateTime, version_no AS versionNo, is_deleted AS isDeleted, domain FROM public.ecos_runtime_audit_retry WHERE is_deleted = 0 AND status = 'pending' AND next_retry_at <= ? ORDER BY next_retry_at ASC LIMIT ?
### Cause: org.postgresql.util.PSQLException: ERROR: relation "public.ecos_runtime_audit_retry" does not exist
  位置：256
; bad SQL grammar []
2026-09-30 19:45:38.660 [scheduling-1] [] WARN  c.c.g.runtime.audit.AuditRetryTask - [AuditRetry] 到期行拉取失败（表缺失/DB 不可用）errType=BadSqlGrammarException msg=
### Error querying database.  Cause: org.postgresql.util.PSQLException: ERROR: relation "public.ecos_runtime_audit_retry" does not exist
  位置：256
### The error may exist in com/chinacreator/gzcm/runtime/audit/mapper/AuditRetryMapper.java (best guess)
### The error may involve com.chinacreator.gzcm.runtime.audit.mapper.AuditRetryMapper.listDue-Inline
### The error occurred while setting parameters
### SQL: SELECT id, event_type AS eventType, payload, attempts, next_retry_at AS nextRetryAt, last_error AS lastError, status, trace_id AS traceId, create_time AS createTime, update_time AS updateTime, version_no AS versionNo, is_deleted AS isDeleted, domain FROM public.ecos_runtime_audit_retry WHERE is_deleted = 0 AND status = 'pending' AND next_retry_at <= ? ORDER BY next_retry_at ASC LIMIT ?
### Cause: org.postgresql.util.PSQLException: ERROR: relation "public.ecos_runtime_audit_retry" does not exist
  位置：256
; bad SQL grammar []
2026-09-30 19:46:38.682 [scheduling-1] [] WARN  c.c.g.runtime.audit.AuditRetryTask - [AuditRetry] 到期行拉取失败（表缺失/DB 不可用）errType=BadSqlGrammarException msg=
### Error querying database.  Cause: org.postgresql.util.PSQLException: ERROR: relation "public.ecos_runtime_audit_retry" does not exist
  位置：256
### The error may exist in com/chinacreator/gzcm/runtime/audit/mapper/AuditRetryMapper.java (best guess)
### The error may involve com.chinacreator.gzcm.runtime.audit.mapper.AuditRetryMapper.listDue-Inline
### The error occurred while setting parameters
### SQL: SELECT id, event_type AS eventType, payload, attempts, next_retry_at AS nextRetryAt, last_error AS lastError, status, trace_id AS traceId, create_time AS createTime, update_time AS updateTime, version_no AS versionNo, is_deleted AS isDeleted, domain FROM public.ecos_runtime_audit_retry WHERE is_deleted = 0 AND status = 'pending' AND next_retry_at <= ? ORDER BY next_retry_at ASC LIMIT ?
### Cause: org.postgresql.util.PSQLException: ERROR: relation "public.ecos_runtime_audit_retry" does not exist
  位置：256
; bad SQL grammar []
2026-09-30 19:47:02.713 [scheduling-1] [] WARN  c.c.gzcm.runtime.dlq.DltLagChecker - [DltLagChecker] AdminClient 创建失败 errType=KafkaException msg=Failed to create new KafkaAdminClient
2026-09-30 19:47:02.716 [scheduling-1] [] WARN  c.c.gzcm.runtime.dlq.DltLagChecker - [DltLagChecker] AdminClient 不可用（bootstrap=localhost:9092），本轮降级跳过
2026-09-30 19:47:38.698 [scheduling-1] [] WARN  c.c.g.runtime.audit.AuditRetryTask - [AuditRetry] 到期行拉取失败（表缺失/DB 不可用）errType=BadSqlGrammarException msg=
### Error querying database.  Cause: org.postgresql.util.PSQLException: ERROR: relation "public.ecos_runtime_audit_retry" does not exist
  位置：256
### The error may exist in com/chinacreator/gzcm/runtime/audit/mapper/AuditRetryMapper.java (best guess)
### The error may involve com.chinacreator.gzcm.runtime.audit.mapper.AuditRetryMapper.listDue-Inline
### The error occurred while setting parameters
### SQL: SELECT id, event_type AS eventType, payload, attempts, next_retry_at AS nextRetryAt, last_error AS lastError, status, trace_id AS traceId, create_time AS createTime, update_time AS updateTime, version_no AS versionNo, is_deleted AS isDeleted, domain FROM public.ecos_runtime_audit_retry WHERE is_deleted = 0 AND status = 'pending' AND next_retry_at <= ? ORDER BY next_retry_at ASC LIMIT ?
### Cause: org.postgresql.util.PSQLException: ERROR: relation "public.ecos_runtime_audit_retry" does not exist
  位置：256
; bad SQL grammar []
2026-09-30 19:48:38.718 [scheduling-1] [] WARN  c.c.g.runtime.audit.AuditRetryTask - [AuditRetry] 到期行拉取失败（表缺失/DB 不可用）errType=BadSqlGrammarException msg=
### Error querying database.  Cause: org.postgresql.util.PSQLException: ERROR: relation "public.ecos_runtime_audit_retry" does not exist
  位置：256
### The error may exist in com/chinacreator/gzcm/runtime/audit/mapper/AuditRetryMapper.java (best guess)
### The error may involve com.chinacreator.gzcm.runtime.audit.mapper.AuditRetryMapper.listDue-Inline
### The error occurred while setting parameters
### SQL: SELECT id, event_type AS eventType, payload, attempts, next_retry_at AS nextRetryAt, last_error AS lastError, status, trace_id AS traceId, create_time AS createTime, update_time AS updateTime, version_no AS versionNo, is_deleted AS isDeleted, domain FROM public.ecos_runtime_audit_retry WHERE is_deleted = 0 AND status = 'pending' AND next_retry_at <= ? ORDER BY next_retry_at ASC LIMIT ?
### Cause: org.postgresql.util.PSQLException: ERROR: relation "public.ecos_runtime_audit_retry" does not exist
  位置：256
; bad SQL grammar []
2026-09-30 19:49:38.779 [scheduling-1] [] WARN  c.c.g.runtime.audit.AuditRetryTask - [AuditRetry] 到期行拉取失败（表缺失/DB 不可用）errType=BadSqlGrammarException msg=
### Error querying database.  Cause: org.postgresql.util.PSQLException: ERROR: relation "public.ecos_runtime_audit_retry" does not exist
  位置：256
### The error may exist in com/chinacreator/gzcm/runtime/audit/mapper/AuditRetryMapper.java (best guess)
### The error may involve com.chinacreator.gzcm.runtime.audit.mapper.AuditRetryMapper.listDue-Inline
### The error occurred while setting parameters
### SQL: SELECT id, event_type AS eventType, payload, attempts, next_retry_at AS nextRetryAt, last_error AS lastError, status, trace_id AS traceId, create_time AS createTime, update_time AS updateTime, version_no AS versionNo, is_deleted AS isDeleted, domain FROM public.ecos_runtime_audit_retry WHERE is_deleted = 0 AND status = 'pending' AND next_retry_at <= ? ORDER BY next_retry_at ASC LIMIT ?
### Cause: org.postgresql.util.PSQLException: ERROR: relation "public.ecos_runtime_audit_retry" does not exist
  位置：256
; bad SQL grammar []
2026-09-30 19:50:38.799 [scheduling-1] [] WARN  c.c.g.runtime.audit.AuditRetryTask - [AuditRetry] 到期行拉取失败（表缺失/DB 不可用）errType=BadSqlGrammarException msg=
### Error querying database.  Cause: org.postgresql.util.PSQLException: ERROR: relation "public.ecos_runtime_audit_retry" does not exist
  位置：256
### The error may exist in com/chinacreator/gzcm/runtime/audit/mapper/AuditRetryMapper.java (best guess)
### The error may involve com.chinacreator.gzcm.runtime.audit.mapper.AuditRetryMapper.listDue-Inline
### The error occurred while setting parameters
### SQL: SELECT id, event_type AS eventType, payload, attempts, next_retry_at AS nextRetryAt, last_error AS lastError, status, trace_id AS traceId, create_time AS createTime, update_time AS updateTime, version_no AS versionNo, is_deleted AS isDeleted, domain FROM public.ecos_runtime_audit_retry WHERE is_deleted = 0 AND status = 'pending' AND next_retry_at <= ? ORDER BY next_retry_at ASC LIMIT ?
### Cause: org.postgresql.util.PSQLException: ERROR: relation "public.ecos_runtime_audit_retry" does not exist
  位置：256
; bad SQL grammar []
2026-09-30 19:51:38.849 [scheduling-1] [] WARN  c.c.g.runtime.audit.AuditRetryTask - [AuditRetry] 到期行拉取失败（表缺失/DB 不可用）errType=BadSqlGrammarException msg=
### Error querying database.  Cause: org.postgresql.util.PSQLException: ERROR: relation "public.ecos_runtime_audit_retry" does not exist
  位置：256
### The error may exist in com/chinacreator/gzcm/runtime/audit/mapper/AuditRetryMapper.java (best guess)
### The error may involve com.chinacreator.gzcm.runtime.audit.mapper.AuditRetryMapper.listDue-Inline
### The error occurred while setting parameters
### SQL: SELECT id, event_type AS eventType, payload, attempts, next_retry_at AS nextRetryAt, last_error AS lastError, status, trace_id AS traceId, create_time AS createTime, update_time AS updateTime, version_no AS versionNo, is_deleted AS isDeleted, domain FROM public.ecos_runtime_audit_retry WHERE is_deleted = 0 AND status = 'pending' AND next_retry_at <= ? ORDER BY next_retry_at ASC LIMIT ?
### Cause: org.postgresql.util.PSQLException: ERROR: relation "public.ecos_runtime_audit_retry" does not exist
  位置：256
; bad SQL grammar []
2026-09-30 19:52:02.757 [scheduling-1] [] WARN  c.c.gzcm.runtime.dlq.DltLagChecker - [DltLagChecker] AdminClient 创建失败 errType=KafkaException msg=Failed to create new KafkaAdminClient
2026-09-30 19:52:02.760 [scheduling-1] [] WARN  c.c.gzcm.runtime.dlq.DltLagChecker - [DltLagChecker] AdminClient 不可用（bootstrap=localhost:9092），本轮降级跳过
2026-09-30 19:52:38.886 [scheduling-1] [] WARN  c.c.g.runtime.audit.AuditRetryTask - [AuditRetry] 到期行拉取失败（表缺失/DB 不可用）errType=BadSqlGrammarException msg=
### Error querying database.  Cause: org.postgresql.util.PSQLException: ERROR: relation "public.ecos_runtime_audit_retry" does not exist
  位置：256
### The error may exist in com/chinacreator/gzcm/runtime/audit/mapper/AuditRetryMapper.java (best guess)
### The error may involve com.chinacreator.gzcm.runtime.audit.mapper.AuditRetryMapper.listDue-Inline
### The error occurred while setting parameters
### SQL: SELECT id, event_type AS eventType, payload, attempts, next_retry_at AS nextRetryAt, last_error AS lastError, status, trace_id AS traceId, create_time AS createTime, update_time AS updateTime, version_no AS versionNo, is_deleted AS isDeleted, domain FROM public.ecos_runtime_audit_retry WHERE is_deleted = 0 AND status = 'pending' AND next_retry_at <= ? ORDER BY next_retry_at ASC LIMIT ?
### Cause: org.postgresql.util.PSQLException: ERROR: relation "public.ecos_runtime_audit_retry" does not exist
  位置：256
; bad SQL grammar []
2026-09-30 19:53:38.911 [scheduling-1] [] WARN  c.c.g.runtime.audit.AuditRetryTask - [AuditRetry] 到期行拉取失败（表缺失/DB 不可用）errType=BadSqlGrammarException msg=
### Error querying database.  Cause: org.postgresql.util.PSQLException: ERROR: relation "public.ecos_runtime_audit_retry" does not exist
  位置：256
### The error may exist in com/chinacreator/gzcm/runtime/audit/mapper/AuditRetryMapper.java (best guess)
### The error may involve com.chinacreator.gzcm.runtime.audit.mapper.AuditRetryMapper.listDue-Inline
### The error occurred while setting parameters
### SQL: SELECT id, event_type AS eventType, payload, attempts, next_retry_at AS nextRetryAt, last_error AS lastError, status, trace_id AS traceId, create_time AS createTime, update_time AS updateTime, version_no AS versionNo, is_deleted AS isDeleted, domain FROM public.ecos_runtime_audit_retry WHERE is_deleted = 0 AND status = 'pending' AND next_retry_at <= ? ORDER BY next_retry_at ASC LIMIT ?
### Cause: org.postgresql.util.PSQLException: ERROR: relation "public.ecos_runtime_audit_retry" does not exist
  位置：256
; bad SQL grammar []
2026-09-30 19:54:38.921 [scheduling-1] [] WARN  c.c.g.runtime.audit.AuditRetryTask - [AuditRetry] 到期行拉取失败（表缺失/DB 不可用）errType=BadSqlGrammarException msg=
### Error querying database.  Cause: org.postgresql.util.PSQLException: ERROR: relation "public.ecos_runtime_audit_retry" does not exist
  位置：256
### The error may exist in com/chinacreator/gzcm/runtime/audit/mapper/AuditRetryMapper.java (best guess)
### The error may involve com.chinacreator.gzcm.runtime.audit.mapper.AuditRetryMapper.listDue-Inline
### The error occurred while setting parameters
### SQL: SELECT id, event_type AS eventType, payload, attempts, next_retry_at AS nextRetryAt, last_error AS lastError, status, trace_id AS traceId, create_time AS createTime, update_time AS updateTime, version_no AS versionNo, is_deleted AS isDeleted, domain FROM public.ecos_runtime_audit_retry WHERE is_deleted = 0 AND status = 'pending' AND next_retry_at <= ? ORDER BY next_retry_at ASC LIMIT ?
### Cause: org.postgresql.util.PSQLException: ERROR: relation "public.ecos_runtime_audit_retry" does not exist
  位置：256
; bad SQL grammar []
2026-09-30 19:55:38.941 [scheduling-1] [] WARN  c.c.g.runtime.audit.AuditRetryTask - [AuditRetry] 到期行拉取失败（表缺失/DB 不可用）errType=BadSqlGrammarException msg=
### Error querying database.  Cause: org.postgresql.util.PSQLException: ERROR: relation "public.ecos_runtime_audit_retry" does not exist
  位置：256
### The error may exist in com/chinacreator/gzcm/runtime/audit/mapper/AuditRetryMapper.java (best guess)
### The error may involve com.chinacreator.gzcm.runtime.audit.mapper.AuditRetryMapper.listDue-Inline
### The error occurred while setting parameters
### SQL: SELECT id, event_type AS eventType, payload, attempts, next_retry_at AS nextRetryAt, last_error AS lastError, status, trace_id AS traceId, create_time AS createTime, update_time AS updateTime, version_no AS versionNo, is_deleted AS isDeleted, domain FROM public.ecos_runtime_audit_retry WHERE is_deleted = 0 AND status = 'pending' AND next_retry_at <= ? ORDER BY next_retry_at ASC LIMIT ?
### Cause: org.postgresql.util.PSQLException: ERROR: relation "public.ecos_runtime_audit_retry" does not exist
  位置：256
; bad SQL grammar []
2026-09-30 19:56:38.997 [scheduling-1] [] WARN  c.c.g.runtime.audit.AuditRetryTask - [AuditRetry] 到期行拉取失败（表缺失/DB 不可用）errType=BadSqlGrammarException msg=
### Error querying database.  Cause: org.postgresql.util.PSQLException: ERROR: relation "public.ecos_runtime_audit_retry" does not exist
  位置：256
### The error may exist in com/chinacreator/gzcm/runtime/audit/mapper/AuditRetryMapper.java (best guess)
### The error may involve com.chinacreator.gzcm.runtime.audit.mapper.AuditRetryMapper.listDue-Inline
### The error occurred while setting parameters
### SQL: SELECT id, event_type AS eventType, payload, attempts, next_retry_at AS nextRetryAt, last_error AS lastError, status, trace_id AS traceId, create_time AS createTime, update_time AS updateTime, version_no AS versionNo, is_deleted AS isDeleted, domain FROM public.ecos_runtime_audit_retry WHERE is_deleted = 0 AND status = 'pending' AND next_retry_at <= ? ORDER BY next_retry_at ASC LIMIT ?
### Cause: org.postgresql.util.PSQLException: ERROR: relation "public.ecos_runtime_audit_retry" does not exist
  位置：256
; bad SQL grammar []
2026-09-30 19:57:02.807 [scheduling-1] [] WARN  c.c.gzcm.runtime.dlq.DltLagChecker - [DltLagChecker] AdminClient 创建失败 errType=KafkaException msg=Failed to create new KafkaAdminClient
2026-09-30 19:57:02.810 [scheduling-1] [] WARN  c.c.gzcm.runtime.dlq.DltLagChecker - [DltLagChecker] AdminClient 不可用（bootstrap=localhost:9092），本轮降级跳过
2026-09-30 19:57:39.027 [scheduling-1] [] WARN  c.c.g.runtime.audit.AuditRetryTask - [AuditRetry] 到期行拉取失败（表缺失/DB 不可用）errType=BadSqlGrammarException msg=
### Error querying database.  Cause: org.postgresql.util.PSQLException: ERROR: relation "public.ecos_runtime_audit_retry" does not exist
  位置：256
### The error may exist in com/chinacreator/gzcm/runtime/audit/mapper/AuditRetryMapper.java (best guess)
### The error may involve com.chinacreator.gzcm.runtime.audit.mapper.AuditRetryMapper.listDue-Inline
### The error occurred while setting parameters
### SQL: SELECT id, event_type AS eventType, payload, attempts, next_retry_at AS nextRetryAt, last_error AS lastError, status, trace_id AS traceId, create_time AS createTime, update_time AS updateTime, version_no AS versionNo, is_deleted AS isDeleted, domain FROM public.ecos_runtime_audit_retry WHERE is_deleted = 0 AND status = 'pending' AND next_retry_at <= ? ORDER BY next_retry_at ASC LIMIT ?
### Cause: org.postgresql.util.PSQLException: ERROR: relation "public.ecos_runtime_audit_retry" does not exist
  位置：256
; bad SQL grammar []
2026-09-30 19:58:39.045 [scheduling-1] [] WARN  c.c.g.runtime.audit.AuditRetryTask - [AuditRetry] 到期行拉取失败（表缺失/DB 不可用）errType=BadSqlGrammarException msg=
### Error querying database.  Cause: org.postgresql.util.PSQLException: ERROR: relation "public.ecos_runtime_audit_retry" does not exist
  位置：256
### The error may exist in com/chinacreator/gzcm/runtime/audit/mapper/AuditRetryMapper.java (best guess)
### The error may involve com.chinacreator.gzcm.runtime.audit.mapper.AuditRetryMapper.listDue-Inline
### The error occurred while setting parameters
### SQL: SELECT id, event_type AS eventType, payload, attempts, next_retry_at AS nextRetryAt, last_error AS lastError, status, trace_id AS traceId, create_time AS createTime, update_time AS updateTime, version_no AS versionNo, is_deleted AS isDeleted, domain FROM public.ecos_runtime_audit_retry WHERE is_deleted = 0 AND status = 'pending' AND next_retry_at <= ? ORDER BY next_retry_at ASC LIMIT ?
### Cause: org.postgresql.util.PSQLException: ERROR: relation "public.ecos_runtime_audit_retry" does not exist
  位置：256
; bad SQL grammar []
2026-09-30 19:59:39.070 [scheduling-1] [] WARN  c.c.g.runtime.audit.AuditRetryTask - [AuditRetry] 到期行拉取失败（表缺失/DB 不可用）errType=BadSqlGrammarException msg=
### Error querying database.  Cause: org.postgresql.util.PSQLException: ERROR: relation "public.ecos_runtime_audit_retry" does not exist
  位置：256
### The error may exist in com/chinacreator/gzcm/runtime/audit/mapper/AuditRetryMapper.java (best guess)
### The error may involve com.chinacreator.gzcm.runtime.audit.mapper.AuditRetryMapper.listDue-Inline
### The error occurred while setting parameters
### SQL: SELECT id, event_type AS eventType, payload, attempts, next_retry_at AS nextRetryAt, last_error AS lastError, status, trace_id AS traceId, create_time AS createTime, update_time AS updateTime, version_no AS versionNo, is_deleted AS isDeleted, domain FROM public.ecos_runtime_audit_retry WHERE is_deleted = 0 AND status = 'pending' AND next_retry_at <= ? ORDER BY next_retry_at ASC LIMIT ?
### Cause: org.postgresql.util.PSQLException: ERROR: relation "public.ecos_runtime_audit_retry" does not exist
  位置：256
; bad SQL grammar []
2026-09-30 20:00:39.105 [scheduling-1] [] WARN  c.c.g.runtime.audit.AuditRetryTask - [AuditRetry] 到期行拉取失败（表缺失/DB 不可用）errType=BadSqlGrammarException msg=
### Error querying database.  Cause: org.postgresql.util.PSQLException: ERROR: relation "public.ecos_runtime_audit_retry" does not exist
  位置：256
### The error may exist in com/chinacreator/gzcm/runtime/audit/mapper/AuditRetryMapper.java (best guess)
### The error may involve com.chinacreator.gzcm.runtime.audit.mapper.AuditRetryMapper.listDue-Inline
### The error occurred while setting parameters
### SQL: SELECT id, event_type AS eventType, payload, attempts, next_retry_at AS nextRetryAt, last_error AS lastError, status, trace_id AS traceId, create_time AS createTime, update_time AS updateTime, version_no AS versionNo, is_deleted AS isDeleted, domain FROM public.ecos_runtime_audit_retry WHERE is_deleted = 0 AND status = 'pending' AND next_retry_at <= ? ORDER BY next_retry_at ASC LIMIT ?
### Cause: org.postgresql.util.PSQLException: ERROR: relation "public.ecos_runtime_audit_retry" does not exist
  位置：256
; bad SQL grammar []
2026-09-30 20:01:39.121 [scheduling-1] [] WARN  c.c.g.runtime.audit.AuditRetryTask - [AuditRetry] 到期行拉取失败（表缺失/DB 不可用）errType=BadSqlGrammarException msg=
### Error querying database.  Cause: org.postgresql.util.PSQLException: ERROR: relation "public.ecos_runtime_audit_retry" does not exist
  位置：256
### The error may exist in com/chinacreator/gzcm/runtime/audit/mapper/AuditRetryMapper.java (best guess)
### The error may involve com.chinacreator.gzcm.runtime.audit.mapper.AuditRetryMapper.listDue-Inline
### The error occurred while setting parameters
### SQL: SELECT id, event_type AS eventType, payload, attempts, next_retry_at AS nextRetryAt, last_error AS lastError, status, trace_id AS traceId, create_time AS createTime, update_time AS updateTime, version_no AS versionNo, is_deleted AS isDeleted, domain FROM public.ecos_runtime_audit_retry WHERE is_deleted = 0 AND status = 'pending' AND next_retry_at <= ? ORDER BY next_retry_at ASC LIMIT ?
### Cause: org.postgresql.util.PSQLException: ERROR: relation "public.ecos_runtime_audit_retry" does not exist
  位置：256
; bad SQL grammar []
2026-09-30 20:02:02.849 [scheduling-1] [] WARN  c.c.gzcm.runtime.dlq.DltLagChecker - [DltLagChecker] AdminClient 创建失败 errType=KafkaException msg=Failed to create new KafkaAdminClient
2026-09-30 20:02:02.852 [scheduling-1] [] WARN  c.c.gzcm.runtime.dlq.DltLagChecker - [DltLagChecker] AdminClient 不可用（bootstrap=localhost:9092），本轮降级跳过
2026-09-30 20:02:39.133 [scheduling-1] [] WARN  c.c.g.runtime.audit.AuditRetryTask - [AuditRetry] 到期行拉取失败（表缺失/DB 不可用）errType=BadSqlGrammarException msg=
### Error querying database.  Cause: org.postgresql.util.PSQLException: ERROR: relation "public.ecos_runtime_audit_retry" does not exist
  位置：256
### The error may exist in com/chinacreator/gzcm/runtime/audit/mapper/AuditRetryMapper.java (best guess)
### The error may involve com.chinacreator.gzcm.runtime.audit.mapper.AuditRetryMapper.listDue-Inline
### The error occurred while setting parameters
### SQL: SELECT id, event_type AS eventType, payload, attempts, next_retry_at AS nextRetryAt, last_error AS lastError, status, trace_id AS traceId, create_time AS createTime, update_time AS updateTime, version_no AS versionNo, is_deleted AS isDeleted, domain FROM public.ecos_runtime_audit_retry WHERE is_deleted = 0 AND status = 'pending' AND next_retry_at <= ? ORDER BY next_retry_at ASC LIMIT ?
### Cause: org.postgresql.util.PSQLException: ERROR: relation "public.ecos_runtime_audit_retry" does not exist
  位置：256
; bad SQL grammar []
2026-09-30 20:03:39.145 [scheduling-1] [] WARN  c.c.g.runtime.audit.AuditRetryTask - [AuditRetry] 到期行拉取失败（表缺失/DB 不可用）errType=BadSqlGrammarException msg=
### Error querying database.  Cause: org.postgresql.util.PSQLException: ERROR: relation "public.ecos_runtime_audit_retry" does not exist
  位置：256
### The error may exist in com/chinacreator/gzcm/runtime/audit/mapper/AuditRetryMapper.java (best guess)
### The error may involve com.chinacreator.gzcm.runtime.audit.mapper.AuditRetryMapper.listDue-Inline
### The error occurred while setting parameters
### SQL: SELECT id, event_type AS eventType, payload, attempts, next_retry_at AS nextRetryAt, last_error AS lastError, status, trace_id AS traceId, create_time AS createTime, update_time AS updateTime, version_no AS versionNo, is_deleted AS isDeleted, domain FROM public.ecos_runtime_audit_retry WHERE is_deleted = 0 AND status = 'pending' AND next_retry_at <= ? ORDER BY next_retry_at ASC LIMIT ?
### Cause: org.postgresql.util.PSQLException: ERROR: relation "public.ecos_runtime_audit_retry" does not exist
  位置：256
; bad SQL grammar []
2026-09-30 20:04:39.157 [scheduling-1] [] WARN  c.c.g.runtime.audit.AuditRetryTask - [AuditRetry] 到期行拉取失败（表缺失/DB 不可用）errType=BadSqlGrammarException msg=
### Error querying database.  Cause: org.postgresql.util.PSQLException: ERROR: relation "public.ecos_runtime_audit_retry" does not exist
  位置：256
### The error may exist in com/chinacreator/gzcm/runtime/audit/mapper/AuditRetryMapper.java (best guess)
### The error may involve com.chinacreator.gzcm.runtime.audit.mapper.AuditRetryMapper.listDue-Inline
### The error occurred while setting parameters
### SQL: SELECT id, event_type AS eventType, payload, attempts, next_retry_at AS nextRetryAt, last_error AS lastError, status, trace_id AS traceId, create_time AS createTime, update_time AS updateTime, version_no AS versionNo, is_deleted AS isDeleted, domain FROM public.ecos_runtime_audit_retry WHERE is_deleted = 0 AND status = 'pending' AND next_retry_at <= ? ORDER BY next_retry_at ASC LIMIT ?
### Cause: org.postgresql.util.PSQLException: ERROR: relation "public.ecos_runtime_audit_retry" does not exist
  位置：256
; bad SQL grammar []
2026-09-30 20:05:39.172 [scheduling-1] [] WARN  c.c.g.runtime.audit.AuditRetryTask - [AuditRetry] 到期行拉取失败（表缺失/DB 不可用）errType=BadSqlGrammarException msg=
### Error querying database.  Cause: org.postgresql.util.PSQLException: ERROR: relation "public.ecos_runtime_audit_retry" does not exist
  位置：256
### The error may exist in com/chinacreator/gzcm/runtime/audit/mapper/AuditRetryMapper.java (best guess)
### The error may involve com.chinacreator.gzcm.runtime.audit.mapper.AuditRetryMapper.listDue-Inline
### The error occurred while setting parameters
### SQL: SELECT id, event_type AS eventType, payload, attempts, next_retry_at AS nextRetryAt, last_error AS lastError, status, trace_id AS traceId, create_time AS createTime, update_time AS updateTime, version_no AS versionNo, is_deleted AS isDeleted, domain FROM public.ecos_runtime_audit_retry WHERE is_deleted = 0 AND status = 'pending' AND next_retry_at <= ? ORDER BY next_retry_at ASC LIMIT ?
### Cause: org.postgresql.util.PSQLException: ERROR: relation "public.ecos_runtime_audit_retry" does not exist
  位置：256
; bad SQL grammar []
2026-09-30 20:06:39.196 [scheduling-1] [] WARN  c.c.g.runtime.audit.AuditRetryTask - [AuditRetry] 到期行拉取失败（表缺失/DB 不可用）errType=BadSqlGrammarException msg=
### Error querying database.  Cause: org.postgresql.util.PSQLException: ERROR: relation "public.ecos_runtime_audit_retry" does not exist
  位置：256
### The error may exist in com/chinacreator/gzcm/runtime/audit/mapper/AuditRetryMapper.java (best guess)
### The error may involve com.chinacreator.gzcm.runtime.audit.mapper.AuditRetryMapper.listDue-Inline
### The error occurred while setting parameters
### SQL: SELECT id, event_type AS eventType, payload, attempts, next_retry_at AS nextRetryAt, last_error AS lastError, status, trace_id AS traceId, create_time AS createTime, update_time AS updateTime, version_no AS versionNo, is_deleted AS isDeleted, domain FROM public.ecos_runtime_audit_retry WHERE is_deleted = 0 AND status = 'pending' AND next_retry_at <= ? ORDER BY next_retry_at ASC LIMIT ?
### Cause: org.postgresql.util.PSQLException: ERROR: relation "public.ecos_runtime_audit_retry" does not exist
  位置：256
; bad SQL grammar []
2026-09-30 20:07:02.870 [scheduling-1] [] WARN  c.c.gzcm.runtime.dlq.DltLagChecker - [DltLagChecker] AdminClient 创建失败 errType=KafkaException msg=Failed to create new KafkaAdminClient
2026-09-30 20:07:02.871 [scheduling-1] [] WARN  c.c.gzcm.runtime.dlq.DltLagChecker - [DltLagChecker] AdminClient 不可用（bootstrap=localhost:9092），本轮降级跳过
2026-09-30 20:07:39.215 [scheduling-1] [] WARN  c.c.g.runtime.audit.AuditRetryTask - [AuditRetry] 到期行拉取失败（表缺失/DB 不可用）errType=BadSqlGrammarException msg=
### Error querying database.  Cause: org.postgresql.util.PSQLException: ERROR: relation "public.ecos_runtime_audit_retry" does not exist
  位置：256
### The error may exist in com/chinacreator/gzcm/runtime/audit/mapper/AuditRetryMapper.java (best guess)
### The error may involve com.chinacreator.gzcm.runtime.audit.mapper.AuditRetryMapper.listDue-Inline
### The error occurred while setting parameters
### SQL: SELECT id, event_type AS eventType, payload, attempts, next_retry_at AS nextRetryAt, last_error AS lastError, status, trace_id AS traceId, create_time AS createTime, update_time AS updateTime, version_no AS versionNo, is_deleted AS isDeleted, domain FROM public.ecos_runtime_audit_retry WHERE is_deleted = 0 AND status = 'pending' AND next_retry_at <= ? ORDER BY next_retry_at ASC LIMIT ?
### Cause: org.postgresql.util.PSQLException: ERROR: relation "public.ecos_runtime_audit_retry" does not exist
  位置：256
; bad SQL grammar []
2026-09-30 20:08:39.230 [scheduling-1] [] WARN  c.c.g.runtime.audit.AuditRetryTask - [AuditRetry] 到期行拉取失败（表缺失/DB 不可用）errType=BadSqlGrammarException msg=
### Error querying database.  Cause: org.postgresql.util.PSQLException: ERROR: relation "public.ecos_runtime_audit_retry" does not exist
  位置：256
### The error may exist in com/chinacreator/gzcm/runtime/audit/mapper/AuditRetryMapper.java (best guess)
### The error may involve com.chinacreator.gzcm.runtime.audit.mapper.AuditRetryMapper.listDue-Inline
### The error occurred while setting parameters
### SQL: SELECT id, event_type AS eventType, payload, attempts, next_retry_at AS nextRetryAt, last_error AS lastError, status, trace_id AS traceId, create_time AS createTime, update_time AS updateTime, version_no AS versionNo, is_deleted AS isDeleted, domain FROM public.ecos_runtime_audit_retry WHERE is_deleted = 0 AND status = 'pending' AND next_retry_at <= ? ORDER BY next_retry_at ASC LIMIT ?
### Cause: org.postgresql.util.PSQLException: ERROR: relation "public.ecos_runtime_audit_retry" does not exist
  位置：256
; bad SQL grammar []
2026-09-30 20:09:39.252 [scheduling-1] [] WARN  c.c.g.runtime.audit.AuditRetryTask - [AuditRetry] 到期行拉取失败（表缺失/DB 不可用）errType=BadSqlGrammarException msg=
### Error querying database.  Cause: org.postgresql.util.PSQLException: ERROR: relation "public.ecos_runtime_audit_retry" does not exist
  位置：256
### The error may exist in com/chinacreator/gzcm/runtime/audit/mapper/AuditRetryMapper.java (best guess)
### The error may involve com.chinacreator.gzcm.runtime.audit.mapper.AuditRetryMapper.listDue-Inline
### The error occurred while setting parameters
### SQL: SELECT id, event_type AS eventType, payload, attempts, next_retry_at AS nextRetryAt, last_error AS lastError, status, trace_id AS traceId, create_time AS createTime, update_time AS updateTime, version_no AS versionNo, is_deleted AS isDeleted, domain FROM public.ecos_runtime_audit_retry WHERE is_deleted = 0 AND status = 'pending' AND next_retry_at <= ? ORDER BY next_retry_at ASC LIMIT ?
### Cause: org.postgresql.util.PSQLException: ERROR: relation "public.ecos_runtime_audit_retry" does not exist
  位置：256
; bad SQL grammar []
2026-09-30 20:10:39.268 [scheduling-1] [] WARN  c.c.g.runtime.audit.AuditRetryTask - [AuditRetry] 到期行拉取失败（表缺失/DB 不可用）errType=BadSqlGrammarException msg=
### Error querying database.  Cause: org.postgresql.util.PSQLException: ERROR: relation "public.ecos_runtime_audit_retry" does not exist
  位置：256
### The error may exist in com/chinacreator/gzcm/runtime/audit/mapper/AuditRetryMapper.java (best guess)
### The error may involve com.chinacreator.gzcm.runtime.audit.mapper.AuditRetryMapper.listDue-Inline
### The error occurred while setting parameters
### SQL: SELECT id, event_type AS eventType, payload, attempts, next_retry_at AS nextRetryAt, last_error AS lastError, status, trace_id AS traceId, create_time AS createTime, update_time AS updateTime, version_no AS versionNo, is_deleted AS isDeleted, domain FROM public.ecos_runtime_audit_retry WHERE is_deleted = 0 AND status = 'pending' AND next_retry_at <= ? ORDER BY next_retry_at ASC LIMIT ?
### Cause: org.postgresql.util.PSQLException: ERROR: relation "public.ecos_runtime_audit_retry" does not exist
  位置：256
; bad SQL grammar []
2026-09-30 20:11:39.286 [scheduling-1] [] WARN  c.c.g.runtime.audit.AuditRetryTask - [AuditRetry] 到期行拉取失败（表缺失/DB 不可用）errType=BadSqlGrammarException msg=
### Error querying database.  Cause: org.postgresql.util.PSQLException: ERROR: relation "public.ecos_runtime_audit_retry" does not exist
  位置：256
### The error may exist in com/chinacreator/gzcm/runtime/audit/mapper/AuditRetryMapper.java (best guess)
### The error may involve com.chinacreator.gzcm.runtime.audit.mapper.AuditRetryMapper.listDue-Inline
### The error occurred while setting parameters
### SQL: SELECT id, event_type AS eventType, payload, attempts, next_retry_at AS nextRetryAt, last_error AS lastError, status, trace_id AS traceId, create_time AS createTime, update_time AS updateTime, version_no AS versionNo, is_deleted AS isDeleted, domain FROM public.ecos_runtime_audit_retry WHERE is_deleted = 0 AND status = 'pending' AND next_retry_at <= ? ORDER BY next_retry_at ASC LIMIT ?
### Cause: org.postgresql.util.PSQLException: ERROR: relation "public.ecos_runtime_audit_retry" does not exist
  位置：256
; bad SQL grammar []
2026-09-30 20:12:02.887 [scheduling-1] [] WARN  c.c.gzcm.runtime.dlq.DltLagChecker - [DltLagChecker] AdminClient 创建失败 errType=KafkaException msg=Failed to create new KafkaAdminClient
2026-09-30 20:12:02.898 [scheduling-1] [] WARN  c.c.gzcm.runtime.dlq.DltLagChecker - [DltLagChecker] AdminClient 不可用（bootstrap=localhost:9092），本轮降级跳过
2026-09-30 20:12:39.297 [scheduling-1] [] WARN  c.c.g.runtime.audit.AuditRetryTask - [AuditRetry] 到期行拉取失败（表缺失/DB 不可用）errType=BadSqlGrammarException msg=
### Error querying database.  Cause: org.postgresql.util.PSQLException: ERROR: relation "public.ecos_runtime_audit_retry" does not exist
  位置：256
### The error may exist in com/chinacreator/gzcm/runtime/audit/mapper/AuditRetryMapper.java (best guess)
### The error may involve com.chinacreator.gzcm.runtime.audit.mapper.AuditRetryMapper.listDue-Inline
### The error occurred while setting parameters
### SQL: SELECT id, event_type AS eventType, payload, attempts, next_retry_at AS nextRetryAt, last_error AS lastError, status, trace_id AS traceId, create_time AS createTime, update_time AS updateTime, version_no AS versionNo, is_deleted AS isDeleted, domain FROM public.ecos_runtime_audit_retry WHERE is_deleted = 0 AND status = 'pending' AND next_retry_at <= ? ORDER BY next_retry_at ASC LIMIT ?
### Cause: org.postgresql.util.PSQLException: ERROR: relation "public.ecos_runtime_audit_retry" does not exist
  位置：256
; bad SQL grammar []
2026-09-30 20:13:39.310 [scheduling-1] [] WARN  c.c.g.runtime.audit.AuditRetryTask - [AuditRetry] 到期行拉取失败（表缺失/DB 不可用）errType=BadSqlGrammarException msg=
### Error querying database.  Cause: org.postgresql.util.PSQLException: ERROR: relation "public.ecos_runtime_audit_retry" does not exist
  位置：256
### The error may exist in com/chinacreator/gzcm/runtime/audit/mapper/AuditRetryMapper.java (best guess)
### The error may involve com.chinacreator.gzcm.runtime.audit.mapper.AuditRetryMapper.listDue-Inline
### The error occurred while setting parameters
### SQL: SELECT id, event_type AS eventType, payload, attempts, next_retry_at AS nextRetryAt, last_error AS lastError, status, trace_id AS traceId, create_time AS createTime, update_time AS updateTime, version_no AS versionNo, is_deleted AS isDeleted, domain FROM public.ecos_runtime_audit_retry WHERE is_deleted = 0 AND status = 'pending' AND next_retry_at <= ? ORDER BY next_retry_at ASC LIMIT ?
### Cause: org.postgresql.util.PSQLException: ERROR: relation "public.ecos_runtime_audit_retry" does not exist
  位置：256
; bad SQL grammar []
2026-09-30 20:14:39.349 [scheduling-1] [] WARN  c.c.g.runtime.audit.AuditRetryTask - [AuditRetry] 到期行拉取失败（表缺失/DB 不可用）errType=BadSqlGrammarException msg=
### Error querying database.  Cause: org.postgresql.util.PSQLException: ERROR: relation "public.ecos_runtime_audit_retry" does not exist
  位置：256
### The error may exist in com/chinacreator/gzcm/runtime/audit/mapper/AuditRetryMapper.java (best guess)
### The error may involve com.chinacreator.gzcm.runtime.audit.mapper.AuditRetryMapper.listDue-Inline
### The error occurred while setting parameters
### SQL: SELECT id, event_type AS eventType, payload, attempts, next_retry_at AS nextRetryAt, last_error AS lastError, status, trace_id AS traceId, create_time AS createTime, update_time AS updateTime, version_no AS versionNo, is_deleted AS isDeleted, domain FROM public.ecos_runtime_audit_retry WHERE is_deleted = 0 AND status = 'pending' AND next_retry_at <= ? ORDER BY next_retry_at ASC LIMIT ?
### Cause: org.postgresql.util.PSQLException: ERROR: relation "public.ecos_runtime_audit_retry" does not exist
  位置：256
; bad SQL grammar []
2026-09-30 20:15:39.375 [scheduling-1] [] WARN  c.c.g.runtime.audit.AuditRetryTask - [AuditRetry] 到期行拉取失败（表缺失/DB 不可用）errType=BadSqlGrammarException msg=
### Error querying database.  Cause: org.postgresql.util.PSQLException: ERROR: relation "public.ecos_runtime_audit_retry" does not exist
  位置：256
### The error may exist in com/chinacreator/gzcm/runtime/audit/mapper/AuditRetryMapper.java (best guess)
### The error may involve com.chinacreator.gzcm.runtime.audit.mapper.AuditRetryMapper.listDue-Inline
### The error occurred while setting parameters
### SQL: SELECT id, event_type AS eventType, payload, attempts, next_retry_at AS nextRetryAt, last_error AS lastError, status, trace_id AS traceId, create_time AS createTime, update_time AS updateTime, version_no AS versionNo, is_deleted AS isDeleted, domain FROM public.ecos_runtime_audit_retry WHERE is_deleted = 0 AND status = 'pending' AND next_retry_at <= ? ORDER BY next_retry_at ASC LIMIT ?
### Cause: org.postgresql.util.PSQLException: ERROR: relation "public.ecos_runtime_audit_retry" does not exist
  位置：256
; bad SQL grammar []
2026-09-30 20:16:39.392 [scheduling-1] [] WARN  c.c.g.runtime.audit.AuditRetryTask - [AuditRetry] 到期行拉取失败（表缺失/DB 不可用）errType=BadSqlGrammarException msg=
### Error querying database.  Cause: org.postgresql.util.PSQLException: ERROR: relation "public.ecos_runtime_audit_retry" does not exist
  位置：256
### The error may exist in com/chinacreator/gzcm/runtime/audit/mapper/AuditRetryMapper.java (best guess)
### The error may involve com.chinacreator.gzcm.runtime.audit.mapper.AuditRetryMapper.listDue-Inline
### The error occurred while setting parameters
### SQL: SELECT id, event_type AS eventType, payload, attempts, next_retry_at AS nextRetryAt, last_error AS lastError, status, trace_id AS traceId, create_time AS createTime, update_time AS updateTime, version_no AS versionNo, is_deleted AS isDeleted, domain FROM public.ecos_runtime_audit_retry WHERE is_deleted = 0 AND status = 'pending' AND next_retry_at <= ? ORDER BY next_retry_at ASC LIMIT ?
### Cause: org.postgresql.util.PSQLException: ERROR: relation "public.ecos_runtime_audit_retry" does not exist
  位置：256
; bad SQL grammar []
2026-09-30 20:17:02.921 [scheduling-1] [] WARN  c.c.gzcm.runtime.dlq.DltLagChecker - [DltLagChecker] AdminClient 创建失败 errType=KafkaException msg=Failed to create new KafkaAdminClient
2026-09-30 20:17:02.933 [scheduling-1] [] WARN  c.c.gzcm.runtime.dlq.DltLagChecker - [DltLagChecker] AdminClient 不可用（bootstrap=localhost:9092），本轮降级跳过
2026-09-30 20:17:39.408 [scheduling-1] [] WARN  c.c.g.runtime.audit.AuditRetryTask - [AuditRetry] 到期行拉取失败（表缺失/DB 不可用）errType=BadSqlGrammarException msg=
### Error querying database.  Cause: org.postgresql.util.PSQLException: ERROR: relation "public.ecos_runtime_audit_retry" does not exist
  位置：256
### The error may exist in com/chinacreator/gzcm/runtime/audit/mapper/AuditRetryMapper.java (best guess)
### The error may involve com.chinacreator.gzcm.runtime.audit.mapper.AuditRetryMapper.listDue-Inline
### The error occurred while setting parameters
### SQL: SELECT id, event_type AS eventType, payload, attempts, next_retry_at AS nextRetryAt, last_error AS lastError, status, trace_id AS traceId, create_time AS createTime, update_time AS updateTime, version_no AS versionNo, is_deleted AS isDeleted, domain FROM public.ecos_runtime_audit_retry WHERE is_deleted = 0 AND status = 'pending' AND next_retry_at <= ? ORDER BY next_retry_at ASC LIMIT ?
### Cause: org.postgresql.util.PSQLException: ERROR: relation "public.ecos_runtime_audit_retry" does not exist
  位置：256
; bad SQL grammar []
2026-09-30 20:18:39.420 [scheduling-1] [] WARN  c.c.g.runtime.audit.AuditRetryTask - [AuditRetry] 到期行拉取失败（表缺失/DB 不可用）errType=BadSqlGrammarException msg=
### Error querying database.  Cause: org.postgresql.util.PSQLException: ERROR: relation "public.ecos_runtime_audit_retry" does not exist
  位置：256
### The error may exist in com/chinacreator/gzcm/runtime/audit/mapper/AuditRetryMapper.java (best guess)
### The error may involve com.chinacreator.gzcm.runtime.audit.mapper.AuditRetryMapper.listDue-Inline
### The error occurred while setting parameters
### SQL: SELECT id, event_type AS eventType, payload, attempts, next_retry_at AS nextRetryAt, last_error AS lastError, status, trace_id AS traceId, create_time AS createTime, update_time AS updateTime, version_no AS versionNo, is_deleted AS isDeleted, domain FROM public.ecos_runtime_audit_retry WHERE is_deleted = 0 AND status = 'pending' AND next_retry_at <= ? ORDER BY next_retry_at ASC LIMIT ?
### Cause: org.postgresql.util.PSQLException: ERROR: relation "public.ecos_runtime_audit_retry" does not exist
  位置：256
; bad SQL grammar []
2026-09-30 20:19:39.447 [scheduling-1] [] WARN  c.c.g.runtime.audit.AuditRetryTask - [AuditRetry] 到期行拉取失败（表缺失/DB 不可用）errType=BadSqlGrammarException msg=
### Error querying database.  Cause: org.postgresql.util.PSQLException: ERROR: relation "public.ecos_runtime_audit_retry" does not exist
  位置：256
### The error may exist in com/chinacreator/gzcm/runtime/audit/mapper/AuditRetryMapper.java (best guess)
### The error may involve com.chinacreator.gzcm.runtime.audit.mapper.AuditRetryMapper.listDue-Inline
### The error occurred while setting parameters
### SQL: SELECT id, event_type AS eventType, payload, attempts, next_retry_at AS nextRetryAt, last_error AS lastError, status, trace_id AS traceId, create_time AS createTime, update_time AS updateTime, version_no AS versionNo, is_deleted AS isDeleted, domain FROM public.ecos_runtime_audit_retry WHERE is_deleted = 0 AND status = 'pending' AND next_retry_at <= ? ORDER BY next_retry_at ASC LIMIT ?
### Cause: org.postgresql.util.PSQLException: ERROR: relation "public.ecos_runtime_audit_retry" does not exist
  位置：256
; bad SQL grammar []
2026-09-30 20:20:39.473 [scheduling-1] [] WARN  c.c.g.runtime.audit.AuditRetryTask - [AuditRetry] 到期行拉取失败（表缺失/DB 不可用）errType=BadSqlGrammarException msg=
### Error querying database.  Cause: org.postgresql.util.PSQLException: ERROR: relation "public.ecos_runtime_audit_retry" does not exist
  位置：256
### The error may exist in com/chinacreator/gzcm/runtime/audit/mapper/AuditRetryMapper.java (best guess)
### The error may involve com.chinacreator.gzcm.runtime.audit.mapper.AuditRetryMapper.listDue-Inline
### The error occurred while setting parameters
### SQL: SELECT id, event_type AS eventType, payload, attempts, next_retry_at AS nextRetryAt, last_error AS lastError, status, trace_id AS traceId, create_time AS createTime, update_time AS updateTime, version_no AS versionNo, is_deleted AS isDeleted, domain FROM public.ecos_runtime_audit_retry WHERE is_deleted = 0 AND status = 'pending' AND next_retry_at <= ? ORDER BY next_retry_at ASC LIMIT ?
### Cause: org.postgresql.util.PSQLException: ERROR: relation "public.ecos_runtime_audit_retry" does not exist
  位置：256
; bad SQL grammar []
2026-09-30 20:21:39.494 [scheduling-1] [] WARN  c.c.g.runtime.audit.AuditRetryTask - [AuditRetry] 到期行拉取失败（表缺失/DB 不可用）errType=BadSqlGrammarException msg=
### Error querying database.  Cause: org.postgresql.util.PSQLException: ERROR: relation "public.ecos_runtime_audit_retry" does not exist
  位置：256
### The error may exist in com/chinacreator/gzcm/runtime/audit/mapper/AuditRetryMapper.java (best guess)
### The error may involve com.chinacreator.gzcm.runtime.audit.mapper.AuditRetryMapper.listDue-Inline
### The error occurred while setting parameters
### SQL: SELECT id, event_type AS eventType, payload, attempts, next_retry_at AS nextRetryAt, last_error AS lastError, status, trace_id AS traceId, create_time AS createTime, update_time AS updateTime, version_no AS versionNo, is_deleted AS isDeleted, domain FROM public.ecos_runtime_audit_retry WHERE is_deleted = 0 AND status = 'pending' AND next_retry_at <= ? ORDER BY next_retry_at ASC LIMIT ?
### Cause: org.postgresql.util.PSQLException: ERROR: relation "public.ecos_runtime_audit_retry" does not exist
  位置：256
; bad SQL grammar []
2026-09-30 20:22:02.953 [scheduling-1] [] WARN  c.c.gzcm.runtime.dlq.DltLagChecker - [DltLagChecker] AdminClient 创建失败 errType=KafkaException msg=Failed to create new KafkaAdminClient
2026-09-30 20:22:02.954 [scheduling-1] [] WARN  c.c.gzcm.runtime.dlq.DltLagChecker - [DltLagChecker] AdminClient 不可用（bootstrap=localhost:9092），本轮降级跳过
2026-09-30 20:22:39.537 [scheduling-1] [] WARN  c.c.g.runtime.audit.AuditRetryTask - [AuditRetry] 到期行拉取失败（表缺失/DB 不可用）errType=BadSqlGrammarException msg=
### Error querying database.  Cause: org.postgresql.util.PSQLException: ERROR: relation "public.ecos_runtime_audit_retry" does not exist
  位置：256
### The error may exist in com/chinacreator/gzcm/runtime/audit/mapper/AuditRetryMapper.java (best guess)
### The error may involve com.chinacreator.gzcm.runtime.audit.mapper.AuditRetryMapper.listDue-Inline
### The error occurred while setting parameters
### SQL: SELECT id, event_type AS eventType, payload, attempts, next_retry_at AS nextRetryAt, last_error AS lastError, status, trace_id AS traceId, create_time AS createTime, update_time AS updateTime, version_no AS versionNo, is_deleted AS isDeleted, domain FROM public.ecos_runtime_audit_retry WHERE is_deleted = 0 AND status = 'pending' AND next_retry_at <= ? ORDER BY next_retry_at ASC LIMIT ?
### Cause: org.postgresql.util.PSQLException: ERROR: relation "public.ecos_runtime_audit_retry" does not exist
  位置：256
; bad SQL grammar []
2026-09-30 20:23:39.566 [scheduling-1] [] WARN  c.c.g.runtime.audit.AuditRetryTask - [AuditRetry] 到期行拉取失败（表缺失/DB 不可用）errType=BadSqlGrammarException msg=
### Error querying database.  Cause: org.postgresql.util.PSQLException: ERROR: relation "public.ecos_runtime_audit_retry" does not exist
  位置：256
### The error may exist in com/chinacreator/gzcm/runtime/audit/mapper/AuditRetryMapper.java (best guess)
### The error may involve com.chinacreator.gzcm.runtime.audit.mapper.AuditRetryMapper.listDue-Inline
### The error occurred while setting parameters
### SQL: SELECT id, event_type AS eventType, payload, attempts, next_retry_at AS nextRetryAt, last_error AS lastError, status, trace_id AS traceId, create_time AS createTime, update_time AS updateTime, version_no AS versionNo, is_deleted AS isDeleted, domain FROM public.ecos_runtime_audit_retry WHERE is_deleted = 0 AND status = 'pending' AND next_retry_at <= ? ORDER BY next_retry_at ASC LIMIT ?
### Cause: org.postgresql.util.PSQLException: ERROR: relation "public.ecos_runtime_audit_retry" does not exist
  位置：256
; bad SQL grammar []
2026-09-30 20:24:39.577 [scheduling-1] [] WARN  c.c.g.runtime.audit.AuditRetryTask - [AuditRetry] 到期行拉取失败（表缺失/DB 不可用）errType=BadSqlGrammarException msg=
### Error querying database.  Cause: org.postgresql.util.PSQLException: ERROR: relation "public.ecos_runtime_audit_retry" does not exist
  位置：256
### The error may exist in com/chinacreator/gzcm/runtime/audit/mapper/AuditRetryMapper.java (best guess)
### The error may involve com.chinacreator.gzcm.runtime.audit.mapper.AuditRetryMapper.listDue-Inline
### The error occurred while setting parameters
### SQL: SELECT id, event_type AS eventType, payload, attempts, next_retry_at AS nextRetryAt, last_error AS lastError, status, trace_id AS traceId, create_time AS createTime, update_time AS updateTime, version_no AS versionNo, is_deleted AS isDeleted, domain FROM public.ecos_runtime_audit_retry WHERE is_deleted = 0 AND status = 'pending' AND next_retry_at <= ? ORDER BY next_retry_at ASC LIMIT ?
### Cause: org.postgresql.util.PSQLException: ERROR: relation "public.ecos_runtime_audit_retry" does not exist
  位置：256
; bad SQL grammar []
2026-09-30 20:25:39.608 [scheduling-1] [] WARN  c.c.g.runtime.audit.AuditRetryTask - [AuditRetry] 到期行拉取失败（表缺失/DB 不可用）errType=BadSqlGrammarException msg=
### Error querying database.  Cause: org.postgresql.util.PSQLException: ERROR: relation "public.ecos_runtime_audit_retry" does not exist
  位置：256
### The error may exist in com/chinacreator/gzcm/runtime/audit/mapper/AuditRetryMapper.java (best guess)
### The error may involve com.chinacreator.gzcm.runtime.audit.mapper.AuditRetryMapper.listDue-Inline
### The error occurred while setting parameters
### SQL: SELECT id, event_type AS eventType, payload, attempts, next_retry_at AS nextRetryAt, last_error AS lastError, status, trace_id AS traceId, create_time AS createTime, update_time AS updateTime, version_no AS versionNo, is_deleted AS isDeleted, domain FROM public.ecos_runtime_audit_retry WHERE is_deleted = 0 AND status = 'pending' AND next_retry_at <= ? ORDER BY next_retry_at ASC LIMIT ?
### Cause: org.postgresql.util.PSQLException: ERROR: relation "public.ecos_runtime_audit_retry" does not exist
  位置：256
; bad SQL grammar []
2026-09-30 20:26:39.642 [scheduling-1] [] WARN  c.c.g.runtime.audit.AuditRetryTask - [AuditRetry] 到期行拉取失败（表缺失/DB 不可用）errType=BadSqlGrammarException msg=
### Error querying database.  Cause: org.postgresql.util.PSQLException: ERROR: relation "public.ecos_runtime_audit_retry" does not exist
  位置：256
### The error may exist in com/chinacreator/gzcm/runtime/audit/mapper/AuditRetryMapper.java (best guess)
### The error may involve com.chinacreator.gzcm.runtime.audit.mapper.AuditRetryMapper.listDue-Inline
### The error occurred while setting parameters
### SQL: SELECT id, event_type AS eventType, payload, attempts, next_retry_at AS nextRetryAt, last_error AS lastError, status, trace_id AS traceId, create_time AS createTime, update_time AS updateTime, version_no AS versionNo, is_deleted AS isDeleted, domain FROM public.ecos_runtime_audit_retry WHERE is_deleted = 0 AND status = 'pending' AND next_retry_at <= ? ORDER BY next_retry_at ASC LIMIT ?
### Cause: org.postgresql.util.PSQLException: ERROR: relation "public.ecos_runtime_audit_retry" does not exist
  位置：256
; bad SQL grammar []
2026-09-30 20:27:02.981 [scheduling-1] [] WARN  c.c.gzcm.runtime.dlq.DltLagChecker - [DltLagChecker] AdminClient 创建失败 errType=KafkaException msg=Failed to create new KafkaAdminClient
2026-09-30 20:27:02.991 [scheduling-1] [] WARN  c.c.gzcm.runtime.dlq.DltLagChecker - [DltLagChecker] AdminClient 不可用（bootstrap=localhost:9092），本轮降级跳过
2026-09-30 20:27:39.703 [scheduling-1] [] WARN  c.c.g.runtime.audit.AuditRetryTask - [AuditRetry] 到期行拉取失败（表缺失/DB 不可用）errType=BadSqlGrammarException msg=
### Error querying database.  Cause: org.postgresql.util.PSQLException: ERROR: relation "public.ecos_runtime_audit_retry" does not exist
  位置：256
### The error may exist in com/chinacreator/gzcm/runtime/audit/mapper/AuditRetryMapper.java (best guess)
### The error may involve com.chinacreator.gzcm.runtime.audit.mapper.AuditRetryMapper.listDue-Inline
### The error occurred while setting parameters
### SQL: SELECT id, event_type AS eventType, payload, attempts, next_retry_at AS nextRetryAt, last_error AS lastError, status, trace_id AS traceId, create_time AS createTime, update_time AS updateTime, version_no AS versionNo, is_deleted AS isDeleted, domain FROM public.ecos_runtime_audit_retry WHERE is_deleted = 0 AND status = 'pending' AND next_retry_at <= ? ORDER BY next_retry_at ASC LIMIT ?
### Cause: org.postgresql.util.PSQLException: ERROR: relation "public.ecos_runtime_audit_retry" does not exist
  位置：256
; bad SQL grammar []
2026-09-30 20:28:39.746 [scheduling-1] [] WARN  c.c.g.runtime.audit.AuditRetryTask - [AuditRetry] 到期行拉取失败（表缺失/DB 不可用）errType=BadSqlGrammarException msg=
### Error querying database.  Cause: org.postgresql.util.PSQLException: ERROR: relation "public.ecos_runtime_audit_retry" does not exist
  位置：256
### The error may exist in com/chinacreator/gzcm/runtime/audit/mapper/AuditRetryMapper.java (best guess)
### The error may involve com.chinacreator.gzcm.runtime.audit.mapper.AuditRetryMapper.listDue-Inline
### The error occurred while setting parameters
### SQL: SELECT id, event_type AS eventType, payload, attempts, next_retry_at AS nextRetryAt, last_error AS lastError, status, trace_id AS traceId, create_time AS createTime, update_time AS updateTime, version_no AS versionNo, is_deleted AS isDeleted, domain FROM public.ecos_runtime_audit_retry WHERE is_deleted = 0 AND status = 'pending' AND next_retry_at <= ? ORDER BY next_retry_at ASC LIMIT ?
### Cause: org.postgresql.util.PSQLException: ERROR: relation "public.ecos_runtime_audit_retry" does not exist
  位置：256
; bad SQL grammar []
2026-09-30 20:29:39.773 [scheduling-1] [] WARN  c.c.g.runtime.audit.AuditRetryTask - [AuditRetry] 到期行拉取失败（表缺失/DB 不可用）errType=BadSqlGrammarException msg=
### Error querying database.  Cause: org.postgresql.util.PSQLException: ERROR: relation "public.ecos_runtime_audit_retry" does not exist
  位置：256
### The error may exist in com/chinacreator/gzcm/runtime/audit/mapper/AuditRetryMapper.java (best guess)
### The error may involve com.chinacreator.gzcm.runtime.audit.mapper.AuditRetryMapper.listDue-Inline
### The error occurred while setting parameters
### SQL: SELECT id, event_type AS eventType, payload, attempts, next_retry_at AS nextRetryAt, last_error AS lastError, status, trace_id AS traceId, create_time AS createTime, update_time AS updateTime, version_no AS versionNo, is_deleted AS isDeleted, domain FROM public.ecos_runtime_audit_retry WHERE is_deleted = 0 AND status = 'pending' AND next_retry_at <= ? ORDER BY next_retry_at ASC LIMIT ?
### Cause: org.postgresql.util.PSQLException: ERROR: relation "public.ecos_runtime_audit_retry" does not exist
  位置：256
; bad SQL grammar []
2026-09-30 20:30:39.782 [scheduling-1] [] WARN  c.c.g.runtime.audit.AuditRetryTask - [AuditRetry] 到期行拉取失败（表缺失/DB 不可用）errType=BadSqlGrammarException msg=
### Error querying database.  Cause: org.postgresql.util.PSQLException: ERROR: relation "public.ecos_runtime_audit_retry" does not exist
  位置：256
### The error may exist in com/chinacreator/gzcm/runtime/audit/mapper/AuditRetryMapper.java (best guess)
### The error may involve com.chinacreator.gzcm.runtime.audit.mapper.AuditRetryMapper.listDue-Inline
### The error occurred while setting parameters
### SQL: SELECT id, event_type AS eventType, payload, attempts, next_retry_at AS nextRetryAt, last_error AS lastError, status, trace_id AS traceId, create_time AS createTime, update_time AS updateTime, version_no AS versionNo, is_deleted AS isDeleted, domain FROM public.ecos_runtime_audit_retry WHERE is_deleted = 0 AND status = 'pending' AND next_retry_at <= ? ORDER BY next_retry_at ASC LIMIT ?
### Cause: org.postgresql.util.PSQLException: ERROR: relation "public.ecos_runtime_audit_retry" does not exist
  位置：256
; bad SQL grammar []
2026-09-30 20:31:39.811 [scheduling-1] [] WARN  c.c.g.runtime.audit.AuditRetryTask - [AuditRetry] 到期行拉取失败（表缺失/DB 不可用）errType=BadSqlGrammarException msg=
### Error querying database.  Cause: org.postgresql.util.PSQLException: ERROR: relation "public.ecos_runtime_audit_retry" does not exist
  位置：256
### The error may exist in com/chinacreator/gzcm/runtime/audit/mapper/AuditRetryMapper.java (best guess)
### The error may involve com.chinacreator.gzcm.runtime.audit.mapper.AuditRetryMapper.listDue-Inline
### The error occurred while setting parameters
### SQL: SELECT id, event_type AS eventType, payload, attempts, next_retry_at AS nextRetryAt, last_error AS lastError, status, trace_id AS traceId, create_time AS createTime, update_time AS updateTime, version_no AS versionNo, is_deleted AS isDeleted, domain FROM public.ecos_runtime_audit_retry WHERE is_deleted = 0 AND status = 'pending' AND next_retry_at <= ? ORDER BY next_retry_at ASC LIMIT ?
### Cause: org.postgresql.util.PSQLException: ERROR: relation "public.ecos_runtime_audit_retry" does not exist
  位置：256
; bad SQL grammar []
2026-09-30 20:32:03.002 [scheduling-1] [] WARN  c.c.gzcm.runtime.dlq.DltLagChecker - [DltLagChecker] AdminClient 创建失败 errType=KafkaException msg=Failed to create new KafkaAdminClient
2026-09-30 20:32:03.013 [scheduling-1] [] WARN  c.c.gzcm.runtime.dlq.DltLagChecker - [DltLagChecker] AdminClient 不可用（bootstrap=localhost:9092），本轮降级跳过
2026-09-30 20:32:39.834 [scheduling-1] [] WARN  c.c.g.runtime.audit.AuditRetryTask - [AuditRetry] 到期行拉取失败（表缺失/DB 不可用）errType=BadSqlGrammarException msg=
### Error querying database.  Cause: org.postgresql.util.PSQLException: ERROR: relation "public.ecos_runtime_audit_retry" does not exist
  位置：256
### The error may exist in com/chinacreator/gzcm/runtime/audit/mapper/AuditRetryMapper.java (best guess)
### The error may involve com.chinacreator.gzcm.runtime.audit.mapper.AuditRetryMapper.listDue-Inline
### The error occurred while setting parameters
### SQL: SELECT id, event_type AS eventType, payload, attempts, next_retry_at AS nextRetryAt, last_error AS lastError, status, trace_id AS traceId, create_time AS createTime, update_time AS updateTime, version_no AS versionNo, is_deleted AS isDeleted, domain FROM public.ecos_runtime_audit_retry WHERE is_deleted = 0 AND status = 'pending' AND next_retry_at <= ? ORDER BY next_retry_at ASC LIMIT ?
### Cause: org.postgresql.util.PSQLException: ERROR: relation "public.ecos_runtime_audit_retry" does not exist
  位置：256
; bad SQL grammar []
2026-09-30 20:33:39.851 [scheduling-1] [] WARN  c.c.g.runtime.audit.AuditRetryTask - [AuditRetry] 到期行拉取失败（表缺失/DB 不可用）errType=BadSqlGrammarException msg=
### Error querying database.  Cause: org.postgresql.util.PSQLException: ERROR: relation "public.ecos_runtime_audit_retry" does not exist
  位置：256
### The error may exist in com/chinacreator/gzcm/runtime/audit/mapper/AuditRetryMapper.java (best guess)
### The error may involve com.chinacreator.gzcm.runtime.audit.mapper.AuditRetryMapper.listDue-Inline
### The error occurred while setting parameters
### SQL: SELECT id, event_type AS eventType, payload, attempts, next_retry_at AS nextRetryAt, last_error AS lastError, status, trace_id AS traceId, create_time AS createTime, update_time AS updateTime, version_no AS versionNo, is_deleted AS isDeleted, domain FROM public.ecos_runtime_audit_retry WHERE is_deleted = 0 AND status = 'pending' AND next_retry_at <= ? ORDER BY next_retry_at ASC LIMIT ?
### Cause: org.postgresql.util.PSQLException: ERROR: relation "public.ecos_runtime_audit_retry" does not exist
  位置：256
; bad SQL grammar []
2026-09-30 20:34:39.860 [scheduling-1] [] WARN  c.c.g.runtime.audit.AuditRetryTask - [AuditRetry] 到期行拉取失败（表缺失/DB 不可用）errType=BadSqlGrammarException msg=
### Error querying database.  Cause: org.postgresql.util.PSQLException: ERROR: relation "public.ecos_runtime_audit_retry" does not exist
  位置：256
### The error may exist in com/chinacreator/gzcm/runtime/audit/mapper/AuditRetryMapper.java (best guess)
### The error may involve com.chinacreator.gzcm.runtime.audit.mapper.AuditRetryMapper.listDue-Inline
### The error occurred while setting parameters
### SQL: SELECT id, event_type AS eventType, payload, attempts, next_retry_at AS nextRetryAt, last_error AS lastError, status, trace_id AS traceId, create_time AS createTime, update_time AS updateTime, version_no AS versionNo, is_deleted AS isDeleted, domain FROM public.ecos_runtime_audit_retry WHERE is_deleted = 0 AND status = 'pending' AND next_retry_at <= ? ORDER BY next_retry_at ASC LIMIT ?
### Cause: org.postgresql.util.PSQLException: ERROR: relation "public.ecos_runtime_audit_retry" does not exist
  位置：256
; bad SQL grammar []
2026-09-30 20:35:39.872 [scheduling-1] [] WARN  c.c.g.runtime.audit.AuditRetryTask - [AuditRetry] 到期行拉取失败（表缺失/DB 不可用）errType=BadSqlGrammarException msg=
### Error querying database.  Cause: org.postgresql.util.PSQLException: ERROR: relation "public.ecos_runtime_audit_retry" does not exist
  位置：256
### The error may exist in com/chinacreator/gzcm/runtime/audit/mapper/AuditRetryMapper.java (best guess)
### The error may involve com.chinacreator.gzcm.runtime.audit.mapper.AuditRetryMapper.listDue-Inline
### The error occurred while setting parameters
### SQL: SELECT id, event_type AS eventType, payload, attempts, next_retry_at AS nextRetryAt, last_error AS lastError, status, trace_id AS traceId, create_time AS createTime, update_time AS updateTime, version_no AS versionNo, is_deleted AS isDeleted, domain FROM public.ecos_runtime_audit_retry WHERE is_deleted = 0 AND status = 'pending' AND next_retry_at <= ? ORDER BY next_retry_at ASC LIMIT ?
### Cause: org.postgresql.util.PSQLException: ERROR: relation "public.ecos_runtime_audit_retry" does not exist
  位置：256
; bad SQL grammar []
2026-09-30 20:36:39.890 [scheduling-1] [] WARN  c.c.g.runtime.audit.AuditRetryTask - [AuditRetry] 到期行拉取失败（表缺失/DB 不可用）errType=BadSqlGrammarException msg=
### Error querying database.  Cause: org.postgresql.util.PSQLException: ERROR: relation "public.ecos_runtime_audit_retry" does not exist
  位置：256
### The error may exist in com/chinacreator/gzcm/runtime/audit/mapper/AuditRetryMapper.java (best guess)
### The error may involve com.chinacreator.gzcm.runtime.audit.mapper.AuditRetryMapper.listDue-Inline
### The error occurred while setting parameters
### SQL: SELECT id, event_type AS eventType, payload, attempts, next_retry_at AS nextRetryAt, last_error AS lastError, status, trace_id AS traceId, create_time AS createTime, update_time AS updateTime, version_no AS versionNo, is_deleted AS isDeleted, domain FROM public.ecos_runtime_audit_retry WHERE is_deleted = 0 AND status = 'pending' AND next_retry_at <= ? ORDER BY next_retry_at ASC LIMIT ?
### Cause: org.postgresql.util.PSQLException: ERROR: relation "public.ecos_runtime_audit_retry" does not exist
  位置：256
; bad SQL grammar []
2026-09-30 20:37:03.028 [scheduling-1] [] WARN  c.c.gzcm.runtime.dlq.DltLagChecker - [DltLagChecker] AdminClient 创建失败 errType=KafkaException msg=Failed to create new KafkaAdminClient
2026-09-30 20:37:03.039 [scheduling-1] [] WARN  c.c.gzcm.runtime.dlq.DltLagChecker - [DltLagChecker] AdminClient 不可用（bootstrap=localhost:9092），本轮降级跳过
2026-09-30 20:37:39.911 [scheduling-1] [] WARN  c.c.g.runtime.audit.AuditRetryTask - [AuditRetry] 到期行拉取失败（表缺失/DB 不可用）errType=BadSqlGrammarException msg=
### Error querying database.  Cause: org.postgresql.util.PSQLException: ERROR: relation "public.ecos_runtime_audit_retry" does not exist
  位置：256
### The error may exist in com/chinacreator/gzcm/runtime/audit/mapper/AuditRetryMapper.java (best guess)
### The error may involve com.chinacreator.gzcm.runtime.audit.mapper.AuditRetryMapper.listDue-Inline
### The error occurred while setting parameters
### SQL: SELECT id, event_type AS eventType, payload, attempts, next_retry_at AS nextRetryAt, last_error AS lastError, status, trace_id AS traceId, create_time AS createTime, update_time AS updateTime, version_no AS versionNo, is_deleted AS isDeleted, domain FROM public.ecos_runtime_audit_retry WHERE is_deleted = 0 AND status = 'pending' AND next_retry_at <= ? ORDER BY next_retry_at ASC LIMIT ?
### Cause: org.postgresql.util.PSQLException: ERROR: relation "public.ecos_runtime_audit_retry" does not exist
  位置：256
; bad SQL grammar []
2026-09-30 20:38:39.930 [scheduling-1] [] WARN  c.c.g.runtime.audit.AuditRetryTask - [AuditRetry] 到期行拉取失败（表缺失/DB 不可用）errType=BadSqlGrammarException msg=
### Error querying database.  Cause: org.postgresql.util.PSQLException: ERROR: relation "public.ecos_runtime_audit_retry" does not exist
  位置：256
### The error may exist in com/chinacreator/gzcm/runtime/audit/mapper/AuditRetryMapper.java (best guess)
### The error may involve com.chinacreator.gzcm.runtime.audit.mapper.AuditRetryMapper.listDue-Inline
### The error occurred while setting parameters
### SQL: SELECT id, event_type AS eventType, payload, attempts, next_retry_at AS nextRetryAt, last_error AS lastError, status, trace_id AS traceId, create_time AS createTime, update_time AS updateTime, version_no AS versionNo, is_deleted AS isDeleted, domain FROM public.ecos_runtime_audit_retry WHERE is_deleted = 0 AND status = 'pending' AND next_retry_at <= ? ORDER BY next_retry_at ASC LIMIT ?
### Cause: org.postgresql.util.PSQLException: ERROR: relation "public.ecos_runtime_audit_retry" does not exist
  位置：256
; bad SQL grammar []
2026-09-30 20:39:39.952 [scheduling-1] [] WARN  c.c.g.runtime.audit.AuditRetryTask - [AuditRetry] 到期行拉取失败（表缺失/DB 不可用）errType=BadSqlGrammarException msg=
### Error querying database.  Cause: org.postgresql.util.PSQLException: ERROR: relation "public.ecos_runtime_audit_retry" does not exist
  位置：256
### The error may exist in com/chinacreator/gzcm/runtime/audit/mapper/AuditRetryMapper.java (best guess)
### The error may involve com.chinacreator.gzcm.runtime.audit.mapper.AuditRetryMapper.listDue-Inline
### The error occurred while setting parameters
### SQL: SELECT id, event_type AS eventType, payload, attempts, next_retry_at AS nextRetryAt, last_error AS lastError, status, trace_id AS traceId, create_time AS createTime, update_time AS updateTime, version_no AS versionNo, is_deleted AS isDeleted, domain FROM public.ecos_runtime_audit_retry WHERE is_deleted = 0 AND status = 'pending' AND next_retry_at <= ? ORDER BY next_retry_at ASC LIMIT ?
### Cause: org.postgresql.util.PSQLException: ERROR: relation "public.ecos_runtime_audit_retry" does not exist
  位置：256
; bad SQL grammar []
2026-09-30 20:40:39.981 [scheduling-1] [] WARN  c.c.g.runtime.audit.AuditRetryTask - [AuditRetry] 到期行拉取失败（表缺失/DB 不可用）errType=BadSqlGrammarException msg=
### Error querying database.  Cause: org.postgresql.util.PSQLException: ERROR: relation "public.ecos_runtime_audit_retry" does not exist
  位置：256
### The error may exist in com/chinacreator/gzcm/runtime/audit/mapper/AuditRetryMapper.java (best guess)
### The error may involve com.chinacreator.gzcm.runtime.audit.mapper.AuditRetryMapper.listDue-Inline
### The error occurred while setting parameters
### SQL: SELECT id, event_type AS eventType, payload, attempts, next_retry_at AS nextRetryAt, last_error AS lastError, status, trace_id AS traceId, create_time AS createTime, update_time AS updateTime, version_no AS versionNo, is_deleted AS isDeleted, domain FROM public.ecos_runtime_audit_retry WHERE is_deleted = 0 AND status = 'pending' AND next_retry_at <= ? ORDER BY next_retry_at ASC LIMIT ?
### Cause: org.postgresql.util.PSQLException: ERROR: relation "public.ecos_runtime_audit_retry" does not exist
  位置：256
; bad SQL grammar []
2026-09-30 20:41:39.992 [scheduling-1] [] WARN  c.c.g.runtime.audit.AuditRetryTask - [AuditRetry] 到期行拉取失败（表缺失/DB 不可用）errType=BadSqlGrammarException msg=
### Error querying database.  Cause: org.postgresql.util.PSQLException: ERROR: relation "public.ecos_runtime_audit_retry" does not exist
  位置：256
### The error may exist in com/chinacreator/gzcm/runtime/audit/mapper/AuditRetryMapper.java (best guess)
### The error may involve com.chinacreator.gzcm.runtime.audit.mapper.AuditRetryMapper.listDue-Inline
### The error occurred while setting parameters
### SQL: SELECT id, event_type AS eventType, payload, attempts, next_retry_at AS nextRetryAt, last_error AS lastError, status, trace_id AS traceId, create_time AS createTime, update_time AS updateTime, version_no AS versionNo, is_deleted AS isDeleted, domain FROM public.ecos_runtime_audit_retry WHERE is_deleted = 0 AND status = 'pending' AND next_retry_at <= ? ORDER BY next_retry_at ASC LIMIT ?
### Cause: org.postgresql.util.PSQLException: ERROR: relation "public.ecos_runtime_audit_retry" does not exist
  位置：256
; bad SQL grammar []
2026-09-30 20:42:03.063 [scheduling-1] [] WARN  c.c.gzcm.runtime.dlq.DltLagChecker - [DltLagChecker] AdminClient 创建失败 errType=KafkaException msg=Failed to create new KafkaAdminClient
2026-09-30 20:42:03.066 [scheduling-1] [] WARN  c.c.gzcm.runtime.dlq.DltLagChecker - [DltLagChecker] AdminClient 不可用（bootstrap=localhost:9092），本轮降级跳过
2026-09-30 20:42:40.015 [scheduling-1] [] WARN  c.c.g.runtime.audit.AuditRetryTask - [AuditRetry] 到期行拉取失败（表缺失/DB 不可用）errType=BadSqlGrammarException msg=
### Error querying database.  Cause: org.postgresql.util.PSQLException: ERROR: relation "public.ecos_runtime_audit_retry" does not exist
  位置：256
### The error may exist in com/chinacreator/gzcm/runtime/audit/mapper/AuditRetryMapper.java (best guess)
### The error may involve com.chinacreator.gzcm.runtime.audit.mapper.AuditRetryMapper.listDue-Inline
### The error occurred while setting parameters
### SQL: SELECT id, event_type AS eventType, payload, attempts, next_retry_at AS nextRetryAt, last_error AS lastError, status, trace_id AS traceId, create_time AS createTime, update_time AS updateTime, version_no AS versionNo, is_deleted AS isDeleted, domain FROM public.ecos_runtime_audit_retry WHERE is_deleted = 0 AND status = 'pending' AND next_retry_at <= ? ORDER BY next_retry_at ASC LIMIT ?
### Cause: org.postgresql.util.PSQLException: ERROR: relation "public.ecos_runtime_audit_retry" does not exist
  位置：256
; bad SQL grammar []
2026-09-30 20:43:40.038 [scheduling-1] [] WARN  c.c.g.runtime.audit.AuditRetryTask - [AuditRetry] 到期行拉取失败（表缺失/DB 不可用）errType=BadSqlGrammarException msg=
### Error querying database.  Cause: org.postgresql.util.PSQLException: ERROR: relation "public.ecos_runtime_audit_retry" does not exist
  位置：256
### The error may exist in com/chinacreator/gzcm/runtime/audit/mapper/AuditRetryMapper.java (best guess)
### The error may involve com.chinacreator.gzcm.runtime.audit.mapper.AuditRetryMapper.listDue-Inline
### The error occurred while setting parameters
### SQL: SELECT id, event_type AS eventType, payload, attempts, next_retry_at AS nextRetryAt, last_error AS lastError, status, trace_id AS traceId, create_time AS createTime, update_time AS updateTime, version_no AS versionNo, is_deleted AS isDeleted, domain FROM public.ecos_runtime_audit_retry WHERE is_deleted = 0 AND status = 'pending' AND next_retry_at <= ? ORDER BY next_retry_at ASC LIMIT ?
### Cause: org.postgresql.util.PSQLException: ERROR: relation "public.ecos_runtime_audit_retry" does not exist
  位置：256
; bad SQL grammar []
2026-09-30 20:44:40.051 [scheduling-1] [] WARN  c.c.g.runtime.audit.AuditRetryTask - [AuditRetry] 到期行拉取失败（表缺失/DB 不可用）errType=BadSqlGrammarException msg=
### Error querying database.  Cause: org.postgresql.util.PSQLException: ERROR: relation "public.ecos_runtime_audit_retry" does not exist
  位置：256
### The error may exist in com/chinacreator/gzcm/runtime/audit/mapper/AuditRetryMapper.java (best guess)
### The error may involve com.chinacreator.gzcm.runtime.audit.mapper.AuditRetryMapper.listDue-Inline
### The error occurred while setting parameters
### SQL: SELECT id, event_type AS eventType, payload, attempts, next_retry_at AS nextRetryAt, last_error AS lastError, status, trace_id AS traceId, create_time AS createTime, update_time AS updateTime, version_no AS versionNo, is_deleted AS isDeleted, domain FROM public.ecos_runtime_audit_retry WHERE is_deleted = 0 AND status = 'pending' AND next_retry_at <= ? ORDER BY next_retry_at ASC LIMIT ?
### Cause: org.postgresql.util.PSQLException: ERROR: relation "public.ecos_runtime_audit_retry" does not exist
  位置：256
; bad SQL grammar []
2026-09-30 20:45:40.063 [scheduling-1] [] WARN  c.c.g.runtime.audit.AuditRetryTask - [AuditRetry] 到期行拉取失败（表缺失/DB 不可用）errType=BadSqlGrammarException msg=
### Error querying database.  Cause: org.postgresql.util.PSQLException: ERROR: relation "public.ecos_runtime_audit_retry" does not exist
  位置：256
### The error may exist in com/chinacreator/gzcm/runtime/audit/mapper/AuditRetryMapper.java (best guess)
### The error may involve com.chinacreator.gzcm.runtime.audit.mapper.AuditRetryMapper.listDue-Inline
### The error occurred while setting parameters
### SQL: SELECT id, event_type AS eventType, payload, attempts, next_retry_at AS nextRetryAt, last_error AS lastError, status, trace_id AS traceId, create_time AS createTime, update_time AS updateTime, version_no AS versionNo, is_deleted AS isDeleted, domain FROM public.ecos_runtime_audit_retry WHERE is_deleted = 0 AND status = 'pending' AND next_retry_at <= ? ORDER BY next_retry_at ASC LIMIT ?
### Cause: org.postgresql.util.PSQLException: ERROR: relation "public.ecos_runtime_audit_retry" does not exist
  位置：256
; bad SQL grammar []
2026-09-30 20:46:40.099 [scheduling-1] [] WARN  c.c.g.runtime.audit.AuditRetryTask - [AuditRetry] 到期行拉取失败（表缺失/DB 不可用）errType=BadSqlGrammarException msg=
### Error querying database.  Cause: org.postgresql.util.PSQLException: ERROR: relation "public.ecos_runtime_audit_retry" does not exist
  位置：256
### The error may exist in com/chinacreator/gzcm/runtime/audit/mapper/AuditRetryMapper.java (best guess)
### The error may involve com.chinacreator.gzcm.runtime.audit.mapper.AuditRetryMapper.listDue-Inline
### The error occurred while setting parameters
### SQL: SELECT id, event_type AS eventType, payload, attempts, next_retry_at AS nextRetryAt, last_error AS lastError, status, trace_id AS traceId, create_time AS createTime, update_time AS updateTime, version_no AS versionNo, is_deleted AS isDeleted, domain FROM public.ecos_runtime_audit_retry WHERE is_deleted = 0 AND status = 'pending' AND next_retry_at <= ? ORDER BY next_retry_at ASC LIMIT ?
### Cause: org.postgresql.util.PSQLException: ERROR: relation "public.ecos_runtime_audit_retry" does not exist
  位置：256
; bad SQL grammar []
2026-09-30 20:47:03.089 [scheduling-1] [] WARN  c.c.gzcm.runtime.dlq.DltLagChecker - [DltLagChecker] AdminClient 创建失败 errType=KafkaException msg=Failed to create new KafkaAdminClient
2026-09-30 20:47:03.090 [scheduling-1] [] WARN  c.c.gzcm.runtime.dlq.DltLagChecker - [DltLagChecker] AdminClient 不可用（bootstrap=localhost:9092），本轮降级跳过
2026-09-30 20:47:40.110 [scheduling-1] [] WARN  c.c.g.runtime.audit.AuditRetryTask - [AuditRetry] 到期行拉取失败（表缺失/DB 不可用）errType=BadSqlGrammarException msg=
### Error querying database.  Cause: org.postgresql.util.PSQLException: ERROR: relation "public.ecos_runtime_audit_retry" does not exist
  位置：256
### The error may exist in com/chinacreator/gzcm/runtime/audit/mapper/AuditRetryMapper.java (best guess)
### The error may involve com.chinacreator.gzcm.runtime.audit.mapper.AuditRetryMapper.listDue-Inline
### The error occurred while setting parameters
### SQL: SELECT id, event_type AS eventType, payload, attempts, next_retry_at AS nextRetryAt, last_error AS lastError, status, trace_id AS traceId, create_time AS createTime, update_time AS updateTime, version_no AS versionNo, is_deleted AS isDeleted, domain FROM public.ecos_runtime_audit_retry WHERE is_deleted = 0 AND status = 'pending' AND next_retry_at <= ? ORDER BY next_retry_at ASC LIMIT ?
### Cause: org.postgresql.util.PSQLException: ERROR: relation "public.ecos_runtime_audit_retry" does not exist
  位置：256
; bad SQL grammar []
2026-09-30 20:48:40.124 [scheduling-1] [] WARN  c.c.g.runtime.audit.AuditRetryTask - [AuditRetry] 到期行拉取失败（表缺失/DB 不可用）errType=BadSqlGrammarException msg=
### Error querying database.  Cause: org.postgresql.util.PSQLException: ERROR: relation "public.ecos_runtime_audit_retry" does not exist
  位置：256
### The error may exist in com/chinacreator/gzcm/runtime/audit/mapper/AuditRetryMapper.java (best guess)
### The error may involve com.chinacreator.gzcm.runtime.audit.mapper.AuditRetryMapper.listDue-Inline
### The error occurred while setting parameters
### SQL: SELECT id, event_type AS eventType, payload, attempts, next_retry_at AS nextRetryAt, last_error AS lastError, status, trace_id AS traceId, create_time AS createTime, update_time AS updateTime, version_no AS versionNo, is_deleted AS isDeleted, domain FROM public.ecos_runtime_audit_retry WHERE is_deleted = 0 AND status = 'pending' AND next_retry_at <= ? ORDER BY next_retry_at ASC LIMIT ?
### Cause: org.postgresql.util.PSQLException: ERROR: relation "public.ecos_runtime_audit_retry" does not exist
  位置：256
; bad SQL grammar []
2026-09-30 20:49:40.150 [scheduling-1] [] WARN  c.c.g.runtime.audit.AuditRetryTask - [AuditRetry] 到期行拉取失败（表缺失/DB 不可用）errType=BadSqlGrammarException msg=
### Error querying database.  Cause: org.postgresql.util.PSQLException: ERROR: relation "public.ecos_runtime_audit_retry" does not exist
  位置：256
### The error may exist in com/chinacreator/gzcm/runtime/audit/mapper/AuditRetryMapper.java (best guess)
### The error may involve com.chinacreator.gzcm.runtime.audit.mapper.AuditRetryMapper.listDue-Inline
### The error occurred while setting parameters
### SQL: SELECT id, event_type AS eventType, payload, attempts, next_retry_at AS nextRetryAt, last_error AS lastError, status, trace_id AS traceId, create_time AS createTime, update_time AS updateTime, version_no AS versionNo, is_deleted AS isDeleted, domain FROM public.ecos_runtime_audit_retry WHERE is_deleted = 0 AND status = 'pending' AND next_retry_at <= ? ORDER BY next_retry_at ASC LIMIT ?
### Cause: org.postgresql.util.PSQLException: ERROR: relation "public.ecos_runtime_audit_retry" does not exist
  位置：256
; bad SQL grammar []
2026-09-30 20:50:40.174 [scheduling-1] [] WARN  c.c.g.runtime.audit.AuditRetryTask - [AuditRetry] 到期行拉取失败（表缺失/DB 不可用）errType=BadSqlGrammarException msg=
### Error querying database.  Cause: org.postgresql.util.PSQLException: ERROR: relation "public.ecos_runtime_audit_retry" does not exist
  位置：256
### The error may exist in com/chinacreator/gzcm/runtime/audit/mapper/AuditRetryMapper.java (best guess)
### The error may involve com.chinacreator.gzcm.runtime.audit.mapper.AuditRetryMapper.listDue-Inline
### The error occurred while setting parameters
### SQL: SELECT id, event_type AS eventType, payload, attempts, next_retry_at AS nextRetryAt, last_error AS lastError, status, trace_id AS traceId, create_time AS createTime, update_time AS updateTime, version_no AS versionNo, is_deleted AS isDeleted, domain FROM public.ecos_runtime_audit_retry WHERE is_deleted = 0 AND status = 'pending' AND next_retry_at <= ? ORDER BY next_retry_at ASC LIMIT ?
### Cause: org.postgresql.util.PSQLException: ERROR: relation "public.ecos_runtime_audit_retry" does not exist
  位置：256
; bad SQL grammar []
2026-09-30 20:51:40.210 [scheduling-1] [] WARN  c.c.g.runtime.audit.AuditRetryTask - [AuditRetry] 到期行拉取失败（表缺失/DB 不可用）errType=BadSqlGrammarException msg=
### Error querying database.  Cause: org.postgresql.util.PSQLException: ERROR: relation "public.ecos_runtime_audit_retry" does not exist
  位置：256
### The error may exist in com/chinacreator/gzcm/runtime/audit/mapper/AuditRetryMapper.java (best guess)
### The error may involve com.chinacreator.gzcm.runtime.audit.mapper.AuditRetryMapper.listDue-Inline
### The error occurred while setting parameters
### SQL: SELECT id, event_type AS eventType, payload, attempts, next_retry_at AS nextRetryAt, last_error AS lastError, status, trace_id AS traceId, create_time AS createTime, update_time AS updateTime, version_no AS versionNo, is_deleted AS isDeleted, domain FROM public.ecos_runtime_audit_retry WHERE is_deleted = 0 AND status = 'pending' AND next_retry_at <= ? ORDER BY next_retry_at ASC LIMIT ?
### Cause: org.postgresql.util.PSQLException: ERROR: relation "public.ecos_runtime_audit_retry" does not exist
  位置：256
; bad SQL grammar []
2026-09-30 20:52:03.114 [scheduling-1] [] WARN  c.c.gzcm.runtime.dlq.DltLagChecker - [DltLagChecker] AdminClient 创建失败 errType=KafkaException msg=Failed to create new KafkaAdminClient
2026-09-30 20:52:03.117 [scheduling-1] [] WARN  c.c.gzcm.runtime.dlq.DltLagChecker - [DltLagChecker] AdminClient 不可用（bootstrap=localhost:9092），本轮降级跳过
2026-09-30 20:52:40.220 [scheduling-1] [] WARN  c.c.g.runtime.audit.AuditRetryTask - [AuditRetry] 到期行拉取失败（表缺失/DB 不可用）errType=BadSqlGrammarException msg=
### Error querying database.  Cause: org.postgresql.util.PSQLException: ERROR: relation "public.ecos_runtime_audit_retry" does not exist
  位置：256
### The error may exist in com/chinacreator/gzcm/runtime/audit/mapper/AuditRetryMapper.java (best guess)
### The error may involve com.chinacreator.gzcm.runtime.audit.mapper.AuditRetryMapper.listDue-Inline
### The error occurred while setting parameters
### SQL: SELECT id, event_type AS eventType, payload, attempts, next_retry_at AS nextRetryAt, last_error AS lastError, status, trace_id AS traceId, create_time AS createTime, update_time AS updateTime, version_no AS versionNo, is_deleted AS isDeleted, domain FROM public.ecos_runtime_audit_retry WHERE is_deleted = 0 AND status = 'pending' AND next_retry_at <= ? ORDER BY next_retry_at ASC LIMIT ?
### Cause: org.postgresql.util.PSQLException: ERROR: relation "public.ecos_runtime_audit_retry" does not exist
  位置：256
; bad SQL grammar []
2026-09-30 20:53:40.236 [scheduling-1] [] WARN  c.c.g.runtime.audit.AuditRetryTask - [AuditRetry] 到期行拉取失败（表缺失/DB 不可用）errType=BadSqlGrammarException msg=
### Error querying database.  Cause: org.postgresql.util.PSQLException: ERROR: relation "public.ecos_runtime_audit_retry" does not exist
  位置：256
### The error may exist in com/chinacreator/gzcm/runtime/audit/mapper/AuditRetryMapper.java (best guess)
### The error may involve com.chinacreator.gzcm.runtime.audit.mapper.AuditRetryMapper.listDue-Inline
### The error occurred while setting parameters
### SQL: SELECT id, event_type AS eventType, payload, attempts, next_retry_at AS nextRetryAt, last_error AS lastError, status, trace_id AS traceId, create_time AS createTime, update_time AS updateTime, version_no AS versionNo, is_deleted AS isDeleted, domain FROM public.ecos_runtime_audit_retry WHERE is_deleted = 0 AND status = 'pending' AND next_retry_at <= ? ORDER BY next_retry_at ASC LIMIT ?
### Cause: org.postgresql.util.PSQLException: ERROR: relation "public.ecos_runtime_audit_retry" does not exist
  位置：256
; bad SQL grammar []
2026-09-30 20:54:40.253 [scheduling-1] [] WARN  c.c.g.runtime.audit.AuditRetryTask - [AuditRetry] 到期行拉取失败（表缺失/DB 不可用）errType=BadSqlGrammarException msg=
### Error querying database.  Cause: org.postgresql.util.PSQLException: ERROR: relation "public.ecos_runtime_audit_retry" does not exist
  位置：256
### The error may exist in com/chinacreator/gzcm/runtime/audit/mapper/AuditRetryMapper.java (best guess)
### The error may involve com.chinacreator.gzcm.runtime.audit.mapper.AuditRetryMapper.listDue-Inline
### The error occurred while setting parameters
### SQL: SELECT id, event_type AS eventType, payload, attempts, next_retry_at AS nextRetryAt, last_error AS lastError, status, trace_id AS traceId, create_time AS createTime, update_time AS updateTime, version_no AS versionNo, is_deleted AS isDeleted, domain FROM public.ecos_runtime_audit_retry WHERE is_deleted = 0 AND status = 'pending' AND next_retry_at <= ? ORDER BY next_retry_at ASC LIMIT ?
### Cause: org.postgresql.util.PSQLException: ERROR: relation "public.ecos_runtime_audit_retry" does not exist
  位置：256
; bad SQL grammar []
2026-09-30 20:55:40.285 [scheduling-1] [] WARN  c.c.g.runtime.audit.AuditRetryTask - [AuditRetry] 到期行拉取失败（表缺失/DB 不可用）errType=BadSqlGrammarException msg=
### Error querying database.  Cause: org.postgresql.util.PSQLException: ERROR: relation "public.ecos_runtime_audit_retry" does not exist
  位置：256
### The error may exist in com/chinacreator/gzcm/runtime/audit/mapper/AuditRetryMapper.java (best guess)
### The error may involve com.chinacreator.gzcm.runtime.audit.mapper.AuditRetryMapper.listDue-Inline
### The error occurred while setting parameters
### SQL: SELECT id, event_type AS eventType, payload, attempts, next_retry_at AS nextRetryAt, last_error AS lastError, status, trace_id AS traceId, create_time AS createTime, update_time AS updateTime, version_no AS versionNo, is_deleted AS isDeleted, domain FROM public.ecos_runtime_audit_retry WHERE is_deleted = 0 AND status = 'pending' AND next_retry_at <= ? ORDER BY next_retry_at ASC LIMIT ?
### Cause: org.postgresql.util.PSQLException: ERROR: relation "public.ecos_runtime_audit_retry" does not exist
  位置：256
; bad SQL grammar []
2026-09-30 20:56:40.305 [scheduling-1] [] WARN  c.c.g.runtime.audit.AuditRetryTask - [AuditRetry] 到期行拉取失败（表缺失/DB 不可用）errType=BadSqlGrammarException msg=
### Error querying database.  Cause: org.postgresql.util.PSQLException: ERROR: relation "public.ecos_runtime_audit_retry" does not exist
  位置：256
### The error may exist in com/chinacreator/gzcm/runtime/audit/mapper/AuditRetryMapper.java (best guess)
### The error may involve com.chinacreator.gzcm.runtime.audit.mapper.AuditRetryMapper.listDue-Inline
### The error occurred while setting parameters
### SQL: SELECT id, event_type AS eventType, payload, attempts, next_retry_at AS nextRetryAt, last_error AS lastError, status, trace_id AS traceId, create_time AS createTime, update_time AS updateTime, version_no AS versionNo, is_deleted AS isDeleted, domain FROM public.ecos_runtime_audit_retry WHERE is_deleted = 0 AND status = 'pending' AND next_retry_at <= ? ORDER BY next_retry_at ASC LIMIT ?
### Cause: org.postgresql.util.PSQLException: ERROR: relation "public.ecos_runtime_audit_retry" does not exist
  位置：256
; bad SQL grammar []
2026-09-30 20:57:03.135 [scheduling-1] [] WARN  c.c.gzcm.runtime.dlq.DltLagChecker - [DltLagChecker] AdminClient 创建失败 errType=KafkaException msg=Failed to create new KafkaAdminClient
2026-09-30 20:57:03.136 [scheduling-1] [] WARN  c.c.gzcm.runtime.dlq.DltLagChecker - [DltLagChecker] AdminClient 不可用（bootstrap=localhost:9092），本轮降级跳过
2026-09-30 20:57:40.339 [scheduling-1] [] WARN  c.c.g.runtime.audit.AuditRetryTask - [AuditRetry] 到期行拉取失败（表缺失/DB 不可用）errType=BadSqlGrammarException msg=
### Error querying database.  Cause: org.postgresql.util.PSQLException: ERROR: relation "public.ecos_runtime_audit_retry" does not exist
  位置：256
### The error may exist in com/chinacreator/gzcm/runtime/audit/mapper/AuditRetryMapper.java (best guess)
### The error may involve com.chinacreator.gzcm.runtime.audit.mapper.AuditRetryMapper.listDue-Inline
### The error occurred while setting parameters
### SQL: SELECT id, event_type AS eventType, payload, attempts, next_retry_at AS nextRetryAt, last_error AS lastError, status, trace_id AS traceId, create_time AS createTime, update_time AS updateTime, version_no AS versionNo, is_deleted AS isDeleted, domain FROM public.ecos_runtime_audit_retry WHERE is_deleted = 0 AND status = 'pending' AND next_retry_at <= ? ORDER BY next_retry_at ASC LIMIT ?
### Cause: org.postgresql.util.PSQLException: ERROR: relation "public.ecos_runtime_audit_retry" does not exist
  位置：256
; bad SQL grammar []
2026-09-30 20:58:40.366 [scheduling-1] [] WARN  c.c.g.runtime.audit.AuditRetryTask - [AuditRetry] 到期行拉取失败（表缺失/DB 不可用）errType=BadSqlGrammarException msg=
### Error querying database.  Cause: org.postgresql.util.PSQLException: ERROR: relation "public.ecos_runtime_audit_retry" does not exist
  位置：256
### The error may exist in com/chinacreator/gzcm/runtime/audit/mapper/AuditRetryMapper.java (best guess)
### The error may involve com.chinacreator.gzcm.runtime.audit.mapper.AuditRetryMapper.listDue-Inline
### The error occurred while setting parameters
### SQL: SELECT id, event_type AS eventType, payload, attempts, next_retry_at AS nextRetryAt, last_error AS lastError, status, trace_id AS traceId, create_time AS createTime, update_time AS updateTime, version_no AS versionNo, is_deleted AS isDeleted, domain FROM public.ecos_runtime_audit_retry WHERE is_deleted = 0 AND status = 'pending' AND next_retry_at <= ? ORDER BY next_retry_at ASC LIMIT ?
### Cause: org.postgresql.util.PSQLException: ERROR: relation "public.ecos_runtime_audit_retry" does not exist
  位置：256
; bad SQL grammar []
2026-09-30 20:59:40.413 [scheduling-1] [] WARN  c.c.g.runtime.audit.AuditRetryTask - [AuditRetry] 到期行拉取失败（表缺失/DB 不可用）errType=BadSqlGrammarException msg=
### Error querying database.  Cause: org.postgresql.util.PSQLException: ERROR: relation "public.ecos_runtime_audit_retry" does not exist
  位置：256
### The error may exist in com/chinacreator/gzcm/runtime/audit/mapper/AuditRetryMapper.java (best guess)
### The error may involve com.chinacreator.gzcm.runtime.audit.mapper.AuditRetryMapper.listDue-Inline
### The error occurred while setting parameters
### SQL: SELECT id, event_type AS eventType, payload, attempts, next_retry_at AS nextRetryAt, last_error AS lastError, status, trace_id AS traceId, create_time AS createTime, update_time AS updateTime, version_no AS versionNo, is_deleted AS isDeleted, domain FROM public.ecos_runtime_audit_retry WHERE is_deleted = 0 AND status = 'pending' AND next_retry_at <= ? ORDER BY next_retry_at ASC LIMIT ?
### Cause: org.postgresql.util.PSQLException: ERROR: relation "public.ecos_runtime_audit_retry" does not exist
  位置：256
; bad SQL grammar []
2026-09-30 21:00:40.436 [scheduling-1] [] WARN  c.c.g.runtime.audit.AuditRetryTask - [AuditRetry] 到期行拉取失败（表缺失/DB 不可用）errType=BadSqlGrammarException msg=
### Error querying database.  Cause: org.postgresql.util.PSQLException: ERROR: relation "public.ecos_runtime_audit_retry" does not exist
  位置：256
### The error may exist in com/chinacreator/gzcm/runtime/audit/mapper/AuditRetryMapper.java (best guess)
### The error may involve com.chinacreator.gzcm.runtime.audit.mapper.AuditRetryMapper.listDue-Inline
### The error occurred while setting parameters
### SQL: SELECT id, event_type AS eventType, payload, attempts, next_retry_at AS nextRetryAt, last_error AS lastError, status, trace_id AS traceId, create_time AS createTime, update_time AS updateTime, version_no AS versionNo, is_deleted AS isDeleted, domain FROM public.ecos_runtime_audit_retry WHERE is_deleted = 0 AND status = 'pending' AND next_retry_at <= ? ORDER BY next_retry_at ASC LIMIT ?
### Cause: org.postgresql.util.PSQLException: ERROR: relation "public.ecos_runtime_audit_retry" does not exist
  位置：256
; bad SQL grammar []
2026-09-30 21:01:40.454 [scheduling-1] [] WARN  c.c.g.runtime.audit.AuditRetryTask - [AuditRetry] 到期行拉取失败（表缺失/DB 不可用）errType=BadSqlGrammarException msg=
### Error querying database.  Cause: org.postgresql.util.PSQLException: ERROR: relation "public.ecos_runtime_audit_retry" does not exist
  位置：256
### The error may exist in com/chinacreator/gzcm/runtime/audit/mapper/AuditRetryMapper.java (best guess)
### The error may involve com.chinacreator.gzcm.runtime.audit.mapper.AuditRetryMapper.listDue-Inline
### The error occurred while setting parameters
### SQL: SELECT id, event_type AS eventType, payload, attempts, next_retry_at AS nextRetryAt, last_error AS lastError, status, trace_id AS traceId, create_time AS createTime, update_time AS updateTime, version_no AS versionNo, is_deleted AS isDeleted, domain FROM public.ecos_runtime_audit_retry WHERE is_deleted = 0 AND status = 'pending' AND next_retry_at <= ? ORDER BY next_retry_at ASC LIMIT ?
### Cause: org.postgresql.util.PSQLException: ERROR: relation "public.ecos_runtime_audit_retry" does not exist
  位置：256
; bad SQL grammar []
2026-09-30 21:02:03.170 [scheduling-1] [] WARN  c.c.gzcm.runtime.dlq.DltLagChecker - [DltLagChecker] AdminClient 创建失败 errType=KafkaException msg=Failed to create new KafkaAdminClient
2026-09-30 21:02:03.172 [scheduling-1] [] WARN  c.c.gzcm.runtime.dlq.DltLagChecker - [DltLagChecker] AdminClient 不可用（bootstrap=localhost:9092），本轮降级跳过
2026-09-30 21:02:40.476 [scheduling-1] [] WARN  c.c.g.runtime.audit.AuditRetryTask - [AuditRetry] 到期行拉取失败（表缺失/DB 不可用）errType=BadSqlGrammarException msg=
### Error querying database.  Cause: org.postgresql.util.PSQLException: ERROR: relation "public.ecos_runtime_audit_retry" does not exist
  位置：256
### The error may exist in com/chinacreator/gzcm/runtime/audit/mapper/AuditRetryMapper.java (best guess)
### The error may involve com.chinacreator.gzcm.runtime.audit.mapper.AuditRetryMapper.listDue-Inline
### The error occurred while setting parameters
### SQL: SELECT id, event_type AS eventType, payload, attempts, next_retry_at AS nextRetryAt, last_error AS lastError, status, trace_id AS traceId, create_time AS createTime, update_time AS updateTime, version_no AS versionNo, is_deleted AS isDeleted, domain FROM public.ecos_runtime_audit_retry WHERE is_deleted = 0 AND status = 'pending' AND next_retry_at <= ? ORDER BY next_retry_at ASC LIMIT ?
### Cause: org.postgresql.util.PSQLException: ERROR: relation "public.ecos_runtime_audit_retry" does not exist
  位置：256
; bad SQL grammar []
2026-09-30 21:03:40.495 [scheduling-1] [] WARN  c.c.g.runtime.audit.AuditRetryTask - [AuditRetry] 到期行拉取失败（表缺失/DB 不可用）errType=BadSqlGrammarException msg=
### Error querying database.  Cause: org.postgresql.util.PSQLException: ERROR: relation "public.ecos_runtime_audit_retry" does not exist
  位置：256
### The error may exist in com/chinacreator/gzcm/runtime/audit/mapper/AuditRetryMapper.java (best guess)
### The error may involve com.chinacreator.gzcm.runtime.audit.mapper.AuditRetryMapper.listDue-Inline
### The error occurred while setting parameters
### SQL: SELECT id, event_type AS eventType, payload, attempts, next_retry_at AS nextRetryAt, last_error AS lastError, status, trace_id AS traceId, create_time AS createTime, update_time AS updateTime, version_no AS versionNo, is_deleted AS isDeleted, domain FROM public.ecos_runtime_audit_retry WHERE is_deleted = 0 AND status = 'pending' AND next_retry_at <= ? ORDER BY next_retry_at ASC LIMIT ?
### Cause: org.postgresql.util.PSQLException: ERROR: relation "public.ecos_runtime_audit_retry" does not exist
  位置：256
; bad SQL grammar []
2026-09-30 21:04:40.511 [scheduling-1] [] WARN  c.c.g.runtime.audit.AuditRetryTask - [AuditRetry] 到期行拉取失败（表缺失/DB 不可用）errType=BadSqlGrammarException msg=
### Error querying database.  Cause: org.postgresql.util.PSQLException: ERROR: relation "public.ecos_runtime_audit_retry" does not exist
  位置：256
### The error may exist in com/chinacreator/gzcm/runtime/audit/mapper/AuditRetryMapper.java (best guess)
### The error may involve com.chinacreator.gzcm.runtime.audit.mapper.AuditRetryMapper.listDue-Inline
### The error occurred while setting parameters
### SQL: SELECT id, event_type AS eventType, payload, attempts, next_retry_at AS nextRetryAt, last_error AS lastError, status, trace_id AS traceId, create_time AS createTime, update_time AS updateTime, version_no AS versionNo, is_deleted AS isDeleted, domain FROM public.ecos_runtime_audit_retry WHERE is_deleted = 0 AND status = 'pending' AND next_retry_at <= ? ORDER BY next_retry_at ASC LIMIT ?
### Cause: org.postgresql.util.PSQLException: ERROR: relation "public.ecos_runtime_audit_retry" does not exist
  位置：256
; bad SQL grammar []
2026-09-30 21:05:40.540 [scheduling-1] [] WARN  c.c.g.runtime.audit.AuditRetryTask - [AuditRetry] 到期行拉取失败（表缺失/DB 不可用）errType=BadSqlGrammarException msg=
### Error querying database.  Cause: org.postgresql.util.PSQLException: ERROR: relation "public.ecos_runtime_audit_retry" does not exist
  位置：256
### The error may exist in com/chinacreator/gzcm/runtime/audit/mapper/AuditRetryMapper.java (best guess)
### The error may involve com.chinacreator.gzcm.runtime.audit.mapper.AuditRetryMapper.listDue-Inline
### The error occurred while setting parameters
### SQL: SELECT id, event_type AS eventType, payload, attempts, next_retry_at AS nextRetryAt, last_error AS lastError, status, trace_id AS traceId, create_time AS createTime, update_time AS updateTime, version_no AS versionNo, is_deleted AS isDeleted, domain FROM public.ecos_runtime_audit_retry WHERE is_deleted = 0 AND status = 'pending' AND next_retry_at <= ? ORDER BY next_retry_at ASC LIMIT ?
### Cause: org.postgresql.util.PSQLException: ERROR: relation "public.ecos_runtime_audit_retry" does not exist
  位置：256
; bad SQL grammar []
2026-09-30 21:06:40.555 [scheduling-1] [] WARN  c.c.g.runtime.audit.AuditRetryTask - [AuditRetry] 到期行拉取失败（表缺失/DB 不可用）errType=BadSqlGrammarException msg=
### Error querying database.  Cause: org.postgresql.util.PSQLException: ERROR: relation "public.ecos_runtime_audit_retry" does not exist
  位置：256
### The error may exist in com/chinacreator/gzcm/runtime/audit/mapper/AuditRetryMapper.java (best guess)
### The error may involve com.chinacreator.gzcm.runtime.audit.mapper.AuditRetryMapper.listDue-Inline
### The error occurred while setting parameters
### SQL: SELECT id, event_type AS eventType, payload, attempts, next_retry_at AS nextRetryAt, last_error AS lastError, status, trace_id AS traceId, create_time AS createTime, update_time AS updateTime, version_no AS versionNo, is_deleted AS isDeleted, domain FROM public.ecos_runtime_audit_retry WHERE is_deleted = 0 AND status = 'pending' AND next_retry_at <= ? ORDER BY next_retry_at ASC LIMIT ?
### Cause: org.postgresql.util.PSQLException: ERROR: relation "public.ecos_runtime_audit_retry" does not exist
  位置：256
; bad SQL grammar []
2026-09-30 21:07:03.336 [scheduling-1] [] WARN  c.c.gzcm.runtime.dlq.DltLagChecker - [DltLagChecker] AdminClient 创建失败 errType=KafkaException msg=Failed to create new KafkaAdminClient
2026-09-30 21:07:03.358 [scheduling-1] [] WARN  c.c.gzcm.runtime.dlq.DltLagChecker - [DltLagChecker] AdminClient 不可用（bootstrap=localhost:9092），本轮降级跳过
2026-09-30 21:07:40.571 [scheduling-1] [] WARN  c.c.g.runtime.audit.AuditRetryTask - [AuditRetry] 到期行拉取失败（表缺失/DB 不可用）errType=BadSqlGrammarException msg=
### Error querying database.  Cause: org.postgresql.util.PSQLException: ERROR: relation "public.ecos_runtime_audit_retry" does not exist
  位置：256
### The error may exist in com/chinacreator/gzcm/runtime/audit/mapper/AuditRetryMapper.java (best guess)
### The error may involve com.chinacreator.gzcm.runtime.audit.mapper.AuditRetryMapper.listDue-Inline
### The error occurred while setting parameters
### SQL: SELECT id, event_type AS eventType, payload, attempts, next_retry_at AS nextRetryAt, last_error AS lastError, status, trace_id AS traceId, create_time AS createTime, update_time AS updateTime, version_no AS versionNo, is_deleted AS isDeleted, domain FROM public.ecos_runtime_audit_retry WHERE is_deleted = 0 AND status = 'pending' AND next_retry_at <= ? ORDER BY next_retry_at ASC LIMIT ?
### Cause: org.postgresql.util.PSQLException: ERROR: relation "public.ecos_runtime_audit_retry" does not exist
  位置：256
; bad SQL grammar []
2026-09-30 21:08:40.588 [scheduling-1] [] WARN  c.c.g.runtime.audit.AuditRetryTask - [AuditRetry] 到期行拉取失败（表缺失/DB 不可用）errType=BadSqlGrammarException msg=
### Error querying database.  Cause: org.postgresql.util.PSQLException: ERROR: relation "public.ecos_runtime_audit_retry" does not exist
  位置：256
### The error may exist in com/chinacreator/gzcm/runtime/audit/mapper/AuditRetryMapper.java (best guess)
### The error may involve com.chinacreator.gzcm.runtime.audit.mapper.AuditRetryMapper.listDue-Inline
### The error occurred while setting parameters
### SQL: SELECT id, event_type AS eventType, payload, attempts, next_retry_at AS nextRetryAt, last_error AS lastError, status, trace_id AS traceId, create_time AS createTime, update_time AS updateTime, version_no AS versionNo, is_deleted AS isDeleted, domain FROM public.ecos_runtime_audit_retry WHERE is_deleted = 0 AND status = 'pending' AND next_retry_at <= ? ORDER BY next_retry_at ASC LIMIT ?
### Cause: org.postgresql.util.PSQLException: ERROR: relation "public.ecos_runtime_audit_retry" does not exist
  位置：256
; bad SQL grammar []
2026-09-30 21:09:40.605 [scheduling-1] [] WARN  c.c.g.runtime.audit.AuditRetryTask - [AuditRetry] 到期行拉取失败（表缺失/DB 不可用）errType=BadSqlGrammarException msg=
### Error querying database.  Cause: org.postgresql.util.PSQLException: ERROR: relation "public.ecos_runtime_audit_retry" does not exist
  位置：256
### The error may exist in com/chinacreator/gzcm/runtime/audit/mapper/AuditRetryMapper.java (best guess)
### The error may involve com.chinacreator.gzcm.runtime.audit.mapper.AuditRetryMapper.listDue-Inline
### The error occurred while setting parameters
### SQL: SELECT id, event_type AS eventType, payload, attempts, next_retry_at AS nextRetryAt, last_error AS lastError, status, trace_id AS traceId, create_time AS createTime, update_time AS updateTime, version_no AS versionNo, is_deleted AS isDeleted, domain FROM public.ecos_runtime_audit_retry WHERE is_deleted = 0 AND status = 'pending' AND next_retry_at <= ? ORDER BY next_retry_at ASC LIMIT ?
### Cause: org.postgresql.util.PSQLException: ERROR: relation "public.ecos_runtime_audit_retry" does not exist
  位置：256
; bad SQL grammar []
2026-09-30 21:10:40.625 [scheduling-1] [] WARN  c.c.g.runtime.audit.AuditRetryTask - [AuditRetry] 到期行拉取失败（表缺失/DB 不可用）errType=BadSqlGrammarException msg=
### Error querying database.  Cause: org.postgresql.util.PSQLException: ERROR: relation "public.ecos_runtime_audit_retry" does not exist
  位置：256
### The error may exist in com/chinacreator/gzcm/runtime/audit/mapper/AuditRetryMapper.java (best guess)
### The error may involve com.chinacreator.gzcm.runtime.audit.mapper.AuditRetryMapper.listDue-Inline
### The error occurred while setting parameters
### SQL: SELECT id, event_type AS eventType, payload, attempts, next_retry_at AS nextRetryAt, last_error AS lastError, status, trace_id AS traceId, create_time AS createTime, update_time AS updateTime, version_no AS versionNo, is_deleted AS isDeleted, domain FROM public.ecos_runtime_audit_retry WHERE is_deleted = 0 AND status = 'pending' AND next_retry_at <= ? ORDER BY next_retry_at ASC LIMIT ?
### Cause: org.postgresql.util.PSQLException: ERROR: relation "public.ecos_runtime_audit_retry" does not exist
  位置：256
; bad SQL grammar []
2026-09-30 21:11:40.645 [scheduling-1] [] WARN  c.c.g.runtime.audit.AuditRetryTask - [AuditRetry] 到期行拉取失败（表缺失/DB 不可用）errType=BadSqlGrammarException msg=
### Error querying database.  Cause: org.postgresql.util.PSQLException: ERROR: relation "public.ecos_runtime_audit_retry" does not exist
  位置：256
### The error may exist in com/chinacreator/gzcm/runtime/audit/mapper/AuditRetryMapper.java (best guess)
### The error may involve com.chinacreator.gzcm.runtime.audit.mapper.AuditRetryMapper.listDue-Inline
### The error occurred while setting parameters
### SQL: SELECT id, event_type AS eventType, payload, attempts, next_retry_at AS nextRetryAt, last_error AS lastError, status, trace_id AS traceId, create_time AS createTime, update_time AS updateTime, version_no AS versionNo, is_deleted AS isDeleted, domain FROM public.ecos_runtime_audit_retry WHERE is_deleted = 0 AND status = 'pending' AND next_retry_at <= ? ORDER BY next_retry_at ASC LIMIT ?
### Cause: org.postgresql.util.PSQLException: ERROR: relation "public.ecos_runtime_audit_retry" does not exist
  位置：256
; bad SQL grammar []
2026-09-30 21:12:03.462 [scheduling-1] [] WARN  c.c.gzcm.runtime.dlq.DltLagChecker - [DltLagChecker] AdminClient 创建失败 errType=KafkaException msg=Failed to create new KafkaAdminClient
2026-09-30 21:12:03.470 [scheduling-1] [] WARN  c.c.gzcm.runtime.dlq.DltLagChecker - [DltLagChecker] AdminClient 不可用（bootstrap=localhost:9092），本轮降级跳过
2026-09-30 21:12:40.658 [scheduling-1] [] WARN  c.c.g.runtime.audit.AuditRetryTask - [AuditRetry] 到期行拉取失败（表缺失/DB 不可用）errType=BadSqlGrammarException msg=
### Error querying database.  Cause: org.postgresql.util.PSQLException: ERROR: relation "public.ecos_runtime_audit_retry" does not exist
  位置：256
### The error may exist in com/chinacreator/gzcm/runtime/audit/mapper/AuditRetryMapper.java (best guess)
### The error may involve com.chinacreator.gzcm.runtime.audit.mapper.AuditRetryMapper.listDue-Inline
### The error occurred while setting parameters
### SQL: SELECT id, event_type AS eventType, payload, attempts, next_retry_at AS nextRetryAt, last_error AS lastError, status, trace_id AS traceId, create_time AS createTime, update_time AS updateTime, version_no AS versionNo, is_deleted AS isDeleted, domain FROM public.ecos_runtime_audit_retry WHERE is_deleted = 0 AND status = 'pending' AND next_retry_at <= ? ORDER BY next_retry_at ASC LIMIT ?
### Cause: org.postgresql.util.PSQLException: ERROR: relation "public.ecos_runtime_audit_retry" does not exist
  位置：256
; bad SQL grammar []
2026-09-30 21:13:40.674 [scheduling-1] [] WARN  c.c.g.runtime.audit.AuditRetryTask - [AuditRetry] 到期行拉取失败（表缺失/DB 不可用）errType=BadSqlGrammarException msg=
### Error querying database.  Cause: org.postgresql.util.PSQLException: ERROR: relation "public.ecos_runtime_audit_retry" does not exist
  位置：256
### The error may exist in com/chinacreator/gzcm/runtime/audit/mapper/AuditRetryMapper.java (best guess)
### The error may involve com.chinacreator.gzcm.runtime.audit.mapper.AuditRetryMapper.listDue-Inline
### The error occurred while setting parameters
### SQL: SELECT id, event_type AS eventType, payload, attempts, next_retry_at AS nextRetryAt, last_error AS lastError, status, trace_id AS traceId, create_time AS createTime, update_time AS updateTime, version_no AS versionNo, is_deleted AS isDeleted, domain FROM public.ecos_runtime_audit_retry WHERE is_deleted = 0 AND status = 'pending' AND next_retry_at <= ? ORDER BY next_retry_at ASC LIMIT ?
### Cause: org.postgresql.util.PSQLException: ERROR: relation "public.ecos_runtime_audit_retry" does not exist
  位置：256
; bad SQL grammar []
2026-09-30 21:14:40.812 [scheduling-1] [] WARN  c.c.g.runtime.audit.AuditRetryTask - [AuditRetry] 到期行拉取失败（表缺失/DB 不可用）errType=BadSqlGrammarException msg=
### Error querying database.  Cause: org.postgresql.util.PSQLException: ERROR: relation "public.ecos_runtime_audit_retry" does not exist
  位置：256
### The error may exist in com/chinacreator/gzcm/runtime/audit/mapper/AuditRetryMapper.java (best guess)
### The error may involve com.chinacreator.gzcm.runtime.audit.mapper.AuditRetryMapper.listDue-Inline
### The error occurred while setting parameters
### SQL: SELECT id, event_type AS eventType, payload, attempts, next_retry_at AS nextRetryAt, last_error AS lastError, status, trace_id AS traceId, create_time AS createTime, update_time AS updateTime, version_no AS versionNo, is_deleted AS isDeleted, domain FROM public.ecos_runtime_audit_retry WHERE is_deleted = 0 AND status = 'pending' AND next_retry_at <= ? ORDER BY next_retry_at ASC LIMIT ?
### Cause: org.postgresql.util.PSQLException: ERROR: relation "public.ecos_runtime_audit_retry" does not exist
  位置：256
; bad SQL grammar []
2026-09-30 21:15:40.839 [scheduling-1] [] WARN  c.c.g.runtime.audit.AuditRetryTask - [AuditRetry] 到期行拉取失败（表缺失/DB 不可用）errType=BadSqlGrammarException msg=
### Error querying database.  Cause: org.postgresql.util.PSQLException: ERROR: relation "public.ecos_runtime_audit_retry" does not exist
  位置：256
### The error may exist in com/chinacreator/gzcm/runtime/audit/mapper/AuditRetryMapper.java (best guess)
### The error may involve com.chinacreator.gzcm.runtime.audit.mapper.AuditRetryMapper.listDue-Inline
### The error occurred while setting parameters
### SQL: SELECT id, event_type AS eventType, payload, attempts, next_retry_at AS nextRetryAt, last_error AS lastError, status, trace_id AS traceId, create_time AS createTime, update_time AS updateTime, version_no AS versionNo, is_deleted AS isDeleted, domain FROM public.ecos_runtime_audit_retry WHERE is_deleted = 0 AND status = 'pending' AND next_retry_at <= ? ORDER BY next_retry_at ASC LIMIT ?
### Cause: org.postgresql.util.PSQLException: ERROR: relation "public.ecos_runtime_audit_retry" does not exist
  位置：256
; bad SQL grammar []
2026-09-30 21:16:40.861 [scheduling-1] [] WARN  c.c.g.runtime.audit.AuditRetryTask - [AuditRetry] 到期行拉取失败（表缺失/DB 不可用）errType=BadSqlGrammarException msg=
### Error querying database.  Cause: org.postgresql.util.PSQLException: ERROR: relation "public.ecos_runtime_audit_retry" does not exist
  位置：256
### The error may exist in com/chinacreator/gzcm/runtime/audit/mapper/AuditRetryMapper.java (best guess)
### The error may involve com.chinacreator.gzcm.runtime.audit.mapper.AuditRetryMapper.listDue-Inline
### The error occurred while setting parameters
### SQL: SELECT id, event_type AS eventType, payload, attempts, next_retry_at AS nextRetryAt, last_error AS lastError, status, trace_id AS traceId, create_time AS createTime, update_time AS updateTime, version_no AS versionNo, is_deleted AS isDeleted, domain FROM public.ecos_runtime_audit_retry WHERE is_deleted = 0 AND status = 'pending' AND next_retry_at <= ? ORDER BY next_retry_at ASC LIMIT ?
### Cause: org.postgresql.util.PSQLException: ERROR: relation "public.ecos_runtime_audit_retry" does not exist
  位置：256
; bad SQL grammar []
2026-09-30 21:17:03.496 [scheduling-1] [] WARN  c.c.gzcm.runtime.dlq.DltLagChecker - [DltLagChecker] AdminClient 创建失败 errType=KafkaException msg=Failed to create new KafkaAdminClient
2026-09-30 21:17:03.498 [scheduling-1] [] WARN  c.c.gzcm.runtime.dlq.DltLagChecker - [DltLagChecker] AdminClient 不可用（bootstrap=localhost:9092），本轮降级跳过
2026-09-30 21:17:40.876 [scheduling-1] [] WARN  c.c.g.runtime.audit.AuditRetryTask - [AuditRetry] 到期行拉取失败（表缺失/DB 不可用）errType=BadSqlGrammarException msg=
### Error querying database.  Cause: org.postgresql.util.PSQLException: ERROR: relation "public.ecos_runtime_audit_retry" does not exist
  位置：256
### The error may exist in com/chinacreator/gzcm/runtime/audit/mapper/AuditRetryMapper.java (best guess)
### The error may involve com.chinacreator.gzcm.runtime.audit.mapper.AuditRetryMapper.listDue-Inline
### The error occurred while setting parameters
### SQL: SELECT id, event_type AS eventType, payload, attempts, next_retry_at AS nextRetryAt, last_error AS lastError, status, trace_id AS traceId, create_time AS createTime, update_time AS updateTime, version_no AS versionNo, is_deleted AS isDeleted, domain FROM public.ecos_runtime_audit_retry WHERE is_deleted = 0 AND status = 'pending' AND next_retry_at <= ? ORDER BY next_retry_at ASC LIMIT ?
### Cause: org.postgresql.util.PSQLException: ERROR: relation "public.ecos_runtime_audit_retry" does not exist
  位置：256
; bad SQL grammar []
2026-09-30 21:18:40.893 [scheduling-1] [] WARN  c.c.g.runtime.audit.AuditRetryTask - [AuditRetry] 到期行拉取失败（表缺失/DB 不可用）errType=BadSqlGrammarException msg=
### Error querying database.  Cause: org.postgresql.util.PSQLException: ERROR: relation "public.ecos_runtime_audit_retry" does not exist
  位置：256
### The error may exist in com/chinacreator/gzcm/runtime/audit/mapper/AuditRetryMapper.java (best guess)
### The error may involve com.chinacreator.gzcm.runtime.audit.mapper.AuditRetryMapper.listDue-Inline
### The error occurred while setting parameters
### SQL: SELECT id, event_type AS eventType, payload, attempts, next_retry_at AS nextRetryAt, last_error AS lastError, status, trace_id AS traceId, create_time AS createTime, update_time AS updateTime, version_no AS versionNo, is_deleted AS isDeleted, domain FROM public.ecos_runtime_audit_retry WHERE is_deleted = 0 AND status = 'pending' AND next_retry_at <= ? ORDER BY next_retry_at ASC LIMIT ?
### Cause: org.postgresql.util.PSQLException: ERROR: relation "public.ecos_runtime_audit_retry" does not exist
  位置：256
; bad SQL grammar []
2026-09-30 21:19:40.903 [scheduling-1] [] WARN  c.c.g.runtime.audit.AuditRetryTask - [AuditRetry] 到期行拉取失败（表缺失/DB 不可用）errType=BadSqlGrammarException msg=
### Error querying database.  Cause: org.postgresql.util.PSQLException: ERROR: relation "public.ecos_runtime_audit_retry" does not exist
  位置：256
### The error may exist in com/chinacreator/gzcm/runtime/audit/mapper/AuditRetryMapper.java (best guess)
### The error may involve com.chinacreator.gzcm.runtime.audit.mapper.AuditRetryMapper.listDue-Inline
### The error occurred while setting parameters
### SQL: SELECT id, event_type AS eventType, payload, attempts, next_retry_at AS nextRetryAt, last_error AS lastError, status, trace_id AS traceId, create_time AS createTime, update_time AS updateTime, version_no AS versionNo, is_deleted AS isDeleted, domain FROM public.ecos_runtime_audit_retry WHERE is_deleted = 0 AND status = 'pending' AND next_retry_at <= ? ORDER BY next_retry_at ASC LIMIT ?
### Cause: org.postgresql.util.PSQLException: ERROR: relation "public.ecos_runtime_audit_retry" does not exist
  位置：256
; bad SQL grammar []
2026-09-30 21:20:40.913 [scheduling-1] [] WARN  c.c.g.runtime.audit.AuditRetryTask - [AuditRetry] 到期行拉取失败（表缺失/DB 不可用）errType=BadSqlGrammarException msg=
### Error querying database.  Cause: org.postgresql.util.PSQLException: ERROR: relation "public.ecos_runtime_audit_retry" does not exist
  位置：256
### The error may exist in com/chinacreator/gzcm/runtime/audit/mapper/AuditRetryMapper.java (best guess)
### The error may involve com.chinacreator.gzcm.runtime.audit.mapper.AuditRetryMapper.listDue-Inline
### The error occurred while setting parameters
### SQL: SELECT id, event_type AS eventType, payload, attempts, next_retry_at AS nextRetryAt, last_error AS lastError, status, trace_id AS traceId, create_time AS createTime, update_time AS updateTime, version_no AS versionNo, is_deleted AS isDeleted, domain FROM public.ecos_runtime_audit_retry WHERE is_deleted = 0 AND status = 'pending' AND next_retry_at <= ? ORDER BY next_retry_at ASC LIMIT ?
### Cause: org.postgresql.util.PSQLException: ERROR: relation "public.ecos_runtime_audit_retry" does not exist
  位置：256
; bad SQL grammar []
2026-09-30 21:21:40.931 [scheduling-1] [] WARN  c.c.g.runtime.audit.AuditRetryTask - [AuditRetry] 到期行拉取失败（表缺失/DB 不可用）errType=BadSqlGrammarException msg=
### Error querying database.  Cause: org.postgresql.util.PSQLException: ERROR: relation "public.ecos_runtime_audit_retry" does not exist
  位置：256
### The error may exist in com/chinacreator/gzcm/runtime/audit/mapper/AuditRetryMapper.java (best guess)
### The error may involve com.chinacreator.gzcm.runtime.audit.mapper.AuditRetryMapper.listDue-Inline
### The error occurred while setting parameters
### SQL: SELECT id, event_type AS eventType, payload, attempts, next_retry_at AS nextRetryAt, last_error AS lastError, status, trace_id AS traceId, create_time AS createTime, update_time AS updateTime, version_no AS versionNo, is_deleted AS isDeleted, domain FROM public.ecos_runtime_audit_retry WHERE is_deleted = 0 AND status = 'pending' AND next_retry_at <= ? ORDER BY next_retry_at ASC LIMIT ?
### Cause: org.postgresql.util.PSQLException: ERROR: relation "public.ecos_runtime_audit_retry" does not exist
  位置：256
; bad SQL grammar []
2026-09-30 21:22:03.513 [scheduling-1] [] WARN  c.c.gzcm.runtime.dlq.DltLagChecker - [DltLagChecker] AdminClient 创建失败 errType=KafkaException msg=Failed to create new KafkaAdminClient
2026-09-30 21:22:03.514 [scheduling-1] [] WARN  c.c.gzcm.runtime.dlq.DltLagChecker - [DltLagChecker] AdminClient 不可用（bootstrap=localhost:9092），本轮降级跳过
2026-09-30 21:22:41.046 [scheduling-1] [] WARN  c.c.g.runtime.audit.AuditRetryTask - [AuditRetry] 到期行拉取失败（表缺失/DB 不可用）errType=BadSqlGrammarException msg=
### Error querying database.  Cause: org.postgresql.util.PSQLException: ERROR: relation "public.ecos_runtime_audit_retry" does not exist
  位置：256
### The error may exist in com/chinacreator/gzcm/runtime/audit/mapper/AuditRetryMapper.java (best guess)
### The error may involve com.chinacreator.gzcm.runtime.audit.mapper.AuditRetryMapper.listDue-Inline
### The error occurred while setting parameters
### SQL: SELECT id, event_type AS eventType, payload, attempts, next_retry_at AS nextRetryAt, last_error AS lastError, status, trace_id AS traceId, create_time AS createTime, update_time AS updateTime, version_no AS versionNo, is_deleted AS isDeleted, domain FROM public.ecos_runtime_audit_retry WHERE is_deleted = 0 AND status = 'pending' AND next_retry_at <= ? ORDER BY next_retry_at ASC LIMIT ?
### Cause: org.postgresql.util.PSQLException: ERROR: relation "public.ecos_runtime_audit_retry" does not exist
  位置：256
; bad SQL grammar []
2026-09-30 21:23:41.066 [scheduling-1] [] WARN  c.c.g.runtime.audit.AuditRetryTask - [AuditRetry] 到期行拉取失败（表缺失/DB 不可用）errType=BadSqlGrammarException msg=
### Error querying database.  Cause: org.postgresql.util.PSQLException: ERROR: relation "public.ecos_runtime_audit_retry" does not exist
  位置：256
### The error may exist in com/chinacreator/gzcm/runtime/audit/mapper/AuditRetryMapper.java (best guess)
### The error may involve com.chinacreator.gzcm.runtime.audit.mapper.AuditRetryMapper.listDue-Inline
### The error occurred while setting parameters
### SQL: SELECT id, event_type AS eventType, payload, attempts, next_retry_at AS nextRetryAt, last_error AS lastError, status, trace_id AS traceId, create_time AS createTime, update_time AS updateTime, version_no AS versionNo, is_deleted AS isDeleted, domain FROM public.ecos_runtime_audit_retry WHERE is_deleted = 0 AND status = 'pending' AND next_retry_at <= ? ORDER BY next_retry_at ASC LIMIT ?
### Cause: org.postgresql.util.PSQLException: ERROR: relation "public.ecos_runtime_audit_retry" does not exist
  位置：256
; bad SQL grammar []
2026-09-30 21:24:41.103 [scheduling-1] [] WARN  c.c.g.runtime.audit.AuditRetryTask - [AuditRetry] 到期行拉取失败（表缺失/DB 不可用）errType=BadSqlGrammarException msg=
### Error querying database.  Cause: org.postgresql.util.PSQLException: ERROR: relation "public.ecos_runtime_audit_retry" does not exist
  位置：256
### The error may exist in com/chinacreator/gzcm/runtime/audit/mapper/AuditRetryMapper.java (best guess)
### The error may involve com.chinacreator.gzcm.runtime.audit.mapper.AuditRetryMapper.listDue-Inline
### The error occurred while setting parameters
### SQL: SELECT id, event_type AS eventType, payload, attempts, next_retry_at AS nextRetryAt, last_error AS lastError, status, trace_id AS traceId, create_time AS createTime, update_time AS updateTime, version_no AS versionNo, is_deleted AS isDeleted, domain FROM public.ecos_runtime_audit_retry WHERE is_deleted = 0 AND status = 'pending' AND next_retry_at <= ? ORDER BY next_retry_at ASC LIMIT ?
### Cause: org.postgresql.util.PSQLException: ERROR: relation "public.ecos_runtime_audit_retry" does not exist
  位置：256
; bad SQL grammar []
2026-09-30 21:25:41.125 [scheduling-1] [] WARN  c.c.g.runtime.audit.AuditRetryTask - [AuditRetry] 到期行拉取失败（表缺失/DB 不可用）errType=BadSqlGrammarException msg=
### Error querying database.  Cause: org.postgresql.util.PSQLException: ERROR: relation "public.ecos_runtime_audit_retry" does not exist
  位置：256
### The error may exist in com/chinacreator/gzcm/runtime/audit/mapper/AuditRetryMapper.java (best guess)
### The error may involve com.chinacreator.gzcm.runtime.audit.mapper.AuditRetryMapper.listDue-Inline
### The error occurred while setting parameters
### SQL: SELECT id, event_type AS eventType, payload, attempts, next_retry_at AS nextRetryAt, last_error AS lastError, status, trace_id AS traceId, create_time AS createTime, update_time AS updateTime, version_no AS versionNo, is_deleted AS isDeleted, domain FROM public.ecos_runtime_audit_retry WHERE is_deleted = 0 AND status = 'pending' AND next_retry_at <= ? ORDER BY next_retry_at ASC LIMIT ?
### Cause: org.postgresql.util.PSQLException: ERROR: relation "public.ecos_runtime_audit_retry" does not exist
  位置：256
; bad SQL grammar []
2026-09-30 21:26:41.136 [scheduling-1] [] WARN  c.c.g.runtime.audit.AuditRetryTask - [AuditRetry] 到期行拉取失败（表缺失/DB 不可用）errType=BadSqlGrammarException msg=
### Error querying database.  Cause: org.postgresql.util.PSQLException: ERROR: relation "public.ecos_runtime_audit_retry" does not exist
  位置：256
### The error may exist in com/chinacreator/gzcm/runtime/audit/mapper/AuditRetryMapper.java (best guess)
### The error may involve com.chinacreator.gzcm.runtime.audit.mapper.AuditRetryMapper.listDue-Inline
### The error occurred while setting parameters
### SQL: SELECT id, event_type AS eventType, payload, attempts, next_retry_at AS nextRetryAt, last_error AS lastError, status, trace_id AS traceId, create_time AS createTime, update_time AS updateTime, version_no AS versionNo, is_deleted AS isDeleted, domain FROM public.ecos_runtime_audit_retry WHERE is_deleted = 0 AND status = 'pending' AND next_retry_at <= ? ORDER BY next_retry_at ASC LIMIT ?
### Cause: org.postgresql.util.PSQLException: ERROR: relation "public.ecos_runtime_audit_retry" does not exist
  位置：256
; bad SQL grammar []
2026-09-30 21:27:03.540 [scheduling-1] [] WARN  c.c.gzcm.runtime.dlq.DltLagChecker - [DltLagChecker] AdminClient 创建失败 errType=KafkaException msg=Failed to create new KafkaAdminClient
2026-09-30 21:27:03.541 [scheduling-1] [] WARN  c.c.gzcm.runtime.dlq.DltLagChecker - [DltLagChecker] AdminClient 不可用（bootstrap=localhost:9092），本轮降级跳过
2026-09-30 21:27:41.151 [scheduling-1] [] WARN  c.c.g.runtime.audit.AuditRetryTask - [AuditRetry] 到期行拉取失败（表缺失/DB 不可用）errType=BadSqlGrammarException msg=
### Error querying database.  Cause: org.postgresql.util.PSQLException: ERROR: relation "public.ecos_runtime_audit_retry" does not exist
  位置：256
### The error may exist in com/chinacreator/gzcm/runtime/audit/mapper/AuditRetryMapper.java (best guess)
### The error may involve com.chinacreator.gzcm.runtime.audit.mapper.AuditRetryMapper.listDue-Inline
### The error occurred while setting parameters
### SQL: SELECT id, event_type AS eventType, payload, attempts, next_retry_at AS nextRetryAt, last_error AS lastError, status, trace_id AS traceId, create_time AS createTime, update_time AS updateTime, version_no AS versionNo, is_deleted AS isDeleted, domain FROM public.ecos_runtime_audit_retry WHERE is_deleted = 0 AND status = 'pending' AND next_retry_at <= ? ORDER BY next_retry_at ASC LIMIT ?
### Cause: org.postgresql.util.PSQLException: ERROR: relation "public.ecos_runtime_audit_retry" does not exist
  位置：256
; bad SQL grammar []
2026-09-30 21:28:41.179 [scheduling-1] [] WARN  c.c.g.runtime.audit.AuditRetryTask - [AuditRetry] 到期行拉取失败（表缺失/DB 不可用）errType=BadSqlGrammarException msg=
### Error querying database.  Cause: org.postgresql.util.PSQLException: ERROR: relation "public.ecos_runtime_audit_retry" does not exist
  位置：256
### The error may exist in com/chinacreator/gzcm/runtime/audit/mapper/AuditRetryMapper.java (best guess)
### The error may involve com.chinacreator.gzcm.runtime.audit.mapper.AuditRetryMapper.listDue-Inline
### The error occurred while setting parameters
### SQL: SELECT id, event_type AS eventType, payload, attempts, next_retry_at AS nextRetryAt, last_error AS lastError, status, trace_id AS traceId, create_time AS createTime, update_time AS updateTime, version_no AS versionNo, is_deleted AS isDeleted, domain FROM public.ecos_runtime_audit_retry WHERE is_deleted = 0 AND status = 'pending' AND next_retry_at <= ? ORDER BY next_retry_at ASC LIMIT ?
### Cause: org.postgresql.util.PSQLException: ERROR: relation "public.ecos_runtime_audit_retry" does not exist
  位置：256
; bad SQL grammar []
2026-09-30 21:29:41.202 [scheduling-1] [] WARN  c.c.g.runtime.audit.AuditRetryTask - [AuditRetry] 到期行拉取失败（表缺失/DB 不可用）errType=BadSqlGrammarException msg=
### Error querying database.  Cause: org.postgresql.util.PSQLException: ERROR: relation "public.ecos_runtime_audit_retry" does not exist
  位置：256
### The error may exist in com/chinacreator/gzcm/runtime/audit/mapper/AuditRetryMapper.java (best guess)
### The error may involve com.chinacreator.gzcm.runtime.audit.mapper.AuditRetryMapper.listDue-Inline
### The error occurred while setting parameters
### SQL: SELECT id, event_type AS eventType, payload, attempts, next_retry_at AS nextRetryAt, last_error AS lastError, status, trace_id AS traceId, create_time AS createTime, update_time AS updateTime, version_no AS versionNo, is_deleted AS isDeleted, domain FROM public.ecos_runtime_audit_retry WHERE is_deleted = 0 AND status = 'pending' AND next_retry_at <= ? ORDER BY next_retry_at ASC LIMIT ?
### Cause: org.postgresql.util.PSQLException: ERROR: relation "public.ecos_runtime_audit_retry" does not exist
  位置：256
; bad SQL grammar []
2026-09-30 21:30:41.232 [scheduling-1] [] WARN  c.c.g.runtime.audit.AuditRetryTask - [AuditRetry] 到期行拉取失败（表缺失/DB 不可用）errType=BadSqlGrammarException msg=
### Error querying database.  Cause: org.postgresql.util.PSQLException: ERROR: relation "public.ecos_runtime_audit_retry" does not exist
  位置：256
### The error may exist in com/chinacreator/gzcm/runtime/audit/mapper/AuditRetryMapper.java (best guess)
### The error may involve com.chinacreator.gzcm.runtime.audit.mapper.AuditRetryMapper.listDue-Inline
### The error occurred while setting parameters
### SQL: SELECT id, event_type AS eventType, payload, attempts, next_retry_at AS nextRetryAt, last_error AS lastError, status, trace_id AS traceId, create_time AS createTime, update_time AS updateTime, version_no AS versionNo, is_deleted AS isDeleted, domain FROM public.ecos_runtime_audit_retry WHERE is_deleted = 0 AND status = 'pending' AND next_retry_at <= ? ORDER BY next_retry_at ASC LIMIT ?
### Cause: org.postgresql.util.PSQLException: ERROR: relation "public.ecos_runtime_audit_retry" does not exist
  位置：256
; bad SQL grammar []
2026-09-30 21:31:41.252 [scheduling-1] [] WARN  c.c.g.runtime.audit.AuditRetryTask - [AuditRetry] 到期行拉取失败（表缺失/DB 不可用）errType=BadSqlGrammarException msg=
### Error querying database.  Cause: org.postgresql.util.PSQLException: ERROR: relation "public.ecos_runtime_audit_retry" does not exist
  位置：256
### The error may exist in com/chinacreator/gzcm/runtime/audit/mapper/AuditRetryMapper.java (best guess)
### The error may involve com.chinacreator.gzcm.runtime.audit.mapper.AuditRetryMapper.listDue-Inline
### The error occurred while setting parameters
### SQL: SELECT id, event_type AS eventType, payload, attempts, next_retry_at AS nextRetryAt, last_error AS lastError, status, trace_id AS traceId, create_time AS createTime, update_time AS updateTime, version_no AS versionNo, is_deleted AS isDeleted, domain FROM public.ecos_runtime_audit_retry WHERE is_deleted = 0 AND status = 'pending' AND next_retry_at <= ? ORDER BY next_retry_at ASC LIMIT ?
### Cause: org.postgresql.util.PSQLException: ERROR: relation "public.ecos_runtime_audit_retry" does not exist
  位置：256
; bad SQL grammar []
2026-09-30 21:32:03.576 [scheduling-1] [] WARN  c.c.gzcm.runtime.dlq.DltLagChecker - [DltLagChecker] AdminClient 创建失败 errType=KafkaException msg=Failed to create new KafkaAdminClient
2026-09-30 21:32:03.578 [scheduling-1] [] WARN  c.c.gzcm.runtime.dlq.DltLagChecker - [DltLagChecker] AdminClient 不可用（bootstrap=localhost:9092），本轮降级跳过
2026-09-30 21:32:41.267 [scheduling-1] [] WARN  c.c.g.runtime.audit.AuditRetryTask - [AuditRetry] 到期行拉取失败（表缺失/DB 不可用）errType=BadSqlGrammarException msg=
### Error querying database.  Cause: org.postgresql.util.PSQLException: ERROR: relation "public.ecos_runtime_audit_retry" does not exist
  位置：256
### The error may exist in com/chinacreator/gzcm/runtime/audit/mapper/AuditRetryMapper.java (best guess)
### The error may involve com.chinacreator.gzcm.runtime.audit.mapper.AuditRetryMapper.listDue-Inline
### The error occurred while setting parameters
### SQL: SELECT id, event_type AS eventType, payload, attempts, next_retry_at AS nextRetryAt, last_error AS lastError, status, trace_id AS traceId, create_time AS createTime, update_time AS updateTime, version_no AS versionNo, is_deleted AS isDeleted, domain FROM public.ecos_runtime_audit_retry WHERE is_deleted = 0 AND status = 'pending' AND next_retry_at <= ? ORDER BY next_retry_at ASC LIMIT ?
### Cause: org.postgresql.util.PSQLException: ERROR: relation "public.ecos_runtime_audit_retry" does not exist
  位置：256
; bad SQL grammar []
2026-09-30 21:33:41.289 [scheduling-1] [] WARN  c.c.g.runtime.audit.AuditRetryTask - [AuditRetry] 到期行拉取失败（表缺失/DB 不可用）errType=BadSqlGrammarException msg=
### Error querying database.  Cause: org.postgresql.util.PSQLException: ERROR: relation "public.ecos_runtime_audit_retry" does not exist
  位置：256
### The error may exist in com/chinacreator/gzcm/runtime/audit/mapper/AuditRetryMapper.java (best guess)
### The error may involve com.chinacreator.gzcm.runtime.audit.mapper.AuditRetryMapper.listDue-Inline
### The error occurred while setting parameters
### SQL: SELECT id, event_type AS eventType, payload, attempts, next_retry_at AS nextRetryAt, last_error AS lastError, status, trace_id AS traceId, create_time AS createTime, update_time AS updateTime, version_no AS versionNo, is_deleted AS isDeleted, domain FROM public.ecos_runtime_audit_retry WHERE is_deleted = 0 AND status = 'pending' AND next_retry_at <= ? ORDER BY next_retry_at ASC LIMIT ?
### Cause: org.postgresql.util.PSQLException: ERROR: relation "public.ecos_runtime_audit_retry" does not exist
  位置：256
; bad SQL grammar []
2026-09-30 21:34:41.326 [scheduling-1] [] WARN  c.c.g.runtime.audit.AuditRetryTask - [AuditRetry] 到期行拉取失败（表缺失/DB 不可用）errType=BadSqlGrammarException msg=
### Error querying database.  Cause: org.postgresql.util.PSQLException: ERROR: relation "public.ecos_runtime_audit_retry" does not exist
  位置：256
### The error may exist in com/chinacreator/gzcm/runtime/audit/mapper/AuditRetryMapper.java (best guess)
### The error may involve com.chinacreator.gzcm.runtime.audit.mapper.AuditRetryMapper.listDue-Inline
### The error occurred while setting parameters
### SQL: SELECT id, event_type AS eventType, payload, attempts, next_retry_at AS nextRetryAt, last_error AS lastError, status, trace_id AS traceId, create_time AS createTime, update_time AS updateTime, version_no AS versionNo, is_deleted AS isDeleted, domain FROM public.ecos_runtime_audit_retry WHERE is_deleted = 0 AND status = 'pending' AND next_retry_at <= ? ORDER BY next_retry_at ASC LIMIT ?
### Cause: org.postgresql.util.PSQLException: ERROR: relation "public.ecos_runtime_audit_retry" does not exist
  位置：256
; bad SQL grammar []
2026-09-30 21:35:41.347 [scheduling-1] [] WARN  c.c.g.runtime.audit.AuditRetryTask - [AuditRetry] 到期行拉取失败（表缺失/DB 不可用）errType=BadSqlGrammarException msg=
### Error querying database.  Cause: org.postgresql.util.PSQLException: ERROR: relation "public.ecos_runtime_audit_retry" does not exist
  位置：256
### The error may exist in com/chinacreator/gzcm/runtime/audit/mapper/AuditRetryMapper.java (best guess)
### The error may involve com.chinacreator.gzcm.runtime.audit.mapper.AuditRetryMapper.listDue-Inline
### The error occurred while setting parameters
### SQL: SELECT id, event_type AS eventType, payload, attempts, next_retry_at AS nextRetryAt, last_error AS lastError, status, trace_id AS traceId, create_time AS createTime, update_time AS updateTime, version_no AS versionNo, is_deleted AS isDeleted, domain FROM public.ecos_runtime_audit_retry WHERE is_deleted = 0 AND status = 'pending' AND next_retry_at <= ? ORDER BY next_retry_at ASC LIMIT ?
### Cause: org.postgresql.util.PSQLException: ERROR: relation "public.ecos_runtime_audit_retry" does not exist
  位置：256
; bad SQL grammar []
2026-09-30 21:36:41.371 [scheduling-1] [] WARN  c.c.g.runtime.audit.AuditRetryTask - [AuditRetry] 到期行拉取失败（表缺失/DB 不可用）errType=BadSqlGrammarException msg=
### Error querying database.  Cause: org.postgresql.util.PSQLException: ERROR: relation "public.ecos_runtime_audit_retry" does not exist
  位置：256
### The error may exist in com/chinacreator/gzcm/runtime/audit/mapper/AuditRetryMapper.java (best guess)
### The error may involve com.chinacreator.gzcm.runtime.audit.mapper.AuditRetryMapper.listDue-Inline
### The error occurred while setting parameters
### SQL: SELECT id, event_type AS eventType, payload, attempts, next_retry_at AS nextRetryAt, last_error AS lastError, status, trace_id AS traceId, create_time AS createTime, update_time AS updateTime, version_no AS versionNo, is_deleted AS isDeleted, domain FROM public.ecos_runtime_audit_retry WHERE is_deleted = 0 AND status = 'pending' AND next_retry_at <= ? ORDER BY next_retry_at ASC LIMIT ?
### Cause: org.postgresql.util.PSQLException: ERROR: relation "public.ecos_runtime_audit_retry" does not exist
  位置：256
; bad SQL grammar []
2026-09-30 21:37:03.627 [scheduling-1] [] WARN  c.c.gzcm.runtime.dlq.DltLagChecker - [DltLagChecker] AdminClient 创建失败 errType=KafkaException msg=Failed to create new KafkaAdminClient
2026-09-30 21:37:03.630 [scheduling-1] [] WARN  c.c.gzcm.runtime.dlq.DltLagChecker - [DltLagChecker] AdminClient 不可用（bootstrap=localhost:9092），本轮降级跳过
2026-09-30 21:37:41.390 [scheduling-1] [] WARN  c.c.g.runtime.audit.AuditRetryTask - [AuditRetry] 到期行拉取失败（表缺失/DB 不可用）errType=BadSqlGrammarException msg=
### Error querying database.  Cause: org.postgresql.util.PSQLException: ERROR: relation "public.ecos_runtime_audit_retry" does not exist
  位置：256
### The error may exist in com/chinacreator/gzcm/runtime/audit/mapper/AuditRetryMapper.java (best guess)
### The error may involve com.chinacreator.gzcm.runtime.audit.mapper.AuditRetryMapper.listDue-Inline
### The error occurred while setting parameters
### SQL: SELECT id, event_type AS eventType, payload, attempts, next_retry_at AS nextRetryAt, last_error AS lastError, status, trace_id AS traceId, create_time AS createTime, update_time AS updateTime, version_no AS versionNo, is_deleted AS isDeleted, domain FROM public.ecos_runtime_audit_retry WHERE is_deleted = 0 AND status = 'pending' AND next_retry_at <= ? ORDER BY next_retry_at ASC LIMIT ?
### Cause: org.postgresql.util.PSQLException: ERROR: relation "public.ecos_runtime_audit_retry" does not exist
  位置：256
; bad SQL grammar []
2026-09-30 21:38:41.413 [scheduling-1] [] WARN  c.c.g.runtime.audit.AuditRetryTask - [AuditRetry] 到期行拉取失败（表缺失/DB 不可用）errType=BadSqlGrammarException msg=
### Error querying database.  Cause: org.postgresql.util.PSQLException: ERROR: relation "public.ecos_runtime_audit_retry" does not exist
  位置：256
### The error may exist in com/chinacreator/gzcm/runtime/audit/mapper/AuditRetryMapper.java (best guess)
### The error may involve com.chinacreator.gzcm.runtime.audit.mapper.AuditRetryMapper.listDue-Inline
### The error occurred while setting parameters
### SQL: SELECT id, event_type AS eventType, payload, attempts, next_retry_at AS nextRetryAt, last_error AS lastError, status, trace_id AS traceId, create_time AS createTime, update_time AS updateTime, version_no AS versionNo, is_deleted AS isDeleted, domain FROM public.ecos_runtime_audit_retry WHERE is_deleted = 0 AND status = 'pending' AND next_retry_at <= ? ORDER BY next_retry_at ASC LIMIT ?
### Cause: org.postgresql.util.PSQLException: ERROR: relation "public.ecos_runtime_audit_retry" does not exist
  位置：256
; bad SQL grammar []
2026-09-30 21:39:41.434 [scheduling-1] [] WARN  c.c.g.runtime.audit.AuditRetryTask - [AuditRetry] 到期行拉取失败（表缺失/DB 不可用）errType=BadSqlGrammarException msg=
### Error querying database.  Cause: org.postgresql.util.PSQLException: ERROR: relation "public.ecos_runtime_audit_retry" does not exist
  位置：256
### The error may exist in com/chinacreator/gzcm/runtime/audit/mapper/AuditRetryMapper.java (best guess)
### The error may involve com.chinacreator.gzcm.runtime.audit.mapper.AuditRetryMapper.listDue-Inline
### The error occurred while setting parameters
### SQL: SELECT id, event_type AS eventType, payload, attempts, next_retry_at AS nextRetryAt, last_error AS lastError, status, trace_id AS traceId, create_time AS createTime, update_time AS updateTime, version_no AS versionNo, is_deleted AS isDeleted, domain FROM public.ecos_runtime_audit_retry WHERE is_deleted = 0 AND status = 'pending' AND next_retry_at <= ? ORDER BY next_retry_at ASC LIMIT ?
### Cause: org.postgresql.util.PSQLException: ERROR: relation "public.ecos_runtime_audit_retry" does not exist
  位置：256
; bad SQL grammar []
2026-09-30 21:40:41.448 [scheduling-1] [] WARN  c.c.g.runtime.audit.AuditRetryTask - [AuditRetry] 到期行拉取失败（表缺失/DB 不可用）errType=BadSqlGrammarException msg=
### Error querying database.  Cause: org.postgresql.util.PSQLException: ERROR: relation "public.ecos_runtime_audit_retry" does not exist
  位置：256
### The error may exist in com/chinacreator/gzcm/runtime/audit/mapper/AuditRetryMapper.java (best guess)
### The error may involve com.chinacreator.gzcm.runtime.audit.mapper.AuditRetryMapper.listDue-Inline
### The error occurred while setting parameters
### SQL: SELECT id, event_type AS eventType, payload, attempts, next_retry_at AS nextRetryAt, last_error AS lastError, status, trace_id AS traceId, create_time AS createTime, update_time AS updateTime, version_no AS versionNo, is_deleted AS isDeleted, domain FROM public.ecos_runtime_audit_retry WHERE is_deleted = 0 AND status = 'pending' AND next_retry_at <= ? ORDER BY next_retry_at ASC LIMIT ?
### Cause: org.postgresql.util.PSQLException: ERROR: relation "public.ecos_runtime_audit_retry" does not exist
  位置：256
; bad SQL grammar []
2026-09-30 21:41:41.459 [scheduling-1] [] WARN  c.c.g.runtime.audit.AuditRetryTask - [AuditRetry] 到期行拉取失败（表缺失/DB 不可用）errType=BadSqlGrammarException msg=
### Error querying database.  Cause: org.postgresql.util.PSQLException: ERROR: relation "public.ecos_runtime_audit_retry" does not exist
  位置：256
### The error may exist in com/chinacreator/gzcm/runtime/audit/mapper/AuditRetryMapper.java (best guess)
### The error may involve com.chinacreator.gzcm.runtime.audit.mapper.AuditRetryMapper.listDue-Inline
### The error occurred while setting parameters
### SQL: SELECT id, event_type AS eventType, payload, attempts, next_retry_at AS nextRetryAt, last_error AS lastError, status, trace_id AS traceId, create_time AS createTime, update_time AS updateTime, version_no AS versionNo, is_deleted AS isDeleted, domain FROM public.ecos_runtime_audit_retry WHERE is_deleted = 0 AND status = 'pending' AND next_retry_at <= ? ORDER BY next_retry_at ASC LIMIT ?
### Cause: org.postgresql.util.PSQLException: ERROR: relation "public.ecos_runtime_audit_retry" does not exist
  位置：256
; bad SQL grammar []
2026-09-30 21:42:03.642 [scheduling-1] [] WARN  c.c.gzcm.runtime.dlq.DltLagChecker - [DltLagChecker] AdminClient 创建失败 errType=KafkaException msg=Failed to create new KafkaAdminClient
2026-09-30 21:42:03.643 [scheduling-1] [] WARN  c.c.gzcm.runtime.dlq.DltLagChecker - [DltLagChecker] AdminClient 不可用（bootstrap=localhost:9092），本轮降级跳过
2026-09-30 21:42:41.483 [scheduling-1] [] WARN  c.c.g.runtime.audit.AuditRetryTask - [AuditRetry] 到期行拉取失败（表缺失/DB 不可用）errType=BadSqlGrammarException msg=
### Error querying database.  Cause: org.postgresql.util.PSQLException: ERROR: relation "public.ecos_runtime_audit_retry" does not exist
  位置：256
### The error may exist in com/chinacreator/gzcm/runtime/audit/mapper/AuditRetryMapper.java (best guess)
### The error may involve com.chinacreator.gzcm.runtime.audit.mapper.AuditRetryMapper.listDue-Inline
### The error occurred while setting parameters
### SQL: SELECT id, event_type AS eventType, payload, attempts, next_retry_at AS nextRetryAt, last_error AS lastError, status, trace_id AS traceId, create_time AS createTime, update_time AS updateTime, version_no AS versionNo, is_deleted AS isDeleted, domain FROM public.ecos_runtime_audit_retry WHERE is_deleted = 0 AND status = 'pending' AND next_retry_at <= ? ORDER BY next_retry_at ASC LIMIT ?
### Cause: org.postgresql.util.PSQLException: ERROR: relation "public.ecos_runtime_audit_retry" does not exist
  位置：256
; bad SQL grammar []
2026-09-30 21:43:41.511 [scheduling-1] [] WARN  c.c.g.runtime.audit.AuditRetryTask - [AuditRetry] 到期行拉取失败（表缺失/DB 不可用）errType=BadSqlGrammarException msg=
### Error querying database.  Cause: org.postgresql.util.PSQLException: ERROR: relation "public.ecos_runtime_audit_retry" does not exist
  位置：256
### The error may exist in com/chinacreator/gzcm/runtime/audit/mapper/AuditRetryMapper.java (best guess)
### The error may involve com.chinacreator.gzcm.runtime.audit.mapper.AuditRetryMapper.listDue-Inline
### The error occurred while setting parameters
### SQL: SELECT id, event_type AS eventType, payload, attempts, next_retry_at AS nextRetryAt, last_error AS lastError, status, trace_id AS traceId, create_time AS createTime, update_time AS updateTime, version_no AS versionNo, is_deleted AS isDeleted, domain FROM public.ecos_runtime_audit_retry WHERE is_deleted = 0 AND status = 'pending' AND next_retry_at <= ? ORDER BY next_retry_at ASC LIMIT ?
### Cause: org.postgresql.util.PSQLException: ERROR: relation "public.ecos_runtime_audit_retry" does not exist
  位置：256
; bad SQL grammar []
2026-09-30 21:44:41.536 [scheduling-1] [] WARN  c.c.g.runtime.audit.AuditRetryTask - [AuditRetry] 到期行拉取失败（表缺失/DB 不可用）errType=BadSqlGrammarException msg=
### Error querying database.  Cause: org.postgresql.util.PSQLException: ERROR: relation "public.ecos_runtime_audit_retry" does not exist
  位置：256
### The error may exist in com/chinacreator/gzcm/runtime/audit/mapper/AuditRetryMapper.java (best guess)
### The error may involve com.chinacreator.gzcm.runtime.audit.mapper.AuditRetryMapper.listDue-Inline
### The error occurred while setting parameters
### SQL: SELECT id, event_type AS eventType, payload, attempts, next_retry_at AS nextRetryAt, last_error AS lastError, status, trace_id AS traceId, create_time AS createTime, update_time AS updateTime, version_no AS versionNo, is_deleted AS isDeleted, domain FROM public.ecos_runtime_audit_retry WHERE is_deleted = 0 AND status = 'pending' AND next_retry_at <= ? ORDER BY next_retry_at ASC LIMIT ?
### Cause: org.postgresql.util.PSQLException: ERROR: relation "public.ecos_runtime_audit_retry" does not exist
  位置：256
; bad SQL grammar []
2026-09-30 21:45:41.553 [scheduling-1] [] WARN  c.c.g.runtime.audit.AuditRetryTask - [AuditRetry] 到期行拉取失败（表缺失/DB 不可用）errType=BadSqlGrammarException msg=
### Error querying database.  Cause: org.postgresql.util.PSQLException: ERROR: relation "public.ecos_runtime_audit_retry" does not exist
  位置：256
### The error may exist in com/chinacreator/gzcm/runtime/audit/mapper/AuditRetryMapper.java (best guess)
### The error may involve com.chinacreator.gzcm.runtime.audit.mapper.AuditRetryMapper.listDue-Inline
### The error occurred while setting parameters
### SQL: SELECT id, event_type AS eventType, payload, attempts, next_retry_at AS nextRetryAt, last_error AS lastError, status, trace_id AS traceId, create_time AS createTime, update_time AS updateTime, version_no AS versionNo, is_deleted AS isDeleted, domain FROM public.ecos_runtime_audit_retry WHERE is_deleted = 0 AND status = 'pending' AND next_retry_at <= ? ORDER BY next_retry_at ASC LIMIT ?
### Cause: org.postgresql.util.PSQLException: ERROR: relation "public.ecos_runtime_audit_retry" does not exist
  位置：256
; bad SQL grammar []
2026-09-30 21:46:41.569 [scheduling-1] [] WARN  c.c.g.runtime.audit.AuditRetryTask - [AuditRetry] 到期行拉取失败（表缺失/DB 不可用）errType=BadSqlGrammarException msg=
### Error querying database.  Cause: org.postgresql.util.PSQLException: ERROR: relation "public.ecos_runtime_audit_retry" does not exist
  位置：256
### The error may exist in com/chinacreator/gzcm/runtime/audit/mapper/AuditRetryMapper.java (best guess)
### The error may involve com.chinacreator.gzcm.runtime.audit.mapper.AuditRetryMapper.listDue-Inline
### The error occurred while setting parameters
### SQL: SELECT id, event_type AS eventType, payload, attempts, next_retry_at AS nextRetryAt, last_error AS lastError, status, trace_id AS traceId, create_time AS createTime, update_time AS updateTime, version_no AS versionNo, is_deleted AS isDeleted, domain FROM public.ecos_runtime_audit_retry WHERE is_deleted = 0 AND status = 'pending' AND next_retry_at <= ? ORDER BY next_retry_at ASC LIMIT ?
### Cause: org.postgresql.util.PSQLException: ERROR: relation "public.ecos_runtime_audit_retry" does not exist
  位置：256
; bad SQL grammar []
2026-09-30 21:47:03.671 [scheduling-1] [] WARN  c.c.gzcm.runtime.dlq.DltLagChecker - [DltLagChecker] AdminClient 创建失败 errType=KafkaException msg=Failed to create new KafkaAdminClient
2026-09-30 21:47:03.673 [scheduling-1] [] WARN  c.c.gzcm.runtime.dlq.DltLagChecker - [DltLagChecker] AdminClient 不可用（bootstrap=localhost:9092），本轮降级跳过
2026-09-30 21:47:41.591 [scheduling-1] [] WARN  c.c.g.runtime.audit.AuditRetryTask - [AuditRetry] 到期行拉取失败（表缺失/DB 不可用）errType=BadSqlGrammarException msg=
### Error querying database.  Cause: org.postgresql.util.PSQLException: ERROR: relation "public.ecos_runtime_audit_retry" does not exist
  位置：256
### The error may exist in com/chinacreator/gzcm/runtime/audit/mapper/AuditRetryMapper.java (best guess)
### The error may involve com.chinacreator.gzcm.runtime.audit.mapper.AuditRetryMapper.listDue-Inline
### The error occurred while setting parameters
### SQL: SELECT id, event_type AS eventType, payload, attempts, next_retry_at AS nextRetryAt, last_error AS lastError, status, trace_id AS traceId, create_time AS createTime, update_time AS updateTime, version_no AS versionNo, is_deleted AS isDeleted, domain FROM public.ecos_runtime_audit_retry WHERE is_deleted = 0 AND status = 'pending' AND next_retry_at <= ? ORDER BY next_retry_at ASC LIMIT ?
### Cause: org.postgresql.util.PSQLException: ERROR: relation "public.ecos_runtime_audit_retry" does not exist
  位置：256
; bad SQL grammar []
2026-09-30 21:48:41.609 [scheduling-1] [] WARN  c.c.g.runtime.audit.AuditRetryTask - [AuditRetry] 到期行拉取失败（表缺失/DB 不可用）errType=BadSqlGrammarException msg=
### Error querying database.  Cause: org.postgresql.util.PSQLException: ERROR: relation "public.ecos_runtime_audit_retry" does not exist
  位置：256
### The error may exist in com/chinacreator/gzcm/runtime/audit/mapper/AuditRetryMapper.java (best guess)
### The error may involve com.chinacreator.gzcm.runtime.audit.mapper.AuditRetryMapper.listDue-Inline
### The error occurred while setting parameters
### SQL: SELECT id, event_type AS eventType, payload, attempts, next_retry_at AS nextRetryAt, last_error AS lastError, status, trace_id AS traceId, create_time AS createTime, update_time AS updateTime, version_no AS versionNo, is_deleted AS isDeleted, domain FROM public.ecos_runtime_audit_retry WHERE is_deleted = 0 AND status = 'pending' AND next_retry_at <= ? ORDER BY next_retry_at ASC LIMIT ?
### Cause: org.postgresql.util.PSQLException: ERROR: relation "public.ecos_runtime_audit_retry" does not exist
  位置：256
; bad SQL grammar []
2026-09-30 21:49:41.626 [scheduling-1] [] WARN  c.c.g.runtime.audit.AuditRetryTask - [AuditRetry] 到期行拉取失败（表缺失/DB 不可用）errType=BadSqlGrammarException msg=
### Error querying database.  Cause: org.postgresql.util.PSQLException: ERROR: relation "public.ecos_runtime_audit_retry" does not exist
  位置：256
### The error may exist in com/chinacreator/gzcm/runtime/audit/mapper/AuditRetryMapper.java (best guess)
### The error may involve com.chinacreator.gzcm.runtime.audit.mapper.AuditRetryMapper.listDue-Inline
### The error occurred while setting parameters
### SQL: SELECT id, event_type AS eventType, payload, attempts, next_retry_at AS nextRetryAt, last_error AS lastError, status, trace_id AS traceId, create_time AS createTime, update_time AS updateTime, version_no AS versionNo, is_deleted AS isDeleted, domain FROM public.ecos_runtime_audit_retry WHERE is_deleted = 0 AND status = 'pending' AND next_retry_at <= ? ORDER BY next_retry_at ASC LIMIT ?
### Cause: org.postgresql.util.PSQLException: ERROR: relation "public.ecos_runtime_audit_retry" does not exist
  位置：256
; bad SQL grammar []
2026-09-30 21:50:41.649 [scheduling-1] [] WARN  c.c.g.runtime.audit.AuditRetryTask - [AuditRetry] 到期行拉取失败（表缺失/DB 不可用）errType=BadSqlGrammarException msg=
### Error querying database.  Cause: org.postgresql.util.PSQLException: ERROR: relation "public.ecos_runtime_audit_retry" does not exist
  位置：256
### The error may exist in com/chinacreator/gzcm/runtime/audit/mapper/AuditRetryMapper.java (best guess)
### The error may involve com.chinacreator.gzcm.runtime.audit.mapper.AuditRetryMapper.listDue-Inline
### The error occurred while setting parameters
### SQL: SELECT id, event_type AS eventType, payload, attempts, next_retry_at AS nextRetryAt, last_error AS lastError, status, trace_id AS traceId, create_time AS createTime, update_time AS updateTime, version_no AS versionNo, is_deleted AS isDeleted, domain FROM public.ecos_runtime_audit_retry WHERE is_deleted = 0 AND status = 'pending' AND next_retry_at <= ? ORDER BY next_retry_at ASC LIMIT ?
### Cause: org.postgresql.util.PSQLException: ERROR: relation "public.ecos_runtime_audit_retry" does not exist
  位置：256
; bad SQL grammar []
2026-09-30 21:51:41.679 [scheduling-1] [] WARN  c.c.g.runtime.audit.AuditRetryTask - [AuditRetry] 到期行拉取失败（表缺失/DB 不可用）errType=BadSqlGrammarException msg=
### Error querying database.  Cause: org.postgresql.util.PSQLException: ERROR: relation "public.ecos_runtime_audit_retry" does not exist
  位置：256
### The error may exist in com/chinacreator/gzcm/runtime/audit/mapper/AuditRetryMapper.java (best guess)
### The error may involve com.chinacreator.gzcm.runtime.audit.mapper.AuditRetryMapper.listDue-Inline
### The error occurred while setting parameters
### SQL: SELECT id, event_type AS eventType, payload, attempts, next_retry_at AS nextRetryAt, last_error AS lastError, status, trace_id AS traceId, create_time AS createTime, update_time AS updateTime, version_no AS versionNo, is_deleted AS isDeleted, domain FROM public.ecos_runtime_audit_retry WHERE is_deleted = 0 AND status = 'pending' AND next_retry_at <= ? ORDER BY next_retry_at ASC LIMIT ?
### Cause: org.postgresql.util.PSQLException: ERROR: relation "public.ecos_runtime_audit_retry" does not exist
  位置：256
; bad SQL grammar []
2026-09-30 21:52:03.697 [scheduling-1] [] WARN  c.c.gzcm.runtime.dlq.DltLagChecker - [DltLagChecker] AdminClient 创建失败 errType=KafkaException msg=Failed to create new KafkaAdminClient
2026-09-30 21:52:03.698 [scheduling-1] [] WARN  c.c.gzcm.runtime.dlq.DltLagChecker - [DltLagChecker] AdminClient 不可用（bootstrap=localhost:9092），本轮降级跳过
2026-09-30 21:52:41.700 [scheduling-1] [] WARN  c.c.g.runtime.audit.AuditRetryTask - [AuditRetry] 到期行拉取失败（表缺失/DB 不可用）errType=BadSqlGrammarException msg=
### Error querying database.  Cause: org.postgresql.util.PSQLException: ERROR: relation "public.ecos_runtime_audit_retry" does not exist
  位置：256
### The error may exist in com/chinacreator/gzcm/runtime/audit/mapper/AuditRetryMapper.java (best guess)
### The error may involve com.chinacreator.gzcm.runtime.audit.mapper.AuditRetryMapper.listDue-Inline
### The error occurred while setting parameters
### SQL: SELECT id, event_type AS eventType, payload, attempts, next_retry_at AS nextRetryAt, last_error AS lastError, status, trace_id AS traceId, create_time AS createTime, update_time AS updateTime, version_no AS versionNo, is_deleted AS isDeleted, domain FROM public.ecos_runtime_audit_retry WHERE is_deleted = 0 AND status = 'pending' AND next_retry_at <= ? ORDER BY next_retry_at ASC LIMIT ?
### Cause: org.postgresql.util.PSQLException: ERROR: relation "public.ecos_runtime_audit_retry" does not exist
  位置：256
; bad SQL grammar []
2026-09-30 21:53:41.723 [scheduling-1] [] WARN  c.c.g.runtime.audit.AuditRetryTask - [AuditRetry] 到期行拉取失败（表缺失/DB 不可用）errType=BadSqlGrammarException msg=
### Error querying database.  Cause: org.postgresql.util.PSQLException: ERROR: relation "public.ecos_runtime_audit_retry" does not exist
  位置：256
### The error may exist in com/chinacreator/gzcm/runtime/audit/mapper/AuditRetryMapper.java (best guess)
### The error may involve com.chinacreator.gzcm.runtime.audit.mapper.AuditRetryMapper.listDue-Inline
### The error occurred while setting parameters
### SQL: SELECT id, event_type AS eventType, payload, attempts, next_retry_at AS nextRetryAt, last_error AS lastError, status, trace_id AS traceId, create_time AS createTime, update_time AS updateTime, version_no AS versionNo, is_deleted AS isDeleted, domain FROM public.ecos_runtime_audit_retry WHERE is_deleted = 0 AND status = 'pending' AND next_retry_at <= ? ORDER BY next_retry_at ASC LIMIT ?
### Cause: org.postgresql.util.PSQLException: ERROR: relation "public.ecos_runtime_audit_retry" does not exist
  位置：256
; bad SQL grammar []
2026-09-30 21:54:41.743 [scheduling-1] [] WARN  c.c.g.runtime.audit.AuditRetryTask - [AuditRetry] 到期行拉取失败（表缺失/DB 不可用）errType=BadSqlGrammarException msg=
### Error querying database.  Cause: org.postgresql.util.PSQLException: ERROR: relation "public.ecos_runtime_audit_retry" does not exist
  位置：256
### The error may exist in com/chinacreator/gzcm/runtime/audit/mapper/AuditRetryMapper.java (best guess)
### The error may involve com.chinacreator.gzcm.runtime.audit.mapper.AuditRetryMapper.listDue-Inline
### The error occurred while setting parameters
### SQL: SELECT id, event_type AS eventType, payload, attempts, next_retry_at AS nextRetryAt, last_error AS lastError, status, trace_id AS traceId, create_time AS createTime, update_time AS updateTime, version_no AS versionNo, is_deleted AS isDeleted, domain FROM public.ecos_runtime_audit_retry WHERE is_deleted = 0 AND status = 'pending' AND next_retry_at <= ? ORDER BY next_retry_at ASC LIMIT ?
### Cause: org.postgresql.util.PSQLException: ERROR: relation "public.ecos_runtime_audit_retry" does not exist
  位置：256
; bad SQL grammar []
2026-09-30 21:55:41.763 [scheduling-1] [] WARN  c.c.g.runtime.audit.AuditRetryTask - [AuditRetry] 到期行拉取失败（表缺失/DB 不可用）errType=BadSqlGrammarException msg=
### Error querying database.  Cause: org.postgresql.util.PSQLException: ERROR: relation "public.ecos_runtime_audit_retry" does not exist
  位置：256
### The error may exist in com/chinacreator/gzcm/runtime/audit/mapper/AuditRetryMapper.java (best guess)
### The error may involve com.chinacreator.gzcm.runtime.audit.mapper.AuditRetryMapper.listDue-Inline
### The error occurred while setting parameters
### SQL: SELECT id, event_type AS eventType, payload, attempts, next_retry_at AS nextRetryAt, last_error AS lastError, status, trace_id AS traceId, create_time AS createTime, update_time AS updateTime, version_no AS versionNo, is_deleted AS isDeleted, domain FROM public.ecos_runtime_audit_retry WHERE is_deleted = 0 AND status = 'pending' AND next_retry_at <= ? ORDER BY next_retry_at ASC LIMIT ?
### Cause: org.postgresql.util.PSQLException: ERROR: relation "public.ecos_runtime_audit_retry" does not exist
  位置：256
; bad SQL grammar []
2026-09-30 21:56:41.790 [scheduling-1] [] WARN  c.c.g.runtime.audit.AuditRetryTask - [AuditRetry] 到期行拉取失败（表缺失/DB 不可用）errType=BadSqlGrammarException msg=
### Error querying database.  Cause: org.postgresql.util.PSQLException: ERROR: relation "public.ecos_runtime_audit_retry" does not exist
  位置：256
### The error may exist in com/chinacreator/gzcm/runtime/audit/mapper/AuditRetryMapper.java (best guess)
### The error may involve com.chinacreator.gzcm.runtime.audit.mapper.AuditRetryMapper.listDue-Inline
### The error occurred while setting parameters
### SQL: SELECT id, event_type AS eventType, payload, attempts, next_retry_at AS nextRetryAt, last_error AS lastError, status, trace_id AS traceId, create_time AS createTime, update_time AS updateTime, version_no AS versionNo, is_deleted AS isDeleted, domain FROM public.ecos_runtime_audit_retry WHERE is_deleted = 0 AND status = 'pending' AND next_retry_at <= ? ORDER BY next_retry_at ASC LIMIT ?
### Cause: org.postgresql.util.PSQLException: ERROR: relation "public.ecos_runtime_audit_retry" does not exist
  位置：256
; bad SQL grammar []
2026-09-30 21:57:03.722 [scheduling-1] [] WARN  c.c.gzcm.runtime.dlq.DltLagChecker - [DltLagChecker] AdminClient 创建失败 errType=KafkaException msg=Failed to create new KafkaAdminClient
2026-09-30 21:57:03.723 [scheduling-1] [] WARN  c.c.gzcm.runtime.dlq.DltLagChecker - [DltLagChecker] AdminClient 不可用（bootstrap=localhost:9092），本轮降级跳过
2026-09-30 21:57:41.810 [scheduling-1] [] WARN  c.c.g.runtime.audit.AuditRetryTask - [AuditRetry] 到期行拉取失败（表缺失/DB 不可用）errType=BadSqlGrammarException msg=
### Error querying database.  Cause: org.postgresql.util.PSQLException: ERROR: relation "public.ecos_runtime_audit_retry" does not exist
  位置：256
### The error may exist in com/chinacreator/gzcm/runtime/audit/mapper/AuditRetryMapper.java (best guess)
### The error may involve com.chinacreator.gzcm.runtime.audit.mapper.AuditRetryMapper.listDue-Inline
### The error occurred while setting parameters
### SQL: SELECT id, event_type AS eventType, payload, attempts, next_retry_at AS nextRetryAt, last_error AS lastError, status, trace_id AS traceId, create_time AS createTime, update_time AS updateTime, version_no AS versionNo, is_deleted AS isDeleted, domain FROM public.ecos_runtime_audit_retry WHERE is_deleted = 0 AND status = 'pending' AND next_retry_at <= ? ORDER BY next_retry_at ASC LIMIT ?
### Cause: org.postgresql.util.PSQLException: ERROR: relation "public.ecos_runtime_audit_retry" does not exist
  位置：256
; bad SQL grammar []
2026-09-30 21:58:41.816 [scheduling-1] [] WARN  c.c.g.runtime.audit.AuditRetryTask - [AuditRetry] 到期行拉取失败（表缺失/DB 不可用）errType=BadSqlGrammarException msg=
### Error querying database.  Cause: org.postgresql.util.PSQLException: ERROR: relation "public.ecos_runtime_audit_retry" does not exist
  位置：256
### The error may exist in com/chinacreator/gzcm/runtime/audit/mapper/AuditRetryMapper.java (best guess)
### The error may involve com.chinacreator.gzcm.runtime.audit.mapper.AuditRetryMapper.listDue-Inline
### The error occurred while setting parameters
### SQL: SELECT id, event_type AS eventType, payload, attempts, next_retry_at AS nextRetryAt, last_error AS lastError, status, trace_id AS traceId, create_time AS createTime, update_time AS updateTime, version_no AS versionNo, is_deleted AS isDeleted, domain FROM public.ecos_runtime_audit_retry WHERE is_deleted = 0 AND status = 'pending' AND next_retry_at <= ? ORDER BY next_retry_at ASC LIMIT ?
### Cause: org.postgresql.util.PSQLException: ERROR: relation "public.ecos_runtime_audit_retry" does not exist
  位置：256
; bad SQL grammar []
2026-09-30 21:59:41.836 [scheduling-1] [] WARN  c.c.g.runtime.audit.AuditRetryTask - [AuditRetry] 到期行拉取失败（表缺失/DB 不可用）errType=BadSqlGrammarException msg=
### Error querying database.  Cause: org.postgresql.util.PSQLException: ERROR: relation "public.ecos_runtime_audit_retry" does not exist
  位置：256
### The error may exist in com/chinacreator/gzcm/runtime/audit/mapper/AuditRetryMapper.java (best guess)
### The error may involve com.chinacreator.gzcm.runtime.audit.mapper.AuditRetryMapper.listDue-Inline
### The error occurred while setting parameters
### SQL: SELECT id, event_type AS eventType, payload, attempts, next_retry_at AS nextRetryAt, last_error AS lastError, status, trace_id AS traceId, create_time AS createTime, update_time AS updateTime, version_no AS versionNo, is_deleted AS isDeleted, domain FROM public.ecos_runtime_audit_retry WHERE is_deleted = 0 AND status = 'pending' AND next_retry_at <= ? ORDER BY next_retry_at ASC LIMIT ?
### Cause: org.postgresql.util.PSQLException: ERROR: relation "public.ecos_runtime_audit_retry" does not exist
  位置：256
; bad SQL grammar []
2026-09-30 22:00:41.873 [scheduling-1] [] WARN  c.c.g.runtime.audit.AuditRetryTask - [AuditRetry] 到期行拉取失败（表缺失/DB 不可用）errType=BadSqlGrammarException msg=
### Error querying database.  Cause: org.postgresql.util.PSQLException: ERROR: relation "public.ecos_runtime_audit_retry" does not exist
  位置：256
### The error may exist in com/chinacreator/gzcm/runtime/audit/mapper/AuditRetryMapper.java (best guess)
### The error may involve com.chinacreator.gzcm.runtime.audit.mapper.AuditRetryMapper.listDue-Inline
### The error occurred while setting parameters
### SQL: SELECT id, event_type AS eventType, payload, attempts, next_retry_at AS nextRetryAt, last_error AS lastError, status, trace_id AS traceId, create_time AS createTime, update_time AS updateTime, version_no AS versionNo, is_deleted AS isDeleted, domain FROM public.ecos_runtime_audit_retry WHERE is_deleted = 0 AND status = 'pending' AND next_retry_at <= ? ORDER BY next_retry_at ASC LIMIT ?
### Cause: org.postgresql.util.PSQLException: ERROR: relation "public.ecos_runtime_audit_retry" does not exist
  位置：256
; bad SQL grammar []
2026-09-30 22:01:41.896 [scheduling-1] [] WARN  c.c.g.runtime.audit.AuditRetryTask - [AuditRetry] 到期行拉取失败（表缺失/DB 不可用）errType=BadSqlGrammarException msg=
### Error querying database.  Cause: org.postgresql.util.PSQLException: ERROR: relation "public.ecos_runtime_audit_retry" does not exist
  位置：256
### The error may exist in com/chinacreator/gzcm/runtime/audit/mapper/AuditRetryMapper.java (best guess)
### The error may involve com.chinacreator.gzcm.runtime.audit.mapper.AuditRetryMapper.listDue-Inline
### The error occurred while setting parameters
### SQL: SELECT id, event_type AS eventType, payload, attempts, next_retry_at AS nextRetryAt, last_error AS lastError, status, trace_id AS traceId, create_time AS createTime, update_time AS updateTime, version_no AS versionNo, is_deleted AS isDeleted, domain FROM public.ecos_runtime_audit_retry WHERE is_deleted = 0 AND status = 'pending' AND next_retry_at <= ? ORDER BY next_retry_at ASC LIMIT ?
### Cause: org.postgresql.util.PSQLException: ERROR: relation "public.ecos_runtime_audit_retry" does not exist
  位置：256
; bad SQL grammar []
2026-09-30 22:02:03.747 [scheduling-1] [] WARN  c.c.gzcm.runtime.dlq.DltLagChecker - [DltLagChecker] AdminClient 创建失败 errType=KafkaException msg=Failed to create new KafkaAdminClient
2026-09-30 22:02:03.749 [scheduling-1] [] WARN  c.c.gzcm.runtime.dlq.DltLagChecker - [DltLagChecker] AdminClient 不可用（bootstrap=localhost:9092），本轮降级跳过
2026-09-30 22:02:41.920 [scheduling-1] [] WARN  c.c.g.runtime.audit.AuditRetryTask - [AuditRetry] 到期行拉取失败（表缺失/DB 不可用）errType=BadSqlGrammarException msg=
### Error querying database.  Cause: org.postgresql.util.PSQLException: ERROR: relation "public.ecos_runtime_audit_retry" does not exist
  位置：256
### The error may exist in com/chinacreator/gzcm/runtime/audit/mapper/AuditRetryMapper.java (best guess)
### The error may involve com.chinacreator.gzcm.runtime.audit.mapper.AuditRetryMapper.listDue-Inline
### The error occurred while setting parameters
### SQL: SELECT id, event_type AS eventType, payload, attempts, next_retry_at AS nextRetryAt, last_error AS lastError, status, trace_id AS traceId, create_time AS createTime, update_time AS updateTime, version_no AS versionNo, is_deleted AS isDeleted, domain FROM public.ecos_runtime_audit_retry WHERE is_deleted = 0 AND status = 'pending' AND next_retry_at <= ? ORDER BY next_retry_at ASC LIMIT ?
### Cause: org.postgresql.util.PSQLException: ERROR: relation "public.ecos_runtime_audit_retry" does not exist
  位置：256
; bad SQL grammar []
2026-09-30 22:03:41.936 [scheduling-1] [] WARN  c.c.g.runtime.audit.AuditRetryTask - [AuditRetry] 到期行拉取失败（表缺失/DB 不可用）errType=BadSqlGrammarException msg=
### Error querying database.  Cause: org.postgresql.util.PSQLException: ERROR: relation "public.ecos_runtime_audit_retry" does not exist
  位置：256
### The error may exist in com/chinacreator/gzcm/runtime/audit/mapper/AuditRetryMapper.java (best guess)
### The error may involve com.chinacreator.gzcm.runtime.audit.mapper.AuditRetryMapper.listDue-Inline
### The error occurred while setting parameters
### SQL: SELECT id, event_type AS eventType, payload, attempts, next_retry_at AS nextRetryAt, last_error AS lastError, status, trace_id AS traceId, create_time AS createTime, update_time AS updateTime, version_no AS versionNo, is_deleted AS isDeleted, domain FROM public.ecos_runtime_audit_retry WHERE is_deleted = 0 AND status = 'pending' AND next_retry_at <= ? ORDER BY next_retry_at ASC LIMIT ?
### Cause: org.postgresql.util.PSQLException: ERROR: relation "public.ecos_runtime_audit_retry" does not exist
  位置：256
; bad SQL grammar []
2026-09-30 22:04:41.958 [scheduling-1] [] WARN  c.c.g.runtime.audit.AuditRetryTask - [AuditRetry] 到期行拉取失败（表缺失/DB 不可用）errType=BadSqlGrammarException msg=
### Error querying database.  Cause: org.postgresql.util.PSQLException: ERROR: relation "public.ecos_runtime_audit_retry" does not exist
  位置：256
### The error may exist in com/chinacreator/gzcm/runtime/audit/mapper/AuditRetryMapper.java (best guess)
### The error may involve com.chinacreator.gzcm.runtime.audit.mapper.AuditRetryMapper.listDue-Inline
### The error occurred while setting parameters
### SQL: SELECT id, event_type AS eventType, payload, attempts, next_retry_at AS nextRetryAt, last_error AS lastError, status, trace_id AS traceId, create_time AS createTime, update_time AS updateTime, version_no AS versionNo, is_deleted AS isDeleted, domain FROM public.ecos_runtime_audit_retry WHERE is_deleted = 0 AND status = 'pending' AND next_retry_at <= ? ORDER BY next_retry_at ASC LIMIT ?
### Cause: org.postgresql.util.PSQLException: ERROR: relation "public.ecos_runtime_audit_retry" does not exist
  位置：256
; bad SQL grammar []
2026-09-30 22:05:41.971 [scheduling-1] [] WARN  c.c.g.runtime.audit.AuditRetryTask - [AuditRetry] 到期行拉取失败（表缺失/DB 不可用）errType=BadSqlGrammarException msg=
### Error querying database.  Cause: org.postgresql.util.PSQLException: ERROR: relation "public.ecos_runtime_audit_retry" does not exist
  位置：256
### The error may exist in com/chinacreator/gzcm/runtime/audit/mapper/AuditRetryMapper.java (best guess)
### The error may involve com.chinacreator.gzcm.runtime.audit.mapper.AuditRetryMapper.listDue-Inline
### The error occurred while setting parameters
### SQL: SELECT id, event_type AS eventType, payload, attempts, next_retry_at AS nextRetryAt, last_error AS lastError, status, trace_id AS traceId, create_time AS createTime, update_time AS updateTime, version_no AS versionNo, is_deleted AS isDeleted, domain FROM public.ecos_runtime_audit_retry WHERE is_deleted = 0 AND status = 'pending' AND next_retry_at <= ? ORDER BY next_retry_at ASC LIMIT ?
### Cause: org.postgresql.util.PSQLException: ERROR: relation "public.ecos_runtime_audit_retry" does not exist
  位置：256
; bad SQL grammar []
2026-09-30 22:06:41.983 [scheduling-1] [] WARN  c.c.g.runtime.audit.AuditRetryTask - [AuditRetry] 到期行拉取失败（表缺失/DB 不可用）errType=BadSqlGrammarException msg=
### Error querying database.  Cause: org.postgresql.util.PSQLException: ERROR: relation "public.ecos_runtime_audit_retry" does not exist
  位置：256
### The error may exist in com/chinacreator/gzcm/runtime/audit/mapper/AuditRetryMapper.java (best guess)
### The error may involve com.chinacreator.gzcm.runtime.audit.mapper.AuditRetryMapper.listDue-Inline
### The error occurred while setting parameters
### SQL: SELECT id, event_type AS eventType, payload, attempts, next_retry_at AS nextRetryAt, last_error AS lastError, status, trace_id AS traceId, create_time AS createTime, update_time AS updateTime, version_no AS versionNo, is_deleted AS isDeleted, domain FROM public.ecos_runtime_audit_retry WHERE is_deleted = 0 AND status = 'pending' AND next_retry_at <= ? ORDER BY next_retry_at ASC LIMIT ?
### Cause: org.postgresql.util.PSQLException: ERROR: relation "public.ecos_runtime_audit_retry" does not exist
  位置：256
; bad SQL grammar []
2026-09-30 22:07:03.845 [scheduling-1] [] WARN  c.c.gzcm.runtime.dlq.DltLagChecker - [DltLagChecker] AdminClient 创建失败 errType=KafkaException msg=Failed to create new KafkaAdminClient
2026-09-30 22:07:03.848 [scheduling-1] [] WARN  c.c.gzcm.runtime.dlq.DltLagChecker - [DltLagChecker] AdminClient 不可用（bootstrap=localhost:9092），本轮降级跳过
2026-09-30 22:07:41.993 [scheduling-1] [] WARN  c.c.g.runtime.audit.AuditRetryTask - [AuditRetry] 到期行拉取失败（表缺失/DB 不可用）errType=BadSqlGrammarException msg=
### Error querying database.  Cause: org.postgresql.util.PSQLException: ERROR: relation "public.ecos_runtime_audit_retry" does not exist
  位置：256
### The error may exist in com/chinacreator/gzcm/runtime/audit/mapper/AuditRetryMapper.java (best guess)
### The error may involve com.chinacreator.gzcm.runtime.audit.mapper.AuditRetryMapper.listDue-Inline
### The error occurred while setting parameters
### SQL: SELECT id, event_type AS eventType, payload, attempts, next_retry_at AS nextRetryAt, last_error AS lastError, status, trace_id AS traceId, create_time AS createTime, update_time AS updateTime, version_no AS versionNo, is_deleted AS isDeleted, domain FROM public.ecos_runtime_audit_retry WHERE is_deleted = 0 AND status = 'pending' AND next_retry_at <= ? ORDER BY next_retry_at ASC LIMIT ?
### Cause: org.postgresql.util.PSQLException: ERROR: relation "public.ecos_runtime_audit_retry" does not exist
  位置：256
; bad SQL grammar []
2026-09-30 22:08:42.015 [scheduling-1] [] WARN  c.c.g.runtime.audit.AuditRetryTask - [AuditRetry] 到期行拉取失败（表缺失/DB 不可用）errType=BadSqlGrammarException msg=
### Error querying database.  Cause: org.postgresql.util.PSQLException: ERROR: relation "public.ecos_runtime_audit_retry" does not exist
  位置：256
### The error may exist in com/chinacreator/gzcm/runtime/audit/mapper/AuditRetryMapper.java (best guess)
### The error may involve com.chinacreator.gzcm.runtime.audit.mapper.AuditRetryMapper.listDue-Inline
### The error occurred while setting parameters
### SQL: SELECT id, event_type AS eventType, payload, attempts, next_retry_at AS nextRetryAt, last_error AS lastError, status, trace_id AS traceId, create_time AS createTime, update_time AS updateTime, version_no AS versionNo, is_deleted AS isDeleted, domain FROM public.ecos_runtime_audit_retry WHERE is_deleted = 0 AND status = 'pending' AND next_retry_at <= ? ORDER BY next_retry_at ASC LIMIT ?
### Cause: org.postgresql.util.PSQLException: ERROR: relation "public.ecos_runtime_audit_retry" does not exist
  位置：256
; bad SQL grammar []
2026-09-30 22:09:42.034 [scheduling-1] [] WARN  c.c.g.runtime.audit.AuditRetryTask - [AuditRetry] 到期行拉取失败（表缺失/DB 不可用）errType=BadSqlGrammarException msg=
### Error querying database.  Cause: org.postgresql.util.PSQLException: ERROR: relation "public.ecos_runtime_audit_retry" does not exist
  位置：256
### The error may exist in com/chinacreator/gzcm/runtime/audit/mapper/AuditRetryMapper.java (best guess)
### The error may involve com.chinacreator.gzcm.runtime.audit.mapper.AuditRetryMapper.listDue-Inline
### The error occurred while setting parameters
### SQL: SELECT id, event_type AS eventType, payload, attempts, next_retry_at AS nextRetryAt, last_error AS lastError, status, trace_id AS traceId, create_time AS createTime, update_time AS updateTime, version_no AS versionNo, is_deleted AS isDeleted, domain FROM public.ecos_runtime_audit_retry WHERE is_deleted = 0 AND status = 'pending' AND next_retry_at <= ? ORDER BY next_retry_at ASC LIMIT ?
### Cause: org.postgresql.util.PSQLException: ERROR: relation "public.ecos_runtime_audit_retry" does not exist
  位置：256
; bad SQL grammar []
2026-09-30 22:10:42.052 [scheduling-1] [] WARN  c.c.g.runtime.audit.AuditRetryTask - [AuditRetry] 到期行拉取失败（表缺失/DB 不可用）errType=BadSqlGrammarException msg=
### Error querying database.  Cause: org.postgresql.util.PSQLException: ERROR: relation "public.ecos_runtime_audit_retry" does not exist
  位置：256
### The error may exist in com/chinacreator/gzcm/runtime/audit/mapper/AuditRetryMapper.java (best guess)
### The error may involve com.chinacreator.gzcm.runtime.audit.mapper.AuditRetryMapper.listDue-Inline
### The error occurred while setting parameters
### SQL: SELECT id, event_type AS eventType, payload, attempts, next_retry_at AS nextRetryAt, last_error AS lastError, status, trace_id AS traceId, create_time AS createTime, update_time AS updateTime, version_no AS versionNo, is_deleted AS isDeleted, domain FROM public.ecos_runtime_audit_retry WHERE is_deleted = 0 AND status = 'pending' AND next_retry_at <= ? ORDER BY next_retry_at ASC LIMIT ?
### Cause: org.postgresql.util.PSQLException: ERROR: relation "public.ecos_runtime_audit_retry" does not exist
  位置：256
; bad SQL grammar []
2026-09-30 22:11:42.078 [scheduling-1] [] WARN  c.c.g.runtime.audit.AuditRetryTask - [AuditRetry] 到期行拉取失败（表缺失/DB 不可用）errType=BadSqlGrammarException msg=
### Error querying database.  Cause: org.postgresql.util.PSQLException: ERROR: relation "public.ecos_runtime_audit_retry" does not exist
  位置：256
### The error may exist in com/chinacreator/gzcm/runtime/audit/mapper/AuditRetryMapper.java (best guess)
### The error may involve com.chinacreator.gzcm.runtime.audit.mapper.AuditRetryMapper.listDue-Inline
### The error occurred while setting parameters
### SQL: SELECT id, event_type AS eventType, payload, attempts, next_retry_at AS nextRetryAt, last_error AS lastError, status, trace_id AS traceId, create_time AS createTime, update_time AS updateTime, version_no AS versionNo, is_deleted AS isDeleted, domain FROM public.ecos_runtime_audit_retry WHERE is_deleted = 0 AND status = 'pending' AND next_retry_at <= ? ORDER BY next_retry_at ASC LIMIT ?
### Cause: org.postgresql.util.PSQLException: ERROR: relation "public.ecos_runtime_audit_retry" does not exist
  位置：256
; bad SQL grammar []
2026-09-30 22:12:03.938 [scheduling-1] [] WARN  c.c.gzcm.runtime.dlq.DltLagChecker - [DltLagChecker] AdminClient 创建失败 errType=KafkaException msg=Failed to create new KafkaAdminClient
2026-09-30 22:12:03.951 [scheduling-1] [] WARN  c.c.gzcm.runtime.dlq.DltLagChecker - [DltLagChecker] AdminClient 不可用（bootstrap=localhost:9092），本轮降级跳过
2026-09-30 22:12:42.104 [scheduling-1] [] WARN  c.c.g.runtime.audit.AuditRetryTask - [AuditRetry] 到期行拉取失败（表缺失/DB 不可用）errType=BadSqlGrammarException msg=
### Error querying database.  Cause: org.postgresql.util.PSQLException: ERROR: relation "public.ecos_runtime_audit_retry" does not exist
  位置：256
### The error may exist in com/chinacreator/gzcm/runtime/audit/mapper/AuditRetryMapper.java (best guess)
### The error may involve com.chinacreator.gzcm.runtime.audit.mapper.AuditRetryMapper.listDue-Inline
### The error occurred while setting parameters
### SQL: SELECT id, event_type AS eventType, payload, attempts, next_retry_at AS nextRetryAt, last_error AS lastError, status, trace_id AS traceId, create_time AS createTime, update_time AS updateTime, version_no AS versionNo, is_deleted AS isDeleted, domain FROM public.ecos_runtime_audit_retry WHERE is_deleted = 0 AND status = 'pending' AND next_retry_at <= ? ORDER BY next_retry_at ASC LIMIT ?
### Cause: org.postgresql.util.PSQLException: ERROR: relation "public.ecos_runtime_audit_retry" does not exist
  位置：256
; bad SQL grammar []
2026-09-30 22:13:42.123 [scheduling-1] [] WARN  c.c.g.runtime.audit.AuditRetryTask - [AuditRetry] 到期行拉取失败（表缺失/DB 不可用）errType=BadSqlGrammarException msg=
### Error querying database.  Cause: org.postgresql.util.PSQLException: ERROR: relation "public.ecos_runtime_audit_retry" does not exist
  位置：256
### The error may exist in com/chinacreator/gzcm/runtime/audit/mapper/AuditRetryMapper.java (best guess)
### The error may involve com.chinacreator.gzcm.runtime.audit.mapper.AuditRetryMapper.listDue-Inline
### The error occurred while setting parameters
### SQL: SELECT id, event_type AS eventType, payload, attempts, next_retry_at AS nextRetryAt, last_error AS lastError, status, trace_id AS traceId, create_time AS createTime, update_time AS updateTime, version_no AS versionNo, is_deleted AS isDeleted, domain FROM public.ecos_runtime_audit_retry WHERE is_deleted = 0 AND status = 'pending' AND next_retry_at <= ? ORDER BY next_retry_at ASC LIMIT ?
### Cause: org.postgresql.util.PSQLException: ERROR: relation "public.ecos_runtime_audit_retry" does not exist
  位置：256
; bad SQL grammar []
2026-09-30 22:14:42.185 [scheduling-1] [] WARN  c.c.g.runtime.audit.AuditRetryTask - [AuditRetry] 到期行拉取失败（表缺失/DB 不可用）errType=BadSqlGrammarException msg=
### Error querying database.  Cause: org.postgresql.util.PSQLException: ERROR: relation "public.ecos_runtime_audit_retry" does not exist
  位置：256
### The error may exist in com/chinacreator/gzcm/runtime/audit/mapper/AuditRetryMapper.java (best guess)
### The error may involve com.chinacreator.gzcm.runtime.audit.mapper.AuditRetryMapper.listDue-Inline
### The error occurred while setting parameters
### SQL: SELECT id, event_type AS eventType, payload, attempts, next_retry_at AS nextRetryAt, last_error AS lastError, status, trace_id AS traceId, create_time AS createTime, update_time AS updateTime, version_no AS versionNo, is_deleted AS isDeleted, domain FROM public.ecos_runtime_audit_retry WHERE is_deleted = 0 AND status = 'pending' AND next_retry_at <= ? ORDER BY next_retry_at ASC LIMIT ?
### Cause: org.postgresql.util.PSQLException: ERROR: relation "public.ecos_runtime_audit_retry" does not exist
  位置：256
; bad SQL grammar []
2026-09-30 22:15:42.206 [scheduling-1] [] WARN  c.c.g.runtime.audit.AuditRetryTask - [AuditRetry] 到期行拉取失败（表缺失/DB 不可用）errType=BadSqlGrammarException msg=
### Error querying database.  Cause: org.postgresql.util.PSQLException: ERROR: relation "public.ecos_runtime_audit_retry" does not exist
  位置：256
### The error may exist in com/chinacreator/gzcm/runtime/audit/mapper/AuditRetryMapper.java (best guess)
### The error may involve com.chinacreator.gzcm.runtime.audit.mapper.AuditRetryMapper.listDue-Inline
### The error occurred while setting parameters
### SQL: SELECT id, event_type AS eventType, payload, attempts, next_retry_at AS nextRetryAt, last_error AS lastError, status, trace_id AS traceId, create_time AS createTime, update_time AS updateTime, version_no AS versionNo, is_deleted AS isDeleted, domain FROM public.ecos_runtime_audit_retry WHERE is_deleted = 0 AND status = 'pending' AND next_retry_at <= ? ORDER BY next_retry_at ASC LIMIT ?
### Cause: org.postgresql.util.PSQLException: ERROR: relation "public.ecos_runtime_audit_retry" does not exist
  位置：256
; bad SQL grammar []
2026-09-30 22:16:42.223 [scheduling-1] [] WARN  c.c.g.runtime.audit.AuditRetryTask - [AuditRetry] 到期行拉取失败（表缺失/DB 不可用）errType=BadSqlGrammarException msg=
### Error querying database.  Cause: org.postgresql.util.PSQLException: ERROR: relation "public.ecos_runtime_audit_retry" does not exist
  位置：256
### The error may exist in com/chinacreator/gzcm/runtime/audit/mapper/AuditRetryMapper.java (best guess)
### The error may involve com.chinacreator.gzcm.runtime.audit.mapper.AuditRetryMapper.listDue-Inline
### The error occurred while setting parameters
### SQL: SELECT id, event_type AS eventType, payload, attempts, next_retry_at AS nextRetryAt, last_error AS lastError, status, trace_id AS traceId, create_time AS createTime, update_time AS updateTime, version_no AS versionNo, is_deleted AS isDeleted, domain FROM public.ecos_runtime_audit_retry WHERE is_deleted = 0 AND status = 'pending' AND next_retry_at <= ? ORDER BY next_retry_at ASC LIMIT ?
### Cause: org.postgresql.util.PSQLException: ERROR: relation "public.ecos_runtime_audit_retry" does not exist
  位置：256
; bad SQL grammar []
2026-09-30 22:17:03.988 [scheduling-1] [] WARN  c.c.gzcm.runtime.dlq.DltLagChecker - [DltLagChecker] AdminClient 创建失败 errType=KafkaException msg=Failed to create new KafkaAdminClient
2026-09-30 22:17:03.989 [scheduling-1] [] WARN  c.c.gzcm.runtime.dlq.DltLagChecker - [DltLagChecker] AdminClient 不可用（bootstrap=localhost:9092），本轮降级跳过
2026-09-30 22:17:42.239 [scheduling-1] [] WARN  c.c.g.runtime.audit.AuditRetryTask - [AuditRetry] 到期行拉取失败（表缺失/DB 不可用）errType=BadSqlGrammarException msg=
### Error querying database.  Cause: org.postgresql.util.PSQLException: ERROR: relation "public.ecos_runtime_audit_retry" does not exist
  位置：256
### The error may exist in com/chinacreator/gzcm/runtime/audit/mapper/AuditRetryMapper.java (best guess)
### The error may involve com.chinacreator.gzcm.runtime.audit.mapper.AuditRetryMapper.listDue-Inline
### The error occurred while setting parameters
### SQL: SELECT id, event_type AS eventType, payload, attempts, next_retry_at AS nextRetryAt, last_error AS lastError, status, trace_id AS traceId, create_time AS createTime, update_time AS updateTime, version_no AS versionNo, is_deleted AS isDeleted, domain FROM public.ecos_runtime_audit_retry WHERE is_deleted = 0 AND status = 'pending' AND next_retry_at <= ? ORDER BY next_retry_at ASC LIMIT ?
### Cause: org.postgresql.util.PSQLException: ERROR: relation "public.ecos_runtime_audit_retry" does not exist
  位置：256
; bad SQL grammar []
2026-09-30 22:18:42.265 [scheduling-1] [] WARN  c.c.g.runtime.audit.AuditRetryTask - [AuditRetry] 到期行拉取失败（表缺失/DB 不可用）errType=BadSqlGrammarException msg=
### Error querying database.  Cause: org.postgresql.util.PSQLException: ERROR: relation "public.ecos_runtime_audit_retry" does not exist
  位置：256
### The error may exist in com/chinacreator/gzcm/runtime/audit/mapper/AuditRetryMapper.java (best guess)
### The error may involve com.chinacreator.gzcm.runtime.audit.mapper.AuditRetryMapper.listDue-Inline
### The error occurred while setting parameters
### SQL: SELECT id, event_type AS eventType, payload, attempts, next_retry_at AS nextRetryAt, last_error AS lastError, status, trace_id AS traceId, create_time AS createTime, update_time AS updateTime, version_no AS versionNo, is_deleted AS isDeleted, domain FROM public.ecos_runtime_audit_retry WHERE is_deleted = 0 AND status = 'pending' AND next_retry_at <= ? ORDER BY next_retry_at ASC LIMIT ?
### Cause: org.postgresql.util.PSQLException: ERROR: relation "public.ecos_runtime_audit_retry" does not exist
  位置：256
; bad SQL grammar []
2026-09-30 22:19:42.279 [scheduling-1] [] WARN  c.c.g.runtime.audit.AuditRetryTask - [AuditRetry] 到期行拉取失败（表缺失/DB 不可用）errType=BadSqlGrammarException msg=
### Error querying database.  Cause: org.postgresql.util.PSQLException: ERROR: relation "public.ecos_runtime_audit_retry" does not exist
  位置：256
### The error may exist in com/chinacreator/gzcm/runtime/audit/mapper/AuditRetryMapper.java (best guess)
### The error may involve com.chinacreator.gzcm.runtime.audit.mapper.AuditRetryMapper.listDue-Inline
### The error occurred while setting parameters
### SQL: SELECT id, event_type AS eventType, payload, attempts, next_retry_at AS nextRetryAt, last_error AS lastError, status, trace_id AS traceId, create_time AS createTime, update_time AS updateTime, version_no AS versionNo, is_deleted AS isDeleted, domain FROM public.ecos_runtime_audit_retry WHERE is_deleted = 0 AND status = 'pending' AND next_retry_at <= ? ORDER BY next_retry_at ASC LIMIT ?
### Cause: org.postgresql.util.PSQLException: ERROR: relation "public.ecos_runtime_audit_retry" does not exist
  位置：256
; bad SQL grammar []
2026-09-30 22:20:42.291 [scheduling-1] [] WARN  c.c.g.runtime.audit.AuditRetryTask - [AuditRetry] 到期行拉取失败（表缺失/DB 不可用）errType=BadSqlGrammarException msg=
### Error querying database.  Cause: org.postgresql.util.PSQLException: ERROR: relation "public.ecos_runtime_audit_retry" does not exist
  位置：256
### The error may exist in com/chinacreator/gzcm/runtime/audit/mapper/AuditRetryMapper.java (best guess)
### The error may involve com.chinacreator.gzcm.runtime.audit.mapper.AuditRetryMapper.listDue-Inline
### The error occurred while setting parameters
### SQL: SELECT id, event_type AS eventType, payload, attempts, next_retry_at AS nextRetryAt, last_error AS lastError, status, trace_id AS traceId, create_time AS createTime, update_time AS updateTime, version_no AS versionNo, is_deleted AS isDeleted, domain FROM public.ecos_runtime_audit_retry WHERE is_deleted = 0 AND status = 'pending' AND next_retry_at <= ? ORDER BY next_retry_at ASC LIMIT ?
### Cause: org.postgresql.util.PSQLException: ERROR: relation "public.ecos_runtime_audit_retry" does not exist
  位置：256
; bad SQL grammar []
2026-09-30 22:21:42.312 [scheduling-1] [] WARN  c.c.g.runtime.audit.AuditRetryTask - [AuditRetry] 到期行拉取失败（表缺失/DB 不可用）errType=BadSqlGrammarException msg=
### Error querying database.  Cause: org.postgresql.util.PSQLException: ERROR: relation "public.ecos_runtime_audit_retry" does not exist
  位置：256
### The error may exist in com/chinacreator/gzcm/runtime/audit/mapper/AuditRetryMapper.java (best guess)
### The error may involve com.chinacreator.gzcm.runtime.audit.mapper.AuditRetryMapper.listDue-Inline
### The error occurred while setting parameters
### SQL: SELECT id, event_type AS eventType, payload, attempts, next_retry_at AS nextRetryAt, last_error AS lastError, status, trace_id AS traceId, create_time AS createTime, update_time AS updateTime, version_no AS versionNo, is_deleted AS isDeleted, domain FROM public.ecos_runtime_audit_retry WHERE is_deleted = 0 AND status = 'pending' AND next_retry_at <= ? ORDER BY next_retry_at ASC LIMIT ?
### Cause: org.postgresql.util.PSQLException: ERROR: relation "public.ecos_runtime_audit_retry" does not exist
  位置：256
; bad SQL grammar []
2026-09-30 22:22:04.011 [scheduling-1] [] WARN  c.c.gzcm.runtime.dlq.DltLagChecker - [DltLagChecker] AdminClient 创建失败 errType=KafkaException msg=Failed to create new KafkaAdminClient
2026-09-30 22:22:04.011 [scheduling-1] [] WARN  c.c.gzcm.runtime.dlq.DltLagChecker - [DltLagChecker] AdminClient 不可用（bootstrap=localhost:9092），本轮降级跳过
2026-09-30 22:22:42.347 [scheduling-1] [] WARN  c.c.g.runtime.audit.AuditRetryTask - [AuditRetry] 到期行拉取失败（表缺失/DB 不可用）errType=BadSqlGrammarException msg=
### Error querying database.  Cause: org.postgresql.util.PSQLException: ERROR: relation "public.ecos_runtime_audit_retry" does not exist
  位置：256
### The error may exist in com/chinacreator/gzcm/runtime/audit/mapper/AuditRetryMapper.java (best guess)
### The error may involve com.chinacreator.gzcm.runtime.audit.mapper.AuditRetryMapper.listDue-Inline
### The error occurred while setting parameters
### SQL: SELECT id, event_type AS eventType, payload, attempts, next_retry_at AS nextRetryAt, last_error AS lastError, status, trace_id AS traceId, create_time AS createTime, update_time AS updateTime, version_no AS versionNo, is_deleted AS isDeleted, domain FROM public.ecos_runtime_audit_retry WHERE is_deleted = 0 AND status = 'pending' AND next_retry_at <= ? ORDER BY next_retry_at ASC LIMIT ?
### Cause: org.postgresql.util.PSQLException: ERROR: relation "public.ecos_runtime_audit_retry" does not exist
  位置：256
; bad SQL grammar []
2026-09-30 22:23:42.381 [scheduling-1] [] WARN  c.c.g.runtime.audit.AuditRetryTask - [AuditRetry] 到期行拉取失败（表缺失/DB 不可用）errType=BadSqlGrammarException msg=
### Error querying database.  Cause: org.postgresql.util.PSQLException: ERROR: relation "public.ecos_runtime_audit_retry" does not exist
  位置：256
### The error may exist in com/chinacreator/gzcm/runtime/audit/mapper/AuditRetryMapper.java (best guess)
### The error may involve com.chinacreator.gzcm.runtime.audit.mapper.AuditRetryMapper.listDue-Inline
### The error occurred while setting parameters
### SQL: SELECT id, event_type AS eventType, payload, attempts, next_retry_at AS nextRetryAt, last_error AS lastError, status, trace_id AS traceId, create_time AS createTime, update_time AS updateTime, version_no AS versionNo, is_deleted AS isDeleted, domain FROM public.ecos_runtime_audit_retry WHERE is_deleted = 0 AND status = 'pending' AND next_retry_at <= ? ORDER BY next_retry_at ASC LIMIT ?
### Cause: org.postgresql.util.PSQLException: ERROR: relation "public.ecos_runtime_audit_retry" does not exist
  位置：256
; bad SQL grammar []
2026-09-30 22:24:42.399 [scheduling-1] [] WARN  c.c.g.runtime.audit.AuditRetryTask - [AuditRetry] 到期行拉取失败（表缺失/DB 不可用）errType=BadSqlGrammarException msg=
### Error querying database.  Cause: org.postgresql.util.PSQLException: ERROR: relation "public.ecos_runtime_audit_retry" does not exist
  位置：256
### The error may exist in com/chinacreator/gzcm/runtime/audit/mapper/AuditRetryMapper.java (best guess)
### The error may involve com.chinacreator.gzcm.runtime.audit.mapper.AuditRetryMapper.listDue-Inline
### The error occurred while setting parameters
### SQL: SELECT id, event_type AS eventType, payload, attempts, next_retry_at AS nextRetryAt, last_error AS lastError, status, trace_id AS traceId, create_time AS createTime, update_time AS updateTime, version_no AS versionNo, is_deleted AS isDeleted, domain FROM public.ecos_runtime_audit_retry WHERE is_deleted = 0 AND status = 'pending' AND next_retry_at <= ? ORDER BY next_retry_at ASC LIMIT ?
### Cause: org.postgresql.util.PSQLException: ERROR: relation "public.ecos_runtime_audit_retry" does not exist
  位置：256
; bad SQL grammar []
2026-09-30 22:25:42.425 [scheduling-1] [] WARN  c.c.g.runtime.audit.AuditRetryTask - [AuditRetry] 到期行拉取失败（表缺失/DB 不可用）errType=BadSqlGrammarException msg=
### Error querying database.  Cause: org.postgresql.util.PSQLException: ERROR: relation "public.ecos_runtime_audit_retry" does not exist
  位置：256
### The error may exist in com/chinacreator/gzcm/runtime/audit/mapper/AuditRetryMapper.java (best guess)
### The error may involve com.chinacreator.gzcm.runtime.audit.mapper.AuditRetryMapper.listDue-Inline
### The error occurred while setting parameters
### SQL: SELECT id, event_type AS eventType, payload, attempts, next_retry_at AS nextRetryAt, last_error AS lastError, status, trace_id AS traceId, create_time AS createTime, update_time AS updateTime, version_no AS versionNo, is_deleted AS isDeleted, domain FROM public.ecos_runtime_audit_retry WHERE is_deleted = 0 AND status = 'pending' AND next_retry_at <= ? ORDER BY next_retry_at ASC LIMIT ?
### Cause: org.postgresql.util.PSQLException: ERROR: relation "public.ecos_runtime_audit_retry" does not exist
  位置：256
; bad SQL grammar []
2026-09-30 22:26:42.448 [scheduling-1] [] WARN  c.c.g.runtime.audit.AuditRetryTask - [AuditRetry] 到期行拉取失败（表缺失/DB 不可用）errType=BadSqlGrammarException msg=
### Error querying database.  Cause: org.postgresql.util.PSQLException: ERROR: relation "public.ecos_runtime_audit_retry" does not exist
  位置：256
### The error may exist in com/chinacreator/gzcm/runtime/audit/mapper/AuditRetryMapper.java (best guess)
### The error may involve com.chinacreator.gzcm.runtime.audit.mapper.AuditRetryMapper.listDue-Inline
### The error occurred while setting parameters
### SQL: SELECT id, event_type AS eventType, payload, attempts, next_retry_at AS nextRetryAt, last_error AS lastError, status, trace_id AS traceId, create_time AS createTime, update_time AS updateTime, version_no AS versionNo, is_deleted AS isDeleted, domain FROM public.ecos_runtime_audit_retry WHERE is_deleted = 0 AND status = 'pending' AND next_retry_at <= ? ORDER BY next_retry_at ASC LIMIT ?
### Cause: org.postgresql.util.PSQLException: ERROR: relation "public.ecos_runtime_audit_retry" does not exist
  位置：256
; bad SQL grammar []
2026-09-30 22:27:04.048 [scheduling-1] [] WARN  c.c.gzcm.runtime.dlq.DltLagChecker - [DltLagChecker] AdminClient 创建失败 errType=KafkaException msg=Failed to create new KafkaAdminClient
2026-09-30 22:27:04.052 [scheduling-1] [] WARN  c.c.gzcm.runtime.dlq.DltLagChecker - [DltLagChecker] AdminClient 不可用（bootstrap=localhost:9092），本轮降级跳过
2026-09-30 22:27:42.464 [scheduling-1] [] WARN  c.c.g.runtime.audit.AuditRetryTask - [AuditRetry] 到期行拉取失败（表缺失/DB 不可用）errType=BadSqlGrammarException msg=
### Error querying database.  Cause: org.postgresql.util.PSQLException: ERROR: relation "public.ecos_runtime_audit_retry" does not exist
  位置：256
### The error may exist in com/chinacreator/gzcm/runtime/audit/mapper/AuditRetryMapper.java (best guess)
### The error may involve com.chinacreator.gzcm.runtime.audit.mapper.AuditRetryMapper.listDue-Inline
### The error occurred while setting parameters
### SQL: SELECT id, event_type AS eventType, payload, attempts, next_retry_at AS nextRetryAt, last_error AS lastError, status, trace_id AS traceId, create_time AS createTime, update_time AS updateTime, version_no AS versionNo, is_deleted AS isDeleted, domain FROM public.ecos_runtime_audit_retry WHERE is_deleted = 0 AND status = 'pending' AND next_retry_at <= ? ORDER BY next_retry_at ASC LIMIT ?
### Cause: org.postgresql.util.PSQLException: ERROR: relation "public.ecos_runtime_audit_retry" does not exist
  位置：256
; bad SQL grammar []
2026-09-30 22:28:42.523 [scheduling-1] [] WARN  c.c.g.runtime.audit.AuditRetryTask - [AuditRetry] 到期行拉取失败（表缺失/DB 不可用）errType=BadSqlGrammarException msg=
### Error querying database.  Cause: org.postgresql.util.PSQLException: ERROR: relation "public.ecos_runtime_audit_retry" does not exist
  位置：256
### The error may exist in com/chinacreator/gzcm/runtime/audit/mapper/AuditRetryMapper.java (best guess)
### The error may involve com.chinacreator.gzcm.runtime.audit.mapper.AuditRetryMapper.listDue-Inline
### The error occurred while setting parameters
### SQL: SELECT id, event_type AS eventType, payload, attempts, next_retry_at AS nextRetryAt, last_error AS lastError, status, trace_id AS traceId, create_time AS createTime, update_time AS updateTime, version_no AS versionNo, is_deleted AS isDeleted, domain FROM public.ecos_runtime_audit_retry WHERE is_deleted = 0 AND status = 'pending' AND next_retry_at <= ? ORDER BY next_retry_at ASC LIMIT ?
### Cause: org.postgresql.util.PSQLException: ERROR: relation "public.ecos_runtime_audit_retry" does not exist
  位置：256
; bad SQL grammar []
2026-09-30 22:29:42.544 [scheduling-1] [] WARN  c.c.g.runtime.audit.AuditRetryTask - [AuditRetry] 到期行拉取失败（表缺失/DB 不可用）errType=BadSqlGrammarException msg=
### Error querying database.  Cause: org.postgresql.util.PSQLException: ERROR: relation "public.ecos_runtime_audit_retry" does not exist
  位置：256
### The error may exist in com/chinacreator/gzcm/runtime/audit/mapper/AuditRetryMapper.java (best guess)
### The error may involve com.chinacreator.gzcm.runtime.audit.mapper.AuditRetryMapper.listDue-Inline
### The error occurred while setting parameters
### SQL: SELECT id, event_type AS eventType, payload, attempts, next_retry_at AS nextRetryAt, last_error AS lastError, status, trace_id AS traceId, create_time AS createTime, update_time AS updateTime, version_no AS versionNo, is_deleted AS isDeleted, domain FROM public.ecos_runtime_audit_retry WHERE is_deleted = 0 AND status = 'pending' AND next_retry_at <= ? ORDER BY next_retry_at ASC LIMIT ?
### Cause: org.postgresql.util.PSQLException: ERROR: relation "public.ecos_runtime_audit_retry" does not exist
  位置：256
; bad SQL grammar []
2026-09-30 22:30:42.565 [scheduling-1] [] WARN  c.c.g.runtime.audit.AuditRetryTask - [AuditRetry] 到期行拉取失败（表缺失/DB 不可用）errType=BadSqlGrammarException msg=
### Error querying database.  Cause: org.postgresql.util.PSQLException: ERROR: relation "public.ecos_runtime_audit_retry" does not exist
  位置：256
### The error may exist in com/chinacreator/gzcm/runtime/audit/mapper/AuditRetryMapper.java (best guess)
### The error may involve com.chinacreator.gzcm.runtime.audit.mapper.AuditRetryMapper.listDue-Inline
### The error occurred while setting parameters
### SQL: SELECT id, event_type AS eventType, payload, attempts, next_retry_at AS nextRetryAt, last_error AS lastError, status, trace_id AS traceId, create_time AS createTime, update_time AS updateTime, version_no AS versionNo, is_deleted AS isDeleted, domain FROM public.ecos_runtime_audit_retry WHERE is_deleted = 0 AND status = 'pending' AND next_retry_at <= ? ORDER BY next_retry_at ASC LIMIT ?
### Cause: org.postgresql.util.PSQLException: ERROR: relation "public.ecos_runtime_audit_retry" does not exist
  位置：256
; bad SQL grammar []
2026-09-30 22:31:42.593 [scheduling-1] [] WARN  c.c.g.runtime.audit.AuditRetryTask - [AuditRetry] 到期行拉取失败（表缺失/DB 不可用）errType=BadSqlGrammarException msg=
### Error querying database.  Cause: org.postgresql.util.PSQLException: ERROR: relation "public.ecos_runtime_audit_retry" does not exist
  位置：256
### The error may exist in com/chinacreator/gzcm/runtime/audit/mapper/AuditRetryMapper.java (best guess)
### The error may involve com.chinacreator.gzcm.runtime.audit.mapper.AuditRetryMapper.listDue-Inline
### The error occurred while setting parameters
### SQL: SELECT id, event_type AS eventType, payload, attempts, next_retry_at AS nextRetryAt, last_error AS lastError, status, trace_id AS traceId, create_time AS createTime, update_time AS updateTime, version_no AS versionNo, is_deleted AS isDeleted, domain FROM public.ecos_runtime_audit_retry WHERE is_deleted = 0 AND status = 'pending' AND next_retry_at <= ? ORDER BY next_retry_at ASC LIMIT ?
### Cause: org.postgresql.util.PSQLException: ERROR: relation "public.ecos_runtime_audit_retry" does not exist
  位置：256
; bad SQL grammar []
2026-09-30 22:32:04.091 [scheduling-1] [] WARN  c.c.gzcm.runtime.dlq.DltLagChecker - [DltLagChecker] AdminClient 创建失败 errType=KafkaException msg=Failed to create new KafkaAdminClient
2026-09-30 22:32:04.094 [scheduling-1] [] WARN  c.c.gzcm.runtime.dlq.DltLagChecker - [DltLagChecker] AdminClient 不可用（bootstrap=localhost:9092），本轮降级跳过
2026-09-30 22:32:42.609 [scheduling-1] [] WARN  c.c.g.runtime.audit.AuditRetryTask - [AuditRetry] 到期行拉取失败（表缺失/DB 不可用）errType=BadSqlGrammarException msg=
### Error querying database.  Cause: org.postgresql.util.PSQLException: ERROR: relation "public.ecos_runtime_audit_retry" does not exist
  位置：256
### The error may exist in com/chinacreator/gzcm/runtime/audit/mapper/AuditRetryMapper.java (best guess)
### The error may involve com.chinacreator.gzcm.runtime.audit.mapper.AuditRetryMapper.listDue-Inline
### The error occurred while setting parameters
### SQL: SELECT id, event_type AS eventType, payload, attempts, next_retry_at AS nextRetryAt, last_error AS lastError, status, trace_id AS traceId, create_time AS createTime, update_time AS updateTime, version_no AS versionNo, is_deleted AS isDeleted, domain FROM public.ecos_runtime_audit_retry WHERE is_deleted = 0 AND status = 'pending' AND next_retry_at <= ? ORDER BY next_retry_at ASC LIMIT ?
### Cause: org.postgresql.util.PSQLException: ERROR: relation "public.ecos_runtime_audit_retry" does not exist
  位置：256
; bad SQL grammar []
2026-09-30 22:33:42.634 [scheduling-1] [] WARN  c.c.g.runtime.audit.AuditRetryTask - [AuditRetry] 到期行拉取失败（表缺失/DB 不可用）errType=BadSqlGrammarException msg=
### Error querying database.  Cause: org.postgresql.util.PSQLException: ERROR: relation "public.ecos_runtime_audit_retry" does not exist
  位置：256
### The error may exist in com/chinacreator/gzcm/runtime/audit/mapper/AuditRetryMapper.java (best guess)
### The error may involve com.chinacreator.gzcm.runtime.audit.mapper.AuditRetryMapper.listDue-Inline
### The error occurred while setting parameters
### SQL: SELECT id, event_type AS eventType, payload, attempts, next_retry_at AS nextRetryAt, last_error AS lastError, status, trace_id AS traceId, create_time AS createTime, update_time AS updateTime, version_no AS versionNo, is_deleted AS isDeleted, domain FROM public.ecos_runtime_audit_retry WHERE is_deleted = 0 AND status = 'pending' AND next_retry_at <= ? ORDER BY next_retry_at ASC LIMIT ?
### Cause: org.postgresql.util.PSQLException: ERROR: relation "public.ecos_runtime_audit_retry" does not exist
  位置：256
; bad SQL grammar []
2026-09-30 22:34:42.647 [scheduling-1] [] WARN  c.c.g.runtime.audit.AuditRetryTask - [AuditRetry] 到期行拉取失败（表缺失/DB 不可用）errType=BadSqlGrammarException msg=
### Error querying database.  Cause: org.postgresql.util.PSQLException: ERROR: relation "public.ecos_runtime_audit_retry" does not exist
  位置：256
### The error may exist in com/chinacreator/gzcm/runtime/audit/mapper/AuditRetryMapper.java (best guess)
### The error may involve com.chinacreator.gzcm.runtime.audit.mapper.AuditRetryMapper.listDue-Inline
### The error occurred while setting parameters
### SQL: SELECT id, event_type AS eventType, payload, attempts, next_retry_at AS nextRetryAt, last_error AS lastError, status, trace_id AS traceId, create_time AS createTime, update_time AS updateTime, version_no AS versionNo, is_deleted AS isDeleted, domain FROM public.ecos_runtime_audit_retry WHERE is_deleted = 0 AND status = 'pending' AND next_retry_at <= ? ORDER BY next_retry_at ASC LIMIT ?
### Cause: org.postgresql.util.PSQLException: ERROR: relation "public.ecos_runtime_audit_retry" does not exist
  位置：256
; bad SQL grammar []
2026-09-30 22:35:42.664 [scheduling-1] [] WARN  c.c.g.runtime.audit.AuditRetryTask - [AuditRetry] 到期行拉取失败（表缺失/DB 不可用）errType=BadSqlGrammarException msg=
### Error querying database.  Cause: org.postgresql.util.PSQLException: ERROR: relation "public.ecos_runtime_audit_retry" does not exist
  位置：256
### The error may exist in com/chinacreator/gzcm/runtime/audit/mapper/AuditRetryMapper.java (best guess)
### The error may involve com.chinacreator.gzcm.runtime.audit.mapper.AuditRetryMapper.listDue-Inline
### The error occurred while setting parameters
### SQL: SELECT id, event_type AS eventType, payload, attempts, next_retry_at AS nextRetryAt, last_error AS lastError, status, trace_id AS traceId, create_time AS createTime, update_time AS updateTime, version_no AS versionNo, is_deleted AS isDeleted, domain FROM public.ecos_runtime_audit_retry WHERE is_deleted = 0 AND status = 'pending' AND next_retry_at <= ? ORDER BY next_retry_at ASC LIMIT ?
### Cause: org.postgresql.util.PSQLException: ERROR: relation "public.ecos_runtime_audit_retry" does not exist
  位置：256
; bad SQL grammar []
2026-09-30 22:36:42.695 [scheduling-1] [] WARN  c.c.g.runtime.audit.AuditRetryTask - [AuditRetry] 到期行拉取失败（表缺失/DB 不可用）errType=BadSqlGrammarException msg=
### Error querying database.  Cause: org.postgresql.util.PSQLException: ERROR: relation "public.ecos_runtime_audit_retry" does not exist
  位置：256
### The error may exist in com/chinacreator/gzcm/runtime/audit/mapper/AuditRetryMapper.java (best guess)
### The error may involve com.chinacreator.gzcm.runtime.audit.mapper.AuditRetryMapper.listDue-Inline
### The error occurred while setting parameters
### SQL: SELECT id, event_type AS eventType, payload, attempts, next_retry_at AS nextRetryAt, last_error AS lastError, status, trace_id AS traceId, create_time AS createTime, update_time AS updateTime, version_no AS versionNo, is_deleted AS isDeleted, domain FROM public.ecos_runtime_audit_retry WHERE is_deleted = 0 AND status = 'pending' AND next_retry_at <= ? ORDER BY next_retry_at ASC LIMIT ?
### Cause: org.postgresql.util.PSQLException: ERROR: relation "public.ecos_runtime_audit_retry" does not exist
  位置：256
; bad SQL grammar []
2026-09-30 22:37:04.158 [scheduling-1] [] WARN  c.c.gzcm.runtime.dlq.DltLagChecker - [DltLagChecker] AdminClient 创建失败 errType=KafkaException msg=Failed to create new KafkaAdminClient
2026-09-30 22:37:04.161 [scheduling-1] [] WARN  c.c.gzcm.runtime.dlq.DltLagChecker - [DltLagChecker] AdminClient 不可用（bootstrap=localhost:9092），本轮降级跳过
2026-09-30 22:37:42.715 [scheduling-1] [] WARN  c.c.g.runtime.audit.AuditRetryTask - [AuditRetry] 到期行拉取失败（表缺失/DB 不可用）errType=BadSqlGrammarException msg=
### Error querying database.  Cause: org.postgresql.util.PSQLException: ERROR: relation "public.ecos_runtime_audit_retry" does not exist
  位置：256
### The error may exist in com/chinacreator/gzcm/runtime/audit/mapper/AuditRetryMapper.java (best guess)
### The error may involve com.chinacreator.gzcm.runtime.audit.mapper.AuditRetryMapper.listDue-Inline
### The error occurred while setting parameters
### SQL: SELECT id, event_type AS eventType, payload, attempts, next_retry_at AS nextRetryAt, last_error AS lastError, status, trace_id AS traceId, create_time AS createTime, update_time AS updateTime, version_no AS versionNo, is_deleted AS isDeleted, domain FROM public.ecos_runtime_audit_retry WHERE is_deleted = 0 AND status = 'pending' AND next_retry_at <= ? ORDER BY next_retry_at ASC LIMIT ?
### Cause: org.postgresql.util.PSQLException: ERROR: relation "public.ecos_runtime_audit_retry" does not exist
  位置：256
; bad SQL grammar []
2026-09-30 22:38:42.734 [scheduling-1] [] WARN  c.c.g.runtime.audit.AuditRetryTask - [AuditRetry] 到期行拉取失败（表缺失/DB 不可用）errType=BadSqlGrammarException msg=
### Error querying database.  Cause: org.postgresql.util.PSQLException: ERROR: relation "public.ecos_runtime_audit_retry" does not exist
  位置：256
### The error may exist in com/chinacreator/gzcm/runtime/audit/mapper/AuditRetryMapper.java (best guess)
### The error may involve com.chinacreator.gzcm.runtime.audit.mapper.AuditRetryMapper.listDue-Inline
### The error occurred while setting parameters
### SQL: SELECT id, event_type AS eventType, payload, attempts, next_retry_at AS nextRetryAt, last_error AS lastError, status, trace_id AS traceId, create_time AS createTime, update_time AS updateTime, version_no AS versionNo, is_deleted AS isDeleted, domain FROM public.ecos_runtime_audit_retry WHERE is_deleted = 0 AND status = 'pending' AND next_retry_at <= ? ORDER BY next_retry_at ASC LIMIT ?
### Cause: org.postgresql.util.PSQLException: ERROR: relation "public.ecos_runtime_audit_retry" does not exist
  位置：256
; bad SQL grammar []
2026-09-30 22:39:42.747 [scheduling-1] [] WARN  c.c.g.runtime.audit.AuditRetryTask - [AuditRetry] 到期行拉取失败（表缺失/DB 不可用）errType=BadSqlGrammarException msg=
### Error querying database.  Cause: org.postgresql.util.PSQLException: ERROR: relation "public.ecos_runtime_audit_retry" does not exist
  位置：256
### The error may exist in com/chinacreator/gzcm/runtime/audit/mapper/AuditRetryMapper.java (best guess)
### The error may involve com.chinacreator.gzcm.runtime.audit.mapper.AuditRetryMapper.listDue-Inline
### The error occurred while setting parameters
### SQL: SELECT id, event_type AS eventType, payload, attempts, next_retry_at AS nextRetryAt, last_error AS lastError, status, trace_id AS traceId, create_time AS createTime, update_time AS updateTime, version_no AS versionNo, is_deleted AS isDeleted, domain FROM public.ecos_runtime_audit_retry WHERE is_deleted = 0 AND status = 'pending' AND next_retry_at <= ? ORDER BY next_retry_at ASC LIMIT ?
### Cause: org.postgresql.util.PSQLException: ERROR: relation "public.ecos_runtime_audit_retry" does not exist
  位置：256
; bad SQL grammar []
2026-09-30 22:40:42.767 [scheduling-1] [] WARN  c.c.g.runtime.audit.AuditRetryTask - [AuditRetry] 到期行拉取失败（表缺失/DB 不可用）errType=BadSqlGrammarException msg=
### Error querying database.  Cause: org.postgresql.util.PSQLException: ERROR: relation "public.ecos_runtime_audit_retry" does not exist
  位置：256
### The error may exist in com/chinacreator/gzcm/runtime/audit/mapper/AuditRetryMapper.java (best guess)
### The error may involve com.chinacreator.gzcm.runtime.audit.mapper.AuditRetryMapper.listDue-Inline
### The error occurred while setting parameters
### SQL: SELECT id, event_type AS eventType, payload, attempts, next_retry_at AS nextRetryAt, last_error AS lastError, status, trace_id AS traceId, create_time AS createTime, update_time AS updateTime, version_no AS versionNo, is_deleted AS isDeleted, domain FROM public.ecos_runtime_audit_retry WHERE is_deleted = 0 AND status = 'pending' AND next_retry_at <= ? ORDER BY next_retry_at ASC LIMIT ?
### Cause: org.postgresql.util.PSQLException: ERROR: relation "public.ecos_runtime_audit_retry" does not exist
  位置：256
; bad SQL grammar []
2026-09-30 22:41:42.788 [scheduling-1] [] WARN  c.c.g.runtime.audit.AuditRetryTask - [AuditRetry] 到期行拉取失败（表缺失/DB 不可用）errType=BadSqlGrammarException msg=
### Error querying database.  Cause: org.postgresql.util.PSQLException: ERROR: relation "public.ecos_runtime_audit_retry" does not exist
  位置：256
### The error may exist in com/chinacreator/gzcm/runtime/audit/mapper/AuditRetryMapper.java (best guess)
### The error may involve com.chinacreator.gzcm.runtime.audit.mapper.AuditRetryMapper.listDue-Inline
### The error occurred while setting parameters
### SQL: SELECT id, event_type AS eventType, payload, attempts, next_retry_at AS nextRetryAt, last_error AS lastError, status, trace_id AS traceId, create_time AS createTime, update_time AS updateTime, version_no AS versionNo, is_deleted AS isDeleted, domain FROM public.ecos_runtime_audit_retry WHERE is_deleted = 0 AND status = 'pending' AND next_retry_at <= ? ORDER BY next_retry_at ASC LIMIT ?
### Cause: org.postgresql.util.PSQLException: ERROR: relation "public.ecos_runtime_audit_retry" does not exist
  位置：256
; bad SQL grammar []
2026-09-30 22:42:04.340 [scheduling-1] [] WARN  c.c.gzcm.runtime.dlq.DltLagChecker - [DltLagChecker] AdminClient 创建失败 errType=KafkaException msg=Failed to create new KafkaAdminClient
2026-09-30 22:42:04.353 [scheduling-1] [] WARN  c.c.gzcm.runtime.dlq.DltLagChecker - [DltLagChecker] AdminClient 不可用（bootstrap=localhost:9092），本轮降级跳过
2026-09-30 22:42:42.799 [scheduling-1] [] WARN  c.c.g.runtime.audit.AuditRetryTask - [AuditRetry] 到期行拉取失败（表缺失/DB 不可用）errType=BadSqlGrammarException msg=
### Error querying database.  Cause: org.postgresql.util.PSQLException: ERROR: relation "public.ecos_runtime_audit_retry" does not exist
  位置：256
### The error may exist in com/chinacreator/gzcm/runtime/audit/mapper/AuditRetryMapper.java (best guess)
### The error may involve com.chinacreator.gzcm.runtime.audit.mapper.AuditRetryMapper.listDue-Inline
### The error occurred while setting parameters
### SQL: SELECT id, event_type AS eventType, payload, attempts, next_retry_at AS nextRetryAt, last_error AS lastError, status, trace_id AS traceId, create_time AS createTime, update_time AS updateTime, version_no AS versionNo, is_deleted AS isDeleted, domain FROM public.ecos_runtime_audit_retry WHERE is_deleted = 0 AND status = 'pending' AND next_retry_at <= ? ORDER BY next_retry_at ASC LIMIT ?
### Cause: org.postgresql.util.PSQLException: ERROR: relation "public.ecos_runtime_audit_retry" does not exist
  位置：256
; bad SQL grammar []
2026-09-30 22:43:42.852 [scheduling-1] [] WARN  c.c.g.runtime.audit.AuditRetryTask - [AuditRetry] 到期行拉取失败（表缺失/DB 不可用）errType=BadSqlGrammarException msg=
### Error querying database.  Cause: org.postgresql.util.PSQLException: ERROR: relation "public.ecos_runtime_audit_retry" does not exist
  位置：256
### The error may exist in com/chinacreator/gzcm/runtime/audit/mapper/AuditRetryMapper.java (best guess)
### The error may involve com.chinacreator.gzcm.runtime.audit.mapper.AuditRetryMapper.listDue-Inline
### The error occurred while setting parameters
### SQL: SELECT id, event_type AS eventType, payload, attempts, next_retry_at AS nextRetryAt, last_error AS lastError, status, trace_id AS traceId, create_time AS createTime, update_time AS updateTime, version_no AS versionNo, is_deleted AS isDeleted, domain FROM public.ecos_runtime_audit_retry WHERE is_deleted = 0 AND status = 'pending' AND next_retry_at <= ? ORDER BY next_retry_at ASC LIMIT ?
### Cause: org.postgresql.util.PSQLException: ERROR: relation "public.ecos_runtime_audit_retry" does not exist
  位置：256
; bad SQL grammar []
2026-09-30 22:44:42.893 [scheduling-1] [] WARN  c.c.g.runtime.audit.AuditRetryTask - [AuditRetry] 到期行拉取失败（表缺失/DB 不可用）errType=BadSqlGrammarException msg=
### Error querying database.  Cause: org.postgresql.util.PSQLException: ERROR: relation "public.ecos_runtime_audit_retry" does not exist
  位置：256
### The error may exist in com/chinacreator/gzcm/runtime/audit/mapper/AuditRetryMapper.java (best guess)
### The error may involve com.chinacreator.gzcm.runtime.audit.mapper.AuditRetryMapper.listDue-Inline
### The error occurred while setting parameters
### SQL: SELECT id, event_type AS eventType, payload, attempts, next_retry_at AS nextRetryAt, last_error AS lastError, status, trace_id AS traceId, create_time AS createTime, update_time AS updateTime, version_no AS versionNo, is_deleted AS isDeleted, domain FROM public.ecos_runtime_audit_retry WHERE is_deleted = 0 AND status = 'pending' AND next_retry_at <= ? ORDER BY next_retry_at ASC LIMIT ?
### Cause: org.postgresql.util.PSQLException: ERROR: relation "public.ecos_runtime_audit_retry" does not exist
  位置：256
; bad SQL grammar []
2026-09-30 22:45:42.906 [scheduling-1] [] WARN  c.c.g.runtime.audit.AuditRetryTask - [AuditRetry] 到期行拉取失败（表缺失/DB 不可用）errType=BadSqlGrammarException msg=
### Error querying database.  Cause: org.postgresql.util.PSQLException: ERROR: relation "public.ecos_runtime_audit_retry" does not exist
  位置：256
### The error may exist in com/chinacreator/gzcm/runtime/audit/mapper/AuditRetryMapper.java (best guess)
### The error may involve com.chinacreator.gzcm.runtime.audit.mapper.AuditRetryMapper.listDue-Inline
### The error occurred while setting parameters
### SQL: SELECT id, event_type AS eventType, payload, attempts, next_retry_at AS nextRetryAt, last_error AS lastError, status, trace_id AS traceId, create_time AS createTime, update_time AS updateTime, version_no AS versionNo, is_deleted AS isDeleted, domain FROM public.ecos_runtime_audit_retry WHERE is_deleted = 0 AND status = 'pending' AND next_retry_at <= ? ORDER BY next_retry_at ASC LIMIT ?
### Cause: org.postgresql.util.PSQLException: ERROR: relation "public.ecos_runtime_audit_retry" does not exist
  位置：256
; bad SQL grammar []
2026-09-30 22:46:42.927 [scheduling-1] [] WARN  c.c.g.runtime.audit.AuditRetryTask - [AuditRetry] 到期行拉取失败（表缺失/DB 不可用）errType=BadSqlGrammarException msg=
### Error querying database.  Cause: org.postgresql.util.PSQLException: ERROR: relation "public.ecos_runtime_audit_retry" does not exist
  位置：256
### The error may exist in com/chinacreator/gzcm/runtime/audit/mapper/AuditRetryMapper.java (best guess)
### The error may involve com.chinacreator.gzcm.runtime.audit.mapper.AuditRetryMapper.listDue-Inline
### The error occurred while setting parameters
### SQL: SELECT id, event_type AS eventType, payload, attempts, next_retry_at AS nextRetryAt, last_error AS lastError, status, trace_id AS traceId, create_time AS createTime, update_time AS updateTime, version_no AS versionNo, is_deleted AS isDeleted, domain FROM public.ecos_runtime_audit_retry WHERE is_deleted = 0 AND status = 'pending' AND next_retry_at <= ? ORDER BY next_retry_at ASC LIMIT ?
### Cause: org.postgresql.util.PSQLException: ERROR: relation "public.ecos_runtime_audit_retry" does not exist
  位置：256
; bad SQL grammar []
2026-09-30 22:47:04.376 [scheduling-1] [] WARN  c.c.gzcm.runtime.dlq.DltLagChecker - [DltLagChecker] AdminClient 创建失败 errType=KafkaException msg=Failed to create new KafkaAdminClient
2026-09-30 22:47:04.378 [scheduling-1] [] WARN  c.c.gzcm.runtime.dlq.DltLagChecker - [DltLagChecker] AdminClient 不可用（bootstrap=localhost:9092），本轮降级跳过
2026-09-30 22:47:42.976 [scheduling-1] [] WARN  c.c.g.runtime.audit.AuditRetryTask - [AuditRetry] 到期行拉取失败（表缺失/DB 不可用）errType=BadSqlGrammarException msg=
### Error querying database.  Cause: org.postgresql.util.PSQLException: ERROR: relation "public.ecos_runtime_audit_retry" does not exist
  位置：256
### The error may exist in com/chinacreator/gzcm/runtime/audit/mapper/AuditRetryMapper.java (best guess)
### The error may involve com.chinacreator.gzcm.runtime.audit.mapper.AuditRetryMapper.listDue-Inline
### The error occurred while setting parameters
### SQL: SELECT id, event_type AS eventType, payload, attempts, next_retry_at AS nextRetryAt, last_error AS lastError, status, trace_id AS traceId, create_time AS createTime, update_time AS updateTime, version_no AS versionNo, is_deleted AS isDeleted, domain FROM public.ecos_runtime_audit_retry WHERE is_deleted = 0 AND status = 'pending' AND next_retry_at <= ? ORDER BY next_retry_at ASC LIMIT ?
### Cause: org.postgresql.util.PSQLException: ERROR: relation "public.ecos_runtime_audit_retry" does not exist
  位置：256
; bad SQL grammar []
2026-09-30 22:48:42.994 [scheduling-1] [] WARN  c.c.g.runtime.audit.AuditRetryTask - [AuditRetry] 到期行拉取失败（表缺失/DB 不可用）errType=BadSqlGrammarException msg=
### Error querying database.  Cause: org.postgresql.util.PSQLException: ERROR: relation "public.ecos_runtime_audit_retry" does not exist
  位置：256
### The error may exist in com/chinacreator/gzcm/runtime/audit/mapper/AuditRetryMapper.java (best guess)
### The error may involve com.chinacreator.gzcm.runtime.audit.mapper.AuditRetryMapper.listDue-Inline
### The error occurred while setting parameters
### SQL: SELECT id, event_type AS eventType, payload, attempts, next_retry_at AS nextRetryAt, last_error AS lastError, status, trace_id AS traceId, create_time AS createTime, update_time AS updateTime, version_no AS versionNo, is_deleted AS isDeleted, domain FROM public.ecos_runtime_audit_retry WHERE is_deleted = 0 AND status = 'pending' AND next_retry_at <= ? ORDER BY next_retry_at ASC LIMIT ?
### Cause: org.postgresql.util.PSQLException: ERROR: relation "public.ecos_runtime_audit_retry" does not exist
  位置：256
; bad SQL grammar []
2026-09-30 22:49:43.011 [scheduling-1] [] WARN  c.c.g.runtime.audit.AuditRetryTask - [AuditRetry] 到期行拉取失败（表缺失/DB 不可用）errType=BadSqlGrammarException msg=
### Error querying database.  Cause: org.postgresql.util.PSQLException: ERROR: relation "public.ecos_runtime_audit_retry" does not exist
  位置：256
### The error may exist in com/chinacreator/gzcm/runtime/audit/mapper/AuditRetryMapper.java (best guess)
### The error may involve com.chinacreator.gzcm.runtime.audit.mapper.AuditRetryMapper.listDue-Inline
### The error occurred while setting parameters
### SQL: SELECT id, event_type AS eventType, payload, attempts, next_retry_at AS nextRetryAt, last_error AS lastError, status, trace_id AS traceId, create_time AS createTime, update_time AS updateTime, version_no AS versionNo, is_deleted AS isDeleted, domain FROM public.ecos_runtime_audit_retry WHERE is_deleted = 0 AND status = 'pending' AND next_retry_at <= ? ORDER BY next_retry_at ASC LIMIT ?
### Cause: org.postgresql.util.PSQLException: ERROR: relation "public.ecos_runtime_audit_retry" does not exist
  位置：256
; bad SQL grammar []
2026-09-30 22:50:43.027 [scheduling-1] [] WARN  c.c.g.runtime.audit.AuditRetryTask - [AuditRetry] 到期行拉取失败（表缺失/DB 不可用）errType=BadSqlGrammarException msg=
### Error querying database.  Cause: org.postgresql.util.PSQLException: ERROR: relation "public.ecos_runtime_audit_retry" does not exist
  位置：256
### The error may exist in com/chinacreator/gzcm/runtime/audit/mapper/AuditRetryMapper.java (best guess)
### The error may involve com.chinacreator.gzcm.runtime.audit.mapper.AuditRetryMapper.listDue-Inline
### The error occurred while setting parameters
### SQL: SELECT id, event_type AS eventType, payload, attempts, next_retry_at AS nextRetryAt, last_error AS lastError, status, trace_id AS traceId, create_time AS createTime, update_time AS updateTime, version_no AS versionNo, is_deleted AS isDeleted, domain FROM public.ecos_runtime_audit_retry WHERE is_deleted = 0 AND status = 'pending' AND next_retry_at <= ? ORDER BY next_retry_at ASC LIMIT ?
### Cause: org.postgresql.util.PSQLException: ERROR: relation "public.ecos_runtime_audit_retry" does not exist
  位置：256
; bad SQL grammar []
2026-09-30 22:51:43.051 [scheduling-1] [] WARN  c.c.g.runtime.audit.AuditRetryTask - [AuditRetry] 到期行拉取失败（表缺失/DB 不可用）errType=BadSqlGrammarException msg=
### Error querying database.  Cause: org.postgresql.util.PSQLException: ERROR: relation "public.ecos_runtime_audit_retry" does not exist
  位置：256
### The error may exist in com/chinacreator/gzcm/runtime/audit/mapper/AuditRetryMapper.java (best guess)
### The error may involve com.chinacreator.gzcm.runtime.audit.mapper.AuditRetryMapper.listDue-Inline
### The error occurred while setting parameters
### SQL: SELECT id, event_type AS eventType, payload, attempts, next_retry_at AS nextRetryAt, last_error AS lastError, status, trace_id AS traceId, create_time AS createTime, update_time AS updateTime, version_no AS versionNo, is_deleted AS isDeleted, domain FROM public.ecos_runtime_audit_retry WHERE is_deleted = 0 AND status = 'pending' AND next_retry_at <= ? ORDER BY next_retry_at ASC LIMIT ?
### Cause: org.postgresql.util.PSQLException: ERROR: relation "public.ecos_runtime_audit_retry" does not exist
  位置：256
; bad SQL grammar []
2026-09-30 22:52:04.425 [scheduling-1] [] WARN  c.c.gzcm.runtime.dlq.DltLagChecker - [DltLagChecker] AdminClient 创建失败 errType=KafkaException msg=Failed to create new KafkaAdminClient
2026-09-30 22:52:04.428 [scheduling-1] [] WARN  c.c.gzcm.runtime.dlq.DltLagChecker - [DltLagChecker] AdminClient 不可用（bootstrap=localhost:9092），本轮降级跳过
2026-09-30 22:52:43.070 [scheduling-1] [] WARN  c.c.g.runtime.audit.AuditRetryTask - [AuditRetry] 到期行拉取失败（表缺失/DB 不可用）errType=BadSqlGrammarException msg=
### Error querying database.  Cause: org.postgresql.util.PSQLException: ERROR: relation "public.ecos_runtime_audit_retry" does not exist
  位置：256
### The error may exist in com/chinacreator/gzcm/runtime/audit/mapper/AuditRetryMapper.java (best guess)
### The error may involve com.chinacreator.gzcm.runtime.audit.mapper.AuditRetryMapper.listDue-Inline
### The error occurred while setting parameters
### SQL: SELECT id, event_type AS eventType, payload, attempts, next_retry_at AS nextRetryAt, last_error AS lastError, status, trace_id AS traceId, create_time AS createTime, update_time AS updateTime, version_no AS versionNo, is_deleted AS isDeleted, domain FROM public.ecos_runtime_audit_retry WHERE is_deleted = 0 AND status = 'pending' AND next_retry_at <= ? ORDER BY next_retry_at ASC LIMIT ?
### Cause: org.postgresql.util.PSQLException: ERROR: relation "public.ecos_runtime_audit_retry" does not exist
  位置：256
; bad SQL grammar []
2026-09-30 22:53:43.086 [scheduling-1] [] WARN  c.c.g.runtime.audit.AuditRetryTask - [AuditRetry] 到期行拉取失败（表缺失/DB 不可用）errType=BadSqlGrammarException msg=
### Error querying database.  Cause: org.postgresql.util.PSQLException: ERROR: relation "public.ecos_runtime_audit_retry" does not exist
  位置：256
### The error may exist in com/chinacreator/gzcm/runtime/audit/mapper/AuditRetryMapper.java (best guess)
### The error may involve com.chinacreator.gzcm.runtime.audit.mapper.AuditRetryMapper.listDue-Inline
### The error occurred while setting parameters
### SQL: SELECT id, event_type AS eventType, payload, attempts, next_retry_at AS nextRetryAt, last_error AS lastError, status, trace_id AS traceId, create_time AS createTime, update_time AS updateTime, version_no AS versionNo, is_deleted AS isDeleted, domain FROM public.ecos_runtime_audit_retry WHERE is_deleted = 0 AND status = 'pending' AND next_retry_at <= ? ORDER BY next_retry_at ASC LIMIT ?
### Cause: org.postgresql.util.PSQLException: ERROR: relation "public.ecos_runtime_audit_retry" does not exist
  位置：256
; bad SQL grammar []
2026-09-30 22:54:43.117 [scheduling-1] [] WARN  c.c.g.runtime.audit.AuditRetryTask - [AuditRetry] 到期行拉取失败（表缺失/DB 不可用）errType=BadSqlGrammarException msg=
### Error querying database.  Cause: org.postgresql.util.PSQLException: ERROR: relation "public.ecos_runtime_audit_retry" does not exist
  位置：256
### The error may exist in com/chinacreator/gzcm/runtime/audit/mapper/AuditRetryMapper.java (best guess)
### The error may involve com.chinacreator.gzcm.runtime.audit.mapper.AuditRetryMapper.listDue-Inline
### The error occurred while setting parameters
### SQL: SELECT id, event_type AS eventType, payload, attempts, next_retry_at AS nextRetryAt, last_error AS lastError, status, trace_id AS traceId, create_time AS createTime, update_time AS updateTime, version_no AS versionNo, is_deleted AS isDeleted, domain FROM public.ecos_runtime_audit_retry WHERE is_deleted = 0 AND status = 'pending' AND next_retry_at <= ? ORDER BY next_retry_at ASC LIMIT ?
### Cause: org.postgresql.util.PSQLException: ERROR: relation "public.ecos_runtime_audit_retry" does not exist
  位置：256
; bad SQL grammar []
2026-09-30 22:55:43.142 [scheduling-1] [] WARN  c.c.g.runtime.audit.AuditRetryTask - [AuditRetry] 到期行拉取失败（表缺失/DB 不可用）errType=BadSqlGrammarException msg=
### Error querying database.  Cause: org.postgresql.util.PSQLException: ERROR: relation "public.ecos_runtime_audit_retry" does not exist
  位置：256
### The error may exist in com/chinacreator/gzcm/runtime/audit/mapper/AuditRetryMapper.java (best guess)
### The error may involve com.chinacreator.gzcm.runtime.audit.mapper.AuditRetryMapper.listDue-Inline
### The error occurred while setting parameters
### SQL: SELECT id, event_type AS eventType, payload, attempts, next_retry_at AS nextRetryAt, last_error AS lastError, status, trace_id AS traceId, create_time AS createTime, update_time AS updateTime, version_no AS versionNo, is_deleted AS isDeleted, domain FROM public.ecos_runtime_audit_retry WHERE is_deleted = 0 AND status = 'pending' AND next_retry_at <= ? ORDER BY next_retry_at ASC LIMIT ?
### Cause: org.postgresql.util.PSQLException: ERROR: relation "public.ecos_runtime_audit_retry" does not exist
  位置：256
; bad SQL grammar []
2026-09-30 22:56:43.171 [scheduling-1] [] WARN  c.c.g.runtime.audit.AuditRetryTask - [AuditRetry] 到期行拉取失败（表缺失/DB 不可用）errType=BadSqlGrammarException msg=
### Error querying database.  Cause: org.postgresql.util.PSQLException: ERROR: relation "public.ecos_runtime_audit_retry" does not exist
  位置：256
### The error may exist in com/chinacreator/gzcm/runtime/audit/mapper/AuditRetryMapper.java (best guess)
### The error may involve com.chinacreator.gzcm.runtime.audit.mapper.AuditRetryMapper.listDue-Inline
### The error occurred while setting parameters
### SQL: SELECT id, event_type AS eventType, payload, attempts, next_retry_at AS nextRetryAt, last_error AS lastError, status, trace_id AS traceId, create_time AS createTime, update_time AS updateTime, version_no AS versionNo, is_deleted AS isDeleted, domain FROM public.ecos_runtime_audit_retry WHERE is_deleted = 0 AND status = 'pending' AND next_retry_at <= ? ORDER BY next_retry_at ASC LIMIT ?
### Cause: org.postgresql.util.PSQLException: ERROR: relation "public.ecos_runtime_audit_retry" does not exist
  位置：256
; bad SQL grammar []
2026-09-30 22:57:04.462 [scheduling-1] [] WARN  c.c.gzcm.runtime.dlq.DltLagChecker - [DltLagChecker] AdminClient 创建失败 errType=KafkaException msg=Failed to create new KafkaAdminClient
2026-09-30 22:57:04.463 [scheduling-1] [] WARN  c.c.gzcm.runtime.dlq.DltLagChecker - [DltLagChecker] AdminClient 不可用（bootstrap=localhost:9092），本轮降级跳过
2026-09-30 22:57:43.184 [scheduling-1] [] WARN  c.c.g.runtime.audit.AuditRetryTask - [AuditRetry] 到期行拉取失败（表缺失/DB 不可用）errType=BadSqlGrammarException msg=
### Error querying database.  Cause: org.postgresql.util.PSQLException: ERROR: relation "public.ecos_runtime_audit_retry" does not exist
  位置：256
### The error may exist in com/chinacreator/gzcm/runtime/audit/mapper/AuditRetryMapper.java (best guess)
### The error may involve com.chinacreator.gzcm.runtime.audit.mapper.AuditRetryMapper.listDue-Inline
### The error occurred while setting parameters
### SQL: SELECT id, event_type AS eventType, payload, attempts, next_retry_at AS nextRetryAt, last_error AS lastError, status, trace_id AS traceId, create_time AS createTime, update_time AS updateTime, version_no AS versionNo, is_deleted AS isDeleted, domain FROM public.ecos_runtime_audit_retry WHERE is_deleted = 0 AND status = 'pending' AND next_retry_at <= ? ORDER BY next_retry_at ASC LIMIT ?
### Cause: org.postgresql.util.PSQLException: ERROR: relation "public.ecos_runtime_audit_retry" does not exist
  位置：256
; bad SQL grammar []
2026-09-30 22:58:43.195 [scheduling-1] [] WARN  c.c.g.runtime.audit.AuditRetryTask - [AuditRetry] 到期行拉取失败（表缺失/DB 不可用）errType=BadSqlGrammarException msg=
### Error querying database.  Cause: org.postgresql.util.PSQLException: ERROR: relation "public.ecos_runtime_audit_retry" does not exist
  位置：256
### The error may exist in com/chinacreator/gzcm/runtime/audit/mapper/AuditRetryMapper.java (best guess)
### The error may involve com.chinacreator.gzcm.runtime.audit.mapper.AuditRetryMapper.listDue-Inline
### The error occurred while setting parameters
### SQL: SELECT id, event_type AS eventType, payload, attempts, next_retry_at AS nextRetryAt, last_error AS lastError, status, trace_id AS traceId, create_time AS createTime, update_time AS updateTime, version_no AS versionNo, is_deleted AS isDeleted, domain FROM public.ecos_runtime_audit_retry WHERE is_deleted = 0 AND status = 'pending' AND next_retry_at <= ? ORDER BY next_retry_at ASC LIMIT ?
### Cause: org.postgresql.util.PSQLException: ERROR: relation "public.ecos_runtime_audit_retry" does not exist
  位置：256
; bad SQL grammar []
2026-09-30 22:59:43.213 [scheduling-1] [] WARN  c.c.g.runtime.audit.AuditRetryTask - [AuditRetry] 到期行拉取失败（表缺失/DB 不可用）errType=BadSqlGrammarException msg=
### Error querying database.  Cause: org.postgresql.util.PSQLException: ERROR: relation "public.ecos_runtime_audit_retry" does not exist
  位置：256
### The error may exist in com/chinacreator/gzcm/runtime/audit/mapper/AuditRetryMapper.java (best guess)
### The error may involve com.chinacreator.gzcm.runtime.audit.mapper.AuditRetryMapper.listDue-Inline
### The error occurred while setting parameters
### SQL: SELECT id, event_type AS eventType, payload, attempts, next_retry_at AS nextRetryAt, last_error AS lastError, status, trace_id AS traceId, create_time AS createTime, update_time AS updateTime, version_no AS versionNo, is_deleted AS isDeleted, domain FROM public.ecos_runtime_audit_retry WHERE is_deleted = 0 AND status = 'pending' AND next_retry_at <= ? ORDER BY next_retry_at ASC LIMIT ?
### Cause: org.postgresql.util.PSQLException: ERROR: relation "public.ecos_runtime_audit_retry" does not exist
  位置：256
; bad SQL grammar []
2026-09-30 23:00:43.230 [scheduling-1] [] WARN  c.c.g.runtime.audit.AuditRetryTask - [AuditRetry] 到期行拉取失败（表缺失/DB 不可用）errType=BadSqlGrammarException msg=
### Error querying database.  Cause: org.postgresql.util.PSQLException: ERROR: relation "public.ecos_runtime_audit_retry" does not exist
  位置：256
### The error may exist in com/chinacreator/gzcm/runtime/audit/mapper/AuditRetryMapper.java (best guess)
### The error may involve com.chinacreator.gzcm.runtime.audit.mapper.AuditRetryMapper.listDue-Inline
### The error occurred while setting parameters
### SQL: SELECT id, event_type AS eventType, payload, attempts, next_retry_at AS nextRetryAt, last_error AS lastError, status, trace_id AS traceId, create_time AS createTime, update_time AS updateTime, version_no AS versionNo, is_deleted AS isDeleted, domain FROM public.ecos_runtime_audit_retry WHERE is_deleted = 0 AND status = 'pending' AND next_retry_at <= ? ORDER BY next_retry_at ASC LIMIT ?
### Cause: org.postgresql.util.PSQLException: ERROR: relation "public.ecos_runtime_audit_retry" does not exist
  位置：256
; bad SQL grammar []
2026-09-30 23:01:43.240 [scheduling-1] [] WARN  c.c.g.runtime.audit.AuditRetryTask - [AuditRetry] 到期行拉取失败（表缺失/DB 不可用）errType=BadSqlGrammarException msg=
### Error querying database.  Cause: org.postgresql.util.PSQLException: ERROR: relation "public.ecos_runtime_audit_retry" does not exist
  位置：256
### The error may exist in com/chinacreator/gzcm/runtime/audit/mapper/AuditRetryMapper.java (best guess)
### The error may involve com.chinacreator.gzcm.runtime.audit.mapper.AuditRetryMapper.listDue-Inline
### The error occurred while setting parameters
### SQL: SELECT id, event_type AS eventType, payload, attempts, next_retry_at AS nextRetryAt, last_error AS lastError, status, trace_id AS traceId, create_time AS createTime, update_time AS updateTime, version_no AS versionNo, is_deleted AS isDeleted, domain FROM public.ecos_runtime_audit_retry WHERE is_deleted = 0 AND status = 'pending' AND next_retry_at <= ? ORDER BY next_retry_at ASC LIMIT ?
### Cause: org.postgresql.util.PSQLException: ERROR: relation "public.ecos_runtime_audit_retry" does not exist
  位置：256
; bad SQL grammar []
2026-09-30 23:02:04.576 [scheduling-1] [] WARN  c.c.gzcm.runtime.dlq.DltLagChecker - [DltLagChecker] AdminClient 创建失败 errType=KafkaException msg=Failed to create new KafkaAdminClient
2026-09-30 23:02:04.578 [scheduling-1] [] WARN  c.c.gzcm.runtime.dlq.DltLagChecker - [DltLagChecker] AdminClient 不可用（bootstrap=localhost:9092），本轮降级跳过
2026-09-30 23:02:43.291 [scheduling-1] [] WARN  c.c.g.runtime.audit.AuditRetryTask - [AuditRetry] 到期行拉取失败（表缺失/DB 不可用）errType=BadSqlGrammarException msg=
### Error querying database.  Cause: org.postgresql.util.PSQLException: ERROR: relation "public.ecos_runtime_audit_retry" does not exist
  位置：256
### The error may exist in com/chinacreator/gzcm/runtime/audit/mapper/AuditRetryMapper.java (best guess)
### The error may involve com.chinacreator.gzcm.runtime.audit.mapper.AuditRetryMapper.listDue-Inline
### The error occurred while setting parameters
### SQL: SELECT id, event_type AS eventType, payload, attempts, next_retry_at AS nextRetryAt, last_error AS lastError, status, trace_id AS traceId, create_time AS createTime, update_time AS updateTime, version_no AS versionNo, is_deleted AS isDeleted, domain FROM public.ecos_runtime_audit_retry WHERE is_deleted = 0 AND status = 'pending' AND next_retry_at <= ? ORDER BY next_retry_at ASC LIMIT ?
### Cause: org.postgresql.util.PSQLException: ERROR: relation "public.ecos_runtime_audit_retry" does not exist
  位置：256
; bad SQL grammar []
2026-09-30 23:03:43.344 [scheduling-1] [] WARN  c.c.g.runtime.audit.AuditRetryTask - [AuditRetry] 到期行拉取失败（表缺失/DB 不可用）errType=BadSqlGrammarException msg=
### Error querying database.  Cause: org.postgresql.util.PSQLException: ERROR: relation "public.ecos_runtime_audit_retry" does not exist
  位置：256
### The error may exist in com/chinacreator/gzcm/runtime/audit/mapper/AuditRetryMapper.java (best guess)
### The error may involve com.chinacreator.gzcm.runtime.audit.mapper.AuditRetryMapper.listDue-Inline
### The error occurred while setting parameters
### SQL: SELECT id, event_type AS eventType, payload, attempts, next_retry_at AS nextRetryAt, last_error AS lastError, status, trace_id AS traceId, create_time AS createTime, update_time AS updateTime, version_no AS versionNo, is_deleted AS isDeleted, domain FROM public.ecos_runtime_audit_retry WHERE is_deleted = 0 AND status = 'pending' AND next_retry_at <= ? ORDER BY next_retry_at ASC LIMIT ?
### Cause: org.postgresql.util.PSQLException: ERROR: relation "public.ecos_runtime_audit_retry" does not exist
  位置：256
; bad SQL grammar []
2026-09-30 23:04:43.368 [scheduling-1] [] WARN  c.c.g.runtime.audit.AuditRetryTask - [AuditRetry] 到期行拉取失败（表缺失/DB 不可用）errType=BadSqlGrammarException msg=
### Error querying database.  Cause: org.postgresql.util.PSQLException: ERROR: relation "public.ecos_runtime_audit_retry" does not exist
  位置：256
### The error may exist in com/chinacreator/gzcm/runtime/audit/mapper/AuditRetryMapper.java (best guess)
### The error may involve com.chinacreator.gzcm.runtime.audit.mapper.AuditRetryMapper.listDue-Inline
### The error occurred while setting parameters
### SQL: SELECT id, event_type AS eventType, payload, attempts, next_retry_at AS nextRetryAt, last_error AS lastError, status, trace_id AS traceId, create_time AS createTime, update_time AS updateTime, version_no AS versionNo, is_deleted AS isDeleted, domain FROM public.ecos_runtime_audit_retry WHERE is_deleted = 0 AND status = 'pending' AND next_retry_at <= ? ORDER BY next_retry_at ASC LIMIT ?
### Cause: org.postgresql.util.PSQLException: ERROR: relation "public.ecos_runtime_audit_retry" does not exist
  位置：256
; bad SQL grammar []
2026-09-30 23:05:43.386 [scheduling-1] [] WARN  c.c.g.runtime.audit.AuditRetryTask - [AuditRetry] 到期行拉取失败（表缺失/DB 不可用）errType=BadSqlGrammarException msg=
### Error querying database.  Cause: org.postgresql.util.PSQLException: ERROR: relation "public.ecos_runtime_audit_retry" does not exist
  位置：256
### The error may exist in com/chinacreator/gzcm/runtime/audit/mapper/AuditRetryMapper.java (best guess)
### The error may involve com.chinacreator.gzcm.runtime.audit.mapper.AuditRetryMapper.listDue-Inline
### The error occurred while setting parameters
### SQL: SELECT id, event_type AS eventType, payload, attempts, next_retry_at AS nextRetryAt, last_error AS lastError, status, trace_id AS traceId, create_time AS createTime, update_time AS updateTime, version_no AS versionNo, is_deleted AS isDeleted, domain FROM public.ecos_runtime_audit_retry WHERE is_deleted = 0 AND status = 'pending' AND next_retry_at <= ? ORDER BY next_retry_at ASC LIMIT ?
### Cause: org.postgresql.util.PSQLException: ERROR: relation "public.ecos_runtime_audit_retry" does not exist
  位置：256
; bad SQL grammar []
2026-09-30 23:06:43.420 [scheduling-1] [] WARN  c.c.g.runtime.audit.AuditRetryTask - [AuditRetry] 到期行拉取失败（表缺失/DB 不可用）errType=BadSqlGrammarException msg=
### Error querying database.  Cause: org.postgresql.util.PSQLException: ERROR: relation "public.ecos_runtime_audit_retry" does not exist
  位置：256
### The error may exist in com/chinacreator/gzcm/runtime/audit/mapper/AuditRetryMapper.java (best guess)
### The error may involve com.chinacreator.gzcm.runtime.audit.mapper.AuditRetryMapper.listDue-Inline
### The error occurred while setting parameters
### SQL: SELECT id, event_type AS eventType, payload, attempts, next_retry_at AS nextRetryAt, last_error AS lastError, status, trace_id AS traceId, create_time AS createTime, update_time AS updateTime, version_no AS versionNo, is_deleted AS isDeleted, domain FROM public.ecos_runtime_audit_retry WHERE is_deleted = 0 AND status = 'pending' AND next_retry_at <= ? ORDER BY next_retry_at ASC LIMIT ?
### Cause: org.postgresql.util.PSQLException: ERROR: relation "public.ecos_runtime_audit_retry" does not exist
  位置：256
; bad SQL grammar []
2026-09-30 23:07:04.591 [scheduling-1] [] WARN  c.c.gzcm.runtime.dlq.DltLagChecker - [DltLagChecker] AdminClient 创建失败 errType=KafkaException msg=Failed to create new KafkaAdminClient
2026-09-30 23:07:04.592 [scheduling-1] [] WARN  c.c.gzcm.runtime.dlq.DltLagChecker - [DltLagChecker] AdminClient 不可用（bootstrap=localhost:9092），本轮降级跳过
2026-09-30 23:07:43.448 [scheduling-1] [] WARN  c.c.g.runtime.audit.AuditRetryTask - [AuditRetry] 到期行拉取失败（表缺失/DB 不可用）errType=BadSqlGrammarException msg=
### Error querying database.  Cause: org.postgresql.util.PSQLException: ERROR: relation "public.ecos_runtime_audit_retry" does not exist
  位置：256
### The error may exist in com/chinacreator/gzcm/runtime/audit/mapper/AuditRetryMapper.java (best guess)
### The error may involve com.chinacreator.gzcm.runtime.audit.mapper.AuditRetryMapper.listDue-Inline
### The error occurred while setting parameters
### SQL: SELECT id, event_type AS eventType, payload, attempts, next_retry_at AS nextRetryAt, last_error AS lastError, status, trace_id AS traceId, create_time AS createTime, update_time AS updateTime, version_no AS versionNo, is_deleted AS isDeleted, domain FROM public.ecos_runtime_audit_retry WHERE is_deleted = 0 AND status = 'pending' AND next_retry_at <= ? ORDER BY next_retry_at ASC LIMIT ?
### Cause: org.postgresql.util.PSQLException: ERROR: relation "public.ecos_runtime_audit_retry" does not exist
  位置：256
; bad SQL grammar []
2026-09-30 23:08:43.464 [scheduling-1] [] WARN  c.c.g.runtime.audit.AuditRetryTask - [AuditRetry] 到期行拉取失败（表缺失/DB 不可用）errType=BadSqlGrammarException msg=
### Error querying database.  Cause: org.postgresql.util.PSQLException: ERROR: relation "public.ecos_runtime_audit_retry" does not exist
  位置：256
### The error may exist in com/chinacreator/gzcm/runtime/audit/mapper/AuditRetryMapper.java (best guess)
### The error may involve com.chinacreator.gzcm.runtime.audit.mapper.AuditRetryMapper.listDue-Inline
### The error occurred while setting parameters
### SQL: SELECT id, event_type AS eventType, payload, attempts, next_retry_at AS nextRetryAt, last_error AS lastError, status, trace_id AS traceId, create_time AS createTime, update_time AS updateTime, version_no AS versionNo, is_deleted AS isDeleted, domain FROM public.ecos_runtime_audit_retry WHERE is_deleted = 0 AND status = 'pending' AND next_retry_at <= ? ORDER BY next_retry_at ASC LIMIT ?
### Cause: org.postgresql.util.PSQLException: ERROR: relation "public.ecos_runtime_audit_retry" does not exist
  位置：256
; bad SQL grammar []
2026-09-30 23:09:43.482 [scheduling-1] [] WARN  c.c.g.runtime.audit.AuditRetryTask - [AuditRetry] 到期行拉取失败（表缺失/DB 不可用）errType=BadSqlGrammarException msg=
### Error querying database.  Cause: org.postgresql.util.PSQLException: ERROR: relation "public.ecos_runtime_audit_retry" does not exist
  位置：256
### The error may exist in com/chinacreator/gzcm/runtime/audit/mapper/AuditRetryMapper.java (best guess)
### The error may involve com.chinacreator.gzcm.runtime.audit.mapper.AuditRetryMapper.listDue-Inline
### The error occurred while setting parameters
### SQL: SELECT id, event_type AS eventType, payload, attempts, next_retry_at AS nextRetryAt, last_error AS lastError, status, trace_id AS traceId, create_time AS createTime, update_time AS updateTime, version_no AS versionNo, is_deleted AS isDeleted, domain FROM public.ecos_runtime_audit_retry WHERE is_deleted = 0 AND status = 'pending' AND next_retry_at <= ? ORDER BY next_retry_at ASC LIMIT ?
### Cause: org.postgresql.util.PSQLException: ERROR: relation "public.ecos_runtime_audit_retry" does not exist
  位置：256
; bad SQL grammar []
2026-09-30 23:10:43.510 [scheduling-1] [] WARN  c.c.g.runtime.audit.AuditRetryTask - [AuditRetry] 到期行拉取失败（表缺失/DB 不可用）errType=BadSqlGrammarException msg=
### Error querying database.  Cause: org.postgresql.util.PSQLException: ERROR: relation "public.ecos_runtime_audit_retry" does not exist
  位置：256
### The error may exist in com/chinacreator/gzcm/runtime/audit/mapper/AuditRetryMapper.java (best guess)
### The error may involve com.chinacreator.gzcm.runtime.audit.mapper.AuditRetryMapper.listDue-Inline
### The error occurred while setting parameters
### SQL: SELECT id, event_type AS eventType, payload, attempts, next_retry_at AS nextRetryAt, last_error AS lastError, status, trace_id AS traceId, create_time AS createTime, update_time AS updateTime, version_no AS versionNo, is_deleted AS isDeleted, domain FROM public.ecos_runtime_audit_retry WHERE is_deleted = 0 AND status = 'pending' AND next_retry_at <= ? ORDER BY next_retry_at ASC LIMIT ?
### Cause: org.postgresql.util.PSQLException: ERROR: relation "public.ecos_runtime_audit_retry" does not exist
  位置：256
; bad SQL grammar []
2026-09-30 23:11:43.528 [scheduling-1] [] WARN  c.c.g.runtime.audit.AuditRetryTask - [AuditRetry] 到期行拉取失败（表缺失/DB 不可用）errType=BadSqlGrammarException msg=
### Error querying database.  Cause: org.postgresql.util.PSQLException: ERROR: relation "public.ecos_runtime_audit_retry" does not exist
  位置：256
### The error may exist in com/chinacreator/gzcm/runtime/audit/mapper/AuditRetryMapper.java (best guess)
### The error may involve com.chinacreator.gzcm.runtime.audit.mapper.AuditRetryMapper.listDue-Inline
### The error occurred while setting parameters
### SQL: SELECT id, event_type AS eventType, payload, attempts, next_retry_at AS nextRetryAt, last_error AS lastError, status, trace_id AS traceId, create_time AS createTime, update_time AS updateTime, version_no AS versionNo, is_deleted AS isDeleted, domain FROM public.ecos_runtime_audit_retry WHERE is_deleted = 0 AND status = 'pending' AND next_retry_at <= ? ORDER BY next_retry_at ASC LIMIT ?
### Cause: org.postgresql.util.PSQLException: ERROR: relation "public.ecos_runtime_audit_retry" does not exist
  位置：256
; bad SQL grammar []
2026-09-30 23:12:04.636 [scheduling-1] [] WARN  c.c.gzcm.runtime.dlq.DltLagChecker - [DltLagChecker] AdminClient 创建失败 errType=KafkaException msg=Failed to create new KafkaAdminClient
2026-09-30 23:12:04.640 [scheduling-1] [] WARN  c.c.gzcm.runtime.dlq.DltLagChecker - [DltLagChecker] AdminClient 不可用（bootstrap=localhost:9092），本轮降级跳过
2026-09-30 23:12:43.569 [scheduling-1] [] WARN  c.c.g.runtime.audit.AuditRetryTask - [AuditRetry] 到期行拉取失败（表缺失/DB 不可用）errType=BadSqlGrammarException msg=
### Error querying database.  Cause: org.postgresql.util.PSQLException: ERROR: relation "public.ecos_runtime_audit_retry" does not exist
  位置：256
### The error may exist in com/chinacreator/gzcm/runtime/audit/mapper/AuditRetryMapper.java (best guess)
### The error may involve com.chinacreator.gzcm.runtime.audit.mapper.AuditRetryMapper.listDue-Inline
### The error occurred while setting parameters
### SQL: SELECT id, event_type AS eventType, payload, attempts, next_retry_at AS nextRetryAt, last_error AS lastError, status, trace_id AS traceId, create_time AS createTime, update_time AS updateTime, version_no AS versionNo, is_deleted AS isDeleted, domain FROM public.ecos_runtime_audit_retry WHERE is_deleted = 0 AND status = 'pending' AND next_retry_at <= ? ORDER BY next_retry_at ASC LIMIT ?
### Cause: org.postgresql.util.PSQLException: ERROR: relation "public.ecos_runtime_audit_retry" does not exist
  位置：256
; bad SQL grammar []
2026-09-30 23:13:43.615 [scheduling-1] [] WARN  c.c.g.runtime.audit.AuditRetryTask - [AuditRetry] 到期行拉取失败（表缺失/DB 不可用）errType=BadSqlGrammarException msg=
### Error querying database.  Cause: org.postgresql.util.PSQLException: ERROR: relation "public.ecos_runtime_audit_retry" does not exist
  位置：256
### The error may exist in com/chinacreator/gzcm/runtime/audit/mapper/AuditRetryMapper.java (best guess)
### The error may involve com.chinacreator.gzcm.runtime.audit.mapper.AuditRetryMapper.listDue-Inline
### The error occurred while setting parameters
### SQL: SELECT id, event_type AS eventType, payload, attempts, next_retry_at AS nextRetryAt, last_error AS lastError, status, trace_id AS traceId, create_time AS createTime, update_time AS updateTime, version_no AS versionNo, is_deleted AS isDeleted, domain FROM public.ecos_runtime_audit_retry WHERE is_deleted = 0 AND status = 'pending' AND next_retry_at <= ? ORDER BY next_retry_at ASC LIMIT ?
### Cause: org.postgresql.util.PSQLException: ERROR: relation "public.ecos_runtime_audit_retry" does not exist
  位置：256
; bad SQL grammar []
2026-09-30 23:14:43.668 [scheduling-1] [] WARN  c.c.g.runtime.audit.AuditRetryTask - [AuditRetry] 到期行拉取失败（表缺失/DB 不可用）errType=BadSqlGrammarException msg=
### Error querying database.  Cause: org.postgresql.util.PSQLException: ERROR: relation "public.ecos_runtime_audit_retry" does not exist
  位置：256
### The error may exist in com/chinacreator/gzcm/runtime/audit/mapper/AuditRetryMapper.java (best guess)
### The error may involve com.chinacreator.gzcm.runtime.audit.mapper.AuditRetryMapper.listDue-Inline
### The error occurred while setting parameters
### SQL: SELECT id, event_type AS eventType, payload, attempts, next_retry_at AS nextRetryAt, last_error AS lastError, status, trace_id AS traceId, create_time AS createTime, update_time AS updateTime, version_no AS versionNo, is_deleted AS isDeleted, domain FROM public.ecos_runtime_audit_retry WHERE is_deleted = 0 AND status = 'pending' AND next_retry_at <= ? ORDER BY next_retry_at ASC LIMIT ?
### Cause: org.postgresql.util.PSQLException: ERROR: relation "public.ecos_runtime_audit_retry" does not exist
  位置：256
; bad SQL grammar []
2026-09-30 23:15:43.687 [scheduling-1] [] WARN  c.c.g.runtime.audit.AuditRetryTask - [AuditRetry] 到期行拉取失败（表缺失/DB 不可用）errType=BadSqlGrammarException msg=
### Error querying database.  Cause: org.postgresql.util.PSQLException: ERROR: relation "public.ecos_runtime_audit_retry" does not exist
  位置：256
### The error may exist in com/chinacreator/gzcm/runtime/audit/mapper/AuditRetryMapper.java (best guess)
### The error may involve com.chinacreator.gzcm.runtime.audit.mapper.AuditRetryMapper.listDue-Inline
### The error occurred while setting parameters
### SQL: SELECT id, event_type AS eventType, payload, attempts, next_retry_at AS nextRetryAt, last_error AS lastError, status, trace_id AS traceId, create_time AS createTime, update_time AS updateTime, version_no AS versionNo, is_deleted AS isDeleted, domain FROM public.ecos_runtime_audit_retry WHERE is_deleted = 0 AND status = 'pending' AND next_retry_at <= ? ORDER BY next_retry_at ASC LIMIT ?
### Cause: org.postgresql.util.PSQLException: ERROR: relation "public.ecos_runtime_audit_retry" does not exist
  位置：256
; bad SQL grammar []
2026-09-30 23:16:43.697 [scheduling-1] [] WARN  c.c.g.runtime.audit.AuditRetryTask - [AuditRetry] 到期行拉取失败（表缺失/DB 不可用）errType=BadSqlGrammarException msg=
### Error querying database.  Cause: org.postgresql.util.PSQLException: ERROR: relation "public.ecos_runtime_audit_retry" does not exist
  位置：256
### The error may exist in com/chinacreator/gzcm/runtime/audit/mapper/AuditRetryMapper.java (best guess)
### The error may involve com.chinacreator.gzcm.runtime.audit.mapper.AuditRetryMapper.listDue-Inline
### The error occurred while setting parameters
### SQL: SELECT id, event_type AS eventType, payload, attempts, next_retry_at AS nextRetryAt, last_error AS lastError, status, trace_id AS traceId, create_time AS createTime, update_time AS updateTime, version_no AS versionNo, is_deleted AS isDeleted, domain FROM public.ecos_runtime_audit_retry WHERE is_deleted = 0 AND status = 'pending' AND next_retry_at <= ? ORDER BY next_retry_at ASC LIMIT ?
### Cause: org.postgresql.util.PSQLException: ERROR: relation "public.ecos_runtime_audit_retry" does not exist
  位置：256
; bad SQL grammar []
2026-09-30 23:17:04.664 [scheduling-1] [] WARN  c.c.gzcm.runtime.dlq.DltLagChecker - [DltLagChecker] AdminClient 创建失败 errType=KafkaException msg=Failed to create new KafkaAdminClient
2026-09-30 23:17:04.675 [scheduling-1] [] WARN  c.c.gzcm.runtime.dlq.DltLagChecker - [DltLagChecker] AdminClient 不可用（bootstrap=localhost:9092），本轮降级跳过
2026-09-30 23:17:43.707 [scheduling-1] [] WARN  c.c.g.runtime.audit.AuditRetryTask - [AuditRetry] 到期行拉取失败（表缺失/DB 不可用）errType=BadSqlGrammarException msg=
### Error querying database.  Cause: org.postgresql.util.PSQLException: ERROR: relation "public.ecos_runtime_audit_retry" does not exist
  位置：256
### The error may exist in com/chinacreator/gzcm/runtime/audit/mapper/AuditRetryMapper.java (best guess)
### The error may involve com.chinacreator.gzcm.runtime.audit.mapper.AuditRetryMapper.listDue-Inline
### The error occurred while setting parameters
### SQL: SELECT id, event_type AS eventType, payload, attempts, next_retry_at AS nextRetryAt, last_error AS lastError, status, trace_id AS traceId, create_time AS createTime, update_time AS updateTime, version_no AS versionNo, is_deleted AS isDeleted, domain FROM public.ecos_runtime_audit_retry WHERE is_deleted = 0 AND status = 'pending' AND next_retry_at <= ? ORDER BY next_retry_at ASC LIMIT ?
### Cause: org.postgresql.util.PSQLException: ERROR: relation "public.ecos_runtime_audit_retry" does not exist
  位置：256
; bad SQL grammar []
2026-09-30 23:18:43.733 [scheduling-1] [] WARN  c.c.g.runtime.audit.AuditRetryTask - [AuditRetry] 到期行拉取失败（表缺失/DB 不可用）errType=BadSqlGrammarException msg=
### Error querying database.  Cause: org.postgresql.util.PSQLException: ERROR: relation "public.ecos_runtime_audit_retry" does not exist
  位置：256
### The error may exist in com/chinacreator/gzcm/runtime/audit/mapper/AuditRetryMapper.java (best guess)
### The error may involve com.chinacreator.gzcm.runtime.audit.mapper.AuditRetryMapper.listDue-Inline
### The error occurred while setting parameters
### SQL: SELECT id, event_type AS eventType, payload, attempts, next_retry_at AS nextRetryAt, last_error AS lastError, status, trace_id AS traceId, create_time AS createTime, update_time AS updateTime, version_no AS versionNo, is_deleted AS isDeleted, domain FROM public.ecos_runtime_audit_retry WHERE is_deleted = 0 AND status = 'pending' AND next_retry_at <= ? ORDER BY next_retry_at ASC LIMIT ?
### Cause: org.postgresql.util.PSQLException: ERROR: relation "public.ecos_runtime_audit_retry" does not exist
  位置：256
; bad SQL grammar []
2026-09-30 23:19:43.756 [scheduling-1] [] WARN  c.c.g.runtime.audit.AuditRetryTask - [AuditRetry] 到期行拉取失败（表缺失/DB 不可用）errType=BadSqlGrammarException msg=
### Error querying database.  Cause: org.postgresql.util.PSQLException: ERROR: relation "public.ecos_runtime_audit_retry" does not exist
  位置：256
### The error may exist in com/chinacreator/gzcm/runtime/audit/mapper/AuditRetryMapper.java (best guess)
### The error may involve com.chinacreator.gzcm.runtime.audit.mapper.AuditRetryMapper.listDue-Inline
### The error occurred while setting parameters
### SQL: SELECT id, event_type AS eventType, payload, attempts, next_retry_at AS nextRetryAt, last_error AS lastError, status, trace_id AS traceId, create_time AS createTime, update_time AS updateTime, version_no AS versionNo, is_deleted AS isDeleted, domain FROM public.ecos_runtime_audit_retry WHERE is_deleted = 0 AND status = 'pending' AND next_retry_at <= ? ORDER BY next_retry_at ASC LIMIT ?
### Cause: org.postgresql.util.PSQLException: ERROR: relation "public.ecos_runtime_audit_retry" does not exist
  位置：256
; bad SQL grammar []
2026-09-30 23:20:43.803 [scheduling-1] [] WARN  c.c.g.runtime.audit.AuditRetryTask - [AuditRetry] 到期行拉取失败（表缺失/DB 不可用）errType=BadSqlGrammarException msg=
### Error querying database.  Cause: org.postgresql.util.PSQLException: ERROR: relation "public.ecos_runtime_audit_retry" does not exist
  位置：256
### The error may exist in com/chinacreator/gzcm/runtime/audit/mapper/AuditRetryMapper.java (best guess)
### The error may involve com.chinacreator.gzcm.runtime.audit.mapper.AuditRetryMapper.listDue-Inline
### The error occurred while setting parameters
### SQL: SELECT id, event_type AS eventType, payload, attempts, next_retry_at AS nextRetryAt, last_error AS lastError, status, trace_id AS traceId, create_time AS createTime, update_time AS updateTime, version_no AS versionNo, is_deleted AS isDeleted, domain FROM public.ecos_runtime_audit_retry WHERE is_deleted = 0 AND status = 'pending' AND next_retry_at <= ? ORDER BY next_retry_at ASC LIMIT ?
### Cause: org.postgresql.util.PSQLException: ERROR: relation "public.ecos_runtime_audit_retry" does not exist
  位置：256
; bad SQL grammar []
2026-09-30 23:21:43.824 [scheduling-1] [] WARN  c.c.g.runtime.audit.AuditRetryTask - [AuditRetry] 到期行拉取失败（表缺失/DB 不可用）errType=BadSqlGrammarException msg=
### Error querying database.  Cause: org.postgresql.util.PSQLException: ERROR: relation "public.ecos_runtime_audit_retry" does not exist
  位置：256
### The error may exist in com/chinacreator/gzcm/runtime/audit/mapper/AuditRetryMapper.java (best guess)
### The error may involve com.chinacreator.gzcm.runtime.audit.mapper.AuditRetryMapper.listDue-Inline
### The error occurred while setting parameters
### SQL: SELECT id, event_type AS eventType, payload, attempts, next_retry_at AS nextRetryAt, last_error AS lastError, status, trace_id AS traceId, create_time AS createTime, update_time AS updateTime, version_no AS versionNo, is_deleted AS isDeleted, domain FROM public.ecos_runtime_audit_retry WHERE is_deleted = 0 AND status = 'pending' AND next_retry_at <= ? ORDER BY next_retry_at ASC LIMIT ?
### Cause: org.postgresql.util.PSQLException: ERROR: relation "public.ecos_runtime_audit_retry" does not exist
  位置：256
; bad SQL grammar []
2026-09-30 23:22:04.697 [scheduling-1] [] WARN  c.c.gzcm.runtime.dlq.DltLagChecker - [DltLagChecker] AdminClient 创建失败 errType=KafkaException msg=Failed to create new KafkaAdminClient
2026-09-30 23:22:04.697 [scheduling-1] [] WARN  c.c.gzcm.runtime.dlq.DltLagChecker - [DltLagChecker] AdminClient 不可用（bootstrap=localhost:9092），本轮降级跳过
2026-09-30 23:22:43.852 [scheduling-1] [] WARN  c.c.g.runtime.audit.AuditRetryTask - [AuditRetry] 到期行拉取失败（表缺失/DB 不可用）errType=BadSqlGrammarException msg=
### Error querying database.  Cause: org.postgresql.util.PSQLException: ERROR: relation "public.ecos_runtime_audit_retry" does not exist
  位置：256
### The error may exist in com/chinacreator/gzcm/runtime/audit/mapper/AuditRetryMapper.java (best guess)
### The error may involve com.chinacreator.gzcm.runtime.audit.mapper.AuditRetryMapper.listDue-Inline
### The error occurred while setting parameters
### SQL: SELECT id, event_type AS eventType, payload, attempts, next_retry_at AS nextRetryAt, last_error AS lastError, status, trace_id AS traceId, create_time AS createTime, update_time AS updateTime, version_no AS versionNo, is_deleted AS isDeleted, domain FROM public.ecos_runtime_audit_retry WHERE is_deleted = 0 AND status = 'pending' AND next_retry_at <= ? ORDER BY next_retry_at ASC LIMIT ?
### Cause: org.postgresql.util.PSQLException: ERROR: relation "public.ecos_runtime_audit_retry" does not exist
  位置：256
; bad SQL grammar []
2026-09-30 23:23:43.874 [scheduling-1] [] WARN  c.c.g.runtime.audit.AuditRetryTask - [AuditRetry] 到期行拉取失败（表缺失/DB 不可用）errType=BadSqlGrammarException msg=
### Error querying database.  Cause: org.postgresql.util.PSQLException: ERROR: relation "public.ecos_runtime_audit_retry" does not exist
  位置：256
### The error may exist in com/chinacreator/gzcm/runtime/audit/mapper/AuditRetryMapper.java (best guess)
### The error may involve com.chinacreator.gzcm.runtime.audit.mapper.AuditRetryMapper.listDue-Inline
### The error occurred while setting parameters
### SQL: SELECT id, event_type AS eventType, payload, attempts, next_retry_at AS nextRetryAt, last_error AS lastError, status, trace_id AS traceId, create_time AS createTime, update_time AS updateTime, version_no AS versionNo, is_deleted AS isDeleted, domain FROM public.ecos_runtime_audit_retry WHERE is_deleted = 0 AND status = 'pending' AND next_retry_at <= ? ORDER BY next_retry_at ASC LIMIT ?
### Cause: org.postgresql.util.PSQLException: ERROR: relation "public.ecos_runtime_audit_retry" does not exist
  位置：256
; bad SQL grammar []
2026-09-30 23:24:43.881 [scheduling-1] [] WARN  c.c.g.runtime.audit.AuditRetryTask - [AuditRetry] 到期行拉取失败（表缺失/DB 不可用）errType=BadSqlGrammarException msg=
### Error querying database.  Cause: org.postgresql.util.PSQLException: ERROR: relation "public.ecos_runtime_audit_retry" does not exist
  位置：256
### The error may exist in com/chinacreator/gzcm/runtime/audit/mapper/AuditRetryMapper.java (best guess)
### The error may involve com.chinacreator.gzcm.runtime.audit.mapper.AuditRetryMapper.listDue-Inline
### The error occurred while setting parameters
### SQL: SELECT id, event_type AS eventType, payload, attempts, next_retry_at AS nextRetryAt, last_error AS lastError, status, trace_id AS traceId, create_time AS createTime, update_time AS updateTime, version_no AS versionNo, is_deleted AS isDeleted, domain FROM public.ecos_runtime_audit_retry WHERE is_deleted = 0 AND status = 'pending' AND next_retry_at <= ? ORDER BY next_retry_at ASC LIMIT ?
### Cause: org.postgresql.util.PSQLException: ERROR: relation "public.ecos_runtime_audit_retry" does not exist
  位置：256
; bad SQL grammar []
2026-09-30 23:25:43.892 [scheduling-1] [] WARN  c.c.g.runtime.audit.AuditRetryTask - [AuditRetry] 到期行拉取失败（表缺失/DB 不可用）errType=BadSqlGrammarException msg=
### Error querying database.  Cause: org.postgresql.util.PSQLException: ERROR: relation "public.ecos_runtime_audit_retry" does not exist
  位置：256
### The error may exist in com/chinacreator/gzcm/runtime/audit/mapper/AuditRetryMapper.java (best guess)
### The error may involve com.chinacreator.gzcm.runtime.audit.mapper.AuditRetryMapper.listDue-Inline
### The error occurred while setting parameters
### SQL: SELECT id, event_type AS eventType, payload, attempts, next_retry_at AS nextRetryAt, last_error AS lastError, status, trace_id AS traceId, create_time AS createTime, update_time AS updateTime, version_no AS versionNo, is_deleted AS isDeleted, domain FROM public.ecos_runtime_audit_retry WHERE is_deleted = 0 AND status = 'pending' AND next_retry_at <= ? ORDER BY next_retry_at ASC LIMIT ?
### Cause: org.postgresql.util.PSQLException: ERROR: relation "public.ecos_runtime_audit_retry" does not exist
  位置：256
; bad SQL grammar []
2026-09-30 23:26:43.915 [scheduling-1] [] WARN  c.c.g.runtime.audit.AuditRetryTask - [AuditRetry] 到期行拉取失败（表缺失/DB 不可用）errType=BadSqlGrammarException msg=
### Error querying database.  Cause: org.postgresql.util.PSQLException: ERROR: relation "public.ecos_runtime_audit_retry" does not exist
  位置：256
### The error may exist in com/chinacreator/gzcm/runtime/audit/mapper/AuditRetryMapper.java (best guess)
### The error may involve com.chinacreator.gzcm.runtime.audit.mapper.AuditRetryMapper.listDue-Inline
### The error occurred while setting parameters
### SQL: SELECT id, event_type AS eventType, payload, attempts, next_retry_at AS nextRetryAt, last_error AS lastError, status, trace_id AS traceId, create_time AS createTime, update_time AS updateTime, version_no AS versionNo, is_deleted AS isDeleted, domain FROM public.ecos_runtime_audit_retry WHERE is_deleted = 0 AND status = 'pending' AND next_retry_at <= ? ORDER BY next_retry_at ASC LIMIT ?
### Cause: org.postgresql.util.PSQLException: ERROR: relation "public.ecos_runtime_audit_retry" does not exist
  位置：256
; bad SQL grammar []
2026-09-30 23:27:04.727 [scheduling-1] [] WARN  c.c.gzcm.runtime.dlq.DltLagChecker - [DltLagChecker] AdminClient 创建失败 errType=KafkaException msg=Failed to create new KafkaAdminClient
2026-09-30 23:27:04.740 [scheduling-1] [] WARN  c.c.gzcm.runtime.dlq.DltLagChecker - [DltLagChecker] AdminClient 不可用（bootstrap=localhost:9092），本轮降级跳过
2026-09-30 23:27:43.929 [scheduling-1] [] WARN  c.c.g.runtime.audit.AuditRetryTask - [AuditRetry] 到期行拉取失败（表缺失/DB 不可用）errType=BadSqlGrammarException msg=
### Error querying database.  Cause: org.postgresql.util.PSQLException: ERROR: relation "public.ecos_runtime_audit_retry" does not exist
  位置：256
### The error may exist in com/chinacreator/gzcm/runtime/audit/mapper/AuditRetryMapper.java (best guess)
### The error may involve com.chinacreator.gzcm.runtime.audit.mapper.AuditRetryMapper.listDue-Inline
### The error occurred while setting parameters
### SQL: SELECT id, event_type AS eventType, payload, attempts, next_retry_at AS nextRetryAt, last_error AS lastError, status, trace_id AS traceId, create_time AS createTime, update_time AS updateTime, version_no AS versionNo, is_deleted AS isDeleted, domain FROM public.ecos_runtime_audit_retry WHERE is_deleted = 0 AND status = 'pending' AND next_retry_at <= ? ORDER BY next_retry_at ASC LIMIT ?
### Cause: org.postgresql.util.PSQLException: ERROR: relation "public.ecos_runtime_audit_retry" does not exist
  位置：256
; bad SQL grammar []
2026-09-30 23:28:43.951 [scheduling-1] [] WARN  c.c.g.runtime.audit.AuditRetryTask - [AuditRetry] 到期行拉取失败（表缺失/DB 不可用）errType=BadSqlGrammarException msg=
### Error querying database.  Cause: org.postgresql.util.PSQLException: ERROR: relation "public.ecos_runtime_audit_retry" does not exist
  位置：256
### The error may exist in com/chinacreator/gzcm/runtime/audit/mapper/AuditRetryMapper.java (best guess)
### The error may involve com.chinacreator.gzcm.runtime.audit.mapper.AuditRetryMapper.listDue-Inline
### The error occurred while setting parameters
### SQL: SELECT id, event_type AS eventType, payload, attempts, next_retry_at AS nextRetryAt, last_error AS lastError, status, trace_id AS traceId, create_time AS createTime, update_time AS updateTime, version_no AS versionNo, is_deleted AS isDeleted, domain FROM public.ecos_runtime_audit_retry WHERE is_deleted = 0 AND status = 'pending' AND next_retry_at <= ? ORDER BY next_retry_at ASC LIMIT ?
### Cause: org.postgresql.util.PSQLException: ERROR: relation "public.ecos_runtime_audit_retry" does not exist
  位置：256
; bad SQL grammar []
2026-09-30 23:29:43.969 [scheduling-1] [] WARN  c.c.g.runtime.audit.AuditRetryTask - [AuditRetry] 到期行拉取失败（表缺失/DB 不可用）errType=BadSqlGrammarException msg=
### Error querying database.  Cause: org.postgresql.util.PSQLException: ERROR: relation "public.ecos_runtime_audit_retry" does not exist
  位置：256
### The error may exist in com/chinacreator/gzcm/runtime/audit/mapper/AuditRetryMapper.java (best guess)
### The error may involve com.chinacreator.gzcm.runtime.audit.mapper.AuditRetryMapper.listDue-Inline
### The error occurred while setting parameters
### SQL: SELECT id, event_type AS eventType, payload, attempts, next_retry_at AS nextRetryAt, last_error AS lastError, status, trace_id AS traceId, create_time AS createTime, update_time AS updateTime, version_no AS versionNo, is_deleted AS isDeleted, domain FROM public.ecos_runtime_audit_retry WHERE is_deleted = 0 AND status = 'pending' AND next_retry_at <= ? ORDER BY next_retry_at ASC LIMIT ?
### Cause: org.postgresql.util.PSQLException: ERROR: relation "public.ecos_runtime_audit_retry" does not exist
  位置：256
; bad SQL grammar []
2026-09-30 23:30:44.021 [scheduling-1] [] WARN  c.c.g.runtime.audit.AuditRetryTask - [AuditRetry] 到期行拉取失败（表缺失/DB 不可用）errType=BadSqlGrammarException msg=
### Error querying database.  Cause: org.postgresql.util.PSQLException: ERROR: relation "public.ecos_runtime_audit_retry" does not exist
  位置：256
### The error may exist in com/chinacreator/gzcm/runtime/audit/mapper/AuditRetryMapper.java (best guess)
### The error may involve com.chinacreator.gzcm.runtime.audit.mapper.AuditRetryMapper.listDue-Inline
### The error occurred while setting parameters
### SQL: SELECT id, event_type AS eventType, payload, attempts, next_retry_at AS nextRetryAt, last_error AS lastError, status, trace_id AS traceId, create_time AS createTime, update_time AS updateTime, version_no AS versionNo, is_deleted AS isDeleted, domain FROM public.ecos_runtime_audit_retry WHERE is_deleted = 0 AND status = 'pending' AND next_retry_at <= ? ORDER BY next_retry_at ASC LIMIT ?
### Cause: org.postgresql.util.PSQLException: ERROR: relation "public.ecos_runtime_audit_retry" does not exist
  位置：256
; bad SQL grammar []
2026-09-30 23:31:44.042 [scheduling-1] [] WARN  c.c.g.runtime.audit.AuditRetryTask - [AuditRetry] 到期行拉取失败（表缺失/DB 不可用）errType=BadSqlGrammarException msg=
### Error querying database.  Cause: org.postgresql.util.PSQLException: ERROR: relation "public.ecos_runtime_audit_retry" does not exist
  位置：256
### The error may exist in com/chinacreator/gzcm/runtime/audit/mapper/AuditRetryMapper.java (best guess)
### The error may involve com.chinacreator.gzcm.runtime.audit.mapper.AuditRetryMapper.listDue-Inline
### The error occurred while setting parameters
### SQL: SELECT id, event_type AS eventType, payload, attempts, next_retry_at AS nextRetryAt, last_error AS lastError, status, trace_id AS traceId, create_time AS createTime, update_time AS updateTime, version_no AS versionNo, is_deleted AS isDeleted, domain FROM public.ecos_runtime_audit_retry WHERE is_deleted = 0 AND status = 'pending' AND next_retry_at <= ? ORDER BY next_retry_at ASC LIMIT ?
### Cause: org.postgresql.util.PSQLException: ERROR: relation "public.ecos_runtime_audit_retry" does not exist
  位置：256
; bad SQL grammar []
2026-09-30 23:32:04.772 [scheduling-1] [] WARN  c.c.gzcm.runtime.dlq.DltLagChecker - [DltLagChecker] AdminClient 创建失败 errType=KafkaException msg=Failed to create new KafkaAdminClient
2026-09-30 23:32:04.783 [scheduling-1] [] WARN  c.c.gzcm.runtime.dlq.DltLagChecker - [DltLagChecker] AdminClient 不可用（bootstrap=localhost:9092），本轮降级跳过
2026-09-30 23:32:44.068 [scheduling-1] [] WARN  c.c.g.runtime.audit.AuditRetryTask - [AuditRetry] 到期行拉取失败（表缺失/DB 不可用）errType=BadSqlGrammarException msg=
### Error querying database.  Cause: org.postgresql.util.PSQLException: ERROR: relation "public.ecos_runtime_audit_retry" does not exist
  位置：256
### The error may exist in com/chinacreator/gzcm/runtime/audit/mapper/AuditRetryMapper.java (best guess)
### The error may involve com.chinacreator.gzcm.runtime.audit.mapper.AuditRetryMapper.listDue-Inline
### The error occurred while setting parameters
### SQL: SELECT id, event_type AS eventType, payload, attempts, next_retry_at AS nextRetryAt, last_error AS lastError, status, trace_id AS traceId, create_time AS createTime, update_time AS updateTime, version_no AS versionNo, is_deleted AS isDeleted, domain FROM public.ecos_runtime_audit_retry WHERE is_deleted = 0 AND status = 'pending' AND next_retry_at <= ? ORDER BY next_retry_at ASC LIMIT ?
### Cause: org.postgresql.util.PSQLException: ERROR: relation "public.ecos_runtime_audit_retry" does not exist
  位置：256
; bad SQL grammar []
2026-09-30 23:33:44.082 [scheduling-1] [] WARN  c.c.g.runtime.audit.AuditRetryTask - [AuditRetry] 到期行拉取失败（表缺失/DB 不可用）errType=BadSqlGrammarException msg=
### Error querying database.  Cause: org.postgresql.util.PSQLException: ERROR: relation "public.ecos_runtime_audit_retry" does not exist
  位置：256
### The error may exist in com/chinacreator/gzcm/runtime/audit/mapper/AuditRetryMapper.java (best guess)
### The error may involve com.chinacreator.gzcm.runtime.audit.mapper.AuditRetryMapper.listDue-Inline
### The error occurred while setting parameters
### SQL: SELECT id, event_type AS eventType, payload, attempts, next_retry_at AS nextRetryAt, last_error AS lastError, status, trace_id AS traceId, create_time AS createTime, update_time AS updateTime, version_no AS versionNo, is_deleted AS isDeleted, domain FROM public.ecos_runtime_audit_retry WHERE is_deleted = 0 AND status = 'pending' AND next_retry_at <= ? ORDER BY next_retry_at ASC LIMIT ?
### Cause: org.postgresql.util.PSQLException: ERROR: relation "public.ecos_runtime_audit_retry" does not exist
  位置：256
; bad SQL grammar []
2026-09-30 23:34:44.106 [scheduling-1] [] WARN  c.c.g.runtime.audit.AuditRetryTask - [AuditRetry] 到期行拉取失败（表缺失/DB 不可用）errType=BadSqlGrammarException msg=
### Error querying database.  Cause: org.postgresql.util.PSQLException: ERROR: relation "public.ecos_runtime_audit_retry" does not exist
  位置：256
### The error may exist in com/chinacreator/gzcm/runtime/audit/mapper/AuditRetryMapper.java (best guess)
### The error may involve com.chinacreator.gzcm.runtime.audit.mapper.AuditRetryMapper.listDue-Inline
### The error occurred while setting parameters
### SQL: SELECT id, event_type AS eventType, payload, attempts, next_retry_at AS nextRetryAt, last_error AS lastError, status, trace_id AS traceId, create_time AS createTime, update_time AS updateTime, version_no AS versionNo, is_deleted AS isDeleted, domain FROM public.ecos_runtime_audit_retry WHERE is_deleted = 0 AND status = 'pending' AND next_retry_at <= ? ORDER BY next_retry_at ASC LIMIT ?
### Cause: org.postgresql.util.PSQLException: ERROR: relation "public.ecos_runtime_audit_retry" does not exist
  位置：256
; bad SQL grammar []
2026-09-30 23:35:44.133 [scheduling-1] [] WARN  c.c.g.runtime.audit.AuditRetryTask - [AuditRetry] 到期行拉取失败（表缺失/DB 不可用）errType=BadSqlGrammarException msg=
### Error querying database.  Cause: org.postgresql.util.PSQLException: ERROR: relation "public.ecos_runtime_audit_retry" does not exist
  位置：256
### The error may exist in com/chinacreator/gzcm/runtime/audit/mapper/AuditRetryMapper.java (best guess)
### The error may involve com.chinacreator.gzcm.runtime.audit.mapper.AuditRetryMapper.listDue-Inline
### The error occurred while setting parameters
### SQL: SELECT id, event_type AS eventType, payload, attempts, next_retry_at AS nextRetryAt, last_error AS lastError, status, trace_id AS traceId, create_time AS createTime, update_time AS updateTime, version_no AS versionNo, is_deleted AS isDeleted, domain FROM public.ecos_runtime_audit_retry WHERE is_deleted = 0 AND status = 'pending' AND next_retry_at <= ? ORDER BY next_retry_at ASC LIMIT ?
### Cause: org.postgresql.util.PSQLException: ERROR: relation "public.ecos_runtime_audit_retry" does not exist
  位置：256
; bad SQL grammar []
2026-09-30 23:36:44.155 [scheduling-1] [] WARN  c.c.g.runtime.audit.AuditRetryTask - [AuditRetry] 到期行拉取失败（表缺失/DB 不可用）errType=BadSqlGrammarException msg=
### Error querying database.  Cause: org.postgresql.util.PSQLException: ERROR: relation "public.ecos_runtime_audit_retry" does not exist
  位置：256
### The error may exist in com/chinacreator/gzcm/runtime/audit/mapper/AuditRetryMapper.java (best guess)
### The error may involve com.chinacreator.gzcm.runtime.audit.mapper.AuditRetryMapper.listDue-Inline
### The error occurred while setting parameters
### SQL: SELECT id, event_type AS eventType, payload, attempts, next_retry_at AS nextRetryAt, last_error AS lastError, status, trace_id AS traceId, create_time AS createTime, update_time AS updateTime, version_no AS versionNo, is_deleted AS isDeleted, domain FROM public.ecos_runtime_audit_retry WHERE is_deleted = 0 AND status = 'pending' AND next_retry_at <= ? ORDER BY next_retry_at ASC LIMIT ?
### Cause: org.postgresql.util.PSQLException: ERROR: relation "public.ecos_runtime_audit_retry" does not exist
  位置：256
; bad SQL grammar []
2026-09-30 23:37:04.808 [scheduling-1] [] WARN  c.c.gzcm.runtime.dlq.DltLagChecker - [DltLagChecker] AdminClient 创建失败 errType=KafkaException msg=Failed to create new KafkaAdminClient
2026-09-30 23:37:04.809 [scheduling-1] [] WARN  c.c.gzcm.runtime.dlq.DltLagChecker - [DltLagChecker] AdminClient 不可用（bootstrap=localhost:9092），本轮降级跳过
2026-09-30 23:37:44.172 [scheduling-1] [] WARN  c.c.g.runtime.audit.AuditRetryTask - [AuditRetry] 到期行拉取失败（表缺失/DB 不可用）errType=BadSqlGrammarException msg=
### Error querying database.  Cause: org.postgresql.util.PSQLException: ERROR: relation "public.ecos_runtime_audit_retry" does not exist
  位置：256
### The error may exist in com/chinacreator/gzcm/runtime/audit/mapper/AuditRetryMapper.java (best guess)
### The error may involve com.chinacreator.gzcm.runtime.audit.mapper.AuditRetryMapper.listDue-Inline
### The error occurred while setting parameters
### SQL: SELECT id, event_type AS eventType, payload, attempts, next_retry_at AS nextRetryAt, last_error AS lastError, status, trace_id AS traceId, create_time AS createTime, update_time AS updateTime, version_no AS versionNo, is_deleted AS isDeleted, domain FROM public.ecos_runtime_audit_retry WHERE is_deleted = 0 AND status = 'pending' AND next_retry_at <= ? ORDER BY next_retry_at ASC LIMIT ?
### Cause: org.postgresql.util.PSQLException: ERROR: relation "public.ecos_runtime_audit_retry" does not exist
  位置：256
; bad SQL grammar []
2026-09-30 23:38:44.203 [scheduling-1] [] WARN  c.c.g.runtime.audit.AuditRetryTask - [AuditRetry] 到期行拉取失败（表缺失/DB 不可用）errType=BadSqlGrammarException msg=
### Error querying database.  Cause: org.postgresql.util.PSQLException: ERROR: relation "public.ecos_runtime_audit_retry" does not exist
  位置：256
### The error may exist in com/chinacreator/gzcm/runtime/audit/mapper/AuditRetryMapper.java (best guess)
### The error may involve com.chinacreator.gzcm.runtime.audit.mapper.AuditRetryMapper.listDue-Inline
### The error occurred while setting parameters
### SQL: SELECT id, event_type AS eventType, payload, attempts, next_retry_at AS nextRetryAt, last_error AS lastError, status, trace_id AS traceId, create_time AS createTime, update_time AS updateTime, version_no AS versionNo, is_deleted AS isDeleted, domain FROM public.ecos_runtime_audit_retry WHERE is_deleted = 0 AND status = 'pending' AND next_retry_at <= ? ORDER BY next_retry_at ASC LIMIT ?
### Cause: org.postgresql.util.PSQLException: ERROR: relation "public.ecos_runtime_audit_retry" does not exist
  位置：256
; bad SQL grammar []
2026-09-30 23:39:44.228 [scheduling-1] [] WARN  c.c.g.runtime.audit.AuditRetryTask - [AuditRetry] 到期行拉取失败（表缺失/DB 不可用）errType=BadSqlGrammarException msg=
### Error querying database.  Cause: org.postgresql.util.PSQLException: ERROR: relation "public.ecos_runtime_audit_retry" does not exist
  位置：256
### The error may exist in com/chinacreator/gzcm/runtime/audit/mapper/AuditRetryMapper.java (best guess)
### The error may involve com.chinacreator.gzcm.runtime.audit.mapper.AuditRetryMapper.listDue-Inline
### The error occurred while setting parameters
### SQL: SELECT id, event_type AS eventType, payload, attempts, next_retry_at AS nextRetryAt, last_error AS lastError, status, trace_id AS traceId, create_time AS createTime, update_time AS updateTime, version_no AS versionNo, is_deleted AS isDeleted, domain FROM public.ecos_runtime_audit_retry WHERE is_deleted = 0 AND status = 'pending' AND next_retry_at <= ? ORDER BY next_retry_at ASC LIMIT ?
### Cause: org.postgresql.util.PSQLException: ERROR: relation "public.ecos_runtime_audit_retry" does not exist
  位置：256
; bad SQL grammar []
2026-09-30 23:40:44.273 [scheduling-1] [] WARN  c.c.g.runtime.audit.AuditRetryTask - [AuditRetry] 到期行拉取失败（表缺失/DB 不可用）errType=BadSqlGrammarException msg=
### Error querying database.  Cause: org.postgresql.util.PSQLException: ERROR: relation "public.ecos_runtime_audit_retry" does not exist
  位置：256
### The error may exist in com/chinacreator/gzcm/runtime/audit/mapper/AuditRetryMapper.java (best guess)
### The error may involve com.chinacreator.gzcm.runtime.audit.mapper.AuditRetryMapper.listDue-Inline
### The error occurred while setting parameters
### SQL: SELECT id, event_type AS eventType, payload, attempts, next_retry_at AS nextRetryAt, last_error AS lastError, status, trace_id AS traceId, create_time AS createTime, update_time AS updateTime, version_no AS versionNo, is_deleted AS isDeleted, domain FROM public.ecos_runtime_audit_retry WHERE is_deleted = 0 AND status = 'pending' AND next_retry_at <= ? ORDER BY next_retry_at ASC LIMIT ?
### Cause: org.postgresql.util.PSQLException: ERROR: relation "public.ecos_runtime_audit_retry" does not exist
  位置：256
; bad SQL grammar []
2026-09-30 23:41:44.300 [scheduling-1] [] WARN  c.c.g.runtime.audit.AuditRetryTask - [AuditRetry] 到期行拉取失败（表缺失/DB 不可用）errType=BadSqlGrammarException msg=
### Error querying database.  Cause: org.postgresql.util.PSQLException: ERROR: relation "public.ecos_runtime_audit_retry" does not exist
  位置：256
### The error may exist in com/chinacreator/gzcm/runtime/audit/mapper/AuditRetryMapper.java (best guess)
### The error may involve com.chinacreator.gzcm.runtime.audit.mapper.AuditRetryMapper.listDue-Inline
### The error occurred while setting parameters
### SQL: SELECT id, event_type AS eventType, payload, attempts, next_retry_at AS nextRetryAt, last_error AS lastError, status, trace_id AS traceId, create_time AS createTime, update_time AS updateTime, version_no AS versionNo, is_deleted AS isDeleted, domain FROM public.ecos_runtime_audit_retry WHERE is_deleted = 0 AND status = 'pending' AND next_retry_at <= ? ORDER BY next_retry_at ASC LIMIT ?
### Cause: org.postgresql.util.PSQLException: ERROR: relation "public.ecos_runtime_audit_retry" does not exist
  位置：256
; bad SQL grammar []
2026-09-30 23:42:04.849 [scheduling-1] [] WARN  c.c.gzcm.runtime.dlq.DltLagChecker - [DltLagChecker] AdminClient 创建失败 errType=KafkaException msg=Failed to create new KafkaAdminClient
2026-09-30 23:42:04.861 [scheduling-1] [] WARN  c.c.gzcm.runtime.dlq.DltLagChecker - [DltLagChecker] AdminClient 不可用（bootstrap=localhost:9092），本轮降级跳过
2026-09-30 23:42:44.331 [scheduling-1] [] WARN  c.c.g.runtime.audit.AuditRetryTask - [AuditRetry] 到期行拉取失败（表缺失/DB 不可用）errType=BadSqlGrammarException msg=
### Error querying database.  Cause: org.postgresql.util.PSQLException: ERROR: relation "public.ecos_runtime_audit_retry" does not exist
  位置：256
### The error may exist in com/chinacreator/gzcm/runtime/audit/mapper/AuditRetryMapper.java (best guess)
### The error may involve com.chinacreator.gzcm.runtime.audit.mapper.AuditRetryMapper.listDue-Inline
### The error occurred while setting parameters
### SQL: SELECT id, event_type AS eventType, payload, attempts, next_retry_at AS nextRetryAt, last_error AS lastError, status, trace_id AS traceId, create_time AS createTime, update_time AS updateTime, version_no AS versionNo, is_deleted AS isDeleted, domain FROM public.ecos_runtime_audit_retry WHERE is_deleted = 0 AND status = 'pending' AND next_retry_at <= ? ORDER BY next_retry_at ASC LIMIT ?
### Cause: org.postgresql.util.PSQLException: ERROR: relation "public.ecos_runtime_audit_retry" does not exist
  位置：256
; bad SQL grammar []
2026-09-30 23:43:44.347 [scheduling-1] [] WARN  c.c.g.runtime.audit.AuditRetryTask - [AuditRetry] 到期行拉取失败（表缺失/DB 不可用）errType=BadSqlGrammarException msg=
### Error querying database.  Cause: org.postgresql.util.PSQLException: ERROR: relation "public.ecos_runtime_audit_retry" does not exist
  位置：256
### The error may exist in com/chinacreator/gzcm/runtime/audit/mapper/AuditRetryMapper.java (best guess)
### The error may involve com.chinacreator.gzcm.runtime.audit.mapper.AuditRetryMapper.listDue-Inline
### The error occurred while setting parameters
### SQL: SELECT id, event_type AS eventType, payload, attempts, next_retry_at AS nextRetryAt, last_error AS lastError, status, trace_id AS traceId, create_time AS createTime, update_time AS updateTime, version_no AS versionNo, is_deleted AS isDeleted, domain FROM public.ecos_runtime_audit_retry WHERE is_deleted = 0 AND status = 'pending' AND next_retry_at <= ? ORDER BY next_retry_at ASC LIMIT ?
### Cause: org.postgresql.util.PSQLException: ERROR: relation "public.ecos_runtime_audit_retry" does not exist
  位置：256
; bad SQL grammar []
2026-09-30 23:44:44.369 [scheduling-1] [] WARN  c.c.g.runtime.audit.AuditRetryTask - [AuditRetry] 到期行拉取失败（表缺失/DB 不可用）errType=BadSqlGrammarException msg=
### Error querying database.  Cause: org.postgresql.util.PSQLException: ERROR: relation "public.ecos_runtime_audit_retry" does not exist
  位置：256
### The error may exist in com/chinacreator/gzcm/runtime/audit/mapper/AuditRetryMapper.java (best guess)
### The error may involve com.chinacreator.gzcm.runtime.audit.mapper.AuditRetryMapper.listDue-Inline
### The error occurred while setting parameters
### SQL: SELECT id, event_type AS eventType, payload, attempts, next_retry_at AS nextRetryAt, last_error AS lastError, status, trace_id AS traceId, create_time AS createTime, update_time AS updateTime, version_no AS versionNo, is_deleted AS isDeleted, domain FROM public.ecos_runtime_audit_retry WHERE is_deleted = 0 AND status = 'pending' AND next_retry_at <= ? ORDER BY next_retry_at ASC LIMIT ?
### Cause: org.postgresql.util.PSQLException: ERROR: relation "public.ecos_runtime_audit_retry" does not exist
  位置：256
; bad SQL grammar []
2026-09-30 23:45:44.387 [scheduling-1] [] WARN  c.c.g.runtime.audit.AuditRetryTask - [AuditRetry] 到期行拉取失败（表缺失/DB 不可用）errType=BadSqlGrammarException msg=
### Error querying database.  Cause: org.postgresql.util.PSQLException: ERROR: relation "public.ecos_runtime_audit_retry" does not exist
  位置：256
### The error may exist in com/chinacreator/gzcm/runtime/audit/mapper/AuditRetryMapper.java (best guess)
### The error may involve com.chinacreator.gzcm.runtime.audit.mapper.AuditRetryMapper.listDue-Inline
### The error occurred while setting parameters
### SQL: SELECT id, event_type AS eventType, payload, attempts, next_retry_at AS nextRetryAt, last_error AS lastError, status, trace_id AS traceId, create_time AS createTime, update_time AS updateTime, version_no AS versionNo, is_deleted AS isDeleted, domain FROM public.ecos_runtime_audit_retry WHERE is_deleted = 0 AND status = 'pending' AND next_retry_at <= ? ORDER BY next_retry_at ASC LIMIT ?
### Cause: org.postgresql.util.PSQLException: ERROR: relation "public.ecos_runtime_audit_retry" does not exist
  位置：256
; bad SQL grammar []
2026-09-30 23:46:44.407 [scheduling-1] [] WARN  c.c.g.runtime.audit.AuditRetryTask - [AuditRetry] 到期行拉取失败（表缺失/DB 不可用）errType=BadSqlGrammarException msg=
### Error querying database.  Cause: org.postgresql.util.PSQLException: ERROR: relation "public.ecos_runtime_audit_retry" does not exist
  位置：256
### The error may exist in com/chinacreator/gzcm/runtime/audit/mapper/AuditRetryMapper.java (best guess)
### The error may involve com.chinacreator.gzcm.runtime.audit.mapper.AuditRetryMapper.listDue-Inline
### The error occurred while setting parameters
### SQL: SELECT id, event_type AS eventType, payload, attempts, next_retry_at AS nextRetryAt, last_error AS lastError, status, trace_id AS traceId, create_time AS createTime, update_time AS updateTime, version_no AS versionNo, is_deleted AS isDeleted, domain FROM public.ecos_runtime_audit_retry WHERE is_deleted = 0 AND status = 'pending' AND next_retry_at <= ? ORDER BY next_retry_at ASC LIMIT ?
### Cause: org.postgresql.util.PSQLException: ERROR: relation "public.ecos_runtime_audit_retry" does not exist
  位置：256
; bad SQL grammar []
2026-09-30 23:47:04.873 [scheduling-1] [] WARN  c.c.gzcm.runtime.dlq.DltLagChecker - [DltLagChecker] AdminClient 创建失败 errType=KafkaException msg=Failed to create new KafkaAdminClient
2026-09-30 23:47:04.875 [scheduling-1] [] WARN  c.c.gzcm.runtime.dlq.DltLagChecker - [DltLagChecker] AdminClient 不可用（bootstrap=localhost:9092），本轮降级跳过
2026-09-30 23:47:44.423 [scheduling-1] [] WARN  c.c.g.runtime.audit.AuditRetryTask - [AuditRetry] 到期行拉取失败（表缺失/DB 不可用）errType=BadSqlGrammarException msg=
### Error querying database.  Cause: org.postgresql.util.PSQLException: ERROR: relation "public.ecos_runtime_audit_retry" does not exist
  位置：256
### The error may exist in com/chinacreator/gzcm/runtime/audit/mapper/AuditRetryMapper.java (best guess)
### The error may involve com.chinacreator.gzcm.runtime.audit.mapper.AuditRetryMapper.listDue-Inline
### The error occurred while setting parameters
### SQL: SELECT id, event_type AS eventType, payload, attempts, next_retry_at AS nextRetryAt, last_error AS lastError, status, trace_id AS traceId, create_time AS createTime, update_time AS updateTime, version_no AS versionNo, is_deleted AS isDeleted, domain FROM public.ecos_runtime_audit_retry WHERE is_deleted = 0 AND status = 'pending' AND next_retry_at <= ? ORDER BY next_retry_at ASC LIMIT ?
### Cause: org.postgresql.util.PSQLException: ERROR: relation "public.ecos_runtime_audit_retry" does not exist
  位置：256
; bad SQL grammar []
2026-09-30 23:48:44.445 [scheduling-1] [] WARN  c.c.g.runtime.audit.AuditRetryTask - [AuditRetry] 到期行拉取失败（表缺失/DB 不可用）errType=BadSqlGrammarException msg=
### Error querying database.  Cause: org.postgresql.util.PSQLException: ERROR: relation "public.ecos_runtime_audit_retry" does not exist
  位置：256
### The error may exist in com/chinacreator/gzcm/runtime/audit/mapper/AuditRetryMapper.java (best guess)
### The error may involve com.chinacreator.gzcm.runtime.audit.mapper.AuditRetryMapper.listDue-Inline
### The error occurred while setting parameters
### SQL: SELECT id, event_type AS eventType, payload, attempts, next_retry_at AS nextRetryAt, last_error AS lastError, status, trace_id AS traceId, create_time AS createTime, update_time AS updateTime, version_no AS versionNo, is_deleted AS isDeleted, domain FROM public.ecos_runtime_audit_retry WHERE is_deleted = 0 AND status = 'pending' AND next_retry_at <= ? ORDER BY next_retry_at ASC LIMIT ?
### Cause: org.postgresql.util.PSQLException: ERROR: relation "public.ecos_runtime_audit_retry" does not exist
  位置：256
; bad SQL grammar []
2026-09-30 23:49:44.469 [scheduling-1] [] WARN  c.c.g.runtime.audit.AuditRetryTask - [AuditRetry] 到期行拉取失败（表缺失/DB 不可用）errType=BadSqlGrammarException msg=
### Error querying database.  Cause: org.postgresql.util.PSQLException: ERROR: relation "public.ecos_runtime_audit_retry" does not exist
  位置：256
### The error may exist in com/chinacreator/gzcm/runtime/audit/mapper/AuditRetryMapper.java (best guess)
### The error may involve com.chinacreator.gzcm.runtime.audit.mapper.AuditRetryMapper.listDue-Inline
### The error occurred while setting parameters
### SQL: SELECT id, event_type AS eventType, payload, attempts, next_retry_at AS nextRetryAt, last_error AS lastError, status, trace_id AS traceId, create_time AS createTime, update_time AS updateTime, version_no AS versionNo, is_deleted AS isDeleted, domain FROM public.ecos_runtime_audit_retry WHERE is_deleted = 0 AND status = 'pending' AND next_retry_at <= ? ORDER BY next_retry_at ASC LIMIT ?
### Cause: org.postgresql.util.PSQLException: ERROR: relation "public.ecos_runtime_audit_retry" does not exist
  位置：256
; bad SQL grammar []
2026-09-30 23:50:44.489 [scheduling-1] [] WARN  c.c.g.runtime.audit.AuditRetryTask - [AuditRetry] 到期行拉取失败（表缺失/DB 不可用）errType=BadSqlGrammarException msg=
### Error querying database.  Cause: org.postgresql.util.PSQLException: ERROR: relation "public.ecos_runtime_audit_retry" does not exist
  位置：256
### The error may exist in com/chinacreator/gzcm/runtime/audit/mapper/AuditRetryMapper.java (best guess)
### The error may involve com.chinacreator.gzcm.runtime.audit.mapper.AuditRetryMapper.listDue-Inline
### The error occurred while setting parameters
### SQL: SELECT id, event_type AS eventType, payload, attempts, next_retry_at AS nextRetryAt, last_error AS lastError, status, trace_id AS traceId, create_time AS createTime, update_time AS updateTime, version_no AS versionNo, is_deleted AS isDeleted, domain FROM public.ecos_runtime_audit_retry WHERE is_deleted = 0 AND status = 'pending' AND next_retry_at <= ? ORDER BY next_retry_at ASC LIMIT ?
### Cause: org.postgresql.util.PSQLException: ERROR: relation "public.ecos_runtime_audit_retry" does not exist
  位置：256
; bad SQL grammar []
2026-09-30 23:51:44.513 [scheduling-1] [] WARN  c.c.g.runtime.audit.AuditRetryTask - [AuditRetry] 到期行拉取失败（表缺失/DB 不可用）errType=BadSqlGrammarException msg=
### Error querying database.  Cause: org.postgresql.util.PSQLException: ERROR: relation "public.ecos_runtime_audit_retry" does not exist
  位置：256
### The error may exist in com/chinacreator/gzcm/runtime/audit/mapper/AuditRetryMapper.java (best guess)
### The error may involve com.chinacreator.gzcm.runtime.audit.mapper.AuditRetryMapper.listDue-Inline
### The error occurred while setting parameters
### SQL: SELECT id, event_type AS eventType, payload, attempts, next_retry_at AS nextRetryAt, last_error AS lastError, status, trace_id AS traceId, create_time AS createTime, update_time AS updateTime, version_no AS versionNo, is_deleted AS isDeleted, domain FROM public.ecos_runtime_audit_retry WHERE is_deleted = 0 AND status = 'pending' AND next_retry_at <= ? ORDER BY next_retry_at ASC LIMIT ?
### Cause: org.postgresql.util.PSQLException: ERROR: relation "public.ecos_runtime_audit_retry" does not exist
  位置：256
; bad SQL grammar []
2026-09-30 23:52:04.905 [scheduling-1] [] WARN  c.c.gzcm.runtime.dlq.DltLagChecker - [DltLagChecker] AdminClient 创建失败 errType=KafkaException msg=Failed to create new KafkaAdminClient
2026-09-30 23:52:04.907 [scheduling-1] [] WARN  c.c.gzcm.runtime.dlq.DltLagChecker - [DltLagChecker] AdminClient 不可用（bootstrap=localhost:9092），本轮降级跳过
2026-09-30 23:52:44.530 [scheduling-1] [] WARN  c.c.g.runtime.audit.AuditRetryTask - [AuditRetry] 到期行拉取失败（表缺失/DB 不可用）errType=BadSqlGrammarException msg=
### Error querying database.  Cause: org.postgresql.util.PSQLException: ERROR: relation "public.ecos_runtime_audit_retry" does not exist
  位置：256
### The error may exist in com/chinacreator/gzcm/runtime/audit/mapper/AuditRetryMapper.java (best guess)
### The error may involve com.chinacreator.gzcm.runtime.audit.mapper.AuditRetryMapper.listDue-Inline
### The error occurred while setting parameters
### SQL: SELECT id, event_type AS eventType, payload, attempts, next_retry_at AS nextRetryAt, last_error AS lastError, status, trace_id AS traceId, create_time AS createTime, update_time AS updateTime, version_no AS versionNo, is_deleted AS isDeleted, domain FROM public.ecos_runtime_audit_retry WHERE is_deleted = 0 AND status = 'pending' AND next_retry_at <= ? ORDER BY next_retry_at ASC LIMIT ?
### Cause: org.postgresql.util.PSQLException: ERROR: relation "public.ecos_runtime_audit_retry" does not exist
  位置：256
; bad SQL grammar []
2026-09-30 23:53:44.538 [scheduling-1] [] WARN  c.c.g.runtime.audit.AuditRetryTask - [AuditRetry] 到期行拉取失败（表缺失/DB 不可用）errType=BadSqlGrammarException msg=
### Error querying database.  Cause: org.postgresql.util.PSQLException: ERROR: relation "public.ecos_runtime_audit_retry" does not exist
  位置：256
### The error may exist in com/chinacreator/gzcm/runtime/audit/mapper/AuditRetryMapper.java (best guess)
### The error may involve com.chinacreator.gzcm.runtime.audit.mapper.AuditRetryMapper.listDue-Inline
### The error occurred while setting parameters
### SQL: SELECT id, event_type AS eventType, payload, attempts, next_retry_at AS nextRetryAt, last_error AS lastError, status, trace_id AS traceId, create_time AS createTime, update_time AS updateTime, version_no AS versionNo, is_deleted AS isDeleted, domain FROM public.ecos_runtime_audit_retry WHERE is_deleted = 0 AND status = 'pending' AND next_retry_at <= ? ORDER BY next_retry_at ASC LIMIT ?
### Cause: org.postgresql.util.PSQLException: ERROR: relation "public.ecos_runtime_audit_retry" does not exist
  位置：256
; bad SQL grammar []
2026-09-30 23:54:44.556 [scheduling-1] [] WARN  c.c.g.runtime.audit.AuditRetryTask - [AuditRetry] 到期行拉取失败（表缺失/DB 不可用）errType=BadSqlGrammarException msg=
### Error querying database.  Cause: org.postgresql.util.PSQLException: ERROR: relation "public.ecos_runtime_audit_retry" does not exist
  位置：256
### The error may exist in com/chinacreator/gzcm/runtime/audit/mapper/AuditRetryMapper.java (best guess)
### The error may involve com.chinacreator.gzcm.runtime.audit.mapper.AuditRetryMapper.listDue-Inline
### The error occurred while setting parameters
### SQL: SELECT id, event_type AS eventType, payload, attempts, next_retry_at AS nextRetryAt, last_error AS lastError, status, trace_id AS traceId, create_time AS createTime, update_time AS updateTime, version_no AS versionNo, is_deleted AS isDeleted, domain FROM public.ecos_runtime_audit_retry WHERE is_deleted = 0 AND status = 'pending' AND next_retry_at <= ? ORDER BY next_retry_at ASC LIMIT ?
### Cause: org.postgresql.util.PSQLException: ERROR: relation "public.ecos_runtime_audit_retry" does not exist
  位置：256
; bad SQL grammar []
2026-09-30 23:55:44.596 [scheduling-1] [] WARN  c.c.g.runtime.audit.AuditRetryTask - [AuditRetry] 到期行拉取失败（表缺失/DB 不可用）errType=BadSqlGrammarException msg=
### Error querying database.  Cause: org.postgresql.util.PSQLException: ERROR: relation "public.ecos_runtime_audit_retry" does not exist
  位置：256
### The error may exist in com/chinacreator/gzcm/runtime/audit/mapper/AuditRetryMapper.java (best guess)
### The error may involve com.chinacreator.gzcm.runtime.audit.mapper.AuditRetryMapper.listDue-Inline
### The error occurred while setting parameters
### SQL: SELECT id, event_type AS eventType, payload, attempts, next_retry_at AS nextRetryAt, last_error AS lastError, status, trace_id AS traceId, create_time AS createTime, update_time AS updateTime, version_no AS versionNo, is_deleted AS isDeleted, domain FROM public.ecos_runtime_audit_retry WHERE is_deleted = 0 AND status = 'pending' AND next_retry_at <= ? ORDER BY next_retry_at ASC LIMIT ?
### Cause: org.postgresql.util.PSQLException: ERROR: relation "public.ecos_runtime_audit_retry" does not exist
  位置：256
; bad SQL grammar []
2026-09-30 23:56:44.627 [scheduling-1] [] WARN  c.c.g.runtime.audit.AuditRetryTask - [AuditRetry] 到期行拉取失败（表缺失/DB 不可用）errType=BadSqlGrammarException msg=
### Error querying database.  Cause: org.postgresql.util.PSQLException: ERROR: relation "public.ecos_runtime_audit_retry" does not exist
  位置：256
### The error may exist in com/chinacreator/gzcm/runtime/audit/mapper/AuditRetryMapper.java (best guess)
### The error may involve com.chinacreator.gzcm.runtime.audit.mapper.AuditRetryMapper.listDue-Inline
### The error occurred while setting parameters
### SQL: SELECT id, event_type AS eventType, payload, attempts, next_retry_at AS nextRetryAt, last_error AS lastError, status, trace_id AS traceId, create_time AS createTime, update_time AS updateTime, version_no AS versionNo, is_deleted AS isDeleted, domain FROM public.ecos_runtime_audit_retry WHERE is_deleted = 0 AND status = 'pending' AND next_retry_at <= ? ORDER BY next_retry_at ASC LIMIT ?
### Cause: org.postgresql.util.PSQLException: ERROR: relation "public.ecos_runtime_audit_retry" does not exist
  位置：256
; bad SQL grammar []
2026-09-30 23:57:04.925 [scheduling-1] [] WARN  c.c.gzcm.runtime.dlq.DltLagChecker - [DltLagChecker] AdminClient 创建失败 errType=KafkaException msg=Failed to create new KafkaAdminClient
2026-09-30 23:57:04.925 [scheduling-1] [] WARN  c.c.gzcm.runtime.dlq.DltLagChecker - [DltLagChecker] AdminClient 不可用（bootstrap=localhost:9092），本轮降级跳过
2026-09-30 23:57:44.654 [scheduling-1] [] WARN  c.c.g.runtime.audit.AuditRetryTask - [AuditRetry] 到期行拉取失败（表缺失/DB 不可用）errType=BadSqlGrammarException msg=
### Error querying database.  Cause: org.postgresql.util.PSQLException: ERROR: relation "public.ecos_runtime_audit_retry" does not exist
  位置：256
### The error may exist in com/chinacreator/gzcm/runtime/audit/mapper/AuditRetryMapper.java (best guess)
### The error may involve com.chinacreator.gzcm.runtime.audit.mapper.AuditRetryMapper.listDue-Inline
### The error occurred while setting parameters
### SQL: SELECT id, event_type AS eventType, payload, attempts, next_retry_at AS nextRetryAt, last_error AS lastError, status, trace_id AS traceId, create_time AS createTime, update_time AS updateTime, version_no AS versionNo, is_deleted AS isDeleted, domain FROM public.ecos_runtime_audit_retry WHERE is_deleted = 0 AND status = 'pending' AND next_retry_at <= ? ORDER BY next_retry_at ASC LIMIT ?
### Cause: org.postgresql.util.PSQLException: ERROR: relation "public.ecos_runtime_audit_retry" does not exist
  位置：256
; bad SQL grammar []
2026-09-30 23:58:44.679 [scheduling-1] [] WARN  c.c.g.runtime.audit.AuditRetryTask - [AuditRetry] 到期行拉取失败（表缺失/DB 不可用）errType=BadSqlGrammarException msg=
### Error querying database.  Cause: org.postgresql.util.PSQLException: ERROR: relation "public.ecos_runtime_audit_retry" does not exist
  位置：256
### The error may exist in com/chinacreator/gzcm/runtime/audit/mapper/AuditRetryMapper.java (best guess)
### The error may involve com.chinacreator.gzcm.runtime.audit.mapper.AuditRetryMapper.listDue-Inline
### The error occurred while setting parameters
### SQL: SELECT id, event_type AS eventType, payload, attempts, next_retry_at AS nextRetryAt, last_error AS lastError, status, trace_id AS traceId, create_time AS createTime, update_time AS updateTime, version_no AS versionNo, is_deleted AS isDeleted, domain FROM public.ecos_runtime_audit_retry WHERE is_deleted = 0 AND status = 'pending' AND next_retry_at <= ? ORDER BY next_retry_at ASC LIMIT ?
### Cause: org.postgresql.util.PSQLException: ERROR: relation "public.ecos_runtime_audit_retry" does not exist
  位置：256
; bad SQL grammar []
2026-09-30 23:59:44.717 [scheduling-1] [] WARN  c.c.g.runtime.audit.AuditRetryTask - [AuditRetry] 到期行拉取失败（表缺失/DB 不可用）errType=BadSqlGrammarException msg=
### Error querying database.  Cause: org.postgresql.util.PSQLException: ERROR: relation "public.ecos_runtime_audit_retry" does not exist
  位置：256
### The error may exist in com/chinacreator/gzcm/runtime/audit/mapper/AuditRetryMapper.java (best guess)
### The error may involve com.chinacreator.gzcm.runtime.audit.mapper.AuditRetryMapper.listDue-Inline
### The error occurred while setting parameters
### SQL: SELECT id, event_type AS eventType, payload, attempts, next_retry_at AS nextRetryAt, last_error AS lastError, status, trace_id AS traceId, create_time AS createTime, update_time AS updateTime, version_no AS versionNo, is_deleted AS isDeleted, domain FROM public.ecos_runtime_audit_retry WHERE is_deleted = 0 AND status = 'pending' AND next_retry_at <= ? ORDER BY next_retry_at ASC LIMIT ?
### Cause: org.postgresql.util.PSQLException: ERROR: relation "public.ecos_runtime_audit_retry" does not exist
  位置：256
; bad SQL grammar []
