2026-10-10 08:02:37.040 [main] [] INFO  c.c.g.s.a.AimingServiceApplication - Starting AimingServiceApplication using Java 17.0.17 with PID 1196 (D:\workspace\javaprojects\ECOS\ecos_backend\services\aiming\target\aiming-service-1.0.0-SNAPSHOT.jar started by guoro in D:\workspace\javaprojects\ECOS)
2026-10-10 08:02:37.065 [main] [] INFO  c.c.g.s.a.AimingServiceApplication - The following 1 profile is active: "enterprise"
2026-10-10 08:02:42.645 [main] [] WARN  o.m.s.mapper.ClassPathMapperScanner - Skipping MapperFactoryBean with name 'alertRecordMapper' and 'com.chinacreator.gzcm.runtime.core.alert.mapper.AlertRecordMapper' mapperInterface. Bean already defined with the same name!
2026-10-10 08:02:42.648 [main] [] WARN  o.m.s.mapper.ClassPathMapperScanner - Skipping MapperFactoryBean with name 'alertRuleMapper' and 'com.chinacreator.gzcm.runtime.core.alert.mapper.AlertRuleMapper' mapperInterface. Bean already defined with the same name!
2026-10-10 08:02:42.653 [main] [] WARN  o.m.s.mapper.ClassPathMapperScanner - Skipping MapperFactoryBean with name 'IMonitorDataDao' and 'com.chinacreator.gzcm.runtime.core.monitor.monitordata.dao.IMonitorDataDao' mapperInterface. Bean already defined with the same name!
2026-10-10 08:02:42.655 [main] [] WARN  o.m.s.mapper.ClassPathMapperScanner - Skipping MapperFactoryBean with name 'IMonitorObjectDao' and 'com.chinacreator.gzcm.runtime.core.monitor.monitorobject.dao.IMonitorObjectDao' mapperInterface. Bean already defined with the same name!
2026-10-10 08:02:42.657 [main] [] WARN  o.m.s.mapper.ClassPathMapperScanner - Skipping MapperFactoryBean with name 'IMonitorObjectTargetDao' and 'com.chinacreator.gzcm.runtime.core.monitor.monitorobject.dao.IMonitorObjectTargetDao' mapperInterface. Bean already defined with the same name!
2026-10-10 08:02:42.658 [main] [] WARN  o.m.s.mapper.ClassPathMapperScanner - Skipping MapperFactoryBean with name 'IPluginDao' and 'com.chinacreator.gzcm.runtime.core.monitor.plugin.dao.IPluginDao' mapperInterface. Bean already defined with the same name!
2026-10-10 08:02:42.659 [main] [] WARN  o.m.s.mapper.ClassPathMapperScanner - Skipping MapperFactoryBean with name 'IPluginParamsDao' and 'com.chinacreator.gzcm.runtime.core.monitor.plugin.dao.IPluginParamsDao' mapperInterface. Bean already defined with the same name!
2026-10-10 08:02:42.660 [main] [] WARN  o.m.s.mapper.ClassPathMapperScanner - Skipping MapperFactoryBean with name 'IPluginTargetDao' and 'com.chinacreator.gzcm.runtime.core.monitor.plugin.dao.IPluginTargetDao' mapperInterface. Bean already defined with the same name!
2026-10-10 08:02:42.662 [main] [] WARN  o.m.s.mapper.ClassPathMapperScanner - Skipping MapperFactoryBean with name 'IMonitorWarnContactDao' and 'com.chinacreator.gzcm.runtime.core.monitor.server.warn.dao.IMonitorWarnContactDao' mapperInterface. Bean already defined with the same name!
2026-10-10 08:02:42.663 [main] [] WARN  o.m.s.mapper.ClassPathMapperScanner - Skipping MapperFactoryBean with name 'IWarnLogDao' and 'com.chinacreator.gzcm.runtime.core.monitor.server.warn.dao.IWarnLogDao' mapperInterface. Bean already defined with the same name!
2026-10-10 08:02:42.664 [main] [] WARN  o.m.s.mapper.ClassPathMapperScanner - Skipping MapperFactoryBean with name 'IStrategyDao' and 'com.chinacreator.gzcm.runtime.core.monitor.strategy.dao.IStrategyDao' mapperInterface. Bean already defined with the same name!
2026-10-10 08:02:42.676 [main] [] WARN  o.s.c.a.ConfigurationClassPostProcessor - Cannot enhance @Configuration bean definition 'myBatisConfig' since its singleton instance has been created too early. The typical cause is a non-static @Bean method with a BeanDefinitionRegistryPostProcessor return type: Consider declaring such methods as 'static' and/or marking the containing configuration class as 'proxyBeanMethods=false'.
2026-10-10 08:02:48.891 [main] [] INFO  o.s.b.w.e.tomcat.TomcatWebServer - Tomcat initialized with port 18084 (http)
2026-10-10 08:02:49.012 [main] [] INFO  o.a.coyote.http11.Http11NioProtocol - Initializing ProtocolHandler ["http-nio-18084"]
2026-10-10 08:02:49.032 [main] [] INFO  o.a.catalina.core.StandardService - Starting service [Tomcat]
2026-10-10 08:02:49.035 [main] [] INFO  o.a.catalina.core.StandardEngine - Starting Servlet engine: [Apache Tomcat/10.1.18]
2026-10-10 08:02:49.587 [main] [] INFO  o.a.c.c.C.[Tomcat].[localhost].[/] - Initializing Spring embedded WebApplicationContext
2026-10-10 08:02:49.593 [main] [] INFO  o.s.b.w.s.c.ServletWebServerApplicationContext - Root WebApplicationContext: initialization completed in 12146 ms
2026-10-10 08:02:50.667 [main] [] INFO  c.c.g.s.security.JwtTokenProvider - JwtTokenProvider initialized with RS256 keys
2026-10-10 08:02:56.100 [main] [] INFO  c.c.g.e.a.a.m.k.Neo4jQueryService - Neo4jQueryService 已连接 (database: neo4j), 使用 runtime-access 统一客户端
2026-10-10 08:02:56.238 [main] [] INFO  c.c.gzcm.engine.ai.AiEngineImpl - Cognitive engine started (was STOPPED)
2026-10-10 08:02:56.241 [main] [] INFO  c.c.gzcm.engine.ai.AiEngineImpl - Cognitive engine auto-started on boot
2026-10-10 08:02:57.086 [main] [] INFO  c.c.g.r.l.c.LLMGatewayAutoConfiguration - Hermes Engine auto-configuration initialized: enabled=true, defaultProvider=openrouter, defaultModel=deepseek/deepseek-chat
2026-10-10 08:02:57.516 [main] [] INFO  c.c.g.r.l.c.LLMGatewayAutoConfiguration - Hermes OkHttpClient created: timeout=PT1M, retryMaxAttempts=3
2026-10-10 08:02:58.449 [main] [] INFO  c.c.g.r.c.t.s.i.TaskManagementServiceImpl - onStartup: PG 恢复 0 个任务 + 0 个执行计划
2026-10-10 08:02:59.472 [main] [] INFO  c.c.g.engine.ai.service.ToolRegistry - [ToolRegistry] Registered tool: query_db
2026-10-10 08:02:59.477 [main] [] INFO  c.c.g.engine.ai.service.ToolRegistry - [ToolRegistry] Registered tool: invoke_rest
2026-10-10 08:02:59.482 [main] [] INFO  c.c.g.engine.ai.service.ToolRegistry - [ToolRegistry] Registered tool: delegate_to_agent
2026-10-10 08:02:59.490 [main] [] INFO  c.c.g.engine.ai.service.ToolRegistry - [ToolRegistry] Registered tool: read_file
2026-10-10 08:02:59.494 [main] [] INFO  c.c.g.engine.ai.service.ToolRegistry - [ToolRegistry] Registered tool: write_file
2026-10-10 08:02:59.498 [main] [] INFO  c.c.g.engine.ai.service.ToolRegistry - [ToolRegistry] Registered tool: search_files
2026-10-10 08:02:59.503 [main] [] INFO  c.c.g.engine.ai.service.ToolRegistry - [ToolRegistry] Registered tool: patch
2026-10-10 08:02:59.719 [main] [] INFO  c.c.g.e.a.c.AgentProviderController - [AgentProviderController] 委派 LLMGateway.getProviderStatus 取 provider 目录（F06-05）
2026-10-10 08:03:00.131 [main] [] INFO  c.c.g.e.a.s.AgentTemplateService - Loaded agent template: AI编排Agent (id=builtin-ai-agent)
2026-10-10 08:03:00.135 [main] [] INFO  c.c.g.e.a.s.AgentTemplateService - Loaded agent template: 认知引擎Agent (id=builtin-cognitive-agent)
2026-10-10 08:03:00.138 [main] [] INFO  c.c.g.e.a.s.AgentTemplateService - Loaded agent template: 数据引擎Agent (id=builtin-data-agent)
2026-10-10 08:03:00.140 [main] [] INFO  c.c.g.e.a.s.AgentTemplateService - Loaded agent template: 知识库Agent (id=builtin-kb-agent)
2026-10-10 08:03:00.142 [main] [] INFO  c.c.g.e.a.s.AgentTemplateService - Loaded agent template: 本体引擎Agent (id=builtin-ontology-agent)
2026-10-10 08:03:00.145 [main] [] INFO  c.c.g.e.a.s.AgentTemplateService - Loaded agent template: 安全引擎Agent (id=builtin-security-agent)
2026-10-10 08:03:00.147 [main] [] INFO  c.c.g.e.a.s.AgentTemplateService - AgentTemplateService initialized with 6 templates
2026-10-10 08:03:00.507 [main] [] INFO  c.c.g.r.e.KafkaBusProducerConfig - [runtime-event] Kafka producer 装配: bootstrap=localhost:9092
2026-10-10 08:03:00.821 [main] [] INFO  c.c.g.r.e.KafkaBusConsumerConfig - [runtime-event] Kafka consumer 基参装配: bootstrap=localhost:9092, autoOffsetReset=latest
2026-10-10 08:03:00.837 [main] [] INFO  c.c.g.r.e.KafkaEventBusServiceImpl - [EventBus][KAFKA] activated — broker 在/不在都能发, 失败仅记 WARN 不阻塞主流程; groupPrefix=<per-subscription fan-out>
2026-10-10 08:03:00.972 [main] [] INFO  c.c.g.e.c.c.CognitiveMentalConfig - [CognitiveMental] IWarnLogService 已装配 + 告警落库通道启用 (ecos_warn_log, PMO-59 P4a)
2026-10-10 08:03:02.784 [main] [] INFO  o.s.k.c.DefaultKafkaConsumerFactory$ExtendedKafkaConsumer - [Consumer clientId=consumer-ecos-event-ecos.cognitive-e6666bbc-53d4-4910-891d-c2cd77221b17-1, groupId=ecos-event-ecos.cognitive-e6666bbc-53d4-4910-891d-c2cd77221b17] Subscribed to topic(s): ecos.cognitive
2026-10-10 08:03:02.813 [main] [] INFO  c.c.g.r.e.KafkaEventBusServiceImpl - [EventBus][KAFKA] subscribe bridged topic=ecos.cognitive group=ecos-event-ecos.cognitive-e6666bbc-53d4-4910-891d-c2cd77221b17 payloadType=java.util.Map
2026-10-10 08:03:02.814 [main] [] INFO  c.c.g.e.c.s.m.CognitiveInvalidationConsumer - CognitiveInvalidationConsumer: subscribed topic=ecos.cognitive via EventBusService (Kafka 模式仅内存镜像；跨 JVM 消费待 dbus 装载 KafkaListener)
2026-10-10 08:03:02.904 [main] [] INFO  c.c.g.e.c.s.mental.MentalScanTask - PMO-59 心智层补算任务已注册到 runtime-task: taskType=COGNITIVE_MENTAL_SCAN, scheduleId=7a77d5c0-3368-4754-87b1-8f0eb6fe7fac, periodMillis=600000
2026-10-10 08:03:02.911 [pool-3-thread-1] [] INFO  c.c.g.r.c.t.s.i.TaskManagementServiceImpl - 任务已提交: taskId=be121d11-f048-475d-be5f-f764096711a9, taskName=cognitive-mental-scan
2026-10-10 08:03:02.917 [pool-3-thread-1] [] INFO  c.c.g.r.c.t.s.i.TaskManagementServiceImpl - 任务已解析: taskId=be121d11-f048-475d-be5f-f764096711a9
2026-10-10 08:03:03.036 [pool-3-thread-1] [] INFO  com.zaxxer.hikari.HikariDataSource - AimingHikariCP - Starting...
2026-10-10 08:03:03.141 [main] [] INFO  o.s.b.f.a.AutowiredAnnotationBeanPostProcessor - Inconsistent constructor declaration on bean with name 'securityCryptoEgress': single autowire-marked constructor flagged as optional - this constructor is effectively required since there is no default constructor to fall back to: public com.chinacreator.gzcm.runtime.core.crypto.SecurityCryptoEgress(org.springframework.context.ApplicationContext)
2026-10-10 08:03:03.694 [main] [] INFO  c.c.gzcm.runtime.dlq.DltConsumer - [DltConsumer] 装配 DLQ 消费容器 11 个 (groupId=ecos-dlt-consumer, autoOffsetReset=latest)
2026-10-10 08:03:05.150 [main] [] INFO  c.c.g.r.a.olap.DuckDBQueryService - DuckDBQueryService downgraded (DuckDB migrated to Doris) — all operations are no-ops
2026-10-10 08:03:06.335 [pool-3-thread-1] [] INFO  com.zaxxer.hikari.pool.HikariPool - AimingHikariCP - Added connection org.postgresql.jdbc.PgConnection@4f830502
2026-10-10 08:03:06.357 [pool-3-thread-1] [] INFO  com.zaxxer.hikari.HikariDataSource - AimingHikariCP - Start completed.
2026-10-10 08:03:06.822 [pool-3-thread-1] [] INFO  c.c.g.e.c.s.mental.MentalScanTask - PMO-59 心智层补算一代完成: scanned=5 invalidated=0
2026-10-10 08:03:06.839 [pool-3-thread-1] [] INFO  c.c.g.r.c.t.s.i.TaskManagementServiceImpl - 任务执行完成: taskId=be121d11-f048-475d-be5f-f764096711a9, status=SUCCEEDED
2026-10-10 08:03:06.842 [pool-3-thread-1] [] INFO  c.c.g.r.c.t.s.TaskSchedulerServiceImpl - 定时任务已提交执行 taskId=be121d11-f048-475d-be5f-f764096711a9 taskType=COGNITIVE_MENTAL_SCAN scheduleId=7a77d5c0-3368-4754-87b1-8f0eb6fe7fac
2026-10-10 08:03:06.868 [main] [] INFO  c.c.g.s.c.s.impl.SysConfigService - 缓存刷新完成，当前 146 条配置
2026-10-10 08:03:06.869 [main] [] INFO  c.c.g.s.c.s.impl.SysConfigService - SysConfigService 初始化完成，已加载 146 条配置
2026-10-10 08:03:07.579 [main] [] INFO  c.c.g.s.i.s.impl.DbBlacklistStore - DbBlacklistStore 初始化完成，已清理 sys_token_blacklist 过期项
2026-10-10 08:03:11.804 [runtimeEventBus-ecos.cognitive-1-0-C-1] [] INFO  o.s.k.l.ConcurrentMessageListenerContainer - ecos-event-ecos.cognitive-e6666bbc-53d4-4910-891d-c2cd77221b17: partitions assigned: [ecos.cognitive-0]
2026-10-10 08:03:13.623 [main] [] INFO  o.s.b.a.e.web.EndpointLinksResolver - Exposing 3 endpoint(s) beneath base path '/actuator'
2026-10-10 08:03:14.129 [main] [] INFO  o.s.s.web.DefaultSecurityFilterChain - Will secure any request with [org.springframework.security.web.session.DisableEncodeUrlFilter@6ac0c3aa, org.springframework.security.web.context.request.async.WebAsyncManagerIntegrationFilter@ceeb762, org.springframework.security.web.context.SecurityContextHolderFilter@b9750f0, org.springframework.security.web.header.HeaderWriterFilter@6a9861de, org.springframework.web.filter.CorsFilter@3b75fdd0, org.springframework.security.web.authentication.logout.LogoutFilter@7fb84ef7, com.chinacreator.gzcm.sysman.security.JwtAuthenticationFilter@10ba9780, org.springframework.security.web.savedrequest.RequestCacheAwareFilter@47b5c247, org.springframework.security.web.servletapi.SecurityContextHolderAwareRequestFilter@1c61011b, org.springframework.security.web.authentication.AnonymousAuthenticationFilter@504f2bcd, org.springframework.security.web.session.SessionManagementFilter@30be77cd, org.springframework.security.web.access.ExceptionTranslationFilter@62e55482, org.springframework.security.web.access.intercept.AuthorizationFilter@67de5328]
2026-10-10 08:03:17.036 [main] [] INFO  o.a.coyote.http11.Http11NioProtocol - Starting ProtocolHandler ["http-nio-18084"]
2026-10-10 08:03:17.107 [main] [] INFO  o.s.b.w.e.tomcat.TomcatWebServer - Tomcat started on port 18084 (http) with context path ''
2026-10-10 08:03:17.166 [main] [] INFO  o.s.k.c.DefaultKafkaConsumerFactory$ExtendedKafkaConsumer - [Consumer clientId=consumer-ecos-dlt-consumer-2, groupId=ecos-dlt-consumer] Subscribed to topic(s): ecos.agent.DLT
2026-10-10 08:03:17.201 [main] [] INFO  o.s.k.c.DefaultKafkaConsumerFactory$ExtendedKafkaConsumer - [Consumer clientId=consumer-ecos-dlt-consumer-3, groupId=ecos-dlt-consumer] Subscribed to topic(s): ecos.audit.DLT
2026-10-10 08:03:17.234 [main] [] INFO  o.s.k.c.DefaultKafkaConsumerFactory$ExtendedKafkaConsumer - [Consumer clientId=consumer-ecos-dlt-consumer-4, groupId=ecos-dlt-consumer] Subscribed to topic(s): ecos.catalog.DLT
2026-10-10 08:03:17.262 [main] [] INFO  o.s.k.c.DefaultKafkaConsumerFactory$ExtendedKafkaConsumer - [Consumer clientId=consumer-ecos-dlt-consumer-5, groupId=ecos-dlt-consumer] Subscribed to topic(s): ecos.cognitive.DLT
2026-10-10 08:03:17.289 [main] [] INFO  o.s.k.c.DefaultKafkaConsumerFactory$ExtendedKafkaConsumer - [Consumer clientId=consumer-ecos-dlt-consumer-6, groupId=ecos-dlt-consumer] Subscribed to topic(s): ecos.data.security-tagged.DLT
2026-10-10 08:03:17.316 [main] [] INFO  o.s.k.c.DefaultKafkaConsumerFactory$ExtendedKafkaConsumer - [Consumer clientId=consumer-ecos-dlt-consumer-7, groupId=ecos-dlt-consumer] Subscribed to topic(s): ecos.identity.DLT
2026-10-10 08:03:17.338 [main] [] INFO  o.s.k.c.DefaultKafkaConsumerFactory$ExtendedKafkaConsumer - [Consumer clientId=consumer-ecos-dlt-consumer-8, groupId=ecos-dlt-consumer] Subscribed to topic(s): ecos.knowledge.DLT
2026-10-10 08:03:17.363 [main] [] INFO  o.s.k.c.DefaultKafkaConsumerFactory$ExtendedKafkaConsumer - [Consumer clientId=consumer-ecos-dlt-consumer-9, groupId=ecos-dlt-consumer] Subscribed to topic(s): ecos.object.DLT
2026-10-10 08:03:17.388 [main] [] INFO  o.s.k.c.DefaultKafkaConsumerFactory$ExtendedKafkaConsumer - [Consumer clientId=consumer-ecos-dlt-consumer-10, groupId=ecos-dlt-consumer] Subscribed to topic(s): ecos.ontology.DLT
2026-10-10 08:03:17.415 [main] [] INFO  o.s.k.c.DefaultKafkaConsumerFactory$ExtendedKafkaConsumer - [Consumer clientId=consumer-ecos-dlt-consumer-11, groupId=ecos-dlt-consumer] Subscribed to topic(s): ecos.ontology.published.DLT
2026-10-10 08:03:17.443 [main] [] INFO  o.s.k.c.DefaultKafkaConsumerFactory$ExtendedKafkaConsumer - [Consumer clientId=consumer-ecos-dlt-consumer-12, groupId=ecos-dlt-consumer] Subscribed to topic(s): ecos.workflow.DLT
2026-10-10 08:03:17.536 [main] [] INFO  c.c.g.s.a.AimingServiceApplication - Started AimingServiceApplication in 43.138 seconds (process running for 46.621)
2026-10-10 08:03:17.599 [main] [] INFO  c.c.g.e.ai.config.DataInitializer - td_role table already has 11 records, skip seeding
2026-10-10 08:03:17.605 [main] [] INFO  c.c.g.e.ai.config.DataInitializer - CronJob table already has 2 records, skip seeding
2026-10-10 08:03:17.611 [main] [] INFO  c.c.g.e.ai.config.DataInitializer - Skill table already has 3 records, skip seeding
2026-10-10 08:03:17.775 [main] [] INFO  c.c.g.e.ai.config.DataInitializer - Seeded 6 built-in Agents
2026-10-10 08:03:19.840 [ecos-dlt-consumer-ecos.audit.DLT-C-1] [] INFO  o.s.k.l.KafkaMessageListenerContainer - ecos-dlt-consumer: partitions assigned: []
2026-10-10 08:03:19.841 [ecos-dlt-consumer-ecos.identity.DLT-C-1] [] INFO  o.s.k.l.KafkaMessageListenerContainer - ecos-dlt-consumer: partitions assigned: []
2026-10-10 08:03:19.840 [ecos-dlt-consumer-ecos.object.DLT-C-1] [] INFO  o.s.k.l.KafkaMessageListenerContainer - ecos-dlt-consumer: partitions assigned: []
2026-10-10 08:03:19.840 [ecos-dlt-consumer-ecos.cognitive.DLT-C-1] [] INFO  o.s.k.l.KafkaMessageListenerContainer - ecos-dlt-consumer: partitions assigned: []
2026-10-10 08:03:19.840 [ecos-dlt-consumer-ecos.data.security-tagged.DLT-C-1] [] INFO  o.s.k.l.KafkaMessageListenerContainer - ecos-dlt-consumer: partitions assigned: []
2026-10-10 08:03:19.840 [ecos-dlt-consumer-ecos.ontology.published.DLT-C-1] [] INFO  o.s.k.l.KafkaMessageListenerContainer - ecos-dlt-consumer: partitions assigned: []
2026-10-10 08:03:19.841 [ecos-dlt-consumer-ecos.workflow.DLT-C-1] [] INFO  o.s.k.l.KafkaMessageListenerContainer - ecos-dlt-consumer: partitions assigned: []
2026-10-10 08:03:19.841 [ecos-dlt-consumer-ecos.agent.DLT-C-1] [] INFO  o.s.k.l.KafkaMessageListenerContainer - ecos-dlt-consumer: partitions assigned: []
2026-10-10 08:03:19.841 [ecos-dlt-consumer-ecos.knowledge.DLT-C-1] [] INFO  o.s.k.l.KafkaMessageListenerContainer - ecos-dlt-consumer: partitions assigned: []
2026-10-10 08:03:19.845 [ecos-dlt-consumer-ecos.ontology.DLT-C-1] [] INFO  o.s.k.l.KafkaMessageListenerContainer - ecos-dlt-consumer: partitions assigned: [ecos.ontology.DLT-0]
2026-10-10 08:03:19.845 [ecos-dlt-consumer-ecos.catalog.DLT-C-1] [] INFO  o.s.k.l.KafkaMessageListenerContainer - ecos-dlt-consumer: partitions assigned: []
2026-10-10 08:03:48.294 [scheduling-1] [] WARN  c.c.g.runtime.audit.AuditRetryTask - [AuditRetry] 到期行拉取失败（表缺失/DB 不可用）errType=BadSqlGrammarException msg=
### Error querying database.  Cause: org.postgresql.util.PSQLException: ERROR: relation "public.ecos_runtime_audit_retry" does not exist
  位置：256
### The error may exist in com/chinacreator/gzcm/runtime/audit/mapper/AuditRetryMapper.java (best guess)
### The error may involve com.chinacreator.gzcm.runtime.audit.mapper.AuditRetryMapper.listDue-Inline
### The error occurred while setting parameters
### SQL: SELECT id, event_type AS eventType, payload, attempts, next_retry_at AS nextRetryAt, last_error AS lastError, status, trace_id AS traceId, create_time AS createTime, update_time AS updateTime, version_no AS versionNo, is_deleted AS isDeleted, domain FROM public.ecos_runtime_audit_retry WHERE is_deleted = 0 AND status = 'pending' AND next_retry_at <= ? ORDER BY next_retry_at ASC LIMIT ?
### Cause: org.postgresql.util.PSQLException: ERROR: relation "public.ecos_runtime_audit_retry" does not exist
  位置：256
; bad SQL grammar []
2026-10-10 08:04:07.921 [ecos-dlt-consumer-ecos.audit.DLT-C-1] [] INFO  o.s.k.l.KafkaMessageListenerContainer - ecos-dlt-consumer: partitions revoked: []
2026-10-10 08:04:07.933 [ecos-dlt-consumer-ecos.object.DLT-C-1] [] INFO  o.s.k.l.KafkaMessageListenerContainer - ecos-dlt-consumer: partitions revoked: []
2026-10-10 08:04:07.937 [ecos-dlt-consumer-ecos.ontology.DLT-C-1] [] INFO  o.s.k.l.KafkaMessageListenerContainer - ecos-dlt-consumer: partitions revoked: [ecos.ontology.DLT-0]
2026-10-10 08:04:07.949 [ecos-dlt-consumer-ecos.ontology.published.DLT-C-1] [] INFO  o.s.k.l.KafkaMessageListenerContainer - ecos-dlt-consumer: partitions revoked: []
2026-10-10 08:04:07.979 [ecos-dlt-consumer-ecos.agent.DLT-C-1] [] INFO  o.s.k.l.KafkaMessageListenerContainer - ecos-dlt-consumer: partitions revoked: []
2026-10-10 08:04:07.979 [ecos-dlt-consumer-ecos.cognitive.DLT-C-1] [] INFO  o.s.k.l.KafkaMessageListenerContainer - ecos-dlt-consumer: partitions revoked: []
2026-10-10 08:04:07.979 [ecos-dlt-consumer-ecos.knowledge.DLT-C-1] [] INFO  o.s.k.l.KafkaMessageListenerContainer - ecos-dlt-consumer: partitions revoked: []
2026-10-10 08:04:07.982 [ecos-dlt-consumer-ecos.workflow.DLT-C-1] [] INFO  o.s.k.l.KafkaMessageListenerContainer - ecos-dlt-consumer: partitions revoked: []
2026-10-10 08:04:07.986 [ecos-dlt-consumer-ecos.identity.DLT-C-1] [] INFO  o.s.k.l.KafkaMessageListenerContainer - ecos-dlt-consumer: partitions revoked: []
2026-10-10 08:04:07.995 [ecos-dlt-consumer-ecos.data.security-tagged.DLT-C-1] [] INFO  o.s.k.l.KafkaMessageListenerContainer - ecos-dlt-consumer: partitions revoked: []
2026-10-10 08:04:07.995 [ecos-dlt-consumer-ecos.catalog.DLT-C-1] [] INFO  o.s.k.l.KafkaMessageListenerContainer - ecos-dlt-consumer: partitions revoked: []
2026-10-10 08:04:08.029 [ecos-dlt-consumer-ecos.object.DLT-C-1] [] INFO  o.s.k.l.KafkaMessageListenerContainer - ecos-dlt-consumer: partitions assigned: []
2026-10-10 08:04:08.030 [ecos-dlt-consumer-ecos.workflow.DLT-C-1] [] INFO  o.s.k.l.KafkaMessageListenerContainer - ecos-dlt-consumer: partitions assigned: []
2026-10-10 08:04:08.032 [ecos-dlt-consumer-ecos.data.security-tagged.DLT-C-1] [] INFO  o.s.k.l.KafkaMessageListenerContainer - ecos-dlt-consumer: partitions assigned: []
2026-10-10 08:04:08.033 [ecos-dlt-consumer-ecos.agent.DLT-C-1] [] INFO  o.s.k.l.KafkaMessageListenerContainer - ecos-dlt-consumer: partitions assigned: []
2026-10-10 08:04:08.033 [ecos-dlt-consumer-ecos.audit.DLT-C-1] [] INFO  o.s.k.l.KafkaMessageListenerContainer - ecos-dlt-consumer: partitions assigned: []
2026-10-10 08:04:08.034 [ecos-dlt-consumer-ecos.identity.DLT-C-1] [] INFO  o.s.k.l.KafkaMessageListenerContainer - ecos-dlt-consumer: partitions assigned: []
2026-10-10 08:04:08.039 [ecos-dlt-consumer-ecos.cognitive.DLT-C-1] [] INFO  o.s.k.l.KafkaMessageListenerContainer - ecos-dlt-consumer: partitions assigned: []
2026-10-10 08:04:08.039 [ecos-dlt-consumer-ecos.ontology.DLT-C-1] [] INFO  o.s.k.l.KafkaMessageListenerContainer - ecos-dlt-consumer: partitions assigned: []
2026-10-10 08:04:08.039 [ecos-dlt-consumer-ecos.catalog.DLT-C-1] [] INFO  o.s.k.l.KafkaMessageListenerContainer - ecos-dlt-consumer: partitions assigned: []
2026-10-10 08:04:08.046 [ecos-dlt-consumer-ecos.ontology.published.DLT-C-1] [] INFO  o.s.k.l.KafkaMessageListenerContainer - ecos-dlt-consumer: partitions assigned: []
2026-10-10 08:04:08.047 [ecos-dlt-consumer-ecos.knowledge.DLT-C-1] [] INFO  o.s.k.l.KafkaMessageListenerContainer - ecos-dlt-consumer: partitions assigned: []
2026-10-10 08:04:11.006 [ecos-dlt-consumer-ecos.audit.DLT-C-1] [] INFO  o.s.k.l.KafkaMessageListenerContainer - ecos-dlt-consumer: partitions revoked: []
2026-10-10 08:04:11.007 [ecos-dlt-consumer-ecos.ontology.published.DLT-C-1] [] INFO  o.s.k.l.KafkaMessageListenerContainer - ecos-dlt-consumer: partitions revoked: []
2026-10-10 08:04:11.022 [ecos-dlt-consumer-ecos.ontology.DLT-C-1] [] INFO  o.s.k.l.KafkaMessageListenerContainer - ecos-dlt-consumer: partitions revoked: []
2026-10-10 08:04:11.029 [ecos-dlt-consumer-ecos.identity.DLT-C-1] [] INFO  o.s.k.l.KafkaMessageListenerContainer - ecos-dlt-consumer: partitions revoked: []
2026-10-10 08:04:11.031 [ecos-dlt-consumer-ecos.object.DLT-C-1] [] INFO  o.s.k.l.KafkaMessageListenerContainer - ecos-dlt-consumer: partitions revoked: []
2026-10-10 08:04:11.031 [ecos-dlt-consumer-ecos.cognitive.DLT-C-1] [] INFO  o.s.k.l.KafkaMessageListenerContainer - ecos-dlt-consumer: partitions revoked: []
2026-10-10 08:04:11.039 [ecos-dlt-consumer-ecos.knowledge.DLT-C-1] [] INFO  o.s.k.l.KafkaMessageListenerContainer - ecos-dlt-consumer: partitions revoked: []
2026-10-10 08:04:11.043 [ecos-dlt-consumer-ecos.data.security-tagged.DLT-C-1] [] INFO  o.s.k.l.KafkaMessageListenerContainer - ecos-dlt-consumer: partitions revoked: []
2026-10-10 08:04:11.043 [ecos-dlt-consumer-ecos.workflow.DLT-C-1] [] INFO  o.s.k.l.KafkaMessageListenerContainer - ecos-dlt-consumer: partitions revoked: []
2026-10-10 08:04:11.044 [ecos-dlt-consumer-ecos.catalog.DLT-C-1] [] INFO  o.s.k.l.KafkaMessageListenerContainer - ecos-dlt-consumer: partitions revoked: []
2026-10-10 08:04:11.047 [ecos-dlt-consumer-ecos.agent.DLT-C-1] [] INFO  o.s.k.l.KafkaMessageListenerContainer - ecos-dlt-consumer: partitions revoked: []
2026-10-10 08:04:11.075 [ecos-dlt-consumer-ecos.identity.DLT-C-1] [] INFO  o.s.k.l.KafkaMessageListenerContainer - ecos-dlt-consumer: partitions assigned: []
2026-10-10 08:04:11.077 [ecos-dlt-consumer-ecos.ontology.DLT-C-1] [] INFO  o.s.k.l.KafkaMessageListenerContainer - ecos-dlt-consumer: partitions assigned: []
2026-10-10 08:04:11.075 [ecos-dlt-consumer-ecos.audit.DLT-C-1] [] INFO  o.s.k.l.KafkaMessageListenerContainer - ecos-dlt-consumer: partitions assigned: []
2026-10-10 08:04:11.075 [ecos-dlt-consumer-ecos.workflow.DLT-C-1] [] INFO  o.s.k.l.KafkaMessageListenerContainer - ecos-dlt-consumer: partitions assigned: []
2026-10-10 08:04:11.077 [ecos-dlt-consumer-ecos.data.security-tagged.DLT-C-1] [] INFO  o.s.k.l.KafkaMessageListenerContainer - ecos-dlt-consumer: partitions assigned: []
2026-10-10 08:04:11.077 [ecos-dlt-consumer-ecos.object.DLT-C-1] [] INFO  o.s.k.l.KafkaMessageListenerContainer - ecos-dlt-consumer: partitions assigned: []
2026-10-10 08:04:11.078 [ecos-dlt-consumer-ecos.agent.DLT-C-1] [] INFO  o.s.k.l.KafkaMessageListenerContainer - ecos-dlt-consumer: partitions assigned: []
2026-10-10 08:04:11.080 [ecos-dlt-consumer-ecos.catalog.DLT-C-1] [] INFO  o.s.k.l.KafkaMessageListenerContainer - ecos-dlt-consumer: partitions assigned: []
2026-10-10 08:04:11.081 [ecos-dlt-consumer-ecos.ontology.published.DLT-C-1] [] INFO  o.s.k.l.KafkaMessageListenerContainer - ecos-dlt-consumer: partitions assigned: []
2026-10-10 08:04:11.081 [ecos-dlt-consumer-ecos.cognitive.DLT-C-1] [] INFO  o.s.k.l.KafkaMessageListenerContainer - ecos-dlt-consumer: partitions assigned: []
2026-10-10 08:04:11.085 [ecos-dlt-consumer-ecos.knowledge.DLT-C-1] [] INFO  o.s.k.l.KafkaMessageListenerContainer - ecos-dlt-consumer: partitions assigned: []
2026-10-10 08:04:17.630 [scheduling-1] [] WARN  c.c.gzcm.runtime.dlq.DltLagChecker - [DltLagChecker] AdminClient 创建失败 errType=KafkaException msg=Failed to create new KafkaAdminClient
2026-10-10 08:04:17.632 [scheduling-1] [] WARN  c.c.gzcm.runtime.dlq.DltLagChecker - [DltLagChecker] AdminClient 不可用（bootstrap=localhost:9092），本轮降级跳过
2026-10-10 08:04:48.321 [scheduling-1] [] WARN  c.c.g.runtime.audit.AuditRetryTask - [AuditRetry] 到期行拉取失败（表缺失/DB 不可用）errType=BadSqlGrammarException msg=
### Error querying database.  Cause: org.postgresql.util.PSQLException: ERROR: relation "public.ecos_runtime_audit_retry" does not exist
  位置：256
### The error may exist in com/chinacreator/gzcm/runtime/audit/mapper/AuditRetryMapper.java (best guess)
### The error may involve com.chinacreator.gzcm.runtime.audit.mapper.AuditRetryMapper.listDue-Inline
### The error occurred while setting parameters
### SQL: SELECT id, event_type AS eventType, payload, attempts, next_retry_at AS nextRetryAt, last_error AS lastError, status, trace_id AS traceId, create_time AS createTime, update_time AS updateTime, version_no AS versionNo, is_deleted AS isDeleted, domain FROM public.ecos_runtime_audit_retry WHERE is_deleted = 0 AND status = 'pending' AND next_retry_at <= ? ORDER BY next_retry_at ASC LIMIT ?
### Cause: org.postgresql.util.PSQLException: ERROR: relation "public.ecos_runtime_audit_retry" does not exist
  位置：256
; bad SQL grammar []
2026-10-10 08:05:08.181 [ecos-dlt-consumer-ecos.ontology.DLT-C-1] [] INFO  o.s.k.l.KafkaMessageListenerContainer - ecos-dlt-consumer: partitions revoked: []
2026-10-10 08:05:08.198 [ecos-dlt-consumer-ecos.agent.DLT-C-1] [] INFO  o.s.k.l.KafkaMessageListenerContainer - ecos-dlt-consumer: partitions revoked: []
2026-10-10 08:05:08.206 [ecos-dlt-consumer-ecos.audit.DLT-C-1] [] INFO  o.s.k.l.KafkaMessageListenerContainer - ecos-dlt-consumer: partitions revoked: []
2026-10-10 08:05:08.212 [ecos-dlt-consumer-ecos.workflow.DLT-C-1] [] INFO  o.s.k.l.KafkaMessageListenerContainer - ecos-dlt-consumer: partitions revoked: []
2026-10-10 08:05:08.220 [ecos-dlt-consumer-ecos.knowledge.DLT-C-1] [] INFO  o.s.k.l.KafkaMessageListenerContainer - ecos-dlt-consumer: partitions revoked: []
2026-10-10 08:05:08.224 [ecos-dlt-consumer-ecos.cognitive.DLT-C-1] [] INFO  o.s.k.l.KafkaMessageListenerContainer - ecos-dlt-consumer: partitions revoked: []
2026-10-10 08:05:08.232 [ecos-dlt-consumer-ecos.ontology.published.DLT-C-1] [] INFO  o.s.k.l.KafkaMessageListenerContainer - ecos-dlt-consumer: partitions revoked: []
2026-10-10 08:05:08.233 [ecos-dlt-consumer-ecos.data.security-tagged.DLT-C-1] [] INFO  o.s.k.l.KafkaMessageListenerContainer - ecos-dlt-consumer: partitions revoked: []
2026-10-10 08:05:08.233 [ecos-dlt-consumer-ecos.identity.DLT-C-1] [] INFO  o.s.k.l.KafkaMessageListenerContainer - ecos-dlt-consumer: partitions revoked: []
2026-10-10 08:05:08.250 [ecos-dlt-consumer-ecos.catalog.DLT-C-1] [] INFO  o.s.k.l.KafkaMessageListenerContainer - ecos-dlt-consumer: partitions revoked: []
2026-10-10 08:05:08.259 [ecos-dlt-consumer-ecos.object.DLT-C-1] [] INFO  o.s.k.l.KafkaMessageListenerContainer - ecos-dlt-consumer: partitions revoked: []
2026-10-10 08:05:08.309 [ecos-dlt-consumer-ecos.data.security-tagged.DLT-C-1] [] INFO  o.s.k.l.KafkaMessageListenerContainer - ecos-dlt-consumer: partitions assigned: []
2026-10-10 08:05:08.309 [ecos-dlt-consumer-ecos.object.DLT-C-1] [] INFO  o.s.k.l.KafkaMessageListenerContainer - ecos-dlt-consumer: partitions assigned: []
2026-10-10 08:05:08.309 [ecos-dlt-consumer-ecos.audit.DLT-C-1] [] INFO  o.s.k.l.KafkaMessageListenerContainer - ecos-dlt-consumer: partitions assigned: []
2026-10-10 08:05:08.310 [ecos-dlt-consumer-ecos.workflow.DLT-C-1] [] INFO  o.s.k.l.KafkaMessageListenerContainer - ecos-dlt-consumer: partitions assigned: []
2026-10-10 08:05:08.313 [ecos-dlt-consumer-ecos.ontology.DLT-C-1] [] INFO  o.s.k.l.KafkaMessageListenerContainer - ecos-dlt-consumer: partitions assigned: []
2026-10-10 08:05:08.314 [ecos-dlt-consumer-ecos.catalog.DLT-C-1] [] INFO  o.s.k.l.KafkaMessageListenerContainer - ecos-dlt-consumer: partitions assigned: []
2026-10-10 08:05:08.314 [ecos-dlt-consumer-ecos.knowledge.DLT-C-1] [] INFO  o.s.k.l.KafkaMessageListenerContainer - ecos-dlt-consumer: partitions assigned: []
2026-10-10 08:05:08.315 [ecos-dlt-consumer-ecos.identity.DLT-C-1] [] INFO  o.s.k.l.KafkaMessageListenerContainer - ecos-dlt-consumer: partitions assigned: []
2026-10-10 08:05:08.315 [ecos-dlt-consumer-ecos.agent.DLT-C-1] [] INFO  o.s.k.l.KafkaMessageListenerContainer - ecos-dlt-consumer: partitions assigned: []
2026-10-10 08:05:08.317 [ecos-dlt-consumer-ecos.ontology.published.DLT-C-1] [] INFO  o.s.k.l.KafkaMessageListenerContainer - ecos-dlt-consumer: partitions assigned: []
2026-10-10 08:05:08.319 [ecos-dlt-consumer-ecos.cognitive.DLT-C-1] [] INFO  o.s.k.l.KafkaMessageListenerContainer - ecos-dlt-consumer: partitions assigned: []
2026-10-10 08:05:48.331 [scheduling-1] [] WARN  c.c.g.runtime.audit.AuditRetryTask - [AuditRetry] 到期行拉取失败（表缺失/DB 不可用）errType=BadSqlGrammarException msg=
### Error querying database.  Cause: org.postgresql.util.PSQLException: ERROR: relation "public.ecos_runtime_audit_retry" does not exist
  位置：256
### The error may exist in com/chinacreator/gzcm/runtime/audit/mapper/AuditRetryMapper.java (best guess)
### The error may involve com.chinacreator.gzcm.runtime.audit.mapper.AuditRetryMapper.listDue-Inline
### The error occurred while setting parameters
### SQL: SELECT id, event_type AS eventType, payload, attempts, next_retry_at AS nextRetryAt, last_error AS lastError, status, trace_id AS traceId, create_time AS createTime, update_time AS updateTime, version_no AS versionNo, is_deleted AS isDeleted, domain FROM public.ecos_runtime_audit_retry WHERE is_deleted = 0 AND status = 'pending' AND next_retry_at <= ? ORDER BY next_retry_at ASC LIMIT ?
### Cause: org.postgresql.util.PSQLException: ERROR: relation "public.ecos_runtime_audit_retry" does not exist
  位置：256
; bad SQL grammar []
2026-10-10 08:06:48.355 [scheduling-1] [] WARN  c.c.g.runtime.audit.AuditRetryTask - [AuditRetry] 到期行拉取失败（表缺失/DB 不可用）errType=BadSqlGrammarException msg=
### Error querying database.  Cause: org.postgresql.util.PSQLException: ERROR: relation "public.ecos_runtime_audit_retry" does not exist
  位置：256
### The error may exist in com/chinacreator/gzcm/runtime/audit/mapper/AuditRetryMapper.java (best guess)
### The error may involve com.chinacreator.gzcm.runtime.audit.mapper.AuditRetryMapper.listDue-Inline
### The error occurred while setting parameters
### SQL: SELECT id, event_type AS eventType, payload, attempts, next_retry_at AS nextRetryAt, last_error AS lastError, status, trace_id AS traceId, create_time AS createTime, update_time AS updateTime, version_no AS versionNo, is_deleted AS isDeleted, domain FROM public.ecos_runtime_audit_retry WHERE is_deleted = 0 AND status = 'pending' AND next_retry_at <= ? ORDER BY next_retry_at ASC LIMIT ?
### Cause: org.postgresql.util.PSQLException: ERROR: relation "public.ecos_runtime_audit_retry" does not exist
  位置：256
; bad SQL grammar []
2026-10-10 08:07:48.373 [scheduling-1] [] WARN  c.c.g.runtime.audit.AuditRetryTask - [AuditRetry] 到期行拉取失败（表缺失/DB 不可用）errType=BadSqlGrammarException msg=
### Error querying database.  Cause: org.postgresql.util.PSQLException: ERROR: relation "public.ecos_runtime_audit_retry" does not exist
  位置：256
### The error may exist in com/chinacreator/gzcm/runtime/audit/mapper/AuditRetryMapper.java (best guess)
### The error may involve com.chinacreator.gzcm.runtime.audit.mapper.AuditRetryMapper.listDue-Inline
### The error occurred while setting parameters
### SQL: SELECT id, event_type AS eventType, payload, attempts, next_retry_at AS nextRetryAt, last_error AS lastError, status, trace_id AS traceId, create_time AS createTime, update_time AS updateTime, version_no AS versionNo, is_deleted AS isDeleted, domain FROM public.ecos_runtime_audit_retry WHERE is_deleted = 0 AND status = 'pending' AND next_retry_at <= ? ORDER BY next_retry_at ASC LIMIT ?
### Cause: org.postgresql.util.PSQLException: ERROR: relation "public.ecos_runtime_audit_retry" does not exist
  位置：256
; bad SQL grammar []
2026-10-10 08:08:38.727 [ecos-dlt-consumer-ecos.identity.DLT-C-1] [] INFO  o.s.k.l.KafkaMessageListenerContainer - ecos-dlt-consumer: partitions revoked: []
2026-10-10 08:08:38.727 [ecos-dlt-consumer-ecos.agent.DLT-C-1] [] INFO  o.s.k.l.KafkaMessageListenerContainer - ecos-dlt-consumer: partitions revoked: []
2026-10-10 08:08:38.742 [ecos-dlt-consumer-ecos.knowledge.DLT-C-1] [] INFO  o.s.k.l.KafkaMessageListenerContainer - ecos-dlt-consumer: partitions revoked: []
2026-10-10 08:08:38.759 [ecos-dlt-consumer-ecos.workflow.DLT-C-1] [] INFO  o.s.k.l.KafkaMessageListenerContainer - ecos-dlt-consumer: partitions revoked: []
2026-10-10 08:08:38.759 [ecos-dlt-consumer-ecos.ontology.published.DLT-C-1] [] INFO  o.s.k.l.KafkaMessageListenerContainer - ecos-dlt-consumer: partitions revoked: []
2026-10-10 08:08:38.775 [ecos-dlt-consumer-ecos.catalog.DLT-C-1] [] INFO  o.s.k.l.KafkaMessageListenerContainer - ecos-dlt-consumer: partitions revoked: []
2026-10-10 08:08:38.775 [ecos-dlt-consumer-ecos.audit.DLT-C-1] [] INFO  o.s.k.l.KafkaMessageListenerContainer - ecos-dlt-consumer: partitions revoked: []
2026-10-10 08:08:38.790 [ecos-dlt-consumer-ecos.cognitive.DLT-C-1] [] INFO  o.s.k.l.KafkaMessageListenerContainer - ecos-dlt-consumer: partitions revoked: []
2026-10-10 08:08:38.805 [ecos-dlt-consumer-ecos.data.security-tagged.DLT-C-1] [] INFO  o.s.k.l.KafkaMessageListenerContainer - ecos-dlt-consumer: partitions revoked: []
2026-10-10 08:08:38.805 [ecos-dlt-consumer-ecos.object.DLT-C-1] [] INFO  o.s.k.l.KafkaMessageListenerContainer - ecos-dlt-consumer: partitions revoked: []
2026-10-10 08:08:38.821 [ecos-dlt-consumer-ecos.ontology.DLT-C-1] [] INFO  o.s.k.l.KafkaMessageListenerContainer - ecos-dlt-consumer: partitions revoked: []
2026-10-10 08:08:38.876 [ecos-dlt-consumer-ecos.object.DLT-C-1] [] INFO  o.s.k.l.KafkaMessageListenerContainer - ecos-dlt-consumer: partitions assigned: []
2026-10-10 08:08:38.879 [ecos-dlt-consumer-ecos.knowledge.DLT-C-1] [] INFO  o.s.k.l.KafkaMessageListenerContainer - ecos-dlt-consumer: partitions assigned: []
2026-10-10 08:08:38.879 [ecos-dlt-consumer-ecos.ontology.published.DLT-C-1] [] INFO  o.s.k.l.KafkaMessageListenerContainer - ecos-dlt-consumer: partitions assigned: []
2026-10-10 08:08:38.882 [ecos-dlt-consumer-ecos.identity.DLT-C-1] [] INFO  o.s.k.l.KafkaMessageListenerContainer - ecos-dlt-consumer: partitions assigned: []
2026-10-10 08:08:38.882 [ecos-dlt-consumer-ecos.data.security-tagged.DLT-C-1] [] INFO  o.s.k.l.KafkaMessageListenerContainer - ecos-dlt-consumer: partitions assigned: []
2026-10-10 08:08:38.883 [ecos-dlt-consumer-ecos.ontology.DLT-C-1] [] INFO  o.s.k.l.KafkaMessageListenerContainer - ecos-dlt-consumer: partitions assigned: []
2026-10-10 08:08:38.883 [ecos-dlt-consumer-ecos.workflow.DLT-C-1] [] INFO  o.s.k.l.KafkaMessageListenerContainer - ecos-dlt-consumer: partitions assigned: []
2026-10-10 08:08:38.884 [ecos-dlt-consumer-ecos.catalog.DLT-C-1] [] INFO  o.s.k.l.KafkaMessageListenerContainer - ecos-dlt-consumer: partitions assigned: []
2026-10-10 08:08:38.886 [ecos-dlt-consumer-ecos.audit.DLT-C-1] [] INFO  o.s.k.l.KafkaMessageListenerContainer - ecos-dlt-consumer: partitions assigned: []
2026-10-10 08:08:38.891 [ecos-dlt-consumer-ecos.cognitive.DLT-C-1] [] INFO  o.s.k.l.KafkaMessageListenerContainer - ecos-dlt-consumer: partitions assigned: []
2026-10-10 08:08:38.894 [ecos-dlt-consumer-ecos.agent.DLT-C-1] [] INFO  o.s.k.l.KafkaMessageListenerContainer - ecos-dlt-consumer: partitions assigned: []
2026-10-10 08:08:48.404 [scheduling-1] [] WARN  c.c.g.runtime.audit.AuditRetryTask - [AuditRetry] 到期行拉取失败（表缺失/DB 不可用）errType=BadSqlGrammarException msg=
### Error querying database.  Cause: org.postgresql.util.PSQLException: ERROR: relation "public.ecos_runtime_audit_retry" does not exist
  位置：256
### The error may exist in com/chinacreator/gzcm/runtime/audit/mapper/AuditRetryMapper.java (best guess)
### The error may involve com.chinacreator.gzcm.runtime.audit.mapper.AuditRetryMapper.listDue-Inline
### The error occurred while setting parameters
### SQL: SELECT id, event_type AS eventType, payload, attempts, next_retry_at AS nextRetryAt, last_error AS lastError, status, trace_id AS traceId, create_time AS createTime, update_time AS updateTime, version_no AS versionNo, is_deleted AS isDeleted, domain FROM public.ecos_runtime_audit_retry WHERE is_deleted = 0 AND status = 'pending' AND next_retry_at <= ? ORDER BY next_retry_at ASC LIMIT ?
### Cause: org.postgresql.util.PSQLException: ERROR: relation "public.ecos_runtime_audit_retry" does not exist
  位置：256
; bad SQL grammar []
2026-10-10 08:09:17.647 [scheduling-1] [] WARN  c.c.gzcm.runtime.dlq.DltLagChecker - [DltLagChecker] AdminClient 创建失败 errType=KafkaException msg=Failed to create new KafkaAdminClient
2026-10-10 08:09:17.658 [scheduling-1] [] WARN  c.c.gzcm.runtime.dlq.DltLagChecker - [DltLagChecker] AdminClient 不可用（bootstrap=localhost:9092），本轮降级跳过
2026-10-10 08:09:48.411 [scheduling-1] [] WARN  c.c.g.runtime.audit.AuditRetryTask - [AuditRetry] 到期行拉取失败（表缺失/DB 不可用）errType=BadSqlGrammarException msg=
### Error querying database.  Cause: org.postgresql.util.PSQLException: ERROR: relation "public.ecos_runtime_audit_retry" does not exist
  位置：256
### The error may exist in com/chinacreator/gzcm/runtime/audit/mapper/AuditRetryMapper.java (best guess)
### The error may involve com.chinacreator.gzcm.runtime.audit.mapper.AuditRetryMapper.listDue-Inline
### The error occurred while setting parameters
### SQL: SELECT id, event_type AS eventType, payload, attempts, next_retry_at AS nextRetryAt, last_error AS lastError, status, trace_id AS traceId, create_time AS createTime, update_time AS updateTime, version_no AS versionNo, is_deleted AS isDeleted, domain FROM public.ecos_runtime_audit_retry WHERE is_deleted = 0 AND status = 'pending' AND next_retry_at <= ? ORDER BY next_retry_at ASC LIMIT ?
### Cause: org.postgresql.util.PSQLException: ERROR: relation "public.ecos_runtime_audit_retry" does not exist
  位置：256
; bad SQL grammar []
2026-10-10 08:10:48.421 [scheduling-1] [] WARN  c.c.g.runtime.audit.AuditRetryTask - [AuditRetry] 到期行拉取失败（表缺失/DB 不可用）errType=BadSqlGrammarException msg=
### Error querying database.  Cause: org.postgresql.util.PSQLException: ERROR: relation "public.ecos_runtime_audit_retry" does not exist
  位置：256
### The error may exist in com/chinacreator/gzcm/runtime/audit/mapper/AuditRetryMapper.java (best guess)
### The error may involve com.chinacreator.gzcm.runtime.audit.mapper.AuditRetryMapper.listDue-Inline
### The error occurred while setting parameters
### SQL: SELECT id, event_type AS eventType, payload, attempts, next_retry_at AS nextRetryAt, last_error AS lastError, status, trace_id AS traceId, create_time AS createTime, update_time AS updateTime, version_no AS versionNo, is_deleted AS isDeleted, domain FROM public.ecos_runtime_audit_retry WHERE is_deleted = 0 AND status = 'pending' AND next_retry_at <= ? ORDER BY next_retry_at ASC LIMIT ?
### Cause: org.postgresql.util.PSQLException: ERROR: relation "public.ecos_runtime_audit_retry" does not exist
  位置：256
; bad SQL grammar []
2026-10-10 08:11:48.441 [scheduling-1] [] WARN  c.c.g.runtime.audit.AuditRetryTask - [AuditRetry] 到期行拉取失败（表缺失/DB 不可用）errType=BadSqlGrammarException msg=
### Error querying database.  Cause: org.postgresql.util.PSQLException: ERROR: relation "public.ecos_runtime_audit_retry" does not exist
  位置：256
### The error may exist in com/chinacreator/gzcm/runtime/audit/mapper/AuditRetryMapper.java (best guess)
### The error may involve com.chinacreator.gzcm.runtime.audit.mapper.AuditRetryMapper.listDue-Inline
### The error occurred while setting parameters
### SQL: SELECT id, event_type AS eventType, payload, attempts, next_retry_at AS nextRetryAt, last_error AS lastError, status, trace_id AS traceId, create_time AS createTime, update_time AS updateTime, version_no AS versionNo, is_deleted AS isDeleted, domain FROM public.ecos_runtime_audit_retry WHERE is_deleted = 0 AND status = 'pending' AND next_retry_at <= ? ORDER BY next_retry_at ASC LIMIT ?
### Cause: org.postgresql.util.PSQLException: ERROR: relation "public.ecos_runtime_audit_retry" does not exist
  位置：256
; bad SQL grammar []
2026-10-10 08:12:48.447 [scheduling-1] [] WARN  c.c.g.runtime.audit.AuditRetryTask - [AuditRetry] 到期行拉取失败（表缺失/DB 不可用）errType=BadSqlGrammarException msg=
### Error querying database.  Cause: org.postgresql.util.PSQLException: ERROR: relation "public.ecos_runtime_audit_retry" does not exist
  位置：256
### The error may exist in com/chinacreator/gzcm/runtime/audit/mapper/AuditRetryMapper.java (best guess)
### The error may involve com.chinacreator.gzcm.runtime.audit.mapper.AuditRetryMapper.listDue-Inline
### The error occurred while setting parameters
### SQL: SELECT id, event_type AS eventType, payload, attempts, next_retry_at AS nextRetryAt, last_error AS lastError, status, trace_id AS traceId, create_time AS createTime, update_time AS updateTime, version_no AS versionNo, is_deleted AS isDeleted, domain FROM public.ecos_runtime_audit_retry WHERE is_deleted = 0 AND status = 'pending' AND next_retry_at <= ? ORDER BY next_retry_at ASC LIMIT ?
### Cause: org.postgresql.util.PSQLException: ERROR: relation "public.ecos_runtime_audit_retry" does not exist
  位置：256
; bad SQL grammar []
2026-10-10 08:13:02.907 [pool-3-thread-1] [] INFO  c.c.g.r.c.t.s.i.TaskManagementServiceImpl - 任务已提交: taskId=be121d11-f048-475d-be5f-f764096711a9, taskName=cognitive-mental-scan
2026-10-10 08:13:02.918 [pool-3-thread-1] [] INFO  c.c.g.r.c.t.s.i.TaskManagementServiceImpl - 任务已解析: taskId=be121d11-f048-475d-be5f-f764096711a9
2026-10-10 08:13:02.931 [pool-3-thread-1] [] INFO  c.c.g.e.c.s.mental.MentalScanTask - PMO-59 心智层补算一代完成: scanned=5 invalidated=0
2026-10-10 08:13:02.931 [pool-3-thread-1] [] INFO  c.c.g.r.c.t.s.i.TaskManagementServiceImpl - 任务执行完成: taskId=be121d11-f048-475d-be5f-f764096711a9, status=SUCCEEDED
2026-10-10 08:13:02.933 [pool-3-thread-1] [] INFO  c.c.g.r.c.t.s.TaskSchedulerServiceImpl - 定时任务已提交执行 taskId=be121d11-f048-475d-be5f-f764096711a9 taskType=COGNITIVE_MENTAL_SCAN scheduleId=7a77d5c0-3368-4754-87b1-8f0eb6fe7fac
2026-10-10 08:13:48.461 [scheduling-1] [] WARN  c.c.g.runtime.audit.AuditRetryTask - [AuditRetry] 到期行拉取失败（表缺失/DB 不可用）errType=BadSqlGrammarException msg=
### Error querying database.  Cause: org.postgresql.util.PSQLException: ERROR: relation "public.ecos_runtime_audit_retry" does not exist
  位置：256
### The error may exist in com/chinacreator/gzcm/runtime/audit/mapper/AuditRetryMapper.java (best guess)
### The error may involve com.chinacreator.gzcm.runtime.audit.mapper.AuditRetryMapper.listDue-Inline
### The error occurred while setting parameters
### SQL: SELECT id, event_type AS eventType, payload, attempts, next_retry_at AS nextRetryAt, last_error AS lastError, status, trace_id AS traceId, create_time AS createTime, update_time AS updateTime, version_no AS versionNo, is_deleted AS isDeleted, domain FROM public.ecos_runtime_audit_retry WHERE is_deleted = 0 AND status = 'pending' AND next_retry_at <= ? ORDER BY next_retry_at ASC LIMIT ?
### Cause: org.postgresql.util.PSQLException: ERROR: relation "public.ecos_runtime_audit_retry" does not exist
  位置：256
; bad SQL grammar []
2026-10-10 08:14:17.667 [scheduling-1] [] WARN  c.c.gzcm.runtime.dlq.DltLagChecker - [DltLagChecker] AdminClient 创建失败 errType=KafkaException msg=Failed to create new KafkaAdminClient
2026-10-10 08:14:17.667 [scheduling-1] [] WARN  c.c.gzcm.runtime.dlq.DltLagChecker - [DltLagChecker] AdminClient 不可用（bootstrap=localhost:9092），本轮降级跳过
2026-10-10 08:14:48.489 [scheduling-1] [] WARN  c.c.g.runtime.audit.AuditRetryTask - [AuditRetry] 到期行拉取失败（表缺失/DB 不可用）errType=BadSqlGrammarException msg=
### Error querying database.  Cause: org.postgresql.util.PSQLException: ERROR: relation "public.ecos_runtime_audit_retry" does not exist
  位置：256
### The error may exist in com/chinacreator/gzcm/runtime/audit/mapper/AuditRetryMapper.java (best guess)
### The error may involve com.chinacreator.gzcm.runtime.audit.mapper.AuditRetryMapper.listDue-Inline
### The error occurred while setting parameters
### SQL: SELECT id, event_type AS eventType, payload, attempts, next_retry_at AS nextRetryAt, last_error AS lastError, status, trace_id AS traceId, create_time AS createTime, update_time AS updateTime, version_no AS versionNo, is_deleted AS isDeleted, domain FROM public.ecos_runtime_audit_retry WHERE is_deleted = 0 AND status = 'pending' AND next_retry_at <= ? ORDER BY next_retry_at ASC LIMIT ?
### Cause: org.postgresql.util.PSQLException: ERROR: relation "public.ecos_runtime_audit_retry" does not exist
  位置：256
; bad SQL grammar []
2026-10-10 08:15:48.502 [scheduling-1] [] WARN  c.c.g.runtime.audit.AuditRetryTask - [AuditRetry] 到期行拉取失败（表缺失/DB 不可用）errType=BadSqlGrammarException msg=
### Error querying database.  Cause: org.postgresql.util.PSQLException: ERROR: relation "public.ecos_runtime_audit_retry" does not exist
  位置：256
### The error may exist in com/chinacreator/gzcm/runtime/audit/mapper/AuditRetryMapper.java (best guess)
### The error may involve com.chinacreator.gzcm.runtime.audit.mapper.AuditRetryMapper.listDue-Inline
### The error occurred while setting parameters
### SQL: SELECT id, event_type AS eventType, payload, attempts, next_retry_at AS nextRetryAt, last_error AS lastError, status, trace_id AS traceId, create_time AS createTime, update_time AS updateTime, version_no AS versionNo, is_deleted AS isDeleted, domain FROM public.ecos_runtime_audit_retry WHERE is_deleted = 0 AND status = 'pending' AND next_retry_at <= ? ORDER BY next_retry_at ASC LIMIT ?
### Cause: org.postgresql.util.PSQLException: ERROR: relation "public.ecos_runtime_audit_retry" does not exist
  位置：256
; bad SQL grammar []
2026-10-10 08:16:48.524 [scheduling-1] [] WARN  c.c.g.runtime.audit.AuditRetryTask - [AuditRetry] 到期行拉取失败（表缺失/DB 不可用）errType=BadSqlGrammarException msg=
### Error querying database.  Cause: org.postgresql.util.PSQLException: ERROR: relation "public.ecos_runtime_audit_retry" does not exist
  位置：256
### The error may exist in com/chinacreator/gzcm/runtime/audit/mapper/AuditRetryMapper.java (best guess)
### The error may involve com.chinacreator.gzcm.runtime.audit.mapper.AuditRetryMapper.listDue-Inline
### The error occurred while setting parameters
### SQL: SELECT id, event_type AS eventType, payload, attempts, next_retry_at AS nextRetryAt, last_error AS lastError, status, trace_id AS traceId, create_time AS createTime, update_time AS updateTime, version_no AS versionNo, is_deleted AS isDeleted, domain FROM public.ecos_runtime_audit_retry WHERE is_deleted = 0 AND status = 'pending' AND next_retry_at <= ? ORDER BY next_retry_at ASC LIMIT ?
### Cause: org.postgresql.util.PSQLException: ERROR: relation "public.ecos_runtime_audit_retry" does not exist
  位置：256
; bad SQL grammar []
2026-10-10 08:17:48.547 [scheduling-1] [] WARN  c.c.g.runtime.audit.AuditRetryTask - [AuditRetry] 到期行拉取失败（表缺失/DB 不可用）errType=BadSqlGrammarException msg=
### Error querying database.  Cause: org.postgresql.util.PSQLException: ERROR: relation "public.ecos_runtime_audit_retry" does not exist
  位置：256
### The error may exist in com/chinacreator/gzcm/runtime/audit/mapper/AuditRetryMapper.java (best guess)
### The error may involve com.chinacreator.gzcm.runtime.audit.mapper.AuditRetryMapper.listDue-Inline
### The error occurred while setting parameters
### SQL: SELECT id, event_type AS eventType, payload, attempts, next_retry_at AS nextRetryAt, last_error AS lastError, status, trace_id AS traceId, create_time AS createTime, update_time AS updateTime, version_no AS versionNo, is_deleted AS isDeleted, domain FROM public.ecos_runtime_audit_retry WHERE is_deleted = 0 AND status = 'pending' AND next_retry_at <= ? ORDER BY next_retry_at ASC LIMIT ?
### Cause: org.postgresql.util.PSQLException: ERROR: relation "public.ecos_runtime_audit_retry" does not exist
  位置：256
; bad SQL grammar []
2026-10-10 08:18:48.574 [scheduling-1] [] WARN  c.c.g.runtime.audit.AuditRetryTask - [AuditRetry] 到期行拉取失败（表缺失/DB 不可用）errType=BadSqlGrammarException msg=
### Error querying database.  Cause: org.postgresql.util.PSQLException: ERROR: relation "public.ecos_runtime_audit_retry" does not exist
  位置：256
### The error may exist in com/chinacreator/gzcm/runtime/audit/mapper/AuditRetryMapper.java (best guess)
### The error may involve com.chinacreator.gzcm.runtime.audit.mapper.AuditRetryMapper.listDue-Inline
### The error occurred while setting parameters
### SQL: SELECT id, event_type AS eventType, payload, attempts, next_retry_at AS nextRetryAt, last_error AS lastError, status, trace_id AS traceId, create_time AS createTime, update_time AS updateTime, version_no AS versionNo, is_deleted AS isDeleted, domain FROM public.ecos_runtime_audit_retry WHERE is_deleted = 0 AND status = 'pending' AND next_retry_at <= ? ORDER BY next_retry_at ASC LIMIT ?
### Cause: org.postgresql.util.PSQLException: ERROR: relation "public.ecos_runtime_audit_retry" does not exist
  位置：256
; bad SQL grammar []
2026-10-10 08:19:17.682 [scheduling-1] [] WARN  c.c.gzcm.runtime.dlq.DltLagChecker - [DltLagChecker] AdminClient 创建失败 errType=KafkaException msg=Failed to create new KafkaAdminClient
2026-10-10 08:19:17.684 [scheduling-1] [] WARN  c.c.gzcm.runtime.dlq.DltLagChecker - [DltLagChecker] AdminClient 不可用（bootstrap=localhost:9092），本轮降级跳过
2026-10-10 08:19:48.593 [scheduling-1] [] WARN  c.c.g.runtime.audit.AuditRetryTask - [AuditRetry] 到期行拉取失败（表缺失/DB 不可用）errType=BadSqlGrammarException msg=
### Error querying database.  Cause: org.postgresql.util.PSQLException: ERROR: relation "public.ecos_runtime_audit_retry" does not exist
  位置：256
### The error may exist in com/chinacreator/gzcm/runtime/audit/mapper/AuditRetryMapper.java (best guess)
### The error may involve com.chinacreator.gzcm.runtime.audit.mapper.AuditRetryMapper.listDue-Inline
### The error occurred while setting parameters
### SQL: SELECT id, event_type AS eventType, payload, attempts, next_retry_at AS nextRetryAt, last_error AS lastError, status, trace_id AS traceId, create_time AS createTime, update_time AS updateTime, version_no AS versionNo, is_deleted AS isDeleted, domain FROM public.ecos_runtime_audit_retry WHERE is_deleted = 0 AND status = 'pending' AND next_retry_at <= ? ORDER BY next_retry_at ASC LIMIT ?
### Cause: org.postgresql.util.PSQLException: ERROR: relation "public.ecos_runtime_audit_retry" does not exist
  位置：256
; bad SQL grammar []
2026-10-10 08:20:48.599 [scheduling-1] [] WARN  c.c.g.runtime.audit.AuditRetryTask - [AuditRetry] 到期行拉取失败（表缺失/DB 不可用）errType=BadSqlGrammarException msg=
### Error querying database.  Cause: org.postgresql.util.PSQLException: ERROR: relation "public.ecos_runtime_audit_retry" does not exist
  位置：256
### The error may exist in com/chinacreator/gzcm/runtime/audit/mapper/AuditRetryMapper.java (best guess)
### The error may involve com.chinacreator.gzcm.runtime.audit.mapper.AuditRetryMapper.listDue-Inline
### The error occurred while setting parameters
### SQL: SELECT id, event_type AS eventType, payload, attempts, next_retry_at AS nextRetryAt, last_error AS lastError, status, trace_id AS traceId, create_time AS createTime, update_time AS updateTime, version_no AS versionNo, is_deleted AS isDeleted, domain FROM public.ecos_runtime_audit_retry WHERE is_deleted = 0 AND status = 'pending' AND next_retry_at <= ? ORDER BY next_retry_at ASC LIMIT ?
### Cause: org.postgresql.util.PSQLException: ERROR: relation "public.ecos_runtime_audit_retry" does not exist
  位置：256
; bad SQL grammar []
2026-10-10 08:21:48.627 [scheduling-1] [] WARN  c.c.g.runtime.audit.AuditRetryTask - [AuditRetry] 到期行拉取失败（表缺失/DB 不可用）errType=BadSqlGrammarException msg=
### Error querying database.  Cause: org.postgresql.util.PSQLException: ERROR: relation "public.ecos_runtime_audit_retry" does not exist
  位置：256
### The error may exist in com/chinacreator/gzcm/runtime/audit/mapper/AuditRetryMapper.java (best guess)
### The error may involve com.chinacreator.gzcm.runtime.audit.mapper.AuditRetryMapper.listDue-Inline
### The error occurred while setting parameters
### SQL: SELECT id, event_type AS eventType, payload, attempts, next_retry_at AS nextRetryAt, last_error AS lastError, status, trace_id AS traceId, create_time AS createTime, update_time AS updateTime, version_no AS versionNo, is_deleted AS isDeleted, domain FROM public.ecos_runtime_audit_retry WHERE is_deleted = 0 AND status = 'pending' AND next_retry_at <= ? ORDER BY next_retry_at ASC LIMIT ?
### Cause: org.postgresql.util.PSQLException: ERROR: relation "public.ecos_runtime_audit_retry" does not exist
  位置：256
; bad SQL grammar []
2026-10-10 08:22:48.643 [scheduling-1] [] WARN  c.c.g.runtime.audit.AuditRetryTask - [AuditRetry] 到期行拉取失败（表缺失/DB 不可用）errType=BadSqlGrammarException msg=
### Error querying database.  Cause: org.postgresql.util.PSQLException: ERROR: relation "public.ecos_runtime_audit_retry" does not exist
  位置：256
### The error may exist in com/chinacreator/gzcm/runtime/audit/mapper/AuditRetryMapper.java (best guess)
### The error may involve com.chinacreator.gzcm.runtime.audit.mapper.AuditRetryMapper.listDue-Inline
### The error occurred while setting parameters
### SQL: SELECT id, event_type AS eventType, payload, attempts, next_retry_at AS nextRetryAt, last_error AS lastError, status, trace_id AS traceId, create_time AS createTime, update_time AS updateTime, version_no AS versionNo, is_deleted AS isDeleted, domain FROM public.ecos_runtime_audit_retry WHERE is_deleted = 0 AND status = 'pending' AND next_retry_at <= ? ORDER BY next_retry_at ASC LIMIT ?
### Cause: org.postgresql.util.PSQLException: ERROR: relation "public.ecos_runtime_audit_retry" does not exist
  位置：256
; bad SQL grammar []
2026-10-10 08:23:02.904 [pool-3-thread-2] [] INFO  c.c.g.r.c.t.s.i.TaskManagementServiceImpl - 任务已提交: taskId=be121d11-f048-475d-be5f-f764096711a9, taskName=cognitive-mental-scan
2026-10-10 08:23:02.906 [pool-3-thread-2] [] INFO  c.c.g.r.c.t.s.i.TaskManagementServiceImpl - 任务已解析: taskId=be121d11-f048-475d-be5f-f764096711a9
2026-10-10 08:23:02.919 [pool-3-thread-2] [] INFO  c.c.g.e.c.s.mental.MentalScanTask - PMO-59 心智层补算一代完成: scanned=5 invalidated=0
2026-10-10 08:23:02.920 [pool-3-thread-2] [] INFO  c.c.g.r.c.t.s.i.TaskManagementServiceImpl - 任务执行完成: taskId=be121d11-f048-475d-be5f-f764096711a9, status=SUCCEEDED
2026-10-10 08:23:02.921 [pool-3-thread-2] [] INFO  c.c.g.r.c.t.s.TaskSchedulerServiceImpl - 定时任务已提交执行 taskId=be121d11-f048-475d-be5f-f764096711a9 taskType=COGNITIVE_MENTAL_SCAN scheduleId=7a77d5c0-3368-4754-87b1-8f0eb6fe7fac
2026-10-10 08:23:48.658 [scheduling-1] [] WARN  c.c.g.runtime.audit.AuditRetryTask - [AuditRetry] 到期行拉取失败（表缺失/DB 不可用）errType=BadSqlGrammarException msg=
### Error querying database.  Cause: org.postgresql.util.PSQLException: ERROR: relation "public.ecos_runtime_audit_retry" does not exist
  位置：256
### The error may exist in com/chinacreator/gzcm/runtime/audit/mapper/AuditRetryMapper.java (best guess)
### The error may involve com.chinacreator.gzcm.runtime.audit.mapper.AuditRetryMapper.listDue-Inline
### The error occurred while setting parameters
### SQL: SELECT id, event_type AS eventType, payload, attempts, next_retry_at AS nextRetryAt, last_error AS lastError, status, trace_id AS traceId, create_time AS createTime, update_time AS updateTime, version_no AS versionNo, is_deleted AS isDeleted, domain FROM public.ecos_runtime_audit_retry WHERE is_deleted = 0 AND status = 'pending' AND next_retry_at <= ? ORDER BY next_retry_at ASC LIMIT ?
### Cause: org.postgresql.util.PSQLException: ERROR: relation "public.ecos_runtime_audit_retry" does not exist
  位置：256
; bad SQL grammar []
2026-10-10 08:24:17.700 [scheduling-1] [] WARN  c.c.gzcm.runtime.dlq.DltLagChecker - [DltLagChecker] AdminClient 创建失败 errType=KafkaException msg=Failed to create new KafkaAdminClient
2026-10-10 08:24:17.702 [scheduling-1] [] WARN  c.c.gzcm.runtime.dlq.DltLagChecker - [DltLagChecker] AdminClient 不可用（bootstrap=localhost:9092），本轮降级跳过
2026-10-10 08:24:48.678 [scheduling-1] [] WARN  c.c.g.runtime.audit.AuditRetryTask - [AuditRetry] 到期行拉取失败（表缺失/DB 不可用）errType=BadSqlGrammarException msg=
### Error querying database.  Cause: org.postgresql.util.PSQLException: ERROR: relation "public.ecos_runtime_audit_retry" does not exist
  位置：256
### The error may exist in com/chinacreator/gzcm/runtime/audit/mapper/AuditRetryMapper.java (best guess)
### The error may involve com.chinacreator.gzcm.runtime.audit.mapper.AuditRetryMapper.listDue-Inline
### The error occurred while setting parameters
### SQL: SELECT id, event_type AS eventType, payload, attempts, next_retry_at AS nextRetryAt, last_error AS lastError, status, trace_id AS traceId, create_time AS createTime, update_time AS updateTime, version_no AS versionNo, is_deleted AS isDeleted, domain FROM public.ecos_runtime_audit_retry WHERE is_deleted = 0 AND status = 'pending' AND next_retry_at <= ? ORDER BY next_retry_at ASC LIMIT ?
### Cause: org.postgresql.util.PSQLException: ERROR: relation "public.ecos_runtime_audit_retry" does not exist
  位置：256
; bad SQL grammar []
2026-10-10 08:25:48.704 [scheduling-1] [] WARN  c.c.g.runtime.audit.AuditRetryTask - [AuditRetry] 到期行拉取失败（表缺失/DB 不可用）errType=BadSqlGrammarException msg=
### Error querying database.  Cause: org.postgresql.util.PSQLException: ERROR: relation "public.ecos_runtime_audit_retry" does not exist
  位置：256
### The error may exist in com/chinacreator/gzcm/runtime/audit/mapper/AuditRetryMapper.java (best guess)
### The error may involve com.chinacreator.gzcm.runtime.audit.mapper.AuditRetryMapper.listDue-Inline
### The error occurred while setting parameters
### SQL: SELECT id, event_type AS eventType, payload, attempts, next_retry_at AS nextRetryAt, last_error AS lastError, status, trace_id AS traceId, create_time AS createTime, update_time AS updateTime, version_no AS versionNo, is_deleted AS isDeleted, domain FROM public.ecos_runtime_audit_retry WHERE is_deleted = 0 AND status = 'pending' AND next_retry_at <= ? ORDER BY next_retry_at ASC LIMIT ?
### Cause: org.postgresql.util.PSQLException: ERROR: relation "public.ecos_runtime_audit_retry" does not exist
  位置：256
; bad SQL grammar []
2026-10-10 08:26:48.728 [scheduling-1] [] WARN  c.c.g.runtime.audit.AuditRetryTask - [AuditRetry] 到期行拉取失败（表缺失/DB 不可用）errType=BadSqlGrammarException msg=
### Error querying database.  Cause: org.postgresql.util.PSQLException: ERROR: relation "public.ecos_runtime_audit_retry" does not exist
  位置：256
### The error may exist in com/chinacreator/gzcm/runtime/audit/mapper/AuditRetryMapper.java (best guess)
### The error may involve com.chinacreator.gzcm.runtime.audit.mapper.AuditRetryMapper.listDue-Inline
### The error occurred while setting parameters
### SQL: SELECT id, event_type AS eventType, payload, attempts, next_retry_at AS nextRetryAt, last_error AS lastError, status, trace_id AS traceId, create_time AS createTime, update_time AS updateTime, version_no AS versionNo, is_deleted AS isDeleted, domain FROM public.ecos_runtime_audit_retry WHERE is_deleted = 0 AND status = 'pending' AND next_retry_at <= ? ORDER BY next_retry_at ASC LIMIT ?
### Cause: org.postgresql.util.PSQLException: ERROR: relation "public.ecos_runtime_audit_retry" does not exist
  位置：256
; bad SQL grammar []
2026-10-10 08:27:48.737 [scheduling-1] [] WARN  c.c.g.runtime.audit.AuditRetryTask - [AuditRetry] 到期行拉取失败（表缺失/DB 不可用）errType=BadSqlGrammarException msg=
### Error querying database.  Cause: org.postgresql.util.PSQLException: ERROR: relation "public.ecos_runtime_audit_retry" does not exist
  位置：256
### The error may exist in com/chinacreator/gzcm/runtime/audit/mapper/AuditRetryMapper.java (best guess)
### The error may involve com.chinacreator.gzcm.runtime.audit.mapper.AuditRetryMapper.listDue-Inline
### The error occurred while setting parameters
### SQL: SELECT id, event_type AS eventType, payload, attempts, next_retry_at AS nextRetryAt, last_error AS lastError, status, trace_id AS traceId, create_time AS createTime, update_time AS updateTime, version_no AS versionNo, is_deleted AS isDeleted, domain FROM public.ecos_runtime_audit_retry WHERE is_deleted = 0 AND status = 'pending' AND next_retry_at <= ? ORDER BY next_retry_at ASC LIMIT ?
### Cause: org.postgresql.util.PSQLException: ERROR: relation "public.ecos_runtime_audit_retry" does not exist
  位置：256
; bad SQL grammar []
2026-10-10 08:28:48.757 [scheduling-1] [] WARN  c.c.g.runtime.audit.AuditRetryTask - [AuditRetry] 到期行拉取失败（表缺失/DB 不可用）errType=BadSqlGrammarException msg=
### Error querying database.  Cause: org.postgresql.util.PSQLException: ERROR: relation "public.ecos_runtime_audit_retry" does not exist
  位置：256
### The error may exist in com/chinacreator/gzcm/runtime/audit/mapper/AuditRetryMapper.java (best guess)
### The error may involve com.chinacreator.gzcm.runtime.audit.mapper.AuditRetryMapper.listDue-Inline
### The error occurred while setting parameters
### SQL: SELECT id, event_type AS eventType, payload, attempts, next_retry_at AS nextRetryAt, last_error AS lastError, status, trace_id AS traceId, create_time AS createTime, update_time AS updateTime, version_no AS versionNo, is_deleted AS isDeleted, domain FROM public.ecos_runtime_audit_retry WHERE is_deleted = 0 AND status = 'pending' AND next_retry_at <= ? ORDER BY next_retry_at ASC LIMIT ?
### Cause: org.postgresql.util.PSQLException: ERROR: relation "public.ecos_runtime_audit_retry" does not exist
  位置：256
; bad SQL grammar []
2026-10-10 08:29:17.720 [scheduling-1] [] WARN  c.c.gzcm.runtime.dlq.DltLagChecker - [DltLagChecker] AdminClient 创建失败 errType=KafkaException msg=Failed to create new KafkaAdminClient
2026-10-10 08:29:17.730 [scheduling-1] [] WARN  c.c.gzcm.runtime.dlq.DltLagChecker - [DltLagChecker] AdminClient 不可用（bootstrap=localhost:9092），本轮降级跳过
2026-10-10 08:29:48.763 [scheduling-1] [] WARN  c.c.g.runtime.audit.AuditRetryTask - [AuditRetry] 到期行拉取失败（表缺失/DB 不可用）errType=BadSqlGrammarException msg=
### Error querying database.  Cause: org.postgresql.util.PSQLException: ERROR: relation "public.ecos_runtime_audit_retry" does not exist
  位置：256
### The error may exist in com/chinacreator/gzcm/runtime/audit/mapper/AuditRetryMapper.java (best guess)
### The error may involve com.chinacreator.gzcm.runtime.audit.mapper.AuditRetryMapper.listDue-Inline
### The error occurred while setting parameters
### SQL: SELECT id, event_type AS eventType, payload, attempts, next_retry_at AS nextRetryAt, last_error AS lastError, status, trace_id AS traceId, create_time AS createTime, update_time AS updateTime, version_no AS versionNo, is_deleted AS isDeleted, domain FROM public.ecos_runtime_audit_retry WHERE is_deleted = 0 AND status = 'pending' AND next_retry_at <= ? ORDER BY next_retry_at ASC LIMIT ?
### Cause: org.postgresql.util.PSQLException: ERROR: relation "public.ecos_runtime_audit_retry" does not exist
  位置：256
; bad SQL grammar []
2026-10-10 08:30:48.778 [scheduling-1] [] WARN  c.c.g.runtime.audit.AuditRetryTask - [AuditRetry] 到期行拉取失败（表缺失/DB 不可用）errType=BadSqlGrammarException msg=
### Error querying database.  Cause: org.postgresql.util.PSQLException: ERROR: relation "public.ecos_runtime_audit_retry" does not exist
  位置：256
### The error may exist in com/chinacreator/gzcm/runtime/audit/mapper/AuditRetryMapper.java (best guess)
### The error may involve com.chinacreator.gzcm.runtime.audit.mapper.AuditRetryMapper.listDue-Inline
### The error occurred while setting parameters
### SQL: SELECT id, event_type AS eventType, payload, attempts, next_retry_at AS nextRetryAt, last_error AS lastError, status, trace_id AS traceId, create_time AS createTime, update_time AS updateTime, version_no AS versionNo, is_deleted AS isDeleted, domain FROM public.ecos_runtime_audit_retry WHERE is_deleted = 0 AND status = 'pending' AND next_retry_at <= ? ORDER BY next_retry_at ASC LIMIT ?
### Cause: org.postgresql.util.PSQLException: ERROR: relation "public.ecos_runtime_audit_retry" does not exist
  位置：256
; bad SQL grammar []
2026-10-10 08:31:48.783 [scheduling-1] [] WARN  c.c.g.runtime.audit.AuditRetryTask - [AuditRetry] 到期行拉取失败（表缺失/DB 不可用）errType=BadSqlGrammarException msg=
### Error querying database.  Cause: org.postgresql.util.PSQLException: ERROR: relation "public.ecos_runtime_audit_retry" does not exist
  位置：256
### The error may exist in com/chinacreator/gzcm/runtime/audit/mapper/AuditRetryMapper.java (best guess)
### The error may involve com.chinacreator.gzcm.runtime.audit.mapper.AuditRetryMapper.listDue-Inline
### The error occurred while setting parameters
### SQL: SELECT id, event_type AS eventType, payload, attempts, next_retry_at AS nextRetryAt, last_error AS lastError, status, trace_id AS traceId, create_time AS createTime, update_time AS updateTime, version_no AS versionNo, is_deleted AS isDeleted, domain FROM public.ecos_runtime_audit_retry WHERE is_deleted = 0 AND status = 'pending' AND next_retry_at <= ? ORDER BY next_retry_at ASC LIMIT ?
### Cause: org.postgresql.util.PSQLException: ERROR: relation "public.ecos_runtime_audit_retry" does not exist
  位置：256
; bad SQL grammar []
2026-10-10 08:32:48.798 [scheduling-1] [] WARN  c.c.g.runtime.audit.AuditRetryTask - [AuditRetry] 到期行拉取失败（表缺失/DB 不可用）errType=BadSqlGrammarException msg=
### Error querying database.  Cause: org.postgresql.util.PSQLException: ERROR: relation "public.ecos_runtime_audit_retry" does not exist
  位置：256
### The error may exist in com/chinacreator/gzcm/runtime/audit/mapper/AuditRetryMapper.java (best guess)
### The error may involve com.chinacreator.gzcm.runtime.audit.mapper.AuditRetryMapper.listDue-Inline
### The error occurred while setting parameters
### SQL: SELECT id, event_type AS eventType, payload, attempts, next_retry_at AS nextRetryAt, last_error AS lastError, status, trace_id AS traceId, create_time AS createTime, update_time AS updateTime, version_no AS versionNo, is_deleted AS isDeleted, domain FROM public.ecos_runtime_audit_retry WHERE is_deleted = 0 AND status = 'pending' AND next_retry_at <= ? ORDER BY next_retry_at ASC LIMIT ?
### Cause: org.postgresql.util.PSQLException: ERROR: relation "public.ecos_runtime_audit_retry" does not exist
  位置：256
; bad SQL grammar []
2026-10-10 08:33:02.910 [pool-3-thread-1] [] INFO  c.c.g.r.c.t.s.i.TaskManagementServiceImpl - 任务已提交: taskId=be121d11-f048-475d-be5f-f764096711a9, taskName=cognitive-mental-scan
2026-10-10 08:33:02.920 [pool-3-thread-1] [] INFO  c.c.g.r.c.t.s.i.TaskManagementServiceImpl - 任务已解析: taskId=be121d11-f048-475d-be5f-f764096711a9
2026-10-10 08:33:02.954 [pool-3-thread-1] [] INFO  c.c.g.e.c.s.mental.MentalScanTask - PMO-59 心智层补算一代完成: scanned=5 invalidated=0
2026-10-10 08:33:02.956 [pool-3-thread-1] [] INFO  c.c.g.r.c.t.s.i.TaskManagementServiceImpl - 任务执行完成: taskId=be121d11-f048-475d-be5f-f764096711a9, status=SUCCEEDED
2026-10-10 08:33:02.957 [pool-3-thread-1] [] INFO  c.c.g.r.c.t.s.TaskSchedulerServiceImpl - 定时任务已提交执行 taskId=be121d11-f048-475d-be5f-f764096711a9 taskType=COGNITIVE_MENTAL_SCAN scheduleId=7a77d5c0-3368-4754-87b1-8f0eb6fe7fac
2026-10-10 08:33:48.807 [scheduling-1] [] WARN  c.c.g.runtime.audit.AuditRetryTask - [AuditRetry] 到期行拉取失败（表缺失/DB 不可用）errType=BadSqlGrammarException msg=
### Error querying database.  Cause: org.postgresql.util.PSQLException: ERROR: relation "public.ecos_runtime_audit_retry" does not exist
  位置：256
### The error may exist in com/chinacreator/gzcm/runtime/audit/mapper/AuditRetryMapper.java (best guess)
### The error may involve com.chinacreator.gzcm.runtime.audit.mapper.AuditRetryMapper.listDue-Inline
### The error occurred while setting parameters
### SQL: SELECT id, event_type AS eventType, payload, attempts, next_retry_at AS nextRetryAt, last_error AS lastError, status, trace_id AS traceId, create_time AS createTime, update_time AS updateTime, version_no AS versionNo, is_deleted AS isDeleted, domain FROM public.ecos_runtime_audit_retry WHERE is_deleted = 0 AND status = 'pending' AND next_retry_at <= ? ORDER BY next_retry_at ASC LIMIT ?
### Cause: org.postgresql.util.PSQLException: ERROR: relation "public.ecos_runtime_audit_retry" does not exist
  位置：256
; bad SQL grammar []
2026-10-10 08:34:17.751 [scheduling-1] [] WARN  c.c.gzcm.runtime.dlq.DltLagChecker - [DltLagChecker] AdminClient 创建失败 errType=KafkaException msg=Failed to create new KafkaAdminClient
2026-10-10 08:34:17.752 [scheduling-1] [] WARN  c.c.gzcm.runtime.dlq.DltLagChecker - [DltLagChecker] AdminClient 不可用（bootstrap=localhost:9092），本轮降级跳过
2026-10-10 08:34:48.826 [scheduling-1] [] WARN  c.c.g.runtime.audit.AuditRetryTask - [AuditRetry] 到期行拉取失败（表缺失/DB 不可用）errType=BadSqlGrammarException msg=
### Error querying database.  Cause: org.postgresql.util.PSQLException: ERROR: relation "public.ecos_runtime_audit_retry" does not exist
  位置：256
### The error may exist in com/chinacreator/gzcm/runtime/audit/mapper/AuditRetryMapper.java (best guess)
### The error may involve com.chinacreator.gzcm.runtime.audit.mapper.AuditRetryMapper.listDue-Inline
### The error occurred while setting parameters
### SQL: SELECT id, event_type AS eventType, payload, attempts, next_retry_at AS nextRetryAt, last_error AS lastError, status, trace_id AS traceId, create_time AS createTime, update_time AS updateTime, version_no AS versionNo, is_deleted AS isDeleted, domain FROM public.ecos_runtime_audit_retry WHERE is_deleted = 0 AND status = 'pending' AND next_retry_at <= ? ORDER BY next_retry_at ASC LIMIT ?
### Cause: org.postgresql.util.PSQLException: ERROR: relation "public.ecos_runtime_audit_retry" does not exist
  位置：256
; bad SQL grammar []
2026-10-10 08:35:48.843 [scheduling-1] [] WARN  c.c.g.runtime.audit.AuditRetryTask - [AuditRetry] 到期行拉取失败（表缺失/DB 不可用）errType=BadSqlGrammarException msg=
### Error querying database.  Cause: org.postgresql.util.PSQLException: ERROR: relation "public.ecos_runtime_audit_retry" does not exist
  位置：256
### The error may exist in com/chinacreator/gzcm/runtime/audit/mapper/AuditRetryMapper.java (best guess)
### The error may involve com.chinacreator.gzcm.runtime.audit.mapper.AuditRetryMapper.listDue-Inline
### The error occurred while setting parameters
### SQL: SELECT id, event_type AS eventType, payload, attempts, next_retry_at AS nextRetryAt, last_error AS lastError, status, trace_id AS traceId, create_time AS createTime, update_time AS updateTime, version_no AS versionNo, is_deleted AS isDeleted, domain FROM public.ecos_runtime_audit_retry WHERE is_deleted = 0 AND status = 'pending' AND next_retry_at <= ? ORDER BY next_retry_at ASC LIMIT ?
### Cause: org.postgresql.util.PSQLException: ERROR: relation "public.ecos_runtime_audit_retry" does not exist
  位置：256
; bad SQL grammar []
2026-10-10 08:36:48.865 [scheduling-1] [] WARN  c.c.g.runtime.audit.AuditRetryTask - [AuditRetry] 到期行拉取失败（表缺失/DB 不可用）errType=BadSqlGrammarException msg=
### Error querying database.  Cause: org.postgresql.util.PSQLException: ERROR: relation "public.ecos_runtime_audit_retry" does not exist
  位置：256
### The error may exist in com/chinacreator/gzcm/runtime/audit/mapper/AuditRetryMapper.java (best guess)
### The error may involve com.chinacreator.gzcm.runtime.audit.mapper.AuditRetryMapper.listDue-Inline
### The error occurred while setting parameters
### SQL: SELECT id, event_type AS eventType, payload, attempts, next_retry_at AS nextRetryAt, last_error AS lastError, status, trace_id AS traceId, create_time AS createTime, update_time AS updateTime, version_no AS versionNo, is_deleted AS isDeleted, domain FROM public.ecos_runtime_audit_retry WHERE is_deleted = 0 AND status = 'pending' AND next_retry_at <= ? ORDER BY next_retry_at ASC LIMIT ?
### Cause: org.postgresql.util.PSQLException: ERROR: relation "public.ecos_runtime_audit_retry" does not exist
  位置：256
; bad SQL grammar []
2026-10-10 08:37:48.879 [scheduling-1] [] WARN  c.c.g.runtime.audit.AuditRetryTask - [AuditRetry] 到期行拉取失败（表缺失/DB 不可用）errType=BadSqlGrammarException msg=
### Error querying database.  Cause: org.postgresql.util.PSQLException: ERROR: relation "public.ecos_runtime_audit_retry" does not exist
  位置：256
### The error may exist in com/chinacreator/gzcm/runtime/audit/mapper/AuditRetryMapper.java (best guess)
### The error may involve com.chinacreator.gzcm.runtime.audit.mapper.AuditRetryMapper.listDue-Inline
### The error occurred while setting parameters
### SQL: SELECT id, event_type AS eventType, payload, attempts, next_retry_at AS nextRetryAt, last_error AS lastError, status, trace_id AS traceId, create_time AS createTime, update_time AS updateTime, version_no AS versionNo, is_deleted AS isDeleted, domain FROM public.ecos_runtime_audit_retry WHERE is_deleted = 0 AND status = 'pending' AND next_retry_at <= ? ORDER BY next_retry_at ASC LIMIT ?
### Cause: org.postgresql.util.PSQLException: ERROR: relation "public.ecos_runtime_audit_retry" does not exist
  位置：256
; bad SQL grammar []
2026-10-10 08:38:48.906 [scheduling-1] [] WARN  c.c.g.runtime.audit.AuditRetryTask - [AuditRetry] 到期行拉取失败（表缺失/DB 不可用）errType=BadSqlGrammarException msg=
### Error querying database.  Cause: org.postgresql.util.PSQLException: ERROR: relation "public.ecos_runtime_audit_retry" does not exist
  位置：256
### The error may exist in com/chinacreator/gzcm/runtime/audit/mapper/AuditRetryMapper.java (best guess)
### The error may involve com.chinacreator.gzcm.runtime.audit.mapper.AuditRetryMapper.listDue-Inline
### The error occurred while setting parameters
### SQL: SELECT id, event_type AS eventType, payload, attempts, next_retry_at AS nextRetryAt, last_error AS lastError, status, trace_id AS traceId, create_time AS createTime, update_time AS updateTime, version_no AS versionNo, is_deleted AS isDeleted, domain FROM public.ecos_runtime_audit_retry WHERE is_deleted = 0 AND status = 'pending' AND next_retry_at <= ? ORDER BY next_retry_at ASC LIMIT ?
### Cause: org.postgresql.util.PSQLException: ERROR: relation "public.ecos_runtime_audit_retry" does not exist
  位置：256
; bad SQL grammar []
2026-10-10 08:39:17.759 [scheduling-1] [] WARN  c.c.gzcm.runtime.dlq.DltLagChecker - [DltLagChecker] AdminClient 创建失败 errType=KafkaException msg=Failed to create new KafkaAdminClient
2026-10-10 08:39:17.769 [scheduling-1] [] WARN  c.c.gzcm.runtime.dlq.DltLagChecker - [DltLagChecker] AdminClient 不可用（bootstrap=localhost:9092），本轮降级跳过
2026-10-10 08:39:48.917 [scheduling-1] [] WARN  c.c.g.runtime.audit.AuditRetryTask - [AuditRetry] 到期行拉取失败（表缺失/DB 不可用）errType=BadSqlGrammarException msg=
### Error querying database.  Cause: org.postgresql.util.PSQLException: ERROR: relation "public.ecos_runtime_audit_retry" does not exist
  位置：256
### The error may exist in com/chinacreator/gzcm/runtime/audit/mapper/AuditRetryMapper.java (best guess)
### The error may involve com.chinacreator.gzcm.runtime.audit.mapper.AuditRetryMapper.listDue-Inline
### The error occurred while setting parameters
### SQL: SELECT id, event_type AS eventType, payload, attempts, next_retry_at AS nextRetryAt, last_error AS lastError, status, trace_id AS traceId, create_time AS createTime, update_time AS updateTime, version_no AS versionNo, is_deleted AS isDeleted, domain FROM public.ecos_runtime_audit_retry WHERE is_deleted = 0 AND status = 'pending' AND next_retry_at <= ? ORDER BY next_retry_at ASC LIMIT ?
### Cause: org.postgresql.util.PSQLException: ERROR: relation "public.ecos_runtime_audit_retry" does not exist
  位置：256
; bad SQL grammar []
2026-10-10 08:40:48.937 [scheduling-1] [] WARN  c.c.g.runtime.audit.AuditRetryTask - [AuditRetry] 到期行拉取失败（表缺失/DB 不可用）errType=BadSqlGrammarException msg=
### Error querying database.  Cause: org.postgresql.util.PSQLException: ERROR: relation "public.ecos_runtime_audit_retry" does not exist
  位置：256
### The error may exist in com/chinacreator/gzcm/runtime/audit/mapper/AuditRetryMapper.java (best guess)
### The error may involve com.chinacreator.gzcm.runtime.audit.mapper.AuditRetryMapper.listDue-Inline
### The error occurred while setting parameters
### SQL: SELECT id, event_type AS eventType, payload, attempts, next_retry_at AS nextRetryAt, last_error AS lastError, status, trace_id AS traceId, create_time AS createTime, update_time AS updateTime, version_no AS versionNo, is_deleted AS isDeleted, domain FROM public.ecos_runtime_audit_retry WHERE is_deleted = 0 AND status = 'pending' AND next_retry_at <= ? ORDER BY next_retry_at ASC LIMIT ?
### Cause: org.postgresql.util.PSQLException: ERROR: relation "public.ecos_runtime_audit_retry" does not exist
  位置：256
; bad SQL grammar []
2026-10-10 08:41:48.964 [scheduling-1] [] WARN  c.c.g.runtime.audit.AuditRetryTask - [AuditRetry] 到期行拉取失败（表缺失/DB 不可用）errType=BadSqlGrammarException msg=
### Error querying database.  Cause: org.postgresql.util.PSQLException: ERROR: relation "public.ecos_runtime_audit_retry" does not exist
  位置：256
### The error may exist in com/chinacreator/gzcm/runtime/audit/mapper/AuditRetryMapper.java (best guess)
### The error may involve com.chinacreator.gzcm.runtime.audit.mapper.AuditRetryMapper.listDue-Inline
### The error occurred while setting parameters
### SQL: SELECT id, event_type AS eventType, payload, attempts, next_retry_at AS nextRetryAt, last_error AS lastError, status, trace_id AS traceId, create_time AS createTime, update_time AS updateTime, version_no AS versionNo, is_deleted AS isDeleted, domain FROM public.ecos_runtime_audit_retry WHERE is_deleted = 0 AND status = 'pending' AND next_retry_at <= ? ORDER BY next_retry_at ASC LIMIT ?
### Cause: org.postgresql.util.PSQLException: ERROR: relation "public.ecos_runtime_audit_retry" does not exist
  位置：256
; bad SQL grammar []
2026-10-10 08:42:48.970 [scheduling-1] [] WARN  c.c.g.runtime.audit.AuditRetryTask - [AuditRetry] 到期行拉取失败（表缺失/DB 不可用）errType=BadSqlGrammarException msg=
### Error querying database.  Cause: org.postgresql.util.PSQLException: ERROR: relation "public.ecos_runtime_audit_retry" does not exist
  位置：256
### The error may exist in com/chinacreator/gzcm/runtime/audit/mapper/AuditRetryMapper.java (best guess)
### The error may involve com.chinacreator.gzcm.runtime.audit.mapper.AuditRetryMapper.listDue-Inline
### The error occurred while setting parameters
### SQL: SELECT id, event_type AS eventType, payload, attempts, next_retry_at AS nextRetryAt, last_error AS lastError, status, trace_id AS traceId, create_time AS createTime, update_time AS updateTime, version_no AS versionNo, is_deleted AS isDeleted, domain FROM public.ecos_runtime_audit_retry WHERE is_deleted = 0 AND status = 'pending' AND next_retry_at <= ? ORDER BY next_retry_at ASC LIMIT ?
### Cause: org.postgresql.util.PSQLException: ERROR: relation "public.ecos_runtime_audit_retry" does not exist
  位置：256
; bad SQL grammar []
2026-10-10 08:43:02.905 [pool-3-thread-3] [] INFO  c.c.g.r.c.t.s.i.TaskManagementServiceImpl - 任务已提交: taskId=be121d11-f048-475d-be5f-f764096711a9, taskName=cognitive-mental-scan
2026-10-10 08:43:02.916 [pool-3-thread-3] [] INFO  c.c.g.r.c.t.s.i.TaskManagementServiceImpl - 任务已解析: taskId=be121d11-f048-475d-be5f-f764096711a9
2026-10-10 08:43:02.938 [pool-3-thread-3] [] INFO  c.c.g.e.c.s.mental.MentalScanTask - PMO-59 心智层补算一代完成: scanned=5 invalidated=0
2026-10-10 08:43:02.940 [pool-3-thread-3] [] INFO  c.c.g.r.c.t.s.i.TaskManagementServiceImpl - 任务执行完成: taskId=be121d11-f048-475d-be5f-f764096711a9, status=SUCCEEDED
2026-10-10 08:43:02.940 [pool-3-thread-3] [] INFO  c.c.g.r.c.t.s.TaskSchedulerServiceImpl - 定时任务已提交执行 taskId=be121d11-f048-475d-be5f-f764096711a9 taskType=COGNITIVE_MENTAL_SCAN scheduleId=7a77d5c0-3368-4754-87b1-8f0eb6fe7fac
2026-10-10 08:43:48.981 [scheduling-1] [] WARN  c.c.g.runtime.audit.AuditRetryTask - [AuditRetry] 到期行拉取失败（表缺失/DB 不可用）errType=BadSqlGrammarException msg=
### Error querying database.  Cause: org.postgresql.util.PSQLException: ERROR: relation "public.ecos_runtime_audit_retry" does not exist
  位置：256
### The error may exist in com/chinacreator/gzcm/runtime/audit/mapper/AuditRetryMapper.java (best guess)
### The error may involve com.chinacreator.gzcm.runtime.audit.mapper.AuditRetryMapper.listDue-Inline
### The error occurred while setting parameters
### SQL: SELECT id, event_type AS eventType, payload, attempts, next_retry_at AS nextRetryAt, last_error AS lastError, status, trace_id AS traceId, create_time AS createTime, update_time AS updateTime, version_no AS versionNo, is_deleted AS isDeleted, domain FROM public.ecos_runtime_audit_retry WHERE is_deleted = 0 AND status = 'pending' AND next_retry_at <= ? ORDER BY next_retry_at ASC LIMIT ?
### Cause: org.postgresql.util.PSQLException: ERROR: relation "public.ecos_runtime_audit_retry" does not exist
  位置：256
; bad SQL grammar []
2026-10-10 08:44:17.785 [scheduling-1] [] WARN  c.c.gzcm.runtime.dlq.DltLagChecker - [DltLagChecker] AdminClient 创建失败 errType=KafkaException msg=Failed to create new KafkaAdminClient
2026-10-10 08:44:17.795 [scheduling-1] [] WARN  c.c.gzcm.runtime.dlq.DltLagChecker - [DltLagChecker] AdminClient 不可用（bootstrap=localhost:9092），本轮降级跳过
2026-10-10 08:44:48.995 [scheduling-1] [] WARN  c.c.g.runtime.audit.AuditRetryTask - [AuditRetry] 到期行拉取失败（表缺失/DB 不可用）errType=BadSqlGrammarException msg=
### Error querying database.  Cause: org.postgresql.util.PSQLException: ERROR: relation "public.ecos_runtime_audit_retry" does not exist
  位置：256
### The error may exist in com/chinacreator/gzcm/runtime/audit/mapper/AuditRetryMapper.java (best guess)
### The error may involve com.chinacreator.gzcm.runtime.audit.mapper.AuditRetryMapper.listDue-Inline
### The error occurred while setting parameters
### SQL: SELECT id, event_type AS eventType, payload, attempts, next_retry_at AS nextRetryAt, last_error AS lastError, status, trace_id AS traceId, create_time AS createTime, update_time AS updateTime, version_no AS versionNo, is_deleted AS isDeleted, domain FROM public.ecos_runtime_audit_retry WHERE is_deleted = 0 AND status = 'pending' AND next_retry_at <= ? ORDER BY next_retry_at ASC LIMIT ?
### Cause: org.postgresql.util.PSQLException: ERROR: relation "public.ecos_runtime_audit_retry" does not exist
  位置：256
; bad SQL grammar []
2026-10-10 08:45:49.012 [scheduling-1] [] WARN  c.c.g.runtime.audit.AuditRetryTask - [AuditRetry] 到期行拉取失败（表缺失/DB 不可用）errType=BadSqlGrammarException msg=
### Error querying database.  Cause: org.postgresql.util.PSQLException: ERROR: relation "public.ecos_runtime_audit_retry" does not exist
  位置：256
### The error may exist in com/chinacreator/gzcm/runtime/audit/mapper/AuditRetryMapper.java (best guess)
### The error may involve com.chinacreator.gzcm.runtime.audit.mapper.AuditRetryMapper.listDue-Inline
### The error occurred while setting parameters
### SQL: SELECT id, event_type AS eventType, payload, attempts, next_retry_at AS nextRetryAt, last_error AS lastError, status, trace_id AS traceId, create_time AS createTime, update_time AS updateTime, version_no AS versionNo, is_deleted AS isDeleted, domain FROM public.ecos_runtime_audit_retry WHERE is_deleted = 0 AND status = 'pending' AND next_retry_at <= ? ORDER BY next_retry_at ASC LIMIT ?
### Cause: org.postgresql.util.PSQLException: ERROR: relation "public.ecos_runtime_audit_retry" does not exist
  位置：256
; bad SQL grammar []
2026-10-10 08:46:49.030 [scheduling-1] [] WARN  c.c.g.runtime.audit.AuditRetryTask - [AuditRetry] 到期行拉取失败（表缺失/DB 不可用）errType=BadSqlGrammarException msg=
### Error querying database.  Cause: org.postgresql.util.PSQLException: ERROR: relation "public.ecos_runtime_audit_retry" does not exist
  位置：256
### The error may exist in com/chinacreator/gzcm/runtime/audit/mapper/AuditRetryMapper.java (best guess)
### The error may involve com.chinacreator.gzcm.runtime.audit.mapper.AuditRetryMapper.listDue-Inline
### The error occurred while setting parameters
### SQL: SELECT id, event_type AS eventType, payload, attempts, next_retry_at AS nextRetryAt, last_error AS lastError, status, trace_id AS traceId, create_time AS createTime, update_time AS updateTime, version_no AS versionNo, is_deleted AS isDeleted, domain FROM public.ecos_runtime_audit_retry WHERE is_deleted = 0 AND status = 'pending' AND next_retry_at <= ? ORDER BY next_retry_at ASC LIMIT ?
### Cause: org.postgresql.util.PSQLException: ERROR: relation "public.ecos_runtime_audit_retry" does not exist
  位置：256
; bad SQL grammar []
2026-10-10 08:47:49.055 [scheduling-1] [] WARN  c.c.g.runtime.audit.AuditRetryTask - [AuditRetry] 到期行拉取失败（表缺失/DB 不可用）errType=BadSqlGrammarException msg=
### Error querying database.  Cause: org.postgresql.util.PSQLException: ERROR: relation "public.ecos_runtime_audit_retry" does not exist
  位置：256
### The error may exist in com/chinacreator/gzcm/runtime/audit/mapper/AuditRetryMapper.java (best guess)
### The error may involve com.chinacreator.gzcm.runtime.audit.mapper.AuditRetryMapper.listDue-Inline
### The error occurred while setting parameters
### SQL: SELECT id, event_type AS eventType, payload, attempts, next_retry_at AS nextRetryAt, last_error AS lastError, status, trace_id AS traceId, create_time AS createTime, update_time AS updateTime, version_no AS versionNo, is_deleted AS isDeleted, domain FROM public.ecos_runtime_audit_retry WHERE is_deleted = 0 AND status = 'pending' AND next_retry_at <= ? ORDER BY next_retry_at ASC LIMIT ?
### Cause: org.postgresql.util.PSQLException: ERROR: relation "public.ecos_runtime_audit_retry" does not exist
  位置：256
; bad SQL grammar []
2026-10-10 08:48:49.066 [scheduling-1] [] WARN  c.c.g.runtime.audit.AuditRetryTask - [AuditRetry] 到期行拉取失败（表缺失/DB 不可用）errType=BadSqlGrammarException msg=
### Error querying database.  Cause: org.postgresql.util.PSQLException: ERROR: relation "public.ecos_runtime_audit_retry" does not exist
  位置：256
### The error may exist in com/chinacreator/gzcm/runtime/audit/mapper/AuditRetryMapper.java (best guess)
### The error may involve com.chinacreator.gzcm.runtime.audit.mapper.AuditRetryMapper.listDue-Inline
### The error occurred while setting parameters
### SQL: SELECT id, event_type AS eventType, payload, attempts, next_retry_at AS nextRetryAt, last_error AS lastError, status, trace_id AS traceId, create_time AS createTime, update_time AS updateTime, version_no AS versionNo, is_deleted AS isDeleted, domain FROM public.ecos_runtime_audit_retry WHERE is_deleted = 0 AND status = 'pending' AND next_retry_at <= ? ORDER BY next_retry_at ASC LIMIT ?
### Cause: org.postgresql.util.PSQLException: ERROR: relation "public.ecos_runtime_audit_retry" does not exist
  位置：256
; bad SQL grammar []
2026-10-10 08:49:17.811 [scheduling-1] [] WARN  c.c.gzcm.runtime.dlq.DltLagChecker - [DltLagChecker] AdminClient 创建失败 errType=KafkaException msg=Failed to create new KafkaAdminClient
2026-10-10 08:49:17.812 [scheduling-1] [] WARN  c.c.gzcm.runtime.dlq.DltLagChecker - [DltLagChecker] AdminClient 不可用（bootstrap=localhost:9092），本轮降级跳过
2026-10-10 08:49:49.092 [scheduling-1] [] WARN  c.c.g.runtime.audit.AuditRetryTask - [AuditRetry] 到期行拉取失败（表缺失/DB 不可用）errType=BadSqlGrammarException msg=
### Error querying database.  Cause: org.postgresql.util.PSQLException: ERROR: relation "public.ecos_runtime_audit_retry" does not exist
  位置：256
### The error may exist in com/chinacreator/gzcm/runtime/audit/mapper/AuditRetryMapper.java (best guess)
### The error may involve com.chinacreator.gzcm.runtime.audit.mapper.AuditRetryMapper.listDue-Inline
### The error occurred while setting parameters
### SQL: SELECT id, event_type AS eventType, payload, attempts, next_retry_at AS nextRetryAt, last_error AS lastError, status, trace_id AS traceId, create_time AS createTime, update_time AS updateTime, version_no AS versionNo, is_deleted AS isDeleted, domain FROM public.ecos_runtime_audit_retry WHERE is_deleted = 0 AND status = 'pending' AND next_retry_at <= ? ORDER BY next_retry_at ASC LIMIT ?
### Cause: org.postgresql.util.PSQLException: ERROR: relation "public.ecos_runtime_audit_retry" does not exist
  位置：256
; bad SQL grammar []
2026-10-10 08:50:49.105 [scheduling-1] [] WARN  c.c.g.runtime.audit.AuditRetryTask - [AuditRetry] 到期行拉取失败（表缺失/DB 不可用）errType=BadSqlGrammarException msg=
### Error querying database.  Cause: org.postgresql.util.PSQLException: ERROR: relation "public.ecos_runtime_audit_retry" does not exist
  位置：256
### The error may exist in com/chinacreator/gzcm/runtime/audit/mapper/AuditRetryMapper.java (best guess)
### The error may involve com.chinacreator.gzcm.runtime.audit.mapper.AuditRetryMapper.listDue-Inline
### The error occurred while setting parameters
### SQL: SELECT id, event_type AS eventType, payload, attempts, next_retry_at AS nextRetryAt, last_error AS lastError, status, trace_id AS traceId, create_time AS createTime, update_time AS updateTime, version_no AS versionNo, is_deleted AS isDeleted, domain FROM public.ecos_runtime_audit_retry WHERE is_deleted = 0 AND status = 'pending' AND next_retry_at <= ? ORDER BY next_retry_at ASC LIMIT ?
### Cause: org.postgresql.util.PSQLException: ERROR: relation "public.ecos_runtime_audit_retry" does not exist
  位置：256
; bad SQL grammar []
2026-10-10 08:51:49.127 [scheduling-1] [] WARN  c.c.g.runtime.audit.AuditRetryTask - [AuditRetry] 到期行拉取失败（表缺失/DB 不可用）errType=BadSqlGrammarException msg=
### Error querying database.  Cause: org.postgresql.util.PSQLException: ERROR: relation "public.ecos_runtime_audit_retry" does not exist
  位置：256
### The error may exist in com/chinacreator/gzcm/runtime/audit/mapper/AuditRetryMapper.java (best guess)
### The error may involve com.chinacreator.gzcm.runtime.audit.mapper.AuditRetryMapper.listDue-Inline
### The error occurred while setting parameters
### SQL: SELECT id, event_type AS eventType, payload, attempts, next_retry_at AS nextRetryAt, last_error AS lastError, status, trace_id AS traceId, create_time AS createTime, update_time AS updateTime, version_no AS versionNo, is_deleted AS isDeleted, domain FROM public.ecos_runtime_audit_retry WHERE is_deleted = 0 AND status = 'pending' AND next_retry_at <= ? ORDER BY next_retry_at ASC LIMIT ?
### Cause: org.postgresql.util.PSQLException: ERROR: relation "public.ecos_runtime_audit_retry" does not exist
  位置：256
; bad SQL grammar []
2026-10-10 08:52:49.139 [scheduling-1] [] WARN  c.c.g.runtime.audit.AuditRetryTask - [AuditRetry] 到期行拉取失败（表缺失/DB 不可用）errType=BadSqlGrammarException msg=
### Error querying database.  Cause: org.postgresql.util.PSQLException: ERROR: relation "public.ecos_runtime_audit_retry" does not exist
  位置：256
### The error may exist in com/chinacreator/gzcm/runtime/audit/mapper/AuditRetryMapper.java (best guess)
### The error may involve com.chinacreator.gzcm.runtime.audit.mapper.AuditRetryMapper.listDue-Inline
### The error occurred while setting parameters
### SQL: SELECT id, event_type AS eventType, payload, attempts, next_retry_at AS nextRetryAt, last_error AS lastError, status, trace_id AS traceId, create_time AS createTime, update_time AS updateTime, version_no AS versionNo, is_deleted AS isDeleted, domain FROM public.ecos_runtime_audit_retry WHERE is_deleted = 0 AND status = 'pending' AND next_retry_at <= ? ORDER BY next_retry_at ASC LIMIT ?
### Cause: org.postgresql.util.PSQLException: ERROR: relation "public.ecos_runtime_audit_retry" does not exist
  位置：256
; bad SQL grammar []
2026-10-10 08:53:02.906 [pool-3-thread-2] [] INFO  c.c.g.r.c.t.s.i.TaskManagementServiceImpl - 任务已提交: taskId=be121d11-f048-475d-be5f-f764096711a9, taskName=cognitive-mental-scan
2026-10-10 08:53:02.917 [pool-3-thread-2] [] INFO  c.c.g.r.c.t.s.i.TaskManagementServiceImpl - 任务已解析: taskId=be121d11-f048-475d-be5f-f764096711a9
2026-10-10 08:53:02.932 [pool-3-thread-2] [] INFO  c.c.g.e.c.s.mental.MentalScanTask - PMO-59 心智层补算一代完成: scanned=5 invalidated=0
2026-10-10 08:53:02.934 [pool-3-thread-2] [] INFO  c.c.g.r.c.t.s.i.TaskManagementServiceImpl - 任务执行完成: taskId=be121d11-f048-475d-be5f-f764096711a9, status=SUCCEEDED
2026-10-10 08:53:02.935 [pool-3-thread-2] [] INFO  c.c.g.r.c.t.s.TaskSchedulerServiceImpl - 定时任务已提交执行 taskId=be121d11-f048-475d-be5f-f764096711a9 taskType=COGNITIVE_MENTAL_SCAN scheduleId=7a77d5c0-3368-4754-87b1-8f0eb6fe7fac
2026-10-10 08:53:49.146 [scheduling-1] [] WARN  c.c.g.runtime.audit.AuditRetryTask - [AuditRetry] 到期行拉取失败（表缺失/DB 不可用）errType=BadSqlGrammarException msg=
### Error querying database.  Cause: org.postgresql.util.PSQLException: ERROR: relation "public.ecos_runtime_audit_retry" does not exist
  位置：256
### The error may exist in com/chinacreator/gzcm/runtime/audit/mapper/AuditRetryMapper.java (best guess)
### The error may involve com.chinacreator.gzcm.runtime.audit.mapper.AuditRetryMapper.listDue-Inline
### The error occurred while setting parameters
### SQL: SELECT id, event_type AS eventType, payload, attempts, next_retry_at AS nextRetryAt, last_error AS lastError, status, trace_id AS traceId, create_time AS createTime, update_time AS updateTime, version_no AS versionNo, is_deleted AS isDeleted, domain FROM public.ecos_runtime_audit_retry WHERE is_deleted = 0 AND status = 'pending' AND next_retry_at <= ? ORDER BY next_retry_at ASC LIMIT ?
### Cause: org.postgresql.util.PSQLException: ERROR: relation "public.ecos_runtime_audit_retry" does not exist
  位置：256
; bad SQL grammar []
2026-10-10 08:54:17.822 [scheduling-1] [] WARN  c.c.gzcm.runtime.dlq.DltLagChecker - [DltLagChecker] AdminClient 创建失败 errType=KafkaException msg=Failed to create new KafkaAdminClient
2026-10-10 08:54:17.832 [scheduling-1] [] WARN  c.c.gzcm.runtime.dlq.DltLagChecker - [DltLagChecker] AdminClient 不可用（bootstrap=localhost:9092），本轮降级跳过
2026-10-10 08:54:49.162 [scheduling-1] [] WARN  c.c.g.runtime.audit.AuditRetryTask - [AuditRetry] 到期行拉取失败（表缺失/DB 不可用）errType=BadSqlGrammarException msg=
### Error querying database.  Cause: org.postgresql.util.PSQLException: ERROR: relation "public.ecos_runtime_audit_retry" does not exist
  位置：256
### The error may exist in com/chinacreator/gzcm/runtime/audit/mapper/AuditRetryMapper.java (best guess)
### The error may involve com.chinacreator.gzcm.runtime.audit.mapper.AuditRetryMapper.listDue-Inline
### The error occurred while setting parameters
### SQL: SELECT id, event_type AS eventType, payload, attempts, next_retry_at AS nextRetryAt, last_error AS lastError, status, trace_id AS traceId, create_time AS createTime, update_time AS updateTime, version_no AS versionNo, is_deleted AS isDeleted, domain FROM public.ecos_runtime_audit_retry WHERE is_deleted = 0 AND status = 'pending' AND next_retry_at <= ? ORDER BY next_retry_at ASC LIMIT ?
### Cause: org.postgresql.util.PSQLException: ERROR: relation "public.ecos_runtime_audit_retry" does not exist
  位置：256
; bad SQL grammar []
2026-10-10 08:55:49.185 [scheduling-1] [] WARN  c.c.g.runtime.audit.AuditRetryTask - [AuditRetry] 到期行拉取失败（表缺失/DB 不可用）errType=BadSqlGrammarException msg=
### Error querying database.  Cause: org.postgresql.util.PSQLException: ERROR: relation "public.ecos_runtime_audit_retry" does not exist
  位置：256
### The error may exist in com/chinacreator/gzcm/runtime/audit/mapper/AuditRetryMapper.java (best guess)
### The error may involve com.chinacreator.gzcm.runtime.audit.mapper.AuditRetryMapper.listDue-Inline
### The error occurred while setting parameters
### SQL: SELECT id, event_type AS eventType, payload, attempts, next_retry_at AS nextRetryAt, last_error AS lastError, status, trace_id AS traceId, create_time AS createTime, update_time AS updateTime, version_no AS versionNo, is_deleted AS isDeleted, domain FROM public.ecos_runtime_audit_retry WHERE is_deleted = 0 AND status = 'pending' AND next_retry_at <= ? ORDER BY next_retry_at ASC LIMIT ?
### Cause: org.postgresql.util.PSQLException: ERROR: relation "public.ecos_runtime_audit_retry" does not exist
  位置：256
; bad SQL grammar []
2026-10-10 08:56:49.200 [scheduling-1] [] WARN  c.c.g.runtime.audit.AuditRetryTask - [AuditRetry] 到期行拉取失败（表缺失/DB 不可用）errType=BadSqlGrammarException msg=
### Error querying database.  Cause: org.postgresql.util.PSQLException: ERROR: relation "public.ecos_runtime_audit_retry" does not exist
  位置：256
### The error may exist in com/chinacreator/gzcm/runtime/audit/mapper/AuditRetryMapper.java (best guess)
### The error may involve com.chinacreator.gzcm.runtime.audit.mapper.AuditRetryMapper.listDue-Inline
### The error occurred while setting parameters
### SQL: SELECT id, event_type AS eventType, payload, attempts, next_retry_at AS nextRetryAt, last_error AS lastError, status, trace_id AS traceId, create_time AS createTime, update_time AS updateTime, version_no AS versionNo, is_deleted AS isDeleted, domain FROM public.ecos_runtime_audit_retry WHERE is_deleted = 0 AND status = 'pending' AND next_retry_at <= ? ORDER BY next_retry_at ASC LIMIT ?
### Cause: org.postgresql.util.PSQLException: ERROR: relation "public.ecos_runtime_audit_retry" does not exist
  位置：256
; bad SQL grammar []
2026-10-10 08:57:49.223 [scheduling-1] [] WARN  c.c.g.runtime.audit.AuditRetryTask - [AuditRetry] 到期行拉取失败（表缺失/DB 不可用）errType=BadSqlGrammarException msg=
### Error querying database.  Cause: org.postgresql.util.PSQLException: ERROR: relation "public.ecos_runtime_audit_retry" does not exist
  位置：256
### The error may exist in com/chinacreator/gzcm/runtime/audit/mapper/AuditRetryMapper.java (best guess)
### The error may involve com.chinacreator.gzcm.runtime.audit.mapper.AuditRetryMapper.listDue-Inline
### The error occurred while setting parameters
### SQL: SELECT id, event_type AS eventType, payload, attempts, next_retry_at AS nextRetryAt, last_error AS lastError, status, trace_id AS traceId, create_time AS createTime, update_time AS updateTime, version_no AS versionNo, is_deleted AS isDeleted, domain FROM public.ecos_runtime_audit_retry WHERE is_deleted = 0 AND status = 'pending' AND next_retry_at <= ? ORDER BY next_retry_at ASC LIMIT ?
### Cause: org.postgresql.util.PSQLException: ERROR: relation "public.ecos_runtime_audit_retry" does not exist
  位置：256
; bad SQL grammar []
2026-10-10 08:58:49.243 [scheduling-1] [] WARN  c.c.g.runtime.audit.AuditRetryTask - [AuditRetry] 到期行拉取失败（表缺失/DB 不可用）errType=BadSqlGrammarException msg=
### Error querying database.  Cause: org.postgresql.util.PSQLException: ERROR: relation "public.ecos_runtime_audit_retry" does not exist
  位置：256
### The error may exist in com/chinacreator/gzcm/runtime/audit/mapper/AuditRetryMapper.java (best guess)
### The error may involve com.chinacreator.gzcm.runtime.audit.mapper.AuditRetryMapper.listDue-Inline
### The error occurred while setting parameters
### SQL: SELECT id, event_type AS eventType, payload, attempts, next_retry_at AS nextRetryAt, last_error AS lastError, status, trace_id AS traceId, create_time AS createTime, update_time AS updateTime, version_no AS versionNo, is_deleted AS isDeleted, domain FROM public.ecos_runtime_audit_retry WHERE is_deleted = 0 AND status = 'pending' AND next_retry_at <= ? ORDER BY next_retry_at ASC LIMIT ?
### Cause: org.postgresql.util.PSQLException: ERROR: relation "public.ecos_runtime_audit_retry" does not exist
  位置：256
; bad SQL grammar []
2026-10-10 08:59:17.851 [scheduling-1] [] WARN  c.c.gzcm.runtime.dlq.DltLagChecker - [DltLagChecker] AdminClient 创建失败 errType=KafkaException msg=Failed to create new KafkaAdminClient
2026-10-10 08:59:17.862 [scheduling-1] [] WARN  c.c.gzcm.runtime.dlq.DltLagChecker - [DltLagChecker] AdminClient 不可用（bootstrap=localhost:9092），本轮降级跳过
2026-10-10 08:59:49.259 [scheduling-1] [] WARN  c.c.g.runtime.audit.AuditRetryTask - [AuditRetry] 到期行拉取失败（表缺失/DB 不可用）errType=BadSqlGrammarException msg=
### Error querying database.  Cause: org.postgresql.util.PSQLException: ERROR: relation "public.ecos_runtime_audit_retry" does not exist
  位置：256
### The error may exist in com/chinacreator/gzcm/runtime/audit/mapper/AuditRetryMapper.java (best guess)
### The error may involve com.chinacreator.gzcm.runtime.audit.mapper.AuditRetryMapper.listDue-Inline
### The error occurred while setting parameters
### SQL: SELECT id, event_type AS eventType, payload, attempts, next_retry_at AS nextRetryAt, last_error AS lastError, status, trace_id AS traceId, create_time AS createTime, update_time AS updateTime, version_no AS versionNo, is_deleted AS isDeleted, domain FROM public.ecos_runtime_audit_retry WHERE is_deleted = 0 AND status = 'pending' AND next_retry_at <= ? ORDER BY next_retry_at ASC LIMIT ?
### Cause: org.postgresql.util.PSQLException: ERROR: relation "public.ecos_runtime_audit_retry" does not exist
  位置：256
; bad SQL grammar []
2026-10-10 09:00:49.274 [scheduling-1] [] WARN  c.c.g.runtime.audit.AuditRetryTask - [AuditRetry] 到期行拉取失败（表缺失/DB 不可用）errType=BadSqlGrammarException msg=
### Error querying database.  Cause: org.postgresql.util.PSQLException: ERROR: relation "public.ecos_runtime_audit_retry" does not exist
  位置：256
### The error may exist in com/chinacreator/gzcm/runtime/audit/mapper/AuditRetryMapper.java (best guess)
### The error may involve com.chinacreator.gzcm.runtime.audit.mapper.AuditRetryMapper.listDue-Inline
### The error occurred while setting parameters
### SQL: SELECT id, event_type AS eventType, payload, attempts, next_retry_at AS nextRetryAt, last_error AS lastError, status, trace_id AS traceId, create_time AS createTime, update_time AS updateTime, version_no AS versionNo, is_deleted AS isDeleted, domain FROM public.ecos_runtime_audit_retry WHERE is_deleted = 0 AND status = 'pending' AND next_retry_at <= ? ORDER BY next_retry_at ASC LIMIT ?
### Cause: org.postgresql.util.PSQLException: ERROR: relation "public.ecos_runtime_audit_retry" does not exist
  位置：256
; bad SQL grammar []
2026-10-10 09:01:49.288 [scheduling-1] [] WARN  c.c.g.runtime.audit.AuditRetryTask - [AuditRetry] 到期行拉取失败（表缺失/DB 不可用）errType=BadSqlGrammarException msg=
### Error querying database.  Cause: org.postgresql.util.PSQLException: ERROR: relation "public.ecos_runtime_audit_retry" does not exist
  位置：256
### The error may exist in com/chinacreator/gzcm/runtime/audit/mapper/AuditRetryMapper.java (best guess)
### The error may involve com.chinacreator.gzcm.runtime.audit.mapper.AuditRetryMapper.listDue-Inline
### The error occurred while setting parameters
### SQL: SELECT id, event_type AS eventType, payload, attempts, next_retry_at AS nextRetryAt, last_error AS lastError, status, trace_id AS traceId, create_time AS createTime, update_time AS updateTime, version_no AS versionNo, is_deleted AS isDeleted, domain FROM public.ecos_runtime_audit_retry WHERE is_deleted = 0 AND status = 'pending' AND next_retry_at <= ? ORDER BY next_retry_at ASC LIMIT ?
### Cause: org.postgresql.util.PSQLException: ERROR: relation "public.ecos_runtime_audit_retry" does not exist
  位置：256
; bad SQL grammar []
2026-10-10 09:02:49.313 [scheduling-1] [] WARN  c.c.g.runtime.audit.AuditRetryTask - [AuditRetry] 到期行拉取失败（表缺失/DB 不可用）errType=BadSqlGrammarException msg=
### Error querying database.  Cause: org.postgresql.util.PSQLException: ERROR: relation "public.ecos_runtime_audit_retry" does not exist
  位置：256
### The error may exist in com/chinacreator/gzcm/runtime/audit/mapper/AuditRetryMapper.java (best guess)
### The error may involve com.chinacreator.gzcm.runtime.audit.mapper.AuditRetryMapper.listDue-Inline
### The error occurred while setting parameters
### SQL: SELECT id, event_type AS eventType, payload, attempts, next_retry_at AS nextRetryAt, last_error AS lastError, status, trace_id AS traceId, create_time AS createTime, update_time AS updateTime, version_no AS versionNo, is_deleted AS isDeleted, domain FROM public.ecos_runtime_audit_retry WHERE is_deleted = 0 AND status = 'pending' AND next_retry_at <= ? ORDER BY next_retry_at ASC LIMIT ?
### Cause: org.postgresql.util.PSQLException: ERROR: relation "public.ecos_runtime_audit_retry" does not exist
  位置：256
; bad SQL grammar []
2026-10-10 09:03:02.915 [pool-3-thread-4] [] INFO  c.c.g.r.c.t.s.i.TaskManagementServiceImpl - 任务已提交: taskId=be121d11-f048-475d-be5f-f764096711a9, taskName=cognitive-mental-scan
2026-10-10 09:03:02.917 [pool-3-thread-4] [] INFO  c.c.g.r.c.t.s.i.TaskManagementServiceImpl - 任务已解析: taskId=be121d11-f048-475d-be5f-f764096711a9
2026-10-10 09:03:02.947 [pool-3-thread-4] [] INFO  c.c.g.e.c.s.mental.MentalScanTask - PMO-59 心智层补算一代完成: scanned=5 invalidated=0
2026-10-10 09:03:02.948 [pool-3-thread-4] [] INFO  c.c.g.r.c.t.s.i.TaskManagementServiceImpl - 任务执行完成: taskId=be121d11-f048-475d-be5f-f764096711a9, status=SUCCEEDED
2026-10-10 09:03:02.948 [pool-3-thread-4] [] INFO  c.c.g.r.c.t.s.TaskSchedulerServiceImpl - 定时任务已提交执行 taskId=be121d11-f048-475d-be5f-f764096711a9 taskType=COGNITIVE_MENTAL_SCAN scheduleId=7a77d5c0-3368-4754-87b1-8f0eb6fe7fac
2026-10-10 09:03:49.319 [scheduling-1] [] WARN  c.c.g.runtime.audit.AuditRetryTask - [AuditRetry] 到期行拉取失败（表缺失/DB 不可用）errType=BadSqlGrammarException msg=
### Error querying database.  Cause: org.postgresql.util.PSQLException: ERROR: relation "public.ecos_runtime_audit_retry" does not exist
  位置：256
### The error may exist in com/chinacreator/gzcm/runtime/audit/mapper/AuditRetryMapper.java (best guess)
### The error may involve com.chinacreator.gzcm.runtime.audit.mapper.AuditRetryMapper.listDue-Inline
### The error occurred while setting parameters
### SQL: SELECT id, event_type AS eventType, payload, attempts, next_retry_at AS nextRetryAt, last_error AS lastError, status, trace_id AS traceId, create_time AS createTime, update_time AS updateTime, version_no AS versionNo, is_deleted AS isDeleted, domain FROM public.ecos_runtime_audit_retry WHERE is_deleted = 0 AND status = 'pending' AND next_retry_at <= ? ORDER BY next_retry_at ASC LIMIT ?
### Cause: org.postgresql.util.PSQLException: ERROR: relation "public.ecos_runtime_audit_retry" does not exist
  位置：256
; bad SQL grammar []
2026-10-10 09:04:17.880 [scheduling-1] [] WARN  c.c.gzcm.runtime.dlq.DltLagChecker - [DltLagChecker] AdminClient 创建失败 errType=KafkaException msg=Failed to create new KafkaAdminClient
2026-10-10 09:04:17.882 [scheduling-1] [] WARN  c.c.gzcm.runtime.dlq.DltLagChecker - [DltLagChecker] AdminClient 不可用（bootstrap=localhost:9092），本轮降级跳过
2026-10-10 09:04:49.329 [scheduling-1] [] WARN  c.c.g.runtime.audit.AuditRetryTask - [AuditRetry] 到期行拉取失败（表缺失/DB 不可用）errType=BadSqlGrammarException msg=
### Error querying database.  Cause: org.postgresql.util.PSQLException: ERROR: relation "public.ecos_runtime_audit_retry" does not exist
  位置：256
### The error may exist in com/chinacreator/gzcm/runtime/audit/mapper/AuditRetryMapper.java (best guess)
### The error may involve com.chinacreator.gzcm.runtime.audit.mapper.AuditRetryMapper.listDue-Inline
### The error occurred while setting parameters
### SQL: SELECT id, event_type AS eventType, payload, attempts, next_retry_at AS nextRetryAt, last_error AS lastError, status, trace_id AS traceId, create_time AS createTime, update_time AS updateTime, version_no AS versionNo, is_deleted AS isDeleted, domain FROM public.ecos_runtime_audit_retry WHERE is_deleted = 0 AND status = 'pending' AND next_retry_at <= ? ORDER BY next_retry_at ASC LIMIT ?
### Cause: org.postgresql.util.PSQLException: ERROR: relation "public.ecos_runtime_audit_retry" does not exist
  位置：256
; bad SQL grammar []
2026-10-10 09:05:49.356 [scheduling-1] [] WARN  c.c.g.runtime.audit.AuditRetryTask - [AuditRetry] 到期行拉取失败（表缺失/DB 不可用）errType=BadSqlGrammarException msg=
### Error querying database.  Cause: org.postgresql.util.PSQLException: ERROR: relation "public.ecos_runtime_audit_retry" does not exist
  位置：256
### The error may exist in com/chinacreator/gzcm/runtime/audit/mapper/AuditRetryMapper.java (best guess)
### The error may involve com.chinacreator.gzcm.runtime.audit.mapper.AuditRetryMapper.listDue-Inline
### The error occurred while setting parameters
### SQL: SELECT id, event_type AS eventType, payload, attempts, next_retry_at AS nextRetryAt, last_error AS lastError, status, trace_id AS traceId, create_time AS createTime, update_time AS updateTime, version_no AS versionNo, is_deleted AS isDeleted, domain FROM public.ecos_runtime_audit_retry WHERE is_deleted = 0 AND status = 'pending' AND next_retry_at <= ? ORDER BY next_retry_at ASC LIMIT ?
### Cause: org.postgresql.util.PSQLException: ERROR: relation "public.ecos_runtime_audit_retry" does not exist
  位置：256
; bad SQL grammar []
2026-10-10 09:06:49.366 [scheduling-1] [] WARN  c.c.g.runtime.audit.AuditRetryTask - [AuditRetry] 到期行拉取失败（表缺失/DB 不可用）errType=BadSqlGrammarException msg=
### Error querying database.  Cause: org.postgresql.util.PSQLException: ERROR: relation "public.ecos_runtime_audit_retry" does not exist
  位置：256
### The error may exist in com/chinacreator/gzcm/runtime/audit/mapper/AuditRetryMapper.java (best guess)
### The error may involve com.chinacreator.gzcm.runtime.audit.mapper.AuditRetryMapper.listDue-Inline
### The error occurred while setting parameters
### SQL: SELECT id, event_type AS eventType, payload, attempts, next_retry_at AS nextRetryAt, last_error AS lastError, status, trace_id AS traceId, create_time AS createTime, update_time AS updateTime, version_no AS versionNo, is_deleted AS isDeleted, domain FROM public.ecos_runtime_audit_retry WHERE is_deleted = 0 AND status = 'pending' AND next_retry_at <= ? ORDER BY next_retry_at ASC LIMIT ?
### Cause: org.postgresql.util.PSQLException: ERROR: relation "public.ecos_runtime_audit_retry" does not exist
  位置：256
; bad SQL grammar []
2026-10-10 09:07:49.383 [scheduling-1] [] WARN  c.c.g.runtime.audit.AuditRetryTask - [AuditRetry] 到期行拉取失败（表缺失/DB 不可用）errType=BadSqlGrammarException msg=
### Error querying database.  Cause: org.postgresql.util.PSQLException: ERROR: relation "public.ecos_runtime_audit_retry" does not exist
  位置：256
### The error may exist in com/chinacreator/gzcm/runtime/audit/mapper/AuditRetryMapper.java (best guess)
### The error may involve com.chinacreator.gzcm.runtime.audit.mapper.AuditRetryMapper.listDue-Inline
### The error occurred while setting parameters
### SQL: SELECT id, event_type AS eventType, payload, attempts, next_retry_at AS nextRetryAt, last_error AS lastError, status, trace_id AS traceId, create_time AS createTime, update_time AS updateTime, version_no AS versionNo, is_deleted AS isDeleted, domain FROM public.ecos_runtime_audit_retry WHERE is_deleted = 0 AND status = 'pending' AND next_retry_at <= ? ORDER BY next_retry_at ASC LIMIT ?
### Cause: org.postgresql.util.PSQLException: ERROR: relation "public.ecos_runtime_audit_retry" does not exist
  位置：256
; bad SQL grammar []
2026-10-10 09:08:49.403 [scheduling-1] [] WARN  c.c.g.runtime.audit.AuditRetryTask - [AuditRetry] 到期行拉取失败（表缺失/DB 不可用）errType=BadSqlGrammarException msg=
### Error querying database.  Cause: org.postgresql.util.PSQLException: ERROR: relation "public.ecos_runtime_audit_retry" does not exist
  位置：256
### The error may exist in com/chinacreator/gzcm/runtime/audit/mapper/AuditRetryMapper.java (best guess)
### The error may involve com.chinacreator.gzcm.runtime.audit.mapper.AuditRetryMapper.listDue-Inline
### The error occurred while setting parameters
### SQL: SELECT id, event_type AS eventType, payload, attempts, next_retry_at AS nextRetryAt, last_error AS lastError, status, trace_id AS traceId, create_time AS createTime, update_time AS updateTime, version_no AS versionNo, is_deleted AS isDeleted, domain FROM public.ecos_runtime_audit_retry WHERE is_deleted = 0 AND status = 'pending' AND next_retry_at <= ? ORDER BY next_retry_at ASC LIMIT ?
### Cause: org.postgresql.util.PSQLException: ERROR: relation "public.ecos_runtime_audit_retry" does not exist
  位置：256
; bad SQL grammar []
2026-10-10 09:09:17.902 [scheduling-1] [] WARN  c.c.gzcm.runtime.dlq.DltLagChecker - [DltLagChecker] AdminClient 创建失败 errType=KafkaException msg=Failed to create new KafkaAdminClient
2026-10-10 09:09:17.904 [scheduling-1] [] WARN  c.c.gzcm.runtime.dlq.DltLagChecker - [DltLagChecker] AdminClient 不可用（bootstrap=localhost:9092），本轮降级跳过
2026-10-10 09:09:49.417 [scheduling-1] [] WARN  c.c.g.runtime.audit.AuditRetryTask - [AuditRetry] 到期行拉取失败（表缺失/DB 不可用）errType=BadSqlGrammarException msg=
### Error querying database.  Cause: org.postgresql.util.PSQLException: ERROR: relation "public.ecos_runtime_audit_retry" does not exist
  位置：256
### The error may exist in com/chinacreator/gzcm/runtime/audit/mapper/AuditRetryMapper.java (best guess)
### The error may involve com.chinacreator.gzcm.runtime.audit.mapper.AuditRetryMapper.listDue-Inline
### The error occurred while setting parameters
### SQL: SELECT id, event_type AS eventType, payload, attempts, next_retry_at AS nextRetryAt, last_error AS lastError, status, trace_id AS traceId, create_time AS createTime, update_time AS updateTime, version_no AS versionNo, is_deleted AS isDeleted, domain FROM public.ecos_runtime_audit_retry WHERE is_deleted = 0 AND status = 'pending' AND next_retry_at <= ? ORDER BY next_retry_at ASC LIMIT ?
### Cause: org.postgresql.util.PSQLException: ERROR: relation "public.ecos_runtime_audit_retry" does not exist
  位置：256
; bad SQL grammar []
2026-10-10 09:10:49.425 [scheduling-1] [] WARN  c.c.g.runtime.audit.AuditRetryTask - [AuditRetry] 到期行拉取失败（表缺失/DB 不可用）errType=BadSqlGrammarException msg=
### Error querying database.  Cause: org.postgresql.util.PSQLException: ERROR: relation "public.ecos_runtime_audit_retry" does not exist
  位置：256
### The error may exist in com/chinacreator/gzcm/runtime/audit/mapper/AuditRetryMapper.java (best guess)
### The error may involve com.chinacreator.gzcm.runtime.audit.mapper.AuditRetryMapper.listDue-Inline
### The error occurred while setting parameters
### SQL: SELECT id, event_type AS eventType, payload, attempts, next_retry_at AS nextRetryAt, last_error AS lastError, status, trace_id AS traceId, create_time AS createTime, update_time AS updateTime, version_no AS versionNo, is_deleted AS isDeleted, domain FROM public.ecos_runtime_audit_retry WHERE is_deleted = 0 AND status = 'pending' AND next_retry_at <= ? ORDER BY next_retry_at ASC LIMIT ?
### Cause: org.postgresql.util.PSQLException: ERROR: relation "public.ecos_runtime_audit_retry" does not exist
  位置：256
; bad SQL grammar []
2026-10-10 09:11:49.434 [scheduling-1] [] WARN  c.c.g.runtime.audit.AuditRetryTask - [AuditRetry] 到期行拉取失败（表缺失/DB 不可用）errType=BadSqlGrammarException msg=
### Error querying database.  Cause: org.postgresql.util.PSQLException: ERROR: relation "public.ecos_runtime_audit_retry" does not exist
  位置：256
### The error may exist in com/chinacreator/gzcm/runtime/audit/mapper/AuditRetryMapper.java (best guess)
### The error may involve com.chinacreator.gzcm.runtime.audit.mapper.AuditRetryMapper.listDue-Inline
### The error occurred while setting parameters
### SQL: SELECT id, event_type AS eventType, payload, attempts, next_retry_at AS nextRetryAt, last_error AS lastError, status, trace_id AS traceId, create_time AS createTime, update_time AS updateTime, version_no AS versionNo, is_deleted AS isDeleted, domain FROM public.ecos_runtime_audit_retry WHERE is_deleted = 0 AND status = 'pending' AND next_retry_at <= ? ORDER BY next_retry_at ASC LIMIT ?
### Cause: org.postgresql.util.PSQLException: ERROR: relation "public.ecos_runtime_audit_retry" does not exist
  位置：256
; bad SQL grammar []
2026-10-10 09:12:49.452 [scheduling-1] [] WARN  c.c.g.runtime.audit.AuditRetryTask - [AuditRetry] 到期行拉取失败（表缺失/DB 不可用）errType=BadSqlGrammarException msg=
### Error querying database.  Cause: org.postgresql.util.PSQLException: ERROR: relation "public.ecos_runtime_audit_retry" does not exist
  位置：256
### The error may exist in com/chinacreator/gzcm/runtime/audit/mapper/AuditRetryMapper.java (best guess)
### The error may involve com.chinacreator.gzcm.runtime.audit.mapper.AuditRetryMapper.listDue-Inline
### The error occurred while setting parameters
### SQL: SELECT id, event_type AS eventType, payload, attempts, next_retry_at AS nextRetryAt, last_error AS lastError, status, trace_id AS traceId, create_time AS createTime, update_time AS updateTime, version_no AS versionNo, is_deleted AS isDeleted, domain FROM public.ecos_runtime_audit_retry WHERE is_deleted = 0 AND status = 'pending' AND next_retry_at <= ? ORDER BY next_retry_at ASC LIMIT ?
### Cause: org.postgresql.util.PSQLException: ERROR: relation "public.ecos_runtime_audit_retry" does not exist
  位置：256
; bad SQL grammar []
2026-10-10 09:13:02.907 [pool-3-thread-1] [] INFO  c.c.g.r.c.t.s.i.TaskManagementServiceImpl - 任务已提交: taskId=be121d11-f048-475d-be5f-f764096711a9, taskName=cognitive-mental-scan
2026-10-10 09:13:02.917 [pool-3-thread-1] [] INFO  c.c.g.r.c.t.s.i.TaskManagementServiceImpl - 任务已解析: taskId=be121d11-f048-475d-be5f-f764096711a9
2026-10-10 09:13:02.939 [pool-3-thread-1] [] INFO  c.c.g.e.c.s.mental.MentalScanTask - PMO-59 心智层补算一代完成: scanned=5 invalidated=0
2026-10-10 09:13:02.939 [pool-3-thread-1] [] INFO  c.c.g.r.c.t.s.i.TaskManagementServiceImpl - 任务执行完成: taskId=be121d11-f048-475d-be5f-f764096711a9, status=SUCCEEDED
2026-10-10 09:13:02.940 [pool-3-thread-1] [] INFO  c.c.g.r.c.t.s.TaskSchedulerServiceImpl - 定时任务已提交执行 taskId=be121d11-f048-475d-be5f-f764096711a9 taskType=COGNITIVE_MENTAL_SCAN scheduleId=7a77d5c0-3368-4754-87b1-8f0eb6fe7fac
2026-10-10 09:13:49.476 [scheduling-1] [] WARN  c.c.g.runtime.audit.AuditRetryTask - [AuditRetry] 到期行拉取失败（表缺失/DB 不可用）errType=BadSqlGrammarException msg=
### Error querying database.  Cause: org.postgresql.util.PSQLException: ERROR: relation "public.ecos_runtime_audit_retry" does not exist
  位置：256
### The error may exist in com/chinacreator/gzcm/runtime/audit/mapper/AuditRetryMapper.java (best guess)
### The error may involve com.chinacreator.gzcm.runtime.audit.mapper.AuditRetryMapper.listDue-Inline
### The error occurred while setting parameters
### SQL: SELECT id, event_type AS eventType, payload, attempts, next_retry_at AS nextRetryAt, last_error AS lastError, status, trace_id AS traceId, create_time AS createTime, update_time AS updateTime, version_no AS versionNo, is_deleted AS isDeleted, domain FROM public.ecos_runtime_audit_retry WHERE is_deleted = 0 AND status = 'pending' AND next_retry_at <= ? ORDER BY next_retry_at ASC LIMIT ?
### Cause: org.postgresql.util.PSQLException: ERROR: relation "public.ecos_runtime_audit_retry" does not exist
  位置：256
; bad SQL grammar []
2026-10-10 09:14:17.930 [scheduling-1] [] WARN  c.c.gzcm.runtime.dlq.DltLagChecker - [DltLagChecker] AdminClient 创建失败 errType=KafkaException msg=Failed to create new KafkaAdminClient
2026-10-10 09:14:17.931 [scheduling-1] [] WARN  c.c.gzcm.runtime.dlq.DltLagChecker - [DltLagChecker] AdminClient 不可用（bootstrap=localhost:9092），本轮降级跳过
2026-10-10 09:14:49.495 [scheduling-1] [] WARN  c.c.g.runtime.audit.AuditRetryTask - [AuditRetry] 到期行拉取失败（表缺失/DB 不可用）errType=BadSqlGrammarException msg=
### Error querying database.  Cause: org.postgresql.util.PSQLException: ERROR: relation "public.ecos_runtime_audit_retry" does not exist
  位置：256
### The error may exist in com/chinacreator/gzcm/runtime/audit/mapper/AuditRetryMapper.java (best guess)
### The error may involve com.chinacreator.gzcm.runtime.audit.mapper.AuditRetryMapper.listDue-Inline
### The error occurred while setting parameters
### SQL: SELECT id, event_type AS eventType, payload, attempts, next_retry_at AS nextRetryAt, last_error AS lastError, status, trace_id AS traceId, create_time AS createTime, update_time AS updateTime, version_no AS versionNo, is_deleted AS isDeleted, domain FROM public.ecos_runtime_audit_retry WHERE is_deleted = 0 AND status = 'pending' AND next_retry_at <= ? ORDER BY next_retry_at ASC LIMIT ?
### Cause: org.postgresql.util.PSQLException: ERROR: relation "public.ecos_runtime_audit_retry" does not exist
  位置：256
; bad SQL grammar []
2026-10-10 09:15:49.506 [scheduling-1] [] WARN  c.c.g.runtime.audit.AuditRetryTask - [AuditRetry] 到期行拉取失败（表缺失/DB 不可用）errType=BadSqlGrammarException msg=
### Error querying database.  Cause: org.postgresql.util.PSQLException: ERROR: relation "public.ecos_runtime_audit_retry" does not exist
  位置：256
### The error may exist in com/chinacreator/gzcm/runtime/audit/mapper/AuditRetryMapper.java (best guess)
### The error may involve com.chinacreator.gzcm.runtime.audit.mapper.AuditRetryMapper.listDue-Inline
### The error occurred while setting parameters
### SQL: SELECT id, event_type AS eventType, payload, attempts, next_retry_at AS nextRetryAt, last_error AS lastError, status, trace_id AS traceId, create_time AS createTime, update_time AS updateTime, version_no AS versionNo, is_deleted AS isDeleted, domain FROM public.ecos_runtime_audit_retry WHERE is_deleted = 0 AND status = 'pending' AND next_retry_at <= ? ORDER BY next_retry_at ASC LIMIT ?
### Cause: org.postgresql.util.PSQLException: ERROR: relation "public.ecos_runtime_audit_retry" does not exist
  位置：256
; bad SQL grammar []
2026-10-10 09:16:49.517 [scheduling-1] [] WARN  c.c.g.runtime.audit.AuditRetryTask - [AuditRetry] 到期行拉取失败（表缺失/DB 不可用）errType=BadSqlGrammarException msg=
### Error querying database.  Cause: org.postgresql.util.PSQLException: ERROR: relation "public.ecos_runtime_audit_retry" does not exist
  位置：256
### The error may exist in com/chinacreator/gzcm/runtime/audit/mapper/AuditRetryMapper.java (best guess)
### The error may involve com.chinacreator.gzcm.runtime.audit.mapper.AuditRetryMapper.listDue-Inline
### The error occurred while setting parameters
### SQL: SELECT id, event_type AS eventType, payload, attempts, next_retry_at AS nextRetryAt, last_error AS lastError, status, trace_id AS traceId, create_time AS createTime, update_time AS updateTime, version_no AS versionNo, is_deleted AS isDeleted, domain FROM public.ecos_runtime_audit_retry WHERE is_deleted = 0 AND status = 'pending' AND next_retry_at <= ? ORDER BY next_retry_at ASC LIMIT ?
### Cause: org.postgresql.util.PSQLException: ERROR: relation "public.ecos_runtime_audit_retry" does not exist
  位置：256
; bad SQL grammar []
2026-10-10 09:17:49.530 [scheduling-1] [] WARN  c.c.g.runtime.audit.AuditRetryTask - [AuditRetry] 到期行拉取失败（表缺失/DB 不可用）errType=BadSqlGrammarException msg=
### Error querying database.  Cause: org.postgresql.util.PSQLException: ERROR: relation "public.ecos_runtime_audit_retry" does not exist
  位置：256
### The error may exist in com/chinacreator/gzcm/runtime/audit/mapper/AuditRetryMapper.java (best guess)
### The error may involve com.chinacreator.gzcm.runtime.audit.mapper.AuditRetryMapper.listDue-Inline
### The error occurred while setting parameters
### SQL: SELECT id, event_type AS eventType, payload, attempts, next_retry_at AS nextRetryAt, last_error AS lastError, status, trace_id AS traceId, create_time AS createTime, update_time AS updateTime, version_no AS versionNo, is_deleted AS isDeleted, domain FROM public.ecos_runtime_audit_retry WHERE is_deleted = 0 AND status = 'pending' AND next_retry_at <= ? ORDER BY next_retry_at ASC LIMIT ?
### Cause: org.postgresql.util.PSQLException: ERROR: relation "public.ecos_runtime_audit_retry" does not exist
  位置：256
; bad SQL grammar []
2026-10-10 09:18:49.547 [scheduling-1] [] WARN  c.c.g.runtime.audit.AuditRetryTask - [AuditRetry] 到期行拉取失败（表缺失/DB 不可用）errType=BadSqlGrammarException msg=
### Error querying database.  Cause: org.postgresql.util.PSQLException: ERROR: relation "public.ecos_runtime_audit_retry" does not exist
  位置：256
### The error may exist in com/chinacreator/gzcm/runtime/audit/mapper/AuditRetryMapper.java (best guess)
### The error may involve com.chinacreator.gzcm.runtime.audit.mapper.AuditRetryMapper.listDue-Inline
### The error occurred while setting parameters
### SQL: SELECT id, event_type AS eventType, payload, attempts, next_retry_at AS nextRetryAt, last_error AS lastError, status, trace_id AS traceId, create_time AS createTime, update_time AS updateTime, version_no AS versionNo, is_deleted AS isDeleted, domain FROM public.ecos_runtime_audit_retry WHERE is_deleted = 0 AND status = 'pending' AND next_retry_at <= ? ORDER BY next_retry_at ASC LIMIT ?
### Cause: org.postgresql.util.PSQLException: ERROR: relation "public.ecos_runtime_audit_retry" does not exist
  位置：256
; bad SQL grammar []
2026-10-10 09:19:17.962 [scheduling-1] [] WARN  c.c.gzcm.runtime.dlq.DltLagChecker - [DltLagChecker] AdminClient 创建失败 errType=KafkaException msg=Failed to create new KafkaAdminClient
2026-10-10 09:19:17.963 [scheduling-1] [] WARN  c.c.gzcm.runtime.dlq.DltLagChecker - [DltLagChecker] AdminClient 不可用（bootstrap=localhost:9092），本轮降级跳过
2026-10-10 09:19:49.564 [scheduling-1] [] WARN  c.c.g.runtime.audit.AuditRetryTask - [AuditRetry] 到期行拉取失败（表缺失/DB 不可用）errType=BadSqlGrammarException msg=
### Error querying database.  Cause: org.postgresql.util.PSQLException: ERROR: relation "public.ecos_runtime_audit_retry" does not exist
  位置：256
### The error may exist in com/chinacreator/gzcm/runtime/audit/mapper/AuditRetryMapper.java (best guess)
### The error may involve com.chinacreator.gzcm.runtime.audit.mapper.AuditRetryMapper.listDue-Inline
### The error occurred while setting parameters
### SQL: SELECT id, event_type AS eventType, payload, attempts, next_retry_at AS nextRetryAt, last_error AS lastError, status, trace_id AS traceId, create_time AS createTime, update_time AS updateTime, version_no AS versionNo, is_deleted AS isDeleted, domain FROM public.ecos_runtime_audit_retry WHERE is_deleted = 0 AND status = 'pending' AND next_retry_at <= ? ORDER BY next_retry_at ASC LIMIT ?
### Cause: org.postgresql.util.PSQLException: ERROR: relation "public.ecos_runtime_audit_retry" does not exist
  位置：256
; bad SQL grammar []
2026-10-10 09:20:49.570 [scheduling-1] [] WARN  c.c.g.runtime.audit.AuditRetryTask - [AuditRetry] 到期行拉取失败（表缺失/DB 不可用）errType=BadSqlGrammarException msg=
### Error querying database.  Cause: org.postgresql.util.PSQLException: ERROR: relation "public.ecos_runtime_audit_retry" does not exist
  位置：256
### The error may exist in com/chinacreator/gzcm/runtime/audit/mapper/AuditRetryMapper.java (best guess)
### The error may involve com.chinacreator.gzcm.runtime.audit.mapper.AuditRetryMapper.listDue-Inline
### The error occurred while setting parameters
### SQL: SELECT id, event_type AS eventType, payload, attempts, next_retry_at AS nextRetryAt, last_error AS lastError, status, trace_id AS traceId, create_time AS createTime, update_time AS updateTime, version_no AS versionNo, is_deleted AS isDeleted, domain FROM public.ecos_runtime_audit_retry WHERE is_deleted = 0 AND status = 'pending' AND next_retry_at <= ? ORDER BY next_retry_at ASC LIMIT ?
### Cause: org.postgresql.util.PSQLException: ERROR: relation "public.ecos_runtime_audit_retry" does not exist
  位置：256
; bad SQL grammar []
2026-10-10 09:21:49.592 [scheduling-1] [] WARN  c.c.g.runtime.audit.AuditRetryTask - [AuditRetry] 到期行拉取失败（表缺失/DB 不可用）errType=BadSqlGrammarException msg=
### Error querying database.  Cause: org.postgresql.util.PSQLException: ERROR: relation "public.ecos_runtime_audit_retry" does not exist
  位置：256
### The error may exist in com/chinacreator/gzcm/runtime/audit/mapper/AuditRetryMapper.java (best guess)
### The error may involve com.chinacreator.gzcm.runtime.audit.mapper.AuditRetryMapper.listDue-Inline
### The error occurred while setting parameters
### SQL: SELECT id, event_type AS eventType, payload, attempts, next_retry_at AS nextRetryAt, last_error AS lastError, status, trace_id AS traceId, create_time AS createTime, update_time AS updateTime, version_no AS versionNo, is_deleted AS isDeleted, domain FROM public.ecos_runtime_audit_retry WHERE is_deleted = 0 AND status = 'pending' AND next_retry_at <= ? ORDER BY next_retry_at ASC LIMIT ?
### Cause: org.postgresql.util.PSQLException: ERROR: relation "public.ecos_runtime_audit_retry" does not exist
  位置：256
; bad SQL grammar []
2026-10-10 09:22:49.596 [scheduling-1] [] WARN  c.c.g.runtime.audit.AuditRetryTask - [AuditRetry] 到期行拉取失败（表缺失/DB 不可用）errType=BadSqlGrammarException msg=
### Error querying database.  Cause: org.postgresql.util.PSQLException: ERROR: relation "public.ecos_runtime_audit_retry" does not exist
  位置：256
### The error may exist in com/chinacreator/gzcm/runtime/audit/mapper/AuditRetryMapper.java (best guess)
### The error may involve com.chinacreator.gzcm.runtime.audit.mapper.AuditRetryMapper.listDue-Inline
### The error occurred while setting parameters
### SQL: SELECT id, event_type AS eventType, payload, attempts, next_retry_at AS nextRetryAt, last_error AS lastError, status, trace_id AS traceId, create_time AS createTime, update_time AS updateTime, version_no AS versionNo, is_deleted AS isDeleted, domain FROM public.ecos_runtime_audit_retry WHERE is_deleted = 0 AND status = 'pending' AND next_retry_at <= ? ORDER BY next_retry_at ASC LIMIT ?
### Cause: org.postgresql.util.PSQLException: ERROR: relation "public.ecos_runtime_audit_retry" does not exist
  位置：256
; bad SQL grammar []
2026-10-10 09:23:02.918 [pool-3-thread-5] [] INFO  c.c.g.r.c.t.s.i.TaskManagementServiceImpl - 任务已提交: taskId=be121d11-f048-475d-be5f-f764096711a9, taskName=cognitive-mental-scan
2026-10-10 09:23:02.919 [pool-3-thread-5] [] INFO  c.c.g.r.c.t.s.i.TaskManagementServiceImpl - 任务已解析: taskId=be121d11-f048-475d-be5f-f764096711a9
2026-10-10 09:23:02.933 [pool-3-thread-5] [] INFO  c.c.g.e.c.s.mental.MentalScanTask - PMO-59 心智层补算一代完成: scanned=5 invalidated=0
2026-10-10 09:23:02.935 [pool-3-thread-5] [] INFO  c.c.g.r.c.t.s.i.TaskManagementServiceImpl - 任务执行完成: taskId=be121d11-f048-475d-be5f-f764096711a9, status=SUCCEEDED
2026-10-10 09:23:02.936 [pool-3-thread-5] [] INFO  c.c.g.r.c.t.s.TaskSchedulerServiceImpl - 定时任务已提交执行 taskId=be121d11-f048-475d-be5f-f764096711a9 taskType=COGNITIVE_MENTAL_SCAN scheduleId=7a77d5c0-3368-4754-87b1-8f0eb6fe7fac
2026-10-10 09:23:49.601 [scheduling-1] [] WARN  c.c.g.runtime.audit.AuditRetryTask - [AuditRetry] 到期行拉取失败（表缺失/DB 不可用）errType=BadSqlGrammarException msg=
### Error querying database.  Cause: org.postgresql.util.PSQLException: ERROR: relation "public.ecos_runtime_audit_retry" does not exist
  位置：256
### The error may exist in com/chinacreator/gzcm/runtime/audit/mapper/AuditRetryMapper.java (best guess)
### The error may involve com.chinacreator.gzcm.runtime.audit.mapper.AuditRetryMapper.listDue-Inline
### The error occurred while setting parameters
### SQL: SELECT id, event_type AS eventType, payload, attempts, next_retry_at AS nextRetryAt, last_error AS lastError, status, trace_id AS traceId, create_time AS createTime, update_time AS updateTime, version_no AS versionNo, is_deleted AS isDeleted, domain FROM public.ecos_runtime_audit_retry WHERE is_deleted = 0 AND status = 'pending' AND next_retry_at <= ? ORDER BY next_retry_at ASC LIMIT ?
### Cause: org.postgresql.util.PSQLException: ERROR: relation "public.ecos_runtime_audit_retry" does not exist
  位置：256
; bad SQL grammar []
2026-10-10 09:24:17.988 [scheduling-1] [] WARN  c.c.gzcm.runtime.dlq.DltLagChecker - [DltLagChecker] AdminClient 创建失败 errType=KafkaException msg=Failed to create new KafkaAdminClient
2026-10-10 09:24:17.991 [scheduling-1] [] WARN  c.c.gzcm.runtime.dlq.DltLagChecker - [DltLagChecker] AdminClient 不可用（bootstrap=localhost:9092），本轮降级跳过
2026-10-10 09:24:49.624 [scheduling-1] [] WARN  c.c.g.runtime.audit.AuditRetryTask - [AuditRetry] 到期行拉取失败（表缺失/DB 不可用）errType=BadSqlGrammarException msg=
### Error querying database.  Cause: org.postgresql.util.PSQLException: ERROR: relation "public.ecos_runtime_audit_retry" does not exist
  位置：256
### The error may exist in com/chinacreator/gzcm/runtime/audit/mapper/AuditRetryMapper.java (best guess)
### The error may involve com.chinacreator.gzcm.runtime.audit.mapper.AuditRetryMapper.listDue-Inline
### The error occurred while setting parameters
### SQL: SELECT id, event_type AS eventType, payload, attempts, next_retry_at AS nextRetryAt, last_error AS lastError, status, trace_id AS traceId, create_time AS createTime, update_time AS updateTime, version_no AS versionNo, is_deleted AS isDeleted, domain FROM public.ecos_runtime_audit_retry WHERE is_deleted = 0 AND status = 'pending' AND next_retry_at <= ? ORDER BY next_retry_at ASC LIMIT ?
### Cause: org.postgresql.util.PSQLException: ERROR: relation "public.ecos_runtime_audit_retry" does not exist
  位置：256
; bad SQL grammar []
2026-10-10 09:25:49.637 [scheduling-1] [] WARN  c.c.g.runtime.audit.AuditRetryTask - [AuditRetry] 到期行拉取失败（表缺失/DB 不可用）errType=BadSqlGrammarException msg=
### Error querying database.  Cause: org.postgresql.util.PSQLException: ERROR: relation "public.ecos_runtime_audit_retry" does not exist
  位置：256
### The error may exist in com/chinacreator/gzcm/runtime/audit/mapper/AuditRetryMapper.java (best guess)
### The error may involve com.chinacreator.gzcm.runtime.audit.mapper.AuditRetryMapper.listDue-Inline
### The error occurred while setting parameters
### SQL: SELECT id, event_type AS eventType, payload, attempts, next_retry_at AS nextRetryAt, last_error AS lastError, status, trace_id AS traceId, create_time AS createTime, update_time AS updateTime, version_no AS versionNo, is_deleted AS isDeleted, domain FROM public.ecos_runtime_audit_retry WHERE is_deleted = 0 AND status = 'pending' AND next_retry_at <= ? ORDER BY next_retry_at ASC LIMIT ?
### Cause: org.postgresql.util.PSQLException: ERROR: relation "public.ecos_runtime_audit_retry" does not exist
  位置：256
; bad SQL grammar []
2026-10-10 09:26:49.655 [scheduling-1] [] WARN  c.c.g.runtime.audit.AuditRetryTask - [AuditRetry] 到期行拉取失败（表缺失/DB 不可用）errType=BadSqlGrammarException msg=
### Error querying database.  Cause: org.postgresql.util.PSQLException: ERROR: relation "public.ecos_runtime_audit_retry" does not exist
  位置：256
### The error may exist in com/chinacreator/gzcm/runtime/audit/mapper/AuditRetryMapper.java (best guess)
### The error may involve com.chinacreator.gzcm.runtime.audit.mapper.AuditRetryMapper.listDue-Inline
### The error occurred while setting parameters
### SQL: SELECT id, event_type AS eventType, payload, attempts, next_retry_at AS nextRetryAt, last_error AS lastError, status, trace_id AS traceId, create_time AS createTime, update_time AS updateTime, version_no AS versionNo, is_deleted AS isDeleted, domain FROM public.ecos_runtime_audit_retry WHERE is_deleted = 0 AND status = 'pending' AND next_retry_at <= ? ORDER BY next_retry_at ASC LIMIT ?
### Cause: org.postgresql.util.PSQLException: ERROR: relation "public.ecos_runtime_audit_retry" does not exist
  位置：256
; bad SQL grammar []
2026-10-10 09:27:49.725 [scheduling-1] [] WARN  c.c.g.runtime.audit.AuditRetryTask - [AuditRetry] 到期行拉取失败（表缺失/DB 不可用）errType=BadSqlGrammarException msg=
### Error querying database.  Cause: org.postgresql.util.PSQLException: ERROR: relation "public.ecos_runtime_audit_retry" does not exist
  位置：256
### The error may exist in com/chinacreator/gzcm/runtime/audit/mapper/AuditRetryMapper.java (best guess)
### The error may involve com.chinacreator.gzcm.runtime.audit.mapper.AuditRetryMapper.listDue-Inline
### The error occurred while setting parameters
### SQL: SELECT id, event_type AS eventType, payload, attempts, next_retry_at AS nextRetryAt, last_error AS lastError, status, trace_id AS traceId, create_time AS createTime, update_time AS updateTime, version_no AS versionNo, is_deleted AS isDeleted, domain FROM public.ecos_runtime_audit_retry WHERE is_deleted = 0 AND status = 'pending' AND next_retry_at <= ? ORDER BY next_retry_at ASC LIMIT ?
### Cause: org.postgresql.util.PSQLException: ERROR: relation "public.ecos_runtime_audit_retry" does not exist
  位置：256
; bad SQL grammar []
2026-10-10 09:28:49.741 [scheduling-1] [] WARN  c.c.g.runtime.audit.AuditRetryTask - [AuditRetry] 到期行拉取失败（表缺失/DB 不可用）errType=BadSqlGrammarException msg=
### Error querying database.  Cause: org.postgresql.util.PSQLException: ERROR: relation "public.ecos_runtime_audit_retry" does not exist
  位置：256
### The error may exist in com/chinacreator/gzcm/runtime/audit/mapper/AuditRetryMapper.java (best guess)
### The error may involve com.chinacreator.gzcm.runtime.audit.mapper.AuditRetryMapper.listDue-Inline
### The error occurred while setting parameters
### SQL: SELECT id, event_type AS eventType, payload, attempts, next_retry_at AS nextRetryAt, last_error AS lastError, status, trace_id AS traceId, create_time AS createTime, update_time AS updateTime, version_no AS versionNo, is_deleted AS isDeleted, domain FROM public.ecos_runtime_audit_retry WHERE is_deleted = 0 AND status = 'pending' AND next_retry_at <= ? ORDER BY next_retry_at ASC LIMIT ?
### Cause: org.postgresql.util.PSQLException: ERROR: relation "public.ecos_runtime_audit_retry" does not exist
  位置：256
; bad SQL grammar []
2026-10-10 09:29:18.023 [scheduling-1] [] WARN  c.c.gzcm.runtime.dlq.DltLagChecker - [DltLagChecker] AdminClient 创建失败 errType=KafkaException msg=Failed to create new KafkaAdminClient
2026-10-10 09:29:18.024 [scheduling-1] [] WARN  c.c.gzcm.runtime.dlq.DltLagChecker - [DltLagChecker] AdminClient 不可用（bootstrap=localhost:9092），本轮降级跳过
2026-10-10 09:29:49.750 [scheduling-1] [] WARN  c.c.g.runtime.audit.AuditRetryTask - [AuditRetry] 到期行拉取失败（表缺失/DB 不可用）errType=BadSqlGrammarException msg=
### Error querying database.  Cause: org.postgresql.util.PSQLException: ERROR: relation "public.ecos_runtime_audit_retry" does not exist
  位置：256
### The error may exist in com/chinacreator/gzcm/runtime/audit/mapper/AuditRetryMapper.java (best guess)
### The error may involve com.chinacreator.gzcm.runtime.audit.mapper.AuditRetryMapper.listDue-Inline
### The error occurred while setting parameters
### SQL: SELECT id, event_type AS eventType, payload, attempts, next_retry_at AS nextRetryAt, last_error AS lastError, status, trace_id AS traceId, create_time AS createTime, update_time AS updateTime, version_no AS versionNo, is_deleted AS isDeleted, domain FROM public.ecos_runtime_audit_retry WHERE is_deleted = 0 AND status = 'pending' AND next_retry_at <= ? ORDER BY next_retry_at ASC LIMIT ?
### Cause: org.postgresql.util.PSQLException: ERROR: relation "public.ecos_runtime_audit_retry" does not exist
  位置：256
; bad SQL grammar []
2026-10-10 09:30:49.767 [scheduling-1] [] WARN  c.c.g.runtime.audit.AuditRetryTask - [AuditRetry] 到期行拉取失败（表缺失/DB 不可用）errType=BadSqlGrammarException msg=
### Error querying database.  Cause: org.postgresql.util.PSQLException: ERROR: relation "public.ecos_runtime_audit_retry" does not exist
  位置：256
### The error may exist in com/chinacreator/gzcm/runtime/audit/mapper/AuditRetryMapper.java (best guess)
### The error may involve com.chinacreator.gzcm.runtime.audit.mapper.AuditRetryMapper.listDue-Inline
### The error occurred while setting parameters
### SQL: SELECT id, event_type AS eventType, payload, attempts, next_retry_at AS nextRetryAt, last_error AS lastError, status, trace_id AS traceId, create_time AS createTime, update_time AS updateTime, version_no AS versionNo, is_deleted AS isDeleted, domain FROM public.ecos_runtime_audit_retry WHERE is_deleted = 0 AND status = 'pending' AND next_retry_at <= ? ORDER BY next_retry_at ASC LIMIT ?
### Cause: org.postgresql.util.PSQLException: ERROR: relation "public.ecos_runtime_audit_retry" does not exist
  位置：256
; bad SQL grammar []
2026-10-10 09:31:49.782 [scheduling-1] [] WARN  c.c.g.runtime.audit.AuditRetryTask - [AuditRetry] 到期行拉取失败（表缺失/DB 不可用）errType=BadSqlGrammarException msg=
### Error querying database.  Cause: org.postgresql.util.PSQLException: ERROR: relation "public.ecos_runtime_audit_retry" does not exist
  位置：256
### The error may exist in com/chinacreator/gzcm/runtime/audit/mapper/AuditRetryMapper.java (best guess)
### The error may involve com.chinacreator.gzcm.runtime.audit.mapper.AuditRetryMapper.listDue-Inline
### The error occurred while setting parameters
### SQL: SELECT id, event_type AS eventType, payload, attempts, next_retry_at AS nextRetryAt, last_error AS lastError, status, trace_id AS traceId, create_time AS createTime, update_time AS updateTime, version_no AS versionNo, is_deleted AS isDeleted, domain FROM public.ecos_runtime_audit_retry WHERE is_deleted = 0 AND status = 'pending' AND next_retry_at <= ? ORDER BY next_retry_at ASC LIMIT ?
### Cause: org.postgresql.util.PSQLException: ERROR: relation "public.ecos_runtime_audit_retry" does not exist
  位置：256
; bad SQL grammar []
2026-10-10 09:32:49.790 [scheduling-1] [] WARN  c.c.g.runtime.audit.AuditRetryTask - [AuditRetry] 到期行拉取失败（表缺失/DB 不可用）errType=BadSqlGrammarException msg=
### Error querying database.  Cause: org.postgresql.util.PSQLException: ERROR: relation "public.ecos_runtime_audit_retry" does not exist
  位置：256
### The error may exist in com/chinacreator/gzcm/runtime/audit/mapper/AuditRetryMapper.java (best guess)
### The error may involve com.chinacreator.gzcm.runtime.audit.mapper.AuditRetryMapper.listDue-Inline
### The error occurred while setting parameters
### SQL: SELECT id, event_type AS eventType, payload, attempts, next_retry_at AS nextRetryAt, last_error AS lastError, status, trace_id AS traceId, create_time AS createTime, update_time AS updateTime, version_no AS versionNo, is_deleted AS isDeleted, domain FROM public.ecos_runtime_audit_retry WHERE is_deleted = 0 AND status = 'pending' AND next_retry_at <= ? ORDER BY next_retry_at ASC LIMIT ?
### Cause: org.postgresql.util.PSQLException: ERROR: relation "public.ecos_runtime_audit_retry" does not exist
  位置：256
; bad SQL grammar []
2026-10-10 09:33:02.905 [pool-3-thread-3] [] INFO  c.c.g.r.c.t.s.i.TaskManagementServiceImpl - 任务已提交: taskId=be121d11-f048-475d-be5f-f764096711a9, taskName=cognitive-mental-scan
2026-10-10 09:33:02.908 [pool-3-thread-3] [] INFO  c.c.g.r.c.t.s.i.TaskManagementServiceImpl - 任务已解析: taskId=be121d11-f048-475d-be5f-f764096711a9
2026-10-10 09:33:02.940 [pool-3-thread-3] [] INFO  c.c.g.e.c.s.mental.MentalScanTask - PMO-59 心智层补算一代完成: scanned=5 invalidated=0
2026-10-10 09:33:02.941 [pool-3-thread-3] [] INFO  c.c.g.r.c.t.s.i.TaskManagementServiceImpl - 任务执行完成: taskId=be121d11-f048-475d-be5f-f764096711a9, status=SUCCEEDED
2026-10-10 09:33:02.942 [pool-3-thread-3] [] INFO  c.c.g.r.c.t.s.TaskSchedulerServiceImpl - 定时任务已提交执行 taskId=be121d11-f048-475d-be5f-f764096711a9 taskType=COGNITIVE_MENTAL_SCAN scheduleId=7a77d5c0-3368-4754-87b1-8f0eb6fe7fac
2026-10-10 09:33:49.802 [scheduling-1] [] WARN  c.c.g.runtime.audit.AuditRetryTask - [AuditRetry] 到期行拉取失败（表缺失/DB 不可用）errType=BadSqlGrammarException msg=
### Error querying database.  Cause: org.postgresql.util.PSQLException: ERROR: relation "public.ecos_runtime_audit_retry" does not exist
  位置：256
### The error may exist in com/chinacreator/gzcm/runtime/audit/mapper/AuditRetryMapper.java (best guess)
### The error may involve com.chinacreator.gzcm.runtime.audit.mapper.AuditRetryMapper.listDue-Inline
### The error occurred while setting parameters
### SQL: SELECT id, event_type AS eventType, payload, attempts, next_retry_at AS nextRetryAt, last_error AS lastError, status, trace_id AS traceId, create_time AS createTime, update_time AS updateTime, version_no AS versionNo, is_deleted AS isDeleted, domain FROM public.ecos_runtime_audit_retry WHERE is_deleted = 0 AND status = 'pending' AND next_retry_at <= ? ORDER BY next_retry_at ASC LIMIT ?
### Cause: org.postgresql.util.PSQLException: ERROR: relation "public.ecos_runtime_audit_retry" does not exist
  位置：256
; bad SQL grammar []
2026-10-10 09:34:18.038 [scheduling-1] [] WARN  c.c.gzcm.runtime.dlq.DltLagChecker - [DltLagChecker] AdminClient 创建失败 errType=KafkaException msg=Failed to create new KafkaAdminClient
2026-10-10 09:34:18.040 [scheduling-1] [] WARN  c.c.gzcm.runtime.dlq.DltLagChecker - [DltLagChecker] AdminClient 不可用（bootstrap=localhost:9092），本轮降级跳过
2026-10-10 09:34:49.823 [scheduling-1] [] WARN  c.c.g.runtime.audit.AuditRetryTask - [AuditRetry] 到期行拉取失败（表缺失/DB 不可用）errType=BadSqlGrammarException msg=
### Error querying database.  Cause: org.postgresql.util.PSQLException: ERROR: relation "public.ecos_runtime_audit_retry" does not exist
  位置：256
### The error may exist in com/chinacreator/gzcm/runtime/audit/mapper/AuditRetryMapper.java (best guess)
### The error may involve com.chinacreator.gzcm.runtime.audit.mapper.AuditRetryMapper.listDue-Inline
### The error occurred while setting parameters
### SQL: SELECT id, event_type AS eventType, payload, attempts, next_retry_at AS nextRetryAt, last_error AS lastError, status, trace_id AS traceId, create_time AS createTime, update_time AS updateTime, version_no AS versionNo, is_deleted AS isDeleted, domain FROM public.ecos_runtime_audit_retry WHERE is_deleted = 0 AND status = 'pending' AND next_retry_at <= ? ORDER BY next_retry_at ASC LIMIT ?
### Cause: org.postgresql.util.PSQLException: ERROR: relation "public.ecos_runtime_audit_retry" does not exist
  位置：256
; bad SQL grammar []
2026-10-10 09:35:49.837 [scheduling-1] [] WARN  c.c.g.runtime.audit.AuditRetryTask - [AuditRetry] 到期行拉取失败（表缺失/DB 不可用）errType=BadSqlGrammarException msg=
### Error querying database.  Cause: org.postgresql.util.PSQLException: ERROR: relation "public.ecos_runtime_audit_retry" does not exist
  位置：256
### The error may exist in com/chinacreator/gzcm/runtime/audit/mapper/AuditRetryMapper.java (best guess)
### The error may involve com.chinacreator.gzcm.runtime.audit.mapper.AuditRetryMapper.listDue-Inline
### The error occurred while setting parameters
### SQL: SELECT id, event_type AS eventType, payload, attempts, next_retry_at AS nextRetryAt, last_error AS lastError, status, trace_id AS traceId, create_time AS createTime, update_time AS updateTime, version_no AS versionNo, is_deleted AS isDeleted, domain FROM public.ecos_runtime_audit_retry WHERE is_deleted = 0 AND status = 'pending' AND next_retry_at <= ? ORDER BY next_retry_at ASC LIMIT ?
### Cause: org.postgresql.util.PSQLException: ERROR: relation "public.ecos_runtime_audit_retry" does not exist
  位置：256
; bad SQL grammar []
2026-10-10 09:36:49.857 [scheduling-1] [] WARN  c.c.g.runtime.audit.AuditRetryTask - [AuditRetry] 到期行拉取失败（表缺失/DB 不可用）errType=BadSqlGrammarException msg=
### Error querying database.  Cause: org.postgresql.util.PSQLException: ERROR: relation "public.ecos_runtime_audit_retry" does not exist
  位置：256
### The error may exist in com/chinacreator/gzcm/runtime/audit/mapper/AuditRetryMapper.java (best guess)
### The error may involve com.chinacreator.gzcm.runtime.audit.mapper.AuditRetryMapper.listDue-Inline
### The error occurred while setting parameters
### SQL: SELECT id, event_type AS eventType, payload, attempts, next_retry_at AS nextRetryAt, last_error AS lastError, status, trace_id AS traceId, create_time AS createTime, update_time AS updateTime, version_no AS versionNo, is_deleted AS isDeleted, domain FROM public.ecos_runtime_audit_retry WHERE is_deleted = 0 AND status = 'pending' AND next_retry_at <= ? ORDER BY next_retry_at ASC LIMIT ?
### Cause: org.postgresql.util.PSQLException: ERROR: relation "public.ecos_runtime_audit_retry" does not exist
  位置：256
; bad SQL grammar []
2026-10-10 09:37:49.865 [scheduling-1] [] WARN  c.c.g.runtime.audit.AuditRetryTask - [AuditRetry] 到期行拉取失败（表缺失/DB 不可用）errType=BadSqlGrammarException msg=
### Error querying database.  Cause: org.postgresql.util.PSQLException: ERROR: relation "public.ecos_runtime_audit_retry" does not exist
  位置：256
### The error may exist in com/chinacreator/gzcm/runtime/audit/mapper/AuditRetryMapper.java (best guess)
### The error may involve com.chinacreator.gzcm.runtime.audit.mapper.AuditRetryMapper.listDue-Inline
### The error occurred while setting parameters
### SQL: SELECT id, event_type AS eventType, payload, attempts, next_retry_at AS nextRetryAt, last_error AS lastError, status, trace_id AS traceId, create_time AS createTime, update_time AS updateTime, version_no AS versionNo, is_deleted AS isDeleted, domain FROM public.ecos_runtime_audit_retry WHERE is_deleted = 0 AND status = 'pending' AND next_retry_at <= ? ORDER BY next_retry_at ASC LIMIT ?
### Cause: org.postgresql.util.PSQLException: ERROR: relation "public.ecos_runtime_audit_retry" does not exist
  位置：256
; bad SQL grammar []
2026-10-10 09:38:49.879 [scheduling-1] [] WARN  c.c.g.runtime.audit.AuditRetryTask - [AuditRetry] 到期行拉取失败（表缺失/DB 不可用）errType=BadSqlGrammarException msg=
### Error querying database.  Cause: org.postgresql.util.PSQLException: ERROR: relation "public.ecos_runtime_audit_retry" does not exist
  位置：256
### The error may exist in com/chinacreator/gzcm/runtime/audit/mapper/AuditRetryMapper.java (best guess)
### The error may involve com.chinacreator.gzcm.runtime.audit.mapper.AuditRetryMapper.listDue-Inline
### The error occurred while setting parameters
### SQL: SELECT id, event_type AS eventType, payload, attempts, next_retry_at AS nextRetryAt, last_error AS lastError, status, trace_id AS traceId, create_time AS createTime, update_time AS updateTime, version_no AS versionNo, is_deleted AS isDeleted, domain FROM public.ecos_runtime_audit_retry WHERE is_deleted = 0 AND status = 'pending' AND next_retry_at <= ? ORDER BY next_retry_at ASC LIMIT ?
### Cause: org.postgresql.util.PSQLException: ERROR: relation "public.ecos_runtime_audit_retry" does not exist
  位置：256
; bad SQL grammar []
2026-10-10 09:39:18.069 [scheduling-1] [] WARN  c.c.gzcm.runtime.dlq.DltLagChecker - [DltLagChecker] AdminClient 创建失败 errType=KafkaException msg=Failed to create new KafkaAdminClient
2026-10-10 09:39:18.081 [scheduling-1] [] WARN  c.c.gzcm.runtime.dlq.DltLagChecker - [DltLagChecker] AdminClient 不可用（bootstrap=localhost:9092），本轮降级跳过
2026-10-10 09:39:49.887 [scheduling-1] [] WARN  c.c.g.runtime.audit.AuditRetryTask - [AuditRetry] 到期行拉取失败（表缺失/DB 不可用）errType=BadSqlGrammarException msg=
### Error querying database.  Cause: org.postgresql.util.PSQLException: ERROR: relation "public.ecos_runtime_audit_retry" does not exist
  位置：256
### The error may exist in com/chinacreator/gzcm/runtime/audit/mapper/AuditRetryMapper.java (best guess)
### The error may involve com.chinacreator.gzcm.runtime.audit.mapper.AuditRetryMapper.listDue-Inline
### The error occurred while setting parameters
### SQL: SELECT id, event_type AS eventType, payload, attempts, next_retry_at AS nextRetryAt, last_error AS lastError, status, trace_id AS traceId, create_time AS createTime, update_time AS updateTime, version_no AS versionNo, is_deleted AS isDeleted, domain FROM public.ecos_runtime_audit_retry WHERE is_deleted = 0 AND status = 'pending' AND next_retry_at <= ? ORDER BY next_retry_at ASC LIMIT ?
### Cause: org.postgresql.util.PSQLException: ERROR: relation "public.ecos_runtime_audit_retry" does not exist
  位置：256
; bad SQL grammar []
2026-10-10 09:40:49.904 [scheduling-1] [] WARN  c.c.g.runtime.audit.AuditRetryTask - [AuditRetry] 到期行拉取失败（表缺失/DB 不可用）errType=BadSqlGrammarException msg=
### Error querying database.  Cause: org.postgresql.util.PSQLException: ERROR: relation "public.ecos_runtime_audit_retry" does not exist
  位置：256
### The error may exist in com/chinacreator/gzcm/runtime/audit/mapper/AuditRetryMapper.java (best guess)
### The error may involve com.chinacreator.gzcm.runtime.audit.mapper.AuditRetryMapper.listDue-Inline
### The error occurred while setting parameters
### SQL: SELECT id, event_type AS eventType, payload, attempts, next_retry_at AS nextRetryAt, last_error AS lastError, status, trace_id AS traceId, create_time AS createTime, update_time AS updateTime, version_no AS versionNo, is_deleted AS isDeleted, domain FROM public.ecos_runtime_audit_retry WHERE is_deleted = 0 AND status = 'pending' AND next_retry_at <= ? ORDER BY next_retry_at ASC LIMIT ?
### Cause: org.postgresql.util.PSQLException: ERROR: relation "public.ecos_runtime_audit_retry" does not exist
  位置：256
; bad SQL grammar []
2026-10-10 09:41:49.914 [scheduling-1] [] WARN  c.c.g.runtime.audit.AuditRetryTask - [AuditRetry] 到期行拉取失败（表缺失/DB 不可用）errType=BadSqlGrammarException msg=
### Error querying database.  Cause: org.postgresql.util.PSQLException: ERROR: relation "public.ecos_runtime_audit_retry" does not exist
  位置：256
### The error may exist in com/chinacreator/gzcm/runtime/audit/mapper/AuditRetryMapper.java (best guess)
### The error may involve com.chinacreator.gzcm.runtime.audit.mapper.AuditRetryMapper.listDue-Inline
### The error occurred while setting parameters
### SQL: SELECT id, event_type AS eventType, payload, attempts, next_retry_at AS nextRetryAt, last_error AS lastError, status, trace_id AS traceId, create_time AS createTime, update_time AS updateTime, version_no AS versionNo, is_deleted AS isDeleted, domain FROM public.ecos_runtime_audit_retry WHERE is_deleted = 0 AND status = 'pending' AND next_retry_at <= ? ORDER BY next_retry_at ASC LIMIT ?
### Cause: org.postgresql.util.PSQLException: ERROR: relation "public.ecos_runtime_audit_retry" does not exist
  位置：256
; bad SQL grammar []
2026-10-10 09:42:49.931 [scheduling-1] [] WARN  c.c.g.runtime.audit.AuditRetryTask - [AuditRetry] 到期行拉取失败（表缺失/DB 不可用）errType=BadSqlGrammarException msg=
### Error querying database.  Cause: org.postgresql.util.PSQLException: ERROR: relation "public.ecos_runtime_audit_retry" does not exist
  位置：256
### The error may exist in com/chinacreator/gzcm/runtime/audit/mapper/AuditRetryMapper.java (best guess)
### The error may involve com.chinacreator.gzcm.runtime.audit.mapper.AuditRetryMapper.listDue-Inline
### The error occurred while setting parameters
### SQL: SELECT id, event_type AS eventType, payload, attempts, next_retry_at AS nextRetryAt, last_error AS lastError, status, trace_id AS traceId, create_time AS createTime, update_time AS updateTime, version_no AS versionNo, is_deleted AS isDeleted, domain FROM public.ecos_runtime_audit_retry WHERE is_deleted = 0 AND status = 'pending' AND next_retry_at <= ? ORDER BY next_retry_at ASC LIMIT ?
### Cause: org.postgresql.util.PSQLException: ERROR: relation "public.ecos_runtime_audit_retry" does not exist
  位置：256
; bad SQL grammar []
2026-10-10 09:43:02.913 [pool-3-thread-3] [] INFO  c.c.g.r.c.t.s.i.TaskManagementServiceImpl - 任务已提交: taskId=be121d11-f048-475d-be5f-f764096711a9, taskName=cognitive-mental-scan
2026-10-10 09:43:02.914 [pool-3-thread-3] [] INFO  c.c.g.r.c.t.s.i.TaskManagementServiceImpl - 任务已解析: taskId=be121d11-f048-475d-be5f-f764096711a9
2026-10-10 09:43:02.933 [pool-3-thread-3] [] INFO  c.c.g.e.c.s.mental.MentalScanTask - PMO-59 心智层补算一代完成: scanned=5 invalidated=0
2026-10-10 09:43:02.934 [pool-3-thread-3] [] INFO  c.c.g.r.c.t.s.i.TaskManagementServiceImpl - 任务执行完成: taskId=be121d11-f048-475d-be5f-f764096711a9, status=SUCCEEDED
2026-10-10 09:43:02.935 [pool-3-thread-3] [] INFO  c.c.g.r.c.t.s.TaskSchedulerServiceImpl - 定时任务已提交执行 taskId=be121d11-f048-475d-be5f-f764096711a9 taskType=COGNITIVE_MENTAL_SCAN scheduleId=7a77d5c0-3368-4754-87b1-8f0eb6fe7fac
2026-10-10 09:43:49.956 [scheduling-1] [] WARN  c.c.g.runtime.audit.AuditRetryTask - [AuditRetry] 到期行拉取失败（表缺失/DB 不可用）errType=BadSqlGrammarException msg=
### Error querying database.  Cause: org.postgresql.util.PSQLException: ERROR: relation "public.ecos_runtime_audit_retry" does not exist
  位置：256
### The error may exist in com/chinacreator/gzcm/runtime/audit/mapper/AuditRetryMapper.java (best guess)
### The error may involve com.chinacreator.gzcm.runtime.audit.mapper.AuditRetryMapper.listDue-Inline
### The error occurred while setting parameters
### SQL: SELECT id, event_type AS eventType, payload, attempts, next_retry_at AS nextRetryAt, last_error AS lastError, status, trace_id AS traceId, create_time AS createTime, update_time AS updateTime, version_no AS versionNo, is_deleted AS isDeleted, domain FROM public.ecos_runtime_audit_retry WHERE is_deleted = 0 AND status = 'pending' AND next_retry_at <= ? ORDER BY next_retry_at ASC LIMIT ?
### Cause: org.postgresql.util.PSQLException: ERROR: relation "public.ecos_runtime_audit_retry" does not exist
  位置：256
; bad SQL grammar []
2026-10-10 09:44:18.114 [scheduling-1] [] WARN  c.c.gzcm.runtime.dlq.DltLagChecker - [DltLagChecker] AdminClient 创建失败 errType=KafkaException msg=Failed to create new KafkaAdminClient
2026-10-10 09:44:18.115 [scheduling-1] [] WARN  c.c.gzcm.runtime.dlq.DltLagChecker - [DltLagChecker] AdminClient 不可用（bootstrap=localhost:9092），本轮降级跳过
2026-10-10 09:44:49.968 [scheduling-1] [] WARN  c.c.g.runtime.audit.AuditRetryTask - [AuditRetry] 到期行拉取失败（表缺失/DB 不可用）errType=BadSqlGrammarException msg=
### Error querying database.  Cause: org.postgresql.util.PSQLException: ERROR: relation "public.ecos_runtime_audit_retry" does not exist
  位置：256
### The error may exist in com/chinacreator/gzcm/runtime/audit/mapper/AuditRetryMapper.java (best guess)
### The error may involve com.chinacreator.gzcm.runtime.audit.mapper.AuditRetryMapper.listDue-Inline
### The error occurred while setting parameters
### SQL: SELECT id, event_type AS eventType, payload, attempts, next_retry_at AS nextRetryAt, last_error AS lastError, status, trace_id AS traceId, create_time AS createTime, update_time AS updateTime, version_no AS versionNo, is_deleted AS isDeleted, domain FROM public.ecos_runtime_audit_retry WHERE is_deleted = 0 AND status = 'pending' AND next_retry_at <= ? ORDER BY next_retry_at ASC LIMIT ?
### Cause: org.postgresql.util.PSQLException: ERROR: relation "public.ecos_runtime_audit_retry" does not exist
  位置：256
; bad SQL grammar []
2026-10-10 09:45:49.978 [scheduling-1] [] WARN  c.c.g.runtime.audit.AuditRetryTask - [AuditRetry] 到期行拉取失败（表缺失/DB 不可用）errType=BadSqlGrammarException msg=
### Error querying database.  Cause: org.postgresql.util.PSQLException: ERROR: relation "public.ecos_runtime_audit_retry" does not exist
  位置：256
### The error may exist in com/chinacreator/gzcm/runtime/audit/mapper/AuditRetryMapper.java (best guess)
### The error may involve com.chinacreator.gzcm.runtime.audit.mapper.AuditRetryMapper.listDue-Inline
### The error occurred while setting parameters
### SQL: SELECT id, event_type AS eventType, payload, attempts, next_retry_at AS nextRetryAt, last_error AS lastError, status, trace_id AS traceId, create_time AS createTime, update_time AS updateTime, version_no AS versionNo, is_deleted AS isDeleted, domain FROM public.ecos_runtime_audit_retry WHERE is_deleted = 0 AND status = 'pending' AND next_retry_at <= ? ORDER BY next_retry_at ASC LIMIT ?
### Cause: org.postgresql.util.PSQLException: ERROR: relation "public.ecos_runtime_audit_retry" does not exist
  位置：256
; bad SQL grammar []
2026-10-10 09:46:49.993 [scheduling-1] [] WARN  c.c.g.runtime.audit.AuditRetryTask - [AuditRetry] 到期行拉取失败（表缺失/DB 不可用）errType=BadSqlGrammarException msg=
### Error querying database.  Cause: org.postgresql.util.PSQLException: ERROR: relation "public.ecos_runtime_audit_retry" does not exist
  位置：256
### The error may exist in com/chinacreator/gzcm/runtime/audit/mapper/AuditRetryMapper.java (best guess)
### The error may involve com.chinacreator.gzcm.runtime.audit.mapper.AuditRetryMapper.listDue-Inline
### The error occurred while setting parameters
### SQL: SELECT id, event_type AS eventType, payload, attempts, next_retry_at AS nextRetryAt, last_error AS lastError, status, trace_id AS traceId, create_time AS createTime, update_time AS updateTime, version_no AS versionNo, is_deleted AS isDeleted, domain FROM public.ecos_runtime_audit_retry WHERE is_deleted = 0 AND status = 'pending' AND next_retry_at <= ? ORDER BY next_retry_at ASC LIMIT ?
### Cause: org.postgresql.util.PSQLException: ERROR: relation "public.ecos_runtime_audit_retry" does not exist
  位置：256
; bad SQL grammar []
2026-10-10 09:47:50.008 [scheduling-1] [] WARN  c.c.g.runtime.audit.AuditRetryTask - [AuditRetry] 到期行拉取失败（表缺失/DB 不可用）errType=BadSqlGrammarException msg=
### Error querying database.  Cause: org.postgresql.util.PSQLException: ERROR: relation "public.ecos_runtime_audit_retry" does not exist
  位置：256
### The error may exist in com/chinacreator/gzcm/runtime/audit/mapper/AuditRetryMapper.java (best guess)
### The error may involve com.chinacreator.gzcm.runtime.audit.mapper.AuditRetryMapper.listDue-Inline
### The error occurred while setting parameters
### SQL: SELECT id, event_type AS eventType, payload, attempts, next_retry_at AS nextRetryAt, last_error AS lastError, status, trace_id AS traceId, create_time AS createTime, update_time AS updateTime, version_no AS versionNo, is_deleted AS isDeleted, domain FROM public.ecos_runtime_audit_retry WHERE is_deleted = 0 AND status = 'pending' AND next_retry_at <= ? ORDER BY next_retry_at ASC LIMIT ?
### Cause: org.postgresql.util.PSQLException: ERROR: relation "public.ecos_runtime_audit_retry" does not exist
  位置：256
; bad SQL grammar []
2026-10-10 09:48:50.017 [scheduling-1] [] WARN  c.c.g.runtime.audit.AuditRetryTask - [AuditRetry] 到期行拉取失败（表缺失/DB 不可用）errType=BadSqlGrammarException msg=
### Error querying database.  Cause: org.postgresql.util.PSQLException: ERROR: relation "public.ecos_runtime_audit_retry" does not exist
  位置：256
### The error may exist in com/chinacreator/gzcm/runtime/audit/mapper/AuditRetryMapper.java (best guess)
### The error may involve com.chinacreator.gzcm.runtime.audit.mapper.AuditRetryMapper.listDue-Inline
### The error occurred while setting parameters
### SQL: SELECT id, event_type AS eventType, payload, attempts, next_retry_at AS nextRetryAt, last_error AS lastError, status, trace_id AS traceId, create_time AS createTime, update_time AS updateTime, version_no AS versionNo, is_deleted AS isDeleted, domain FROM public.ecos_runtime_audit_retry WHERE is_deleted = 0 AND status = 'pending' AND next_retry_at <= ? ORDER BY next_retry_at ASC LIMIT ?
### Cause: org.postgresql.util.PSQLException: ERROR: relation "public.ecos_runtime_audit_retry" does not exist
  位置：256
; bad SQL grammar []
2026-10-10 09:49:18.128 [scheduling-1] [] WARN  c.c.gzcm.runtime.dlq.DltLagChecker - [DltLagChecker] AdminClient 创建失败 errType=KafkaException msg=Failed to create new KafkaAdminClient
2026-10-10 09:49:18.128 [scheduling-1] [] WARN  c.c.gzcm.runtime.dlq.DltLagChecker - [DltLagChecker] AdminClient 不可用（bootstrap=localhost:9092），本轮降级跳过
2026-10-10 09:49:50.036 [scheduling-1] [] WARN  c.c.g.runtime.audit.AuditRetryTask - [AuditRetry] 到期行拉取失败（表缺失/DB 不可用）errType=BadSqlGrammarException msg=
### Error querying database.  Cause: org.postgresql.util.PSQLException: ERROR: relation "public.ecos_runtime_audit_retry" does not exist
  位置：256
### The error may exist in com/chinacreator/gzcm/runtime/audit/mapper/AuditRetryMapper.java (best guess)
### The error may involve com.chinacreator.gzcm.runtime.audit.mapper.AuditRetryMapper.listDue-Inline
### The error occurred while setting parameters
### SQL: SELECT id, event_type AS eventType, payload, attempts, next_retry_at AS nextRetryAt, last_error AS lastError, status, trace_id AS traceId, create_time AS createTime, update_time AS updateTime, version_no AS versionNo, is_deleted AS isDeleted, domain FROM public.ecos_runtime_audit_retry WHERE is_deleted = 0 AND status = 'pending' AND next_retry_at <= ? ORDER BY next_retry_at ASC LIMIT ?
### Cause: org.postgresql.util.PSQLException: ERROR: relation "public.ecos_runtime_audit_retry" does not exist
  位置：256
; bad SQL grammar []
2026-10-10 09:50:08.479 [http-nio-18084-exec-3] [] INFO  o.a.c.c.C.[Tomcat].[localhost].[/] - Initializing Spring DispatcherServlet 'dispatcherServlet'
2026-10-10 09:50:08.483 [http-nio-18084-exec-3] [] INFO  o.s.web.servlet.DispatcherServlet - Initializing Servlet 'dispatcherServlet'
2026-10-10 09:50:08.492 [http-nio-18084-exec-3] [] INFO  o.s.web.servlet.DispatcherServlet - Completed initialization in 4 ms
2026-10-10 09:50:09.127 [http-nio-18084-exec-3] [] WARN  c.c.g.s.s.JwtAuthenticationFilter - 回查租户失败 userId=u001: PreparedStatementCallback; bad SQL grammar [SELECT "TENANT_ID" FROM TD_USER WHERE "ID" = ?]（按默认 DENY 口径交上层 403）
2026-10-10 09:50:09.127 [http-nio-18084-exec-2] [] WARN  c.c.g.s.s.JwtAuthenticationFilter - 回查租户失败 userId=u001: PreparedStatementCallback; bad SQL grammar [SELECT "TENANT_ID" FROM TD_USER WHERE "ID" = ?]（按默认 DENY 口径交上层 403）
2026-10-10 09:50:09.128 [http-nio-18084-exec-3] [] WARN  c.c.g.s.s.JwtAuthenticationFilter - 用户未绑定租户，拒绝登录: userId=u001
2026-10-10 09:50:09.129 [http-nio-18084-exec-2] [] WARN  c.c.g.s.s.JwtAuthenticationFilter - 用户未绑定租户，拒绝登录: userId=u001
2026-10-10 09:50:09.314 [http-nio-18084-exec-4] [] WARN  c.c.g.s.s.JwtAuthenticationFilter - 回查租户失败 userId=u001: PreparedStatementCallback; bad SQL grammar [SELECT "TENANT_ID" FROM TD_USER WHERE "ID" = ?]（按默认 DENY 口径交上层 403）
2026-10-10 09:50:09.315 [http-nio-18084-exec-5] [] WARN  c.c.g.s.s.JwtAuthenticationFilter - 回查租户失败 userId=u001: PreparedStatementCallback; bad SQL grammar [SELECT "TENANT_ID" FROM TD_USER WHERE "ID" = ?]（按默认 DENY 口径交上层 403）
2026-10-10 09:50:09.316 [http-nio-18084-exec-4] [] WARN  c.c.g.s.s.JwtAuthenticationFilter - 用户未绑定租户，拒绝登录: userId=u001
2026-10-10 09:50:09.317 [http-nio-18084-exec-5] [] WARN  c.c.g.s.s.JwtAuthenticationFilter - 用户未绑定租户，拒绝登录: userId=u001
2026-10-10 09:50:50.048 [scheduling-1] [] WARN  c.c.g.runtime.audit.AuditRetryTask - [AuditRetry] 到期行拉取失败（表缺失/DB 不可用）errType=BadSqlGrammarException msg=
### Error querying database.  Cause: org.postgresql.util.PSQLException: ERROR: relation "public.ecos_runtime_audit_retry" does not exist
  位置：256
### The error may exist in com/chinacreator/gzcm/runtime/audit/mapper/AuditRetryMapper.java (best guess)
### The error may involve com.chinacreator.gzcm.runtime.audit.mapper.AuditRetryMapper.listDue-Inline
### The error occurred while setting parameters
### SQL: SELECT id, event_type AS eventType, payload, attempts, next_retry_at AS nextRetryAt, last_error AS lastError, status, trace_id AS traceId, create_time AS createTime, update_time AS updateTime, version_no AS versionNo, is_deleted AS isDeleted, domain FROM public.ecos_runtime_audit_retry WHERE is_deleted = 0 AND status = 'pending' AND next_retry_at <= ? ORDER BY next_retry_at ASC LIMIT ?
### Cause: org.postgresql.util.PSQLException: ERROR: relation "public.ecos_runtime_audit_retry" does not exist
  位置：256
; bad SQL grammar []
2026-10-10 09:51:50.062 [scheduling-1] [] WARN  c.c.g.runtime.audit.AuditRetryTask - [AuditRetry] 到期行拉取失败（表缺失/DB 不可用）errType=BadSqlGrammarException msg=
### Error querying database.  Cause: org.postgresql.util.PSQLException: ERROR: relation "public.ecos_runtime_audit_retry" does not exist
  位置：256
### The error may exist in com/chinacreator/gzcm/runtime/audit/mapper/AuditRetryMapper.java (best guess)
### The error may involve com.chinacreator.gzcm.runtime.audit.mapper.AuditRetryMapper.listDue-Inline
### The error occurred while setting parameters
### SQL: SELECT id, event_type AS eventType, payload, attempts, next_retry_at AS nextRetryAt, last_error AS lastError, status, trace_id AS traceId, create_time AS createTime, update_time AS updateTime, version_no AS versionNo, is_deleted AS isDeleted, domain FROM public.ecos_runtime_audit_retry WHERE is_deleted = 0 AND status = 'pending' AND next_retry_at <= ? ORDER BY next_retry_at ASC LIMIT ?
### Cause: org.postgresql.util.PSQLException: ERROR: relation "public.ecos_runtime_audit_retry" does not exist
  位置：256
; bad SQL grammar []
2026-10-10 09:52:50.071 [scheduling-1] [] WARN  c.c.g.runtime.audit.AuditRetryTask - [AuditRetry] 到期行拉取失败（表缺失/DB 不可用）errType=BadSqlGrammarException msg=
### Error querying database.  Cause: org.postgresql.util.PSQLException: ERROR: relation "public.ecos_runtime_audit_retry" does not exist
  位置：256
### The error may exist in com/chinacreator/gzcm/runtime/audit/mapper/AuditRetryMapper.java (best guess)
### The error may involve com.chinacreator.gzcm.runtime.audit.mapper.AuditRetryMapper.listDue-Inline
### The error occurred while setting parameters
### SQL: SELECT id, event_type AS eventType, payload, attempts, next_retry_at AS nextRetryAt, last_error AS lastError, status, trace_id AS traceId, create_time AS createTime, update_time AS updateTime, version_no AS versionNo, is_deleted AS isDeleted, domain FROM public.ecos_runtime_audit_retry WHERE is_deleted = 0 AND status = 'pending' AND next_retry_at <= ? ORDER BY next_retry_at ASC LIMIT ?
### Cause: org.postgresql.util.PSQLException: ERROR: relation "public.ecos_runtime_audit_retry" does not exist
  位置：256
; bad SQL grammar []
2026-10-10 09:53:02.907 [pool-3-thread-3] [] INFO  c.c.g.r.c.t.s.i.TaskManagementServiceImpl - 任务已提交: taskId=be121d11-f048-475d-be5f-f764096711a9, taskName=cognitive-mental-scan
2026-10-10 09:53:02.910 [pool-3-thread-3] [] INFO  c.c.g.r.c.t.s.i.TaskManagementServiceImpl - 任务已解析: taskId=be121d11-f048-475d-be5f-f764096711a9
2026-10-10 09:53:02.922 [pool-3-thread-3] [] INFO  c.c.g.e.c.s.mental.MentalScanTask - PMO-59 心智层补算一代完成: scanned=5 invalidated=0
2026-10-10 09:53:02.923 [pool-3-thread-3] [] INFO  c.c.g.r.c.t.s.i.TaskManagementServiceImpl - 任务执行完成: taskId=be121d11-f048-475d-be5f-f764096711a9, status=SUCCEEDED
2026-10-10 09:53:02.924 [pool-3-thread-3] [] INFO  c.c.g.r.c.t.s.TaskSchedulerServiceImpl - 定时任务已提交执行 taskId=be121d11-f048-475d-be5f-f764096711a9 taskType=COGNITIVE_MENTAL_SCAN scheduleId=7a77d5c0-3368-4754-87b1-8f0eb6fe7fac
2026-10-10 09:53:50.090 [scheduling-1] [] WARN  c.c.g.runtime.audit.AuditRetryTask - [AuditRetry] 到期行拉取失败（表缺失/DB 不可用）errType=BadSqlGrammarException msg=
### Error querying database.  Cause: org.postgresql.util.PSQLException: ERROR: relation "public.ecos_runtime_audit_retry" does not exist
  位置：256
### The error may exist in com/chinacreator/gzcm/runtime/audit/mapper/AuditRetryMapper.java (best guess)
### The error may involve com.chinacreator.gzcm.runtime.audit.mapper.AuditRetryMapper.listDue-Inline
### The error occurred while setting parameters
### SQL: SELECT id, event_type AS eventType, payload, attempts, next_retry_at AS nextRetryAt, last_error AS lastError, status, trace_id AS traceId, create_time AS createTime, update_time AS updateTime, version_no AS versionNo, is_deleted AS isDeleted, domain FROM public.ecos_runtime_audit_retry WHERE is_deleted = 0 AND status = 'pending' AND next_retry_at <= ? ORDER BY next_retry_at ASC LIMIT ?
### Cause: org.postgresql.util.PSQLException: ERROR: relation "public.ecos_runtime_audit_retry" does not exist
  位置：256
; bad SQL grammar []
2026-10-10 09:54:18.146 [scheduling-1] [] WARN  c.c.gzcm.runtime.dlq.DltLagChecker - [DltLagChecker] AdminClient 创建失败 errType=KafkaException msg=Failed to create new KafkaAdminClient
2026-10-10 09:54:18.156 [scheduling-1] [] WARN  c.c.gzcm.runtime.dlq.DltLagChecker - [DltLagChecker] AdminClient 不可用（bootstrap=localhost:9092），本轮降级跳过
2026-10-10 09:54:50.112 [scheduling-1] [] WARN  c.c.g.runtime.audit.AuditRetryTask - [AuditRetry] 到期行拉取失败（表缺失/DB 不可用）errType=BadSqlGrammarException msg=
### Error querying database.  Cause: org.postgresql.util.PSQLException: ERROR: relation "public.ecos_runtime_audit_retry" does not exist
  位置：256
### The error may exist in com/chinacreator/gzcm/runtime/audit/mapper/AuditRetryMapper.java (best guess)
### The error may involve com.chinacreator.gzcm.runtime.audit.mapper.AuditRetryMapper.listDue-Inline
### The error occurred while setting parameters
### SQL: SELECT id, event_type AS eventType, payload, attempts, next_retry_at AS nextRetryAt, last_error AS lastError, status, trace_id AS traceId, create_time AS createTime, update_time AS updateTime, version_no AS versionNo, is_deleted AS isDeleted, domain FROM public.ecos_runtime_audit_retry WHERE is_deleted = 0 AND status = 'pending' AND next_retry_at <= ? ORDER BY next_retry_at ASC LIMIT ?
### Cause: org.postgresql.util.PSQLException: ERROR: relation "public.ecos_runtime_audit_retry" does not exist
  位置：256
; bad SQL grammar []
2026-10-10 09:55:50.137 [scheduling-1] [] WARN  c.c.g.runtime.audit.AuditRetryTask - [AuditRetry] 到期行拉取失败（表缺失/DB 不可用）errType=BadSqlGrammarException msg=
### Error querying database.  Cause: org.postgresql.util.PSQLException: ERROR: relation "public.ecos_runtime_audit_retry" does not exist
  位置：256
### The error may exist in com/chinacreator/gzcm/runtime/audit/mapper/AuditRetryMapper.java (best guess)
### The error may involve com.chinacreator.gzcm.runtime.audit.mapper.AuditRetryMapper.listDue-Inline
### The error occurred while setting parameters
### SQL: SELECT id, event_type AS eventType, payload, attempts, next_retry_at AS nextRetryAt, last_error AS lastError, status, trace_id AS traceId, create_time AS createTime, update_time AS updateTime, version_no AS versionNo, is_deleted AS isDeleted, domain FROM public.ecos_runtime_audit_retry WHERE is_deleted = 0 AND status = 'pending' AND next_retry_at <= ? ORDER BY next_retry_at ASC LIMIT ?
### Cause: org.postgresql.util.PSQLException: ERROR: relation "public.ecos_runtime_audit_retry" does not exist
  位置：256
; bad SQL grammar []
2026-10-10 09:56:50.158 [scheduling-1] [] WARN  c.c.g.runtime.audit.AuditRetryTask - [AuditRetry] 到期行拉取失败（表缺失/DB 不可用）errType=BadSqlGrammarException msg=
### Error querying database.  Cause: org.postgresql.util.PSQLException: ERROR: relation "public.ecos_runtime_audit_retry" does not exist
  位置：256
### The error may exist in com/chinacreator/gzcm/runtime/audit/mapper/AuditRetryMapper.java (best guess)
### The error may involve com.chinacreator.gzcm.runtime.audit.mapper.AuditRetryMapper.listDue-Inline
### The error occurred while setting parameters
### SQL: SELECT id, event_type AS eventType, payload, attempts, next_retry_at AS nextRetryAt, last_error AS lastError, status, trace_id AS traceId, create_time AS createTime, update_time AS updateTime, version_no AS versionNo, is_deleted AS isDeleted, domain FROM public.ecos_runtime_audit_retry WHERE is_deleted = 0 AND status = 'pending' AND next_retry_at <= ? ORDER BY next_retry_at ASC LIMIT ?
### Cause: org.postgresql.util.PSQLException: ERROR: relation "public.ecos_runtime_audit_retry" does not exist
  位置：256
; bad SQL grammar []
2026-10-10 09:57:50.178 [scheduling-1] [] WARN  c.c.g.runtime.audit.AuditRetryTask - [AuditRetry] 到期行拉取失败（表缺失/DB 不可用）errType=BadSqlGrammarException msg=
### Error querying database.  Cause: org.postgresql.util.PSQLException: ERROR: relation "public.ecos_runtime_audit_retry" does not exist
  位置：256
### The error may exist in com/chinacreator/gzcm/runtime/audit/mapper/AuditRetryMapper.java (best guess)
### The error may involve com.chinacreator.gzcm.runtime.audit.mapper.AuditRetryMapper.listDue-Inline
### The error occurred while setting parameters
### SQL: SELECT id, event_type AS eventType, payload, attempts, next_retry_at AS nextRetryAt, last_error AS lastError, status, trace_id AS traceId, create_time AS createTime, update_time AS updateTime, version_no AS versionNo, is_deleted AS isDeleted, domain FROM public.ecos_runtime_audit_retry WHERE is_deleted = 0 AND status = 'pending' AND next_retry_at <= ? ORDER BY next_retry_at ASC LIMIT ?
### Cause: org.postgresql.util.PSQLException: ERROR: relation "public.ecos_runtime_audit_retry" does not exist
  位置：256
; bad SQL grammar []
2026-10-10 09:58:50.204 [scheduling-1] [] WARN  c.c.g.runtime.audit.AuditRetryTask - [AuditRetry] 到期行拉取失败（表缺失/DB 不可用）errType=BadSqlGrammarException msg=
### Error querying database.  Cause: org.postgresql.util.PSQLException: ERROR: relation "public.ecos_runtime_audit_retry" does not exist
  位置：256
### The error may exist in com/chinacreator/gzcm/runtime/audit/mapper/AuditRetryMapper.java (best guess)
### The error may involve com.chinacreator.gzcm.runtime.audit.mapper.AuditRetryMapper.listDue-Inline
### The error occurred while setting parameters
### SQL: SELECT id, event_type AS eventType, payload, attempts, next_retry_at AS nextRetryAt, last_error AS lastError, status, trace_id AS traceId, create_time AS createTime, update_time AS updateTime, version_no AS versionNo, is_deleted AS isDeleted, domain FROM public.ecos_runtime_audit_retry WHERE is_deleted = 0 AND status = 'pending' AND next_retry_at <= ? ORDER BY next_retry_at ASC LIMIT ?
### Cause: org.postgresql.util.PSQLException: ERROR: relation "public.ecos_runtime_audit_retry" does not exist
  位置：256
; bad SQL grammar []
2026-10-10 09:59:18.175 [scheduling-1] [] WARN  c.c.gzcm.runtime.dlq.DltLagChecker - [DltLagChecker] AdminClient 创建失败 errType=KafkaException msg=Failed to create new KafkaAdminClient
2026-10-10 09:59:18.186 [scheduling-1] [] WARN  c.c.gzcm.runtime.dlq.DltLagChecker - [DltLagChecker] AdminClient 不可用（bootstrap=localhost:9092），本轮降级跳过
2026-10-10 09:59:50.223 [scheduling-1] [] WARN  c.c.g.runtime.audit.AuditRetryTask - [AuditRetry] 到期行拉取失败（表缺失/DB 不可用）errType=BadSqlGrammarException msg=
### Error querying database.  Cause: org.postgresql.util.PSQLException: ERROR: relation "public.ecos_runtime_audit_retry" does not exist
  位置：256
### The error may exist in com/chinacreator/gzcm/runtime/audit/mapper/AuditRetryMapper.java (best guess)
### The error may involve com.chinacreator.gzcm.runtime.audit.mapper.AuditRetryMapper.listDue-Inline
### The error occurred while setting parameters
### SQL: SELECT id, event_type AS eventType, payload, attempts, next_retry_at AS nextRetryAt, last_error AS lastError, status, trace_id AS traceId, create_time AS createTime, update_time AS updateTime, version_no AS versionNo, is_deleted AS isDeleted, domain FROM public.ecos_runtime_audit_retry WHERE is_deleted = 0 AND status = 'pending' AND next_retry_at <= ? ORDER BY next_retry_at ASC LIMIT ?
### Cause: org.postgresql.util.PSQLException: ERROR: relation "public.ecos_runtime_audit_retry" does not exist
  位置：256
; bad SQL grammar []
2026-10-10 10:00:50.239 [scheduling-1] [] WARN  c.c.g.runtime.audit.AuditRetryTask - [AuditRetry] 到期行拉取失败（表缺失/DB 不可用）errType=BadSqlGrammarException msg=
### Error querying database.  Cause: org.postgresql.util.PSQLException: ERROR: relation "public.ecos_runtime_audit_retry" does not exist
  位置：256
### The error may exist in com/chinacreator/gzcm/runtime/audit/mapper/AuditRetryMapper.java (best guess)
### The error may involve com.chinacreator.gzcm.runtime.audit.mapper.AuditRetryMapper.listDue-Inline
### The error occurred while setting parameters
### SQL: SELECT id, event_type AS eventType, payload, attempts, next_retry_at AS nextRetryAt, last_error AS lastError, status, trace_id AS traceId, create_time AS createTime, update_time AS updateTime, version_no AS versionNo, is_deleted AS isDeleted, domain FROM public.ecos_runtime_audit_retry WHERE is_deleted = 0 AND status = 'pending' AND next_retry_at <= ? ORDER BY next_retry_at ASC LIMIT ?
### Cause: org.postgresql.util.PSQLException: ERROR: relation "public.ecos_runtime_audit_retry" does not exist
  位置：256
; bad SQL grammar []
2026-10-10 10:01:50.258 [scheduling-1] [] WARN  c.c.g.runtime.audit.AuditRetryTask - [AuditRetry] 到期行拉取失败（表缺失/DB 不可用）errType=BadSqlGrammarException msg=
### Error querying database.  Cause: org.postgresql.util.PSQLException: ERROR: relation "public.ecos_runtime_audit_retry" does not exist
  位置：256
### The error may exist in com/chinacreator/gzcm/runtime/audit/mapper/AuditRetryMapper.java (best guess)
### The error may involve com.chinacreator.gzcm.runtime.audit.mapper.AuditRetryMapper.listDue-Inline
### The error occurred while setting parameters
### SQL: SELECT id, event_type AS eventType, payload, attempts, next_retry_at AS nextRetryAt, last_error AS lastError, status, trace_id AS traceId, create_time AS createTime, update_time AS updateTime, version_no AS versionNo, is_deleted AS isDeleted, domain FROM public.ecos_runtime_audit_retry WHERE is_deleted = 0 AND status = 'pending' AND next_retry_at <= ? ORDER BY next_retry_at ASC LIMIT ?
### Cause: org.postgresql.util.PSQLException: ERROR: relation "public.ecos_runtime_audit_retry" does not exist
  位置：256
; bad SQL grammar []
2026-10-10 10:02:50.280 [scheduling-1] [] WARN  c.c.g.runtime.audit.AuditRetryTask - [AuditRetry] 到期行拉取失败（表缺失/DB 不可用）errType=BadSqlGrammarException msg=
### Error querying database.  Cause: org.postgresql.util.PSQLException: ERROR: relation "public.ecos_runtime_audit_retry" does not exist
  位置：256
### The error may exist in com/chinacreator/gzcm/runtime/audit/mapper/AuditRetryMapper.java (best guess)
### The error may involve com.chinacreator.gzcm.runtime.audit.mapper.AuditRetryMapper.listDue-Inline
### The error occurred while setting parameters
### SQL: SELECT id, event_type AS eventType, payload, attempts, next_retry_at AS nextRetryAt, last_error AS lastError, status, trace_id AS traceId, create_time AS createTime, update_time AS updateTime, version_no AS versionNo, is_deleted AS isDeleted, domain FROM public.ecos_runtime_audit_retry WHERE is_deleted = 0 AND status = 'pending' AND next_retry_at <= ? ORDER BY next_retry_at ASC LIMIT ?
### Cause: org.postgresql.util.PSQLException: ERROR: relation "public.ecos_runtime_audit_retry" does not exist
  位置：256
; bad SQL grammar []
2026-10-10 10:03:02.906 [pool-3-thread-3] [] INFO  c.c.g.r.c.t.s.i.TaskManagementServiceImpl - 任务已提交: taskId=be121d11-f048-475d-be5f-f764096711a9, taskName=cognitive-mental-scan
2026-10-10 10:03:02.908 [pool-3-thread-3] [] INFO  c.c.g.r.c.t.s.i.TaskManagementServiceImpl - 任务已解析: taskId=be121d11-f048-475d-be5f-f764096711a9
2026-10-10 10:03:02.934 [pool-3-thread-3] [] INFO  c.c.g.e.c.s.mental.MentalScanTask - PMO-59 心智层补算一代完成: scanned=5 invalidated=0
2026-10-10 10:03:02.935 [pool-3-thread-3] [] INFO  c.c.g.r.c.t.s.i.TaskManagementServiceImpl - 任务执行完成: taskId=be121d11-f048-475d-be5f-f764096711a9, status=SUCCEEDED
2026-10-10 10:03:02.936 [pool-3-thread-3] [] INFO  c.c.g.r.c.t.s.TaskSchedulerServiceImpl - 定时任务已提交执行 taskId=be121d11-f048-475d-be5f-f764096711a9 taskType=COGNITIVE_MENTAL_SCAN scheduleId=7a77d5c0-3368-4754-87b1-8f0eb6fe7fac
2026-10-10 10:03:50.306 [scheduling-1] [] WARN  c.c.g.runtime.audit.AuditRetryTask - [AuditRetry] 到期行拉取失败（表缺失/DB 不可用）errType=BadSqlGrammarException msg=
### Error querying database.  Cause: org.postgresql.util.PSQLException: ERROR: relation "public.ecos_runtime_audit_retry" does not exist
  位置：256
### The error may exist in com/chinacreator/gzcm/runtime/audit/mapper/AuditRetryMapper.java (best guess)
### The error may involve com.chinacreator.gzcm.runtime.audit.mapper.AuditRetryMapper.listDue-Inline
### The error occurred while setting parameters
### SQL: SELECT id, event_type AS eventType, payload, attempts, next_retry_at AS nextRetryAt, last_error AS lastError, status, trace_id AS traceId, create_time AS createTime, update_time AS updateTime, version_no AS versionNo, is_deleted AS isDeleted, domain FROM public.ecos_runtime_audit_retry WHERE is_deleted = 0 AND status = 'pending' AND next_retry_at <= ? ORDER BY next_retry_at ASC LIMIT ?
### Cause: org.postgresql.util.PSQLException: ERROR: relation "public.ecos_runtime_audit_retry" does not exist
  位置：256
; bad SQL grammar []
2026-10-10 10:04:18.200 [scheduling-1] [] WARN  c.c.gzcm.runtime.dlq.DltLagChecker - [DltLagChecker] AdminClient 创建失败 errType=KafkaException msg=Failed to create new KafkaAdminClient
2026-10-10 10:04:18.202 [scheduling-1] [] WARN  c.c.gzcm.runtime.dlq.DltLagChecker - [DltLagChecker] AdminClient 不可用（bootstrap=localhost:9092），本轮降级跳过
2026-10-10 10:04:50.326 [scheduling-1] [] WARN  c.c.g.runtime.audit.AuditRetryTask - [AuditRetry] 到期行拉取失败（表缺失/DB 不可用）errType=BadSqlGrammarException msg=
### Error querying database.  Cause: org.postgresql.util.PSQLException: ERROR: relation "public.ecos_runtime_audit_retry" does not exist
  位置：256
### The error may exist in com/chinacreator/gzcm/runtime/audit/mapper/AuditRetryMapper.java (best guess)
### The error may involve com.chinacreator.gzcm.runtime.audit.mapper.AuditRetryMapper.listDue-Inline
### The error occurred while setting parameters
### SQL: SELECT id, event_type AS eventType, payload, attempts, next_retry_at AS nextRetryAt, last_error AS lastError, status, trace_id AS traceId, create_time AS createTime, update_time AS updateTime, version_no AS versionNo, is_deleted AS isDeleted, domain FROM public.ecos_runtime_audit_retry WHERE is_deleted = 0 AND status = 'pending' AND next_retry_at <= ? ORDER BY next_retry_at ASC LIMIT ?
### Cause: org.postgresql.util.PSQLException: ERROR: relation "public.ecos_runtime_audit_retry" does not exist
  位置：256
; bad SQL grammar []
2026-10-10 10:05:50.343 [scheduling-1] [] WARN  c.c.g.runtime.audit.AuditRetryTask - [AuditRetry] 到期行拉取失败（表缺失/DB 不可用）errType=BadSqlGrammarException msg=
### Error querying database.  Cause: org.postgresql.util.PSQLException: ERROR: relation "public.ecos_runtime_audit_retry" does not exist
  位置：256
### The error may exist in com/chinacreator/gzcm/runtime/audit/mapper/AuditRetryMapper.java (best guess)
### The error may involve com.chinacreator.gzcm.runtime.audit.mapper.AuditRetryMapper.listDue-Inline
### The error occurred while setting parameters
### SQL: SELECT id, event_type AS eventType, payload, attempts, next_retry_at AS nextRetryAt, last_error AS lastError, status, trace_id AS traceId, create_time AS createTime, update_time AS updateTime, version_no AS versionNo, is_deleted AS isDeleted, domain FROM public.ecos_runtime_audit_retry WHERE is_deleted = 0 AND status = 'pending' AND next_retry_at <= ? ORDER BY next_retry_at ASC LIMIT ?
### Cause: org.postgresql.util.PSQLException: ERROR: relation "public.ecos_runtime_audit_retry" does not exist
  位置：256
; bad SQL grammar []
2026-10-10 10:06:50.349 [scheduling-1] [] WARN  c.c.g.runtime.audit.AuditRetryTask - [AuditRetry] 到期行拉取失败（表缺失/DB 不可用）errType=BadSqlGrammarException msg=
### Error querying database.  Cause: org.postgresql.util.PSQLException: ERROR: relation "public.ecos_runtime_audit_retry" does not exist
  位置：256
### The error may exist in com/chinacreator/gzcm/runtime/audit/mapper/AuditRetryMapper.java (best guess)
### The error may involve com.chinacreator.gzcm.runtime.audit.mapper.AuditRetryMapper.listDue-Inline
### The error occurred while setting parameters
### SQL: SELECT id, event_type AS eventType, payload, attempts, next_retry_at AS nextRetryAt, last_error AS lastError, status, trace_id AS traceId, create_time AS createTime, update_time AS updateTime, version_no AS versionNo, is_deleted AS isDeleted, domain FROM public.ecos_runtime_audit_retry WHERE is_deleted = 0 AND status = 'pending' AND next_retry_at <= ? ORDER BY next_retry_at ASC LIMIT ?
### Cause: org.postgresql.util.PSQLException: ERROR: relation "public.ecos_runtime_audit_retry" does not exist
  位置：256
; bad SQL grammar []
2026-10-10 10:07:50.366 [scheduling-1] [] WARN  c.c.g.runtime.audit.AuditRetryTask - [AuditRetry] 到期行拉取失败（表缺失/DB 不可用）errType=BadSqlGrammarException msg=
### Error querying database.  Cause: org.postgresql.util.PSQLException: ERROR: relation "public.ecos_runtime_audit_retry" does not exist
  位置：256
### The error may exist in com/chinacreator/gzcm/runtime/audit/mapper/AuditRetryMapper.java (best guess)
### The error may involve com.chinacreator.gzcm.runtime.audit.mapper.AuditRetryMapper.listDue-Inline
### The error occurred while setting parameters
### SQL: SELECT id, event_type AS eventType, payload, attempts, next_retry_at AS nextRetryAt, last_error AS lastError, status, trace_id AS traceId, create_time AS createTime, update_time AS updateTime, version_no AS versionNo, is_deleted AS isDeleted, domain FROM public.ecos_runtime_audit_retry WHERE is_deleted = 0 AND status = 'pending' AND next_retry_at <= ? ORDER BY next_retry_at ASC LIMIT ?
### Cause: org.postgresql.util.PSQLException: ERROR: relation "public.ecos_runtime_audit_retry" does not exist
  位置：256
; bad SQL grammar []
2026-10-10 10:08:50.384 [scheduling-1] [] WARN  c.c.g.runtime.audit.AuditRetryTask - [AuditRetry] 到期行拉取失败（表缺失/DB 不可用）errType=BadSqlGrammarException msg=
### Error querying database.  Cause: org.postgresql.util.PSQLException: ERROR: relation "public.ecos_runtime_audit_retry" does not exist
  位置：256
### The error may exist in com/chinacreator/gzcm/runtime/audit/mapper/AuditRetryMapper.java (best guess)
### The error may involve com.chinacreator.gzcm.runtime.audit.mapper.AuditRetryMapper.listDue-Inline
### The error occurred while setting parameters
### SQL: SELECT id, event_type AS eventType, payload, attempts, next_retry_at AS nextRetryAt, last_error AS lastError, status, trace_id AS traceId, create_time AS createTime, update_time AS updateTime, version_no AS versionNo, is_deleted AS isDeleted, domain FROM public.ecos_runtime_audit_retry WHERE is_deleted = 0 AND status = 'pending' AND next_retry_at <= ? ORDER BY next_retry_at ASC LIMIT ?
### Cause: org.postgresql.util.PSQLException: ERROR: relation "public.ecos_runtime_audit_retry" does not exist
  位置：256
; bad SQL grammar []
2026-10-10 10:09:18.223 [scheduling-1] [] WARN  c.c.gzcm.runtime.dlq.DltLagChecker - [DltLagChecker] AdminClient 创建失败 errType=KafkaException msg=Failed to create new KafkaAdminClient
2026-10-10 10:09:18.224 [scheduling-1] [] WARN  c.c.gzcm.runtime.dlq.DltLagChecker - [DltLagChecker] AdminClient 不可用（bootstrap=localhost:9092），本轮降级跳过
2026-10-10 10:09:50.396 [scheduling-1] [] WARN  c.c.g.runtime.audit.AuditRetryTask - [AuditRetry] 到期行拉取失败（表缺失/DB 不可用）errType=BadSqlGrammarException msg=
### Error querying database.  Cause: org.postgresql.util.PSQLException: ERROR: relation "public.ecos_runtime_audit_retry" does not exist
  位置：256
### The error may exist in com/chinacreator/gzcm/runtime/audit/mapper/AuditRetryMapper.java (best guess)
### The error may involve com.chinacreator.gzcm.runtime.audit.mapper.AuditRetryMapper.listDue-Inline
### The error occurred while setting parameters
### SQL: SELECT id, event_type AS eventType, payload, attempts, next_retry_at AS nextRetryAt, last_error AS lastError, status, trace_id AS traceId, create_time AS createTime, update_time AS updateTime, version_no AS versionNo, is_deleted AS isDeleted, domain FROM public.ecos_runtime_audit_retry WHERE is_deleted = 0 AND status = 'pending' AND next_retry_at <= ? ORDER BY next_retry_at ASC LIMIT ?
### Cause: org.postgresql.util.PSQLException: ERROR: relation "public.ecos_runtime_audit_retry" does not exist
  位置：256
; bad SQL grammar []
2026-10-10 10:10:50.406 [scheduling-1] [] WARN  c.c.g.runtime.audit.AuditRetryTask - [AuditRetry] 到期行拉取失败（表缺失/DB 不可用）errType=BadSqlGrammarException msg=
### Error querying database.  Cause: org.postgresql.util.PSQLException: ERROR: relation "public.ecos_runtime_audit_retry" does not exist
  位置：256
### The error may exist in com/chinacreator/gzcm/runtime/audit/mapper/AuditRetryMapper.java (best guess)
### The error may involve com.chinacreator.gzcm.runtime.audit.mapper.AuditRetryMapper.listDue-Inline
### The error occurred while setting parameters
### SQL: SELECT id, event_type AS eventType, payload, attempts, next_retry_at AS nextRetryAt, last_error AS lastError, status, trace_id AS traceId, create_time AS createTime, update_time AS updateTime, version_no AS versionNo, is_deleted AS isDeleted, domain FROM public.ecos_runtime_audit_retry WHERE is_deleted = 0 AND status = 'pending' AND next_retry_at <= ? ORDER BY next_retry_at ASC LIMIT ?
### Cause: org.postgresql.util.PSQLException: ERROR: relation "public.ecos_runtime_audit_retry" does not exist
  位置：256
; bad SQL grammar []
2026-10-10 10:11:50.422 [scheduling-1] [] WARN  c.c.g.runtime.audit.AuditRetryTask - [AuditRetry] 到期行拉取失败（表缺失/DB 不可用）errType=BadSqlGrammarException msg=
### Error querying database.  Cause: org.postgresql.util.PSQLException: ERROR: relation "public.ecos_runtime_audit_retry" does not exist
  位置：256
### The error may exist in com/chinacreator/gzcm/runtime/audit/mapper/AuditRetryMapper.java (best guess)
### The error may involve com.chinacreator.gzcm.runtime.audit.mapper.AuditRetryMapper.listDue-Inline
### The error occurred while setting parameters
### SQL: SELECT id, event_type AS eventType, payload, attempts, next_retry_at AS nextRetryAt, last_error AS lastError, status, trace_id AS traceId, create_time AS createTime, update_time AS updateTime, version_no AS versionNo, is_deleted AS isDeleted, domain FROM public.ecos_runtime_audit_retry WHERE is_deleted = 0 AND status = 'pending' AND next_retry_at <= ? ORDER BY next_retry_at ASC LIMIT ?
### Cause: org.postgresql.util.PSQLException: ERROR: relation "public.ecos_runtime_audit_retry" does not exist
  位置：256
; bad SQL grammar []
2026-10-10 10:12:50.431 [scheduling-1] [] WARN  c.c.g.runtime.audit.AuditRetryTask - [AuditRetry] 到期行拉取失败（表缺失/DB 不可用）errType=BadSqlGrammarException msg=
### Error querying database.  Cause: org.postgresql.util.PSQLException: ERROR: relation "public.ecos_runtime_audit_retry" does not exist
  位置：256
### The error may exist in com/chinacreator/gzcm/runtime/audit/mapper/AuditRetryMapper.java (best guess)
### The error may involve com.chinacreator.gzcm.runtime.audit.mapper.AuditRetryMapper.listDue-Inline
### The error occurred while setting parameters
### SQL: SELECT id, event_type AS eventType, payload, attempts, next_retry_at AS nextRetryAt, last_error AS lastError, status, trace_id AS traceId, create_time AS createTime, update_time AS updateTime, version_no AS versionNo, is_deleted AS isDeleted, domain FROM public.ecos_runtime_audit_retry WHERE is_deleted = 0 AND status = 'pending' AND next_retry_at <= ? ORDER BY next_retry_at ASC LIMIT ?
### Cause: org.postgresql.util.PSQLException: ERROR: relation "public.ecos_runtime_audit_retry" does not exist
  位置：256
; bad SQL grammar []
2026-10-10 10:13:02.919 [pool-3-thread-3] [] INFO  c.c.g.r.c.t.s.i.TaskManagementServiceImpl - 任务已提交: taskId=be121d11-f048-475d-be5f-f764096711a9, taskName=cognitive-mental-scan
2026-10-10 10:13:02.930 [pool-3-thread-3] [] INFO  c.c.g.r.c.t.s.i.TaskManagementServiceImpl - 任务已解析: taskId=be121d11-f048-475d-be5f-f764096711a9
2026-10-10 10:13:02.944 [pool-3-thread-3] [] INFO  c.c.g.e.c.s.mental.MentalScanTask - PMO-59 心智层补算一代完成: scanned=5 invalidated=0
2026-10-10 10:13:02.945 [pool-3-thread-3] [] INFO  c.c.g.r.c.t.s.i.TaskManagementServiceImpl - 任务执行完成: taskId=be121d11-f048-475d-be5f-f764096711a9, status=SUCCEEDED
2026-10-10 10:13:02.945 [pool-3-thread-3] [] INFO  c.c.g.r.c.t.s.TaskSchedulerServiceImpl - 定时任务已提交执行 taskId=be121d11-f048-475d-be5f-f764096711a9 taskType=COGNITIVE_MENTAL_SCAN scheduleId=7a77d5c0-3368-4754-87b1-8f0eb6fe7fac
2026-10-10 10:13:50.445 [scheduling-1] [] WARN  c.c.g.runtime.audit.AuditRetryTask - [AuditRetry] 到期行拉取失败（表缺失/DB 不可用）errType=BadSqlGrammarException msg=
### Error querying database.  Cause: org.postgresql.util.PSQLException: ERROR: relation "public.ecos_runtime_audit_retry" does not exist
  位置：256
### The error may exist in com/chinacreator/gzcm/runtime/audit/mapper/AuditRetryMapper.java (best guess)
### The error may involve com.chinacreator.gzcm.runtime.audit.mapper.AuditRetryMapper.listDue-Inline
### The error occurred while setting parameters
### SQL: SELECT id, event_type AS eventType, payload, attempts, next_retry_at AS nextRetryAt, last_error AS lastError, status, trace_id AS traceId, create_time AS createTime, update_time AS updateTime, version_no AS versionNo, is_deleted AS isDeleted, domain FROM public.ecos_runtime_audit_retry WHERE is_deleted = 0 AND status = 'pending' AND next_retry_at <= ? ORDER BY next_retry_at ASC LIMIT ?
### Cause: org.postgresql.util.PSQLException: ERROR: relation "public.ecos_runtime_audit_retry" does not exist
  位置：256
; bad SQL grammar []
2026-10-10 10:14:18.236 [scheduling-1] [] WARN  c.c.gzcm.runtime.dlq.DltLagChecker - [DltLagChecker] AdminClient 创建失败 errType=KafkaException msg=Failed to create new KafkaAdminClient
2026-10-10 10:14:18.238 [scheduling-1] [] WARN  c.c.gzcm.runtime.dlq.DltLagChecker - [DltLagChecker] AdminClient 不可用（bootstrap=localhost:9092），本轮降级跳过
2026-10-10 10:14:50.451 [scheduling-1] [] WARN  c.c.g.runtime.audit.AuditRetryTask - [AuditRetry] 到期行拉取失败（表缺失/DB 不可用）errType=BadSqlGrammarException msg=
### Error querying database.  Cause: org.postgresql.util.PSQLException: ERROR: relation "public.ecos_runtime_audit_retry" does not exist
  位置：256
### The error may exist in com/chinacreator/gzcm/runtime/audit/mapper/AuditRetryMapper.java (best guess)
### The error may involve com.chinacreator.gzcm.runtime.audit.mapper.AuditRetryMapper.listDue-Inline
### The error occurred while setting parameters
### SQL: SELECT id, event_type AS eventType, payload, attempts, next_retry_at AS nextRetryAt, last_error AS lastError, status, trace_id AS traceId, create_time AS createTime, update_time AS updateTime, version_no AS versionNo, is_deleted AS isDeleted, domain FROM public.ecos_runtime_audit_retry WHERE is_deleted = 0 AND status = 'pending' AND next_retry_at <= ? ORDER BY next_retry_at ASC LIMIT ?
### Cause: org.postgresql.util.PSQLException: ERROR: relation "public.ecos_runtime_audit_retry" does not exist
  位置：256
; bad SQL grammar []
2026-10-10 10:15:50.467 [scheduling-1] [] WARN  c.c.g.runtime.audit.AuditRetryTask - [AuditRetry] 到期行拉取失败（表缺失/DB 不可用）errType=BadSqlGrammarException msg=
### Error querying database.  Cause: org.postgresql.util.PSQLException: ERROR: relation "public.ecos_runtime_audit_retry" does not exist
  位置：256
### The error may exist in com/chinacreator/gzcm/runtime/audit/mapper/AuditRetryMapper.java (best guess)
### The error may involve com.chinacreator.gzcm.runtime.audit.mapper.AuditRetryMapper.listDue-Inline
### The error occurred while setting parameters
### SQL: SELECT id, event_type AS eventType, payload, attempts, next_retry_at AS nextRetryAt, last_error AS lastError, status, trace_id AS traceId, create_time AS createTime, update_time AS updateTime, version_no AS versionNo, is_deleted AS isDeleted, domain FROM public.ecos_runtime_audit_retry WHERE is_deleted = 0 AND status = 'pending' AND next_retry_at <= ? ORDER BY next_retry_at ASC LIMIT ?
### Cause: org.postgresql.util.PSQLException: ERROR: relation "public.ecos_runtime_audit_retry" does not exist
  位置：256
; bad SQL grammar []
2026-10-10 10:16:50.486 [scheduling-1] [] WARN  c.c.g.runtime.audit.AuditRetryTask - [AuditRetry] 到期行拉取失败（表缺失/DB 不可用）errType=BadSqlGrammarException msg=
### Error querying database.  Cause: org.postgresql.util.PSQLException: ERROR: relation "public.ecos_runtime_audit_retry" does not exist
  位置：256
### The error may exist in com/chinacreator/gzcm/runtime/audit/mapper/AuditRetryMapper.java (best guess)
### The error may involve com.chinacreator.gzcm.runtime.audit.mapper.AuditRetryMapper.listDue-Inline
### The error occurred while setting parameters
### SQL: SELECT id, event_type AS eventType, payload, attempts, next_retry_at AS nextRetryAt, last_error AS lastError, status, trace_id AS traceId, create_time AS createTime, update_time AS updateTime, version_no AS versionNo, is_deleted AS isDeleted, domain FROM public.ecos_runtime_audit_retry WHERE is_deleted = 0 AND status = 'pending' AND next_retry_at <= ? ORDER BY next_retry_at ASC LIMIT ?
### Cause: org.postgresql.util.PSQLException: ERROR: relation "public.ecos_runtime_audit_retry" does not exist
  位置：256
; bad SQL grammar []
2026-10-10 10:17:50.511 [scheduling-1] [] WARN  c.c.g.runtime.audit.AuditRetryTask - [AuditRetry] 到期行拉取失败（表缺失/DB 不可用）errType=BadSqlGrammarException msg=
### Error querying database.  Cause: org.postgresql.util.PSQLException: ERROR: relation "public.ecos_runtime_audit_retry" does not exist
  位置：256
### The error may exist in com/chinacreator/gzcm/runtime/audit/mapper/AuditRetryMapper.java (best guess)
### The error may involve com.chinacreator.gzcm.runtime.audit.mapper.AuditRetryMapper.listDue-Inline
### The error occurred while setting parameters
### SQL: SELECT id, event_type AS eventType, payload, attempts, next_retry_at AS nextRetryAt, last_error AS lastError, status, trace_id AS traceId, create_time AS createTime, update_time AS updateTime, version_no AS versionNo, is_deleted AS isDeleted, domain FROM public.ecos_runtime_audit_retry WHERE is_deleted = 0 AND status = 'pending' AND next_retry_at <= ? ORDER BY next_retry_at ASC LIMIT ?
### Cause: org.postgresql.util.PSQLException: ERROR: relation "public.ecos_runtime_audit_retry" does not exist
  位置：256
; bad SQL grammar []
2026-10-10 10:18:50.524 [scheduling-1] [] WARN  c.c.g.runtime.audit.AuditRetryTask - [AuditRetry] 到期行拉取失败（表缺失/DB 不可用）errType=BadSqlGrammarException msg=
### Error querying database.  Cause: org.postgresql.util.PSQLException: ERROR: relation "public.ecos_runtime_audit_retry" does not exist
  位置：256
### The error may exist in com/chinacreator/gzcm/runtime/audit/mapper/AuditRetryMapper.java (best guess)
### The error may involve com.chinacreator.gzcm.runtime.audit.mapper.AuditRetryMapper.listDue-Inline
### The error occurred while setting parameters
### SQL: SELECT id, event_type AS eventType, payload, attempts, next_retry_at AS nextRetryAt, last_error AS lastError, status, trace_id AS traceId, create_time AS createTime, update_time AS updateTime, version_no AS versionNo, is_deleted AS isDeleted, domain FROM public.ecos_runtime_audit_retry WHERE is_deleted = 0 AND status = 'pending' AND next_retry_at <= ? ORDER BY next_retry_at ASC LIMIT ?
### Cause: org.postgresql.util.PSQLException: ERROR: relation "public.ecos_runtime_audit_retry" does not exist
  位置：256
; bad SQL grammar []
2026-10-10 10:19:18.251 [scheduling-1] [] WARN  c.c.gzcm.runtime.dlq.DltLagChecker - [DltLagChecker] AdminClient 创建失败 errType=KafkaException msg=Failed to create new KafkaAdminClient
2026-10-10 10:19:18.253 [scheduling-1] [] WARN  c.c.gzcm.runtime.dlq.DltLagChecker - [DltLagChecker] AdminClient 不可用（bootstrap=localhost:9092），本轮降级跳过
2026-10-10 10:19:50.539 [scheduling-1] [] WARN  c.c.g.runtime.audit.AuditRetryTask - [AuditRetry] 到期行拉取失败（表缺失/DB 不可用）errType=BadSqlGrammarException msg=
### Error querying database.  Cause: org.postgresql.util.PSQLException: ERROR: relation "public.ecos_runtime_audit_retry" does not exist
  位置：256
### The error may exist in com/chinacreator/gzcm/runtime/audit/mapper/AuditRetryMapper.java (best guess)
### The error may involve com.chinacreator.gzcm.runtime.audit.mapper.AuditRetryMapper.listDue-Inline
### The error occurred while setting parameters
### SQL: SELECT id, event_type AS eventType, payload, attempts, next_retry_at AS nextRetryAt, last_error AS lastError, status, trace_id AS traceId, create_time AS createTime, update_time AS updateTime, version_no AS versionNo, is_deleted AS isDeleted, domain FROM public.ecos_runtime_audit_retry WHERE is_deleted = 0 AND status = 'pending' AND next_retry_at <= ? ORDER BY next_retry_at ASC LIMIT ?
### Cause: org.postgresql.util.PSQLException: ERROR: relation "public.ecos_runtime_audit_retry" does not exist
  位置：256
; bad SQL grammar []
2026-10-10 10:20:50.548 [scheduling-1] [] WARN  c.c.g.runtime.audit.AuditRetryTask - [AuditRetry] 到期行拉取失败（表缺失/DB 不可用）errType=BadSqlGrammarException msg=
### Error querying database.  Cause: org.postgresql.util.PSQLException: ERROR: relation "public.ecos_runtime_audit_retry" does not exist
  位置：256
### The error may exist in com/chinacreator/gzcm/runtime/audit/mapper/AuditRetryMapper.java (best guess)
### The error may involve com.chinacreator.gzcm.runtime.audit.mapper.AuditRetryMapper.listDue-Inline
### The error occurred while setting parameters
### SQL: SELECT id, event_type AS eventType, payload, attempts, next_retry_at AS nextRetryAt, last_error AS lastError, status, trace_id AS traceId, create_time AS createTime, update_time AS updateTime, version_no AS versionNo, is_deleted AS isDeleted, domain FROM public.ecos_runtime_audit_retry WHERE is_deleted = 0 AND status = 'pending' AND next_retry_at <= ? ORDER BY next_retry_at ASC LIMIT ?
### Cause: org.postgresql.util.PSQLException: ERROR: relation "public.ecos_runtime_audit_retry" does not exist
  位置：256
; bad SQL grammar []
2026-10-10 10:21:50.561 [scheduling-1] [] WARN  c.c.g.runtime.audit.AuditRetryTask - [AuditRetry] 到期行拉取失败（表缺失/DB 不可用）errType=BadSqlGrammarException msg=
### Error querying database.  Cause: org.postgresql.util.PSQLException: ERROR: relation "public.ecos_runtime_audit_retry" does not exist
  位置：256
### The error may exist in com/chinacreator/gzcm/runtime/audit/mapper/AuditRetryMapper.java (best guess)
### The error may involve com.chinacreator.gzcm.runtime.audit.mapper.AuditRetryMapper.listDue-Inline
### The error occurred while setting parameters
### SQL: SELECT id, event_type AS eventType, payload, attempts, next_retry_at AS nextRetryAt, last_error AS lastError, status, trace_id AS traceId, create_time AS createTime, update_time AS updateTime, version_no AS versionNo, is_deleted AS isDeleted, domain FROM public.ecos_runtime_audit_retry WHERE is_deleted = 0 AND status = 'pending' AND next_retry_at <= ? ORDER BY next_retry_at ASC LIMIT ?
### Cause: org.postgresql.util.PSQLException: ERROR: relation "public.ecos_runtime_audit_retry" does not exist
  位置：256
; bad SQL grammar []
2026-10-10 10:22:50.569 [scheduling-1] [] WARN  c.c.g.runtime.audit.AuditRetryTask - [AuditRetry] 到期行拉取失败（表缺失/DB 不可用）errType=BadSqlGrammarException msg=
### Error querying database.  Cause: org.postgresql.util.PSQLException: ERROR: relation "public.ecos_runtime_audit_retry" does not exist
  位置：256
### The error may exist in com/chinacreator/gzcm/runtime/audit/mapper/AuditRetryMapper.java (best guess)
### The error may involve com.chinacreator.gzcm.runtime.audit.mapper.AuditRetryMapper.listDue-Inline
### The error occurred while setting parameters
### SQL: SELECT id, event_type AS eventType, payload, attempts, next_retry_at AS nextRetryAt, last_error AS lastError, status, trace_id AS traceId, create_time AS createTime, update_time AS updateTime, version_no AS versionNo, is_deleted AS isDeleted, domain FROM public.ecos_runtime_audit_retry WHERE is_deleted = 0 AND status = 'pending' AND next_retry_at <= ? ORDER BY next_retry_at ASC LIMIT ?
### Cause: org.postgresql.util.PSQLException: ERROR: relation "public.ecos_runtime_audit_retry" does not exist
  位置：256
; bad SQL grammar []
2026-10-10 10:23:02.909 [pool-3-thread-3] [] INFO  c.c.g.r.c.t.s.i.TaskManagementServiceImpl - 任务已提交: taskId=be121d11-f048-475d-be5f-f764096711a9, taskName=cognitive-mental-scan
2026-10-10 10:23:02.910 [pool-3-thread-3] [] INFO  c.c.g.r.c.t.s.i.TaskManagementServiceImpl - 任务已解析: taskId=be121d11-f048-475d-be5f-f764096711a9
2026-10-10 10:23:02.929 [pool-3-thread-3] [] INFO  c.c.g.e.c.s.mental.MentalScanTask - PMO-59 心智层补算一代完成: scanned=5 invalidated=0
2026-10-10 10:23:02.930 [pool-3-thread-3] [] INFO  c.c.g.r.c.t.s.i.TaskManagementServiceImpl - 任务执行完成: taskId=be121d11-f048-475d-be5f-f764096711a9, status=SUCCEEDED
2026-10-10 10:23:02.931 [pool-3-thread-3] [] INFO  c.c.g.r.c.t.s.TaskSchedulerServiceImpl - 定时任务已提交执行 taskId=be121d11-f048-475d-be5f-f764096711a9 taskType=COGNITIVE_MENTAL_SCAN scheduleId=7a77d5c0-3368-4754-87b1-8f0eb6fe7fac
2026-10-10 10:23:50.574 [scheduling-1] [] WARN  c.c.g.runtime.audit.AuditRetryTask - [AuditRetry] 到期行拉取失败（表缺失/DB 不可用）errType=BadSqlGrammarException msg=
### Error querying database.  Cause: org.postgresql.util.PSQLException: ERROR: relation "public.ecos_runtime_audit_retry" does not exist
  位置：256
### The error may exist in com/chinacreator/gzcm/runtime/audit/mapper/AuditRetryMapper.java (best guess)
### The error may involve com.chinacreator.gzcm.runtime.audit.mapper.AuditRetryMapper.listDue-Inline
### The error occurred while setting parameters
### SQL: SELECT id, event_type AS eventType, payload, attempts, next_retry_at AS nextRetryAt, last_error AS lastError, status, trace_id AS traceId, create_time AS createTime, update_time AS updateTime, version_no AS versionNo, is_deleted AS isDeleted, domain FROM public.ecos_runtime_audit_retry WHERE is_deleted = 0 AND status = 'pending' AND next_retry_at <= ? ORDER BY next_retry_at ASC LIMIT ?
### Cause: org.postgresql.util.PSQLException: ERROR: relation "public.ecos_runtime_audit_retry" does not exist
  位置：256
; bad SQL grammar []
2026-10-10 10:24:18.278 [scheduling-1] [] WARN  c.c.gzcm.runtime.dlq.DltLagChecker - [DltLagChecker] AdminClient 创建失败 errType=KafkaException msg=Failed to create new KafkaAdminClient
2026-10-10 10:24:18.280 [scheduling-1] [] WARN  c.c.gzcm.runtime.dlq.DltLagChecker - [DltLagChecker] AdminClient 不可用（bootstrap=localhost:9092），本轮降级跳过
2026-10-10 10:24:50.589 [scheduling-1] [] WARN  c.c.g.runtime.audit.AuditRetryTask - [AuditRetry] 到期行拉取失败（表缺失/DB 不可用）errType=BadSqlGrammarException msg=
### Error querying database.  Cause: org.postgresql.util.PSQLException: ERROR: relation "public.ecos_runtime_audit_retry" does not exist
  位置：256
### The error may exist in com/chinacreator/gzcm/runtime/audit/mapper/AuditRetryMapper.java (best guess)
### The error may involve com.chinacreator.gzcm.runtime.audit.mapper.AuditRetryMapper.listDue-Inline
### The error occurred while setting parameters
### SQL: SELECT id, event_type AS eventType, payload, attempts, next_retry_at AS nextRetryAt, last_error AS lastError, status, trace_id AS traceId, create_time AS createTime, update_time AS updateTime, version_no AS versionNo, is_deleted AS isDeleted, domain FROM public.ecos_runtime_audit_retry WHERE is_deleted = 0 AND status = 'pending' AND next_retry_at <= ? ORDER BY next_retry_at ASC LIMIT ?
### Cause: org.postgresql.util.PSQLException: ERROR: relation "public.ecos_runtime_audit_retry" does not exist
  位置：256
; bad SQL grammar []
2026-10-10 10:25:50.600 [scheduling-1] [] WARN  c.c.g.runtime.audit.AuditRetryTask - [AuditRetry] 到期行拉取失败（表缺失/DB 不可用）errType=BadSqlGrammarException msg=
### Error querying database.  Cause: org.postgresql.util.PSQLException: ERROR: relation "public.ecos_runtime_audit_retry" does not exist
  位置：256
### The error may exist in com/chinacreator/gzcm/runtime/audit/mapper/AuditRetryMapper.java (best guess)
### The error may involve com.chinacreator.gzcm.runtime.audit.mapper.AuditRetryMapper.listDue-Inline
### The error occurred while setting parameters
### SQL: SELECT id, event_type AS eventType, payload, attempts, next_retry_at AS nextRetryAt, last_error AS lastError, status, trace_id AS traceId, create_time AS createTime, update_time AS updateTime, version_no AS versionNo, is_deleted AS isDeleted, domain FROM public.ecos_runtime_audit_retry WHERE is_deleted = 0 AND status = 'pending' AND next_retry_at <= ? ORDER BY next_retry_at ASC LIMIT ?
### Cause: org.postgresql.util.PSQLException: ERROR: relation "public.ecos_runtime_audit_retry" does not exist
  位置：256
; bad SQL grammar []
2026-10-10 10:26:50.611 [scheduling-1] [] WARN  c.c.g.runtime.audit.AuditRetryTask - [AuditRetry] 到期行拉取失败（表缺失/DB 不可用）errType=BadSqlGrammarException msg=
### Error querying database.  Cause: org.postgresql.util.PSQLException: ERROR: relation "public.ecos_runtime_audit_retry" does not exist
  位置：256
### The error may exist in com/chinacreator/gzcm/runtime/audit/mapper/AuditRetryMapper.java (best guess)
### The error may involve com.chinacreator.gzcm.runtime.audit.mapper.AuditRetryMapper.listDue-Inline
### The error occurred while setting parameters
### SQL: SELECT id, event_type AS eventType, payload, attempts, next_retry_at AS nextRetryAt, last_error AS lastError, status, trace_id AS traceId, create_time AS createTime, update_time AS updateTime, version_no AS versionNo, is_deleted AS isDeleted, domain FROM public.ecos_runtime_audit_retry WHERE is_deleted = 0 AND status = 'pending' AND next_retry_at <= ? ORDER BY next_retry_at ASC LIMIT ?
### Cause: org.postgresql.util.PSQLException: ERROR: relation "public.ecos_runtime_audit_retry" does not exist
  位置：256
; bad SQL grammar []
2026-10-10 10:27:50.630 [scheduling-1] [] WARN  c.c.g.runtime.audit.AuditRetryTask - [AuditRetry] 到期行拉取失败（表缺失/DB 不可用）errType=BadSqlGrammarException msg=
### Error querying database.  Cause: org.postgresql.util.PSQLException: ERROR: relation "public.ecos_runtime_audit_retry" does not exist
  位置：256
### The error may exist in com/chinacreator/gzcm/runtime/audit/mapper/AuditRetryMapper.java (best guess)
### The error may involve com.chinacreator.gzcm.runtime.audit.mapper.AuditRetryMapper.listDue-Inline
### The error occurred while setting parameters
### SQL: SELECT id, event_type AS eventType, payload, attempts, next_retry_at AS nextRetryAt, last_error AS lastError, status, trace_id AS traceId, create_time AS createTime, update_time AS updateTime, version_no AS versionNo, is_deleted AS isDeleted, domain FROM public.ecos_runtime_audit_retry WHERE is_deleted = 0 AND status = 'pending' AND next_retry_at <= ? ORDER BY next_retry_at ASC LIMIT ?
### Cause: org.postgresql.util.PSQLException: ERROR: relation "public.ecos_runtime_audit_retry" does not exist
  位置：256
; bad SQL grammar []
2026-10-10 10:28:50.649 [scheduling-1] [] WARN  c.c.g.runtime.audit.AuditRetryTask - [AuditRetry] 到期行拉取失败（表缺失/DB 不可用）errType=BadSqlGrammarException msg=
### Error querying database.  Cause: org.postgresql.util.PSQLException: ERROR: relation "public.ecos_runtime_audit_retry" does not exist
  位置：256
### The error may exist in com/chinacreator/gzcm/runtime/audit/mapper/AuditRetryMapper.java (best guess)
### The error may involve com.chinacreator.gzcm.runtime.audit.mapper.AuditRetryMapper.listDue-Inline
### The error occurred while setting parameters
### SQL: SELECT id, event_type AS eventType, payload, attempts, next_retry_at AS nextRetryAt, last_error AS lastError, status, trace_id AS traceId, create_time AS createTime, update_time AS updateTime, version_no AS versionNo, is_deleted AS isDeleted, domain FROM public.ecos_runtime_audit_retry WHERE is_deleted = 0 AND status = 'pending' AND next_retry_at <= ? ORDER BY next_retry_at ASC LIMIT ?
### Cause: org.postgresql.util.PSQLException: ERROR: relation "public.ecos_runtime_audit_retry" does not exist
  位置：256
; bad SQL grammar []
2026-10-10 10:29:18.306 [scheduling-1] [] WARN  c.c.gzcm.runtime.dlq.DltLagChecker - [DltLagChecker] AdminClient 创建失败 errType=KafkaException msg=Failed to create new KafkaAdminClient
2026-10-10 10:29:18.307 [scheduling-1] [] WARN  c.c.gzcm.runtime.dlq.DltLagChecker - [DltLagChecker] AdminClient 不可用（bootstrap=localhost:9092），本轮降级跳过
2026-10-10 10:29:50.660 [scheduling-1] [] WARN  c.c.g.runtime.audit.AuditRetryTask - [AuditRetry] 到期行拉取失败（表缺失/DB 不可用）errType=BadSqlGrammarException msg=
### Error querying database.  Cause: org.postgresql.util.PSQLException: ERROR: relation "public.ecos_runtime_audit_retry" does not exist
  位置：256
### The error may exist in com/chinacreator/gzcm/runtime/audit/mapper/AuditRetryMapper.java (best guess)
### The error may involve com.chinacreator.gzcm.runtime.audit.mapper.AuditRetryMapper.listDue-Inline
### The error occurred while setting parameters
### SQL: SELECT id, event_type AS eventType, payload, attempts, next_retry_at AS nextRetryAt, last_error AS lastError, status, trace_id AS traceId, create_time AS createTime, update_time AS updateTime, version_no AS versionNo, is_deleted AS isDeleted, domain FROM public.ecos_runtime_audit_retry WHERE is_deleted = 0 AND status = 'pending' AND next_retry_at <= ? ORDER BY next_retry_at ASC LIMIT ?
### Cause: org.postgresql.util.PSQLException: ERROR: relation "public.ecos_runtime_audit_retry" does not exist
  位置：256
; bad SQL grammar []
2026-10-10 10:30:50.679 [scheduling-1] [] WARN  c.c.g.runtime.audit.AuditRetryTask - [AuditRetry] 到期行拉取失败（表缺失/DB 不可用）errType=BadSqlGrammarException msg=
### Error querying database.  Cause: org.postgresql.util.PSQLException: ERROR: relation "public.ecos_runtime_audit_retry" does not exist
  位置：256
### The error may exist in com/chinacreator/gzcm/runtime/audit/mapper/AuditRetryMapper.java (best guess)
### The error may involve com.chinacreator.gzcm.runtime.audit.mapper.AuditRetryMapper.listDue-Inline
### The error occurred while setting parameters
### SQL: SELECT id, event_type AS eventType, payload, attempts, next_retry_at AS nextRetryAt, last_error AS lastError, status, trace_id AS traceId, create_time AS createTime, update_time AS updateTime, version_no AS versionNo, is_deleted AS isDeleted, domain FROM public.ecos_runtime_audit_retry WHERE is_deleted = 0 AND status = 'pending' AND next_retry_at <= ? ORDER BY next_retry_at ASC LIMIT ?
### Cause: org.postgresql.util.PSQLException: ERROR: relation "public.ecos_runtime_audit_retry" does not exist
  位置：256
; bad SQL grammar []
2026-10-10 10:31:50.696 [scheduling-1] [] WARN  c.c.g.runtime.audit.AuditRetryTask - [AuditRetry] 到期行拉取失败（表缺失/DB 不可用）errType=BadSqlGrammarException msg=
### Error querying database.  Cause: org.postgresql.util.PSQLException: ERROR: relation "public.ecos_runtime_audit_retry" does not exist
  位置：256
### The error may exist in com/chinacreator/gzcm/runtime/audit/mapper/AuditRetryMapper.java (best guess)
### The error may involve com.chinacreator.gzcm.runtime.audit.mapper.AuditRetryMapper.listDue-Inline
### The error occurred while setting parameters
### SQL: SELECT id, event_type AS eventType, payload, attempts, next_retry_at AS nextRetryAt, last_error AS lastError, status, trace_id AS traceId, create_time AS createTime, update_time AS updateTime, version_no AS versionNo, is_deleted AS isDeleted, domain FROM public.ecos_runtime_audit_retry WHERE is_deleted = 0 AND status = 'pending' AND next_retry_at <= ? ORDER BY next_retry_at ASC LIMIT ?
### Cause: org.postgresql.util.PSQLException: ERROR: relation "public.ecos_runtime_audit_retry" does not exist
  位置：256
; bad SQL grammar []
2026-10-10 10:32:50.713 [scheduling-1] [] WARN  c.c.g.runtime.audit.AuditRetryTask - [AuditRetry] 到期行拉取失败（表缺失/DB 不可用）errType=BadSqlGrammarException msg=
### Error querying database.  Cause: org.postgresql.util.PSQLException: ERROR: relation "public.ecos_runtime_audit_retry" does not exist
  位置：256
### The error may exist in com/chinacreator/gzcm/runtime/audit/mapper/AuditRetryMapper.java (best guess)
### The error may involve com.chinacreator.gzcm.runtime.audit.mapper.AuditRetryMapper.listDue-Inline
### The error occurred while setting parameters
### SQL: SELECT id, event_type AS eventType, payload, attempts, next_retry_at AS nextRetryAt, last_error AS lastError, status, trace_id AS traceId, create_time AS createTime, update_time AS updateTime, version_no AS versionNo, is_deleted AS isDeleted, domain FROM public.ecos_runtime_audit_retry WHERE is_deleted = 0 AND status = 'pending' AND next_retry_at <= ? ORDER BY next_retry_at ASC LIMIT ?
### Cause: org.postgresql.util.PSQLException: ERROR: relation "public.ecos_runtime_audit_retry" does not exist
  位置：256
; bad SQL grammar []
2026-10-10 10:33:02.914 [pool-3-thread-3] [] INFO  c.c.g.r.c.t.s.i.TaskManagementServiceImpl - 任务已提交: taskId=be121d11-f048-475d-be5f-f764096711a9, taskName=cognitive-mental-scan
2026-10-10 10:33:02.915 [pool-3-thread-3] [] INFO  c.c.g.r.c.t.s.i.TaskManagementServiceImpl - 任务已解析: taskId=be121d11-f048-475d-be5f-f764096711a9
2026-10-10 10:33:02.940 [pool-3-thread-3] [] INFO  c.c.g.e.c.s.mental.MentalScanTask - PMO-59 心智层补算一代完成: scanned=5 invalidated=0
2026-10-10 10:33:02.941 [pool-3-thread-3] [] INFO  c.c.g.r.c.t.s.i.TaskManagementServiceImpl - 任务执行完成: taskId=be121d11-f048-475d-be5f-f764096711a9, status=SUCCEEDED
2026-10-10 10:33:02.942 [pool-3-thread-3] [] INFO  c.c.g.r.c.t.s.TaskSchedulerServiceImpl - 定时任务已提交执行 taskId=be121d11-f048-475d-be5f-f764096711a9 taskType=COGNITIVE_MENTAL_SCAN scheduleId=7a77d5c0-3368-4754-87b1-8f0eb6fe7fac
2026-10-10 10:33:50.727 [scheduling-1] [] WARN  c.c.g.runtime.audit.AuditRetryTask - [AuditRetry] 到期行拉取失败（表缺失/DB 不可用）errType=BadSqlGrammarException msg=
### Error querying database.  Cause: org.postgresql.util.PSQLException: ERROR: relation "public.ecos_runtime_audit_retry" does not exist
  位置：256
### The error may exist in com/chinacreator/gzcm/runtime/audit/mapper/AuditRetryMapper.java (best guess)
### The error may involve com.chinacreator.gzcm.runtime.audit.mapper.AuditRetryMapper.listDue-Inline
### The error occurred while setting parameters
### SQL: SELECT id, event_type AS eventType, payload, attempts, next_retry_at AS nextRetryAt, last_error AS lastError, status, trace_id AS traceId, create_time AS createTime, update_time AS updateTime, version_no AS versionNo, is_deleted AS isDeleted, domain FROM public.ecos_runtime_audit_retry WHERE is_deleted = 0 AND status = 'pending' AND next_retry_at <= ? ORDER BY next_retry_at ASC LIMIT ?
### Cause: org.postgresql.util.PSQLException: ERROR: relation "public.ecos_runtime_audit_retry" does not exist
  位置：256
; bad SQL grammar []
2026-10-10 10:34:18.323 [scheduling-1] [] WARN  c.c.gzcm.runtime.dlq.DltLagChecker - [DltLagChecker] AdminClient 创建失败 errType=KafkaException msg=Failed to create new KafkaAdminClient
2026-10-10 10:34:18.325 [scheduling-1] [] WARN  c.c.gzcm.runtime.dlq.DltLagChecker - [DltLagChecker] AdminClient 不可用（bootstrap=localhost:9092），本轮降级跳过
2026-10-10 10:34:50.743 [scheduling-1] [] WARN  c.c.g.runtime.audit.AuditRetryTask - [AuditRetry] 到期行拉取失败（表缺失/DB 不可用）errType=BadSqlGrammarException msg=
### Error querying database.  Cause: org.postgresql.util.PSQLException: ERROR: relation "public.ecos_runtime_audit_retry" does not exist
  位置：256
### The error may exist in com/chinacreator/gzcm/runtime/audit/mapper/AuditRetryMapper.java (best guess)
### The error may involve com.chinacreator.gzcm.runtime.audit.mapper.AuditRetryMapper.listDue-Inline
### The error occurred while setting parameters
### SQL: SELECT id, event_type AS eventType, payload, attempts, next_retry_at AS nextRetryAt, last_error AS lastError, status, trace_id AS traceId, create_time AS createTime, update_time AS updateTime, version_no AS versionNo, is_deleted AS isDeleted, domain FROM public.ecos_runtime_audit_retry WHERE is_deleted = 0 AND status = 'pending' AND next_retry_at <= ? ORDER BY next_retry_at ASC LIMIT ?
### Cause: org.postgresql.util.PSQLException: ERROR: relation "public.ecos_runtime_audit_retry" does not exist
  位置：256
; bad SQL grammar []
2026-10-10 10:35:50.763 [scheduling-1] [] WARN  c.c.g.runtime.audit.AuditRetryTask - [AuditRetry] 到期行拉取失败（表缺失/DB 不可用）errType=BadSqlGrammarException msg=
### Error querying database.  Cause: org.postgresql.util.PSQLException: ERROR: relation "public.ecos_runtime_audit_retry" does not exist
  位置：256
### The error may exist in com/chinacreator/gzcm/runtime/audit/mapper/AuditRetryMapper.java (best guess)
### The error may involve com.chinacreator.gzcm.runtime.audit.mapper.AuditRetryMapper.listDue-Inline
### The error occurred while setting parameters
### SQL: SELECT id, event_type AS eventType, payload, attempts, next_retry_at AS nextRetryAt, last_error AS lastError, status, trace_id AS traceId, create_time AS createTime, update_time AS updateTime, version_no AS versionNo, is_deleted AS isDeleted, domain FROM public.ecos_runtime_audit_retry WHERE is_deleted = 0 AND status = 'pending' AND next_retry_at <= ? ORDER BY next_retry_at ASC LIMIT ?
### Cause: org.postgresql.util.PSQLException: ERROR: relation "public.ecos_runtime_audit_retry" does not exist
  位置：256
; bad SQL grammar []
2026-10-10 10:36:50.769 [scheduling-1] [] WARN  c.c.g.runtime.audit.AuditRetryTask - [AuditRetry] 到期行拉取失败（表缺失/DB 不可用）errType=BadSqlGrammarException msg=
### Error querying database.  Cause: org.postgresql.util.PSQLException: ERROR: relation "public.ecos_runtime_audit_retry" does not exist
  位置：256
### The error may exist in com/chinacreator/gzcm/runtime/audit/mapper/AuditRetryMapper.java (best guess)
### The error may involve com.chinacreator.gzcm.runtime.audit.mapper.AuditRetryMapper.listDue-Inline
### The error occurred while setting parameters
### SQL: SELECT id, event_type AS eventType, payload, attempts, next_retry_at AS nextRetryAt, last_error AS lastError, status, trace_id AS traceId, create_time AS createTime, update_time AS updateTime, version_no AS versionNo, is_deleted AS isDeleted, domain FROM public.ecos_runtime_audit_retry WHERE is_deleted = 0 AND status = 'pending' AND next_retry_at <= ? ORDER BY next_retry_at ASC LIMIT ?
### Cause: org.postgresql.util.PSQLException: ERROR: relation "public.ecos_runtime_audit_retry" does not exist
  位置：256
; bad SQL grammar []
2026-10-10 10:37:50.796 [scheduling-1] [] WARN  c.c.g.runtime.audit.AuditRetryTask - [AuditRetry] 到期行拉取失败（表缺失/DB 不可用）errType=BadSqlGrammarException msg=
### Error querying database.  Cause: org.postgresql.util.PSQLException: ERROR: relation "public.ecos_runtime_audit_retry" does not exist
  位置：256
### The error may exist in com/chinacreator/gzcm/runtime/audit/mapper/AuditRetryMapper.java (best guess)
### The error may involve com.chinacreator.gzcm.runtime.audit.mapper.AuditRetryMapper.listDue-Inline
### The error occurred while setting parameters
### SQL: SELECT id, event_type AS eventType, payload, attempts, next_retry_at AS nextRetryAt, last_error AS lastError, status, trace_id AS traceId, create_time AS createTime, update_time AS updateTime, version_no AS versionNo, is_deleted AS isDeleted, domain FROM public.ecos_runtime_audit_retry WHERE is_deleted = 0 AND status = 'pending' AND next_retry_at <= ? ORDER BY next_retry_at ASC LIMIT ?
### Cause: org.postgresql.util.PSQLException: ERROR: relation "public.ecos_runtime_audit_retry" does not exist
  位置：256
; bad SQL grammar []
2026-10-10 10:38:50.822 [scheduling-1] [] WARN  c.c.g.runtime.audit.AuditRetryTask - [AuditRetry] 到期行拉取失败（表缺失/DB 不可用）errType=BadSqlGrammarException msg=
### Error querying database.  Cause: org.postgresql.util.PSQLException: ERROR: relation "public.ecos_runtime_audit_retry" does not exist
  位置：256
### The error may exist in com/chinacreator/gzcm/runtime/audit/mapper/AuditRetryMapper.java (best guess)
### The error may involve com.chinacreator.gzcm.runtime.audit.mapper.AuditRetryMapper.listDue-Inline
### The error occurred while setting parameters
### SQL: SELECT id, event_type AS eventType, payload, attempts, next_retry_at AS nextRetryAt, last_error AS lastError, status, trace_id AS traceId, create_time AS createTime, update_time AS updateTime, version_no AS versionNo, is_deleted AS isDeleted, domain FROM public.ecos_runtime_audit_retry WHERE is_deleted = 0 AND status = 'pending' AND next_retry_at <= ? ORDER BY next_retry_at ASC LIMIT ?
### Cause: org.postgresql.util.PSQLException: ERROR: relation "public.ecos_runtime_audit_retry" does not exist
  位置：256
; bad SQL grammar []
2026-10-10 10:39:18.337 [scheduling-1] [] WARN  c.c.gzcm.runtime.dlq.DltLagChecker - [DltLagChecker] AdminClient 创建失败 errType=KafkaException msg=Failed to create new KafkaAdminClient
2026-10-10 10:39:18.338 [scheduling-1] [] WARN  c.c.gzcm.runtime.dlq.DltLagChecker - [DltLagChecker] AdminClient 不可用（bootstrap=localhost:9092），本轮降级跳过
2026-10-10 10:39:50.838 [scheduling-1] [] WARN  c.c.g.runtime.audit.AuditRetryTask - [AuditRetry] 到期行拉取失败（表缺失/DB 不可用）errType=BadSqlGrammarException msg=
### Error querying database.  Cause: org.postgresql.util.PSQLException: ERROR: relation "public.ecos_runtime_audit_retry" does not exist
  位置：256
### The error may exist in com/chinacreator/gzcm/runtime/audit/mapper/AuditRetryMapper.java (best guess)
### The error may involve com.chinacreator.gzcm.runtime.audit.mapper.AuditRetryMapper.listDue-Inline
### The error occurred while setting parameters
### SQL: SELECT id, event_type AS eventType, payload, attempts, next_retry_at AS nextRetryAt, last_error AS lastError, status, trace_id AS traceId, create_time AS createTime, update_time AS updateTime, version_no AS versionNo, is_deleted AS isDeleted, domain FROM public.ecos_runtime_audit_retry WHERE is_deleted = 0 AND status = 'pending' AND next_retry_at <= ? ORDER BY next_retry_at ASC LIMIT ?
### Cause: org.postgresql.util.PSQLException: ERROR: relation "public.ecos_runtime_audit_retry" does not exist
  位置：256
; bad SQL grammar []
2026-10-10 10:40:50.860 [scheduling-1] [] WARN  c.c.g.runtime.audit.AuditRetryTask - [AuditRetry] 到期行拉取失败（表缺失/DB 不可用）errType=BadSqlGrammarException msg=
### Error querying database.  Cause: org.postgresql.util.PSQLException: ERROR: relation "public.ecos_runtime_audit_retry" does not exist
  位置：256
### The error may exist in com/chinacreator/gzcm/runtime/audit/mapper/AuditRetryMapper.java (best guess)
### The error may involve com.chinacreator.gzcm.runtime.audit.mapper.AuditRetryMapper.listDue-Inline
### The error occurred while setting parameters
### SQL: SELECT id, event_type AS eventType, payload, attempts, next_retry_at AS nextRetryAt, last_error AS lastError, status, trace_id AS traceId, create_time AS createTime, update_time AS updateTime, version_no AS versionNo, is_deleted AS isDeleted, domain FROM public.ecos_runtime_audit_retry WHERE is_deleted = 0 AND status = 'pending' AND next_retry_at <= ? ORDER BY next_retry_at ASC LIMIT ?
### Cause: org.postgresql.util.PSQLException: ERROR: relation "public.ecos_runtime_audit_retry" does not exist
  位置：256
; bad SQL grammar []
2026-10-10 10:41:50.867 [scheduling-1] [] WARN  c.c.g.runtime.audit.AuditRetryTask - [AuditRetry] 到期行拉取失败（表缺失/DB 不可用）errType=BadSqlGrammarException msg=
### Error querying database.  Cause: org.postgresql.util.PSQLException: ERROR: relation "public.ecos_runtime_audit_retry" does not exist
  位置：256
### The error may exist in com/chinacreator/gzcm/runtime/audit/mapper/AuditRetryMapper.java (best guess)
### The error may involve com.chinacreator.gzcm.runtime.audit.mapper.AuditRetryMapper.listDue-Inline
### The error occurred while setting parameters
### SQL: SELECT id, event_type AS eventType, payload, attempts, next_retry_at AS nextRetryAt, last_error AS lastError, status, trace_id AS traceId, create_time AS createTime, update_time AS updateTime, version_no AS versionNo, is_deleted AS isDeleted, domain FROM public.ecos_runtime_audit_retry WHERE is_deleted = 0 AND status = 'pending' AND next_retry_at <= ? ORDER BY next_retry_at ASC LIMIT ?
### Cause: org.postgresql.util.PSQLException: ERROR: relation "public.ecos_runtime_audit_retry" does not exist
  位置：256
; bad SQL grammar []
2026-10-10 10:42:50.876 [scheduling-1] [] WARN  c.c.g.runtime.audit.AuditRetryTask - [AuditRetry] 到期行拉取失败（表缺失/DB 不可用）errType=BadSqlGrammarException msg=
### Error querying database.  Cause: org.postgresql.util.PSQLException: ERROR: relation "public.ecos_runtime_audit_retry" does not exist
  位置：256
### The error may exist in com/chinacreator/gzcm/runtime/audit/mapper/AuditRetryMapper.java (best guess)
### The error may involve com.chinacreator.gzcm.runtime.audit.mapper.AuditRetryMapper.listDue-Inline
### The error occurred while setting parameters
### SQL: SELECT id, event_type AS eventType, payload, attempts, next_retry_at AS nextRetryAt, last_error AS lastError, status, trace_id AS traceId, create_time AS createTime, update_time AS updateTime, version_no AS versionNo, is_deleted AS isDeleted, domain FROM public.ecos_runtime_audit_retry WHERE is_deleted = 0 AND status = 'pending' AND next_retry_at <= ? ORDER BY next_retry_at ASC LIMIT ?
### Cause: org.postgresql.util.PSQLException: ERROR: relation "public.ecos_runtime_audit_retry" does not exist
  位置：256
; bad SQL grammar []
2026-10-10 10:43:02.915 [pool-3-thread-3] [] INFO  c.c.g.r.c.t.s.i.TaskManagementServiceImpl - 任务已提交: taskId=be121d11-f048-475d-be5f-f764096711a9, taskName=cognitive-mental-scan
2026-10-10 10:43:02.917 [pool-3-thread-3] [] INFO  c.c.g.r.c.t.s.i.TaskManagementServiceImpl - 任务已解析: taskId=be121d11-f048-475d-be5f-f764096711a9
2026-10-10 10:43:02.931 [pool-3-thread-3] [] INFO  c.c.g.e.c.s.mental.MentalScanTask - PMO-59 心智层补算一代完成: scanned=5 invalidated=0
2026-10-10 10:43:02.932 [pool-3-thread-3] [] INFO  c.c.g.r.c.t.s.i.TaskManagementServiceImpl - 任务执行完成: taskId=be121d11-f048-475d-be5f-f764096711a9, status=SUCCEEDED
2026-10-10 10:43:02.932 [pool-3-thread-3] [] INFO  c.c.g.r.c.t.s.TaskSchedulerServiceImpl - 定时任务已提交执行 taskId=be121d11-f048-475d-be5f-f764096711a9 taskType=COGNITIVE_MENTAL_SCAN scheduleId=7a77d5c0-3368-4754-87b1-8f0eb6fe7fac
2026-10-10 10:43:50.903 [scheduling-1] [] WARN  c.c.g.runtime.audit.AuditRetryTask - [AuditRetry] 到期行拉取失败（表缺失/DB 不可用）errType=BadSqlGrammarException msg=
### Error querying database.  Cause: org.postgresql.util.PSQLException: ERROR: relation "public.ecos_runtime_audit_retry" does not exist
  位置：256
### The error may exist in com/chinacreator/gzcm/runtime/audit/mapper/AuditRetryMapper.java (best guess)
### The error may involve com.chinacreator.gzcm.runtime.audit.mapper.AuditRetryMapper.listDue-Inline
### The error occurred while setting parameters
### SQL: SELECT id, event_type AS eventType, payload, attempts, next_retry_at AS nextRetryAt, last_error AS lastError, status, trace_id AS traceId, create_time AS createTime, update_time AS updateTime, version_no AS versionNo, is_deleted AS isDeleted, domain FROM public.ecos_runtime_audit_retry WHERE is_deleted = 0 AND status = 'pending' AND next_retry_at <= ? ORDER BY next_retry_at ASC LIMIT ?
### Cause: org.postgresql.util.PSQLException: ERROR: relation "public.ecos_runtime_audit_retry" does not exist
  位置：256
; bad SQL grammar []
2026-10-10 10:44:18.380 [scheduling-1] [] WARN  c.c.gzcm.runtime.dlq.DltLagChecker - [DltLagChecker] AdminClient 创建失败 errType=KafkaException msg=Failed to create new KafkaAdminClient
2026-10-10 10:44:18.381 [scheduling-1] [] WARN  c.c.gzcm.runtime.dlq.DltLagChecker - [DltLagChecker] AdminClient 不可用（bootstrap=localhost:9092），本轮降级跳过
2026-10-10 10:44:50.914 [scheduling-1] [] WARN  c.c.g.runtime.audit.AuditRetryTask - [AuditRetry] 到期行拉取失败（表缺失/DB 不可用）errType=BadSqlGrammarException msg=
### Error querying database.  Cause: org.postgresql.util.PSQLException: ERROR: relation "public.ecos_runtime_audit_retry" does not exist
  位置：256
### The error may exist in com/chinacreator/gzcm/runtime/audit/mapper/AuditRetryMapper.java (best guess)
### The error may involve com.chinacreator.gzcm.runtime.audit.mapper.AuditRetryMapper.listDue-Inline
### The error occurred while setting parameters
### SQL: SELECT id, event_type AS eventType, payload, attempts, next_retry_at AS nextRetryAt, last_error AS lastError, status, trace_id AS traceId, create_time AS createTime, update_time AS updateTime, version_no AS versionNo, is_deleted AS isDeleted, domain FROM public.ecos_runtime_audit_retry WHERE is_deleted = 0 AND status = 'pending' AND next_retry_at <= ? ORDER BY next_retry_at ASC LIMIT ?
### Cause: org.postgresql.util.PSQLException: ERROR: relation "public.ecos_runtime_audit_retry" does not exist
  位置：256
; bad SQL grammar []
2026-10-10 10:45:50.926 [scheduling-1] [] WARN  c.c.g.runtime.audit.AuditRetryTask - [AuditRetry] 到期行拉取失败（表缺失/DB 不可用）errType=BadSqlGrammarException msg=
### Error querying database.  Cause: org.postgresql.util.PSQLException: ERROR: relation "public.ecos_runtime_audit_retry" does not exist
  位置：256
### The error may exist in com/chinacreator/gzcm/runtime/audit/mapper/AuditRetryMapper.java (best guess)
### The error may involve com.chinacreator.gzcm.runtime.audit.mapper.AuditRetryMapper.listDue-Inline
### The error occurred while setting parameters
### SQL: SELECT id, event_type AS eventType, payload, attempts, next_retry_at AS nextRetryAt, last_error AS lastError, status, trace_id AS traceId, create_time AS createTime, update_time AS updateTime, version_no AS versionNo, is_deleted AS isDeleted, domain FROM public.ecos_runtime_audit_retry WHERE is_deleted = 0 AND status = 'pending' AND next_retry_at <= ? ORDER BY next_retry_at ASC LIMIT ?
### Cause: org.postgresql.util.PSQLException: ERROR: relation "public.ecos_runtime_audit_retry" does not exist
  位置：256
; bad SQL grammar []
2026-10-10 10:46:50.949 [scheduling-1] [] WARN  c.c.g.runtime.audit.AuditRetryTask - [AuditRetry] 到期行拉取失败（表缺失/DB 不可用）errType=BadSqlGrammarException msg=
### Error querying database.  Cause: org.postgresql.util.PSQLException: ERROR: relation "public.ecos_runtime_audit_retry" does not exist
  位置：256
### The error may exist in com/chinacreator/gzcm/runtime/audit/mapper/AuditRetryMapper.java (best guess)
### The error may involve com.chinacreator.gzcm.runtime.audit.mapper.AuditRetryMapper.listDue-Inline
### The error occurred while setting parameters
### SQL: SELECT id, event_type AS eventType, payload, attempts, next_retry_at AS nextRetryAt, last_error AS lastError, status, trace_id AS traceId, create_time AS createTime, update_time AS updateTime, version_no AS versionNo, is_deleted AS isDeleted, domain FROM public.ecos_runtime_audit_retry WHERE is_deleted = 0 AND status = 'pending' AND next_retry_at <= ? ORDER BY next_retry_at ASC LIMIT ?
### Cause: org.postgresql.util.PSQLException: ERROR: relation "public.ecos_runtime_audit_retry" does not exist
  位置：256
; bad SQL grammar []
2026-10-10 10:47:50.956 [scheduling-1] [] WARN  c.c.g.runtime.audit.AuditRetryTask - [AuditRetry] 到期行拉取失败（表缺失/DB 不可用）errType=BadSqlGrammarException msg=
### Error querying database.  Cause: org.postgresql.util.PSQLException: ERROR: relation "public.ecos_runtime_audit_retry" does not exist
  位置：256
### The error may exist in com/chinacreator/gzcm/runtime/audit/mapper/AuditRetryMapper.java (best guess)
### The error may involve com.chinacreator.gzcm.runtime.audit.mapper.AuditRetryMapper.listDue-Inline
### The error occurred while setting parameters
### SQL: SELECT id, event_type AS eventType, payload, attempts, next_retry_at AS nextRetryAt, last_error AS lastError, status, trace_id AS traceId, create_time AS createTime, update_time AS updateTime, version_no AS versionNo, is_deleted AS isDeleted, domain FROM public.ecos_runtime_audit_retry WHERE is_deleted = 0 AND status = 'pending' AND next_retry_at <= ? ORDER BY next_retry_at ASC LIMIT ?
### Cause: org.postgresql.util.PSQLException: ERROR: relation "public.ecos_runtime_audit_retry" does not exist
  位置：256
; bad SQL grammar []
2026-10-10 10:48:50.976 [scheduling-1] [] WARN  c.c.g.runtime.audit.AuditRetryTask - [AuditRetry] 到期行拉取失败（表缺失/DB 不可用）errType=BadSqlGrammarException msg=
### Error querying database.  Cause: org.postgresql.util.PSQLException: ERROR: relation "public.ecos_runtime_audit_retry" does not exist
  位置：256
### The error may exist in com/chinacreator/gzcm/runtime/audit/mapper/AuditRetryMapper.java (best guess)
### The error may involve com.chinacreator.gzcm.runtime.audit.mapper.AuditRetryMapper.listDue-Inline
### The error occurred while setting parameters
### SQL: SELECT id, event_type AS eventType, payload, attempts, next_retry_at AS nextRetryAt, last_error AS lastError, status, trace_id AS traceId, create_time AS createTime, update_time AS updateTime, version_no AS versionNo, is_deleted AS isDeleted, domain FROM public.ecos_runtime_audit_retry WHERE is_deleted = 0 AND status = 'pending' AND next_retry_at <= ? ORDER BY next_retry_at ASC LIMIT ?
### Cause: org.postgresql.util.PSQLException: ERROR: relation "public.ecos_runtime_audit_retry" does not exist
  位置：256
; bad SQL grammar []
2026-10-10 10:49:18.402 [scheduling-1] [] WARN  c.c.gzcm.runtime.dlq.DltLagChecker - [DltLagChecker] AdminClient 创建失败 errType=KafkaException msg=Failed to create new KafkaAdminClient
2026-10-10 10:49:18.405 [scheduling-1] [] WARN  c.c.gzcm.runtime.dlq.DltLagChecker - [DltLagChecker] AdminClient 不可用（bootstrap=localhost:9092），本轮降级跳过
2026-10-10 10:49:50.997 [scheduling-1] [] WARN  c.c.g.runtime.audit.AuditRetryTask - [AuditRetry] 到期行拉取失败（表缺失/DB 不可用）errType=BadSqlGrammarException msg=
### Error querying database.  Cause: org.postgresql.util.PSQLException: ERROR: relation "public.ecos_runtime_audit_retry" does not exist
  位置：256
### The error may exist in com/chinacreator/gzcm/runtime/audit/mapper/AuditRetryMapper.java (best guess)
### The error may involve com.chinacreator.gzcm.runtime.audit.mapper.AuditRetryMapper.listDue-Inline
### The error occurred while setting parameters
### SQL: SELECT id, event_type AS eventType, payload, attempts, next_retry_at AS nextRetryAt, last_error AS lastError, status, trace_id AS traceId, create_time AS createTime, update_time AS updateTime, version_no AS versionNo, is_deleted AS isDeleted, domain FROM public.ecos_runtime_audit_retry WHERE is_deleted = 0 AND status = 'pending' AND next_retry_at <= ? ORDER BY next_retry_at ASC LIMIT ?
### Cause: org.postgresql.util.PSQLException: ERROR: relation "public.ecos_runtime_audit_retry" does not exist
  位置：256
; bad SQL grammar []
2026-10-10 10:50:51.002 [scheduling-1] [] WARN  c.c.g.runtime.audit.AuditRetryTask - [AuditRetry] 到期行拉取失败（表缺失/DB 不可用）errType=BadSqlGrammarException msg=
### Error querying database.  Cause: org.postgresql.util.PSQLException: ERROR: relation "public.ecos_runtime_audit_retry" does not exist
  位置：256
### The error may exist in com/chinacreator/gzcm/runtime/audit/mapper/AuditRetryMapper.java (best guess)
### The error may involve com.chinacreator.gzcm.runtime.audit.mapper.AuditRetryMapper.listDue-Inline
### The error occurred while setting parameters
### SQL: SELECT id, event_type AS eventType, payload, attempts, next_retry_at AS nextRetryAt, last_error AS lastError, status, trace_id AS traceId, create_time AS createTime, update_time AS updateTime, version_no AS versionNo, is_deleted AS isDeleted, domain FROM public.ecos_runtime_audit_retry WHERE is_deleted = 0 AND status = 'pending' AND next_retry_at <= ? ORDER BY next_retry_at ASC LIMIT ?
### Cause: org.postgresql.util.PSQLException: ERROR: relation "public.ecos_runtime_audit_retry" does not exist
  位置：256
; bad SQL grammar []
2026-10-10 10:51:51.015 [scheduling-1] [] WARN  c.c.g.runtime.audit.AuditRetryTask - [AuditRetry] 到期行拉取失败（表缺失/DB 不可用）errType=BadSqlGrammarException msg=
### Error querying database.  Cause: org.postgresql.util.PSQLException: ERROR: relation "public.ecos_runtime_audit_retry" does not exist
  位置：256
### The error may exist in com/chinacreator/gzcm/runtime/audit/mapper/AuditRetryMapper.java (best guess)
### The error may involve com.chinacreator.gzcm.runtime.audit.mapper.AuditRetryMapper.listDue-Inline
### The error occurred while setting parameters
### SQL: SELECT id, event_type AS eventType, payload, attempts, next_retry_at AS nextRetryAt, last_error AS lastError, status, trace_id AS traceId, create_time AS createTime, update_time AS updateTime, version_no AS versionNo, is_deleted AS isDeleted, domain FROM public.ecos_runtime_audit_retry WHERE is_deleted = 0 AND status = 'pending' AND next_retry_at <= ? ORDER BY next_retry_at ASC LIMIT ?
### Cause: org.postgresql.util.PSQLException: ERROR: relation "public.ecos_runtime_audit_retry" does not exist
  位置：256
; bad SQL grammar []
2026-10-10 10:52:51.040 [scheduling-1] [] WARN  c.c.g.runtime.audit.AuditRetryTask - [AuditRetry] 到期行拉取失败（表缺失/DB 不可用）errType=BadSqlGrammarException msg=
### Error querying database.  Cause: org.postgresql.util.PSQLException: ERROR: relation "public.ecos_runtime_audit_retry" does not exist
  位置：256
### The error may exist in com/chinacreator/gzcm/runtime/audit/mapper/AuditRetryMapper.java (best guess)
### The error may involve com.chinacreator.gzcm.runtime.audit.mapper.AuditRetryMapper.listDue-Inline
### The error occurred while setting parameters
### SQL: SELECT id, event_type AS eventType, payload, attempts, next_retry_at AS nextRetryAt, last_error AS lastError, status, trace_id AS traceId, create_time AS createTime, update_time AS updateTime, version_no AS versionNo, is_deleted AS isDeleted, domain FROM public.ecos_runtime_audit_retry WHERE is_deleted = 0 AND status = 'pending' AND next_retry_at <= ? ORDER BY next_retry_at ASC LIMIT ?
### Cause: org.postgresql.util.PSQLException: ERROR: relation "public.ecos_runtime_audit_retry" does not exist
  位置：256
; bad SQL grammar []
2026-10-10 10:53:02.906 [pool-3-thread-3] [] INFO  c.c.g.r.c.t.s.i.TaskManagementServiceImpl - 任务已提交: taskId=be121d11-f048-475d-be5f-f764096711a9, taskName=cognitive-mental-scan
2026-10-10 10:53:02.908 [pool-3-thread-3] [] INFO  c.c.g.r.c.t.s.i.TaskManagementServiceImpl - 任务已解析: taskId=be121d11-f048-475d-be5f-f764096711a9
2026-10-10 10:53:02.941 [pool-3-thread-3] [] INFO  c.c.g.e.c.s.mental.MentalScanTask - PMO-59 心智层补算一代完成: scanned=5 invalidated=0
2026-10-10 10:53:02.943 [pool-3-thread-3] [] INFO  c.c.g.r.c.t.s.i.TaskManagementServiceImpl - 任务执行完成: taskId=be121d11-f048-475d-be5f-f764096711a9, status=SUCCEEDED
2026-10-10 10:53:02.943 [pool-3-thread-3] [] INFO  c.c.g.r.c.t.s.TaskSchedulerServiceImpl - 定时任务已提交执行 taskId=be121d11-f048-475d-be5f-f764096711a9 taskType=COGNITIVE_MENTAL_SCAN scheduleId=7a77d5c0-3368-4754-87b1-8f0eb6fe7fac
2026-10-10 10:53:33.053 [http-nio-18084-exec-6] [] WARN  c.c.g.s.s.JwtAuthenticationFilter - 回查租户失败 userId=u001: PreparedStatementCallback; bad SQL grammar [SELECT "TENANT_ID" FROM TD_USER WHERE "ID" = ?]（按默认 DENY 口径交上层 403）
2026-10-10 10:53:33.055 [http-nio-18084-exec-6] [] WARN  c.c.g.s.s.JwtAuthenticationFilter - 用户未绑定租户，拒绝登录: userId=u001
2026-10-10 10:53:33.055 [http-nio-18084-exec-8] [] WARN  c.c.g.s.s.JwtAuthenticationFilter - 回查租户失败 userId=u001: PreparedStatementCallback; bad SQL grammar [SELECT "TENANT_ID" FROM TD_USER WHERE "ID" = ?]（按默认 DENY 口径交上层 403）
2026-10-10 10:53:33.055 [http-nio-18084-exec-9] [] WARN  c.c.g.s.s.JwtAuthenticationFilter - 回查租户失败 userId=u001: PreparedStatementCallback; bad SQL grammar [SELECT "TENANT_ID" FROM TD_USER WHERE "ID" = ?]（按默认 DENY 口径交上层 403）
2026-10-10 10:53:33.056 [http-nio-18084-exec-8] [] WARN  c.c.g.s.s.JwtAuthenticationFilter - 用户未绑定租户，拒绝登录: userId=u001
2026-10-10 10:53:33.057 [http-nio-18084-exec-9] [] WARN  c.c.g.s.s.JwtAuthenticationFilter - 用户未绑定租户，拒绝登录: userId=u001
2026-10-10 10:53:33.059 [http-nio-18084-exec-7] [] WARN  c.c.g.s.s.JwtAuthenticationFilter - 回查租户失败 userId=u001: PreparedStatementCallback; bad SQL grammar [SELECT "TENANT_ID" FROM TD_USER WHERE "ID" = ?]（按默认 DENY 口径交上层 403）
2026-10-10 10:53:33.060 [http-nio-18084-exec-7] [] WARN  c.c.g.s.s.JwtAuthenticationFilter - 用户未绑定租户，拒绝登录: userId=u001
2026-10-10 10:53:33.107 [http-nio-18084-exec-10] [] WARN  c.c.g.s.s.JwtAuthenticationFilter - 回查租户失败 userId=u001: PreparedStatementCallback; bad SQL grammar [SELECT "TENANT_ID" FROM TD_USER WHERE "ID" = ?]（按默认 DENY 口径交上层 403）
2026-10-10 10:53:33.108 [http-nio-18084-exec-10] [] WARN  c.c.g.s.s.JwtAuthenticationFilter - 用户未绑定租户，拒绝登录: userId=u001
2026-10-10 10:53:33.117 [http-nio-18084-exec-2] [] WARN  c.c.g.s.s.JwtAuthenticationFilter - 回查租户失败 userId=u001: PreparedStatementCallback; bad SQL grammar [SELECT "TENANT_ID" FROM TD_USER WHERE "ID" = ?]（按默认 DENY 口径交上层 403）
2026-10-10 10:53:33.118 [http-nio-18084-exec-2] [] WARN  c.c.g.s.s.JwtAuthenticationFilter - 用户未绑定租户，拒绝登录: userId=u001
2026-10-10 10:53:33.121 [http-nio-18084-exec-1] [] WARN  c.c.g.s.s.JwtAuthenticationFilter - 回查租户失败 userId=u001: PreparedStatementCallback; bad SQL grammar [SELECT "TENANT_ID" FROM TD_USER WHERE "ID" = ?]（按默认 DENY 口径交上层 403）
2026-10-10 10:53:33.123 [http-nio-18084-exec-1] [] WARN  c.c.g.s.s.JwtAuthenticationFilter - 用户未绑定租户，拒绝登录: userId=u001
2026-10-10 10:53:33.123 [http-nio-18084-exec-3] [] WARN  c.c.g.s.s.JwtAuthenticationFilter - 回查租户失败 userId=u001: PreparedStatementCallback; bad SQL grammar [SELECT "TENANT_ID" FROM TD_USER WHERE "ID" = ?]（按默认 DENY 口径交上层 403）
2026-10-10 10:53:33.124 [http-nio-18084-exec-3] [] WARN  c.c.g.s.s.JwtAuthenticationFilter - 用户未绑定租户，拒绝登录: userId=u001
2026-10-10 10:53:33.169 [http-nio-18084-exec-6] [] WARN  c.c.g.s.s.JwtAuthenticationFilter - 回查租户失败 userId=u001: PreparedStatementCallback; bad SQL grammar [SELECT "TENANT_ID" FROM TD_USER WHERE "ID" = ?]（按默认 DENY 口径交上层 403）
2026-10-10 10:53:33.171 [http-nio-18084-exec-4] [] WARN  c.c.g.s.s.JwtAuthenticationFilter - 回查租户失败 userId=u001: PreparedStatementCallback; bad SQL grammar [SELECT "TENANT_ID" FROM TD_USER WHERE "ID" = ?]（按默认 DENY 口径交上层 403）
2026-10-10 10:53:33.171 [http-nio-18084-exec-6] [] WARN  c.c.g.s.s.JwtAuthenticationFilter - 用户未绑定租户，拒绝登录: userId=u001
2026-10-10 10:53:33.172 [http-nio-18084-exec-4] [] WARN  c.c.g.s.s.JwtAuthenticationFilter - 用户未绑定租户，拒绝登录: userId=u001
2026-10-10 10:53:33.175 [http-nio-18084-exec-5] [] WARN  c.c.g.s.s.JwtAuthenticationFilter - 回查租户失败 userId=u001: PreparedStatementCallback; bad SQL grammar [SELECT "TENANT_ID" FROM TD_USER WHERE "ID" = ?]（按默认 DENY 口径交上层 403）
2026-10-10 10:53:33.176 [http-nio-18084-exec-5] [] WARN  c.c.g.s.s.JwtAuthenticationFilter - 用户未绑定租户，拒绝登录: userId=u001
2026-10-10 10:53:33.184 [http-nio-18084-exec-8] [] WARN  c.c.g.s.s.JwtAuthenticationFilter - 回查租户失败 userId=u001: PreparedStatementCallback; bad SQL grammar [SELECT "TENANT_ID" FROM TD_USER WHERE "ID" = ?]（按默认 DENY 口径交上层 403）
2026-10-10 10:53:33.184 [http-nio-18084-exec-8] [] WARN  c.c.g.s.s.JwtAuthenticationFilter - 用户未绑定租户，拒绝登录: userId=u001
2026-10-10 10:53:33.219 [http-nio-18084-exec-9] [] WARN  c.c.g.s.s.JwtAuthenticationFilter - 回查租户失败 userId=u001: PreparedStatementCallback; bad SQL grammar [SELECT "TENANT_ID" FROM TD_USER WHERE "ID" = ?]（按默认 DENY 口径交上层 403）
2026-10-10 10:53:33.222 [http-nio-18084-exec-9] [] WARN  c.c.g.s.s.JwtAuthenticationFilter - 用户未绑定租户，拒绝登录: userId=u001
2026-10-10 10:53:33.228 [http-nio-18084-exec-7] [] WARN  c.c.g.s.s.JwtAuthenticationFilter - 回查租户失败 userId=u001: PreparedStatementCallback; bad SQL grammar [SELECT "TENANT_ID" FROM TD_USER WHERE "ID" = ?]（按默认 DENY 口径交上层 403）
2026-10-10 10:53:33.230 [http-nio-18084-exec-7] [] WARN  c.c.g.s.s.JwtAuthenticationFilter - 用户未绑定租户，拒绝登录: userId=u001
2026-10-10 10:53:33.234 [http-nio-18084-exec-10] [] WARN  c.c.g.s.s.JwtAuthenticationFilter - 回查租户失败 userId=u001: PreparedStatementCallback; bad SQL grammar [SELECT "TENANT_ID" FROM TD_USER WHERE "ID" = ?]（按默认 DENY 口径交上层 403）
2026-10-10 10:53:33.234 [http-nio-18084-exec-2] [] WARN  c.c.g.s.s.JwtAuthenticationFilter - 回查租户失败 userId=u001: PreparedStatementCallback; bad SQL grammar [SELECT "TENANT_ID" FROM TD_USER WHERE "ID" = ?]（按默认 DENY 口径交上层 403）
2026-10-10 10:53:33.235 [http-nio-18084-exec-10] [] WARN  c.c.g.s.s.JwtAuthenticationFilter - 用户未绑定租户，拒绝登录: userId=u001
2026-10-10 10:53:33.236 [http-nio-18084-exec-2] [] WARN  c.c.g.s.s.JwtAuthenticationFilter - 用户未绑定租户，拒绝登录: userId=u001
2026-10-10 10:53:38.979 [http-nio-18084-exec-1] [] WARN  c.c.g.s.s.JwtAuthenticationFilter - 回查租户失败 userId=u001: PreparedStatementCallback; bad SQL grammar [SELECT "TENANT_ID" FROM TD_USER WHERE "ID" = ?]（按默认 DENY 口径交上层 403）
2026-10-10 10:53:38.979 [http-nio-18084-exec-1] [] WARN  c.c.g.s.s.JwtAuthenticationFilter - 用户未绑定租户，拒绝登录: userId=u001
2026-10-10 10:53:39.010 [http-nio-18084-exec-3] [] WARN  c.c.g.s.s.JwtAuthenticationFilter - 回查租户失败 userId=u001: PreparedStatementCallback; bad SQL grammar [SELECT "TENANT_ID" FROM TD_USER WHERE "ID" = ?]（按默认 DENY 口径交上层 403）
2026-10-10 10:53:39.012 [http-nio-18084-exec-3] [] WARN  c.c.g.s.s.JwtAuthenticationFilter - 用户未绑定租户，拒绝登录: userId=u001
2026-10-10 10:53:39.557 [http-nio-18084-exec-4] [] WARN  c.c.g.s.s.JwtAuthenticationFilter - 回查租户失败 userId=u001: PreparedStatementCallback; bad SQL grammar [SELECT "TENANT_ID" FROM TD_USER WHERE "ID" = ?]（按默认 DENY 口径交上层 403）
2026-10-10 10:53:39.560 [http-nio-18084-exec-4] [] WARN  c.c.g.s.s.JwtAuthenticationFilter - 用户未绑定租户，拒绝登录: userId=u001
2026-10-10 10:53:39.586 [http-nio-18084-exec-6] [] WARN  c.c.g.s.s.JwtAuthenticationFilter - 回查租户失败 userId=u001: PreparedStatementCallback; bad SQL grammar [SELECT "TENANT_ID" FROM TD_USER WHERE "ID" = ?]（按默认 DENY 口径交上层 403）
2026-10-10 10:53:39.588 [http-nio-18084-exec-6] [] WARN  c.c.g.s.s.JwtAuthenticationFilter - 用户未绑定租户，拒绝登录: userId=u001
2026-10-10 10:53:40.524 [http-nio-18084-exec-8] [] WARN  c.c.g.s.s.JwtAuthenticationFilter - 回查租户失败 userId=u001: PreparedStatementCallback; bad SQL grammar [SELECT "TENANT_ID" FROM TD_USER WHERE "ID" = ?]（按默认 DENY 口径交上层 403）
2026-10-10 10:53:40.525 [http-nio-18084-exec-5] [] WARN  c.c.g.s.s.JwtAuthenticationFilter - 回查租户失败 userId=u001: PreparedStatementCallback; bad SQL grammar [SELECT "TENANT_ID" FROM TD_USER WHERE "ID" = ?]（按默认 DENY 口径交上层 403）
2026-10-10 10:53:40.526 [http-nio-18084-exec-8] [] WARN  c.c.g.s.s.JwtAuthenticationFilter - 用户未绑定租户，拒绝登录: userId=u001
2026-10-10 10:53:40.526 [http-nio-18084-exec-5] [] WARN  c.c.g.s.s.JwtAuthenticationFilter - 用户未绑定租户，拒绝登录: userId=u001
2026-10-10 10:53:40.564 [http-nio-18084-exec-7] [] WARN  c.c.g.s.s.JwtAuthenticationFilter - 回查租户失败 userId=u001: PreparedStatementCallback; bad SQL grammar [SELECT "TENANT_ID" FROM TD_USER WHERE "ID" = ?]（按默认 DENY 口径交上层 403）
2026-10-10 10:53:40.564 [http-nio-18084-exec-9] [] WARN  c.c.g.s.s.JwtAuthenticationFilter - 回查租户失败 userId=u001: PreparedStatementCallback; bad SQL grammar [SELECT "TENANT_ID" FROM TD_USER WHERE "ID" = ?]（按默认 DENY 口径交上层 403）
2026-10-10 10:53:40.565 [http-nio-18084-exec-7] [] WARN  c.c.g.s.s.JwtAuthenticationFilter - 用户未绑定租户，拒绝登录: userId=u001
2026-10-10 10:53:40.566 [http-nio-18084-exec-9] [] WARN  c.c.g.s.s.JwtAuthenticationFilter - 用户未绑定租户，拒绝登录: userId=u001
2026-10-10 10:53:51.057 [scheduling-1] [] WARN  c.c.g.runtime.audit.AuditRetryTask - [AuditRetry] 到期行拉取失败（表缺失/DB 不可用）errType=BadSqlGrammarException msg=
### Error querying database.  Cause: org.postgresql.util.PSQLException: ERROR: relation "public.ecos_runtime_audit_retry" does not exist
  位置：256
### The error may exist in com/chinacreator/gzcm/runtime/audit/mapper/AuditRetryMapper.java (best guess)
### The error may involve com.chinacreator.gzcm.runtime.audit.mapper.AuditRetryMapper.listDue-Inline
### The error occurred while setting parameters
### SQL: SELECT id, event_type AS eventType, payload, attempts, next_retry_at AS nextRetryAt, last_error AS lastError, status, trace_id AS traceId, create_time AS createTime, update_time AS updateTime, version_no AS versionNo, is_deleted AS isDeleted, domain FROM public.ecos_runtime_audit_retry WHERE is_deleted = 0 AND status = 'pending' AND next_retry_at <= ? ORDER BY next_retry_at ASC LIMIT ?
### Cause: org.postgresql.util.PSQLException: ERROR: relation "public.ecos_runtime_audit_retry" does not exist
  位置：256
; bad SQL grammar []
2026-10-10 10:53:52.124 [http-nio-18084-exec-10] [] WARN  c.c.g.s.s.JwtAuthenticationFilter - 回查租户失败 userId=u001: PreparedStatementCallback; bad SQL grammar [SELECT "TENANT_ID" FROM TD_USER WHERE "ID" = ?]（按默认 DENY 口径交上层 403）
2026-10-10 10:53:52.124 [http-nio-18084-exec-10] [] WARN  c.c.g.s.s.JwtAuthenticationFilter - 用户未绑定租户，拒绝登录: userId=u001
2026-10-10 10:53:52.126 [http-nio-18084-exec-2] [] WARN  c.c.g.s.s.JwtAuthenticationFilter - 回查租户失败 userId=u001: PreparedStatementCallback; bad SQL grammar [SELECT "TENANT_ID" FROM TD_USER WHERE "ID" = ?]（按默认 DENY 口径交上层 403）
2026-10-10 10:53:52.126 [http-nio-18084-exec-2] [] WARN  c.c.g.s.s.JwtAuthenticationFilter - 用户未绑定租户，拒绝登录: userId=u001
2026-10-10 10:53:54.895 [http-nio-18084-exec-3] [] WARN  c.c.g.s.s.JwtAuthenticationFilter - 回查租户失败 userId=u001: PreparedStatementCallback; bad SQL grammar [SELECT "TENANT_ID" FROM TD_USER WHERE "ID" = ?]（按默认 DENY 口径交上层 403）
2026-10-10 10:53:54.895 [http-nio-18084-exec-1] [] WARN  c.c.g.s.s.JwtAuthenticationFilter - 回查租户失败 userId=u001: PreparedStatementCallback; bad SQL grammar [SELECT "TENANT_ID" FROM TD_USER WHERE "ID" = ?]（按默认 DENY 口径交上层 403）
2026-10-10 10:53:54.896 [http-nio-18084-exec-3] [] WARN  c.c.g.s.s.JwtAuthenticationFilter - 用户未绑定租户，拒绝登录: userId=u001
2026-10-10 10:53:54.897 [http-nio-18084-exec-1] [] WARN  c.c.g.s.s.JwtAuthenticationFilter - 用户未绑定租户，拒绝登录: userId=u001
2026-10-10 10:54:18.433 [scheduling-1] [] WARN  c.c.gzcm.runtime.dlq.DltLagChecker - [DltLagChecker] AdminClient 创建失败 errType=KafkaException msg=Failed to create new KafkaAdminClient
2026-10-10 10:54:18.434 [scheduling-1] [] WARN  c.c.gzcm.runtime.dlq.DltLagChecker - [DltLagChecker] AdminClient 不可用（bootstrap=localhost:9092），本轮降级跳过
2026-10-10 10:54:51.071 [scheduling-1] [] WARN  c.c.g.runtime.audit.AuditRetryTask - [AuditRetry] 到期行拉取失败（表缺失/DB 不可用）errType=BadSqlGrammarException msg=
### Error querying database.  Cause: org.postgresql.util.PSQLException: ERROR: relation "public.ecos_runtime_audit_retry" does not exist
  位置：256
### The error may exist in com/chinacreator/gzcm/runtime/audit/mapper/AuditRetryMapper.java (best guess)
### The error may involve com.chinacreator.gzcm.runtime.audit.mapper.AuditRetryMapper.listDue-Inline
### The error occurred while setting parameters
### SQL: SELECT id, event_type AS eventType, payload, attempts, next_retry_at AS nextRetryAt, last_error AS lastError, status, trace_id AS traceId, create_time AS createTime, update_time AS updateTime, version_no AS versionNo, is_deleted AS isDeleted, domain FROM public.ecos_runtime_audit_retry WHERE is_deleted = 0 AND status = 'pending' AND next_retry_at <= ? ORDER BY next_retry_at ASC LIMIT ?
### Cause: org.postgresql.util.PSQLException: ERROR: relation "public.ecos_runtime_audit_retry" does not exist
  位置：256
; bad SQL grammar []
2026-10-10 10:55:51.092 [scheduling-1] [] WARN  c.c.g.runtime.audit.AuditRetryTask - [AuditRetry] 到期行拉取失败（表缺失/DB 不可用）errType=BadSqlGrammarException msg=
### Error querying database.  Cause: org.postgresql.util.PSQLException: ERROR: relation "public.ecos_runtime_audit_retry" does not exist
  位置：256
### The error may exist in com/chinacreator/gzcm/runtime/audit/mapper/AuditRetryMapper.java (best guess)
### The error may involve com.chinacreator.gzcm.runtime.audit.mapper.AuditRetryMapper.listDue-Inline
### The error occurred while setting parameters
### SQL: SELECT id, event_type AS eventType, payload, attempts, next_retry_at AS nextRetryAt, last_error AS lastError, status, trace_id AS traceId, create_time AS createTime, update_time AS updateTime, version_no AS versionNo, is_deleted AS isDeleted, domain FROM public.ecos_runtime_audit_retry WHERE is_deleted = 0 AND status = 'pending' AND next_retry_at <= ? ORDER BY next_retry_at ASC LIMIT ?
### Cause: org.postgresql.util.PSQLException: ERROR: relation "public.ecos_runtime_audit_retry" does not exist
  位置：256
; bad SQL grammar []
2026-10-10 10:56:51.106 [scheduling-1] [] WARN  c.c.g.runtime.audit.AuditRetryTask - [AuditRetry] 到期行拉取失败（表缺失/DB 不可用）errType=BadSqlGrammarException msg=
### Error querying database.  Cause: org.postgresql.util.PSQLException: ERROR: relation "public.ecos_runtime_audit_retry" does not exist
  位置：256
### The error may exist in com/chinacreator/gzcm/runtime/audit/mapper/AuditRetryMapper.java (best guess)
### The error may involve com.chinacreator.gzcm.runtime.audit.mapper.AuditRetryMapper.listDue-Inline
### The error occurred while setting parameters
### SQL: SELECT id, event_type AS eventType, payload, attempts, next_retry_at AS nextRetryAt, last_error AS lastError, status, trace_id AS traceId, create_time AS createTime, update_time AS updateTime, version_no AS versionNo, is_deleted AS isDeleted, domain FROM public.ecos_runtime_audit_retry WHERE is_deleted = 0 AND status = 'pending' AND next_retry_at <= ? ORDER BY next_retry_at ASC LIMIT ?
### Cause: org.postgresql.util.PSQLException: ERROR: relation "public.ecos_runtime_audit_retry" does not exist
  位置：256
; bad SQL grammar []
2026-10-10 10:57:51.122 [scheduling-1] [] WARN  c.c.g.runtime.audit.AuditRetryTask - [AuditRetry] 到期行拉取失败（表缺失/DB 不可用）errType=BadSqlGrammarException msg=
### Error querying database.  Cause: org.postgresql.util.PSQLException: ERROR: relation "public.ecos_runtime_audit_retry" does not exist
  位置：256
### The error may exist in com/chinacreator/gzcm/runtime/audit/mapper/AuditRetryMapper.java (best guess)
### The error may involve com.chinacreator.gzcm.runtime.audit.mapper.AuditRetryMapper.listDue-Inline
### The error occurred while setting parameters
### SQL: SELECT id, event_type AS eventType, payload, attempts, next_retry_at AS nextRetryAt, last_error AS lastError, status, trace_id AS traceId, create_time AS createTime, update_time AS updateTime, version_no AS versionNo, is_deleted AS isDeleted, domain FROM public.ecos_runtime_audit_retry WHERE is_deleted = 0 AND status = 'pending' AND next_retry_at <= ? ORDER BY next_retry_at ASC LIMIT ?
### Cause: org.postgresql.util.PSQLException: ERROR: relation "public.ecos_runtime_audit_retry" does not exist
  位置：256
; bad SQL grammar []
2026-10-10 10:58:51.130 [scheduling-1] [] WARN  c.c.g.runtime.audit.AuditRetryTask - [AuditRetry] 到期行拉取失败（表缺失/DB 不可用）errType=BadSqlGrammarException msg=
### Error querying database.  Cause: org.postgresql.util.PSQLException: ERROR: relation "public.ecos_runtime_audit_retry" does not exist
  位置：256
### The error may exist in com/chinacreator/gzcm/runtime/audit/mapper/AuditRetryMapper.java (best guess)
### The error may involve com.chinacreator.gzcm.runtime.audit.mapper.AuditRetryMapper.listDue-Inline
### The error occurred while setting parameters
### SQL: SELECT id, event_type AS eventType, payload, attempts, next_retry_at AS nextRetryAt, last_error AS lastError, status, trace_id AS traceId, create_time AS createTime, update_time AS updateTime, version_no AS versionNo, is_deleted AS isDeleted, domain FROM public.ecos_runtime_audit_retry WHERE is_deleted = 0 AND status = 'pending' AND next_retry_at <= ? ORDER BY next_retry_at ASC LIMIT ?
### Cause: org.postgresql.util.PSQLException: ERROR: relation "public.ecos_runtime_audit_retry" does not exist
  位置：256
; bad SQL grammar []
2026-10-10 10:59:18.457 [scheduling-1] [] WARN  c.c.gzcm.runtime.dlq.DltLagChecker - [DltLagChecker] AdminClient 创建失败 errType=KafkaException msg=Failed to create new KafkaAdminClient
2026-10-10 10:59:18.457 [scheduling-1] [] WARN  c.c.gzcm.runtime.dlq.DltLagChecker - [DltLagChecker] AdminClient 不可用（bootstrap=localhost:9092），本轮降级跳过
2026-10-10 10:59:51.148 [scheduling-1] [] WARN  c.c.g.runtime.audit.AuditRetryTask - [AuditRetry] 到期行拉取失败（表缺失/DB 不可用）errType=BadSqlGrammarException msg=
### Error querying database.  Cause: org.postgresql.util.PSQLException: ERROR: relation "public.ecos_runtime_audit_retry" does not exist
  位置：256
### The error may exist in com/chinacreator/gzcm/runtime/audit/mapper/AuditRetryMapper.java (best guess)
### The error may involve com.chinacreator.gzcm.runtime.audit.mapper.AuditRetryMapper.listDue-Inline
### The error occurred while setting parameters
### SQL: SELECT id, event_type AS eventType, payload, attempts, next_retry_at AS nextRetryAt, last_error AS lastError, status, trace_id AS traceId, create_time AS createTime, update_time AS updateTime, version_no AS versionNo, is_deleted AS isDeleted, domain FROM public.ecos_runtime_audit_retry WHERE is_deleted = 0 AND status = 'pending' AND next_retry_at <= ? ORDER BY next_retry_at ASC LIMIT ?
### Cause: org.postgresql.util.PSQLException: ERROR: relation "public.ecos_runtime_audit_retry" does not exist
  位置：256
; bad SQL grammar []
2026-10-10 11:00:51.162 [scheduling-1] [] WARN  c.c.g.runtime.audit.AuditRetryTask - [AuditRetry] 到期行拉取失败（表缺失/DB 不可用）errType=BadSqlGrammarException msg=
### Error querying database.  Cause: org.postgresql.util.PSQLException: ERROR: relation "public.ecos_runtime_audit_retry" does not exist
  位置：256
### The error may exist in com/chinacreator/gzcm/runtime/audit/mapper/AuditRetryMapper.java (best guess)
### The error may involve com.chinacreator.gzcm.runtime.audit.mapper.AuditRetryMapper.listDue-Inline
### The error occurred while setting parameters
### SQL: SELECT id, event_type AS eventType, payload, attempts, next_retry_at AS nextRetryAt, last_error AS lastError, status, trace_id AS traceId, create_time AS createTime, update_time AS updateTime, version_no AS versionNo, is_deleted AS isDeleted, domain FROM public.ecos_runtime_audit_retry WHERE is_deleted = 0 AND status = 'pending' AND next_retry_at <= ? ORDER BY next_retry_at ASC LIMIT ?
### Cause: org.postgresql.util.PSQLException: ERROR: relation "public.ecos_runtime_audit_retry" does not exist
  位置：256
; bad SQL grammar []
2026-10-10 11:01:51.171 [scheduling-1] [] WARN  c.c.g.runtime.audit.AuditRetryTask - [AuditRetry] 到期行拉取失败（表缺失/DB 不可用）errType=BadSqlGrammarException msg=
### Error querying database.  Cause: org.postgresql.util.PSQLException: ERROR: relation "public.ecos_runtime_audit_retry" does not exist
  位置：256
### The error may exist in com/chinacreator/gzcm/runtime/audit/mapper/AuditRetryMapper.java (best guess)
### The error may involve com.chinacreator.gzcm.runtime.audit.mapper.AuditRetryMapper.listDue-Inline
### The error occurred while setting parameters
### SQL: SELECT id, event_type AS eventType, payload, attempts, next_retry_at AS nextRetryAt, last_error AS lastError, status, trace_id AS traceId, create_time AS createTime, update_time AS updateTime, version_no AS versionNo, is_deleted AS isDeleted, domain FROM public.ecos_runtime_audit_retry WHERE is_deleted = 0 AND status = 'pending' AND next_retry_at <= ? ORDER BY next_retry_at ASC LIMIT ?
### Cause: org.postgresql.util.PSQLException: ERROR: relation "public.ecos_runtime_audit_retry" does not exist
  位置：256
; bad SQL grammar []
2026-10-10 11:02:51.189 [scheduling-1] [] WARN  c.c.g.runtime.audit.AuditRetryTask - [AuditRetry] 到期行拉取失败（表缺失/DB 不可用）errType=BadSqlGrammarException msg=
### Error querying database.  Cause: org.postgresql.util.PSQLException: ERROR: relation "public.ecos_runtime_audit_retry" does not exist
  位置：256
### The error may exist in com/chinacreator/gzcm/runtime/audit/mapper/AuditRetryMapper.java (best guess)
### The error may involve com.chinacreator.gzcm.runtime.audit.mapper.AuditRetryMapper.listDue-Inline
### The error occurred while setting parameters
### SQL: SELECT id, event_type AS eventType, payload, attempts, next_retry_at AS nextRetryAt, last_error AS lastError, status, trace_id AS traceId, create_time AS createTime, update_time AS updateTime, version_no AS versionNo, is_deleted AS isDeleted, domain FROM public.ecos_runtime_audit_retry WHERE is_deleted = 0 AND status = 'pending' AND next_retry_at <= ? ORDER BY next_retry_at ASC LIMIT ?
### Cause: org.postgresql.util.PSQLException: ERROR: relation "public.ecos_runtime_audit_retry" does not exist
  位置：256
; bad SQL grammar []
2026-10-10 11:03:02.905 [pool-3-thread-3] [] INFO  c.c.g.r.c.t.s.i.TaskManagementServiceImpl - 任务已提交: taskId=be121d11-f048-475d-be5f-f764096711a9, taskName=cognitive-mental-scan
2026-10-10 11:03:02.907 [pool-3-thread-3] [] INFO  c.c.g.r.c.t.s.i.TaskManagementServiceImpl - 任务已解析: taskId=be121d11-f048-475d-be5f-f764096711a9
2026-10-10 11:03:02.941 [pool-3-thread-3] [] INFO  c.c.g.e.c.s.mental.MentalScanTask - PMO-59 心智层补算一代完成: scanned=5 invalidated=0
2026-10-10 11:03:02.943 [pool-3-thread-3] [] INFO  c.c.g.r.c.t.s.i.TaskManagementServiceImpl - 任务执行完成: taskId=be121d11-f048-475d-be5f-f764096711a9, status=SUCCEEDED
2026-10-10 11:03:02.944 [pool-3-thread-3] [] INFO  c.c.g.r.c.t.s.TaskSchedulerServiceImpl - 定时任务已提交执行 taskId=be121d11-f048-475d-be5f-f764096711a9 taskType=COGNITIVE_MENTAL_SCAN scheduleId=7a77d5c0-3368-4754-87b1-8f0eb6fe7fac
2026-10-10 11:03:51.196 [scheduling-1] [] WARN  c.c.g.runtime.audit.AuditRetryTask - [AuditRetry] 到期行拉取失败（表缺失/DB 不可用）errType=BadSqlGrammarException msg=
### Error querying database.  Cause: org.postgresql.util.PSQLException: ERROR: relation "public.ecos_runtime_audit_retry" does not exist
  位置：256
### The error may exist in com/chinacreator/gzcm/runtime/audit/mapper/AuditRetryMapper.java (best guess)
### The error may involve com.chinacreator.gzcm.runtime.audit.mapper.AuditRetryMapper.listDue-Inline
### The error occurred while setting parameters
### SQL: SELECT id, event_type AS eventType, payload, attempts, next_retry_at AS nextRetryAt, last_error AS lastError, status, trace_id AS traceId, create_time AS createTime, update_time AS updateTime, version_no AS versionNo, is_deleted AS isDeleted, domain FROM public.ecos_runtime_audit_retry WHERE is_deleted = 0 AND status = 'pending' AND next_retry_at <= ? ORDER BY next_retry_at ASC LIMIT ?
### Cause: org.postgresql.util.PSQLException: ERROR: relation "public.ecos_runtime_audit_retry" does not exist
  位置：256
; bad SQL grammar []
2026-10-10 11:04:18.477 [scheduling-1] [] WARN  c.c.gzcm.runtime.dlq.DltLagChecker - [DltLagChecker] AdminClient 创建失败 errType=KafkaException msg=Failed to create new KafkaAdminClient
2026-10-10 11:04:18.478 [scheduling-1] [] WARN  c.c.gzcm.runtime.dlq.DltLagChecker - [DltLagChecker] AdminClient 不可用（bootstrap=localhost:9092），本轮降级跳过
2026-10-10 11:04:51.204 [scheduling-1] [] WARN  c.c.g.runtime.audit.AuditRetryTask - [AuditRetry] 到期行拉取失败（表缺失/DB 不可用）errType=BadSqlGrammarException msg=
### Error querying database.  Cause: org.postgresql.util.PSQLException: ERROR: relation "public.ecos_runtime_audit_retry" does not exist
  位置：256
### The error may exist in com/chinacreator/gzcm/runtime/audit/mapper/AuditRetryMapper.java (best guess)
### The error may involve com.chinacreator.gzcm.runtime.audit.mapper.AuditRetryMapper.listDue-Inline
### The error occurred while setting parameters
### SQL: SELECT id, event_type AS eventType, payload, attempts, next_retry_at AS nextRetryAt, last_error AS lastError, status, trace_id AS traceId, create_time AS createTime, update_time AS updateTime, version_no AS versionNo, is_deleted AS isDeleted, domain FROM public.ecos_runtime_audit_retry WHERE is_deleted = 0 AND status = 'pending' AND next_retry_at <= ? ORDER BY next_retry_at ASC LIMIT ?
### Cause: org.postgresql.util.PSQLException: ERROR: relation "public.ecos_runtime_audit_retry" does not exist
  位置：256
; bad SQL grammar []
2026-10-10 11:05:51.224 [scheduling-1] [] WARN  c.c.g.runtime.audit.AuditRetryTask - [AuditRetry] 到期行拉取失败（表缺失/DB 不可用）errType=BadSqlGrammarException msg=
### Error querying database.  Cause: org.postgresql.util.PSQLException: ERROR: relation "public.ecos_runtime_audit_retry" does not exist
  位置：256
### The error may exist in com/chinacreator/gzcm/runtime/audit/mapper/AuditRetryMapper.java (best guess)
### The error may involve com.chinacreator.gzcm.runtime.audit.mapper.AuditRetryMapper.listDue-Inline
### The error occurred while setting parameters
### SQL: SELECT id, event_type AS eventType, payload, attempts, next_retry_at AS nextRetryAt, last_error AS lastError, status, trace_id AS traceId, create_time AS createTime, update_time AS updateTime, version_no AS versionNo, is_deleted AS isDeleted, domain FROM public.ecos_runtime_audit_retry WHERE is_deleted = 0 AND status = 'pending' AND next_retry_at <= ? ORDER BY next_retry_at ASC LIMIT ?
### Cause: org.postgresql.util.PSQLException: ERROR: relation "public.ecos_runtime_audit_retry" does not exist
  位置：256
; bad SQL grammar []
2026-10-10 11:06:51.248 [scheduling-1] [] WARN  c.c.g.runtime.audit.AuditRetryTask - [AuditRetry] 到期行拉取失败（表缺失/DB 不可用）errType=BadSqlGrammarException msg=
### Error querying database.  Cause: org.postgresql.util.PSQLException: ERROR: relation "public.ecos_runtime_audit_retry" does not exist
  位置：256
### The error may exist in com/chinacreator/gzcm/runtime/audit/mapper/AuditRetryMapper.java (best guess)
### The error may involve com.chinacreator.gzcm.runtime.audit.mapper.AuditRetryMapper.listDue-Inline
### The error occurred while setting parameters
### SQL: SELECT id, event_type AS eventType, payload, attempts, next_retry_at AS nextRetryAt, last_error AS lastError, status, trace_id AS traceId, create_time AS createTime, update_time AS updateTime, version_no AS versionNo, is_deleted AS isDeleted, domain FROM public.ecos_runtime_audit_retry WHERE is_deleted = 0 AND status = 'pending' AND next_retry_at <= ? ORDER BY next_retry_at ASC LIMIT ?
### Cause: org.postgresql.util.PSQLException: ERROR: relation "public.ecos_runtime_audit_retry" does not exist
  位置：256
; bad SQL grammar []
2026-10-10 11:07:51.266 [scheduling-1] [] WARN  c.c.g.runtime.audit.AuditRetryTask - [AuditRetry] 到期行拉取失败（表缺失/DB 不可用）errType=BadSqlGrammarException msg=
### Error querying database.  Cause: org.postgresql.util.PSQLException: ERROR: relation "public.ecos_runtime_audit_retry" does not exist
  位置：256
### The error may exist in com/chinacreator/gzcm/runtime/audit/mapper/AuditRetryMapper.java (best guess)
### The error may involve com.chinacreator.gzcm.runtime.audit.mapper.AuditRetryMapper.listDue-Inline
### The error occurred while setting parameters
### SQL: SELECT id, event_type AS eventType, payload, attempts, next_retry_at AS nextRetryAt, last_error AS lastError, status, trace_id AS traceId, create_time AS createTime, update_time AS updateTime, version_no AS versionNo, is_deleted AS isDeleted, domain FROM public.ecos_runtime_audit_retry WHERE is_deleted = 0 AND status = 'pending' AND next_retry_at <= ? ORDER BY next_retry_at ASC LIMIT ?
### Cause: org.postgresql.util.PSQLException: ERROR: relation "public.ecos_runtime_audit_retry" does not exist
  位置：256
; bad SQL grammar []
2026-10-10 11:08:51.283 [scheduling-1] [] WARN  c.c.g.runtime.audit.AuditRetryTask - [AuditRetry] 到期行拉取失败（表缺失/DB 不可用）errType=BadSqlGrammarException msg=
### Error querying database.  Cause: org.postgresql.util.PSQLException: ERROR: relation "public.ecos_runtime_audit_retry" does not exist
  位置：256
### The error may exist in com/chinacreator/gzcm/runtime/audit/mapper/AuditRetryMapper.java (best guess)
### The error may involve com.chinacreator.gzcm.runtime.audit.mapper.AuditRetryMapper.listDue-Inline
### The error occurred while setting parameters
### SQL: SELECT id, event_type AS eventType, payload, attempts, next_retry_at AS nextRetryAt, last_error AS lastError, status, trace_id AS traceId, create_time AS createTime, update_time AS updateTime, version_no AS versionNo, is_deleted AS isDeleted, domain FROM public.ecos_runtime_audit_retry WHERE is_deleted = 0 AND status = 'pending' AND next_retry_at <= ? ORDER BY next_retry_at ASC LIMIT ?
### Cause: org.postgresql.util.PSQLException: ERROR: relation "public.ecos_runtime_audit_retry" does not exist
  位置：256
; bad SQL grammar []
2026-10-10 11:09:18.492 [scheduling-1] [] WARN  c.c.gzcm.runtime.dlq.DltLagChecker - [DltLagChecker] AdminClient 创建失败 errType=KafkaException msg=Failed to create new KafkaAdminClient
2026-10-10 11:09:18.494 [scheduling-1] [] WARN  c.c.gzcm.runtime.dlq.DltLagChecker - [DltLagChecker] AdminClient 不可用（bootstrap=localhost:9092），本轮降级跳过
2026-10-10 11:09:51.289 [scheduling-1] [] WARN  c.c.g.runtime.audit.AuditRetryTask - [AuditRetry] 到期行拉取失败（表缺失/DB 不可用）errType=BadSqlGrammarException msg=
### Error querying database.  Cause: org.postgresql.util.PSQLException: ERROR: relation "public.ecos_runtime_audit_retry" does not exist
  位置：256
### The error may exist in com/chinacreator/gzcm/runtime/audit/mapper/AuditRetryMapper.java (best guess)
### The error may involve com.chinacreator.gzcm.runtime.audit.mapper.AuditRetryMapper.listDue-Inline
### The error occurred while setting parameters
### SQL: SELECT id, event_type AS eventType, payload, attempts, next_retry_at AS nextRetryAt, last_error AS lastError, status, trace_id AS traceId, create_time AS createTime, update_time AS updateTime, version_no AS versionNo, is_deleted AS isDeleted, domain FROM public.ecos_runtime_audit_retry WHERE is_deleted = 0 AND status = 'pending' AND next_retry_at <= ? ORDER BY next_retry_at ASC LIMIT ?
### Cause: org.postgresql.util.PSQLException: ERROR: relation "public.ecos_runtime_audit_retry" does not exist
  位置：256
; bad SQL grammar []
2026-10-10 11:10:51.318 [scheduling-1] [] WARN  c.c.g.runtime.audit.AuditRetryTask - [AuditRetry] 到期行拉取失败（表缺失/DB 不可用）errType=BadSqlGrammarException msg=
### Error querying database.  Cause: org.postgresql.util.PSQLException: ERROR: relation "public.ecos_runtime_audit_retry" does not exist
  位置：256
### The error may exist in com/chinacreator/gzcm/runtime/audit/mapper/AuditRetryMapper.java (best guess)
### The error may involve com.chinacreator.gzcm.runtime.audit.mapper.AuditRetryMapper.listDue-Inline
### The error occurred while setting parameters
### SQL: SELECT id, event_type AS eventType, payload, attempts, next_retry_at AS nextRetryAt, last_error AS lastError, status, trace_id AS traceId, create_time AS createTime, update_time AS updateTime, version_no AS versionNo, is_deleted AS isDeleted, domain FROM public.ecos_runtime_audit_retry WHERE is_deleted = 0 AND status = 'pending' AND next_retry_at <= ? ORDER BY next_retry_at ASC LIMIT ?
### Cause: org.postgresql.util.PSQLException: ERROR: relation "public.ecos_runtime_audit_retry" does not exist
  位置：256
; bad SQL grammar []
2026-10-10 11:11:51.329 [scheduling-1] [] WARN  c.c.g.runtime.audit.AuditRetryTask - [AuditRetry] 到期行拉取失败（表缺失/DB 不可用）errType=BadSqlGrammarException msg=
### Error querying database.  Cause: org.postgresql.util.PSQLException: ERROR: relation "public.ecos_runtime_audit_retry" does not exist
  位置：256
### The error may exist in com/chinacreator/gzcm/runtime/audit/mapper/AuditRetryMapper.java (best guess)
### The error may involve com.chinacreator.gzcm.runtime.audit.mapper.AuditRetryMapper.listDue-Inline
### The error occurred while setting parameters
### SQL: SELECT id, event_type AS eventType, payload, attempts, next_retry_at AS nextRetryAt, last_error AS lastError, status, trace_id AS traceId, create_time AS createTime, update_time AS updateTime, version_no AS versionNo, is_deleted AS isDeleted, domain FROM public.ecos_runtime_audit_retry WHERE is_deleted = 0 AND status = 'pending' AND next_retry_at <= ? ORDER BY next_retry_at ASC LIMIT ?
### Cause: org.postgresql.util.PSQLException: ERROR: relation "public.ecos_runtime_audit_retry" does not exist
  位置：256
; bad SQL grammar []
2026-10-10 11:12:51.344 [scheduling-1] [] WARN  c.c.g.runtime.audit.AuditRetryTask - [AuditRetry] 到期行拉取失败（表缺失/DB 不可用）errType=BadSqlGrammarException msg=
### Error querying database.  Cause: org.postgresql.util.PSQLException: ERROR: relation "public.ecos_runtime_audit_retry" does not exist
  位置：256
### The error may exist in com/chinacreator/gzcm/runtime/audit/mapper/AuditRetryMapper.java (best guess)
### The error may involve com.chinacreator.gzcm.runtime.audit.mapper.AuditRetryMapper.listDue-Inline
### The error occurred while setting parameters
### SQL: SELECT id, event_type AS eventType, payload, attempts, next_retry_at AS nextRetryAt, last_error AS lastError, status, trace_id AS traceId, create_time AS createTime, update_time AS updateTime, version_no AS versionNo, is_deleted AS isDeleted, domain FROM public.ecos_runtime_audit_retry WHERE is_deleted = 0 AND status = 'pending' AND next_retry_at <= ? ORDER BY next_retry_at ASC LIMIT ?
### Cause: org.postgresql.util.PSQLException: ERROR: relation "public.ecos_runtime_audit_retry" does not exist
  位置：256
; bad SQL grammar []
2026-10-10 11:13:02.915 [pool-3-thread-3] [] INFO  c.c.g.r.c.t.s.i.TaskManagementServiceImpl - 任务已提交: taskId=be121d11-f048-475d-be5f-f764096711a9, taskName=cognitive-mental-scan
2026-10-10 11:13:02.916 [pool-3-thread-3] [] INFO  c.c.g.r.c.t.s.i.TaskManagementServiceImpl - 任务已解析: taskId=be121d11-f048-475d-be5f-f764096711a9
2026-10-10 11:13:02.942 [pool-3-thread-3] [] INFO  c.c.g.e.c.s.mental.MentalScanTask - PMO-59 心智层补算一代完成: scanned=5 invalidated=0
2026-10-10 11:13:02.943 [pool-3-thread-3] [] INFO  c.c.g.r.c.t.s.i.TaskManagementServiceImpl - 任务执行完成: taskId=be121d11-f048-475d-be5f-f764096711a9, status=SUCCEEDED
2026-10-10 11:13:02.945 [pool-3-thread-3] [] INFO  c.c.g.r.c.t.s.TaskSchedulerServiceImpl - 定时任务已提交执行 taskId=be121d11-f048-475d-be5f-f764096711a9 taskType=COGNITIVE_MENTAL_SCAN scheduleId=7a77d5c0-3368-4754-87b1-8f0eb6fe7fac
2026-10-10 11:13:51.372 [scheduling-1] [] WARN  c.c.g.runtime.audit.AuditRetryTask - [AuditRetry] 到期行拉取失败（表缺失/DB 不可用）errType=BadSqlGrammarException msg=
### Error querying database.  Cause: org.postgresql.util.PSQLException: ERROR: relation "public.ecos_runtime_audit_retry" does not exist
  位置：256
### The error may exist in com/chinacreator/gzcm/runtime/audit/mapper/AuditRetryMapper.java (best guess)
### The error may involve com.chinacreator.gzcm.runtime.audit.mapper.AuditRetryMapper.listDue-Inline
### The error occurred while setting parameters
### SQL: SELECT id, event_type AS eventType, payload, attempts, next_retry_at AS nextRetryAt, last_error AS lastError, status, trace_id AS traceId, create_time AS createTime, update_time AS updateTime, version_no AS versionNo, is_deleted AS isDeleted, domain FROM public.ecos_runtime_audit_retry WHERE is_deleted = 0 AND status = 'pending' AND next_retry_at <= ? ORDER BY next_retry_at ASC LIMIT ?
### Cause: org.postgresql.util.PSQLException: ERROR: relation "public.ecos_runtime_audit_retry" does not exist
  位置：256
; bad SQL grammar []
2026-10-10 11:14:18.522 [scheduling-1] [] WARN  c.c.gzcm.runtime.dlq.DltLagChecker - [DltLagChecker] AdminClient 创建失败 errType=KafkaException msg=Failed to create new KafkaAdminClient
2026-10-10 11:14:18.524 [scheduling-1] [] WARN  c.c.gzcm.runtime.dlq.DltLagChecker - [DltLagChecker] AdminClient 不可用（bootstrap=localhost:9092），本轮降级跳过
2026-10-10 11:14:51.382 [scheduling-1] [] WARN  c.c.g.runtime.audit.AuditRetryTask - [AuditRetry] 到期行拉取失败（表缺失/DB 不可用）errType=BadSqlGrammarException msg=
### Error querying database.  Cause: org.postgresql.util.PSQLException: ERROR: relation "public.ecos_runtime_audit_retry" does not exist
  位置：256
### The error may exist in com/chinacreator/gzcm/runtime/audit/mapper/AuditRetryMapper.java (best guess)
### The error may involve com.chinacreator.gzcm.runtime.audit.mapper.AuditRetryMapper.listDue-Inline
### The error occurred while setting parameters
### SQL: SELECT id, event_type AS eventType, payload, attempts, next_retry_at AS nextRetryAt, last_error AS lastError, status, trace_id AS traceId, create_time AS createTime, update_time AS updateTime, version_no AS versionNo, is_deleted AS isDeleted, domain FROM public.ecos_runtime_audit_retry WHERE is_deleted = 0 AND status = 'pending' AND next_retry_at <= ? ORDER BY next_retry_at ASC LIMIT ?
### Cause: org.postgresql.util.PSQLException: ERROR: relation "public.ecos_runtime_audit_retry" does not exist
  位置：256
; bad SQL grammar []
2026-10-10 11:15:51.399 [scheduling-1] [] WARN  c.c.g.runtime.audit.AuditRetryTask - [AuditRetry] 到期行拉取失败（表缺失/DB 不可用）errType=BadSqlGrammarException msg=
### Error querying database.  Cause: org.postgresql.util.PSQLException: ERROR: relation "public.ecos_runtime_audit_retry" does not exist
  位置：256
### The error may exist in com/chinacreator/gzcm/runtime/audit/mapper/AuditRetryMapper.java (best guess)
### The error may involve com.chinacreator.gzcm.runtime.audit.mapper.AuditRetryMapper.listDue-Inline
### The error occurred while setting parameters
### SQL: SELECT id, event_type AS eventType, payload, attempts, next_retry_at AS nextRetryAt, last_error AS lastError, status, trace_id AS traceId, create_time AS createTime, update_time AS updateTime, version_no AS versionNo, is_deleted AS isDeleted, domain FROM public.ecos_runtime_audit_retry WHERE is_deleted = 0 AND status = 'pending' AND next_retry_at <= ? ORDER BY next_retry_at ASC LIMIT ?
### Cause: org.postgresql.util.PSQLException: ERROR: relation "public.ecos_runtime_audit_retry" does not exist
  位置：256
; bad SQL grammar []
2026-10-10 11:16:51.427 [scheduling-1] [] WARN  c.c.g.runtime.audit.AuditRetryTask - [AuditRetry] 到期行拉取失败（表缺失/DB 不可用）errType=BadSqlGrammarException msg=
### Error querying database.  Cause: org.postgresql.util.PSQLException: ERROR: relation "public.ecos_runtime_audit_retry" does not exist
  位置：256
### The error may exist in com/chinacreator/gzcm/runtime/audit/mapper/AuditRetryMapper.java (best guess)
### The error may involve com.chinacreator.gzcm.runtime.audit.mapper.AuditRetryMapper.listDue-Inline
### The error occurred while setting parameters
### SQL: SELECT id, event_type AS eventType, payload, attempts, next_retry_at AS nextRetryAt, last_error AS lastError, status, trace_id AS traceId, create_time AS createTime, update_time AS updateTime, version_no AS versionNo, is_deleted AS isDeleted, domain FROM public.ecos_runtime_audit_retry WHERE is_deleted = 0 AND status = 'pending' AND next_retry_at <= ? ORDER BY next_retry_at ASC LIMIT ?
### Cause: org.postgresql.util.PSQLException: ERROR: relation "public.ecos_runtime_audit_retry" does not exist
  位置：256
; bad SQL grammar []
2026-10-10 11:17:51.443 [scheduling-1] [] WARN  c.c.g.runtime.audit.AuditRetryTask - [AuditRetry] 到期行拉取失败（表缺失/DB 不可用）errType=BadSqlGrammarException msg=
### Error querying database.  Cause: org.postgresql.util.PSQLException: ERROR: relation "public.ecos_runtime_audit_retry" does not exist
  位置：256
### The error may exist in com/chinacreator/gzcm/runtime/audit/mapper/AuditRetryMapper.java (best guess)
### The error may involve com.chinacreator.gzcm.runtime.audit.mapper.AuditRetryMapper.listDue-Inline
### The error occurred while setting parameters
### SQL: SELECT id, event_type AS eventType, payload, attempts, next_retry_at AS nextRetryAt, last_error AS lastError, status, trace_id AS traceId, create_time AS createTime, update_time AS updateTime, version_no AS versionNo, is_deleted AS isDeleted, domain FROM public.ecos_runtime_audit_retry WHERE is_deleted = 0 AND status = 'pending' AND next_retry_at <= ? ORDER BY next_retry_at ASC LIMIT ?
### Cause: org.postgresql.util.PSQLException: ERROR: relation "public.ecos_runtime_audit_retry" does not exist
  位置：256
; bad SQL grammar []
2026-10-10 11:18:51.461 [scheduling-1] [] WARN  c.c.g.runtime.audit.AuditRetryTask - [AuditRetry] 到期行拉取失败（表缺失/DB 不可用）errType=BadSqlGrammarException msg=
### Error querying database.  Cause: org.postgresql.util.PSQLException: ERROR: relation "public.ecos_runtime_audit_retry" does not exist
  位置：256
### The error may exist in com/chinacreator/gzcm/runtime/audit/mapper/AuditRetryMapper.java (best guess)
### The error may involve com.chinacreator.gzcm.runtime.audit.mapper.AuditRetryMapper.listDue-Inline
### The error occurred while setting parameters
### SQL: SELECT id, event_type AS eventType, payload, attempts, next_retry_at AS nextRetryAt, last_error AS lastError, status, trace_id AS traceId, create_time AS createTime, update_time AS updateTime, version_no AS versionNo, is_deleted AS isDeleted, domain FROM public.ecos_runtime_audit_retry WHERE is_deleted = 0 AND status = 'pending' AND next_retry_at <= ? ORDER BY next_retry_at ASC LIMIT ?
### Cause: org.postgresql.util.PSQLException: ERROR: relation "public.ecos_runtime_audit_retry" does not exist
  位置：256
; bad SQL grammar []
2026-10-10 11:19:18.551 [scheduling-1] [] WARN  c.c.gzcm.runtime.dlq.DltLagChecker - [DltLagChecker] AdminClient 创建失败 errType=KafkaException msg=Failed to create new KafkaAdminClient
2026-10-10 11:19:18.552 [scheduling-1] [] WARN  c.c.gzcm.runtime.dlq.DltLagChecker - [DltLagChecker] AdminClient 不可用（bootstrap=localhost:9092），本轮降级跳过
2026-10-10 11:19:51.481 [scheduling-1] [] WARN  c.c.g.runtime.audit.AuditRetryTask - [AuditRetry] 到期行拉取失败（表缺失/DB 不可用）errType=BadSqlGrammarException msg=
### Error querying database.  Cause: org.postgresql.util.PSQLException: ERROR: relation "public.ecos_runtime_audit_retry" does not exist
  位置：256
### The error may exist in com/chinacreator/gzcm/runtime/audit/mapper/AuditRetryMapper.java (best guess)
### The error may involve com.chinacreator.gzcm.runtime.audit.mapper.AuditRetryMapper.listDue-Inline
### The error occurred while setting parameters
### SQL: SELECT id, event_type AS eventType, payload, attempts, next_retry_at AS nextRetryAt, last_error AS lastError, status, trace_id AS traceId, create_time AS createTime, update_time AS updateTime, version_no AS versionNo, is_deleted AS isDeleted, domain FROM public.ecos_runtime_audit_retry WHERE is_deleted = 0 AND status = 'pending' AND next_retry_at <= ? ORDER BY next_retry_at ASC LIMIT ?
### Cause: org.postgresql.util.PSQLException: ERROR: relation "public.ecos_runtime_audit_retry" does not exist
  位置：256
; bad SQL grammar []
2026-10-10 11:40:33.253 [main] [] INFO  c.c.g.s.a.AimingServiceApplication - Starting AimingServiceApplication using Java 17.0.17 with PID 47388 (D:\workspace\javaprojects\ECOS\ecos_backend\services\aiming\target\aiming-service-1.0.0-SNAPSHOT.jar started by guoro in D:\workspace\javaprojects\ECOS)
2026-10-10 11:40:33.276 [main] [] INFO  c.c.g.s.a.AimingServiceApplication - The following 1 profile is active: "enterprise"
2026-10-10 11:40:41.408 [main] [] WARN  o.m.s.mapper.ClassPathMapperScanner - Skipping MapperFactoryBean with name 'alertRecordMapper' and 'com.chinacreator.gzcm.runtime.core.alert.mapper.AlertRecordMapper' mapperInterface. Bean already defined with the same name!
2026-10-10 11:40:41.421 [main] [] WARN  o.m.s.mapper.ClassPathMapperScanner - Skipping MapperFactoryBean with name 'alertRuleMapper' and 'com.chinacreator.gzcm.runtime.core.alert.mapper.AlertRuleMapper' mapperInterface. Bean already defined with the same name!
2026-10-10 11:40:41.427 [main] [] WARN  o.m.s.mapper.ClassPathMapperScanner - Skipping MapperFactoryBean with name 'IMonitorDataDao' and 'com.chinacreator.gzcm.runtime.core.monitor.monitordata.dao.IMonitorDataDao' mapperInterface. Bean already defined with the same name!
2026-10-10 11:40:41.429 [main] [] WARN  o.m.s.mapper.ClassPathMapperScanner - Skipping MapperFactoryBean with name 'IMonitorObjectDao' and 'com.chinacreator.gzcm.runtime.core.monitor.monitorobject.dao.IMonitorObjectDao' mapperInterface. Bean already defined with the same name!
2026-10-10 11:40:41.430 [main] [] WARN  o.m.s.mapper.ClassPathMapperScanner - Skipping MapperFactoryBean with name 'IMonitorObjectTargetDao' and 'com.chinacreator.gzcm.runtime.core.monitor.monitorobject.dao.IMonitorObjectTargetDao' mapperInterface. Bean already defined with the same name!
2026-10-10 11:40:41.432 [main] [] WARN  o.m.s.mapper.ClassPathMapperScanner - Skipping MapperFactoryBean with name 'IPluginDao' and 'com.chinacreator.gzcm.runtime.core.monitor.plugin.dao.IPluginDao' mapperInterface. Bean already defined with the same name!
2026-10-10 11:40:41.433 [main] [] WARN  o.m.s.mapper.ClassPathMapperScanner - Skipping MapperFactoryBean with name 'IPluginParamsDao' and 'com.chinacreator.gzcm.runtime.core.monitor.plugin.dao.IPluginParamsDao' mapperInterface. Bean already defined with the same name!
2026-10-10 11:40:41.435 [main] [] WARN  o.m.s.mapper.ClassPathMapperScanner - Skipping MapperFactoryBean with name 'IPluginTargetDao' and 'com.chinacreator.gzcm.runtime.core.monitor.plugin.dao.IPluginTargetDao' mapperInterface. Bean already defined with the same name!
2026-10-10 11:40:41.436 [main] [] WARN  o.m.s.mapper.ClassPathMapperScanner - Skipping MapperFactoryBean with name 'IMonitorWarnContactDao' and 'com.chinacreator.gzcm.runtime.core.monitor.server.warn.dao.IMonitorWarnContactDao' mapperInterface. Bean already defined with the same name!
2026-10-10 11:40:41.438 [main] [] WARN  o.m.s.mapper.ClassPathMapperScanner - Skipping MapperFactoryBean with name 'IWarnLogDao' and 'com.chinacreator.gzcm.runtime.core.monitor.server.warn.dao.IWarnLogDao' mapperInterface. Bean already defined with the same name!
2026-10-10 11:40:41.439 [main] [] WARN  o.m.s.mapper.ClassPathMapperScanner - Skipping MapperFactoryBean with name 'IStrategyDao' and 'com.chinacreator.gzcm.runtime.core.monitor.strategy.dao.IStrategyDao' mapperInterface. Bean already defined with the same name!
2026-10-10 11:40:41.457 [main] [] WARN  o.s.c.a.ConfigurationClassPostProcessor - Cannot enhance @Configuration bean definition 'myBatisConfig' since its singleton instance has been created too early. The typical cause is a non-static @Bean method with a BeanDefinitionRegistryPostProcessor return type: Consider declaring such methods as 'static' and/or marking the containing configuration class as 'proxyBeanMethods=false'.
2026-10-10 11:40:50.202 [main] [] INFO  o.s.b.w.e.tomcat.TomcatWebServer - Tomcat initialized with port 18084 (http)
2026-10-10 11:40:50.297 [main] [] INFO  o.a.coyote.http11.Http11NioProtocol - Initializing ProtocolHandler ["http-nio-18084"]
2026-10-10 11:40:50.327 [main] [] INFO  o.a.catalina.core.StandardService - Starting service [Tomcat]
2026-10-10 11:40:50.332 [main] [] INFO  o.a.catalina.core.StandardEngine - Starting Servlet engine: [Apache Tomcat/10.1.18]
2026-10-10 11:40:50.667 [main] [] INFO  o.a.c.c.C.[Tomcat].[localhost].[/] - Initializing Spring embedded WebApplicationContext
2026-10-10 11:40:50.674 [main] [] INFO  o.s.b.w.s.c.ServletWebServerApplicationContext - Root WebApplicationContext: initialization completed in 16886 ms
2026-10-10 11:40:51.933 [main] [] INFO  c.c.g.s.security.JwtTokenProvider - JwtTokenProvider initialized with RS256 keys
2026-10-10 11:40:59.485 [main] [] INFO  c.c.g.e.a.a.m.k.Neo4jQueryService - Neo4jQueryService 已连接 (database: neo4j), 使用 runtime-access 统一客户端
2026-10-10 11:40:59.628 [main] [] INFO  c.c.gzcm.engine.ai.AiEngineImpl - Cognitive engine started (was STOPPED)
2026-10-10 11:40:59.632 [main] [] INFO  c.c.gzcm.engine.ai.AiEngineImpl - Cognitive engine auto-started on boot
2026-10-10 11:41:00.230 [main] [] INFO  c.c.g.r.l.c.LLMGatewayAutoConfiguration - Hermes Engine auto-configuration initialized: enabled=true, defaultProvider=openrouter, defaultModel=deepseek/deepseek-chat
2026-10-10 11:41:00.643 [main] [] INFO  c.c.g.r.l.c.LLMGatewayAutoConfiguration - Hermes OkHttpClient created: timeout=PT1M, retryMaxAttempts=3
2026-10-10 11:41:01.427 [main] [] INFO  c.c.g.r.c.t.s.i.TaskManagementServiceImpl - onStartup: PG 恢复 0 个任务 + 0 个执行计划
2026-10-10 11:41:02.341 [main] [] INFO  c.c.g.engine.ai.service.ToolRegistry - [ToolRegistry] Registered tool: query_db
2026-10-10 11:41:02.346 [main] [] INFO  c.c.g.engine.ai.service.ToolRegistry - [ToolRegistry] Registered tool: invoke_rest
2026-10-10 11:41:02.350 [main] [] INFO  c.c.g.engine.ai.service.ToolRegistry - [ToolRegistry] Registered tool: delegate_to_agent
2026-10-10 11:41:02.354 [main] [] INFO  c.c.g.engine.ai.service.ToolRegistry - [ToolRegistry] Registered tool: read_file
2026-10-10 11:41:02.357 [main] [] INFO  c.c.g.engine.ai.service.ToolRegistry - [ToolRegistry] Registered tool: write_file
2026-10-10 11:41:02.363 [main] [] INFO  c.c.g.engine.ai.service.ToolRegistry - [ToolRegistry] Registered tool: search_files
2026-10-10 11:41:02.368 [main] [] INFO  c.c.g.engine.ai.service.ToolRegistry - [ToolRegistry] Registered tool: patch
2026-10-10 11:41:02.622 [main] [] INFO  c.c.g.e.a.c.AgentProviderController - [AgentProviderController] 委派 LLMGateway.getProviderStatus 取 provider 目录（F06-05）
2026-10-10 11:41:02.850 [main] [] INFO  c.c.g.e.a.s.AgentTemplateService - Loaded agent template: AI编排Agent (id=builtin-ai-agent)
2026-10-10 11:41:02.856 [main] [] INFO  c.c.g.e.a.s.AgentTemplateService - Loaded agent template: 认知引擎Agent (id=builtin-cognitive-agent)
2026-10-10 11:41:02.859 [main] [] INFO  c.c.g.e.a.s.AgentTemplateService - Loaded agent template: 数据引擎Agent (id=builtin-data-agent)
2026-10-10 11:41:02.863 [main] [] INFO  c.c.g.e.a.s.AgentTemplateService - Loaded agent template: 知识库Agent (id=builtin-kb-agent)
2026-10-10 11:41:02.873 [main] [] INFO  c.c.g.e.a.s.AgentTemplateService - Loaded agent template: 本体引擎Agent (id=builtin-ontology-agent)
2026-10-10 11:41:02.877 [main] [] INFO  c.c.g.e.a.s.AgentTemplateService - Loaded agent template: 安全引擎Agent (id=builtin-security-agent)
2026-10-10 11:41:02.880 [main] [] INFO  c.c.g.e.a.s.AgentTemplateService - AgentTemplateService initialized with 6 templates
2026-10-10 11:41:03.298 [main] [] INFO  c.c.g.r.e.KafkaBusProducerConfig - [runtime-event] Kafka producer 装配: bootstrap=localhost:9092
2026-10-10 11:41:03.647 [main] [] INFO  c.c.g.r.e.KafkaBusConsumerConfig - [runtime-event] Kafka consumer 基参装配: bootstrap=localhost:9092, autoOffsetReset=latest
2026-10-10 11:41:03.665 [main] [] INFO  c.c.g.r.e.KafkaEventBusServiceImpl - [EventBus][KAFKA] activated — broker 在/不在都能发, 失败仅记 WARN 不阻塞主流程; groupPrefix=<per-subscription fan-out>
2026-10-10 11:41:03.790 [main] [] INFO  c.c.g.e.c.c.CognitiveMentalConfig - [CognitiveMental] IWarnLogService 已装配 + 告警落库通道启用 (ecos_warn_log, PMO-59 P4a)
2026-10-10 11:41:05.645 [main] [] INFO  o.s.k.c.DefaultKafkaConsumerFactory$ExtendedKafkaConsumer - [Consumer clientId=consumer-ecos-event-ecos.cognitive-4684ab73-8925-433b-9cea-f67306e73525-1, groupId=ecos-event-ecos.cognitive-4684ab73-8925-433b-9cea-f67306e73525] Subscribed to topic(s): ecos.cognitive
2026-10-10 11:41:05.687 [main] [] INFO  c.c.g.r.e.KafkaEventBusServiceImpl - [EventBus][KAFKA] subscribe bridged topic=ecos.cognitive group=ecos-event-ecos.cognitive-4684ab73-8925-433b-9cea-f67306e73525 payloadType=java.util.Map
2026-10-10 11:41:05.689 [main] [] INFO  c.c.g.e.c.s.m.CognitiveInvalidationConsumer - CognitiveInvalidationConsumer: subscribed topic=ecos.cognitive via EventBusService (Kafka 模式仅内存镜像；跨 JVM 消费待 dbus 装载 KafkaListener)
2026-10-10 11:41:05.816 [main] [] INFO  c.c.g.e.c.s.mental.MentalScanTask - PMO-59 心智层补算任务已注册到 runtime-task: taskType=COGNITIVE_MENTAL_SCAN, scheduleId=dc737701-a903-4de9-be3b-8e52b81df940, periodMillis=600000
2026-10-10 11:41:05.827 [pool-3-thread-1] [] INFO  c.c.g.r.c.t.s.i.TaskManagementServiceImpl - 任务已提交: taskId=45d5a9a1-d135-4b1a-b6ff-a17aa6e38dc7, taskName=cognitive-mental-scan
2026-10-10 11:41:05.839 [pool-3-thread-1] [] INFO  c.c.g.r.c.t.s.i.TaskManagementServiceImpl - 任务已解析: taskId=45d5a9a1-d135-4b1a-b6ff-a17aa6e38dc7
2026-10-10 11:41:05.954 [pool-3-thread-1] [] INFO  com.zaxxer.hikari.HikariDataSource - AimingHikariCP - Starting...
2026-10-10 11:41:06.024 [main] [] INFO  o.s.b.f.a.AutowiredAnnotationBeanPostProcessor - Inconsistent constructor declaration on bean with name 'securityCryptoEgress': single autowire-marked constructor flagged as optional - this constructor is effectively required since there is no default constructor to fall back to: public com.chinacreator.gzcm.runtime.core.crypto.SecurityCryptoEgress(org.springframework.context.ApplicationContext)
2026-10-10 11:41:06.548 [main] [] INFO  c.c.gzcm.runtime.dlq.DltConsumer - [DltConsumer] 装配 DLQ 消费容器 11 个 (groupId=ecos-dlt-consumer, autoOffsetReset=latest)
2026-10-10 11:41:08.403 [main] [] INFO  c.c.g.r.a.olap.DuckDBQueryService - DuckDBQueryService downgraded (DuckDB migrated to Doris) — all operations are no-ops
2026-10-10 11:41:10.428 [pool-3-thread-1] [] INFO  com.zaxxer.hikari.pool.HikariPool - AimingHikariCP - Added connection org.postgresql.jdbc.PgConnection@f782a9d
2026-10-10 11:41:10.450 [pool-3-thread-1] [] INFO  com.zaxxer.hikari.HikariDataSource - AimingHikariCP - Start completed.
2026-10-10 11:41:10.953 [main] [] INFO  c.c.g.s.c.s.impl.SysConfigService - 缓存刷新完成，当前 146 条配置
2026-10-10 11:41:10.957 [main] [] INFO  c.c.g.s.c.s.impl.SysConfigService - SysConfigService 初始化完成，已加载 146 条配置
2026-10-10 11:41:10.985 [pool-3-thread-1] [] INFO  c.c.g.e.c.s.mental.MentalScanTask - PMO-59 心智层补算一代完成: scanned=5 invalidated=0
2026-10-10 11:41:10.992 [pool-3-thread-1] [] INFO  c.c.g.r.c.t.s.i.TaskManagementServiceImpl - 任务执行完成: taskId=45d5a9a1-d135-4b1a-b6ff-a17aa6e38dc7, status=SUCCEEDED
2026-10-10 11:41:10.994 [pool-3-thread-1] [] INFO  c.c.g.r.c.t.s.TaskSchedulerServiceImpl - 定时任务已提交执行 taskId=45d5a9a1-d135-4b1a-b6ff-a17aa6e38dc7 taskType=COGNITIVE_MENTAL_SCAN scheduleId=dc737701-a903-4de9-be3b-8e52b81df940
2026-10-10 11:41:11.618 [main] [] INFO  c.c.g.s.i.s.impl.DbBlacklistStore - DbBlacklistStore 初始化完成，已清理 sys_token_blacklist 过期项
2026-10-10 11:41:15.590 [runtimeEventBus-ecos.cognitive-1-0-C-1] [] INFO  o.s.k.l.ConcurrentMessageListenerContainer - ecos-event-ecos.cognitive-4684ab73-8925-433b-9cea-f67306e73525: partitions assigned: [ecos.cognitive-0]
2026-10-10 11:41:19.602 [main] [] INFO  o.s.b.a.e.web.EndpointLinksResolver - Exposing 3 endpoint(s) beneath base path '/actuator'
2026-10-10 11:41:20.594 [main] [] INFO  o.s.s.web.DefaultSecurityFilterChain - Will secure any request with [org.springframework.security.web.session.DisableEncodeUrlFilter@36afd06f, org.springframework.security.web.context.request.async.WebAsyncManagerIntegrationFilter@18dda2e1, org.springframework.security.web.context.SecurityContextHolderFilter@3e668743, org.springframework.security.web.header.HeaderWriterFilter@3ea4dcc5, org.springframework.web.filter.CorsFilter@7c3bac88, org.springframework.security.web.authentication.logout.LogoutFilter@5a349644, com.chinacreator.gzcm.sysman.security.JwtAuthenticationFilter@2c465259, org.springframework.security.web.savedrequest.RequestCacheAwareFilter@31b11287, org.springframework.security.web.servletapi.SecurityContextHolderAwareRequestFilter@7f77d839, org.springframework.security.web.authentication.AnonymousAuthenticationFilter@3c0b9643, org.springframework.security.web.session.SessionManagementFilter@6deb2b19, org.springframework.security.web.access.ExceptionTranslationFilter@3bde85b0, org.springframework.security.web.access.intercept.AuthorizationFilter@1b81a499]
2026-10-10 11:41:23.884 [main] [] INFO  o.a.coyote.http11.Http11NioProtocol - Starting ProtocolHandler ["http-nio-18084"]
2026-10-10 11:41:23.957 [main] [] INFO  o.s.b.w.e.tomcat.TomcatWebServer - Tomcat started on port 18084 (http) with context path ''
2026-10-10 11:41:24.044 [main] [] INFO  o.s.k.c.DefaultKafkaConsumerFactory$ExtendedKafkaConsumer - [Consumer clientId=consumer-ecos-dlt-consumer-2, groupId=ecos-dlt-consumer] Subscribed to topic(s): ecos.agent.DLT
2026-10-10 11:41:24.166 [main] [] INFO  o.s.k.c.DefaultKafkaConsumerFactory$ExtendedKafkaConsumer - [Consumer clientId=consumer-ecos-dlt-consumer-3, groupId=ecos-dlt-consumer] Subscribed to topic(s): ecos.audit.DLT
2026-10-10 11:41:24.230 [main] [] INFO  o.s.k.c.DefaultKafkaConsumerFactory$ExtendedKafkaConsumer - [Consumer clientId=consumer-ecos-dlt-consumer-4, groupId=ecos-dlt-consumer] Subscribed to topic(s): ecos.catalog.DLT
2026-10-10 11:41:24.314 [main] [] INFO  o.s.k.c.DefaultKafkaConsumerFactory$ExtendedKafkaConsumer - [Consumer clientId=consumer-ecos-dlt-consumer-5, groupId=ecos-dlt-consumer] Subscribed to topic(s): ecos.cognitive.DLT
2026-10-10 11:41:24.371 [main] [] INFO  o.s.k.c.DefaultKafkaConsumerFactory$ExtendedKafkaConsumer - [Consumer clientId=consumer-ecos-dlt-consumer-6, groupId=ecos-dlt-consumer] Subscribed to topic(s): ecos.data.security-tagged.DLT
2026-10-10 11:41:24.437 [main] [] INFO  o.s.k.c.DefaultKafkaConsumerFactory$ExtendedKafkaConsumer - [Consumer clientId=consumer-ecos-dlt-consumer-7, groupId=ecos-dlt-consumer] Subscribed to topic(s): ecos.identity.DLT
2026-10-10 11:41:24.466 [main] [] INFO  o.s.k.c.DefaultKafkaConsumerFactory$ExtendedKafkaConsumer - [Consumer clientId=consumer-ecos-dlt-consumer-8, groupId=ecos-dlt-consumer] Subscribed to topic(s): ecos.knowledge.DLT
2026-10-10 11:41:24.499 [main] [] INFO  o.s.k.c.DefaultKafkaConsumerFactory$ExtendedKafkaConsumer - [Consumer clientId=consumer-ecos-dlt-consumer-9, groupId=ecos-dlt-consumer] Subscribed to topic(s): ecos.object.DLT
2026-10-10 11:41:24.531 [main] [] INFO  o.s.k.c.DefaultKafkaConsumerFactory$ExtendedKafkaConsumer - [Consumer clientId=consumer-ecos-dlt-consumer-10, groupId=ecos-dlt-consumer] Subscribed to topic(s): ecos.ontology.DLT
2026-10-10 11:41:24.562 [main] [] INFO  o.s.k.c.DefaultKafkaConsumerFactory$ExtendedKafkaConsumer - [Consumer clientId=consumer-ecos-dlt-consumer-11, groupId=ecos-dlt-consumer] Subscribed to topic(s): ecos.ontology.published.DLT
2026-10-10 11:41:24.589 [main] [] INFO  o.s.k.c.DefaultKafkaConsumerFactory$ExtendedKafkaConsumer - [Consumer clientId=consumer-ecos-dlt-consumer-12, groupId=ecos-dlt-consumer] Subscribed to topic(s): ecos.workflow.DLT
2026-10-10 11:41:24.699 [main] [] INFO  c.c.g.s.a.AimingServiceApplication - Started AimingServiceApplication in 55.259 seconds (process running for 59.068)
2026-10-10 11:41:24.802 [main] [] INFO  c.c.g.e.ai.config.DataInitializer - td_role table already has 11 records, skip seeding
2026-10-10 11:41:24.816 [main] [] INFO  c.c.g.e.ai.config.DataInitializer - CronJob table already has 2 records, skip seeding
2026-10-10 11:41:24.831 [main] [] INFO  c.c.g.e.ai.config.DataInitializer - Skill table already has 3 records, skip seeding
2026-10-10 11:41:25.084 [main] [] INFO  c.c.g.e.ai.config.DataInitializer - Seeded 6 built-in Agents
2026-10-10 11:41:25.344 [ecos-dlt-consumer-ecos.object.DLT-C-1] [] INFO  o.s.k.l.KafkaMessageListenerContainer - ecos-dlt-consumer: partitions assigned: []
2026-10-10 11:41:25.345 [ecos-dlt-consumer-ecos.data.security-tagged.DLT-C-1] [] INFO  o.s.k.l.KafkaMessageListenerContainer - ecos-dlt-consumer: partitions assigned: []
2026-10-10 11:41:25.346 [ecos-dlt-consumer-ecos.audit.DLT-C-1] [] INFO  o.s.k.l.KafkaMessageListenerContainer - ecos-dlt-consumer: partitions assigned: []
2026-10-10 11:41:25.346 [ecos-dlt-consumer-ecos.cognitive.DLT-C-1] [] INFO  o.s.k.l.KafkaMessageListenerContainer - ecos-dlt-consumer: partitions assigned: []
2026-10-10 11:41:25.350 [ecos-dlt-consumer-ecos.ontology.published.DLT-C-1] [] INFO  o.s.k.l.KafkaMessageListenerContainer - ecos-dlt-consumer: partitions assigned: []
2026-10-10 11:41:25.346 [ecos-dlt-consumer-ecos.workflow.DLT-C-1] [] INFO  o.s.k.l.KafkaMessageListenerContainer - ecos-dlt-consumer: partitions assigned: []
2026-10-10 11:41:25.348 [ecos-dlt-consumer-ecos.knowledge.DLT-C-1] [] INFO  o.s.k.l.KafkaMessageListenerContainer - ecos-dlt-consumer: partitions assigned: []
2026-10-10 11:41:25.350 [ecos-dlt-consumer-ecos.identity.DLT-C-1] [] INFO  o.s.k.l.KafkaMessageListenerContainer - ecos-dlt-consumer: partitions assigned: []
2026-10-10 11:41:25.350 [ecos-dlt-consumer-ecos.agent.DLT-C-1] [] INFO  o.s.k.l.KafkaMessageListenerContainer - ecos-dlt-consumer: partitions assigned: []
2026-10-10 11:41:25.353 [ecos-dlt-consumer-ecos.catalog.DLT-C-1] [] INFO  o.s.k.l.KafkaMessageListenerContainer - ecos-dlt-consumer: partitions assigned: []
2026-10-10 11:41:25.353 [ecos-dlt-consumer-ecos.ontology.DLT-C-1] [] INFO  o.s.k.l.KafkaMessageListenerContainer - ecos-dlt-consumer: partitions assigned: [ecos.ontology.DLT-0]
2026-10-10 11:41:55.849 [scheduling-1] [] WARN  c.c.g.runtime.audit.AuditRetryTask - [AuditRetry] 到期行拉取失败（表缺失/DB 不可用）errType=BadSqlGrammarException msg=
### Error querying database.  Cause: org.postgresql.util.PSQLException: ERROR: relation "public.ecos_runtime_audit_retry" does not exist
  位置：256
### The error may exist in com/chinacreator/gzcm/runtime/audit/mapper/AuditRetryMapper.java (best guess)
### The error may involve com.chinacreator.gzcm.runtime.audit.mapper.AuditRetryMapper.listDue-Inline
### The error occurred while setting parameters
### SQL: SELECT id, event_type AS eventType, payload, attempts, next_retry_at AS nextRetryAt, last_error AS lastError, status, trace_id AS traceId, create_time AS createTime, update_time AS updateTime, version_no AS versionNo, is_deleted AS isDeleted, domain FROM public.ecos_runtime_audit_retry WHERE is_deleted = 0 AND status = 'pending' AND next_retry_at <= ? ORDER BY next_retry_at ASC LIMIT ?
### Cause: org.postgresql.util.PSQLException: ERROR: relation "public.ecos_runtime_audit_retry" does not exist
  位置：256
; bad SQL grammar []
2026-10-10 11:42:24.865 [scheduling-1] [] WARN  c.c.gzcm.runtime.dlq.DltLagChecker - [DltLagChecker] AdminClient 创建失败 errType=KafkaException msg=Failed to create new KafkaAdminClient
2026-10-10 11:42:24.868 [scheduling-1] [] WARN  c.c.gzcm.runtime.dlq.DltLagChecker - [DltLagChecker] AdminClient 不可用（bootstrap=localhost:9092），本轮降级跳过
2026-10-10 11:42:28.477 [ecos-dlt-consumer-ecos.object.DLT-C-1] [] INFO  o.s.k.l.KafkaMessageListenerContainer - ecos-dlt-consumer: partitions revoked: []
2026-10-10 11:42:28.505 [ecos-dlt-consumer-ecos.cognitive.DLT-C-1] [] INFO  o.s.k.l.KafkaMessageListenerContainer - ecos-dlt-consumer: partitions revoked: []
2026-10-10 11:42:28.505 [ecos-dlt-consumer-ecos.catalog.DLT-C-1] [] INFO  o.s.k.l.KafkaMessageListenerContainer - ecos-dlt-consumer: partitions revoked: []
2026-10-10 11:42:28.524 [ecos-dlt-consumer-ecos.ontology.DLT-C-1] [] INFO  o.s.k.l.KafkaMessageListenerContainer - ecos-dlt-consumer: partitions revoked: [ecos.ontology.DLT-0]
2026-10-10 11:42:28.524 [ecos-dlt-consumer-ecos.data.security-tagged.DLT-C-1] [] INFO  o.s.k.l.KafkaMessageListenerContainer - ecos-dlt-consumer: partitions revoked: []
2026-10-10 11:42:28.535 [ecos-dlt-consumer-ecos.ontology.published.DLT-C-1] [] INFO  o.s.k.l.KafkaMessageListenerContainer - ecos-dlt-consumer: partitions revoked: []
2026-10-10 11:42:28.535 [ecos-dlt-consumer-ecos.audit.DLT-C-1] [] INFO  o.s.k.l.KafkaMessageListenerContainer - ecos-dlt-consumer: partitions revoked: []
2026-10-10 11:42:28.581 [ecos-dlt-consumer-ecos.identity.DLT-C-1] [] INFO  o.s.k.l.KafkaMessageListenerContainer - ecos-dlt-consumer: partitions revoked: []
2026-10-10 11:42:28.581 [ecos-dlt-consumer-ecos.agent.DLT-C-1] [] INFO  o.s.k.l.KafkaMessageListenerContainer - ecos-dlt-consumer: partitions revoked: []
2026-10-10 11:42:28.581 [ecos-dlt-consumer-ecos.workflow.DLT-C-1] [] INFO  o.s.k.l.KafkaMessageListenerContainer - ecos-dlt-consumer: partitions revoked: []
2026-10-10 11:42:28.581 [ecos-dlt-consumer-ecos.knowledge.DLT-C-1] [] INFO  o.s.k.l.KafkaMessageListenerContainer - ecos-dlt-consumer: partitions revoked: []
2026-10-10 11:42:28.627 [ecos-dlt-consumer-ecos.identity.DLT-C-1] [] INFO  o.s.k.l.KafkaMessageListenerContainer - ecos-dlt-consumer: partitions assigned: []
2026-10-10 11:42:28.630 [ecos-dlt-consumer-ecos.knowledge.DLT-C-1] [] INFO  o.s.k.l.KafkaMessageListenerContainer - ecos-dlt-consumer: partitions assigned: []
2026-10-10 11:42:28.630 [ecos-dlt-consumer-ecos.data.security-tagged.DLT-C-1] [] INFO  o.s.k.l.KafkaMessageListenerContainer - ecos-dlt-consumer: partitions assigned: []
2026-10-10 11:42:28.630 [ecos-dlt-consumer-ecos.ontology.DLT-C-1] [] INFO  o.s.k.l.KafkaMessageListenerContainer - ecos-dlt-consumer: partitions assigned: [ecos.ontology.DLT-0]
2026-10-10 11:42:28.631 [ecos-dlt-consumer-ecos.catalog.DLT-C-1] [] INFO  o.s.k.l.KafkaMessageListenerContainer - ecos-dlt-consumer: partitions assigned: []
2026-10-10 11:42:28.631 [ecos-dlt-consumer-ecos.agent.DLT-C-1] [] INFO  o.s.k.l.KafkaMessageListenerContainer - ecos-dlt-consumer: partitions assigned: []
2026-10-10 11:42:28.632 [ecos-dlt-consumer-ecos.ontology.published.DLT-C-1] [] INFO  o.s.k.l.KafkaMessageListenerContainer - ecos-dlt-consumer: partitions assigned: []
2026-10-10 11:42:28.634 [ecos-dlt-consumer-ecos.cognitive.DLT-C-1] [] INFO  o.s.k.l.KafkaMessageListenerContainer - ecos-dlt-consumer: partitions assigned: []
2026-10-10 11:42:28.639 [ecos-dlt-consumer-ecos.workflow.DLT-C-1] [] INFO  o.s.k.l.KafkaMessageListenerContainer - ecos-dlt-consumer: partitions assigned: []
2026-10-10 11:42:28.642 [ecos-dlt-consumer-ecos.audit.DLT-C-1] [] INFO  o.s.k.l.KafkaMessageListenerContainer - ecos-dlt-consumer: partitions assigned: []
2026-10-10 11:42:28.643 [ecos-dlt-consumer-ecos.object.DLT-C-1] [] INFO  o.s.k.l.KafkaMessageListenerContainer - ecos-dlt-consumer: partitions assigned: []
2026-10-10 11:42:55.867 [scheduling-1] [] WARN  c.c.g.runtime.audit.AuditRetryTask - [AuditRetry] 到期行拉取失败（表缺失/DB 不可用）errType=BadSqlGrammarException msg=
### Error querying database.  Cause: org.postgresql.util.PSQLException: ERROR: relation "public.ecos_runtime_audit_retry" does not exist
  位置：256
### The error may exist in com/chinacreator/gzcm/runtime/audit/mapper/AuditRetryMapper.java (best guess)
### The error may involve com.chinacreator.gzcm.runtime.audit.mapper.AuditRetryMapper.listDue-Inline
### The error occurred while setting parameters
### SQL: SELECT id, event_type AS eventType, payload, attempts, next_retry_at AS nextRetryAt, last_error AS lastError, status, trace_id AS traceId, create_time AS createTime, update_time AS updateTime, version_no AS versionNo, is_deleted AS isDeleted, domain FROM public.ecos_runtime_audit_retry WHERE is_deleted = 0 AND status = 'pending' AND next_retry_at <= ? ORDER BY next_retry_at ASC LIMIT ?
### Cause: org.postgresql.util.PSQLException: ERROR: relation "public.ecos_runtime_audit_retry" does not exist
  位置：256
; bad SQL grammar []
2026-10-10 11:43:31.775 [ecos-dlt-consumer-ecos.audit.DLT-C-1] [] INFO  o.s.k.l.KafkaMessageListenerContainer - ecos-dlt-consumer: partitions revoked: []
2026-10-10 11:43:31.778 [ecos-dlt-consumer-ecos.ontology.DLT-C-1] [] INFO  o.s.k.l.KafkaMessageListenerContainer - ecos-dlt-consumer: partitions revoked: [ecos.ontology.DLT-0]
2026-10-10 11:43:31.790 [ecos-dlt-consumer-ecos.agent.DLT-C-1] [] INFO  o.s.k.l.KafkaMessageListenerContainer - ecos-dlt-consumer: partitions revoked: []
2026-10-10 11:43:31.790 [ecos-dlt-consumer-ecos.ontology.published.DLT-C-1] [] INFO  o.s.k.l.KafkaMessageListenerContainer - ecos-dlt-consumer: partitions revoked: []
2026-10-10 11:43:31.791 [ecos-dlt-consumer-ecos.identity.DLT-C-1] [] INFO  o.s.k.l.KafkaMessageListenerContainer - ecos-dlt-consumer: partitions revoked: []
2026-10-10 11:43:31.804 [ecos-dlt-consumer-ecos.workflow.DLT-C-1] [] INFO  o.s.k.l.KafkaMessageListenerContainer - ecos-dlt-consumer: partitions revoked: []
2026-10-10 11:43:31.805 [ecos-dlt-consumer-ecos.data.security-tagged.DLT-C-1] [] INFO  o.s.k.l.KafkaMessageListenerContainer - ecos-dlt-consumer: partitions revoked: []
2026-10-10 11:43:31.822 [ecos-dlt-consumer-ecos.object.DLT-C-1] [] INFO  o.s.k.l.KafkaMessageListenerContainer - ecos-dlt-consumer: partitions revoked: []
2026-10-10 11:43:31.822 [ecos-dlt-consumer-ecos.catalog.DLT-C-1] [] INFO  o.s.k.l.KafkaMessageListenerContainer - ecos-dlt-consumer: partitions revoked: []
2026-10-10 11:43:31.836 [ecos-dlt-consumer-ecos.cognitive.DLT-C-1] [] INFO  o.s.k.l.KafkaMessageListenerContainer - ecos-dlt-consumer: partitions revoked: []
2026-10-10 11:43:31.837 [ecos-dlt-consumer-ecos.knowledge.DLT-C-1] [] INFO  o.s.k.l.KafkaMessageListenerContainer - ecos-dlt-consumer: partitions revoked: []
2026-10-10 11:43:31.884 [ecos-dlt-consumer-ecos.identity.DLT-C-1] [] INFO  o.s.k.l.KafkaMessageListenerContainer - ecos-dlt-consumer: partitions assigned: []
2026-10-10 11:43:31.885 [ecos-dlt-consumer-ecos.workflow.DLT-C-1] [] INFO  o.s.k.l.KafkaMessageListenerContainer - ecos-dlt-consumer: partitions assigned: []
2026-10-10 11:43:31.886 [ecos-dlt-consumer-ecos.ontology.DLT-C-1] [] INFO  o.s.k.l.KafkaMessageListenerContainer - ecos-dlt-consumer: partitions assigned: [ecos.ontology.DLT-0]
2026-10-10 11:43:31.886 [ecos-dlt-consumer-ecos.knowledge.DLT-C-1] [] INFO  o.s.k.l.KafkaMessageListenerContainer - ecos-dlt-consumer: partitions assigned: []
2026-10-10 11:43:31.887 [ecos-dlt-consumer-ecos.cognitive.DLT-C-1] [] INFO  o.s.k.l.KafkaMessageListenerContainer - ecos-dlt-consumer: partitions assigned: []
2026-10-10 11:43:31.888 [ecos-dlt-consumer-ecos.ontology.published.DLT-C-1] [] INFO  o.s.k.l.KafkaMessageListenerContainer - ecos-dlt-consumer: partitions assigned: []
2026-10-10 11:43:31.890 [ecos-dlt-consumer-ecos.agent.DLT-C-1] [] INFO  o.s.k.l.KafkaMessageListenerContainer - ecos-dlt-consumer: partitions assigned: []
2026-10-10 11:43:31.891 [ecos-dlt-consumer-ecos.catalog.DLT-C-1] [] INFO  o.s.k.l.KafkaMessageListenerContainer - ecos-dlt-consumer: partitions assigned: []
2026-10-10 11:43:31.892 [ecos-dlt-consumer-ecos.object.DLT-C-1] [] INFO  o.s.k.l.KafkaMessageListenerContainer - ecos-dlt-consumer: partitions assigned: []
2026-10-10 11:43:31.896 [ecos-dlt-consumer-ecos.audit.DLT-C-1] [] INFO  o.s.k.l.KafkaMessageListenerContainer - ecos-dlt-consumer: partitions assigned: []
2026-10-10 11:43:31.896 [ecos-dlt-consumer-ecos.data.security-tagged.DLT-C-1] [] INFO  o.s.k.l.KafkaMessageListenerContainer - ecos-dlt-consumer: partitions assigned: []
2026-10-10 11:43:55.880 [scheduling-1] [] WARN  c.c.g.runtime.audit.AuditRetryTask - [AuditRetry] 到期行拉取失败（表缺失/DB 不可用）errType=BadSqlGrammarException msg=
### Error querying database.  Cause: org.postgresql.util.PSQLException: ERROR: relation "public.ecos_runtime_audit_retry" does not exist
  位置：256
### The error may exist in com/chinacreator/gzcm/runtime/audit/mapper/AuditRetryMapper.java (best guess)
### The error may involve com.chinacreator.gzcm.runtime.audit.mapper.AuditRetryMapper.listDue-Inline
### The error occurred while setting parameters
### SQL: SELECT id, event_type AS eventType, payload, attempts, next_retry_at AS nextRetryAt, last_error AS lastError, status, trace_id AS traceId, create_time AS createTime, update_time AS updateTime, version_no AS versionNo, is_deleted AS isDeleted, domain FROM public.ecos_runtime_audit_retry WHERE is_deleted = 0 AND status = 'pending' AND next_retry_at <= ? ORDER BY next_retry_at ASC LIMIT ?
### Cause: org.postgresql.util.PSQLException: ERROR: relation "public.ecos_runtime_audit_retry" does not exist
  位置：256
; bad SQL grammar []
2026-10-10 11:44:55.896 [scheduling-1] [] WARN  c.c.g.runtime.audit.AuditRetryTask - [AuditRetry] 到期行拉取失败（表缺失/DB 不可用）errType=BadSqlGrammarException msg=
### Error querying database.  Cause: org.postgresql.util.PSQLException: ERROR: relation "public.ecos_runtime_audit_retry" does not exist
  位置：256
### The error may exist in com/chinacreator/gzcm/runtime/audit/mapper/AuditRetryMapper.java (best guess)
### The error may involve com.chinacreator.gzcm.runtime.audit.mapper.AuditRetryMapper.listDue-Inline
### The error occurred while setting parameters
### SQL: SELECT id, event_type AS eventType, payload, attempts, next_retry_at AS nextRetryAt, last_error AS lastError, status, trace_id AS traceId, create_time AS createTime, update_time AS updateTime, version_no AS versionNo, is_deleted AS isDeleted, domain FROM public.ecos_runtime_audit_retry WHERE is_deleted = 0 AND status = 'pending' AND next_retry_at <= ? ORDER BY next_retry_at ASC LIMIT ?
### Cause: org.postgresql.util.PSQLException: ERROR: relation "public.ecos_runtime_audit_retry" does not exist
  位置：256
; bad SQL grammar []
2026-10-10 11:45:55.915 [scheduling-1] [] WARN  c.c.g.runtime.audit.AuditRetryTask - [AuditRetry] 到期行拉取失败（表缺失/DB 不可用）errType=BadSqlGrammarException msg=
### Error querying database.  Cause: org.postgresql.util.PSQLException: ERROR: relation "public.ecos_runtime_audit_retry" does not exist
  位置：256
### The error may exist in com/chinacreator/gzcm/runtime/audit/mapper/AuditRetryMapper.java (best guess)
### The error may involve com.chinacreator.gzcm.runtime.audit.mapper.AuditRetryMapper.listDue-Inline
### The error occurred while setting parameters
### SQL: SELECT id, event_type AS eventType, payload, attempts, next_retry_at AS nextRetryAt, last_error AS lastError, status, trace_id AS traceId, create_time AS createTime, update_time AS updateTime, version_no AS versionNo, is_deleted AS isDeleted, domain FROM public.ecos_runtime_audit_retry WHERE is_deleted = 0 AND status = 'pending' AND next_retry_at <= ? ORDER BY next_retry_at ASC LIMIT ?
### Cause: org.postgresql.util.PSQLException: ERROR: relation "public.ecos_runtime_audit_retry" does not exist
  位置：256
; bad SQL grammar []
2026-10-10 11:46:55.925 [scheduling-1] [] WARN  c.c.g.runtime.audit.AuditRetryTask - [AuditRetry] 到期行拉取失败（表缺失/DB 不可用）errType=BadSqlGrammarException msg=
### Error querying database.  Cause: org.postgresql.util.PSQLException: ERROR: relation "public.ecos_runtime_audit_retry" does not exist
  位置：256
### The error may exist in com/chinacreator/gzcm/runtime/audit/mapper/AuditRetryMapper.java (best guess)
### The error may involve com.chinacreator.gzcm.runtime.audit.mapper.AuditRetryMapper.listDue-Inline
### The error occurred while setting parameters
### SQL: SELECT id, event_type AS eventType, payload, attempts, next_retry_at AS nextRetryAt, last_error AS lastError, status, trace_id AS traceId, create_time AS createTime, update_time AS updateTime, version_no AS versionNo, is_deleted AS isDeleted, domain FROM public.ecos_runtime_audit_retry WHERE is_deleted = 0 AND status = 'pending' AND next_retry_at <= ? ORDER BY next_retry_at ASC LIMIT ?
### Cause: org.postgresql.util.PSQLException: ERROR: relation "public.ecos_runtime_audit_retry" does not exist
  位置：256
; bad SQL grammar []
2026-10-10 11:47:24.886 [scheduling-1] [] WARN  c.c.gzcm.runtime.dlq.DltLagChecker - [DltLagChecker] AdminClient 创建失败 errType=KafkaException msg=Failed to create new KafkaAdminClient
2026-10-10 11:47:24.897 [scheduling-1] [] WARN  c.c.gzcm.runtime.dlq.DltLagChecker - [DltLagChecker] AdminClient 不可用（bootstrap=localhost:9092），本轮降级跳过
2026-10-10 11:47:55.941 [scheduling-1] [] WARN  c.c.g.runtime.audit.AuditRetryTask - [AuditRetry] 到期行拉取失败（表缺失/DB 不可用）errType=BadSqlGrammarException msg=
### Error querying database.  Cause: org.postgresql.util.PSQLException: ERROR: relation "public.ecos_runtime_audit_retry" does not exist
  位置：256
### The error may exist in com/chinacreator/gzcm/runtime/audit/mapper/AuditRetryMapper.java (best guess)
### The error may involve com.chinacreator.gzcm.runtime.audit.mapper.AuditRetryMapper.listDue-Inline
### The error occurred while setting parameters
### SQL: SELECT id, event_type AS eventType, payload, attempts, next_retry_at AS nextRetryAt, last_error AS lastError, status, trace_id AS traceId, create_time AS createTime, update_time AS updateTime, version_no AS versionNo, is_deleted AS isDeleted, domain FROM public.ecos_runtime_audit_retry WHERE is_deleted = 0 AND status = 'pending' AND next_retry_at <= ? ORDER BY next_retry_at ASC LIMIT ?
### Cause: org.postgresql.util.PSQLException: ERROR: relation "public.ecos_runtime_audit_retry" does not exist
  位置：256
; bad SQL grammar []
2026-10-10 11:48:55.950 [scheduling-1] [] WARN  c.c.g.runtime.audit.AuditRetryTask - [AuditRetry] 到期行拉取失败（表缺失/DB 不可用）errType=BadSqlGrammarException msg=
### Error querying database.  Cause: org.postgresql.util.PSQLException: ERROR: relation "public.ecos_runtime_audit_retry" does not exist
  位置：256
### The error may exist in com/chinacreator/gzcm/runtime/audit/mapper/AuditRetryMapper.java (best guess)
### The error may involve com.chinacreator.gzcm.runtime.audit.mapper.AuditRetryMapper.listDue-Inline
### The error occurred while setting parameters
### SQL: SELECT id, event_type AS eventType, payload, attempts, next_retry_at AS nextRetryAt, last_error AS lastError, status, trace_id AS traceId, create_time AS createTime, update_time AS updateTime, version_no AS versionNo, is_deleted AS isDeleted, domain FROM public.ecos_runtime_audit_retry WHERE is_deleted = 0 AND status = 'pending' AND next_retry_at <= ? ORDER BY next_retry_at ASC LIMIT ?
### Cause: org.postgresql.util.PSQLException: ERROR: relation "public.ecos_runtime_audit_retry" does not exist
  位置：256
; bad SQL grammar []
2026-10-10 11:49:55.957 [scheduling-1] [] WARN  c.c.g.runtime.audit.AuditRetryTask - [AuditRetry] 到期行拉取失败（表缺失/DB 不可用）errType=BadSqlGrammarException msg=
### Error querying database.  Cause: org.postgresql.util.PSQLException: ERROR: relation "public.ecos_runtime_audit_retry" does not exist
  位置：256
### The error may exist in com/chinacreator/gzcm/runtime/audit/mapper/AuditRetryMapper.java (best guess)
### The error may involve com.chinacreator.gzcm.runtime.audit.mapper.AuditRetryMapper.listDue-Inline
### The error occurred while setting parameters
### SQL: SELECT id, event_type AS eventType, payload, attempts, next_retry_at AS nextRetryAt, last_error AS lastError, status, trace_id AS traceId, create_time AS createTime, update_time AS updateTime, version_no AS versionNo, is_deleted AS isDeleted, domain FROM public.ecos_runtime_audit_retry WHERE is_deleted = 0 AND status = 'pending' AND next_retry_at <= ? ORDER BY next_retry_at ASC LIMIT ?
### Cause: org.postgresql.util.PSQLException: ERROR: relation "public.ecos_runtime_audit_retry" does not exist
  位置：256
; bad SQL grammar []
2026-10-10 11:50:55.964 [scheduling-1] [] WARN  c.c.g.runtime.audit.AuditRetryTask - [AuditRetry] 到期行拉取失败（表缺失/DB 不可用）errType=BadSqlGrammarException msg=
### Error querying database.  Cause: org.postgresql.util.PSQLException: ERROR: relation "public.ecos_runtime_audit_retry" does not exist
  位置：256
### The error may exist in com/chinacreator/gzcm/runtime/audit/mapper/AuditRetryMapper.java (best guess)
### The error may involve com.chinacreator.gzcm.runtime.audit.mapper.AuditRetryMapper.listDue-Inline
### The error occurred while setting parameters
### SQL: SELECT id, event_type AS eventType, payload, attempts, next_retry_at AS nextRetryAt, last_error AS lastError, status, trace_id AS traceId, create_time AS createTime, update_time AS updateTime, version_no AS versionNo, is_deleted AS isDeleted, domain FROM public.ecos_runtime_audit_retry WHERE is_deleted = 0 AND status = 'pending' AND next_retry_at <= ? ORDER BY next_retry_at ASC LIMIT ?
### Cause: org.postgresql.util.PSQLException: ERROR: relation "public.ecos_runtime_audit_retry" does not exist
  位置：256
; bad SQL grammar []
2026-10-10 11:51:05.823 [pool-3-thread-1] [] INFO  c.c.g.r.c.t.s.i.TaskManagementServiceImpl - 任务已提交: taskId=45d5a9a1-d135-4b1a-b6ff-a17aa6e38dc7, taskName=cognitive-mental-scan
2026-10-10 11:51:05.825 [pool-3-thread-1] [] INFO  c.c.g.r.c.t.s.i.TaskManagementServiceImpl - 任务已解析: taskId=45d5a9a1-d135-4b1a-b6ff-a17aa6e38dc7
2026-10-10 11:51:05.844 [pool-3-thread-1] [] INFO  c.c.g.e.c.s.mental.MentalScanTask - PMO-59 心智层补算一代完成: scanned=5 invalidated=0
2026-10-10 11:51:05.845 [pool-3-thread-1] [] INFO  c.c.g.r.c.t.s.i.TaskManagementServiceImpl - 任务执行完成: taskId=45d5a9a1-d135-4b1a-b6ff-a17aa6e38dc7, status=SUCCEEDED
2026-10-10 11:51:05.846 [pool-3-thread-1] [] INFO  c.c.g.r.c.t.s.TaskSchedulerServiceImpl - 定时任务已提交执行 taskId=45d5a9a1-d135-4b1a-b6ff-a17aa6e38dc7 taskType=COGNITIVE_MENTAL_SCAN scheduleId=dc737701-a903-4de9-be3b-8e52b81df940
2026-10-10 11:51:55.985 [scheduling-1] [] WARN  c.c.g.runtime.audit.AuditRetryTask - [AuditRetry] 到期行拉取失败（表缺失/DB 不可用）errType=BadSqlGrammarException msg=
### Error querying database.  Cause: org.postgresql.util.PSQLException: ERROR: relation "public.ecos_runtime_audit_retry" does not exist
  位置：256
### The error may exist in com/chinacreator/gzcm/runtime/audit/mapper/AuditRetryMapper.java (best guess)
### The error may involve com.chinacreator.gzcm.runtime.audit.mapper.AuditRetryMapper.listDue-Inline
### The error occurred while setting parameters
### SQL: SELECT id, event_type AS eventType, payload, attempts, next_retry_at AS nextRetryAt, last_error AS lastError, status, trace_id AS traceId, create_time AS createTime, update_time AS updateTime, version_no AS versionNo, is_deleted AS isDeleted, domain FROM public.ecos_runtime_audit_retry WHERE is_deleted = 0 AND status = 'pending' AND next_retry_at <= ? ORDER BY next_retry_at ASC LIMIT ?
### Cause: org.postgresql.util.PSQLException: ERROR: relation "public.ecos_runtime_audit_retry" does not exist
  位置：256
; bad SQL grammar []
2026-10-10 11:52:24.928 [scheduling-1] [] WARN  c.c.gzcm.runtime.dlq.DltLagChecker - [DltLagChecker] AdminClient 创建失败 errType=KafkaException msg=Failed to create new KafkaAdminClient
2026-10-10 11:52:24.930 [scheduling-1] [] WARN  c.c.gzcm.runtime.dlq.DltLagChecker - [DltLagChecker] AdminClient 不可用（bootstrap=localhost:9092），本轮降级跳过
2026-10-10 11:52:56.001 [scheduling-1] [] WARN  c.c.g.runtime.audit.AuditRetryTask - [AuditRetry] 到期行拉取失败（表缺失/DB 不可用）errType=BadSqlGrammarException msg=
### Error querying database.  Cause: org.postgresql.util.PSQLException: ERROR: relation "public.ecos_runtime_audit_retry" does not exist
  位置：256
### The error may exist in com/chinacreator/gzcm/runtime/audit/mapper/AuditRetryMapper.java (best guess)
### The error may involve com.chinacreator.gzcm.runtime.audit.mapper.AuditRetryMapper.listDue-Inline
### The error occurred while setting parameters
### SQL: SELECT id, event_type AS eventType, payload, attempts, next_retry_at AS nextRetryAt, last_error AS lastError, status, trace_id AS traceId, create_time AS createTime, update_time AS updateTime, version_no AS versionNo, is_deleted AS isDeleted, domain FROM public.ecos_runtime_audit_retry WHERE is_deleted = 0 AND status = 'pending' AND next_retry_at <= ? ORDER BY next_retry_at ASC LIMIT ?
### Cause: org.postgresql.util.PSQLException: ERROR: relation "public.ecos_runtime_audit_retry" does not exist
  位置：256
; bad SQL grammar []
2026-10-10 11:53:56.009 [scheduling-1] [] WARN  c.c.g.runtime.audit.AuditRetryTask - [AuditRetry] 到期行拉取失败（表缺失/DB 不可用）errType=BadSqlGrammarException msg=
### Error querying database.  Cause: org.postgresql.util.PSQLException: ERROR: relation "public.ecos_runtime_audit_retry" does not exist
  位置：256
### The error may exist in com/chinacreator/gzcm/runtime/audit/mapper/AuditRetryMapper.java (best guess)
### The error may involve com.chinacreator.gzcm.runtime.audit.mapper.AuditRetryMapper.listDue-Inline
### The error occurred while setting parameters
### SQL: SELECT id, event_type AS eventType, payload, attempts, next_retry_at AS nextRetryAt, last_error AS lastError, status, trace_id AS traceId, create_time AS createTime, update_time AS updateTime, version_no AS versionNo, is_deleted AS isDeleted, domain FROM public.ecos_runtime_audit_retry WHERE is_deleted = 0 AND status = 'pending' AND next_retry_at <= ? ORDER BY next_retry_at ASC LIMIT ?
### Cause: org.postgresql.util.PSQLException: ERROR: relation "public.ecos_runtime_audit_retry" does not exist
  位置：256
; bad SQL grammar []
2026-10-10 11:54:56.027 [scheduling-1] [] WARN  c.c.g.runtime.audit.AuditRetryTask - [AuditRetry] 到期行拉取失败（表缺失/DB 不可用）errType=BadSqlGrammarException msg=
### Error querying database.  Cause: org.postgresql.util.PSQLException: ERROR: relation "public.ecos_runtime_audit_retry" does not exist
  位置：256
### The error may exist in com/chinacreator/gzcm/runtime/audit/mapper/AuditRetryMapper.java (best guess)
### The error may involve com.chinacreator.gzcm.runtime.audit.mapper.AuditRetryMapper.listDue-Inline
### The error occurred while setting parameters
### SQL: SELECT id, event_type AS eventType, payload, attempts, next_retry_at AS nextRetryAt, last_error AS lastError, status, trace_id AS traceId, create_time AS createTime, update_time AS updateTime, version_no AS versionNo, is_deleted AS isDeleted, domain FROM public.ecos_runtime_audit_retry WHERE is_deleted = 0 AND status = 'pending' AND next_retry_at <= ? ORDER BY next_retry_at ASC LIMIT ?
### Cause: org.postgresql.util.PSQLException: ERROR: relation "public.ecos_runtime_audit_retry" does not exist
  位置：256
; bad SQL grammar []
2026-10-10 11:55:56.040 [scheduling-1] [] WARN  c.c.g.runtime.audit.AuditRetryTask - [AuditRetry] 到期行拉取失败（表缺失/DB 不可用）errType=BadSqlGrammarException msg=
### Error querying database.  Cause: org.postgresql.util.PSQLException: ERROR: relation "public.ecos_runtime_audit_retry" does not exist
  位置：256
### The error may exist in com/chinacreator/gzcm/runtime/audit/mapper/AuditRetryMapper.java (best guess)
### The error may involve com.chinacreator.gzcm.runtime.audit.mapper.AuditRetryMapper.listDue-Inline
### The error occurred while setting parameters
### SQL: SELECT id, event_type AS eventType, payload, attempts, next_retry_at AS nextRetryAt, last_error AS lastError, status, trace_id AS traceId, create_time AS createTime, update_time AS updateTime, version_no AS versionNo, is_deleted AS isDeleted, domain FROM public.ecos_runtime_audit_retry WHERE is_deleted = 0 AND status = 'pending' AND next_retry_at <= ? ORDER BY next_retry_at ASC LIMIT ?
### Cause: org.postgresql.util.PSQLException: ERROR: relation "public.ecos_runtime_audit_retry" does not exist
  位置：256
; bad SQL grammar []
2026-10-10 11:56:56.057 [scheduling-1] [] WARN  c.c.g.runtime.audit.AuditRetryTask - [AuditRetry] 到期行拉取失败（表缺失/DB 不可用）errType=BadSqlGrammarException msg=
### Error querying database.  Cause: org.postgresql.util.PSQLException: ERROR: relation "public.ecos_runtime_audit_retry" does not exist
  位置：256
### The error may exist in com/chinacreator/gzcm/runtime/audit/mapper/AuditRetryMapper.java (best guess)
### The error may involve com.chinacreator.gzcm.runtime.audit.mapper.AuditRetryMapper.listDue-Inline
### The error occurred while setting parameters
### SQL: SELECT id, event_type AS eventType, payload, attempts, next_retry_at AS nextRetryAt, last_error AS lastError, status, trace_id AS traceId, create_time AS createTime, update_time AS updateTime, version_no AS versionNo, is_deleted AS isDeleted, domain FROM public.ecos_runtime_audit_retry WHERE is_deleted = 0 AND status = 'pending' AND next_retry_at <= ? ORDER BY next_retry_at ASC LIMIT ?
### Cause: org.postgresql.util.PSQLException: ERROR: relation "public.ecos_runtime_audit_retry" does not exist
  位置：256
; bad SQL grammar []
2026-10-10 11:57:24.953 [scheduling-1] [] WARN  c.c.gzcm.runtime.dlq.DltLagChecker - [DltLagChecker] AdminClient 创建失败 errType=KafkaException msg=Failed to create new KafkaAdminClient
2026-10-10 11:57:24.964 [scheduling-1] [] WARN  c.c.gzcm.runtime.dlq.DltLagChecker - [DltLagChecker] AdminClient 不可用（bootstrap=localhost:9092），本轮降级跳过
2026-10-10 11:57:56.073 [scheduling-1] [] WARN  c.c.g.runtime.audit.AuditRetryTask - [AuditRetry] 到期行拉取失败（表缺失/DB 不可用）errType=BadSqlGrammarException msg=
### Error querying database.  Cause: org.postgresql.util.PSQLException: ERROR: relation "public.ecos_runtime_audit_retry" does not exist
  位置：256
### The error may exist in com/chinacreator/gzcm/runtime/audit/mapper/AuditRetryMapper.java (best guess)
### The error may involve com.chinacreator.gzcm.runtime.audit.mapper.AuditRetryMapper.listDue-Inline
### The error occurred while setting parameters
### SQL: SELECT id, event_type AS eventType, payload, attempts, next_retry_at AS nextRetryAt, last_error AS lastError, status, trace_id AS traceId, create_time AS createTime, update_time AS updateTime, version_no AS versionNo, is_deleted AS isDeleted, domain FROM public.ecos_runtime_audit_retry WHERE is_deleted = 0 AND status = 'pending' AND next_retry_at <= ? ORDER BY next_retry_at ASC LIMIT ?
### Cause: org.postgresql.util.PSQLException: ERROR: relation "public.ecos_runtime_audit_retry" does not exist
  位置：256
; bad SQL grammar []
2026-10-10 11:58:24.910 [ecos-dlt-consumer-ecos.identity.DLT-C-1] [] INFO  o.s.k.l.KafkaMessageListenerContainer - ecos-dlt-consumer: partitions revoked: []
2026-10-10 11:58:24.910 [ecos-dlt-consumer-ecos.data.security-tagged.DLT-C-1] [] INFO  o.s.k.l.KafkaMessageListenerContainer - ecos-dlt-consumer: partitions revoked: []
2026-10-10 11:58:24.926 [ecos-dlt-consumer-ecos.agent.DLT-C-1] [] INFO  o.s.k.l.KafkaMessageListenerContainer - ecos-dlt-consumer: partitions revoked: []
2026-10-10 11:58:24.989 [ecos-dlt-consumer-ecos.catalog.DLT-C-1] [] INFO  o.s.k.l.KafkaMessageListenerContainer - ecos-dlt-consumer: partitions revoked: []
2026-10-10 11:58:25.021 [ecos-dlt-consumer-ecos.ontology.published.DLT-C-1] [] INFO  o.s.k.l.KafkaMessageListenerContainer - ecos-dlt-consumer: partitions revoked: []
2026-10-10 11:58:25.159 [ecos-dlt-consumer-ecos.knowledge.DLT-C-1] [] INFO  o.s.k.l.KafkaMessageListenerContainer - ecos-dlt-consumer: partitions revoked: []
2026-10-10 11:58:25.159 [ecos-dlt-consumer-ecos.workflow.DLT-C-1] [] INFO  o.s.k.l.KafkaMessageListenerContainer - ecos-dlt-consumer: partitions revoked: []
2026-10-10 11:58:25.175 [ecos-dlt-consumer-ecos.cognitive.DLT-C-1] [] INFO  o.s.k.l.KafkaMessageListenerContainer - ecos-dlt-consumer: partitions revoked: []
2026-10-10 11:58:25.193 [ecos-dlt-consumer-ecos.ontology.DLT-C-1] [] INFO  o.s.k.l.KafkaMessageListenerContainer - ecos-dlt-consumer: partitions revoked: [ecos.ontology.DLT-0]
2026-10-10 11:58:25.221 [ecos-dlt-consumer-ecos.audit.DLT-C-1] [] INFO  o.s.k.l.KafkaMessageListenerContainer - ecos-dlt-consumer: partitions revoked: []
2026-10-10 11:58:25.221 [ecos-dlt-consumer-ecos.object.DLT-C-1] [] INFO  o.s.k.l.KafkaMessageListenerContainer - ecos-dlt-consumer: partitions revoked: []
2026-10-10 11:58:25.307 [ecos-dlt-consumer-ecos.workflow.DLT-C-1] [] INFO  o.s.k.l.KafkaMessageListenerContainer - ecos-dlt-consumer: partitions assigned: []
2026-10-10 11:58:25.309 [ecos-dlt-consumer-ecos.ontology.DLT-C-1] [] INFO  o.s.k.l.KafkaMessageListenerContainer - ecos-dlt-consumer: partitions assigned: [ecos.ontology.DLT-0]
2026-10-10 11:58:25.307 [ecos-dlt-consumer-ecos.knowledge.DLT-C-1] [] INFO  o.s.k.l.KafkaMessageListenerContainer - ecos-dlt-consumer: partitions assigned: []
2026-10-10 11:58:25.309 [ecos-dlt-consumer-ecos.object.DLT-C-1] [] INFO  o.s.k.l.KafkaMessageListenerContainer - ecos-dlt-consumer: partitions assigned: []
2026-10-10 11:58:25.309 [ecos-dlt-consumer-ecos.ontology.published.DLT-C-1] [] INFO  o.s.k.l.KafkaMessageListenerContainer - ecos-dlt-consumer: partitions assigned: []
2026-10-10 11:58:25.309 [ecos-dlt-consumer-ecos.catalog.DLT-C-1] [] INFO  o.s.k.l.KafkaMessageListenerContainer - ecos-dlt-consumer: partitions assigned: []
2026-10-10 11:58:25.310 [ecos-dlt-consumer-ecos.identity.DLT-C-1] [] INFO  o.s.k.l.KafkaMessageListenerContainer - ecos-dlt-consumer: partitions assigned: []
2026-10-10 11:58:25.310 [ecos-dlt-consumer-ecos.agent.DLT-C-1] [] INFO  o.s.k.l.KafkaMessageListenerContainer - ecos-dlt-consumer: partitions assigned: []
2026-10-10 11:58:25.310 [ecos-dlt-consumer-ecos.data.security-tagged.DLT-C-1] [] INFO  o.s.k.l.KafkaMessageListenerContainer - ecos-dlt-consumer: partitions assigned: []
2026-10-10 11:58:25.310 [ecos-dlt-consumer-ecos.cognitive.DLT-C-1] [] INFO  o.s.k.l.KafkaMessageListenerContainer - ecos-dlt-consumer: partitions assigned: []
2026-10-10 11:58:25.310 [ecos-dlt-consumer-ecos.audit.DLT-C-1] [] INFO  o.s.k.l.KafkaMessageListenerContainer - ecos-dlt-consumer: partitions assigned: []
2026-10-10 11:58:56.093 [scheduling-1] [] WARN  c.c.g.runtime.audit.AuditRetryTask - [AuditRetry] 到期行拉取失败（表缺失/DB 不可用）errType=BadSqlGrammarException msg=
### Error querying database.  Cause: org.postgresql.util.PSQLException: ERROR: relation "public.ecos_runtime_audit_retry" does not exist
  位置：256
### The error may exist in com/chinacreator/gzcm/runtime/audit/mapper/AuditRetryMapper.java (best guess)
### The error may involve com.chinacreator.gzcm.runtime.audit.mapper.AuditRetryMapper.listDue-Inline
### The error occurred while setting parameters
### SQL: SELECT id, event_type AS eventType, payload, attempts, next_retry_at AS nextRetryAt, last_error AS lastError, status, trace_id AS traceId, create_time AS createTime, update_time AS updateTime, version_no AS versionNo, is_deleted AS isDeleted, domain FROM public.ecos_runtime_audit_retry WHERE is_deleted = 0 AND status = 'pending' AND next_retry_at <= ? ORDER BY next_retry_at ASC LIMIT ?
### Cause: org.postgresql.util.PSQLException: ERROR: relation "public.ecos_runtime_audit_retry" does not exist
  位置：256
; bad SQL grammar []
2026-10-10 11:59:56.112 [scheduling-1] [] WARN  c.c.g.runtime.audit.AuditRetryTask - [AuditRetry] 到期行拉取失败（表缺失/DB 不可用）errType=BadSqlGrammarException msg=
### Error querying database.  Cause: org.postgresql.util.PSQLException: ERROR: relation "public.ecos_runtime_audit_retry" does not exist
  位置：256
### The error may exist in com/chinacreator/gzcm/runtime/audit/mapper/AuditRetryMapper.java (best guess)
### The error may involve com.chinacreator.gzcm.runtime.audit.mapper.AuditRetryMapper.listDue-Inline
### The error occurred while setting parameters
### SQL: SELECT id, event_type AS eventType, payload, attempts, next_retry_at AS nextRetryAt, last_error AS lastError, status, trace_id AS traceId, create_time AS createTime, update_time AS updateTime, version_no AS versionNo, is_deleted AS isDeleted, domain FROM public.ecos_runtime_audit_retry WHERE is_deleted = 0 AND status = 'pending' AND next_retry_at <= ? ORDER BY next_retry_at ASC LIMIT ?
### Cause: org.postgresql.util.PSQLException: ERROR: relation "public.ecos_runtime_audit_retry" does not exist
  位置：256
; bad SQL grammar []
2026-10-10 12:00:56.138 [scheduling-1] [] WARN  c.c.g.runtime.audit.AuditRetryTask - [AuditRetry] 到期行拉取失败（表缺失/DB 不可用）errType=BadSqlGrammarException msg=
### Error querying database.  Cause: org.postgresql.util.PSQLException: ERROR: relation "public.ecos_runtime_audit_retry" does not exist
  位置：256
### The error may exist in com/chinacreator/gzcm/runtime/audit/mapper/AuditRetryMapper.java (best guess)
### The error may involve com.chinacreator.gzcm.runtime.audit.mapper.AuditRetryMapper.listDue-Inline
### The error occurred while setting parameters
### SQL: SELECT id, event_type AS eventType, payload, attempts, next_retry_at AS nextRetryAt, last_error AS lastError, status, trace_id AS traceId, create_time AS createTime, update_time AS updateTime, version_no AS versionNo, is_deleted AS isDeleted, domain FROM public.ecos_runtime_audit_retry WHERE is_deleted = 0 AND status = 'pending' AND next_retry_at <= ? ORDER BY next_retry_at ASC LIMIT ?
### Cause: org.postgresql.util.PSQLException: ERROR: relation "public.ecos_runtime_audit_retry" does not exist
  位置：256
; bad SQL grammar []
2026-10-10 12:01:05.831 [pool-3-thread-2] [] INFO  c.c.g.r.c.t.s.i.TaskManagementServiceImpl - 任务已提交: taskId=45d5a9a1-d135-4b1a-b6ff-a17aa6e38dc7, taskName=cognitive-mental-scan
2026-10-10 12:01:05.841 [pool-3-thread-2] [] INFO  c.c.g.r.c.t.s.i.TaskManagementServiceImpl - 任务已解析: taskId=45d5a9a1-d135-4b1a-b6ff-a17aa6e38dc7
2026-10-10 12:01:05.858 [pool-3-thread-2] [] INFO  c.c.g.e.c.s.mental.MentalScanTask - PMO-59 心智层补算一代完成: scanned=5 invalidated=0
2026-10-10 12:01:05.859 [pool-3-thread-2] [] INFO  c.c.g.r.c.t.s.i.TaskManagementServiceImpl - 任务执行完成: taskId=45d5a9a1-d135-4b1a-b6ff-a17aa6e38dc7, status=SUCCEEDED
2026-10-10 12:01:05.859 [pool-3-thread-2] [] INFO  c.c.g.r.c.t.s.TaskSchedulerServiceImpl - 定时任务已提交执行 taskId=45d5a9a1-d135-4b1a-b6ff-a17aa6e38dc7 taskType=COGNITIVE_MENTAL_SCAN scheduleId=dc737701-a903-4de9-be3b-8e52b81df940
2026-10-10 12:01:56.157 [scheduling-1] [] WARN  c.c.g.runtime.audit.AuditRetryTask - [AuditRetry] 到期行拉取失败（表缺失/DB 不可用）errType=BadSqlGrammarException msg=
### Error querying database.  Cause: org.postgresql.util.PSQLException: ERROR: relation "public.ecos_runtime_audit_retry" does not exist
  位置：256
### The error may exist in com/chinacreator/gzcm/runtime/audit/mapper/AuditRetryMapper.java (best guess)
### The error may involve com.chinacreator.gzcm.runtime.audit.mapper.AuditRetryMapper.listDue-Inline
### The error occurred while setting parameters
### SQL: SELECT id, event_type AS eventType, payload, attempts, next_retry_at AS nextRetryAt, last_error AS lastError, status, trace_id AS traceId, create_time AS createTime, update_time AS updateTime, version_no AS versionNo, is_deleted AS isDeleted, domain FROM public.ecos_runtime_audit_retry WHERE is_deleted = 0 AND status = 'pending' AND next_retry_at <= ? ORDER BY next_retry_at ASC LIMIT ?
### Cause: org.postgresql.util.PSQLException: ERROR: relation "public.ecos_runtime_audit_retry" does not exist
  位置：256
; bad SQL grammar []
2026-10-10 12:02:24.984 [scheduling-1] [] WARN  c.c.gzcm.runtime.dlq.DltLagChecker - [DltLagChecker] AdminClient 创建失败 errType=KafkaException msg=Failed to create new KafkaAdminClient
2026-10-10 12:02:24.996 [scheduling-1] [] WARN  c.c.gzcm.runtime.dlq.DltLagChecker - [DltLagChecker] AdminClient 不可用（bootstrap=localhost:9092），本轮降级跳过
2026-10-10 12:02:56.185 [scheduling-1] [] WARN  c.c.g.runtime.audit.AuditRetryTask - [AuditRetry] 到期行拉取失败（表缺失/DB 不可用）errType=BadSqlGrammarException msg=
### Error querying database.  Cause: org.postgresql.util.PSQLException: ERROR: relation "public.ecos_runtime_audit_retry" does not exist
  位置：256
### The error may exist in com/chinacreator/gzcm/runtime/audit/mapper/AuditRetryMapper.java (best guess)
### The error may involve com.chinacreator.gzcm.runtime.audit.mapper.AuditRetryMapper.listDue-Inline
### The error occurred while setting parameters
### SQL: SELECT id, event_type AS eventType, payload, attempts, next_retry_at AS nextRetryAt, last_error AS lastError, status, trace_id AS traceId, create_time AS createTime, update_time AS updateTime, version_no AS versionNo, is_deleted AS isDeleted, domain FROM public.ecos_runtime_audit_retry WHERE is_deleted = 0 AND status = 'pending' AND next_retry_at <= ? ORDER BY next_retry_at ASC LIMIT ?
### Cause: org.postgresql.util.PSQLException: ERROR: relation "public.ecos_runtime_audit_retry" does not exist
  位置：256
; bad SQL grammar []
2026-10-10 12:03:56.203 [scheduling-1] [] WARN  c.c.g.runtime.audit.AuditRetryTask - [AuditRetry] 到期行拉取失败（表缺失/DB 不可用）errType=BadSqlGrammarException msg=
### Error querying database.  Cause: org.postgresql.util.PSQLException: ERROR: relation "public.ecos_runtime_audit_retry" does not exist
  位置：256
### The error may exist in com/chinacreator/gzcm/runtime/audit/mapper/AuditRetryMapper.java (best guess)
### The error may involve com.chinacreator.gzcm.runtime.audit.mapper.AuditRetryMapper.listDue-Inline
### The error occurred while setting parameters
### SQL: SELECT id, event_type AS eventType, payload, attempts, next_retry_at AS nextRetryAt, last_error AS lastError, status, trace_id AS traceId, create_time AS createTime, update_time AS updateTime, version_no AS versionNo, is_deleted AS isDeleted, domain FROM public.ecos_runtime_audit_retry WHERE is_deleted = 0 AND status = 'pending' AND next_retry_at <= ? ORDER BY next_retry_at ASC LIMIT ?
### Cause: org.postgresql.util.PSQLException: ERROR: relation "public.ecos_runtime_audit_retry" does not exist
  位置：256
; bad SQL grammar []
2026-10-10 12:04:56.220 [scheduling-1] [] WARN  c.c.g.runtime.audit.AuditRetryTask - [AuditRetry] 到期行拉取失败（表缺失/DB 不可用）errType=BadSqlGrammarException msg=
### Error querying database.  Cause: org.postgresql.util.PSQLException: ERROR: relation "public.ecos_runtime_audit_retry" does not exist
  位置：256
### The error may exist in com/chinacreator/gzcm/runtime/audit/mapper/AuditRetryMapper.java (best guess)
### The error may involve com.chinacreator.gzcm.runtime.audit.mapper.AuditRetryMapper.listDue-Inline
### The error occurred while setting parameters
### SQL: SELECT id, event_type AS eventType, payload, attempts, next_retry_at AS nextRetryAt, last_error AS lastError, status, trace_id AS traceId, create_time AS createTime, update_time AS updateTime, version_no AS versionNo, is_deleted AS isDeleted, domain FROM public.ecos_runtime_audit_retry WHERE is_deleted = 0 AND status = 'pending' AND next_retry_at <= ? ORDER BY next_retry_at ASC LIMIT ?
### Cause: org.postgresql.util.PSQLException: ERROR: relation "public.ecos_runtime_audit_retry" does not exist
  位置：256
; bad SQL grammar []
2026-10-10 12:05:56.237 [scheduling-1] [] WARN  c.c.g.runtime.audit.AuditRetryTask - [AuditRetry] 到期行拉取失败（表缺失/DB 不可用）errType=BadSqlGrammarException msg=
### Error querying database.  Cause: org.postgresql.util.PSQLException: ERROR: relation "public.ecos_runtime_audit_retry" does not exist
  位置：256
### The error may exist in com/chinacreator/gzcm/runtime/audit/mapper/AuditRetryMapper.java (best guess)
### The error may involve com.chinacreator.gzcm.runtime.audit.mapper.AuditRetryMapper.listDue-Inline
### The error occurred while setting parameters
### SQL: SELECT id, event_type AS eventType, payload, attempts, next_retry_at AS nextRetryAt, last_error AS lastError, status, trace_id AS traceId, create_time AS createTime, update_time AS updateTime, version_no AS versionNo, is_deleted AS isDeleted, domain FROM public.ecos_runtime_audit_retry WHERE is_deleted = 0 AND status = 'pending' AND next_retry_at <= ? ORDER BY next_retry_at ASC LIMIT ?
### Cause: org.postgresql.util.PSQLException: ERROR: relation "public.ecos_runtime_audit_retry" does not exist
  位置：256
; bad SQL grammar []
2026-10-10 12:06:56.245 [scheduling-1] [] WARN  c.c.g.runtime.audit.AuditRetryTask - [AuditRetry] 到期行拉取失败（表缺失/DB 不可用）errType=BadSqlGrammarException msg=
### Error querying database.  Cause: org.postgresql.util.PSQLException: ERROR: relation "public.ecos_runtime_audit_retry" does not exist
  位置：256
### The error may exist in com/chinacreator/gzcm/runtime/audit/mapper/AuditRetryMapper.java (best guess)
### The error may involve com.chinacreator.gzcm.runtime.audit.mapper.AuditRetryMapper.listDue-Inline
### The error occurred while setting parameters
### SQL: SELECT id, event_type AS eventType, payload, attempts, next_retry_at AS nextRetryAt, last_error AS lastError, status, trace_id AS traceId, create_time AS createTime, update_time AS updateTime, version_no AS versionNo, is_deleted AS isDeleted, domain FROM public.ecos_runtime_audit_retry WHERE is_deleted = 0 AND status = 'pending' AND next_retry_at <= ? ORDER BY next_retry_at ASC LIMIT ?
### Cause: org.postgresql.util.PSQLException: ERROR: relation "public.ecos_runtime_audit_retry" does not exist
  位置：256
; bad SQL grammar []
2026-10-10 12:07:25.024 [scheduling-1] [] WARN  c.c.gzcm.runtime.dlq.DltLagChecker - [DltLagChecker] AdminClient 创建失败 errType=KafkaException msg=Failed to create new KafkaAdminClient
2026-10-10 12:07:25.026 [scheduling-1] [] WARN  c.c.gzcm.runtime.dlq.DltLagChecker - [DltLagChecker] AdminClient 不可用（bootstrap=localhost:9092），本轮降级跳过
2026-10-10 12:07:56.265 [scheduling-1] [] WARN  c.c.g.runtime.audit.AuditRetryTask - [AuditRetry] 到期行拉取失败（表缺失/DB 不可用）errType=BadSqlGrammarException msg=
### Error querying database.  Cause: org.postgresql.util.PSQLException: ERROR: relation "public.ecos_runtime_audit_retry" does not exist
  位置：256
### The error may exist in com/chinacreator/gzcm/runtime/audit/mapper/AuditRetryMapper.java (best guess)
### The error may involve com.chinacreator.gzcm.runtime.audit.mapper.AuditRetryMapper.listDue-Inline
### The error occurred while setting parameters
### SQL: SELECT id, event_type AS eventType, payload, attempts, next_retry_at AS nextRetryAt, last_error AS lastError, status, trace_id AS traceId, create_time AS createTime, update_time AS updateTime, version_no AS versionNo, is_deleted AS isDeleted, domain FROM public.ecos_runtime_audit_retry WHERE is_deleted = 0 AND status = 'pending' AND next_retry_at <= ? ORDER BY next_retry_at ASC LIMIT ?
### Cause: org.postgresql.util.PSQLException: ERROR: relation "public.ecos_runtime_audit_retry" does not exist
  位置：256
; bad SQL grammar []
2026-10-10 12:08:56.285 [scheduling-1] [] WARN  c.c.g.runtime.audit.AuditRetryTask - [AuditRetry] 到期行拉取失败（表缺失/DB 不可用）errType=BadSqlGrammarException msg=
### Error querying database.  Cause: org.postgresql.util.PSQLException: ERROR: relation "public.ecos_runtime_audit_retry" does not exist
  位置：256
### The error may exist in com/chinacreator/gzcm/runtime/audit/mapper/AuditRetryMapper.java (best guess)
### The error may involve com.chinacreator.gzcm.runtime.audit.mapper.AuditRetryMapper.listDue-Inline
### The error occurred while setting parameters
### SQL: SELECT id, event_type AS eventType, payload, attempts, next_retry_at AS nextRetryAt, last_error AS lastError, status, trace_id AS traceId, create_time AS createTime, update_time AS updateTime, version_no AS versionNo, is_deleted AS isDeleted, domain FROM public.ecos_runtime_audit_retry WHERE is_deleted = 0 AND status = 'pending' AND next_retry_at <= ? ORDER BY next_retry_at ASC LIMIT ?
### Cause: org.postgresql.util.PSQLException: ERROR: relation "public.ecos_runtime_audit_retry" does not exist
  位置：256
; bad SQL grammar []
2026-10-10 12:09:56.298 [scheduling-1] [] WARN  c.c.g.runtime.audit.AuditRetryTask - [AuditRetry] 到期行拉取失败（表缺失/DB 不可用）errType=BadSqlGrammarException msg=
### Error querying database.  Cause: org.postgresql.util.PSQLException: ERROR: relation "public.ecos_runtime_audit_retry" does not exist
  位置：256
### The error may exist in com/chinacreator/gzcm/runtime/audit/mapper/AuditRetryMapper.java (best guess)
### The error may involve com.chinacreator.gzcm.runtime.audit.mapper.AuditRetryMapper.listDue-Inline
### The error occurred while setting parameters
### SQL: SELECT id, event_type AS eventType, payload, attempts, next_retry_at AS nextRetryAt, last_error AS lastError, status, trace_id AS traceId, create_time AS createTime, update_time AS updateTime, version_no AS versionNo, is_deleted AS isDeleted, domain FROM public.ecos_runtime_audit_retry WHERE is_deleted = 0 AND status = 'pending' AND next_retry_at <= ? ORDER BY next_retry_at ASC LIMIT ?
### Cause: org.postgresql.util.PSQLException: ERROR: relation "public.ecos_runtime_audit_retry" does not exist
  位置：256
; bad SQL grammar []
2026-10-10 12:10:56.313 [scheduling-1] [] WARN  c.c.g.runtime.audit.AuditRetryTask - [AuditRetry] 到期行拉取失败（表缺失/DB 不可用）errType=BadSqlGrammarException msg=
### Error querying database.  Cause: org.postgresql.util.PSQLException: ERROR: relation "public.ecos_runtime_audit_retry" does not exist
  位置：256
### The error may exist in com/chinacreator/gzcm/runtime/audit/mapper/AuditRetryMapper.java (best guess)
### The error may involve com.chinacreator.gzcm.runtime.audit.mapper.AuditRetryMapper.listDue-Inline
### The error occurred while setting parameters
### SQL: SELECT id, event_type AS eventType, payload, attempts, next_retry_at AS nextRetryAt, last_error AS lastError, status, trace_id AS traceId, create_time AS createTime, update_time AS updateTime, version_no AS versionNo, is_deleted AS isDeleted, domain FROM public.ecos_runtime_audit_retry WHERE is_deleted = 0 AND status = 'pending' AND next_retry_at <= ? ORDER BY next_retry_at ASC LIMIT ?
### Cause: org.postgresql.util.PSQLException: ERROR: relation "public.ecos_runtime_audit_retry" does not exist
  位置：256
; bad SQL grammar []
2026-10-10 12:11:05.825 [pool-3-thread-1] [] INFO  c.c.g.r.c.t.s.i.TaskManagementServiceImpl - 任务已提交: taskId=45d5a9a1-d135-4b1a-b6ff-a17aa6e38dc7, taskName=cognitive-mental-scan
2026-10-10 12:11:05.826 [pool-3-thread-1] [] INFO  c.c.g.r.c.t.s.i.TaskManagementServiceImpl - 任务已解析: taskId=45d5a9a1-d135-4b1a-b6ff-a17aa6e38dc7
2026-10-10 12:11:05.844 [pool-3-thread-1] [] INFO  c.c.g.e.c.s.mental.MentalScanTask - PMO-59 心智层补算一代完成: scanned=5 invalidated=0
2026-10-10 12:11:05.845 [pool-3-thread-1] [] INFO  c.c.g.r.c.t.s.i.TaskManagementServiceImpl - 任务执行完成: taskId=45d5a9a1-d135-4b1a-b6ff-a17aa6e38dc7, status=SUCCEEDED
2026-10-10 12:11:05.846 [pool-3-thread-1] [] INFO  c.c.g.r.c.t.s.TaskSchedulerServiceImpl - 定时任务已提交执行 taskId=45d5a9a1-d135-4b1a-b6ff-a17aa6e38dc7 taskType=COGNITIVE_MENTAL_SCAN scheduleId=dc737701-a903-4de9-be3b-8e52b81df940
2026-10-10 12:11:56.339 [scheduling-1] [] WARN  c.c.g.runtime.audit.AuditRetryTask - [AuditRetry] 到期行拉取失败（表缺失/DB 不可用）errType=BadSqlGrammarException msg=
### Error querying database.  Cause: org.postgresql.util.PSQLException: ERROR: relation "public.ecos_runtime_audit_retry" does not exist
  位置：256
### The error may exist in com/chinacreator/gzcm/runtime/audit/mapper/AuditRetryMapper.java (best guess)
### The error may involve com.chinacreator.gzcm.runtime.audit.mapper.AuditRetryMapper.listDue-Inline
### The error occurred while setting parameters
### SQL: SELECT id, event_type AS eventType, payload, attempts, next_retry_at AS nextRetryAt, last_error AS lastError, status, trace_id AS traceId, create_time AS createTime, update_time AS updateTime, version_no AS versionNo, is_deleted AS isDeleted, domain FROM public.ecos_runtime_audit_retry WHERE is_deleted = 0 AND status = 'pending' AND next_retry_at <= ? ORDER BY next_retry_at ASC LIMIT ?
### Cause: org.postgresql.util.PSQLException: ERROR: relation "public.ecos_runtime_audit_retry" does not exist
  位置：256
; bad SQL grammar []
2026-10-10 12:12:25.067 [scheduling-1] [] WARN  c.c.gzcm.runtime.dlq.DltLagChecker - [DltLagChecker] AdminClient 创建失败 errType=KafkaException msg=Failed to create new KafkaAdminClient
2026-10-10 12:12:25.069 [scheduling-1] [] WARN  c.c.gzcm.runtime.dlq.DltLagChecker - [DltLagChecker] AdminClient 不可用（bootstrap=localhost:9092），本轮降级跳过
2026-10-10 12:12:56.353 [scheduling-1] [] WARN  c.c.g.runtime.audit.AuditRetryTask - [AuditRetry] 到期行拉取失败（表缺失/DB 不可用）errType=BadSqlGrammarException msg=
### Error querying database.  Cause: org.postgresql.util.PSQLException: ERROR: relation "public.ecos_runtime_audit_retry" does not exist
  位置：256
### The error may exist in com/chinacreator/gzcm/runtime/audit/mapper/AuditRetryMapper.java (best guess)
### The error may involve com.chinacreator.gzcm.runtime.audit.mapper.AuditRetryMapper.listDue-Inline
### The error occurred while setting parameters
### SQL: SELECT id, event_type AS eventType, payload, attempts, next_retry_at AS nextRetryAt, last_error AS lastError, status, trace_id AS traceId, create_time AS createTime, update_time AS updateTime, version_no AS versionNo, is_deleted AS isDeleted, domain FROM public.ecos_runtime_audit_retry WHERE is_deleted = 0 AND status = 'pending' AND next_retry_at <= ? ORDER BY next_retry_at ASC LIMIT ?
### Cause: org.postgresql.util.PSQLException: ERROR: relation "public.ecos_runtime_audit_retry" does not exist
  位置：256
; bad SQL grammar []
2026-10-10 12:13:56.384 [scheduling-1] [] WARN  c.c.g.runtime.audit.AuditRetryTask - [AuditRetry] 到期行拉取失败（表缺失/DB 不可用）errType=BadSqlGrammarException msg=
### Error querying database.  Cause: org.postgresql.util.PSQLException: ERROR: relation "public.ecos_runtime_audit_retry" does not exist
  位置：256
### The error may exist in com/chinacreator/gzcm/runtime/audit/mapper/AuditRetryMapper.java (best guess)
### The error may involve com.chinacreator.gzcm.runtime.audit.mapper.AuditRetryMapper.listDue-Inline
### The error occurred while setting parameters
### SQL: SELECT id, event_type AS eventType, payload, attempts, next_retry_at AS nextRetryAt, last_error AS lastError, status, trace_id AS traceId, create_time AS createTime, update_time AS updateTime, version_no AS versionNo, is_deleted AS isDeleted, domain FROM public.ecos_runtime_audit_retry WHERE is_deleted = 0 AND status = 'pending' AND next_retry_at <= ? ORDER BY next_retry_at ASC LIMIT ?
### Cause: org.postgresql.util.PSQLException: ERROR: relation "public.ecos_runtime_audit_retry" does not exist
  位置：256
; bad SQL grammar []
2026-10-10 12:14:56.409 [scheduling-1] [] WARN  c.c.g.runtime.audit.AuditRetryTask - [AuditRetry] 到期行拉取失败（表缺失/DB 不可用）errType=BadSqlGrammarException msg=
### Error querying database.  Cause: org.postgresql.util.PSQLException: ERROR: relation "public.ecos_runtime_audit_retry" does not exist
  位置：256
### The error may exist in com/chinacreator/gzcm/runtime/audit/mapper/AuditRetryMapper.java (best guess)
### The error may involve com.chinacreator.gzcm.runtime.audit.mapper.AuditRetryMapper.listDue-Inline
### The error occurred while setting parameters
### SQL: SELECT id, event_type AS eventType, payload, attempts, next_retry_at AS nextRetryAt, last_error AS lastError, status, trace_id AS traceId, create_time AS createTime, update_time AS updateTime, version_no AS versionNo, is_deleted AS isDeleted, domain FROM public.ecos_runtime_audit_retry WHERE is_deleted = 0 AND status = 'pending' AND next_retry_at <= ? ORDER BY next_retry_at ASC LIMIT ?
### Cause: org.postgresql.util.PSQLException: ERROR: relation "public.ecos_runtime_audit_retry" does not exist
  位置：256
; bad SQL grammar []
2026-10-10 12:15:56.422 [scheduling-1] [] WARN  c.c.g.runtime.audit.AuditRetryTask - [AuditRetry] 到期行拉取失败（表缺失/DB 不可用）errType=BadSqlGrammarException msg=
### Error querying database.  Cause: org.postgresql.util.PSQLException: ERROR: relation "public.ecos_runtime_audit_retry" does not exist
  位置：256
### The error may exist in com/chinacreator/gzcm/runtime/audit/mapper/AuditRetryMapper.java (best guess)
### The error may involve com.chinacreator.gzcm.runtime.audit.mapper.AuditRetryMapper.listDue-Inline
### The error occurred while setting parameters
### SQL: SELECT id, event_type AS eventType, payload, attempts, next_retry_at AS nextRetryAt, last_error AS lastError, status, trace_id AS traceId, create_time AS createTime, update_time AS updateTime, version_no AS versionNo, is_deleted AS isDeleted, domain FROM public.ecos_runtime_audit_retry WHERE is_deleted = 0 AND status = 'pending' AND next_retry_at <= ? ORDER BY next_retry_at ASC LIMIT ?
### Cause: org.postgresql.util.PSQLException: ERROR: relation "public.ecos_runtime_audit_retry" does not exist
  位置：256
; bad SQL grammar []
2026-10-10 12:16:56.435 [scheduling-1] [] WARN  c.c.g.runtime.audit.AuditRetryTask - [AuditRetry] 到期行拉取失败（表缺失/DB 不可用）errType=BadSqlGrammarException msg=
### Error querying database.  Cause: org.postgresql.util.PSQLException: ERROR: relation "public.ecos_runtime_audit_retry" does not exist
  位置：256
### The error may exist in com/chinacreator/gzcm/runtime/audit/mapper/AuditRetryMapper.java (best guess)
### The error may involve com.chinacreator.gzcm.runtime.audit.mapper.AuditRetryMapper.listDue-Inline
### The error occurred while setting parameters
### SQL: SELECT id, event_type AS eventType, payload, attempts, next_retry_at AS nextRetryAt, last_error AS lastError, status, trace_id AS traceId, create_time AS createTime, update_time AS updateTime, version_no AS versionNo, is_deleted AS isDeleted, domain FROM public.ecos_runtime_audit_retry WHERE is_deleted = 0 AND status = 'pending' AND next_retry_at <= ? ORDER BY next_retry_at ASC LIMIT ?
### Cause: org.postgresql.util.PSQLException: ERROR: relation "public.ecos_runtime_audit_retry" does not exist
  位置：256
; bad SQL grammar []
2026-10-10 12:17:25.094 [scheduling-1] [] WARN  c.c.gzcm.runtime.dlq.DltLagChecker - [DltLagChecker] AdminClient 创建失败 errType=KafkaException msg=Failed to create new KafkaAdminClient
2026-10-10 12:17:25.104 [scheduling-1] [] WARN  c.c.gzcm.runtime.dlq.DltLagChecker - [DltLagChecker] AdminClient 不可用（bootstrap=localhost:9092），本轮降级跳过
2026-10-10 12:17:56.448 [scheduling-1] [] WARN  c.c.g.runtime.audit.AuditRetryTask - [AuditRetry] 到期行拉取失败（表缺失/DB 不可用）errType=BadSqlGrammarException msg=
### Error querying database.  Cause: org.postgresql.util.PSQLException: ERROR: relation "public.ecos_runtime_audit_retry" does not exist
  位置：256
### The error may exist in com/chinacreator/gzcm/runtime/audit/mapper/AuditRetryMapper.java (best guess)
### The error may involve com.chinacreator.gzcm.runtime.audit.mapper.AuditRetryMapper.listDue-Inline
### The error occurred while setting parameters
### SQL: SELECT id, event_type AS eventType, payload, attempts, next_retry_at AS nextRetryAt, last_error AS lastError, status, trace_id AS traceId, create_time AS createTime, update_time AS updateTime, version_no AS versionNo, is_deleted AS isDeleted, domain FROM public.ecos_runtime_audit_retry WHERE is_deleted = 0 AND status = 'pending' AND next_retry_at <= ? ORDER BY next_retry_at ASC LIMIT ?
### Cause: org.postgresql.util.PSQLException: ERROR: relation "public.ecos_runtime_audit_retry" does not exist
  位置：256
; bad SQL grammar []
2026-10-10 12:18:56.471 [scheduling-1] [] WARN  c.c.g.runtime.audit.AuditRetryTask - [AuditRetry] 到期行拉取失败（表缺失/DB 不可用）errType=BadSqlGrammarException msg=
### Error querying database.  Cause: org.postgresql.util.PSQLException: ERROR: relation "public.ecos_runtime_audit_retry" does not exist
  位置：256
### The error may exist in com/chinacreator/gzcm/runtime/audit/mapper/AuditRetryMapper.java (best guess)
### The error may involve com.chinacreator.gzcm.runtime.audit.mapper.AuditRetryMapper.listDue-Inline
### The error occurred while setting parameters
### SQL: SELECT id, event_type AS eventType, payload, attempts, next_retry_at AS nextRetryAt, last_error AS lastError, status, trace_id AS traceId, create_time AS createTime, update_time AS updateTime, version_no AS versionNo, is_deleted AS isDeleted, domain FROM public.ecos_runtime_audit_retry WHERE is_deleted = 0 AND status = 'pending' AND next_retry_at <= ? ORDER BY next_retry_at ASC LIMIT ?
### Cause: org.postgresql.util.PSQLException: ERROR: relation "public.ecos_runtime_audit_retry" does not exist
  位置：256
; bad SQL grammar []
2026-10-10 12:19:56.497 [scheduling-1] [] WARN  c.c.g.runtime.audit.AuditRetryTask - [AuditRetry] 到期行拉取失败（表缺失/DB 不可用）errType=BadSqlGrammarException msg=
### Error querying database.  Cause: org.postgresql.util.PSQLException: ERROR: relation "public.ecos_runtime_audit_retry" does not exist
  位置：256
### The error may exist in com/chinacreator/gzcm/runtime/audit/mapper/AuditRetryMapper.java (best guess)
### The error may involve com.chinacreator.gzcm.runtime.audit.mapper.AuditRetryMapper.listDue-Inline
### The error occurred while setting parameters
### SQL: SELECT id, event_type AS eventType, payload, attempts, next_retry_at AS nextRetryAt, last_error AS lastError, status, trace_id AS traceId, create_time AS createTime, update_time AS updateTime, version_no AS versionNo, is_deleted AS isDeleted, domain FROM public.ecos_runtime_audit_retry WHERE is_deleted = 0 AND status = 'pending' AND next_retry_at <= ? ORDER BY next_retry_at ASC LIMIT ?
### Cause: org.postgresql.util.PSQLException: ERROR: relation "public.ecos_runtime_audit_retry" does not exist
  位置：256
; bad SQL grammar []
2026-10-10 12:20:56.515 [scheduling-1] [] WARN  c.c.g.runtime.audit.AuditRetryTask - [AuditRetry] 到期行拉取失败（表缺失/DB 不可用）errType=BadSqlGrammarException msg=
### Error querying database.  Cause: org.postgresql.util.PSQLException: ERROR: relation "public.ecos_runtime_audit_retry" does not exist
  位置：256
### The error may exist in com/chinacreator/gzcm/runtime/audit/mapper/AuditRetryMapper.java (best guess)
### The error may involve com.chinacreator.gzcm.runtime.audit.mapper.AuditRetryMapper.listDue-Inline
### The error occurred while setting parameters
### SQL: SELECT id, event_type AS eventType, payload, attempts, next_retry_at AS nextRetryAt, last_error AS lastError, status, trace_id AS traceId, create_time AS createTime, update_time AS updateTime, version_no AS versionNo, is_deleted AS isDeleted, domain FROM public.ecos_runtime_audit_retry WHERE is_deleted = 0 AND status = 'pending' AND next_retry_at <= ? ORDER BY next_retry_at ASC LIMIT ?
### Cause: org.postgresql.util.PSQLException: ERROR: relation "public.ecos_runtime_audit_retry" does not exist
  位置：256
; bad SQL grammar []
2026-10-10 12:21:05.831 [pool-3-thread-3] [] INFO  c.c.g.r.c.t.s.i.TaskManagementServiceImpl - 任务已提交: taskId=45d5a9a1-d135-4b1a-b6ff-a17aa6e38dc7, taskName=cognitive-mental-scan
2026-10-10 12:21:05.842 [pool-3-thread-3] [] INFO  c.c.g.r.c.t.s.i.TaskManagementServiceImpl - 任务已解析: taskId=45d5a9a1-d135-4b1a-b6ff-a17aa6e38dc7
2026-10-10 12:21:05.860 [pool-3-thread-3] [] INFO  c.c.g.e.c.s.mental.MentalScanTask - PMO-59 心智层补算一代完成: scanned=5 invalidated=0
2026-10-10 12:21:05.861 [pool-3-thread-3] [] INFO  c.c.g.r.c.t.s.i.TaskManagementServiceImpl - 任务执行完成: taskId=45d5a9a1-d135-4b1a-b6ff-a17aa6e38dc7, status=SUCCEEDED
2026-10-10 12:21:05.861 [pool-3-thread-3] [] INFO  c.c.g.r.c.t.s.TaskSchedulerServiceImpl - 定时任务已提交执行 taskId=45d5a9a1-d135-4b1a-b6ff-a17aa6e38dc7 taskType=COGNITIVE_MENTAL_SCAN scheduleId=dc737701-a903-4de9-be3b-8e52b81df940
2026-10-10 12:21:56.521 [scheduling-1] [] WARN  c.c.g.runtime.audit.AuditRetryTask - [AuditRetry] 到期行拉取失败（表缺失/DB 不可用）errType=BadSqlGrammarException msg=
### Error querying database.  Cause: org.postgresql.util.PSQLException: ERROR: relation "public.ecos_runtime_audit_retry" does not exist
  位置：256
### The error may exist in com/chinacreator/gzcm/runtime/audit/mapper/AuditRetryMapper.java (best guess)
### The error may involve com.chinacreator.gzcm.runtime.audit.mapper.AuditRetryMapper.listDue-Inline
### The error occurred while setting parameters
### SQL: SELECT id, event_type AS eventType, payload, attempts, next_retry_at AS nextRetryAt, last_error AS lastError, status, trace_id AS traceId, create_time AS createTime, update_time AS updateTime, version_no AS versionNo, is_deleted AS isDeleted, domain FROM public.ecos_runtime_audit_retry WHERE is_deleted = 0 AND status = 'pending' AND next_retry_at <= ? ORDER BY next_retry_at ASC LIMIT ?
### Cause: org.postgresql.util.PSQLException: ERROR: relation "public.ecos_runtime_audit_retry" does not exist
  位置：256
; bad SQL grammar []
2026-10-10 12:22:25.115 [scheduling-1] [] WARN  c.c.gzcm.runtime.dlq.DltLagChecker - [DltLagChecker] AdminClient 创建失败 errType=KafkaException msg=Failed to create new KafkaAdminClient
2026-10-10 12:22:25.117 [scheduling-1] [] WARN  c.c.gzcm.runtime.dlq.DltLagChecker - [DltLagChecker] AdminClient 不可用（bootstrap=localhost:9092），本轮降级跳过
2026-10-10 12:22:56.554 [scheduling-1] [] WARN  c.c.g.runtime.audit.AuditRetryTask - [AuditRetry] 到期行拉取失败（表缺失/DB 不可用）errType=BadSqlGrammarException msg=
### Error querying database.  Cause: org.postgresql.util.PSQLException: ERROR: relation "public.ecos_runtime_audit_retry" does not exist
  位置：256
### The error may exist in com/chinacreator/gzcm/runtime/audit/mapper/AuditRetryMapper.java (best guess)
### The error may involve com.chinacreator.gzcm.runtime.audit.mapper.AuditRetryMapper.listDue-Inline
### The error occurred while setting parameters
### SQL: SELECT id, event_type AS eventType, payload, attempts, next_retry_at AS nextRetryAt, last_error AS lastError, status, trace_id AS traceId, create_time AS createTime, update_time AS updateTime, version_no AS versionNo, is_deleted AS isDeleted, domain FROM public.ecos_runtime_audit_retry WHERE is_deleted = 0 AND status = 'pending' AND next_retry_at <= ? ORDER BY next_retry_at ASC LIMIT ?
### Cause: org.postgresql.util.PSQLException: ERROR: relation "public.ecos_runtime_audit_retry" does not exist
  位置：256
; bad SQL grammar []
2026-10-10 12:23:56.580 [scheduling-1] [] WARN  c.c.g.runtime.audit.AuditRetryTask - [AuditRetry] 到期行拉取失败（表缺失/DB 不可用）errType=BadSqlGrammarException msg=
### Error querying database.  Cause: org.postgresql.util.PSQLException: ERROR: relation "public.ecos_runtime_audit_retry" does not exist
  位置：256
### The error may exist in com/chinacreator/gzcm/runtime/audit/mapper/AuditRetryMapper.java (best guess)
### The error may involve com.chinacreator.gzcm.runtime.audit.mapper.AuditRetryMapper.listDue-Inline
### The error occurred while setting parameters
### SQL: SELECT id, event_type AS eventType, payload, attempts, next_retry_at AS nextRetryAt, last_error AS lastError, status, trace_id AS traceId, create_time AS createTime, update_time AS updateTime, version_no AS versionNo, is_deleted AS isDeleted, domain FROM public.ecos_runtime_audit_retry WHERE is_deleted = 0 AND status = 'pending' AND next_retry_at <= ? ORDER BY next_retry_at ASC LIMIT ?
### Cause: org.postgresql.util.PSQLException: ERROR: relation "public.ecos_runtime_audit_retry" does not exist
  位置：256
; bad SQL grammar []
2026-10-10 12:24:56.587 [scheduling-1] [] WARN  c.c.g.runtime.audit.AuditRetryTask - [AuditRetry] 到期行拉取失败（表缺失/DB 不可用）errType=BadSqlGrammarException msg=
### Error querying database.  Cause: org.postgresql.util.PSQLException: ERROR: relation "public.ecos_runtime_audit_retry" does not exist
  位置：256
### The error may exist in com/chinacreator/gzcm/runtime/audit/mapper/AuditRetryMapper.java (best guess)
### The error may involve com.chinacreator.gzcm.runtime.audit.mapper.AuditRetryMapper.listDue-Inline
### The error occurred while setting parameters
### SQL: SELECT id, event_type AS eventType, payload, attempts, next_retry_at AS nextRetryAt, last_error AS lastError, status, trace_id AS traceId, create_time AS createTime, update_time AS updateTime, version_no AS versionNo, is_deleted AS isDeleted, domain FROM public.ecos_runtime_audit_retry WHERE is_deleted = 0 AND status = 'pending' AND next_retry_at <= ? ORDER BY next_retry_at ASC LIMIT ?
### Cause: org.postgresql.util.PSQLException: ERROR: relation "public.ecos_runtime_audit_retry" does not exist
  位置：256
; bad SQL grammar []
2026-10-10 12:25:56.608 [scheduling-1] [] WARN  c.c.g.runtime.audit.AuditRetryTask - [AuditRetry] 到期行拉取失败（表缺失/DB 不可用）errType=BadSqlGrammarException msg=
### Error querying database.  Cause: org.postgresql.util.PSQLException: ERROR: relation "public.ecos_runtime_audit_retry" does not exist
  位置：256
### The error may exist in com/chinacreator/gzcm/runtime/audit/mapper/AuditRetryMapper.java (best guess)
### The error may involve com.chinacreator.gzcm.runtime.audit.mapper.AuditRetryMapper.listDue-Inline
### The error occurred while setting parameters
### SQL: SELECT id, event_type AS eventType, payload, attempts, next_retry_at AS nextRetryAt, last_error AS lastError, status, trace_id AS traceId, create_time AS createTime, update_time AS updateTime, version_no AS versionNo, is_deleted AS isDeleted, domain FROM public.ecos_runtime_audit_retry WHERE is_deleted = 0 AND status = 'pending' AND next_retry_at <= ? ORDER BY next_retry_at ASC LIMIT ?
### Cause: org.postgresql.util.PSQLException: ERROR: relation "public.ecos_runtime_audit_retry" does not exist
  位置：256
; bad SQL grammar []
2026-10-10 12:26:56.637 [scheduling-1] [] WARN  c.c.g.runtime.audit.AuditRetryTask - [AuditRetry] 到期行拉取失败（表缺失/DB 不可用）errType=BadSqlGrammarException msg=
### Error querying database.  Cause: org.postgresql.util.PSQLException: ERROR: relation "public.ecos_runtime_audit_retry" does not exist
  位置：256
### The error may exist in com/chinacreator/gzcm/runtime/audit/mapper/AuditRetryMapper.java (best guess)
### The error may involve com.chinacreator.gzcm.runtime.audit.mapper.AuditRetryMapper.listDue-Inline
### The error occurred while setting parameters
### SQL: SELECT id, event_type AS eventType, payload, attempts, next_retry_at AS nextRetryAt, last_error AS lastError, status, trace_id AS traceId, create_time AS createTime, update_time AS updateTime, version_no AS versionNo, is_deleted AS isDeleted, domain FROM public.ecos_runtime_audit_retry WHERE is_deleted = 0 AND status = 'pending' AND next_retry_at <= ? ORDER BY next_retry_at ASC LIMIT ?
### Cause: org.postgresql.util.PSQLException: ERROR: relation "public.ecos_runtime_audit_retry" does not exist
  位置：256
; bad SQL grammar []
2026-10-10 12:27:25.142 [scheduling-1] [] WARN  c.c.gzcm.runtime.dlq.DltLagChecker - [DltLagChecker] AdminClient 创建失败 errType=KafkaException msg=Failed to create new KafkaAdminClient
2026-10-10 12:27:25.144 [scheduling-1] [] WARN  c.c.gzcm.runtime.dlq.DltLagChecker - [DltLagChecker] AdminClient 不可用（bootstrap=localhost:9092），本轮降级跳过
2026-10-10 12:27:56.659 [scheduling-1] [] WARN  c.c.g.runtime.audit.AuditRetryTask - [AuditRetry] 到期行拉取失败（表缺失/DB 不可用）errType=BadSqlGrammarException msg=
### Error querying database.  Cause: org.postgresql.util.PSQLException: ERROR: relation "public.ecos_runtime_audit_retry" does not exist
  位置：256
### The error may exist in com/chinacreator/gzcm/runtime/audit/mapper/AuditRetryMapper.java (best guess)
### The error may involve com.chinacreator.gzcm.runtime.audit.mapper.AuditRetryMapper.listDue-Inline
### The error occurred while setting parameters
### SQL: SELECT id, event_type AS eventType, payload, attempts, next_retry_at AS nextRetryAt, last_error AS lastError, status, trace_id AS traceId, create_time AS createTime, update_time AS updateTime, version_no AS versionNo, is_deleted AS isDeleted, domain FROM public.ecos_runtime_audit_retry WHERE is_deleted = 0 AND status = 'pending' AND next_retry_at <= ? ORDER BY next_retry_at ASC LIMIT ?
### Cause: org.postgresql.util.PSQLException: ERROR: relation "public.ecos_runtime_audit_retry" does not exist
  位置：256
; bad SQL grammar []
2026-10-10 12:28:56.676 [scheduling-1] [] WARN  c.c.g.runtime.audit.AuditRetryTask - [AuditRetry] 到期行拉取失败（表缺失/DB 不可用）errType=BadSqlGrammarException msg=
### Error querying database.  Cause: org.postgresql.util.PSQLException: ERROR: relation "public.ecos_runtime_audit_retry" does not exist
  位置：256
### The error may exist in com/chinacreator/gzcm/runtime/audit/mapper/AuditRetryMapper.java (best guess)
### The error may involve com.chinacreator.gzcm.runtime.audit.mapper.AuditRetryMapper.listDue-Inline
### The error occurred while setting parameters
### SQL: SELECT id, event_type AS eventType, payload, attempts, next_retry_at AS nextRetryAt, last_error AS lastError, status, trace_id AS traceId, create_time AS createTime, update_time AS updateTime, version_no AS versionNo, is_deleted AS isDeleted, domain FROM public.ecos_runtime_audit_retry WHERE is_deleted = 0 AND status = 'pending' AND next_retry_at <= ? ORDER BY next_retry_at ASC LIMIT ?
### Cause: org.postgresql.util.PSQLException: ERROR: relation "public.ecos_runtime_audit_retry" does not exist
  位置：256
; bad SQL grammar []
2026-10-10 12:29:56.691 [scheduling-1] [] WARN  c.c.g.runtime.audit.AuditRetryTask - [AuditRetry] 到期行拉取失败（表缺失/DB 不可用）errType=BadSqlGrammarException msg=
### Error querying database.  Cause: org.postgresql.util.PSQLException: ERROR: relation "public.ecos_runtime_audit_retry" does not exist
  位置：256
### The error may exist in com/chinacreator/gzcm/runtime/audit/mapper/AuditRetryMapper.java (best guess)
### The error may involve com.chinacreator.gzcm.runtime.audit.mapper.AuditRetryMapper.listDue-Inline
### The error occurred while setting parameters
### SQL: SELECT id, event_type AS eventType, payload, attempts, next_retry_at AS nextRetryAt, last_error AS lastError, status, trace_id AS traceId, create_time AS createTime, update_time AS updateTime, version_no AS versionNo, is_deleted AS isDeleted, domain FROM public.ecos_runtime_audit_retry WHERE is_deleted = 0 AND status = 'pending' AND next_retry_at <= ? ORDER BY next_retry_at ASC LIMIT ?
### Cause: org.postgresql.util.PSQLException: ERROR: relation "public.ecos_runtime_audit_retry" does not exist
  位置：256
; bad SQL grammar []
2026-10-10 12:30:56.711 [scheduling-1] [] WARN  c.c.g.runtime.audit.AuditRetryTask - [AuditRetry] 到期行拉取失败（表缺失/DB 不可用）errType=BadSqlGrammarException msg=
### Error querying database.  Cause: org.postgresql.util.PSQLException: ERROR: relation "public.ecos_runtime_audit_retry" does not exist
  位置：256
### The error may exist in com/chinacreator/gzcm/runtime/audit/mapper/AuditRetryMapper.java (best guess)
### The error may involve com.chinacreator.gzcm.runtime.audit.mapper.AuditRetryMapper.listDue-Inline
### The error occurred while setting parameters
### SQL: SELECT id, event_type AS eventType, payload, attempts, next_retry_at AS nextRetryAt, last_error AS lastError, status, trace_id AS traceId, create_time AS createTime, update_time AS updateTime, version_no AS versionNo, is_deleted AS isDeleted, domain FROM public.ecos_runtime_audit_retry WHERE is_deleted = 0 AND status = 'pending' AND next_retry_at <= ? ORDER BY next_retry_at ASC LIMIT ?
### Cause: org.postgresql.util.PSQLException: ERROR: relation "public.ecos_runtime_audit_retry" does not exist
  位置：256
; bad SQL grammar []
2026-10-10 12:31:05.819 [pool-3-thread-2] [] INFO  c.c.g.r.c.t.s.i.TaskManagementServiceImpl - 任务已提交: taskId=45d5a9a1-d135-4b1a-b6ff-a17aa6e38dc7, taskName=cognitive-mental-scan
2026-10-10 12:31:05.820 [pool-3-thread-2] [] INFO  c.c.g.r.c.t.s.i.TaskManagementServiceImpl - 任务已解析: taskId=45d5a9a1-d135-4b1a-b6ff-a17aa6e38dc7
2026-10-10 12:31:05.850 [pool-3-thread-2] [] INFO  c.c.g.e.c.s.mental.MentalScanTask - PMO-59 心智层补算一代完成: scanned=5 invalidated=0
2026-10-10 12:31:05.852 [pool-3-thread-2] [] INFO  c.c.g.r.c.t.s.i.TaskManagementServiceImpl - 任务执行完成: taskId=45d5a9a1-d135-4b1a-b6ff-a17aa6e38dc7, status=SUCCEEDED
2026-10-10 12:31:05.853 [pool-3-thread-2] [] INFO  c.c.g.r.c.t.s.TaskSchedulerServiceImpl - 定时任务已提交执行 taskId=45d5a9a1-d135-4b1a-b6ff-a17aa6e38dc7 taskType=COGNITIVE_MENTAL_SCAN scheduleId=dc737701-a903-4de9-be3b-8e52b81df940
2026-10-10 12:31:56.728 [scheduling-1] [] WARN  c.c.g.runtime.audit.AuditRetryTask - [AuditRetry] 到期行拉取失败（表缺失/DB 不可用）errType=BadSqlGrammarException msg=
### Error querying database.  Cause: org.postgresql.util.PSQLException: ERROR: relation "public.ecos_runtime_audit_retry" does not exist
  位置：256
### The error may exist in com/chinacreator/gzcm/runtime/audit/mapper/AuditRetryMapper.java (best guess)
### The error may involve com.chinacreator.gzcm.runtime.audit.mapper.AuditRetryMapper.listDue-Inline
### The error occurred while setting parameters
### SQL: SELECT id, event_type AS eventType, payload, attempts, next_retry_at AS nextRetryAt, last_error AS lastError, status, trace_id AS traceId, create_time AS createTime, update_time AS updateTime, version_no AS versionNo, is_deleted AS isDeleted, domain FROM public.ecos_runtime_audit_retry WHERE is_deleted = 0 AND status = 'pending' AND next_retry_at <= ? ORDER BY next_retry_at ASC LIMIT ?
### Cause: org.postgresql.util.PSQLException: ERROR: relation "public.ecos_runtime_audit_retry" does not exist
  位置：256
; bad SQL grammar []
2026-10-10 12:32:25.163 [scheduling-1] [] WARN  c.c.gzcm.runtime.dlq.DltLagChecker - [DltLagChecker] AdminClient 创建失败 errType=KafkaException msg=Failed to create new KafkaAdminClient
2026-10-10 12:32:25.164 [scheduling-1] [] WARN  c.c.gzcm.runtime.dlq.DltLagChecker - [DltLagChecker] AdminClient 不可用（bootstrap=localhost:9092），本轮降级跳过
2026-10-10 12:32:56.738 [scheduling-1] [] WARN  c.c.g.runtime.audit.AuditRetryTask - [AuditRetry] 到期行拉取失败（表缺失/DB 不可用）errType=BadSqlGrammarException msg=
### Error querying database.  Cause: org.postgresql.util.PSQLException: ERROR: relation "public.ecos_runtime_audit_retry" does not exist
  位置：256
### The error may exist in com/chinacreator/gzcm/runtime/audit/mapper/AuditRetryMapper.java (best guess)
### The error may involve com.chinacreator.gzcm.runtime.audit.mapper.AuditRetryMapper.listDue-Inline
### The error occurred while setting parameters
### SQL: SELECT id, event_type AS eventType, payload, attempts, next_retry_at AS nextRetryAt, last_error AS lastError, status, trace_id AS traceId, create_time AS createTime, update_time AS updateTime, version_no AS versionNo, is_deleted AS isDeleted, domain FROM public.ecos_runtime_audit_retry WHERE is_deleted = 0 AND status = 'pending' AND next_retry_at <= ? ORDER BY next_retry_at ASC LIMIT ?
### Cause: org.postgresql.util.PSQLException: ERROR: relation "public.ecos_runtime_audit_retry" does not exist
  位置：256
; bad SQL grammar []
2026-10-10 12:33:56.747 [scheduling-1] [] WARN  c.c.g.runtime.audit.AuditRetryTask - [AuditRetry] 到期行拉取失败（表缺失/DB 不可用）errType=BadSqlGrammarException msg=
### Error querying database.  Cause: org.postgresql.util.PSQLException: ERROR: relation "public.ecos_runtime_audit_retry" does not exist
  位置：256
### The error may exist in com/chinacreator/gzcm/runtime/audit/mapper/AuditRetryMapper.java (best guess)
### The error may involve com.chinacreator.gzcm.runtime.audit.mapper.AuditRetryMapper.listDue-Inline
### The error occurred while setting parameters
### SQL: SELECT id, event_type AS eventType, payload, attempts, next_retry_at AS nextRetryAt, last_error AS lastError, status, trace_id AS traceId, create_time AS createTime, update_time AS updateTime, version_no AS versionNo, is_deleted AS isDeleted, domain FROM public.ecos_runtime_audit_retry WHERE is_deleted = 0 AND status = 'pending' AND next_retry_at <= ? ORDER BY next_retry_at ASC LIMIT ?
### Cause: org.postgresql.util.PSQLException: ERROR: relation "public.ecos_runtime_audit_retry" does not exist
  位置：256
; bad SQL grammar []
2026-10-10 12:34:11.730 [ecos-dlt-consumer-ecos.ontology.DLT-C-1] [] WARN  o.apache.kafka.clients.NetworkClient - [Consumer clientId=consumer-ecos-dlt-consumer-10, groupId=ecos-dlt-consumer] Connection to node 1 (localhost/127.0.0.1:9092) could not be established. Broker may not be available.
2026-10-10 12:34:11.931 [ecos-dlt-consumer-ecos.catalog.DLT-C-1] [] WARN  o.apache.kafka.clients.NetworkClient - [Consumer clientId=consumer-ecos-dlt-consumer-4, groupId=ecos-dlt-consumer] Connection to node 1 (localhost/127.0.0.1:9092) could not be established. Broker may not be available.
2026-10-10 12:34:11.942 [ecos-dlt-consumer-ecos.agent.DLT-C-1] [] WARN  o.apache.kafka.clients.NetworkClient - [Consumer clientId=consumer-ecos-dlt-consumer-2, groupId=ecos-dlt-consumer] Connection to node 1 (localhost/127.0.0.1:9092) could not be established. Broker may not be available.
2026-10-10 12:34:12.008 [ecos-dlt-consumer-ecos.audit.DLT-C-1] [] WARN  o.apache.kafka.clients.NetworkClient - [Consumer clientId=consumer-ecos-dlt-consumer-3, groupId=ecos-dlt-consumer] Connection to node 1 (localhost/127.0.0.1:9092) could not be established. Broker may not be available.
2026-10-10 12:34:12.011 [ecos-dlt-consumer-ecos.knowledge.DLT-C-1] [] WARN  o.apache.kafka.clients.NetworkClient - [Consumer clientId=consumer-ecos-dlt-consumer-8, groupId=ecos-dlt-consumer] Connection to node 1 (localhost/127.0.0.1:9092) could not be established. Broker may not be available.
2026-10-10 12:34:12.071 [ecos-dlt-consumer-ecos.workflow.DLT-C-1] [] WARN  o.apache.kafka.clients.NetworkClient - [Consumer clientId=consumer-ecos-dlt-consumer-12, groupId=ecos-dlt-consumer] Connection to node 1 (localhost/127.0.0.1:9092) could not be established. Broker may not be available.
2026-10-10 12:34:12.071 [ecos-dlt-consumer-ecos.identity.DLT-C-1] [] WARN  o.apache.kafka.clients.NetworkClient - [Consumer clientId=consumer-ecos-dlt-consumer-7, groupId=ecos-dlt-consumer] Connection to node 1 (localhost/127.0.0.1:9092) could not be established. Broker may not be available.
2026-10-10 12:34:12.116 [ecos-dlt-consumer-ecos.data.security-tagged.DLT-C-1] [] WARN  o.apache.kafka.clients.NetworkClient - [Consumer clientId=consumer-ecos-dlt-consumer-6, groupId=ecos-dlt-consumer] Connection to node 1 (localhost/127.0.0.1:9092) could not be established. Broker may not be available.
2026-10-10 12:34:12.116 [ecos-dlt-consumer-ecos.object.DLT-C-1] [] WARN  o.apache.kafka.clients.NetworkClient - [Consumer clientId=consumer-ecos-dlt-consumer-9, groupId=ecos-dlt-consumer] Connection to node 1 (localhost/127.0.0.1:9092) could not be established. Broker may not be available.
2026-10-10 12:34:12.116 [runtimeEventBus-ecos.cognitive-1-0-C-1] [] WARN  o.apache.kafka.clients.NetworkClient - [Consumer clientId=consumer-ecos-event-ecos.cognitive-4684ab73-8925-433b-9cea-f67306e73525-1, groupId=ecos-event-ecos.cognitive-4684ab73-8925-433b-9cea-f67306e73525] Connection to node 1 (localhost/127.0.0.1:9092) could not be established. Broker may not be available.
2026-10-10 12:34:12.195 [ecos-dlt-consumer-ecos.cognitive.DLT-C-1] [] WARN  o.apache.kafka.clients.NetworkClient - [Consumer clientId=consumer-ecos-dlt-consumer-5, groupId=ecos-dlt-consumer] Connection to node 1 (localhost/127.0.0.1:9092) could not be established. Broker may not be available.
2026-10-10 12:34:12.240 [ecos-dlt-consumer-ecos.ontology.published.DLT-C-1] [] WARN  o.apache.kafka.clients.NetworkClient - [Consumer clientId=consumer-ecos-dlt-consumer-11, groupId=ecos-dlt-consumer] Connection to node 1 (localhost/127.0.0.1:9092) could not be established. Broker may not be available.
2026-10-10 12:34:36.910 [ecos-dlt-consumer-ecos.data.security-tagged.DLT-C-1] [] WARN  o.apache.kafka.clients.NetworkClient - [Consumer clientId=consumer-ecos-dlt-consumer-6, groupId=ecos-dlt-consumer] Error while fetching metadata with correlation id 1104 : {ecos.data.security-tagged.DLT=LEADER_NOT_AVAILABLE}
2026-10-10 12:34:36.983 [ecos-dlt-consumer-ecos.ontology.DLT-C-1] [] WARN  o.apache.kafka.clients.NetworkClient - [Consumer clientId=consumer-ecos-dlt-consumer-10, groupId=ecos-dlt-consumer] Error while fetching metadata with correlation id 8031 : {ecos.ontology.DLT=LEADER_NOT_AVAILABLE}
2026-10-10 12:34:37.033 [ecos-dlt-consumer-ecos.data.security-tagged.DLT-C-1] [] WARN  o.apache.kafka.clients.NetworkClient - [Consumer clientId=consumer-ecos-dlt-consumer-6, groupId=ecos-dlt-consumer] Error while fetching metadata with correlation id 1106 : {ecos.data.security-tagged.DLT=LEADER_NOT_AVAILABLE}
2026-10-10 12:34:37.045 [runtimeEventBus-ecos.cognitive-1-0-C-1] [] WARN  o.apache.kafka.clients.NetworkClient - [Consumer clientId=consumer-ecos-event-ecos.cognitive-4684ab73-8925-433b-9cea-f67306e73525-1, groupId=ecos-event-ecos.cognitive-4684ab73-8925-433b-9cea-f67306e73525] Error while fetching metadata with correlation id 8050 : {ecos.cognitive=LEADER_NOT_AVAILABLE}
2026-10-10 12:34:37.116 [ecos-dlt-consumer-ecos.catalog.DLT-C-1] [] WARN  o.apache.kafka.clients.NetworkClient - [Consumer clientId=consumer-ecos-dlt-consumer-4, groupId=ecos-dlt-consumer] Error while fetching metadata with correlation id 1106 : {ecos.catalog.DLT=UNKNOWN_TOPIC_OR_PARTITION}
2026-10-10 12:34:37.176 [ecos-dlt-consumer-ecos.ontology.DLT-C-1] [] WARN  o.apache.kafka.clients.NetworkClient - [Consumer clientId=consumer-ecos-dlt-consumer-10, groupId=ecos-dlt-consumer] Error while fetching metadata with correlation id 8033 : {ecos.ontology.DLT=LEADER_NOT_AVAILABLE}
2026-10-10 12:34:37.245 [ecos-dlt-consumer-ecos.data.security-tagged.DLT-C-1] [] WARN  o.apache.kafka.clients.NetworkClient - [Consumer clientId=consumer-ecos-dlt-consumer-6, groupId=ecos-dlt-consumer] Error while fetching metadata with correlation id 1108 : {ecos.data.security-tagged.DLT=LEADER_NOT_AVAILABLE}
2026-10-10 12:34:37.300 [runtimeEventBus-ecos.cognitive-1-0-C-1] [] WARN  o.apache.kafka.clients.NetworkClient - [Consumer clientId=consumer-ecos-event-ecos.cognitive-4684ab73-8925-433b-9cea-f67306e73525-1, groupId=ecos-event-ecos.cognitive-4684ab73-8925-433b-9cea-f67306e73525] Error while fetching metadata with correlation id 8052 : {ecos.cognitive=LEADER_NOT_AVAILABLE}
2026-10-10 12:34:37.321 [ecos-dlt-consumer-ecos.catalog.DLT-C-1] [] WARN  o.apache.kafka.clients.NetworkClient - [Consumer clientId=consumer-ecos-dlt-consumer-4, groupId=ecos-dlt-consumer] Error while fetching metadata with correlation id 1108 : {ecos.catalog.DLT=UNKNOWN_TOPIC_OR_PARTITION}
2026-10-10 12:34:37.374 [ecos-dlt-consumer-ecos.identity.DLT-C-1] [] WARN  o.apache.kafka.clients.NetworkClient - [Consumer clientId=consumer-ecos-dlt-consumer-7, groupId=ecos-dlt-consumer] Error while fetching metadata with correlation id 1105 : {ecos.identity.DLT=LEADER_NOT_AVAILABLE}
2026-10-10 12:34:37.452 [ecos-dlt-consumer-ecos.ontology.DLT-C-1] [] WARN  o.apache.kafka.clients.NetworkClient - [Consumer clientId=consumer-ecos-dlt-consumer-10, groupId=ecos-dlt-consumer] Error while fetching metadata with correlation id 8035 : {ecos.ontology.DLT=LEADER_NOT_AVAILABLE}
2026-10-10 12:34:37.487 [ecos-dlt-consumer-ecos.ontology.published.DLT-C-1] [] WARN  o.apache.kafka.clients.NetworkClient - [Consumer clientId=consumer-ecos-dlt-consumer-11, groupId=ecos-dlt-consumer] Error while fetching metadata with correlation id 1104 : {ecos.ontology.published.DLT=LEADER_NOT_AVAILABLE}
2026-10-10 12:34:37.488 [ecos-dlt-consumer-ecos.data.security-tagged.DLT-C-1] [] WARN  o.apache.kafka.clients.NetworkClient - [Consumer clientId=consumer-ecos-dlt-consumer-6, groupId=ecos-dlt-consumer] Error while fetching metadata with correlation id 1110 : {ecos.data.security-tagged.DLT=LEADER_NOT_AVAILABLE}
2026-10-10 12:34:37.633 [runtimeEventBus-ecos.cognitive-1-0-C-1] [] WARN  o.apache.kafka.clients.NetworkClient - [Consumer clientId=consumer-ecos-event-ecos.cognitive-4684ab73-8925-433b-9cea-f67306e73525-1, groupId=ecos-event-ecos.cognitive-4684ab73-8925-433b-9cea-f67306e73525] Error while fetching metadata with correlation id 8054 : {ecos.cognitive=LEADER_NOT_AVAILABLE}
2026-10-10 12:34:37.733 [ecos-dlt-consumer-ecos.identity.DLT-C-1] [] WARN  o.apache.kafka.clients.NetworkClient - [Consumer clientId=consumer-ecos-dlt-consumer-7, groupId=ecos-dlt-consumer] Error while fetching metadata with correlation id 1107 : {ecos.identity.DLT=UNKNOWN_TOPIC_OR_PARTITION}
2026-10-10 12:34:37.762 [ecos-dlt-consumer-ecos.catalog.DLT-C-1] [] WARN  o.apache.kafka.clients.NetworkClient - [Consumer clientId=consumer-ecos-dlt-consumer-4, groupId=ecos-dlt-consumer] Error while fetching metadata with correlation id 1110 : {ecos.catalog.DLT=LEADER_NOT_AVAILABLE}
2026-10-10 12:34:37.818 [ecos-dlt-consumer-ecos.workflow.DLT-C-1] [] WARN  o.apache.kafka.clients.NetworkClient - [Consumer clientId=consumer-ecos-dlt-consumer-12, groupId=ecos-dlt-consumer] Error while fetching metadata with correlation id 1105 : {ecos.workflow.DLT=LEADER_NOT_AVAILABLE}
2026-10-10 12:34:37.835 [ecos-dlt-consumer-ecos.object.DLT-C-1] [] WARN  o.apache.kafka.clients.NetworkClient - [Consumer clientId=consumer-ecos-dlt-consumer-9, groupId=ecos-dlt-consumer] Error while fetching metadata with correlation id 1106 : {ecos.object.DLT=LEADER_NOT_AVAILABLE}
2026-10-10 12:34:37.866 [ecos-dlt-consumer-ecos.ontology.published.DLT-C-1] [] WARN  o.apache.kafka.clients.NetworkClient - [Consumer clientId=consumer-ecos-dlt-consumer-11, groupId=ecos-dlt-consumer] Error while fetching metadata with correlation id 1106 : {ecos.ontology.published.DLT=UNKNOWN_TOPIC_OR_PARTITION}
2026-10-10 12:34:37.871 [ecos-dlt-consumer-ecos.ontology.DLT-C-1] [] WARN  o.apache.kafka.clients.NetworkClient - [Consumer clientId=consumer-ecos-dlt-consumer-10, groupId=ecos-dlt-consumer] Error while fetching metadata with correlation id 8037 : {ecos.ontology.DLT=LEADER_NOT_AVAILABLE}
2026-10-10 12:34:37.873 [ecos-dlt-consumer-ecos.data.security-tagged.DLT-C-1] [] WARN  o.apache.kafka.clients.NetworkClient - [Consumer clientId=consumer-ecos-dlt-consumer-6, groupId=ecos-dlt-consumer] Error while fetching metadata with correlation id 1112 : {ecos.data.security-tagged.DLT=LEADER_NOT_AVAILABLE}
2026-10-10 12:34:37.986 [ecos-dlt-consumer-ecos.knowledge.DLT-C-1] [] WARN  o.apache.kafka.clients.NetworkClient - [Consumer clientId=consumer-ecos-dlt-consumer-8, groupId=ecos-dlt-consumer] Error while fetching metadata with correlation id 1106 : {ecos.knowledge.DLT=LEADER_NOT_AVAILABLE}
2026-10-10 12:34:38.026 [ecos-dlt-consumer-ecos.agent.DLT-C-1] [] WARN  o.apache.kafka.clients.NetworkClient - [Consumer clientId=consumer-ecos-dlt-consumer-2, groupId=ecos-dlt-consumer] Error while fetching metadata with correlation id 1105 : {ecos.agent.DLT=UNKNOWN_TOPIC_OR_PARTITION}
2026-10-10 12:34:38.045 [ecos-dlt-consumer-ecos.cognitive.DLT-C-1] [] WARN  o.apache.kafka.clients.NetworkClient - [Consumer clientId=consumer-ecos-dlt-consumer-5, groupId=ecos-dlt-consumer] Error while fetching metadata with correlation id 1108 : {ecos.cognitive.DLT=UNKNOWN_TOPIC_OR_PARTITION}
2026-10-10 12:34:38.069 [ecos-dlt-consumer-ecos.audit.DLT-C-1] [] WARN  o.apache.kafka.clients.NetworkClient - [Consumer clientId=consumer-ecos-dlt-consumer-3, groupId=ecos-dlt-consumer] Error while fetching metadata with correlation id 1106 : {ecos.audit.DLT=UNKNOWN_TOPIC_OR_PARTITION}
2026-10-10 12:34:38.141 [ecos-dlt-consumer-ecos.identity.DLT-C-1] [] WARN  o.apache.kafka.clients.NetworkClient - [Consumer clientId=consumer-ecos-dlt-consumer-7, groupId=ecos-dlt-consumer] Error while fetching metadata with correlation id 1109 : {ecos.identity.DLT=UNKNOWN_TOPIC_OR_PARTITION}
2026-10-10 12:34:38.141 [runtimeEventBus-ecos.cognitive-1-0-C-1] [] WARN  o.apache.kafka.clients.NetworkClient - [Consumer clientId=consumer-ecos-event-ecos.cognitive-4684ab73-8925-433b-9cea-f67306e73525-1, groupId=ecos-event-ecos.cognitive-4684ab73-8925-433b-9cea-f67306e73525] Error while fetching metadata with correlation id 8056 : {ecos.cognitive=LEADER_NOT_AVAILABLE}
2026-10-10 12:34:38.142 [ecos-dlt-consumer-ecos.catalog.DLT-C-1] [] WARN  o.apache.kafka.clients.NetworkClient - [Consumer clientId=consumer-ecos-dlt-consumer-4, groupId=ecos-dlt-consumer] Error while fetching metadata with correlation id 1112 : {ecos.catalog.DLT=UNKNOWN_TOPIC_OR_PARTITION}
2026-10-10 12:34:38.210 [ecos-dlt-consumer-ecos.workflow.DLT-C-1] [] WARN  o.apache.kafka.clients.NetworkClient - [Consumer clientId=consumer-ecos-dlt-consumer-12, groupId=ecos-dlt-consumer] Error while fetching metadata with correlation id 1107 : {ecos.workflow.DLT=UNKNOWN_TOPIC_OR_PARTITION}
2026-10-10 12:34:38.222 [ecos-dlt-consumer-ecos.ontology.published.DLT-C-1] [] WARN  o.apache.kafka.clients.NetworkClient - [Consumer clientId=consumer-ecos-dlt-consumer-11, groupId=ecos-dlt-consumer] Error while fetching metadata with correlation id 1108 : {ecos.ontology.published.DLT=UNKNOWN_TOPIC_OR_PARTITION}
2026-10-10 12:34:38.242 [ecos-dlt-consumer-ecos.ontology.DLT-C-1] [] WARN  o.apache.kafka.clients.NetworkClient - [Consumer clientId=consumer-ecos-dlt-consumer-10, groupId=ecos-dlt-consumer] Error while fetching metadata with correlation id 8039 : {ecos.ontology.DLT=UNKNOWN_TOPIC_OR_PARTITION}
2026-10-10 12:34:38.249 [ecos-dlt-consumer-ecos.object.DLT-C-1] [] WARN  o.apache.kafka.clients.NetworkClient - [Consumer clientId=consumer-ecos-dlt-consumer-9, groupId=ecos-dlt-consumer] Error while fetching metadata with correlation id 1108 : {ecos.object.DLT=UNKNOWN_TOPIC_OR_PARTITION}
2026-10-10 12:34:38.261 [ecos-dlt-consumer-ecos.knowledge.DLT-C-1] [] WARN  o.apache.kafka.clients.NetworkClient - [Consumer clientId=consumer-ecos-dlt-consumer-8, groupId=ecos-dlt-consumer] Error while fetching metadata with correlation id 1108 : {ecos.knowledge.DLT=UNKNOWN_TOPIC_OR_PARTITION}
2026-10-10 12:34:38.278 [ecos-dlt-consumer-ecos.data.security-tagged.DLT-C-1] [] WARN  o.apache.kafka.clients.NetworkClient - [Consumer clientId=consumer-ecos-dlt-consumer-6, groupId=ecos-dlt-consumer] Error while fetching metadata with correlation id 1114 : {ecos.data.security-tagged.DLT=UNKNOWN_TOPIC_OR_PARTITION}
2026-10-10 12:34:38.322 [ecos-dlt-consumer-ecos.agent.DLT-C-1] [] WARN  o.apache.kafka.clients.NetworkClient - [Consumer clientId=consumer-ecos-dlt-consumer-2, groupId=ecos-dlt-consumer] Error while fetching metadata with correlation id 1107 : {ecos.agent.DLT=UNKNOWN_TOPIC_OR_PARTITION}
2026-10-10 12:34:38.343 [ecos-dlt-consumer-ecos.audit.DLT-C-1] [] WARN  o.apache.kafka.clients.NetworkClient - [Consumer clientId=consumer-ecos-dlt-consumer-3, groupId=ecos-dlt-consumer] Error while fetching metadata with correlation id 1108 : {ecos.audit.DLT=UNKNOWN_TOPIC_OR_PARTITION}
2026-10-10 12:34:38.373 [ecos-dlt-consumer-ecos.cognitive.DLT-C-1] [] WARN  o.apache.kafka.clients.NetworkClient - [Consumer clientId=consumer-ecos-dlt-consumer-5, groupId=ecos-dlt-consumer] Error while fetching metadata with correlation id 1110 : {ecos.cognitive.DLT=LEADER_NOT_AVAILABLE}
2026-10-10 12:34:38.374 [ecos-dlt-consumer-ecos.identity.DLT-C-1] [] WARN  o.apache.kafka.clients.NetworkClient - [Consumer clientId=consumer-ecos-dlt-consumer-7, groupId=ecos-dlt-consumer] Error while fetching metadata with correlation id 1111 : {ecos.identity.DLT=LEADER_NOT_AVAILABLE}
2026-10-10 12:34:38.394 [runtimeEventBus-ecos.cognitive-1-0-C-1] [] WARN  o.apache.kafka.clients.NetworkClient - [Consumer clientId=consumer-ecos-event-ecos.cognitive-4684ab73-8925-433b-9cea-f67306e73525-1, groupId=ecos-event-ecos.cognitive-4684ab73-8925-433b-9cea-f67306e73525] Error while fetching metadata with correlation id 8058 : {ecos.cognitive=LEADER_NOT_AVAILABLE}
2026-10-10 12:34:38.403 [ecos-dlt-consumer-ecos.catalog.DLT-C-1] [] WARN  o.apache.kafka.clients.NetworkClient - [Consumer clientId=consumer-ecos-dlt-consumer-4, groupId=ecos-dlt-consumer] Error while fetching metadata with correlation id 1114 : {ecos.catalog.DLT=LEADER_NOT_AVAILABLE}
2026-10-10 12:34:38.494 [ecos-dlt-consumer-ecos.ontology.published.DLT-C-1] [] WARN  o.apache.kafka.clients.NetworkClient - [Consumer clientId=consumer-ecos-dlt-consumer-11, groupId=ecos-dlt-consumer] Error while fetching metadata with correlation id 1110 : {ecos.ontology.published.DLT=LEADER_NOT_AVAILABLE}
2026-10-10 12:34:38.512 [ecos-dlt-consumer-ecos.object.DLT-C-1] [] WARN  o.apache.kafka.clients.NetworkClient - [Consumer clientId=consumer-ecos-dlt-consumer-9, groupId=ecos-dlt-consumer] Error while fetching metadata with correlation id 1110 : {ecos.object.DLT=LEADER_NOT_AVAILABLE}
2026-10-10 12:34:38.519 [ecos-dlt-consumer-ecos.ontology.DLT-C-1] [] WARN  o.apache.kafka.clients.NetworkClient - [Consumer clientId=consumer-ecos-dlt-consumer-10, groupId=ecos-dlt-consumer] Error while fetching metadata with correlation id 8041 : {ecos.ontology.DLT=LEADER_NOT_AVAILABLE}
2026-10-10 12:34:38.521 [ecos-dlt-consumer-ecos.workflow.DLT-C-1] [] WARN  o.apache.kafka.clients.NetworkClient - [Consumer clientId=consumer-ecos-dlt-consumer-12, groupId=ecos-dlt-consumer] Error while fetching metadata with correlation id 1109 : {ecos.workflow.DLT=UNKNOWN_TOPIC_OR_PARTITION}
2026-10-10 12:34:38.539 [ecos-dlt-consumer-ecos.knowledge.DLT-C-1] [] WARN  o.apache.kafka.clients.NetworkClient - [Consumer clientId=consumer-ecos-dlt-consumer-8, groupId=ecos-dlt-consumer] Error while fetching metadata with correlation id 1110 : {ecos.knowledge.DLT=LEADER_NOT_AVAILABLE}
2026-10-10 12:34:38.578 [ecos-dlt-consumer-ecos.agent.DLT-C-1] [] WARN  o.apache.kafka.clients.NetworkClient - [Consumer clientId=consumer-ecos-dlt-consumer-2, groupId=ecos-dlt-consumer] Error while fetching metadata with correlation id 1109 : {ecos.agent.DLT=LEADER_NOT_AVAILABLE}
2026-10-10 12:34:38.585 [ecos-dlt-consumer-ecos.data.security-tagged.DLT-C-1] [] WARN  o.apache.kafka.clients.NetworkClient - [Consumer clientId=consumer-ecos-dlt-consumer-6, groupId=ecos-dlt-consumer] Error while fetching metadata with correlation id 1116 : {ecos.data.security-tagged.DLT=LEADER_NOT_AVAILABLE}
2026-10-10 12:34:38.585 [ecos-dlt-consumer-ecos.audit.DLT-C-1] [] WARN  o.apache.kafka.clients.NetworkClient - [Consumer clientId=consumer-ecos-dlt-consumer-3, groupId=ecos-dlt-consumer] Error while fetching metadata with correlation id 1110 : {ecos.audit.DLT=UNKNOWN_TOPIC_OR_PARTITION}
2026-10-10 12:34:38.631 [ecos-dlt-consumer-ecos.catalog.DLT-C-1] [] WARN  o.apache.kafka.clients.NetworkClient - [Consumer clientId=consumer-ecos-dlt-consumer-4, groupId=ecos-dlt-consumer] Error while fetching metadata with correlation id 1116 : {ecos.catalog.DLT=UNKNOWN_TOPIC_OR_PARTITION}
2026-10-10 12:34:38.639 [ecos-dlt-consumer-ecos.identity.DLT-C-1] [] WARN  o.apache.kafka.clients.NetworkClient - [Consumer clientId=consumer-ecos-dlt-consumer-7, groupId=ecos-dlt-consumer] Error while fetching metadata with correlation id 1113 : {ecos.identity.DLT=UNKNOWN_TOPIC_OR_PARTITION}
2026-10-10 12:34:38.655 [runtimeEventBus-ecos.cognitive-1-0-C-1] [] WARN  o.apache.kafka.clients.NetworkClient - [Consumer clientId=consumer-ecos-event-ecos.cognitive-4684ab73-8925-433b-9cea-f67306e73525-1, groupId=ecos-event-ecos.cognitive-4684ab73-8925-433b-9cea-f67306e73525] Error while fetching metadata with correlation id 8060 : {ecos.cognitive=LEADER_NOT_AVAILABLE}
2026-10-10 12:34:38.668 [ecos-dlt-consumer-ecos.cognitive.DLT-C-1] [] WARN  o.apache.kafka.clients.NetworkClient - [Consumer clientId=consumer-ecos-dlt-consumer-5, groupId=ecos-dlt-consumer] Error while fetching metadata with correlation id 1112 : {ecos.cognitive.DLT=LEADER_NOT_AVAILABLE}
2026-10-10 12:34:38.671 [ecos-dlt-consumer-ecos.ontology.published.DLT-C-1] [] WARN  o.apache.kafka.clients.NetworkClient - [Consumer clientId=consumer-ecos-dlt-consumer-11, groupId=ecos-dlt-consumer] Error while fetching metadata with correlation id 1112 : {ecos.ontology.published.DLT=UNKNOWN_TOPIC_OR_PARTITION}
2026-10-10 12:34:38.702 [ecos-dlt-consumer-ecos.ontology.DLT-C-1] [] WARN  o.apache.kafka.clients.NetworkClient - [Consumer clientId=consumer-ecos-dlt-consumer-10, groupId=ecos-dlt-consumer] Error while fetching metadata with correlation id 8043 : {ecos.ontology.DLT=UNKNOWN_TOPIC_OR_PARTITION}
2026-10-10 12:34:38.715 [ecos-dlt-consumer-ecos.workflow.DLT-C-1] [] WARN  o.apache.kafka.clients.NetworkClient - [Consumer clientId=consumer-ecos-dlt-consumer-12, groupId=ecos-dlt-consumer] Error while fetching metadata with correlation id 1111 : {ecos.workflow.DLT=LEADER_NOT_AVAILABLE}
2026-10-10 12:34:38.726 [ecos-dlt-consumer-ecos.object.DLT-C-1] [] WARN  o.apache.kafka.clients.NetworkClient - [Consumer clientId=consumer-ecos-dlt-consumer-9, groupId=ecos-dlt-consumer] Error while fetching metadata with correlation id 1112 : {ecos.object.DLT=UNKNOWN_TOPIC_OR_PARTITION}
2026-10-10 12:34:38.732 [ecos-dlt-consumer-ecos.knowledge.DLT-C-1] [] WARN  o.apache.kafka.clients.NetworkClient - [Consumer clientId=consumer-ecos-dlt-consumer-8, groupId=ecos-dlt-consumer] Error while fetching metadata with correlation id 1112 : {ecos.knowledge.DLT=UNKNOWN_TOPIC_OR_PARTITION}
2026-10-10 12:34:38.744 [ecos-dlt-consumer-ecos.data.security-tagged.DLT-C-1] [] WARN  o.apache.kafka.clients.NetworkClient - [Consumer clientId=consumer-ecos-dlt-consumer-6, groupId=ecos-dlt-consumer] Error while fetching metadata with correlation id 1118 : {ecos.data.security-tagged.DLT=UNKNOWN_TOPIC_OR_PARTITION}
2026-10-10 12:34:38.756 [ecos-dlt-consumer-ecos.agent.DLT-C-1] [] WARN  o.apache.kafka.clients.NetworkClient - [Consumer clientId=consumer-ecos-dlt-consumer-2, groupId=ecos-dlt-consumer] Error while fetching metadata with correlation id 1111 : {ecos.agent.DLT=UNKNOWN_TOPIC_OR_PARTITION}
2026-10-10 12:34:38.789 [ecos-dlt-consumer-ecos.audit.DLT-C-1] [] WARN  o.apache.kafka.clients.NetworkClient - [Consumer clientId=consumer-ecos-dlt-consumer-3, groupId=ecos-dlt-consumer] Error while fetching metadata with correlation id 1112 : {ecos.audit.DLT=LEADER_NOT_AVAILABLE}
2026-10-10 12:34:38.796 [ecos-dlt-consumer-ecos.catalog.DLT-C-1] [] WARN  o.apache.kafka.clients.NetworkClient - [Consumer clientId=consumer-ecos-dlt-consumer-4, groupId=ecos-dlt-consumer] Error while fetching metadata with correlation id 1118 : {ecos.catalog.DLT=LEADER_NOT_AVAILABLE}
2026-10-10 12:34:38.838 [ecos-dlt-consumer-ecos.identity.DLT-C-1] [] WARN  o.apache.kafka.clients.NetworkClient - [Consumer clientId=consumer-ecos-dlt-consumer-7, groupId=ecos-dlt-consumer] Error while fetching metadata with correlation id 1115 : {ecos.identity.DLT=LEADER_NOT_AVAILABLE}
2026-10-10 12:34:38.870 [ecos-dlt-consumer-ecos.ontology.published.DLT-C-1] [] WARN  o.apache.kafka.clients.NetworkClient - [Consumer clientId=consumer-ecos-dlt-consumer-11, groupId=ecos-dlt-consumer] Error while fetching metadata with correlation id 1114 : {ecos.ontology.published.DLT=LEADER_NOT_AVAILABLE}
2026-10-10 12:34:38.877 [runtimeEventBus-ecos.cognitive-1-0-C-1] [] WARN  o.apache.kafka.clients.NetworkClient - [Consumer clientId=consumer-ecos-event-ecos.cognitive-4684ab73-8925-433b-9cea-f67306e73525-1, groupId=ecos-event-ecos.cognitive-4684ab73-8925-433b-9cea-f67306e73525] Error while fetching metadata with correlation id 8062 : {ecos.cognitive=LEADER_NOT_AVAILABLE}
2026-10-10 12:34:38.894 [ecos-dlt-consumer-ecos.cognitive.DLT-C-1] [] WARN  o.apache.kafka.clients.NetworkClient - [Consumer clientId=consumer-ecos-dlt-consumer-5, groupId=ecos-dlt-consumer] Error while fetching metadata with correlation id 1114 : {ecos.cognitive.DLT=LEADER_NOT_AVAILABLE}
2026-10-10 12:34:38.923 [ecos-dlt-consumer-ecos.ontology.DLT-C-1] [] WARN  o.apache.kafka.clients.NetworkClient - [Consumer clientId=consumer-ecos-dlt-consumer-10, groupId=ecos-dlt-consumer] Error while fetching metadata with correlation id 8045 : {ecos.ontology.DLT=LEADER_NOT_AVAILABLE}
2026-10-10 12:34:38.944 [ecos-dlt-consumer-ecos.workflow.DLT-C-1] [] WARN  o.apache.kafka.clients.NetworkClient - [Consumer clientId=consumer-ecos-dlt-consumer-12, groupId=ecos-dlt-consumer] Error while fetching metadata with correlation id 1113 : {ecos.workflow.DLT=UNKNOWN_TOPIC_OR_PARTITION}
2026-10-10 12:34:38.962 [ecos-dlt-consumer-ecos.object.DLT-C-1] [] WARN  o.apache.kafka.clients.NetworkClient - [Consumer clientId=consumer-ecos-dlt-consumer-9, groupId=ecos-dlt-consumer] Error while fetching metadata with correlation id 1114 : {ecos.object.DLT=UNKNOWN_TOPIC_OR_PARTITION}
2026-10-10 12:34:38.999 [ecos-dlt-consumer-ecos.knowledge.DLT-C-1] [] WARN  o.apache.kafka.clients.NetworkClient - [Consumer clientId=consumer-ecos-dlt-consumer-8, groupId=ecos-dlt-consumer] Error while fetching metadata with correlation id 1114 : {ecos.knowledge.DLT=LEADER_NOT_AVAILABLE}
2026-10-10 12:34:39.002 [ecos-dlt-consumer-ecos.data.security-tagged.DLT-C-1] [] WARN  o.apache.kafka.clients.NetworkClient - [Consumer clientId=consumer-ecos-dlt-consumer-6, groupId=ecos-dlt-consumer] Error while fetching metadata with correlation id 1120 : {ecos.data.security-tagged.DLT=LEADER_NOT_AVAILABLE}
2026-10-10 12:34:39.003 [ecos-dlt-consumer-ecos.agent.DLT-C-1] [] WARN  o.apache.kafka.clients.NetworkClient - [Consumer clientId=consumer-ecos-dlt-consumer-2, groupId=ecos-dlt-consumer] Error while fetching metadata with correlation id 1113 : {ecos.agent.DLT=UNKNOWN_TOPIC_OR_PARTITION}
2026-10-10 12:34:39.036 [ecos-dlt-consumer-ecos.audit.DLT-C-1] [] WARN  o.apache.kafka.clients.NetworkClient - [Consumer clientId=consumer-ecos-dlt-consumer-3, groupId=ecos-dlt-consumer] Error while fetching metadata with correlation id 1114 : {ecos.audit.DLT=UNKNOWN_TOPIC_OR_PARTITION}
2026-10-10 12:34:39.043 [ecos-dlt-consumer-ecos.catalog.DLT-C-1] [] WARN  o.apache.kafka.clients.NetworkClient - [Consumer clientId=consumer-ecos-dlt-consumer-4, groupId=ecos-dlt-consumer] Error while fetching metadata with correlation id 1120 : {ecos.catalog.DLT=LEADER_NOT_AVAILABLE}
2026-10-10 12:34:39.051 [ecos-dlt-consumer-ecos.identity.DLT-C-1] [] WARN  o.apache.kafka.clients.NetworkClient - [Consumer clientId=consumer-ecos-dlt-consumer-7, groupId=ecos-dlt-consumer] Error while fetching metadata with correlation id 1117 : {ecos.identity.DLT=UNKNOWN_TOPIC_OR_PARTITION}
2026-10-10 12:34:39.072 [ecos-dlt-consumer-ecos.ontology.published.DLT-C-1] [] WARN  o.apache.kafka.clients.NetworkClient - [Consumer clientId=consumer-ecos-dlt-consumer-11, groupId=ecos-dlt-consumer] Error while fetching metadata with correlation id 1116 : {ecos.ontology.published.DLT=UNKNOWN_TOPIC_OR_PARTITION}
2026-10-10 12:34:39.095 [ecos-dlt-consumer-ecos.workflow.DLT-C-1] [] WARN  o.apache.kafka.clients.NetworkClient - [Consumer clientId=consumer-ecos-dlt-consumer-12, groupId=ecos-dlt-consumer] Error while fetching metadata with correlation id 1115 : {ecos.workflow.DLT=UNKNOWN_TOPIC_OR_PARTITION}
2026-10-10 12:34:39.111 [runtimeEventBus-ecos.cognitive-1-0-C-1] [] WARN  o.apache.kafka.clients.NetworkClient - [Consumer clientId=consumer-ecos-event-ecos.cognitive-4684ab73-8925-433b-9cea-f67306e73525-1, groupId=ecos-event-ecos.cognitive-4684ab73-8925-433b-9cea-f67306e73525] Error while fetching metadata with correlation id 8064 : {ecos.cognitive=LEADER_NOT_AVAILABLE}
2026-10-10 12:34:39.127 [ecos-dlt-consumer-ecos.cognitive.DLT-C-1] [] WARN  o.apache.kafka.clients.NetworkClient - [Consumer clientId=consumer-ecos-dlt-consumer-5, groupId=ecos-dlt-consumer] Error while fetching metadata with correlation id 1116 : {ecos.cognitive.DLT=LEADER_NOT_AVAILABLE}
2026-10-10 12:34:39.132 [ecos-dlt-consumer-ecos.ontology.DLT-C-1] [] WARN  o.apache.kafka.clients.NetworkClient - [Consumer clientId=consumer-ecos-dlt-consumer-10, groupId=ecos-dlt-consumer] Error while fetching metadata with correlation id 8047 : {ecos.ontology.DLT=UNKNOWN_TOPIC_OR_PARTITION}
2026-10-10 12:34:39.191 [ecos-dlt-consumer-ecos.object.DLT-C-1] [] WARN  o.apache.kafka.clients.NetworkClient - [Consumer clientId=consumer-ecos-dlt-consumer-9, groupId=ecos-dlt-consumer] Error while fetching metadata with correlation id 1116 : {ecos.object.DLT=UNKNOWN_TOPIC_OR_PARTITION}
2026-10-10 12:34:39.203 [ecos-dlt-consumer-ecos.data.security-tagged.DLT-C-1] [] WARN  o.apache.kafka.clients.NetworkClient - [Consumer clientId=consumer-ecos-dlt-consumer-6, groupId=ecos-dlt-consumer] Error while fetching metadata with correlation id 1122 : {ecos.data.security-tagged.DLT=UNKNOWN_TOPIC_OR_PARTITION}
2026-10-10 12:34:39.211 [ecos-dlt-consumer-ecos.agent.DLT-C-1] [] WARN  o.apache.kafka.clients.NetworkClient - [Consumer clientId=consumer-ecos-dlt-consumer-2, groupId=ecos-dlt-consumer] Error while fetching metadata with correlation id 1115 : {ecos.agent.DLT=UNKNOWN_TOPIC_OR_PARTITION}
2026-10-10 12:34:39.220 [ecos-dlt-consumer-ecos.knowledge.DLT-C-1] [] WARN  o.apache.kafka.clients.NetworkClient - [Consumer clientId=consumer-ecos-dlt-consumer-8, groupId=ecos-dlt-consumer] Error while fetching metadata with correlation id 1116 : {ecos.knowledge.DLT=UNKNOWN_TOPIC_OR_PARTITION}
2026-10-10 12:34:39.272 [ecos-dlt-consumer-ecos.identity.DLT-C-1] [] WARN  o.apache.kafka.clients.NetworkClient - [Consumer clientId=consumer-ecos-dlt-consumer-7, groupId=ecos-dlt-consumer] Error while fetching metadata with correlation id 1119 : {ecos.identity.DLT=LEADER_NOT_AVAILABLE}
2026-10-10 12:34:39.754 [ecos-dlt-consumer-ecos.ontology.DLT-C-1] [] WARN  o.a.k.c.c.i.ConsumerCoordinator - [Consumer clientId=consumer-ecos-dlt-consumer-10, groupId=ecos-dlt-consumer] Offset commit failed on partition ecos.ontology.DLT-0 at offset 0: This is not the correct coordinator.
2026-10-10 12:34:40.873 [ecos-dlt-consumer-ecos.ontology.DLT-C-1] [] WARN  o.a.k.c.c.i.ConsumerCoordinator - [Consumer clientId=consumer-ecos-dlt-consumer-10, groupId=ecos-dlt-consumer] Offset commit failed on partition ecos.ontology.DLT-0 at offset 0: This is not the correct coordinator.
2026-10-10 12:34:42.226 [ecos-dlt-consumer-ecos.ontology.DLT-C-1] [] WARN  o.a.k.c.c.i.ConsumerCoordinator - [Consumer clientId=consumer-ecos-dlt-consumer-10, groupId=ecos-dlt-consumer] Offset commit failed on partition ecos.ontology.DLT-0 at offset 0: This is not the correct coordinator.
2026-10-10 12:34:43.610 [ecos-dlt-consumer-ecos.ontology.DLT-C-1] [] WARN  o.a.k.c.c.i.ConsumerCoordinator - [Consumer clientId=consumer-ecos-dlt-consumer-10, groupId=ecos-dlt-consumer] Offset commit failed on partition ecos.ontology.DLT-0 at offset 0: This is not the correct coordinator.
2026-10-10 12:34:44.306 [ecos-dlt-consumer-ecos.ontology.DLT-C-1] [] WARN  o.a.k.c.c.i.ConsumerCoordinator - [Consumer clientId=consumer-ecos-dlt-consumer-10, groupId=ecos-dlt-consumer] Offset commit failed on partition ecos.ontology.DLT-0 at offset 0: This is not the correct coordinator.
2026-10-10 12:34:44.909 [ecos-dlt-consumer-ecos.ontology.DLT-C-1] [] WARN  o.a.k.c.c.i.ConsumerCoordinator - [Consumer clientId=consumer-ecos-dlt-consumer-10, groupId=ecos-dlt-consumer] Offset commit failed on partition ecos.ontology.DLT-0 at offset 0: This is not the correct coordinator.
2026-10-10 12:34:45.566 [ecos-dlt-consumer-ecos.ontology.DLT-C-1] [] WARN  o.a.k.c.c.i.ConsumerCoordinator - [Consumer clientId=consumer-ecos-dlt-consumer-10, groupId=ecos-dlt-consumer] Offset commit failed on partition ecos.ontology.DLT-0 at offset 0: This is not the correct coordinator.
2026-10-10 12:34:45.872 [runtimeEventBus-ecos.cognitive-1-0-C-1] [] WARN  o.a.k.c.c.i.ConsumerCoordinator - [Consumer clientId=consumer-ecos-event-ecos.cognitive-4684ab73-8925-433b-9cea-f67306e73525-1, groupId=ecos-event-ecos.cognitive-4684ab73-8925-433b-9cea-f67306e73525] Offset commit failed on partition ecos.cognitive-0 at offset 11: This is not the correct coordinator.
2026-10-10 12:34:46.091 [ecos-dlt-consumer-ecos.ontology.DLT-C-1] [] WARN  o.a.k.c.c.i.ConsumerCoordinator - [Consumer clientId=consumer-ecos-dlt-consumer-10, groupId=ecos-dlt-consumer] Offset commit failed on partition ecos.ontology.DLT-0 at offset 0: This is not the correct coordinator.
2026-10-10 12:34:46.816 [ecos-dlt-consumer-ecos.ontology.DLT-C-1] [] WARN  o.a.k.c.c.i.ConsumerCoordinator - [Consumer clientId=consumer-ecos-dlt-consumer-10, groupId=ecos-dlt-consumer] Offset commit failed on partition ecos.ontology.DLT-0 at offset 0: This is not the correct coordinator.
2026-10-10 12:34:47.237 [ecos-dlt-consumer-ecos.ontology.DLT-C-1] [] WARN  o.a.k.c.c.i.ConsumerCoordinator - [Consumer clientId=consumer-ecos-dlt-consumer-10, groupId=ecos-dlt-consumer] Offset commit failed on partition ecos.ontology.DLT-0 at offset 0: The coordinator is loading and hence can't process requests.
2026-10-10 12:34:47.345 [ecos-dlt-consumer-ecos.ontology.DLT-C-1] [] WARN  o.a.k.c.c.i.ConsumerCoordinator - [Consumer clientId=consumer-ecos-dlt-consumer-10, groupId=ecos-dlt-consumer] Offset commit failed on partition ecos.ontology.DLT-0 at offset 0: The coordinator is loading and hence can't process requests.
2026-10-10 12:34:47.455 [ecos-dlt-consumer-ecos.ontology.DLT-C-1] [] WARN  o.a.k.c.c.i.ConsumerCoordinator - [Consumer clientId=consumer-ecos-dlt-consumer-10, groupId=ecos-dlt-consumer] Offset commit failed on partition ecos.ontology.DLT-0 at offset 0: The coordinator is loading and hence can't process requests.
2026-10-10 12:34:47.574 [ecos-dlt-consumer-ecos.ontology.DLT-C-1] [] WARN  o.a.k.c.c.i.ConsumerCoordinator - [Consumer clientId=consumer-ecos-dlt-consumer-10, groupId=ecos-dlt-consumer] Offset commit failed on partition ecos.ontology.DLT-0 at offset 0: The coordinator is loading and hence can't process requests.
2026-10-10 12:34:47.683 [ecos-dlt-consumer-ecos.ontology.DLT-C-1] [] WARN  o.a.k.c.c.i.ConsumerCoordinator - [Consumer clientId=consumer-ecos-dlt-consumer-10, groupId=ecos-dlt-consumer] Offset commit failed on partition ecos.ontology.DLT-0 at offset 0: The coordinator is loading and hence can't process requests.
2026-10-10 12:34:49.953 [ecos-dlt-consumer-ecos.object.DLT-C-1] [] INFO  o.s.k.l.KafkaMessageListenerContainer - ecos-dlt-consumer: partitions revoked: []
2026-10-10 12:34:50.031 [ecos-dlt-consumer-ecos.data.security-tagged.DLT-C-1] [] INFO  o.s.k.l.KafkaMessageListenerContainer - ecos-dlt-consumer: partitions revoked: []
2026-10-10 12:34:50.048 [ecos-dlt-consumer-ecos.identity.DLT-C-1] [] INFO  o.s.k.l.KafkaMessageListenerContainer - ecos-dlt-consumer: partitions revoked: []
2026-10-10 12:34:50.055 [ecos-dlt-consumer-ecos.cognitive.DLT-C-1] [] INFO  o.s.k.l.KafkaMessageListenerContainer - ecos-dlt-consumer: partitions revoked: []
2026-10-10 12:34:50.065 [ecos-dlt-consumer-ecos.catalog.DLT-C-1] [] INFO  o.s.k.l.KafkaMessageListenerContainer - ecos-dlt-consumer: partitions revoked: []
2026-10-10 12:34:50.080 [ecos-dlt-consumer-ecos.ontology.published.DLT-C-1] [] INFO  o.s.k.l.KafkaMessageListenerContainer - ecos-dlt-consumer: partitions revoked: []
2026-10-10 12:34:50.080 [ecos-dlt-consumer-ecos.knowledge.DLT-C-1] [] INFO  o.s.k.l.KafkaMessageListenerContainer - ecos-dlt-consumer: partitions revoked: []
2026-10-10 12:34:50.086 [ecos-dlt-consumer-ecos.audit.DLT-C-1] [] INFO  o.s.k.l.KafkaMessageListenerContainer - ecos-dlt-consumer: partitions revoked: []
2026-10-10 12:34:50.095 [ecos-dlt-consumer-ecos.workflow.DLT-C-1] [] INFO  o.s.k.l.KafkaMessageListenerContainer - ecos-dlt-consumer: partitions revoked: []
2026-10-10 12:34:50.120 [ecos-dlt-consumer-ecos.agent.DLT-C-1] [] INFO  o.s.k.l.KafkaMessageListenerContainer - ecos-dlt-consumer: partitions revoked: []
2026-10-10 12:34:50.237 [ecos-dlt-consumer-ecos.ontology.DLT-C-1] [] INFO  o.s.k.l.KafkaMessageListenerContainer - ecos-dlt-consumer: partitions revoked: [ecos.ontology.DLT-0]
2026-10-10 12:34:50.452 [ecos-dlt-consumer-ecos.knowledge.DLT-C-1] [] INFO  o.s.k.l.KafkaMessageListenerContainer - ecos-dlt-consumer: partitions assigned: []
2026-10-10 12:34:50.453 [ecos-dlt-consumer-ecos.ontology.DLT-C-1] [] INFO  o.s.k.l.KafkaMessageListenerContainer - ecos-dlt-consumer: partitions assigned: [ecos.ontology.DLT-0]
2026-10-10 12:34:50.454 [ecos-dlt-consumer-ecos.ontology.published.DLT-C-1] [] INFO  o.s.k.l.KafkaMessageListenerContainer - ecos-dlt-consumer: partitions assigned: []
2026-10-10 12:34:50.455 [ecos-dlt-consumer-ecos.object.DLT-C-1] [] INFO  o.s.k.l.KafkaMessageListenerContainer - ecos-dlt-consumer: partitions assigned: []
2026-10-10 12:34:50.455 [ecos-dlt-consumer-ecos.workflow.DLT-C-1] [] INFO  o.s.k.l.KafkaMessageListenerContainer - ecos-dlt-consumer: partitions assigned: []
2026-10-10 12:34:50.455 [ecos-dlt-consumer-ecos.cognitive.DLT-C-1] [] INFO  o.s.k.l.KafkaMessageListenerContainer - ecos-dlt-consumer: partitions assigned: []
2026-10-10 12:34:50.456 [ecos-dlt-consumer-ecos.identity.DLT-C-1] [] INFO  o.s.k.l.KafkaMessageListenerContainer - ecos-dlt-consumer: partitions assigned: []
2026-10-10 12:34:50.459 [ecos-dlt-consumer-ecos.agent.DLT-C-1] [] INFO  o.s.k.l.KafkaMessageListenerContainer - ecos-dlt-consumer: partitions assigned: []
2026-10-10 12:34:50.459 [ecos-dlt-consumer-ecos.catalog.DLT-C-1] [] INFO  o.s.k.l.KafkaMessageListenerContainer - ecos-dlt-consumer: partitions assigned: []
2026-10-10 12:34:50.462 [ecos-dlt-consumer-ecos.data.security-tagged.DLT-C-1] [] INFO  o.s.k.l.KafkaMessageListenerContainer - ecos-dlt-consumer: partitions assigned: []
2026-10-10 12:34:50.463 [ecos-dlt-consumer-ecos.audit.DLT-C-1] [] INFO  o.s.k.l.KafkaMessageListenerContainer - ecos-dlt-consumer: partitions assigned: []
2026-10-10 12:34:56.767 [scheduling-1] [] WARN  c.c.g.runtime.audit.AuditRetryTask - [AuditRetry] 到期行拉取失败（表缺失/DB 不可用）errType=BadSqlGrammarException msg=
### Error querying database.  Cause: org.postgresql.util.PSQLException: ERROR: relation "public.ecos_runtime_audit_retry" does not exist
  位置：256
### The error may exist in com/chinacreator/gzcm/runtime/audit/mapper/AuditRetryMapper.java (best guess)
### The error may involve com.chinacreator.gzcm.runtime.audit.mapper.AuditRetryMapper.listDue-Inline
### The error occurred while setting parameters
### SQL: SELECT id, event_type AS eventType, payload, attempts, next_retry_at AS nextRetryAt, last_error AS lastError, status, trace_id AS traceId, create_time AS createTime, update_time AS updateTime, version_no AS versionNo, is_deleted AS isDeleted, domain FROM public.ecos_runtime_audit_retry WHERE is_deleted = 0 AND status = 'pending' AND next_retry_at <= ? ORDER BY next_retry_at ASC LIMIT ?
### Cause: org.postgresql.util.PSQLException: ERROR: relation "public.ecos_runtime_audit_retry" does not exist
  位置：256
; bad SQL grammar []
2026-10-10 12:35:56.778 [scheduling-1] [] WARN  c.c.g.runtime.audit.AuditRetryTask - [AuditRetry] 到期行拉取失败（表缺失/DB 不可用）errType=BadSqlGrammarException msg=
### Error querying database.  Cause: org.postgresql.util.PSQLException: ERROR: relation "public.ecos_runtime_audit_retry" does not exist
  位置：256
### The error may exist in com/chinacreator/gzcm/runtime/audit/mapper/AuditRetryMapper.java (best guess)
### The error may involve com.chinacreator.gzcm.runtime.audit.mapper.AuditRetryMapper.listDue-Inline
### The error occurred while setting parameters
### SQL: SELECT id, event_type AS eventType, payload, attempts, next_retry_at AS nextRetryAt, last_error AS lastError, status, trace_id AS traceId, create_time AS createTime, update_time AS updateTime, version_no AS versionNo, is_deleted AS isDeleted, domain FROM public.ecos_runtime_audit_retry WHERE is_deleted = 0 AND status = 'pending' AND next_retry_at <= ? ORDER BY next_retry_at ASC LIMIT ?
### Cause: org.postgresql.util.PSQLException: ERROR: relation "public.ecos_runtime_audit_retry" does not exist
  位置：256
; bad SQL grammar []
2026-10-10 12:36:56.787 [scheduling-1] [] WARN  c.c.g.runtime.audit.AuditRetryTask - [AuditRetry] 到期行拉取失败（表缺失/DB 不可用）errType=BadSqlGrammarException msg=
### Error querying database.  Cause: org.postgresql.util.PSQLException: ERROR: relation "public.ecos_runtime_audit_retry" does not exist
  位置：256
### The error may exist in com/chinacreator/gzcm/runtime/audit/mapper/AuditRetryMapper.java (best guess)
### The error may involve com.chinacreator.gzcm.runtime.audit.mapper.AuditRetryMapper.listDue-Inline
### The error occurred while setting parameters
### SQL: SELECT id, event_type AS eventType, payload, attempts, next_retry_at AS nextRetryAt, last_error AS lastError, status, trace_id AS traceId, create_time AS createTime, update_time AS updateTime, version_no AS versionNo, is_deleted AS isDeleted, domain FROM public.ecos_runtime_audit_retry WHERE is_deleted = 0 AND status = 'pending' AND next_retry_at <= ? ORDER BY next_retry_at ASC LIMIT ?
### Cause: org.postgresql.util.PSQLException: ERROR: relation "public.ecos_runtime_audit_retry" does not exist
  位置：256
; bad SQL grammar []
2026-10-10 12:37:25.175 [scheduling-1] [] WARN  c.c.gzcm.runtime.dlq.DltLagChecker - [DltLagChecker] AdminClient 创建失败 errType=KafkaException msg=Failed to create new KafkaAdminClient
2026-10-10 12:37:25.176 [scheduling-1] [] WARN  c.c.gzcm.runtime.dlq.DltLagChecker - [DltLagChecker] AdminClient 不可用（bootstrap=localhost:9092），本轮降级跳过
2026-10-10 12:37:56.807 [scheduling-1] [] WARN  c.c.g.runtime.audit.AuditRetryTask - [AuditRetry] 到期行拉取失败（表缺失/DB 不可用）errType=BadSqlGrammarException msg=
### Error querying database.  Cause: org.postgresql.util.PSQLException: ERROR: relation "public.ecos_runtime_audit_retry" does not exist
  位置：256
### The error may exist in com/chinacreator/gzcm/runtime/audit/mapper/AuditRetryMapper.java (best guess)
### The error may involve com.chinacreator.gzcm.runtime.audit.mapper.AuditRetryMapper.listDue-Inline
### The error occurred while setting parameters
### SQL: SELECT id, event_type AS eventType, payload, attempts, next_retry_at AS nextRetryAt, last_error AS lastError, status, trace_id AS traceId, create_time AS createTime, update_time AS updateTime, version_no AS versionNo, is_deleted AS isDeleted, domain FROM public.ecos_runtime_audit_retry WHERE is_deleted = 0 AND status = 'pending' AND next_retry_at <= ? ORDER BY next_retry_at ASC LIMIT ?
### Cause: org.postgresql.util.PSQLException: ERROR: relation "public.ecos_runtime_audit_retry" does not exist
  位置：256
; bad SQL grammar []
2026-10-10 12:38:56.820 [scheduling-1] [] WARN  c.c.g.runtime.audit.AuditRetryTask - [AuditRetry] 到期行拉取失败（表缺失/DB 不可用）errType=BadSqlGrammarException msg=
### Error querying database.  Cause: org.postgresql.util.PSQLException: ERROR: relation "public.ecos_runtime_audit_retry" does not exist
  位置：256
### The error may exist in com/chinacreator/gzcm/runtime/audit/mapper/AuditRetryMapper.java (best guess)
### The error may involve com.chinacreator.gzcm.runtime.audit.mapper.AuditRetryMapper.listDue-Inline
### The error occurred while setting parameters
### SQL: SELECT id, event_type AS eventType, payload, attempts, next_retry_at AS nextRetryAt, last_error AS lastError, status, trace_id AS traceId, create_time AS createTime, update_time AS updateTime, version_no AS versionNo, is_deleted AS isDeleted, domain FROM public.ecos_runtime_audit_retry WHERE is_deleted = 0 AND status = 'pending' AND next_retry_at <= ? ORDER BY next_retry_at ASC LIMIT ?
### Cause: org.postgresql.util.PSQLException: ERROR: relation "public.ecos_runtime_audit_retry" does not exist
  位置：256
; bad SQL grammar []
2026-10-10 12:39:56.833 [scheduling-1] [] WARN  c.c.g.runtime.audit.AuditRetryTask - [AuditRetry] 到期行拉取失败（表缺失/DB 不可用）errType=BadSqlGrammarException msg=
### Error querying database.  Cause: org.postgresql.util.PSQLException: ERROR: relation "public.ecos_runtime_audit_retry" does not exist
  位置：256
### The error may exist in com/chinacreator/gzcm/runtime/audit/mapper/AuditRetryMapper.java (best guess)
### The error may involve com.chinacreator.gzcm.runtime.audit.mapper.AuditRetryMapper.listDue-Inline
### The error occurred while setting parameters
### SQL: SELECT id, event_type AS eventType, payload, attempts, next_retry_at AS nextRetryAt, last_error AS lastError, status, trace_id AS traceId, create_time AS createTime, update_time AS updateTime, version_no AS versionNo, is_deleted AS isDeleted, domain FROM public.ecos_runtime_audit_retry WHERE is_deleted = 0 AND status = 'pending' AND next_retry_at <= ? ORDER BY next_retry_at ASC LIMIT ?
### Cause: org.postgresql.util.PSQLException: ERROR: relation "public.ecos_runtime_audit_retry" does not exist
  位置：256
; bad SQL grammar []
2026-10-10 12:40:56.860 [scheduling-1] [] WARN  c.c.g.runtime.audit.AuditRetryTask - [AuditRetry] 到期行拉取失败（表缺失/DB 不可用）errType=BadSqlGrammarException msg=
### Error querying database.  Cause: org.postgresql.util.PSQLException: ERROR: relation "public.ecos_runtime_audit_retry" does not exist
  位置：256
### The error may exist in com/chinacreator/gzcm/runtime/audit/mapper/AuditRetryMapper.java (best guess)
### The error may involve com.chinacreator.gzcm.runtime.audit.mapper.AuditRetryMapper.listDue-Inline
### The error occurred while setting parameters
### SQL: SELECT id, event_type AS eventType, payload, attempts, next_retry_at AS nextRetryAt, last_error AS lastError, status, trace_id AS traceId, create_time AS createTime, update_time AS updateTime, version_no AS versionNo, is_deleted AS isDeleted, domain FROM public.ecos_runtime_audit_retry WHERE is_deleted = 0 AND status = 'pending' AND next_retry_at <= ? ORDER BY next_retry_at ASC LIMIT ?
### Cause: org.postgresql.util.PSQLException: ERROR: relation "public.ecos_runtime_audit_retry" does not exist
  位置：256
; bad SQL grammar []
2026-10-10 12:41:05.819 [pool-3-thread-4] [] INFO  c.c.g.r.c.t.s.i.TaskManagementServiceImpl - 任务已提交: taskId=45d5a9a1-d135-4b1a-b6ff-a17aa6e38dc7, taskName=cognitive-mental-scan
2026-10-10 12:41:05.820 [pool-3-thread-4] [] INFO  c.c.g.r.c.t.s.i.TaskManagementServiceImpl - 任务已解析: taskId=45d5a9a1-d135-4b1a-b6ff-a17aa6e38dc7
2026-10-10 12:41:05.861 [pool-3-thread-4] [] INFO  c.c.g.e.c.s.mental.MentalScanTask - PMO-59 心智层补算一代完成: scanned=5 invalidated=0
2026-10-10 12:41:05.863 [pool-3-thread-4] [] INFO  c.c.g.r.c.t.s.i.TaskManagementServiceImpl - 任务执行完成: taskId=45d5a9a1-d135-4b1a-b6ff-a17aa6e38dc7, status=SUCCEEDED
2026-10-10 12:41:05.864 [pool-3-thread-4] [] INFO  c.c.g.r.c.t.s.TaskSchedulerServiceImpl - 定时任务已提交执行 taskId=45d5a9a1-d135-4b1a-b6ff-a17aa6e38dc7 taskType=COGNITIVE_MENTAL_SCAN scheduleId=dc737701-a903-4de9-be3b-8e52b81df940
2026-10-10 12:41:56.874 [scheduling-1] [] WARN  c.c.g.runtime.audit.AuditRetryTask - [AuditRetry] 到期行拉取失败（表缺失/DB 不可用）errType=BadSqlGrammarException msg=
### Error querying database.  Cause: org.postgresql.util.PSQLException: ERROR: relation "public.ecos_runtime_audit_retry" does not exist
  位置：256
### The error may exist in com/chinacreator/gzcm/runtime/audit/mapper/AuditRetryMapper.java (best guess)
### The error may involve com.chinacreator.gzcm.runtime.audit.mapper.AuditRetryMapper.listDue-Inline
### The error occurred while setting parameters
### SQL: SELECT id, event_type AS eventType, payload, attempts, next_retry_at AS nextRetryAt, last_error AS lastError, status, trace_id AS traceId, create_time AS createTime, update_time AS updateTime, version_no AS versionNo, is_deleted AS isDeleted, domain FROM public.ecos_runtime_audit_retry WHERE is_deleted = 0 AND status = 'pending' AND next_retry_at <= ? ORDER BY next_retry_at ASC LIMIT ?
### Cause: org.postgresql.util.PSQLException: ERROR: relation "public.ecos_runtime_audit_retry" does not exist
  位置：256
; bad SQL grammar []
2026-10-10 12:42:25.197 [scheduling-1] [] WARN  c.c.gzcm.runtime.dlq.DltLagChecker - [DltLagChecker] AdminClient 创建失败 errType=KafkaException msg=Failed to create new KafkaAdminClient
2026-10-10 12:42:25.199 [scheduling-1] [] WARN  c.c.gzcm.runtime.dlq.DltLagChecker - [DltLagChecker] AdminClient 不可用（bootstrap=localhost:9092），本轮降级跳过
2026-10-10 12:42:56.890 [scheduling-1] [] WARN  c.c.g.runtime.audit.AuditRetryTask - [AuditRetry] 到期行拉取失败（表缺失/DB 不可用）errType=BadSqlGrammarException msg=
### Error querying database.  Cause: org.postgresql.util.PSQLException: ERROR: relation "public.ecos_runtime_audit_retry" does not exist
  位置：256
### The error may exist in com/chinacreator/gzcm/runtime/audit/mapper/AuditRetryMapper.java (best guess)
### The error may involve com.chinacreator.gzcm.runtime.audit.mapper.AuditRetryMapper.listDue-Inline
### The error occurred while setting parameters
### SQL: SELECT id, event_type AS eventType, payload, attempts, next_retry_at AS nextRetryAt, last_error AS lastError, status, trace_id AS traceId, create_time AS createTime, update_time AS updateTime, version_no AS versionNo, is_deleted AS isDeleted, domain FROM public.ecos_runtime_audit_retry WHERE is_deleted = 0 AND status = 'pending' AND next_retry_at <= ? ORDER BY next_retry_at ASC LIMIT ?
### Cause: org.postgresql.util.PSQLException: ERROR: relation "public.ecos_runtime_audit_retry" does not exist
  位置：256
; bad SQL grammar []
2026-10-10 12:43:56.902 [scheduling-1] [] WARN  c.c.g.runtime.audit.AuditRetryTask - [AuditRetry] 到期行拉取失败（表缺失/DB 不可用）errType=BadSqlGrammarException msg=
### Error querying database.  Cause: org.postgresql.util.PSQLException: ERROR: relation "public.ecos_runtime_audit_retry" does not exist
  位置：256
### The error may exist in com/chinacreator/gzcm/runtime/audit/mapper/AuditRetryMapper.java (best guess)
### The error may involve com.chinacreator.gzcm.runtime.audit.mapper.AuditRetryMapper.listDue-Inline
### The error occurred while setting parameters
### SQL: SELECT id, event_type AS eventType, payload, attempts, next_retry_at AS nextRetryAt, last_error AS lastError, status, trace_id AS traceId, create_time AS createTime, update_time AS updateTime, version_no AS versionNo, is_deleted AS isDeleted, domain FROM public.ecos_runtime_audit_retry WHERE is_deleted = 0 AND status = 'pending' AND next_retry_at <= ? ORDER BY next_retry_at ASC LIMIT ?
### Cause: org.postgresql.util.PSQLException: ERROR: relation "public.ecos_runtime_audit_retry" does not exist
  位置：256
; bad SQL grammar []
2026-10-10 12:44:56.907 [scheduling-1] [] WARN  c.c.g.runtime.audit.AuditRetryTask - [AuditRetry] 到期行拉取失败（表缺失/DB 不可用）errType=BadSqlGrammarException msg=
### Error querying database.  Cause: org.postgresql.util.PSQLException: ERROR: relation "public.ecos_runtime_audit_retry" does not exist
  位置：256
### The error may exist in com/chinacreator/gzcm/runtime/audit/mapper/AuditRetryMapper.java (best guess)
### The error may involve com.chinacreator.gzcm.runtime.audit.mapper.AuditRetryMapper.listDue-Inline
### The error occurred while setting parameters
### SQL: SELECT id, event_type AS eventType, payload, attempts, next_retry_at AS nextRetryAt, last_error AS lastError, status, trace_id AS traceId, create_time AS createTime, update_time AS updateTime, version_no AS versionNo, is_deleted AS isDeleted, domain FROM public.ecos_runtime_audit_retry WHERE is_deleted = 0 AND status = 'pending' AND next_retry_at <= ? ORDER BY next_retry_at ASC LIMIT ?
### Cause: org.postgresql.util.PSQLException: ERROR: relation "public.ecos_runtime_audit_retry" does not exist
  位置：256
; bad SQL grammar []
2026-10-10 12:45:56.918 [scheduling-1] [] WARN  c.c.g.runtime.audit.AuditRetryTask - [AuditRetry] 到期行拉取失败（表缺失/DB 不可用）errType=BadSqlGrammarException msg=
### Error querying database.  Cause: org.postgresql.util.PSQLException: ERROR: relation "public.ecos_runtime_audit_retry" does not exist
  位置：256
### The error may exist in com/chinacreator/gzcm/runtime/audit/mapper/AuditRetryMapper.java (best guess)
### The error may involve com.chinacreator.gzcm.runtime.audit.mapper.AuditRetryMapper.listDue-Inline
### The error occurred while setting parameters
### SQL: SELECT id, event_type AS eventType, payload, attempts, next_retry_at AS nextRetryAt, last_error AS lastError, status, trace_id AS traceId, create_time AS createTime, update_time AS updateTime, version_no AS versionNo, is_deleted AS isDeleted, domain FROM public.ecos_runtime_audit_retry WHERE is_deleted = 0 AND status = 'pending' AND next_retry_at <= ? ORDER BY next_retry_at ASC LIMIT ?
### Cause: org.postgresql.util.PSQLException: ERROR: relation "public.ecos_runtime_audit_retry" does not exist
  位置：256
; bad SQL grammar []
2026-10-10 12:46:56.932 [scheduling-1] [] WARN  c.c.g.runtime.audit.AuditRetryTask - [AuditRetry] 到期行拉取失败（表缺失/DB 不可用）errType=BadSqlGrammarException msg=
### Error querying database.  Cause: org.postgresql.util.PSQLException: ERROR: relation "public.ecos_runtime_audit_retry" does not exist
  位置：256
### The error may exist in com/chinacreator/gzcm/runtime/audit/mapper/AuditRetryMapper.java (best guess)
### The error may involve com.chinacreator.gzcm.runtime.audit.mapper.AuditRetryMapper.listDue-Inline
### The error occurred while setting parameters
### SQL: SELECT id, event_type AS eventType, payload, attempts, next_retry_at AS nextRetryAt, last_error AS lastError, status, trace_id AS traceId, create_time AS createTime, update_time AS updateTime, version_no AS versionNo, is_deleted AS isDeleted, domain FROM public.ecos_runtime_audit_retry WHERE is_deleted = 0 AND status = 'pending' AND next_retry_at <= ? ORDER BY next_retry_at ASC LIMIT ?
### Cause: org.postgresql.util.PSQLException: ERROR: relation "public.ecos_runtime_audit_retry" does not exist
  位置：256
; bad SQL grammar []
2026-10-10 12:47:25.205 [scheduling-1] [] WARN  c.c.gzcm.runtime.dlq.DltLagChecker - [DltLagChecker] AdminClient 创建失败 errType=KafkaException msg=Failed to create new KafkaAdminClient
2026-10-10 12:47:25.216 [scheduling-1] [] WARN  c.c.gzcm.runtime.dlq.DltLagChecker - [DltLagChecker] AdminClient 不可用（bootstrap=localhost:9092），本轮降级跳过
2026-10-10 12:47:56.948 [scheduling-1] [] WARN  c.c.g.runtime.audit.AuditRetryTask - [AuditRetry] 到期行拉取失败（表缺失/DB 不可用）errType=BadSqlGrammarException msg=
### Error querying database.  Cause: org.postgresql.util.PSQLException: ERROR: relation "public.ecos_runtime_audit_retry" does not exist
  位置：256
### The error may exist in com/chinacreator/gzcm/runtime/audit/mapper/AuditRetryMapper.java (best guess)
### The error may involve com.chinacreator.gzcm.runtime.audit.mapper.AuditRetryMapper.listDue-Inline
### The error occurred while setting parameters
### SQL: SELECT id, event_type AS eventType, payload, attempts, next_retry_at AS nextRetryAt, last_error AS lastError, status, trace_id AS traceId, create_time AS createTime, update_time AS updateTime, version_no AS versionNo, is_deleted AS isDeleted, domain FROM public.ecos_runtime_audit_retry WHERE is_deleted = 0 AND status = 'pending' AND next_retry_at <= ? ORDER BY next_retry_at ASC LIMIT ?
### Cause: org.postgresql.util.PSQLException: ERROR: relation "public.ecos_runtime_audit_retry" does not exist
  位置：256
; bad SQL grammar []
2026-10-10 12:48:56.957 [scheduling-1] [] WARN  c.c.g.runtime.audit.AuditRetryTask - [AuditRetry] 到期行拉取失败（表缺失/DB 不可用）errType=BadSqlGrammarException msg=
### Error querying database.  Cause: org.postgresql.util.PSQLException: ERROR: relation "public.ecos_runtime_audit_retry" does not exist
  位置：256
### The error may exist in com/chinacreator/gzcm/runtime/audit/mapper/AuditRetryMapper.java (best guess)
### The error may involve com.chinacreator.gzcm.runtime.audit.mapper.AuditRetryMapper.listDue-Inline
### The error occurred while setting parameters
### SQL: SELECT id, event_type AS eventType, payload, attempts, next_retry_at AS nextRetryAt, last_error AS lastError, status, trace_id AS traceId, create_time AS createTime, update_time AS updateTime, version_no AS versionNo, is_deleted AS isDeleted, domain FROM public.ecos_runtime_audit_retry WHERE is_deleted = 0 AND status = 'pending' AND next_retry_at <= ? ORDER BY next_retry_at ASC LIMIT ?
### Cause: org.postgresql.util.PSQLException: ERROR: relation "public.ecos_runtime_audit_retry" does not exist
  位置：256
; bad SQL grammar []
2026-10-10 12:49:56.976 [scheduling-1] [] WARN  c.c.g.runtime.audit.AuditRetryTask - [AuditRetry] 到期行拉取失败（表缺失/DB 不可用）errType=BadSqlGrammarException msg=
### Error querying database.  Cause: org.postgresql.util.PSQLException: ERROR: relation "public.ecos_runtime_audit_retry" does not exist
  位置：256
### The error may exist in com/chinacreator/gzcm/runtime/audit/mapper/AuditRetryMapper.java (best guess)
### The error may involve com.chinacreator.gzcm.runtime.audit.mapper.AuditRetryMapper.listDue-Inline
### The error occurred while setting parameters
### SQL: SELECT id, event_type AS eventType, payload, attempts, next_retry_at AS nextRetryAt, last_error AS lastError, status, trace_id AS traceId, create_time AS createTime, update_time AS updateTime, version_no AS versionNo, is_deleted AS isDeleted, domain FROM public.ecos_runtime_audit_retry WHERE is_deleted = 0 AND status = 'pending' AND next_retry_at <= ? ORDER BY next_retry_at ASC LIMIT ?
### Cause: org.postgresql.util.PSQLException: ERROR: relation "public.ecos_runtime_audit_retry" does not exist
  位置：256
; bad SQL grammar []
2026-10-10 12:50:56.986 [scheduling-1] [] WARN  c.c.g.runtime.audit.AuditRetryTask - [AuditRetry] 到期行拉取失败（表缺失/DB 不可用）errType=BadSqlGrammarException msg=
### Error querying database.  Cause: org.postgresql.util.PSQLException: ERROR: relation "public.ecos_runtime_audit_retry" does not exist
  位置：256
### The error may exist in com/chinacreator/gzcm/runtime/audit/mapper/AuditRetryMapper.java (best guess)
### The error may involve com.chinacreator.gzcm.runtime.audit.mapper.AuditRetryMapper.listDue-Inline
### The error occurred while setting parameters
### SQL: SELECT id, event_type AS eventType, payload, attempts, next_retry_at AS nextRetryAt, last_error AS lastError, status, trace_id AS traceId, create_time AS createTime, update_time AS updateTime, version_no AS versionNo, is_deleted AS isDeleted, domain FROM public.ecos_runtime_audit_retry WHERE is_deleted = 0 AND status = 'pending' AND next_retry_at <= ? ORDER BY next_retry_at ASC LIMIT ?
### Cause: org.postgresql.util.PSQLException: ERROR: relation "public.ecos_runtime_audit_retry" does not exist
  位置：256
; bad SQL grammar []
2026-10-10 12:51:05.823 [pool-3-thread-1] [] INFO  c.c.g.r.c.t.s.i.TaskManagementServiceImpl - 任务已提交: taskId=45d5a9a1-d135-4b1a-b6ff-a17aa6e38dc7, taskName=cognitive-mental-scan
2026-10-10 12:51:05.824 [pool-3-thread-1] [] INFO  c.c.g.r.c.t.s.i.TaskManagementServiceImpl - 任务已解析: taskId=45d5a9a1-d135-4b1a-b6ff-a17aa6e38dc7
2026-10-10 12:51:05.843 [pool-3-thread-1] [] INFO  c.c.g.e.c.s.mental.MentalScanTask - PMO-59 心智层补算一代完成: scanned=5 invalidated=0
2026-10-10 12:51:05.844 [pool-3-thread-1] [] INFO  c.c.g.r.c.t.s.i.TaskManagementServiceImpl - 任务执行完成: taskId=45d5a9a1-d135-4b1a-b6ff-a17aa6e38dc7, status=SUCCEEDED
2026-10-10 12:51:05.845 [pool-3-thread-1] [] INFO  c.c.g.r.c.t.s.TaskSchedulerServiceImpl - 定时任务已提交执行 taskId=45d5a9a1-d135-4b1a-b6ff-a17aa6e38dc7 taskType=COGNITIVE_MENTAL_SCAN scheduleId=dc737701-a903-4de9-be3b-8e52b81df940
2026-10-10 12:51:57.008 [scheduling-1] [] WARN  c.c.g.runtime.audit.AuditRetryTask - [AuditRetry] 到期行拉取失败（表缺失/DB 不可用）errType=BadSqlGrammarException msg=
### Error querying database.  Cause: org.postgresql.util.PSQLException: ERROR: relation "public.ecos_runtime_audit_retry" does not exist
  位置：256
### The error may exist in com/chinacreator/gzcm/runtime/audit/mapper/AuditRetryMapper.java (best guess)
### The error may involve com.chinacreator.gzcm.runtime.audit.mapper.AuditRetryMapper.listDue-Inline
### The error occurred while setting parameters
### SQL: SELECT id, event_type AS eventType, payload, attempts, next_retry_at AS nextRetryAt, last_error AS lastError, status, trace_id AS traceId, create_time AS createTime, update_time AS updateTime, version_no AS versionNo, is_deleted AS isDeleted, domain FROM public.ecos_runtime_audit_retry WHERE is_deleted = 0 AND status = 'pending' AND next_retry_at <= ? ORDER BY next_retry_at ASC LIMIT ?
### Cause: org.postgresql.util.PSQLException: ERROR: relation "public.ecos_runtime_audit_retry" does not exist
  位置：256
; bad SQL grammar []
2026-10-10 12:52:25.230 [scheduling-1] [] WARN  c.c.gzcm.runtime.dlq.DltLagChecker - [DltLagChecker] AdminClient 创建失败 errType=KafkaException msg=Failed to create new KafkaAdminClient
2026-10-10 12:52:25.231 [scheduling-1] [] WARN  c.c.gzcm.runtime.dlq.DltLagChecker - [DltLagChecker] AdminClient 不可用（bootstrap=localhost:9092），本轮降级跳过
2026-10-10 12:52:57.024 [scheduling-1] [] WARN  c.c.g.runtime.audit.AuditRetryTask - [AuditRetry] 到期行拉取失败（表缺失/DB 不可用）errType=BadSqlGrammarException msg=
### Error querying database.  Cause: org.postgresql.util.PSQLException: ERROR: relation "public.ecos_runtime_audit_retry" does not exist
  位置：256
### The error may exist in com/chinacreator/gzcm/runtime/audit/mapper/AuditRetryMapper.java (best guess)
### The error may involve com.chinacreator.gzcm.runtime.audit.mapper.AuditRetryMapper.listDue-Inline
### The error occurred while setting parameters
### SQL: SELECT id, event_type AS eventType, payload, attempts, next_retry_at AS nextRetryAt, last_error AS lastError, status, trace_id AS traceId, create_time AS createTime, update_time AS updateTime, version_no AS versionNo, is_deleted AS isDeleted, domain FROM public.ecos_runtime_audit_retry WHERE is_deleted = 0 AND status = 'pending' AND next_retry_at <= ? ORDER BY next_retry_at ASC LIMIT ?
### Cause: org.postgresql.util.PSQLException: ERROR: relation "public.ecos_runtime_audit_retry" does not exist
  位置：256
; bad SQL grammar []
2026-10-10 12:53:57.030 [scheduling-1] [] WARN  c.c.g.runtime.audit.AuditRetryTask - [AuditRetry] 到期行拉取失败（表缺失/DB 不可用）errType=BadSqlGrammarException msg=
### Error querying database.  Cause: org.postgresql.util.PSQLException: ERROR: relation "public.ecos_runtime_audit_retry" does not exist
  位置：256
### The error may exist in com/chinacreator/gzcm/runtime/audit/mapper/AuditRetryMapper.java (best guess)
### The error may involve com.chinacreator.gzcm.runtime.audit.mapper.AuditRetryMapper.listDue-Inline
### The error occurred while setting parameters
### SQL: SELECT id, event_type AS eventType, payload, attempts, next_retry_at AS nextRetryAt, last_error AS lastError, status, trace_id AS traceId, create_time AS createTime, update_time AS updateTime, version_no AS versionNo, is_deleted AS isDeleted, domain FROM public.ecos_runtime_audit_retry WHERE is_deleted = 0 AND status = 'pending' AND next_retry_at <= ? ORDER BY next_retry_at ASC LIMIT ?
### Cause: org.postgresql.util.PSQLException: ERROR: relation "public.ecos_runtime_audit_retry" does not exist
  位置：256
; bad SQL grammar []
2026-10-10 12:54:57.052 [scheduling-1] [] WARN  c.c.g.runtime.audit.AuditRetryTask - [AuditRetry] 到期行拉取失败（表缺失/DB 不可用）errType=BadSqlGrammarException msg=
### Error querying database.  Cause: org.postgresql.util.PSQLException: ERROR: relation "public.ecos_runtime_audit_retry" does not exist
  位置：256
### The error may exist in com/chinacreator/gzcm/runtime/audit/mapper/AuditRetryMapper.java (best guess)
### The error may involve com.chinacreator.gzcm.runtime.audit.mapper.AuditRetryMapper.listDue-Inline
### The error occurred while setting parameters
### SQL: SELECT id, event_type AS eventType, payload, attempts, next_retry_at AS nextRetryAt, last_error AS lastError, status, trace_id AS traceId, create_time AS createTime, update_time AS updateTime, version_no AS versionNo, is_deleted AS isDeleted, domain FROM public.ecos_runtime_audit_retry WHERE is_deleted = 0 AND status = 'pending' AND next_retry_at <= ? ORDER BY next_retry_at ASC LIMIT ?
### Cause: org.postgresql.util.PSQLException: ERROR: relation "public.ecos_runtime_audit_retry" does not exist
  位置：256
; bad SQL grammar []
2026-10-10 12:55:57.062 [scheduling-1] [] WARN  c.c.g.runtime.audit.AuditRetryTask - [AuditRetry] 到期行拉取失败（表缺失/DB 不可用）errType=BadSqlGrammarException msg=
### Error querying database.  Cause: org.postgresql.util.PSQLException: ERROR: relation "public.ecos_runtime_audit_retry" does not exist
  位置：256
### The error may exist in com/chinacreator/gzcm/runtime/audit/mapper/AuditRetryMapper.java (best guess)
### The error may involve com.chinacreator.gzcm.runtime.audit.mapper.AuditRetryMapper.listDue-Inline
### The error occurred while setting parameters
### SQL: SELECT id, event_type AS eventType, payload, attempts, next_retry_at AS nextRetryAt, last_error AS lastError, status, trace_id AS traceId, create_time AS createTime, update_time AS updateTime, version_no AS versionNo, is_deleted AS isDeleted, domain FROM public.ecos_runtime_audit_retry WHERE is_deleted = 0 AND status = 'pending' AND next_retry_at <= ? ORDER BY next_retry_at ASC LIMIT ?
### Cause: org.postgresql.util.PSQLException: ERROR: relation "public.ecos_runtime_audit_retry" does not exist
  位置：256
; bad SQL grammar []
2026-10-10 12:56:57.081 [scheduling-1] [] WARN  c.c.g.runtime.audit.AuditRetryTask - [AuditRetry] 到期行拉取失败（表缺失/DB 不可用）errType=BadSqlGrammarException msg=
### Error querying database.  Cause: org.postgresql.util.PSQLException: ERROR: relation "public.ecos_runtime_audit_retry" does not exist
  位置：256
### The error may exist in com/chinacreator/gzcm/runtime/audit/mapper/AuditRetryMapper.java (best guess)
### The error may involve com.chinacreator.gzcm.runtime.audit.mapper.AuditRetryMapper.listDue-Inline
### The error occurred while setting parameters
### SQL: SELECT id, event_type AS eventType, payload, attempts, next_retry_at AS nextRetryAt, last_error AS lastError, status, trace_id AS traceId, create_time AS createTime, update_time AS updateTime, version_no AS versionNo, is_deleted AS isDeleted, domain FROM public.ecos_runtime_audit_retry WHERE is_deleted = 0 AND status = 'pending' AND next_retry_at <= ? ORDER BY next_retry_at ASC LIMIT ?
### Cause: org.postgresql.util.PSQLException: ERROR: relation "public.ecos_runtime_audit_retry" does not exist
  位置：256
; bad SQL grammar []
2026-10-10 12:57:25.253 [scheduling-1] [] WARN  c.c.gzcm.runtime.dlq.DltLagChecker - [DltLagChecker] AdminClient 创建失败 errType=KafkaException msg=Failed to create new KafkaAdminClient
2026-10-10 12:57:25.265 [scheduling-1] [] WARN  c.c.gzcm.runtime.dlq.DltLagChecker - [DltLagChecker] AdminClient 不可用（bootstrap=localhost:9092），本轮降级跳过
2026-10-10 12:57:57.103 [scheduling-1] [] WARN  c.c.g.runtime.audit.AuditRetryTask - [AuditRetry] 到期行拉取失败（表缺失/DB 不可用）errType=BadSqlGrammarException msg=
### Error querying database.  Cause: org.postgresql.util.PSQLException: ERROR: relation "public.ecos_runtime_audit_retry" does not exist
  位置：256
### The error may exist in com/chinacreator/gzcm/runtime/audit/mapper/AuditRetryMapper.java (best guess)
### The error may involve com.chinacreator.gzcm.runtime.audit.mapper.AuditRetryMapper.listDue-Inline
### The error occurred while setting parameters
### SQL: SELECT id, event_type AS eventType, payload, attempts, next_retry_at AS nextRetryAt, last_error AS lastError, status, trace_id AS traceId, create_time AS createTime, update_time AS updateTime, version_no AS versionNo, is_deleted AS isDeleted, domain FROM public.ecos_runtime_audit_retry WHERE is_deleted = 0 AND status = 'pending' AND next_retry_at <= ? ORDER BY next_retry_at ASC LIMIT ?
### Cause: org.postgresql.util.PSQLException: ERROR: relation "public.ecos_runtime_audit_retry" does not exist
  位置：256
; bad SQL grammar []
2026-10-10 12:58:41.978 [http-nio-18084-exec-2] [] INFO  o.a.c.c.C.[Tomcat].[localhost].[/] - Initializing Spring DispatcherServlet 'dispatcherServlet'
2026-10-10 12:58:41.983 [http-nio-18084-exec-2] [] INFO  o.s.web.servlet.DispatcherServlet - Initializing Servlet 'dispatcherServlet'
2026-10-10 12:58:41.994 [http-nio-18084-exec-2] [] INFO  o.s.web.servlet.DispatcherServlet - Completed initialization in 8 ms
2026-10-10 12:58:57.118 [scheduling-1] [] WARN  c.c.g.runtime.audit.AuditRetryTask - [AuditRetry] 到期行拉取失败（表缺失/DB 不可用）errType=BadSqlGrammarException msg=
### Error querying database.  Cause: org.postgresql.util.PSQLException: ERROR: relation "public.ecos_runtime_audit_retry" does not exist
  位置：256
### The error may exist in com/chinacreator/gzcm/runtime/audit/mapper/AuditRetryMapper.java (best guess)
### The error may involve com.chinacreator.gzcm.runtime.audit.mapper.AuditRetryMapper.listDue-Inline
### The error occurred while setting parameters
### SQL: SELECT id, event_type AS eventType, payload, attempts, next_retry_at AS nextRetryAt, last_error AS lastError, status, trace_id AS traceId, create_time AS createTime, update_time AS updateTime, version_no AS versionNo, is_deleted AS isDeleted, domain FROM public.ecos_runtime_audit_retry WHERE is_deleted = 0 AND status = 'pending' AND next_retry_at <= ? ORDER BY next_retry_at ASC LIMIT ?
### Cause: org.postgresql.util.PSQLException: ERROR: relation "public.ecos_runtime_audit_retry" does not exist
  位置：256
; bad SQL grammar []
2026-10-10 12:59:57.125 [scheduling-1] [] WARN  c.c.g.runtime.audit.AuditRetryTask - [AuditRetry] 到期行拉取失败（表缺失/DB 不可用）errType=BadSqlGrammarException msg=
### Error querying database.  Cause: org.postgresql.util.PSQLException: ERROR: relation "public.ecos_runtime_audit_retry" does not exist
  位置：256
### The error may exist in com/chinacreator/gzcm/runtime/audit/mapper/AuditRetryMapper.java (best guess)
### The error may involve com.chinacreator.gzcm.runtime.audit.mapper.AuditRetryMapper.listDue-Inline
### The error occurred while setting parameters
### SQL: SELECT id, event_type AS eventType, payload, attempts, next_retry_at AS nextRetryAt, last_error AS lastError, status, trace_id AS traceId, create_time AS createTime, update_time AS updateTime, version_no AS versionNo, is_deleted AS isDeleted, domain FROM public.ecos_runtime_audit_retry WHERE is_deleted = 0 AND status = 'pending' AND next_retry_at <= ? ORDER BY next_retry_at ASC LIMIT ?
### Cause: org.postgresql.util.PSQLException: ERROR: relation "public.ecos_runtime_audit_retry" does not exist
  位置：256
; bad SQL grammar []
2026-10-10 13:00:57.145 [scheduling-1] [] WARN  c.c.g.runtime.audit.AuditRetryTask - [AuditRetry] 到期行拉取失败（表缺失/DB 不可用）errType=BadSqlGrammarException msg=
### Error querying database.  Cause: org.postgresql.util.PSQLException: ERROR: relation "public.ecos_runtime_audit_retry" does not exist
  位置：256
### The error may exist in com/chinacreator/gzcm/runtime/audit/mapper/AuditRetryMapper.java (best guess)
### The error may involve com.chinacreator.gzcm.runtime.audit.mapper.AuditRetryMapper.listDue-Inline
### The error occurred while setting parameters
### SQL: SELECT id, event_type AS eventType, payload, attempts, next_retry_at AS nextRetryAt, last_error AS lastError, status, trace_id AS traceId, create_time AS createTime, update_time AS updateTime, version_no AS versionNo, is_deleted AS isDeleted, domain FROM public.ecos_runtime_audit_retry WHERE is_deleted = 0 AND status = 'pending' AND next_retry_at <= ? ORDER BY next_retry_at ASC LIMIT ?
### Cause: org.postgresql.util.PSQLException: ERROR: relation "public.ecos_runtime_audit_retry" does not exist
  位置：256
; bad SQL grammar []
2026-10-10 13:01:05.827 [pool-3-thread-5] [] INFO  c.c.g.r.c.t.s.i.TaskManagementServiceImpl - 任务已提交: taskId=45d5a9a1-d135-4b1a-b6ff-a17aa6e38dc7, taskName=cognitive-mental-scan
2026-10-10 13:01:05.827 [pool-3-thread-5] [] INFO  c.c.g.r.c.t.s.i.TaskManagementServiceImpl - 任务已解析: taskId=45d5a9a1-d135-4b1a-b6ff-a17aa6e38dc7
2026-10-10 13:01:05.852 [pool-3-thread-5] [] INFO  c.c.g.e.c.s.mental.MentalScanTask - PMO-59 心智层补算一代完成: scanned=5 invalidated=0
2026-10-10 13:01:05.853 [pool-3-thread-5] [] INFO  c.c.g.r.c.t.s.i.TaskManagementServiceImpl - 任务执行完成: taskId=45d5a9a1-d135-4b1a-b6ff-a17aa6e38dc7, status=SUCCEEDED
2026-10-10 13:01:05.854 [pool-3-thread-5] [] INFO  c.c.g.r.c.t.s.TaskSchedulerServiceImpl - 定时任务已提交执行 taskId=45d5a9a1-d135-4b1a-b6ff-a17aa6e38dc7 taskType=COGNITIVE_MENTAL_SCAN scheduleId=dc737701-a903-4de9-be3b-8e52b81df940
2026-10-10 13:01:57.155 [scheduling-1] [] WARN  c.c.g.runtime.audit.AuditRetryTask - [AuditRetry] 到期行拉取失败（表缺失/DB 不可用）errType=BadSqlGrammarException msg=
### Error querying database.  Cause: org.postgresql.util.PSQLException: ERROR: relation "public.ecos_runtime_audit_retry" does not exist
  位置：256
### The error may exist in com/chinacreator/gzcm/runtime/audit/mapper/AuditRetryMapper.java (best guess)
### The error may involve com.chinacreator.gzcm.runtime.audit.mapper.AuditRetryMapper.listDue-Inline
### The error occurred while setting parameters
### SQL: SELECT id, event_type AS eventType, payload, attempts, next_retry_at AS nextRetryAt, last_error AS lastError, status, trace_id AS traceId, create_time AS createTime, update_time AS updateTime, version_no AS versionNo, is_deleted AS isDeleted, domain FROM public.ecos_runtime_audit_retry WHERE is_deleted = 0 AND status = 'pending' AND next_retry_at <= ? ORDER BY next_retry_at ASC LIMIT ?
### Cause: org.postgresql.util.PSQLException: ERROR: relation "public.ecos_runtime_audit_retry" does not exist
  位置：256
; bad SQL grammar []
2026-10-10 13:02:25.292 [scheduling-1] [] WARN  c.c.gzcm.runtime.dlq.DltLagChecker - [DltLagChecker] AdminClient 创建失败 errType=KafkaException msg=Failed to create new KafkaAdminClient
2026-10-10 13:02:25.293 [scheduling-1] [] WARN  c.c.gzcm.runtime.dlq.DltLagChecker - [DltLagChecker] AdminClient 不可用（bootstrap=localhost:9092），本轮降级跳过
2026-10-10 13:02:57.175 [scheduling-1] [] WARN  c.c.g.runtime.audit.AuditRetryTask - [AuditRetry] 到期行拉取失败（表缺失/DB 不可用）errType=BadSqlGrammarException msg=
### Error querying database.  Cause: org.postgresql.util.PSQLException: ERROR: relation "public.ecos_runtime_audit_retry" does not exist
  位置：256
### The error may exist in com/chinacreator/gzcm/runtime/audit/mapper/AuditRetryMapper.java (best guess)
### The error may involve com.chinacreator.gzcm.runtime.audit.mapper.AuditRetryMapper.listDue-Inline
### The error occurred while setting parameters
### SQL: SELECT id, event_type AS eventType, payload, attempts, next_retry_at AS nextRetryAt, last_error AS lastError, status, trace_id AS traceId, create_time AS createTime, update_time AS updateTime, version_no AS versionNo, is_deleted AS isDeleted, domain FROM public.ecos_runtime_audit_retry WHERE is_deleted = 0 AND status = 'pending' AND next_retry_at <= ? ORDER BY next_retry_at ASC LIMIT ?
### Cause: org.postgresql.util.PSQLException: ERROR: relation "public.ecos_runtime_audit_retry" does not exist
  位置：256
; bad SQL grammar []
2026-10-10 13:03:57.189 [scheduling-1] [] WARN  c.c.g.runtime.audit.AuditRetryTask - [AuditRetry] 到期行拉取失败（表缺失/DB 不可用）errType=BadSqlGrammarException msg=
### Error querying database.  Cause: org.postgresql.util.PSQLException: ERROR: relation "public.ecos_runtime_audit_retry" does not exist
  位置：256
### The error may exist in com/chinacreator/gzcm/runtime/audit/mapper/AuditRetryMapper.java (best guess)
### The error may involve com.chinacreator.gzcm.runtime.audit.mapper.AuditRetryMapper.listDue-Inline
### The error occurred while setting parameters
### SQL: SELECT id, event_type AS eventType, payload, attempts, next_retry_at AS nextRetryAt, last_error AS lastError, status, trace_id AS traceId, create_time AS createTime, update_time AS updateTime, version_no AS versionNo, is_deleted AS isDeleted, domain FROM public.ecos_runtime_audit_retry WHERE is_deleted = 0 AND status = 'pending' AND next_retry_at <= ? ORDER BY next_retry_at ASC LIMIT ?
### Cause: org.postgresql.util.PSQLException: ERROR: relation "public.ecos_runtime_audit_retry" does not exist
  位置：256
; bad SQL grammar []
2026-10-10 13:04:57.203 [scheduling-1] [] WARN  c.c.g.runtime.audit.AuditRetryTask - [AuditRetry] 到期行拉取失败（表缺失/DB 不可用）errType=BadSqlGrammarException msg=
### Error querying database.  Cause: org.postgresql.util.PSQLException: ERROR: relation "public.ecos_runtime_audit_retry" does not exist
  位置：256
### The error may exist in com/chinacreator/gzcm/runtime/audit/mapper/AuditRetryMapper.java (best guess)
### The error may involve com.chinacreator.gzcm.runtime.audit.mapper.AuditRetryMapper.listDue-Inline
### The error occurred while setting parameters
### SQL: SELECT id, event_type AS eventType, payload, attempts, next_retry_at AS nextRetryAt, last_error AS lastError, status, trace_id AS traceId, create_time AS createTime, update_time AS updateTime, version_no AS versionNo, is_deleted AS isDeleted, domain FROM public.ecos_runtime_audit_retry WHERE is_deleted = 0 AND status = 'pending' AND next_retry_at <= ? ORDER BY next_retry_at ASC LIMIT ?
### Cause: org.postgresql.util.PSQLException: ERROR: relation "public.ecos_runtime_audit_retry" does not exist
  位置：256
; bad SQL grammar []
2026-10-10 13:05:57.209 [scheduling-1] [] WARN  c.c.g.runtime.audit.AuditRetryTask - [AuditRetry] 到期行拉取失败（表缺失/DB 不可用）errType=BadSqlGrammarException msg=
### Error querying database.  Cause: org.postgresql.util.PSQLException: ERROR: relation "public.ecos_runtime_audit_retry" does not exist
  位置：256
### The error may exist in com/chinacreator/gzcm/runtime/audit/mapper/AuditRetryMapper.java (best guess)
### The error may involve com.chinacreator.gzcm.runtime.audit.mapper.AuditRetryMapper.listDue-Inline
### The error occurred while setting parameters
### SQL: SELECT id, event_type AS eventType, payload, attempts, next_retry_at AS nextRetryAt, last_error AS lastError, status, trace_id AS traceId, create_time AS createTime, update_time AS updateTime, version_no AS versionNo, is_deleted AS isDeleted, domain FROM public.ecos_runtime_audit_retry WHERE is_deleted = 0 AND status = 'pending' AND next_retry_at <= ? ORDER BY next_retry_at ASC LIMIT ?
### Cause: org.postgresql.util.PSQLException: ERROR: relation "public.ecos_runtime_audit_retry" does not exist
  位置：256
; bad SQL grammar []
2026-10-10 13:06:57.223 [scheduling-1] [] WARN  c.c.g.runtime.audit.AuditRetryTask - [AuditRetry] 到期行拉取失败（表缺失/DB 不可用）errType=BadSqlGrammarException msg=
### Error querying database.  Cause: org.postgresql.util.PSQLException: ERROR: relation "public.ecos_runtime_audit_retry" does not exist
  位置：256
### The error may exist in com/chinacreator/gzcm/runtime/audit/mapper/AuditRetryMapper.java (best guess)
### The error may involve com.chinacreator.gzcm.runtime.audit.mapper.AuditRetryMapper.listDue-Inline
### The error occurred while setting parameters
### SQL: SELECT id, event_type AS eventType, payload, attempts, next_retry_at AS nextRetryAt, last_error AS lastError, status, trace_id AS traceId, create_time AS createTime, update_time AS updateTime, version_no AS versionNo, is_deleted AS isDeleted, domain FROM public.ecos_runtime_audit_retry WHERE is_deleted = 0 AND status = 'pending' AND next_retry_at <= ? ORDER BY next_retry_at ASC LIMIT ?
### Cause: org.postgresql.util.PSQLException: ERROR: relation "public.ecos_runtime_audit_retry" does not exist
  位置：256
; bad SQL grammar []
2026-10-10 13:07:25.311 [scheduling-1] [] WARN  c.c.gzcm.runtime.dlq.DltLagChecker - [DltLagChecker] AdminClient 创建失败 errType=KafkaException msg=Failed to create new KafkaAdminClient
2026-10-10 13:07:25.312 [scheduling-1] [] WARN  c.c.gzcm.runtime.dlq.DltLagChecker - [DltLagChecker] AdminClient 不可用（bootstrap=localhost:9092），本轮降级跳过
2026-10-10 13:07:57.238 [scheduling-1] [] WARN  c.c.g.runtime.audit.AuditRetryTask - [AuditRetry] 到期行拉取失败（表缺失/DB 不可用）errType=BadSqlGrammarException msg=
### Error querying database.  Cause: org.postgresql.util.PSQLException: ERROR: relation "public.ecos_runtime_audit_retry" does not exist
  位置：256
### The error may exist in com/chinacreator/gzcm/runtime/audit/mapper/AuditRetryMapper.java (best guess)
### The error may involve com.chinacreator.gzcm.runtime.audit.mapper.AuditRetryMapper.listDue-Inline
### The error occurred while setting parameters
### SQL: SELECT id, event_type AS eventType, payload, attempts, next_retry_at AS nextRetryAt, last_error AS lastError, status, trace_id AS traceId, create_time AS createTime, update_time AS updateTime, version_no AS versionNo, is_deleted AS isDeleted, domain FROM public.ecos_runtime_audit_retry WHERE is_deleted = 0 AND status = 'pending' AND next_retry_at <= ? ORDER BY next_retry_at ASC LIMIT ?
### Cause: org.postgresql.util.PSQLException: ERROR: relation "public.ecos_runtime_audit_retry" does not exist
  位置：256
; bad SQL grammar []
2026-10-10 13:08:57.251 [scheduling-1] [] WARN  c.c.g.runtime.audit.AuditRetryTask - [AuditRetry] 到期行拉取失败（表缺失/DB 不可用）errType=BadSqlGrammarException msg=
### Error querying database.  Cause: org.postgresql.util.PSQLException: ERROR: relation "public.ecos_runtime_audit_retry" does not exist
  位置：256
### The error may exist in com/chinacreator/gzcm/runtime/audit/mapper/AuditRetryMapper.java (best guess)
### The error may involve com.chinacreator.gzcm.runtime.audit.mapper.AuditRetryMapper.listDue-Inline
### The error occurred while setting parameters
### SQL: SELECT id, event_type AS eventType, payload, attempts, next_retry_at AS nextRetryAt, last_error AS lastError, status, trace_id AS traceId, create_time AS createTime, update_time AS updateTime, version_no AS versionNo, is_deleted AS isDeleted, domain FROM public.ecos_runtime_audit_retry WHERE is_deleted = 0 AND status = 'pending' AND next_retry_at <= ? ORDER BY next_retry_at ASC LIMIT ?
### Cause: org.postgresql.util.PSQLException: ERROR: relation "public.ecos_runtime_audit_retry" does not exist
  位置：256
; bad SQL grammar []
2026-10-10 13:09:57.263 [scheduling-1] [] WARN  c.c.g.runtime.audit.AuditRetryTask - [AuditRetry] 到期行拉取失败（表缺失/DB 不可用）errType=BadSqlGrammarException msg=
### Error querying database.  Cause: org.postgresql.util.PSQLException: ERROR: relation "public.ecos_runtime_audit_retry" does not exist
  位置：256
### The error may exist in com/chinacreator/gzcm/runtime/audit/mapper/AuditRetryMapper.java (best guess)
### The error may involve com.chinacreator.gzcm.runtime.audit.mapper.AuditRetryMapper.listDue-Inline
### The error occurred while setting parameters
### SQL: SELECT id, event_type AS eventType, payload, attempts, next_retry_at AS nextRetryAt, last_error AS lastError, status, trace_id AS traceId, create_time AS createTime, update_time AS updateTime, version_no AS versionNo, is_deleted AS isDeleted, domain FROM public.ecos_runtime_audit_retry WHERE is_deleted = 0 AND status = 'pending' AND next_retry_at <= ? ORDER BY next_retry_at ASC LIMIT ?
### Cause: org.postgresql.util.PSQLException: ERROR: relation "public.ecos_runtime_audit_retry" does not exist
  位置：256
; bad SQL grammar []
2026-10-10 13:10:57.274 [scheduling-1] [] WARN  c.c.g.runtime.audit.AuditRetryTask - [AuditRetry] 到期行拉取失败（表缺失/DB 不可用）errType=BadSqlGrammarException msg=
### Error querying database.  Cause: org.postgresql.util.PSQLException: ERROR: relation "public.ecos_runtime_audit_retry" does not exist
  位置：256
### The error may exist in com/chinacreator/gzcm/runtime/audit/mapper/AuditRetryMapper.java (best guess)
### The error may involve com.chinacreator.gzcm.runtime.audit.mapper.AuditRetryMapper.listDue-Inline
### The error occurred while setting parameters
### SQL: SELECT id, event_type AS eventType, payload, attempts, next_retry_at AS nextRetryAt, last_error AS lastError, status, trace_id AS traceId, create_time AS createTime, update_time AS updateTime, version_no AS versionNo, is_deleted AS isDeleted, domain FROM public.ecos_runtime_audit_retry WHERE is_deleted = 0 AND status = 'pending' AND next_retry_at <= ? ORDER BY next_retry_at ASC LIMIT ?
### Cause: org.postgresql.util.PSQLException: ERROR: relation "public.ecos_runtime_audit_retry" does not exist
  位置：256
; bad SQL grammar []
2026-10-10 13:11:05.825 [pool-3-thread-3] [] INFO  c.c.g.r.c.t.s.i.TaskManagementServiceImpl - 任务已提交: taskId=45d5a9a1-d135-4b1a-b6ff-a17aa6e38dc7, taskName=cognitive-mental-scan
2026-10-10 13:11:05.835 [pool-3-thread-3] [] INFO  c.c.g.r.c.t.s.i.TaskManagementServiceImpl - 任务已解析: taskId=45d5a9a1-d135-4b1a-b6ff-a17aa6e38dc7
2026-10-10 13:11:05.865 [pool-3-thread-3] [] INFO  c.c.g.e.c.s.mental.MentalScanTask - PMO-59 心智层补算一代完成: scanned=5 invalidated=0
2026-10-10 13:11:05.866 [pool-3-thread-3] [] INFO  c.c.g.r.c.t.s.i.TaskManagementServiceImpl - 任务执行完成: taskId=45d5a9a1-d135-4b1a-b6ff-a17aa6e38dc7, status=SUCCEEDED
2026-10-10 13:11:05.866 [pool-3-thread-3] [] INFO  c.c.g.r.c.t.s.TaskSchedulerServiceImpl - 定时任务已提交执行 taskId=45d5a9a1-d135-4b1a-b6ff-a17aa6e38dc7 taskType=COGNITIVE_MENTAL_SCAN scheduleId=dc737701-a903-4de9-be3b-8e52b81df940
2026-10-10 13:11:57.283 [scheduling-1] [] WARN  c.c.g.runtime.audit.AuditRetryTask - [AuditRetry] 到期行拉取失败（表缺失/DB 不可用）errType=BadSqlGrammarException msg=
### Error querying database.  Cause: org.postgresql.util.PSQLException: ERROR: relation "public.ecos_runtime_audit_retry" does not exist
  位置：256
### The error may exist in com/chinacreator/gzcm/runtime/audit/mapper/AuditRetryMapper.java (best guess)
### The error may involve com.chinacreator.gzcm.runtime.audit.mapper.AuditRetryMapper.listDue-Inline
### The error occurred while setting parameters
### SQL: SELECT id, event_type AS eventType, payload, attempts, next_retry_at AS nextRetryAt, last_error AS lastError, status, trace_id AS traceId, create_time AS createTime, update_time AS updateTime, version_no AS versionNo, is_deleted AS isDeleted, domain FROM public.ecos_runtime_audit_retry WHERE is_deleted = 0 AND status = 'pending' AND next_retry_at <= ? ORDER BY next_retry_at ASC LIMIT ?
### Cause: org.postgresql.util.PSQLException: ERROR: relation "public.ecos_runtime_audit_retry" does not exist
  位置：256
; bad SQL grammar []
2026-10-10 13:12:25.332 [scheduling-1] [] WARN  c.c.gzcm.runtime.dlq.DltLagChecker - [DltLagChecker] AdminClient 创建失败 errType=KafkaException msg=Failed to create new KafkaAdminClient
2026-10-10 13:12:25.334 [scheduling-1] [] WARN  c.c.gzcm.runtime.dlq.DltLagChecker - [DltLagChecker] AdminClient 不可用（bootstrap=localhost:9092），本轮降级跳过
2026-10-10 13:12:57.293 [scheduling-1] [] WARN  c.c.g.runtime.audit.AuditRetryTask - [AuditRetry] 到期行拉取失败（表缺失/DB 不可用）errType=BadSqlGrammarException msg=
### Error querying database.  Cause: org.postgresql.util.PSQLException: ERROR: relation "public.ecos_runtime_audit_retry" does not exist
  位置：256
### The error may exist in com/chinacreator/gzcm/runtime/audit/mapper/AuditRetryMapper.java (best guess)
### The error may involve com.chinacreator.gzcm.runtime.audit.mapper.AuditRetryMapper.listDue-Inline
### The error occurred while setting parameters
### SQL: SELECT id, event_type AS eventType, payload, attempts, next_retry_at AS nextRetryAt, last_error AS lastError, status, trace_id AS traceId, create_time AS createTime, update_time AS updateTime, version_no AS versionNo, is_deleted AS isDeleted, domain FROM public.ecos_runtime_audit_retry WHERE is_deleted = 0 AND status = 'pending' AND next_retry_at <= ? ORDER BY next_retry_at ASC LIMIT ?
### Cause: org.postgresql.util.PSQLException: ERROR: relation "public.ecos_runtime_audit_retry" does not exist
  位置：256
; bad SQL grammar []
2026-10-10 13:13:57.303 [scheduling-1] [] WARN  c.c.g.runtime.audit.AuditRetryTask - [AuditRetry] 到期行拉取失败（表缺失/DB 不可用）errType=BadSqlGrammarException msg=
### Error querying database.  Cause: org.postgresql.util.PSQLException: ERROR: relation "public.ecos_runtime_audit_retry" does not exist
  位置：256
### The error may exist in com/chinacreator/gzcm/runtime/audit/mapper/AuditRetryMapper.java (best guess)
### The error may involve com.chinacreator.gzcm.runtime.audit.mapper.AuditRetryMapper.listDue-Inline
### The error occurred while setting parameters
### SQL: SELECT id, event_type AS eventType, payload, attempts, next_retry_at AS nextRetryAt, last_error AS lastError, status, trace_id AS traceId, create_time AS createTime, update_time AS updateTime, version_no AS versionNo, is_deleted AS isDeleted, domain FROM public.ecos_runtime_audit_retry WHERE is_deleted = 0 AND status = 'pending' AND next_retry_at <= ? ORDER BY next_retry_at ASC LIMIT ?
### Cause: org.postgresql.util.PSQLException: ERROR: relation "public.ecos_runtime_audit_retry" does not exist
  位置：256
; bad SQL grammar []
2026-10-10 13:14:57.320 [scheduling-1] [] WARN  c.c.g.runtime.audit.AuditRetryTask - [AuditRetry] 到期行拉取失败（表缺失/DB 不可用）errType=BadSqlGrammarException msg=
### Error querying database.  Cause: org.postgresql.util.PSQLException: ERROR: relation "public.ecos_runtime_audit_retry" does not exist
  位置：256
### The error may exist in com/chinacreator/gzcm/runtime/audit/mapper/AuditRetryMapper.java (best guess)
### The error may involve com.chinacreator.gzcm.runtime.audit.mapper.AuditRetryMapper.listDue-Inline
### The error occurred while setting parameters
### SQL: SELECT id, event_type AS eventType, payload, attempts, next_retry_at AS nextRetryAt, last_error AS lastError, status, trace_id AS traceId, create_time AS createTime, update_time AS updateTime, version_no AS versionNo, is_deleted AS isDeleted, domain FROM public.ecos_runtime_audit_retry WHERE is_deleted = 0 AND status = 'pending' AND next_retry_at <= ? ORDER BY next_retry_at ASC LIMIT ?
### Cause: org.postgresql.util.PSQLException: ERROR: relation "public.ecos_runtime_audit_retry" does not exist
  位置：256
; bad SQL grammar []
2026-10-10 13:15:57.338 [scheduling-1] [] WARN  c.c.g.runtime.audit.AuditRetryTask - [AuditRetry] 到期行拉取失败（表缺失/DB 不可用）errType=BadSqlGrammarException msg=
### Error querying database.  Cause: org.postgresql.util.PSQLException: ERROR: relation "public.ecos_runtime_audit_retry" does not exist
  位置：256
### The error may exist in com/chinacreator/gzcm/runtime/audit/mapper/AuditRetryMapper.java (best guess)
### The error may involve com.chinacreator.gzcm.runtime.audit.mapper.AuditRetryMapper.listDue-Inline
### The error occurred while setting parameters
### SQL: SELECT id, event_type AS eventType, payload, attempts, next_retry_at AS nextRetryAt, last_error AS lastError, status, trace_id AS traceId, create_time AS createTime, update_time AS updateTime, version_no AS versionNo, is_deleted AS isDeleted, domain FROM public.ecos_runtime_audit_retry WHERE is_deleted = 0 AND status = 'pending' AND next_retry_at <= ? ORDER BY next_retry_at ASC LIMIT ?
### Cause: org.postgresql.util.PSQLException: ERROR: relation "public.ecos_runtime_audit_retry" does not exist
  位置：256
; bad SQL grammar []
2026-10-10 13:16:57.349 [scheduling-1] [] WARN  c.c.g.runtime.audit.AuditRetryTask - [AuditRetry] 到期行拉取失败（表缺失/DB 不可用）errType=BadSqlGrammarException msg=
### Error querying database.  Cause: org.postgresql.util.PSQLException: ERROR: relation "public.ecos_runtime_audit_retry" does not exist
  位置：256
### The error may exist in com/chinacreator/gzcm/runtime/audit/mapper/AuditRetryMapper.java (best guess)
### The error may involve com.chinacreator.gzcm.runtime.audit.mapper.AuditRetryMapper.listDue-Inline
### The error occurred while setting parameters
### SQL: SELECT id, event_type AS eventType, payload, attempts, next_retry_at AS nextRetryAt, last_error AS lastError, status, trace_id AS traceId, create_time AS createTime, update_time AS updateTime, version_no AS versionNo, is_deleted AS isDeleted, domain FROM public.ecos_runtime_audit_retry WHERE is_deleted = 0 AND status = 'pending' AND next_retry_at <= ? ORDER BY next_retry_at ASC LIMIT ?
### Cause: org.postgresql.util.PSQLException: ERROR: relation "public.ecos_runtime_audit_retry" does not exist
  位置：256
; bad SQL grammar []
2026-10-10 13:17:25.343 [scheduling-1] [] WARN  c.c.gzcm.runtime.dlq.DltLagChecker - [DltLagChecker] AdminClient 创建失败 errType=KafkaException msg=Failed to create new KafkaAdminClient
2026-10-10 13:17:25.354 [scheduling-1] [] WARN  c.c.gzcm.runtime.dlq.DltLagChecker - [DltLagChecker] AdminClient 不可用（bootstrap=localhost:9092），本轮降级跳过
2026-10-10 13:17:57.364 [scheduling-1] [] WARN  c.c.g.runtime.audit.AuditRetryTask - [AuditRetry] 到期行拉取失败（表缺失/DB 不可用）errType=BadSqlGrammarException msg=
### Error querying database.  Cause: org.postgresql.util.PSQLException: ERROR: relation "public.ecos_runtime_audit_retry" does not exist
  位置：256
### The error may exist in com/chinacreator/gzcm/runtime/audit/mapper/AuditRetryMapper.java (best guess)
### The error may involve com.chinacreator.gzcm.runtime.audit.mapper.AuditRetryMapper.listDue-Inline
### The error occurred while setting parameters
### SQL: SELECT id, event_type AS eventType, payload, attempts, next_retry_at AS nextRetryAt, last_error AS lastError, status, trace_id AS traceId, create_time AS createTime, update_time AS updateTime, version_no AS versionNo, is_deleted AS isDeleted, domain FROM public.ecos_runtime_audit_retry WHERE is_deleted = 0 AND status = 'pending' AND next_retry_at <= ? ORDER BY next_retry_at ASC LIMIT ?
### Cause: org.postgresql.util.PSQLException: ERROR: relation "public.ecos_runtime_audit_retry" does not exist
  位置：256
; bad SQL grammar []
2026-10-10 13:18:57.381 [scheduling-1] [] WARN  c.c.g.runtime.audit.AuditRetryTask - [AuditRetry] 到期行拉取失败（表缺失/DB 不可用）errType=BadSqlGrammarException msg=
### Error querying database.  Cause: org.postgresql.util.PSQLException: ERROR: relation "public.ecos_runtime_audit_retry" does not exist
  位置：256
### The error may exist in com/chinacreator/gzcm/runtime/audit/mapper/AuditRetryMapper.java (best guess)
### The error may involve com.chinacreator.gzcm.runtime.audit.mapper.AuditRetryMapper.listDue-Inline
### The error occurred while setting parameters
### SQL: SELECT id, event_type AS eventType, payload, attempts, next_retry_at AS nextRetryAt, last_error AS lastError, status, trace_id AS traceId, create_time AS createTime, update_time AS updateTime, version_no AS versionNo, is_deleted AS isDeleted, domain FROM public.ecos_runtime_audit_retry WHERE is_deleted = 0 AND status = 'pending' AND next_retry_at <= ? ORDER BY next_retry_at ASC LIMIT ?
### Cause: org.postgresql.util.PSQLException: ERROR: relation "public.ecos_runtime_audit_retry" does not exist
  位置：256
; bad SQL grammar []
2026-10-10 13:19:57.387 [scheduling-1] [] WARN  c.c.g.runtime.audit.AuditRetryTask - [AuditRetry] 到期行拉取失败（表缺失/DB 不可用）errType=BadSqlGrammarException msg=
### Error querying database.  Cause: org.postgresql.util.PSQLException: ERROR: relation "public.ecos_runtime_audit_retry" does not exist
  位置：256
### The error may exist in com/chinacreator/gzcm/runtime/audit/mapper/AuditRetryMapper.java (best guess)
### The error may involve com.chinacreator.gzcm.runtime.audit.mapper.AuditRetryMapper.listDue-Inline
### The error occurred while setting parameters
### SQL: SELECT id, event_type AS eventType, payload, attempts, next_retry_at AS nextRetryAt, last_error AS lastError, status, trace_id AS traceId, create_time AS createTime, update_time AS updateTime, version_no AS versionNo, is_deleted AS isDeleted, domain FROM public.ecos_runtime_audit_retry WHERE is_deleted = 0 AND status = 'pending' AND next_retry_at <= ? ORDER BY next_retry_at ASC LIMIT ?
### Cause: org.postgresql.util.PSQLException: ERROR: relation "public.ecos_runtime_audit_retry" does not exist
  位置：256
; bad SQL grammar []
2026-10-10 13:20:57.395 [scheduling-1] [] WARN  c.c.g.runtime.audit.AuditRetryTask - [AuditRetry] 到期行拉取失败（表缺失/DB 不可用）errType=BadSqlGrammarException msg=
### Error querying database.  Cause: org.postgresql.util.PSQLException: ERROR: relation "public.ecos_runtime_audit_retry" does not exist
  位置：256
### The error may exist in com/chinacreator/gzcm/runtime/audit/mapper/AuditRetryMapper.java (best guess)
### The error may involve com.chinacreator.gzcm.runtime.audit.mapper.AuditRetryMapper.listDue-Inline
### The error occurred while setting parameters
### SQL: SELECT id, event_type AS eventType, payload, attempts, next_retry_at AS nextRetryAt, last_error AS lastError, status, trace_id AS traceId, create_time AS createTime, update_time AS updateTime, version_no AS versionNo, is_deleted AS isDeleted, domain FROM public.ecos_runtime_audit_retry WHERE is_deleted = 0 AND status = 'pending' AND next_retry_at <= ? ORDER BY next_retry_at ASC LIMIT ?
### Cause: org.postgresql.util.PSQLException: ERROR: relation "public.ecos_runtime_audit_retry" does not exist
  位置：256
; bad SQL grammar []
2026-10-10 13:21:05.829 [pool-3-thread-3] [] INFO  c.c.g.r.c.t.s.i.TaskManagementServiceImpl - 任务已提交: taskId=45d5a9a1-d135-4b1a-b6ff-a17aa6e38dc7, taskName=cognitive-mental-scan
2026-10-10 13:21:05.832 [pool-3-thread-3] [] INFO  c.c.g.r.c.t.s.i.TaskManagementServiceImpl - 任务已解析: taskId=45d5a9a1-d135-4b1a-b6ff-a17aa6e38dc7
2026-10-10 13:21:05.842 [pool-3-thread-3] [] INFO  c.c.g.e.c.s.mental.MentalScanTask - PMO-59 心智层补算一代完成: scanned=5 invalidated=0
2026-10-10 13:21:05.843 [pool-3-thread-3] [] INFO  c.c.g.r.c.t.s.i.TaskManagementServiceImpl - 任务执行完成: taskId=45d5a9a1-d135-4b1a-b6ff-a17aa6e38dc7, status=SUCCEEDED
2026-10-10 13:21:05.843 [pool-3-thread-3] [] INFO  c.c.g.r.c.t.s.TaskSchedulerServiceImpl - 定时任务已提交执行 taskId=45d5a9a1-d135-4b1a-b6ff-a17aa6e38dc7 taskType=COGNITIVE_MENTAL_SCAN scheduleId=dc737701-a903-4de9-be3b-8e52b81df940
2026-10-10 13:21:57.405 [scheduling-1] [] WARN  c.c.g.runtime.audit.AuditRetryTask - [AuditRetry] 到期行拉取失败（表缺失/DB 不可用）errType=BadSqlGrammarException msg=
### Error querying database.  Cause: org.postgresql.util.PSQLException: ERROR: relation "public.ecos_runtime_audit_retry" does not exist
  位置：256
### The error may exist in com/chinacreator/gzcm/runtime/audit/mapper/AuditRetryMapper.java (best guess)
### The error may involve com.chinacreator.gzcm.runtime.audit.mapper.AuditRetryMapper.listDue-Inline
### The error occurred while setting parameters
### SQL: SELECT id, event_type AS eventType, payload, attempts, next_retry_at AS nextRetryAt, last_error AS lastError, status, trace_id AS traceId, create_time AS createTime, update_time AS updateTime, version_no AS versionNo, is_deleted AS isDeleted, domain FROM public.ecos_runtime_audit_retry WHERE is_deleted = 0 AND status = 'pending' AND next_retry_at <= ? ORDER BY next_retry_at ASC LIMIT ?
### Cause: org.postgresql.util.PSQLException: ERROR: relation "public.ecos_runtime_audit_retry" does not exist
  位置：256
; bad SQL grammar []
2026-10-10 13:22:25.366 [scheduling-1] [] WARN  c.c.gzcm.runtime.dlq.DltLagChecker - [DltLagChecker] AdminClient 创建失败 errType=KafkaException msg=Failed to create new KafkaAdminClient
2026-10-10 13:22:25.367 [scheduling-1] [] WARN  c.c.gzcm.runtime.dlq.DltLagChecker - [DltLagChecker] AdminClient 不可用（bootstrap=localhost:9092），本轮降级跳过
2026-10-10 13:22:57.411 [scheduling-1] [] WARN  c.c.g.runtime.audit.AuditRetryTask - [AuditRetry] 到期行拉取失败（表缺失/DB 不可用）errType=BadSqlGrammarException msg=
### Error querying database.  Cause: org.postgresql.util.PSQLException: ERROR: relation "public.ecos_runtime_audit_retry" does not exist
  位置：256
### The error may exist in com/chinacreator/gzcm/runtime/audit/mapper/AuditRetryMapper.java (best guess)
### The error may involve com.chinacreator.gzcm.runtime.audit.mapper.AuditRetryMapper.listDue-Inline
### The error occurred while setting parameters
### SQL: SELECT id, event_type AS eventType, payload, attempts, next_retry_at AS nextRetryAt, last_error AS lastError, status, trace_id AS traceId, create_time AS createTime, update_time AS updateTime, version_no AS versionNo, is_deleted AS isDeleted, domain FROM public.ecos_runtime_audit_retry WHERE is_deleted = 0 AND status = 'pending' AND next_retry_at <= ? ORDER BY next_retry_at ASC LIMIT ?
### Cause: org.postgresql.util.PSQLException: ERROR: relation "public.ecos_runtime_audit_retry" does not exist
  位置：256
; bad SQL grammar []
2026-10-10 13:23:57.416 [scheduling-1] [] WARN  c.c.g.runtime.audit.AuditRetryTask - [AuditRetry] 到期行拉取失败（表缺失/DB 不可用）errType=BadSqlGrammarException msg=
### Error querying database.  Cause: org.postgresql.util.PSQLException: ERROR: relation "public.ecos_runtime_audit_retry" does not exist
  位置：256
### The error may exist in com/chinacreator/gzcm/runtime/audit/mapper/AuditRetryMapper.java (best guess)
### The error may involve com.chinacreator.gzcm.runtime.audit.mapper.AuditRetryMapper.listDue-Inline
### The error occurred while setting parameters
### SQL: SELECT id, event_type AS eventType, payload, attempts, next_retry_at AS nextRetryAt, last_error AS lastError, status, trace_id AS traceId, create_time AS createTime, update_time AS updateTime, version_no AS versionNo, is_deleted AS isDeleted, domain FROM public.ecos_runtime_audit_retry WHERE is_deleted = 0 AND status = 'pending' AND next_retry_at <= ? ORDER BY next_retry_at ASC LIMIT ?
### Cause: org.postgresql.util.PSQLException: ERROR: relation "public.ecos_runtime_audit_retry" does not exist
  位置：256
; bad SQL grammar []
2026-10-10 13:24:57.442 [scheduling-1] [] WARN  c.c.g.runtime.audit.AuditRetryTask - [AuditRetry] 到期行拉取失败（表缺失/DB 不可用）errType=BadSqlGrammarException msg=
### Error querying database.  Cause: org.postgresql.util.PSQLException: ERROR: relation "public.ecos_runtime_audit_retry" does not exist
  位置：256
### The error may exist in com/chinacreator/gzcm/runtime/audit/mapper/AuditRetryMapper.java (best guess)
### The error may involve com.chinacreator.gzcm.runtime.audit.mapper.AuditRetryMapper.listDue-Inline
### The error occurred while setting parameters
### SQL: SELECT id, event_type AS eventType, payload, attempts, next_retry_at AS nextRetryAt, last_error AS lastError, status, trace_id AS traceId, create_time AS createTime, update_time AS updateTime, version_no AS versionNo, is_deleted AS isDeleted, domain FROM public.ecos_runtime_audit_retry WHERE is_deleted = 0 AND status = 'pending' AND next_retry_at <= ? ORDER BY next_retry_at ASC LIMIT ?
### Cause: org.postgresql.util.PSQLException: ERROR: relation "public.ecos_runtime_audit_retry" does not exist
  位置：256
; bad SQL grammar []
2026-10-10 13:25:57.454 [scheduling-1] [] WARN  c.c.g.runtime.audit.AuditRetryTask - [AuditRetry] 到期行拉取失败（表缺失/DB 不可用）errType=BadSqlGrammarException msg=
### Error querying database.  Cause: org.postgresql.util.PSQLException: ERROR: relation "public.ecos_runtime_audit_retry" does not exist
  位置：256
### The error may exist in com/chinacreator/gzcm/runtime/audit/mapper/AuditRetryMapper.java (best guess)
### The error may involve com.chinacreator.gzcm.runtime.audit.mapper.AuditRetryMapper.listDue-Inline
### The error occurred while setting parameters
### SQL: SELECT id, event_type AS eventType, payload, attempts, next_retry_at AS nextRetryAt, last_error AS lastError, status, trace_id AS traceId, create_time AS createTime, update_time AS updateTime, version_no AS versionNo, is_deleted AS isDeleted, domain FROM public.ecos_runtime_audit_retry WHERE is_deleted = 0 AND status = 'pending' AND next_retry_at <= ? ORDER BY next_retry_at ASC LIMIT ?
### Cause: org.postgresql.util.PSQLException: ERROR: relation "public.ecos_runtime_audit_retry" does not exist
  位置：256
; bad SQL grammar []
2026-10-10 13:26:57.474 [scheduling-1] [] WARN  c.c.g.runtime.audit.AuditRetryTask - [AuditRetry] 到期行拉取失败（表缺失/DB 不可用）errType=BadSqlGrammarException msg=
### Error querying database.  Cause: org.postgresql.util.PSQLException: ERROR: relation "public.ecos_runtime_audit_retry" does not exist
  位置：256
### The error may exist in com/chinacreator/gzcm/runtime/audit/mapper/AuditRetryMapper.java (best guess)
### The error may involve com.chinacreator.gzcm.runtime.audit.mapper.AuditRetryMapper.listDue-Inline
### The error occurred while setting parameters
### SQL: SELECT id, event_type AS eventType, payload, attempts, next_retry_at AS nextRetryAt, last_error AS lastError, status, trace_id AS traceId, create_time AS createTime, update_time AS updateTime, version_no AS versionNo, is_deleted AS isDeleted, domain FROM public.ecos_runtime_audit_retry WHERE is_deleted = 0 AND status = 'pending' AND next_retry_at <= ? ORDER BY next_retry_at ASC LIMIT ?
### Cause: org.postgresql.util.PSQLException: ERROR: relation "public.ecos_runtime_audit_retry" does not exist
  位置：256
; bad SQL grammar []
2026-10-10 13:27:25.390 [scheduling-1] [] WARN  c.c.gzcm.runtime.dlq.DltLagChecker - [DltLagChecker] AdminClient 创建失败 errType=KafkaException msg=Failed to create new KafkaAdminClient
2026-10-10 13:27:25.390 [scheduling-1] [] WARN  c.c.gzcm.runtime.dlq.DltLagChecker - [DltLagChecker] AdminClient 不可用（bootstrap=localhost:9092），本轮降级跳过
2026-10-10 13:27:57.488 [scheduling-1] [] WARN  c.c.g.runtime.audit.AuditRetryTask - [AuditRetry] 到期行拉取失败（表缺失/DB 不可用）errType=BadSqlGrammarException msg=
### Error querying database.  Cause: org.postgresql.util.PSQLException: ERROR: relation "public.ecos_runtime_audit_retry" does not exist
  位置：256
### The error may exist in com/chinacreator/gzcm/runtime/audit/mapper/AuditRetryMapper.java (best guess)
### The error may involve com.chinacreator.gzcm.runtime.audit.mapper.AuditRetryMapper.listDue-Inline
### The error occurred while setting parameters
### SQL: SELECT id, event_type AS eventType, payload, attempts, next_retry_at AS nextRetryAt, last_error AS lastError, status, trace_id AS traceId, create_time AS createTime, update_time AS updateTime, version_no AS versionNo, is_deleted AS isDeleted, domain FROM public.ecos_runtime_audit_retry WHERE is_deleted = 0 AND status = 'pending' AND next_retry_at <= ? ORDER BY next_retry_at ASC LIMIT ?
### Cause: org.postgresql.util.PSQLException: ERROR: relation "public.ecos_runtime_audit_retry" does not exist
  位置：256
; bad SQL grammar []
2026-10-10 13:28:57.506 [scheduling-1] [] WARN  c.c.g.runtime.audit.AuditRetryTask - [AuditRetry] 到期行拉取失败（表缺失/DB 不可用）errType=BadSqlGrammarException msg=
### Error querying database.  Cause: org.postgresql.util.PSQLException: ERROR: relation "public.ecos_runtime_audit_retry" does not exist
  位置：256
### The error may exist in com/chinacreator/gzcm/runtime/audit/mapper/AuditRetryMapper.java (best guess)
### The error may involve com.chinacreator.gzcm.runtime.audit.mapper.AuditRetryMapper.listDue-Inline
### The error occurred while setting parameters
### SQL: SELECT id, event_type AS eventType, payload, attempts, next_retry_at AS nextRetryAt, last_error AS lastError, status, trace_id AS traceId, create_time AS createTime, update_time AS updateTime, version_no AS versionNo, is_deleted AS isDeleted, domain FROM public.ecos_runtime_audit_retry WHERE is_deleted = 0 AND status = 'pending' AND next_retry_at <= ? ORDER BY next_retry_at ASC LIMIT ?
### Cause: org.postgresql.util.PSQLException: ERROR: relation "public.ecos_runtime_audit_retry" does not exist
  位置：256
; bad SQL grammar []
2026-10-10 13:29:57.525 [scheduling-1] [] WARN  c.c.g.runtime.audit.AuditRetryTask - [AuditRetry] 到期行拉取失败（表缺失/DB 不可用）errType=BadSqlGrammarException msg=
### Error querying database.  Cause: org.postgresql.util.PSQLException: ERROR: relation "public.ecos_runtime_audit_retry" does not exist
  位置：256
### The error may exist in com/chinacreator/gzcm/runtime/audit/mapper/AuditRetryMapper.java (best guess)
### The error may involve com.chinacreator.gzcm.runtime.audit.mapper.AuditRetryMapper.listDue-Inline
### The error occurred while setting parameters
### SQL: SELECT id, event_type AS eventType, payload, attempts, next_retry_at AS nextRetryAt, last_error AS lastError, status, trace_id AS traceId, create_time AS createTime, update_time AS updateTime, version_no AS versionNo, is_deleted AS isDeleted, domain FROM public.ecos_runtime_audit_retry WHERE is_deleted = 0 AND status = 'pending' AND next_retry_at <= ? ORDER BY next_retry_at ASC LIMIT ?
### Cause: org.postgresql.util.PSQLException: ERROR: relation "public.ecos_runtime_audit_retry" does not exist
  位置：256
; bad SQL grammar []
2026-10-10 13:30:57.543 [scheduling-1] [] WARN  c.c.g.runtime.audit.AuditRetryTask - [AuditRetry] 到期行拉取失败（表缺失/DB 不可用）errType=BadSqlGrammarException msg=
### Error querying database.  Cause: org.postgresql.util.PSQLException: ERROR: relation "public.ecos_runtime_audit_retry" does not exist
  位置：256
### The error may exist in com/chinacreator/gzcm/runtime/audit/mapper/AuditRetryMapper.java (best guess)
### The error may involve com.chinacreator.gzcm.runtime.audit.mapper.AuditRetryMapper.listDue-Inline
### The error occurred while setting parameters
### SQL: SELECT id, event_type AS eventType, payload, attempts, next_retry_at AS nextRetryAt, last_error AS lastError, status, trace_id AS traceId, create_time AS createTime, update_time AS updateTime, version_no AS versionNo, is_deleted AS isDeleted, domain FROM public.ecos_runtime_audit_retry WHERE is_deleted = 0 AND status = 'pending' AND next_retry_at <= ? ORDER BY next_retry_at ASC LIMIT ?
### Cause: org.postgresql.util.PSQLException: ERROR: relation "public.ecos_runtime_audit_retry" does not exist
  位置：256
; bad SQL grammar []
2026-10-10 13:31:05.822 [pool-3-thread-3] [] INFO  c.c.g.r.c.t.s.i.TaskManagementServiceImpl - 任务已提交: taskId=45d5a9a1-d135-4b1a-b6ff-a17aa6e38dc7, taskName=cognitive-mental-scan
2026-10-10 13:31:05.824 [pool-3-thread-3] [] INFO  c.c.g.r.c.t.s.i.TaskManagementServiceImpl - 任务已解析: taskId=45d5a9a1-d135-4b1a-b6ff-a17aa6e38dc7
2026-10-10 13:31:05.849 [pool-3-thread-3] [] INFO  c.c.g.e.c.s.mental.MentalScanTask - PMO-59 心智层补算一代完成: scanned=5 invalidated=0
2026-10-10 13:31:05.851 [pool-3-thread-3] [] INFO  c.c.g.r.c.t.s.i.TaskManagementServiceImpl - 任务执行完成: taskId=45d5a9a1-d135-4b1a-b6ff-a17aa6e38dc7, status=SUCCEEDED
2026-10-10 13:31:05.852 [pool-3-thread-3] [] INFO  c.c.g.r.c.t.s.TaskSchedulerServiceImpl - 定时任务已提交执行 taskId=45d5a9a1-d135-4b1a-b6ff-a17aa6e38dc7 taskType=COGNITIVE_MENTAL_SCAN scheduleId=dc737701-a903-4de9-be3b-8e52b81df940
2026-10-10 13:31:57.560 [scheduling-1] [] WARN  c.c.g.runtime.audit.AuditRetryTask - [AuditRetry] 到期行拉取失败（表缺失/DB 不可用）errType=BadSqlGrammarException msg=
### Error querying database.  Cause: org.postgresql.util.PSQLException: ERROR: relation "public.ecos_runtime_audit_retry" does not exist
  位置：256
### The error may exist in com/chinacreator/gzcm/runtime/audit/mapper/AuditRetryMapper.java (best guess)
### The error may involve com.chinacreator.gzcm.runtime.audit.mapper.AuditRetryMapper.listDue-Inline
### The error occurred while setting parameters
### SQL: SELECT id, event_type AS eventType, payload, attempts, next_retry_at AS nextRetryAt, last_error AS lastError, status, trace_id AS traceId, create_time AS createTime, update_time AS updateTime, version_no AS versionNo, is_deleted AS isDeleted, domain FROM public.ecos_runtime_audit_retry WHERE is_deleted = 0 AND status = 'pending' AND next_retry_at <= ? ORDER BY next_retry_at ASC LIMIT ?
### Cause: org.postgresql.util.PSQLException: ERROR: relation "public.ecos_runtime_audit_retry" does not exist
  位置：256
; bad SQL grammar []
2026-10-10 13:32:25.426 [scheduling-1] [] WARN  c.c.gzcm.runtime.dlq.DltLagChecker - [DltLagChecker] AdminClient 创建失败 errType=KafkaException msg=Failed to create new KafkaAdminClient
2026-10-10 13:32:25.427 [scheduling-1] [] WARN  c.c.gzcm.runtime.dlq.DltLagChecker - [DltLagChecker] AdminClient 不可用（bootstrap=localhost:9092），本轮降级跳过
2026-10-10 13:32:57.578 [scheduling-1] [] WARN  c.c.g.runtime.audit.AuditRetryTask - [AuditRetry] 到期行拉取失败（表缺失/DB 不可用）errType=BadSqlGrammarException msg=
### Error querying database.  Cause: org.postgresql.util.PSQLException: ERROR: relation "public.ecos_runtime_audit_retry" does not exist
  位置：256
### The error may exist in com/chinacreator/gzcm/runtime/audit/mapper/AuditRetryMapper.java (best guess)
### The error may involve com.chinacreator.gzcm.runtime.audit.mapper.AuditRetryMapper.listDue-Inline
### The error occurred while setting parameters
### SQL: SELECT id, event_type AS eventType, payload, attempts, next_retry_at AS nextRetryAt, last_error AS lastError, status, trace_id AS traceId, create_time AS createTime, update_time AS updateTime, version_no AS versionNo, is_deleted AS isDeleted, domain FROM public.ecos_runtime_audit_retry WHERE is_deleted = 0 AND status = 'pending' AND next_retry_at <= ? ORDER BY next_retry_at ASC LIMIT ?
### Cause: org.postgresql.util.PSQLException: ERROR: relation "public.ecos_runtime_audit_retry" does not exist
  位置：256
; bad SQL grammar []
2026-10-10 13:33:57.598 [scheduling-1] [] WARN  c.c.g.runtime.audit.AuditRetryTask - [AuditRetry] 到期行拉取失败（表缺失/DB 不可用）errType=BadSqlGrammarException msg=
### Error querying database.  Cause: org.postgresql.util.PSQLException: ERROR: relation "public.ecos_runtime_audit_retry" does not exist
  位置：256
### The error may exist in com/chinacreator/gzcm/runtime/audit/mapper/AuditRetryMapper.java (best guess)
### The error may involve com.chinacreator.gzcm.runtime.audit.mapper.AuditRetryMapper.listDue-Inline
### The error occurred while setting parameters
### SQL: SELECT id, event_type AS eventType, payload, attempts, next_retry_at AS nextRetryAt, last_error AS lastError, status, trace_id AS traceId, create_time AS createTime, update_time AS updateTime, version_no AS versionNo, is_deleted AS isDeleted, domain FROM public.ecos_runtime_audit_retry WHERE is_deleted = 0 AND status = 'pending' AND next_retry_at <= ? ORDER BY next_retry_at ASC LIMIT ?
### Cause: org.postgresql.util.PSQLException: ERROR: relation "public.ecos_runtime_audit_retry" does not exist
  位置：256
; bad SQL grammar []
2026-10-10 13:34:57.609 [scheduling-1] [] WARN  c.c.g.runtime.audit.AuditRetryTask - [AuditRetry] 到期行拉取失败（表缺失/DB 不可用）errType=BadSqlGrammarException msg=
### Error querying database.  Cause: org.postgresql.util.PSQLException: ERROR: relation "public.ecos_runtime_audit_retry" does not exist
  位置：256
### The error may exist in com/chinacreator/gzcm/runtime/audit/mapper/AuditRetryMapper.java (best guess)
### The error may involve com.chinacreator.gzcm.runtime.audit.mapper.AuditRetryMapper.listDue-Inline
### The error occurred while setting parameters
### SQL: SELECT id, event_type AS eventType, payload, attempts, next_retry_at AS nextRetryAt, last_error AS lastError, status, trace_id AS traceId, create_time AS createTime, update_time AS updateTime, version_no AS versionNo, is_deleted AS isDeleted, domain FROM public.ecos_runtime_audit_retry WHERE is_deleted = 0 AND status = 'pending' AND next_retry_at <= ? ORDER BY next_retry_at ASC LIMIT ?
### Cause: org.postgresql.util.PSQLException: ERROR: relation "public.ecos_runtime_audit_retry" does not exist
  位置：256
; bad SQL grammar []
2026-10-10 13:35:57.625 [scheduling-1] [] WARN  c.c.g.runtime.audit.AuditRetryTask - [AuditRetry] 到期行拉取失败（表缺失/DB 不可用）errType=BadSqlGrammarException msg=
### Error querying database.  Cause: org.postgresql.util.PSQLException: ERROR: relation "public.ecos_runtime_audit_retry" does not exist
  位置：256
### The error may exist in com/chinacreator/gzcm/runtime/audit/mapper/AuditRetryMapper.java (best guess)
### The error may involve com.chinacreator.gzcm.runtime.audit.mapper.AuditRetryMapper.listDue-Inline
### The error occurred while setting parameters
### SQL: SELECT id, event_type AS eventType, payload, attempts, next_retry_at AS nextRetryAt, last_error AS lastError, status, trace_id AS traceId, create_time AS createTime, update_time AS updateTime, version_no AS versionNo, is_deleted AS isDeleted, domain FROM public.ecos_runtime_audit_retry WHERE is_deleted = 0 AND status = 'pending' AND next_retry_at <= ? ORDER BY next_retry_at ASC LIMIT ?
### Cause: org.postgresql.util.PSQLException: ERROR: relation "public.ecos_runtime_audit_retry" does not exist
  位置：256
; bad SQL grammar []
2026-10-10 13:36:57.633 [scheduling-1] [] WARN  c.c.g.runtime.audit.AuditRetryTask - [AuditRetry] 到期行拉取失败（表缺失/DB 不可用）errType=BadSqlGrammarException msg=
### Error querying database.  Cause: org.postgresql.util.PSQLException: ERROR: relation "public.ecos_runtime_audit_retry" does not exist
  位置：256
### The error may exist in com/chinacreator/gzcm/runtime/audit/mapper/AuditRetryMapper.java (best guess)
### The error may involve com.chinacreator.gzcm.runtime.audit.mapper.AuditRetryMapper.listDue-Inline
### The error occurred while setting parameters
### SQL: SELECT id, event_type AS eventType, payload, attempts, next_retry_at AS nextRetryAt, last_error AS lastError, status, trace_id AS traceId, create_time AS createTime, update_time AS updateTime, version_no AS versionNo, is_deleted AS isDeleted, domain FROM public.ecos_runtime_audit_retry WHERE is_deleted = 0 AND status = 'pending' AND next_retry_at <= ? ORDER BY next_retry_at ASC LIMIT ?
### Cause: org.postgresql.util.PSQLException: ERROR: relation "public.ecos_runtime_audit_retry" does not exist
  位置：256
; bad SQL grammar []
2026-10-10 13:37:25.451 [scheduling-1] [] WARN  c.c.gzcm.runtime.dlq.DltLagChecker - [DltLagChecker] AdminClient 创建失败 errType=KafkaException msg=Failed to create new KafkaAdminClient
2026-10-10 13:37:25.452 [scheduling-1] [] WARN  c.c.gzcm.runtime.dlq.DltLagChecker - [DltLagChecker] AdminClient 不可用（bootstrap=localhost:9092），本轮降级跳过
2026-10-10 13:37:57.647 [scheduling-1] [] WARN  c.c.g.runtime.audit.AuditRetryTask - [AuditRetry] 到期行拉取失败（表缺失/DB 不可用）errType=BadSqlGrammarException msg=
### Error querying database.  Cause: org.postgresql.util.PSQLException: ERROR: relation "public.ecos_runtime_audit_retry" does not exist
  位置：256
### The error may exist in com/chinacreator/gzcm/runtime/audit/mapper/AuditRetryMapper.java (best guess)
### The error may involve com.chinacreator.gzcm.runtime.audit.mapper.AuditRetryMapper.listDue-Inline
### The error occurred while setting parameters
### SQL: SELECT id, event_type AS eventType, payload, attempts, next_retry_at AS nextRetryAt, last_error AS lastError, status, trace_id AS traceId, create_time AS createTime, update_time AS updateTime, version_no AS versionNo, is_deleted AS isDeleted, domain FROM public.ecos_runtime_audit_retry WHERE is_deleted = 0 AND status = 'pending' AND next_retry_at <= ? ORDER BY next_retry_at ASC LIMIT ?
### Cause: org.postgresql.util.PSQLException: ERROR: relation "public.ecos_runtime_audit_retry" does not exist
  位置：256
; bad SQL grammar []
2026-10-10 13:38:57.667 [scheduling-1] [] WARN  c.c.g.runtime.audit.AuditRetryTask - [AuditRetry] 到期行拉取失败（表缺失/DB 不可用）errType=BadSqlGrammarException msg=
### Error querying database.  Cause: org.postgresql.util.PSQLException: ERROR: relation "public.ecos_runtime_audit_retry" does not exist
  位置：256
### The error may exist in com/chinacreator/gzcm/runtime/audit/mapper/AuditRetryMapper.java (best guess)
### The error may involve com.chinacreator.gzcm.runtime.audit.mapper.AuditRetryMapper.listDue-Inline
### The error occurred while setting parameters
### SQL: SELECT id, event_type AS eventType, payload, attempts, next_retry_at AS nextRetryAt, last_error AS lastError, status, trace_id AS traceId, create_time AS createTime, update_time AS updateTime, version_no AS versionNo, is_deleted AS isDeleted, domain FROM public.ecos_runtime_audit_retry WHERE is_deleted = 0 AND status = 'pending' AND next_retry_at <= ? ORDER BY next_retry_at ASC LIMIT ?
### Cause: org.postgresql.util.PSQLException: ERROR: relation "public.ecos_runtime_audit_retry" does not exist
  位置：256
; bad SQL grammar []
2026-10-10 13:39:57.680 [scheduling-1] [] WARN  c.c.g.runtime.audit.AuditRetryTask - [AuditRetry] 到期行拉取失败（表缺失/DB 不可用）errType=BadSqlGrammarException msg=
### Error querying database.  Cause: org.postgresql.util.PSQLException: ERROR: relation "public.ecos_runtime_audit_retry" does not exist
  位置：256
### The error may exist in com/chinacreator/gzcm/runtime/audit/mapper/AuditRetryMapper.java (best guess)
### The error may involve com.chinacreator.gzcm.runtime.audit.mapper.AuditRetryMapper.listDue-Inline
### The error occurred while setting parameters
### SQL: SELECT id, event_type AS eventType, payload, attempts, next_retry_at AS nextRetryAt, last_error AS lastError, status, trace_id AS traceId, create_time AS createTime, update_time AS updateTime, version_no AS versionNo, is_deleted AS isDeleted, domain FROM public.ecos_runtime_audit_retry WHERE is_deleted = 0 AND status = 'pending' AND next_retry_at <= ? ORDER BY next_retry_at ASC LIMIT ?
### Cause: org.postgresql.util.PSQLException: ERROR: relation "public.ecos_runtime_audit_retry" does not exist
  位置：256
; bad SQL grammar []
2026-10-10 13:40:57.702 [scheduling-1] [] WARN  c.c.g.runtime.audit.AuditRetryTask - [AuditRetry] 到期行拉取失败（表缺失/DB 不可用）errType=BadSqlGrammarException msg=
### Error querying database.  Cause: org.postgresql.util.PSQLException: ERROR: relation "public.ecos_runtime_audit_retry" does not exist
  位置：256
### The error may exist in com/chinacreator/gzcm/runtime/audit/mapper/AuditRetryMapper.java (best guess)
### The error may involve com.chinacreator.gzcm.runtime.audit.mapper.AuditRetryMapper.listDue-Inline
### The error occurred while setting parameters
### SQL: SELECT id, event_type AS eventType, payload, attempts, next_retry_at AS nextRetryAt, last_error AS lastError, status, trace_id AS traceId, create_time AS createTime, update_time AS updateTime, version_no AS versionNo, is_deleted AS isDeleted, domain FROM public.ecos_runtime_audit_retry WHERE is_deleted = 0 AND status = 'pending' AND next_retry_at <= ? ORDER BY next_retry_at ASC LIMIT ?
### Cause: org.postgresql.util.PSQLException: ERROR: relation "public.ecos_runtime_audit_retry" does not exist
  位置：256
; bad SQL grammar []
2026-10-10 13:41:05.822 [pool-3-thread-3] [] INFO  c.c.g.r.c.t.s.i.TaskManagementServiceImpl - 任务已提交: taskId=45d5a9a1-d135-4b1a-b6ff-a17aa6e38dc7, taskName=cognitive-mental-scan
2026-10-10 13:41:05.824 [pool-3-thread-3] [] INFO  c.c.g.r.c.t.s.i.TaskManagementServiceImpl - 任务已解析: taskId=45d5a9a1-d135-4b1a-b6ff-a17aa6e38dc7
2026-10-10 13:41:05.862 [pool-3-thread-3] [] INFO  c.c.g.e.c.s.mental.MentalScanTask - PMO-59 心智层补算一代完成: scanned=5 invalidated=0
2026-10-10 13:41:05.863 [pool-3-thread-3] [] INFO  c.c.g.r.c.t.s.i.TaskManagementServiceImpl - 任务执行完成: taskId=45d5a9a1-d135-4b1a-b6ff-a17aa6e38dc7, status=SUCCEEDED
2026-10-10 13:41:05.864 [pool-3-thread-3] [] INFO  c.c.g.r.c.t.s.TaskSchedulerServiceImpl - 定时任务已提交执行 taskId=45d5a9a1-d135-4b1a-b6ff-a17aa6e38dc7 taskType=COGNITIVE_MENTAL_SCAN scheduleId=dc737701-a903-4de9-be3b-8e52b81df940
2026-10-10 13:41:57.722 [scheduling-1] [] WARN  c.c.g.runtime.audit.AuditRetryTask - [AuditRetry] 到期行拉取失败（表缺失/DB 不可用）errType=BadSqlGrammarException msg=
### Error querying database.  Cause: org.postgresql.util.PSQLException: ERROR: relation "public.ecos_runtime_audit_retry" does not exist
  位置：256
### The error may exist in com/chinacreator/gzcm/runtime/audit/mapper/AuditRetryMapper.java (best guess)
### The error may involve com.chinacreator.gzcm.runtime.audit.mapper.AuditRetryMapper.listDue-Inline
### The error occurred while setting parameters
### SQL: SELECT id, event_type AS eventType, payload, attempts, next_retry_at AS nextRetryAt, last_error AS lastError, status, trace_id AS traceId, create_time AS createTime, update_time AS updateTime, version_no AS versionNo, is_deleted AS isDeleted, domain FROM public.ecos_runtime_audit_retry WHERE is_deleted = 0 AND status = 'pending' AND next_retry_at <= ? ORDER BY next_retry_at ASC LIMIT ?
### Cause: org.postgresql.util.PSQLException: ERROR: relation "public.ecos_runtime_audit_retry" does not exist
  位置：256
; bad SQL grammar []
2026-10-10 13:42:25.480 [scheduling-1] [] WARN  c.c.gzcm.runtime.dlq.DltLagChecker - [DltLagChecker] AdminClient 创建失败 errType=KafkaException msg=Failed to create new KafkaAdminClient
2026-10-10 13:42:25.481 [scheduling-1] [] WARN  c.c.gzcm.runtime.dlq.DltLagChecker - [DltLagChecker] AdminClient 不可用（bootstrap=localhost:9092），本轮降级跳过
2026-10-10 13:42:57.741 [scheduling-1] [] WARN  c.c.g.runtime.audit.AuditRetryTask - [AuditRetry] 到期行拉取失败（表缺失/DB 不可用）errType=BadSqlGrammarException msg=
### Error querying database.  Cause: org.postgresql.util.PSQLException: ERROR: relation "public.ecos_runtime_audit_retry" does not exist
  位置：256
### The error may exist in com/chinacreator/gzcm/runtime/audit/mapper/AuditRetryMapper.java (best guess)
### The error may involve com.chinacreator.gzcm.runtime.audit.mapper.AuditRetryMapper.listDue-Inline
### The error occurred while setting parameters
### SQL: SELECT id, event_type AS eventType, payload, attempts, next_retry_at AS nextRetryAt, last_error AS lastError, status, trace_id AS traceId, create_time AS createTime, update_time AS updateTime, version_no AS versionNo, is_deleted AS isDeleted, domain FROM public.ecos_runtime_audit_retry WHERE is_deleted = 0 AND status = 'pending' AND next_retry_at <= ? ORDER BY next_retry_at ASC LIMIT ?
### Cause: org.postgresql.util.PSQLException: ERROR: relation "public.ecos_runtime_audit_retry" does not exist
  位置：256
; bad SQL grammar []
2026-10-10 13:43:57.761 [scheduling-1] [] WARN  c.c.g.runtime.audit.AuditRetryTask - [AuditRetry] 到期行拉取失败（表缺失/DB 不可用）errType=BadSqlGrammarException msg=
### Error querying database.  Cause: org.postgresql.util.PSQLException: ERROR: relation "public.ecos_runtime_audit_retry" does not exist
  位置：256
### The error may exist in com/chinacreator/gzcm/runtime/audit/mapper/AuditRetryMapper.java (best guess)
### The error may involve com.chinacreator.gzcm.runtime.audit.mapper.AuditRetryMapper.listDue-Inline
### The error occurred while setting parameters
### SQL: SELECT id, event_type AS eventType, payload, attempts, next_retry_at AS nextRetryAt, last_error AS lastError, status, trace_id AS traceId, create_time AS createTime, update_time AS updateTime, version_no AS versionNo, is_deleted AS isDeleted, domain FROM public.ecos_runtime_audit_retry WHERE is_deleted = 0 AND status = 'pending' AND next_retry_at <= ? ORDER BY next_retry_at ASC LIMIT ?
### Cause: org.postgresql.util.PSQLException: ERROR: relation "public.ecos_runtime_audit_retry" does not exist
  位置：256
; bad SQL grammar []
2026-10-10 13:44:57.781 [scheduling-1] [] WARN  c.c.g.runtime.audit.AuditRetryTask - [AuditRetry] 到期行拉取失败（表缺失/DB 不可用）errType=BadSqlGrammarException msg=
### Error querying database.  Cause: org.postgresql.util.PSQLException: ERROR: relation "public.ecos_runtime_audit_retry" does not exist
  位置：256
### The error may exist in com/chinacreator/gzcm/runtime/audit/mapper/AuditRetryMapper.java (best guess)
### The error may involve com.chinacreator.gzcm.runtime.audit.mapper.AuditRetryMapper.listDue-Inline
### The error occurred while setting parameters
### SQL: SELECT id, event_type AS eventType, payload, attempts, next_retry_at AS nextRetryAt, last_error AS lastError, status, trace_id AS traceId, create_time AS createTime, update_time AS updateTime, version_no AS versionNo, is_deleted AS isDeleted, domain FROM public.ecos_runtime_audit_retry WHERE is_deleted = 0 AND status = 'pending' AND next_retry_at <= ? ORDER BY next_retry_at ASC LIMIT ?
### Cause: org.postgresql.util.PSQLException: ERROR: relation "public.ecos_runtime_audit_retry" does not exist
  位置：256
; bad SQL grammar []
2026-10-10 13:45:57.798 [scheduling-1] [] WARN  c.c.g.runtime.audit.AuditRetryTask - [AuditRetry] 到期行拉取失败（表缺失/DB 不可用）errType=BadSqlGrammarException msg=
### Error querying database.  Cause: org.postgresql.util.PSQLException: ERROR: relation "public.ecos_runtime_audit_retry" does not exist
  位置：256
### The error may exist in com/chinacreator/gzcm/runtime/audit/mapper/AuditRetryMapper.java (best guess)
### The error may involve com.chinacreator.gzcm.runtime.audit.mapper.AuditRetryMapper.listDue-Inline
### The error occurred while setting parameters
### SQL: SELECT id, event_type AS eventType, payload, attempts, next_retry_at AS nextRetryAt, last_error AS lastError, status, trace_id AS traceId, create_time AS createTime, update_time AS updateTime, version_no AS versionNo, is_deleted AS isDeleted, domain FROM public.ecos_runtime_audit_retry WHERE is_deleted = 0 AND status = 'pending' AND next_retry_at <= ? ORDER BY next_retry_at ASC LIMIT ?
### Cause: org.postgresql.util.PSQLException: ERROR: relation "public.ecos_runtime_audit_retry" does not exist
  位置：256
; bad SQL grammar []
2026-10-10 13:46:57.814 [scheduling-1] [] WARN  c.c.g.runtime.audit.AuditRetryTask - [AuditRetry] 到期行拉取失败（表缺失/DB 不可用）errType=BadSqlGrammarException msg=
### Error querying database.  Cause: org.postgresql.util.PSQLException: ERROR: relation "public.ecos_runtime_audit_retry" does not exist
  位置：256
### The error may exist in com/chinacreator/gzcm/runtime/audit/mapper/AuditRetryMapper.java (best guess)
### The error may involve com.chinacreator.gzcm.runtime.audit.mapper.AuditRetryMapper.listDue-Inline
### The error occurred while setting parameters
### SQL: SELECT id, event_type AS eventType, payload, attempts, next_retry_at AS nextRetryAt, last_error AS lastError, status, trace_id AS traceId, create_time AS createTime, update_time AS updateTime, version_no AS versionNo, is_deleted AS isDeleted, domain FROM public.ecos_runtime_audit_retry WHERE is_deleted = 0 AND status = 'pending' AND next_retry_at <= ? ORDER BY next_retry_at ASC LIMIT ?
### Cause: org.postgresql.util.PSQLException: ERROR: relation "public.ecos_runtime_audit_retry" does not exist
  位置：256
; bad SQL grammar []
2026-10-10 13:47:25.507 [scheduling-1] [] WARN  c.c.gzcm.runtime.dlq.DltLagChecker - [DltLagChecker] AdminClient 创建失败 errType=KafkaException msg=Failed to create new KafkaAdminClient
2026-10-10 13:47:25.509 [scheduling-1] [] WARN  c.c.gzcm.runtime.dlq.DltLagChecker - [DltLagChecker] AdminClient 不可用（bootstrap=localhost:9092），本轮降级跳过
2026-10-10 13:47:57.824 [scheduling-1] [] WARN  c.c.g.runtime.audit.AuditRetryTask - [AuditRetry] 到期行拉取失败（表缺失/DB 不可用）errType=BadSqlGrammarException msg=
### Error querying database.  Cause: org.postgresql.util.PSQLException: ERROR: relation "public.ecos_runtime_audit_retry" does not exist
  位置：256
### The error may exist in com/chinacreator/gzcm/runtime/audit/mapper/AuditRetryMapper.java (best guess)
### The error may involve com.chinacreator.gzcm.runtime.audit.mapper.AuditRetryMapper.listDue-Inline
### The error occurred while setting parameters
### SQL: SELECT id, event_type AS eventType, payload, attempts, next_retry_at AS nextRetryAt, last_error AS lastError, status, trace_id AS traceId, create_time AS createTime, update_time AS updateTime, version_no AS versionNo, is_deleted AS isDeleted, domain FROM public.ecos_runtime_audit_retry WHERE is_deleted = 0 AND status = 'pending' AND next_retry_at <= ? ORDER BY next_retry_at ASC LIMIT ?
### Cause: org.postgresql.util.PSQLException: ERROR: relation "public.ecos_runtime_audit_retry" does not exist
  位置：256
; bad SQL grammar []
2026-10-10 13:48:57.841 [scheduling-1] [] WARN  c.c.g.runtime.audit.AuditRetryTask - [AuditRetry] 到期行拉取失败（表缺失/DB 不可用）errType=BadSqlGrammarException msg=
### Error querying database.  Cause: org.postgresql.util.PSQLException: ERROR: relation "public.ecos_runtime_audit_retry" does not exist
  位置：256
### The error may exist in com/chinacreator/gzcm/runtime/audit/mapper/AuditRetryMapper.java (best guess)
### The error may involve com.chinacreator.gzcm.runtime.audit.mapper.AuditRetryMapper.listDue-Inline
### The error occurred while setting parameters
### SQL: SELECT id, event_type AS eventType, payload, attempts, next_retry_at AS nextRetryAt, last_error AS lastError, status, trace_id AS traceId, create_time AS createTime, update_time AS updateTime, version_no AS versionNo, is_deleted AS isDeleted, domain FROM public.ecos_runtime_audit_retry WHERE is_deleted = 0 AND status = 'pending' AND next_retry_at <= ? ORDER BY next_retry_at ASC LIMIT ?
### Cause: org.postgresql.util.PSQLException: ERROR: relation "public.ecos_runtime_audit_retry" does not exist
  位置：256
; bad SQL grammar []
2026-10-10 13:49:57.851 [scheduling-1] [] WARN  c.c.g.runtime.audit.AuditRetryTask - [AuditRetry] 到期行拉取失败（表缺失/DB 不可用）errType=BadSqlGrammarException msg=
### Error querying database.  Cause: org.postgresql.util.PSQLException: ERROR: relation "public.ecos_runtime_audit_retry" does not exist
  位置：256
### The error may exist in com/chinacreator/gzcm/runtime/audit/mapper/AuditRetryMapper.java (best guess)
### The error may involve com.chinacreator.gzcm.runtime.audit.mapper.AuditRetryMapper.listDue-Inline
### The error occurred while setting parameters
### SQL: SELECT id, event_type AS eventType, payload, attempts, next_retry_at AS nextRetryAt, last_error AS lastError, status, trace_id AS traceId, create_time AS createTime, update_time AS updateTime, version_no AS versionNo, is_deleted AS isDeleted, domain FROM public.ecos_runtime_audit_retry WHERE is_deleted = 0 AND status = 'pending' AND next_retry_at <= ? ORDER BY next_retry_at ASC LIMIT ?
### Cause: org.postgresql.util.PSQLException: ERROR: relation "public.ecos_runtime_audit_retry" does not exist
  位置：256
; bad SQL grammar []
2026-10-10 13:50:57.858 [scheduling-1] [] WARN  c.c.g.runtime.audit.AuditRetryTask - [AuditRetry] 到期行拉取失败（表缺失/DB 不可用）errType=BadSqlGrammarException msg=
### Error querying database.  Cause: org.postgresql.util.PSQLException: ERROR: relation "public.ecos_runtime_audit_retry" does not exist
  位置：256
### The error may exist in com/chinacreator/gzcm/runtime/audit/mapper/AuditRetryMapper.java (best guess)
### The error may involve com.chinacreator.gzcm.runtime.audit.mapper.AuditRetryMapper.listDue-Inline
### The error occurred while setting parameters
### SQL: SELECT id, event_type AS eventType, payload, attempts, next_retry_at AS nextRetryAt, last_error AS lastError, status, trace_id AS traceId, create_time AS createTime, update_time AS updateTime, version_no AS versionNo, is_deleted AS isDeleted, domain FROM public.ecos_runtime_audit_retry WHERE is_deleted = 0 AND status = 'pending' AND next_retry_at <= ? ORDER BY next_retry_at ASC LIMIT ?
### Cause: org.postgresql.util.PSQLException: ERROR: relation "public.ecos_runtime_audit_retry" does not exist
  位置：256
; bad SQL grammar []
2026-10-10 13:51:05.823 [pool-3-thread-3] [] INFO  c.c.g.r.c.t.s.i.TaskManagementServiceImpl - 任务已提交: taskId=45d5a9a1-d135-4b1a-b6ff-a17aa6e38dc7, taskName=cognitive-mental-scan
2026-10-10 13:51:05.824 [pool-3-thread-3] [] INFO  c.c.g.r.c.t.s.i.TaskManagementServiceImpl - 任务已解析: taskId=45d5a9a1-d135-4b1a-b6ff-a17aa6e38dc7
2026-10-10 13:51:05.842 [pool-3-thread-3] [] INFO  c.c.g.e.c.s.mental.MentalScanTask - PMO-59 心智层补算一代完成: scanned=5 invalidated=0
2026-10-10 13:51:05.843 [pool-3-thread-3] [] INFO  c.c.g.r.c.t.s.i.TaskManagementServiceImpl - 任务执行完成: taskId=45d5a9a1-d135-4b1a-b6ff-a17aa6e38dc7, status=SUCCEEDED
2026-10-10 13:51:05.843 [pool-3-thread-3] [] INFO  c.c.g.r.c.t.s.TaskSchedulerServiceImpl - 定时任务已提交执行 taskId=45d5a9a1-d135-4b1a-b6ff-a17aa6e38dc7 taskType=COGNITIVE_MENTAL_SCAN scheduleId=dc737701-a903-4de9-be3b-8e52b81df940
2026-10-10 13:51:57.885 [scheduling-1] [] WARN  c.c.g.runtime.audit.AuditRetryTask - [AuditRetry] 到期行拉取失败（表缺失/DB 不可用）errType=BadSqlGrammarException msg=
### Error querying database.  Cause: org.postgresql.util.PSQLException: ERROR: relation "public.ecos_runtime_audit_retry" does not exist
  位置：256
### The error may exist in com/chinacreator/gzcm/runtime/audit/mapper/AuditRetryMapper.java (best guess)
### The error may involve com.chinacreator.gzcm.runtime.audit.mapper.AuditRetryMapper.listDue-Inline
### The error occurred while setting parameters
### SQL: SELECT id, event_type AS eventType, payload, attempts, next_retry_at AS nextRetryAt, last_error AS lastError, status, trace_id AS traceId, create_time AS createTime, update_time AS updateTime, version_no AS versionNo, is_deleted AS isDeleted, domain FROM public.ecos_runtime_audit_retry WHERE is_deleted = 0 AND status = 'pending' AND next_retry_at <= ? ORDER BY next_retry_at ASC LIMIT ?
### Cause: org.postgresql.util.PSQLException: ERROR: relation "public.ecos_runtime_audit_retry" does not exist
  位置：256
; bad SQL grammar []
2026-10-10 13:52:25.522 [scheduling-1] [] WARN  c.c.gzcm.runtime.dlq.DltLagChecker - [DltLagChecker] AdminClient 创建失败 errType=KafkaException msg=Failed to create new KafkaAdminClient
2026-10-10 13:52:25.523 [scheduling-1] [] WARN  c.c.gzcm.runtime.dlq.DltLagChecker - [DltLagChecker] AdminClient 不可用（bootstrap=localhost:9092），本轮降级跳过
2026-10-10 13:52:57.905 [scheduling-1] [] WARN  c.c.g.runtime.audit.AuditRetryTask - [AuditRetry] 到期行拉取失败（表缺失/DB 不可用）errType=BadSqlGrammarException msg=
### Error querying database.  Cause: org.postgresql.util.PSQLException: ERROR: relation "public.ecos_runtime_audit_retry" does not exist
  位置：256
### The error may exist in com/chinacreator/gzcm/runtime/audit/mapper/AuditRetryMapper.java (best guess)
### The error may involve com.chinacreator.gzcm.runtime.audit.mapper.AuditRetryMapper.listDue-Inline
### The error occurred while setting parameters
### SQL: SELECT id, event_type AS eventType, payload, attempts, next_retry_at AS nextRetryAt, last_error AS lastError, status, trace_id AS traceId, create_time AS createTime, update_time AS updateTime, version_no AS versionNo, is_deleted AS isDeleted, domain FROM public.ecos_runtime_audit_retry WHERE is_deleted = 0 AND status = 'pending' AND next_retry_at <= ? ORDER BY next_retry_at ASC LIMIT ?
### Cause: org.postgresql.util.PSQLException: ERROR: relation "public.ecos_runtime_audit_retry" does not exist
  位置：256
; bad SQL grammar []
2026-10-10 13:53:57.921 [scheduling-1] [] WARN  c.c.g.runtime.audit.AuditRetryTask - [AuditRetry] 到期行拉取失败（表缺失/DB 不可用）errType=BadSqlGrammarException msg=
### Error querying database.  Cause: org.postgresql.util.PSQLException: ERROR: relation "public.ecos_runtime_audit_retry" does not exist
  位置：256
### The error may exist in com/chinacreator/gzcm/runtime/audit/mapper/AuditRetryMapper.java (best guess)
### The error may involve com.chinacreator.gzcm.runtime.audit.mapper.AuditRetryMapper.listDue-Inline
### The error occurred while setting parameters
### SQL: SELECT id, event_type AS eventType, payload, attempts, next_retry_at AS nextRetryAt, last_error AS lastError, status, trace_id AS traceId, create_time AS createTime, update_time AS updateTime, version_no AS versionNo, is_deleted AS isDeleted, domain FROM public.ecos_runtime_audit_retry WHERE is_deleted = 0 AND status = 'pending' AND next_retry_at <= ? ORDER BY next_retry_at ASC LIMIT ?
### Cause: org.postgresql.util.PSQLException: ERROR: relation "public.ecos_runtime_audit_retry" does not exist
  位置：256
; bad SQL grammar []
2026-10-10 13:54:57.939 [scheduling-1] [] WARN  c.c.g.runtime.audit.AuditRetryTask - [AuditRetry] 到期行拉取失败（表缺失/DB 不可用）errType=BadSqlGrammarException msg=
### Error querying database.  Cause: org.postgresql.util.PSQLException: ERROR: relation "public.ecos_runtime_audit_retry" does not exist
  位置：256
### The error may exist in com/chinacreator/gzcm/runtime/audit/mapper/AuditRetryMapper.java (best guess)
### The error may involve com.chinacreator.gzcm.runtime.audit.mapper.AuditRetryMapper.listDue-Inline
### The error occurred while setting parameters
### SQL: SELECT id, event_type AS eventType, payload, attempts, next_retry_at AS nextRetryAt, last_error AS lastError, status, trace_id AS traceId, create_time AS createTime, update_time AS updateTime, version_no AS versionNo, is_deleted AS isDeleted, domain FROM public.ecos_runtime_audit_retry WHERE is_deleted = 0 AND status = 'pending' AND next_retry_at <= ? ORDER BY next_retry_at ASC LIMIT ?
### Cause: org.postgresql.util.PSQLException: ERROR: relation "public.ecos_runtime_audit_retry" does not exist
  位置：256
; bad SQL grammar []
2026-10-10 13:55:57.950 [scheduling-1] [] WARN  c.c.g.runtime.audit.AuditRetryTask - [AuditRetry] 到期行拉取失败（表缺失/DB 不可用）errType=BadSqlGrammarException msg=
### Error querying database.  Cause: org.postgresql.util.PSQLException: ERROR: relation "public.ecos_runtime_audit_retry" does not exist
  位置：256
### The error may exist in com/chinacreator/gzcm/runtime/audit/mapper/AuditRetryMapper.java (best guess)
### The error may involve com.chinacreator.gzcm.runtime.audit.mapper.AuditRetryMapper.listDue-Inline
### The error occurred while setting parameters
### SQL: SELECT id, event_type AS eventType, payload, attempts, next_retry_at AS nextRetryAt, last_error AS lastError, status, trace_id AS traceId, create_time AS createTime, update_time AS updateTime, version_no AS versionNo, is_deleted AS isDeleted, domain FROM public.ecos_runtime_audit_retry WHERE is_deleted = 0 AND status = 'pending' AND next_retry_at <= ? ORDER BY next_retry_at ASC LIMIT ?
### Cause: org.postgresql.util.PSQLException: ERROR: relation "public.ecos_runtime_audit_retry" does not exist
  位置：256
; bad SQL grammar []
2026-10-10 13:56:57.963 [scheduling-1] [] WARN  c.c.g.runtime.audit.AuditRetryTask - [AuditRetry] 到期行拉取失败（表缺失/DB 不可用）errType=BadSqlGrammarException msg=
### Error querying database.  Cause: org.postgresql.util.PSQLException: ERROR: relation "public.ecos_runtime_audit_retry" does not exist
  位置：256
### The error may exist in com/chinacreator/gzcm/runtime/audit/mapper/AuditRetryMapper.java (best guess)
### The error may involve com.chinacreator.gzcm.runtime.audit.mapper.AuditRetryMapper.listDue-Inline
### The error occurred while setting parameters
### SQL: SELECT id, event_type AS eventType, payload, attempts, next_retry_at AS nextRetryAt, last_error AS lastError, status, trace_id AS traceId, create_time AS createTime, update_time AS updateTime, version_no AS versionNo, is_deleted AS isDeleted, domain FROM public.ecos_runtime_audit_retry WHERE is_deleted = 0 AND status = 'pending' AND next_retry_at <= ? ORDER BY next_retry_at ASC LIMIT ?
### Cause: org.postgresql.util.PSQLException: ERROR: relation "public.ecos_runtime_audit_retry" does not exist
  位置：256
; bad SQL grammar []
